run-logos-standalone-ui: hot-reloading QML from <repo>/src/qml
  (export DEV_QML_PATH to override, or LOGOS_QML_HOT_RELOAD=0 to disable)
Session directory: "~/Library/Application Support/Logos/LogosStandalone"
[2026-10-06 14:09:42.839] [info] [logos] Granting host services to 'capability_module': token_registry,token_delivery
[2026-10-06 14:09:42.865] [out] [capability_module] [2026-10-06 14:09:42.865] [info] Granting host services to capability_module: ["token_registry","token_delivery"]
RemoteTransportConnection: Connecting to registry: "local:logos_capability_module_da8a29c30290" at "14:09:42.866"
RemoteTransportConnection: Registry connect attempt started (no peer contact yet): "local:logos_capability_module_da8a29c30290"
LogosAPIConsumer: Informing module token for module: "capability_module" with token: "redacted:d3692e5f…"
RemoteTransportConnection: Requesting object: "capability_module" at "14:09:42.866"
[LogosObject] RemoteTransportConnection: returning RemoteLogosObject for: "capability_module"
[LogosObject] Created RemoteLogosObject wrapping QRemoteObjectReplica 105553176748544
[LogosObject] LogosAPIConsumer: calling LogosObject::informModuleToken for "capability_module"
LogosAPIConsumer: informModuleToken completed with result: true
[LogosObject] Destroying RemoteLogosObject 0
[2026-10-06 14:09:42.889] [info] [logos] Module loaded: capability_module
LogosAPIConsumer: Informing module token for module: "modules_state" with token: "redacted:1fdd17ce…"
RemoteTransportConnection: Requesting object: "capability_module" at "14:09:42.916"
[LogosObject] RemoteTransportConnection: returning RemoteLogosObject for: "capability_module"
[LogosObject] Created RemoteLogosObject wrapping QRemoteObjectReplica 105553176785760
[LogosObject] LogosAPIConsumer: calling LogosObject::informModuleToken for "modules_state"
LogosAPIConsumer: informModuleToken completed with result: true
[LogosObject] Destroying RemoteLogosObject 0
[2026-10-06 14:09:42.917] [info] [logos] Module loaded: modules_state
RemoteTransportConnection: Connecting to registry: "local:logos_modules_state_da8a29c30290" at "14:09:42.918"
RemoteTransportConnection: Registry connect attempt started (no peer contact yet): "local:logos_modules_state_da8a29c30290"
RemoteTransportConnection: Connecting to registry: "local:logos_capability_module_da8a29c30290" at "14:09:42.918"
RemoteTransportConnection: Registry connect attempt started (no peer contact yet): "local:logos_capability_module_da8a29c30290"
LogosAPIConsumer: '"modules_state"::""' deferred pending the module becoming reachable
LogosAPIConsumer: '"modules_state"::""' deferred pending the module becoming reachable
Logos Core started (modules dir: "/nix/store/4v2cj5cr5dlsjb9cl0blr0cds0qf07iv-logos-forum_module-plugin-dir-modules" )
Set app icon from metadata: "/nix/store/2cf2rignr2kkmi3zdzsjhi0v9v7mcv58-logos-forum_module-plugin-dir/src/icons/icon.png"
[2026-10-06 14:09:42.953] [info] [logos] [delivery_module] DeliveryModuleImpl: Initializing...
LogosAPIConsumer: Informing module token for module: "delivery_module" with token: "redacted:8d6ec914…"
RemoteTransportConnection: Requesting object: "capability_module" at "14:09:42.954"
[LogosObject] RemoteTransportConnection: returning RemoteLogosObject for: "capability_module"
[LogosObject] Created RemoteLogosObject wrapping QRemoteObjectReplica 105553176808000
[LogosObject] LogosAPIConsumer: calling LogosObject::informModuleToken for "delivery_module"
LogosAPIConsumer: informModuleToken completed with result: true
[LogosObject] Destroying RemoteLogosObject 0
[2026-10-06 14:09:42.954] [info] [logos] Module loaded: delivery_module
RemoteTransportConnection: Connecting to registry: "local:logos_delivery_module_da8a29c30290" at "14:09:42.955"
RemoteTransportConnection: Registry connect attempt started (no peer contact yet): "local:logos_delivery_module_da8a29c30290"
RemoteTransportConnection: Connecting to registry: "local:logos_capability_module_da8a29c30290" at "14:09:42.955"
RemoteTransportConnection: Registry connect attempt started (no peer contact yet): "local:logos_capability_module_da8a29c30290"
LogosAPIConsumer: '"delivery_module"::""' deferred pending the module becoming reachable
LogosAPIClient: getToken for module: "modules_state"
LogosAPIClient: Found token for module: "modules_state"
RemoteTransportConnection: Requesting object: "modules_state" at "14:09:42.955"
[LogosObject] RemoteTransportConnection: returning RemoteLogosObject for: "modules_state"
[LogosObject] Created RemoteLogosObject wrapping QRemoteObjectReplica 105553176691040
[LogosObject] LogosAPIConsumer: async calling via LogosObject::callMethodAsync "note_transition"
[LogosObject] RemoteLogosObject::callMethodAsync "note_transition" args: 7
LogosAPIClient: getToken for module: "modules_state"
LogosAPIClient: Found token for module: "modules_state"
[LogosObject] LogosAPIConsumer: async calling via LogosObject::callMethodAsync "note_transition"
[LogosObject] RemoteLogosObject::callMethodAsync "note_transition" args: 7
Loaded dependency (with transitive deps): "delivery_module"
[2026-10-06 14:09:42.982] [info] [logos] [storage_module] StorageModuleImpl: Initializing...
LogosAPIConsumer: Informing module token for module: "storage_module" with token: "redacted:b117f690…"
RemoteTransportConnection: Requesting object: "capability_module" at "14:09:42.983"
[LogosObject] Created RemoteLogosObject wrapping QRemoteObjectReplica 105553176748704
LogosAPIClient: invoking remote method "modules_state" "apply_snapshot" args_count: 1
LogosAPIClient: getToken for module: "modules_state"
LogosAPIClient: Found token for module: "modules_state"
LogosAPIConsumer: Calling invokeRemoteMethod: "modules_state" "apply_snapshot" args_count: 1 timeout: 20000
[LogosObject] LogosAPIConsumer: calling via LogosObject::callMethod "apply_snapshot"
[LogosObject] RemoteLogosObject::callMethod "apply_snapshot" args: 1
[LogosObject] Created RemoteLogosObject wrapping QRemoteObjectReplica 105553176690784
LogosAPIClient: getToken for module: "modules_state"
LogosAPIClient: Found token for module: "modules_state"
[LogosObject] LogosAPIConsumer: async calling via LogosObject::callMethodAsync "note_transition"
[LogosObject] RemoteLogosObject::callMethodAsync "note_transition" args: 7
LogosAPIClient: getToken for module: "modules_state"
LogosAPIClient: Found token for module: "modules_state"
[LogosObject] LogosAPIConsumer: async calling via LogosObject::callMethodAsync "note_transition"
[LogosObject] RemoteLogosObject::callMethodAsync "note_transition" args: 7
[2026-10-06 14:09:42.983] [info] [logos] Pushed module snapshot to modules_state
LogosAPIClient: getToken for module: "modules_state"
LogosAPIClient: Found token for module: "modules_state"
[LogosObject] LogosAPIConsumer: async calling via LogosObject::callMethodAsync "note_transition"
[LogosObject] RemoteLogosObject::callMethodAsync "note_transition" args: 7
[LogosObject] RemoteTransportConnection: returning RemoteLogosObject for: "capability_module"
[LogosObject] Created RemoteLogosObject wrapping QRemoteObjectReplica 105553176635136
[LogosObject] LogosAPIConsumer: calling LogosObject::informModuleToken for "storage_module"
LogosAPIConsumer: informModuleToken completed with result: true
[LogosObject] Destroying RemoteLogosObject 0
[2026-10-06 14:09:42.983] [info] [logos] Module loaded: storage_module
RemoteTransportConnection: Connecting to registry: "local:logos_storage_module_da8a29c30290" at "14:09:42.984"
RemoteTransportConnection: Registry connect attempt started (no peer contact yet): "local:logos_storage_module_da8a29c30290"
RemoteTransportConnection: Connecting to registry: "local:logos_capability_module_da8a29c30290" at "14:09:42.984"
RemoteTransportConnection: Registry connect attempt started (no peer contact yet): "local:logos_capability_module_da8a29c30290"
LogosAPIConsumer: '"storage_module"::""' deferred pending the module becoming reachable
LogosAPIClient: getToken for module: "modules_state"
LogosAPIClient: Found token for module: "modules_state"
[LogosObject] LogosAPIConsumer: async calling via LogosObject::callMethodAsync "note_transition"
[LogosObject] RemoteLogosObject::callMethodAsync "note_transition" args: 7
Loaded dependency (with transitive deps): "storage_module"
DEV_QML_PATH override active: <repo>/src/qml/Main.qml
RemoteTransportConnection: Connecting to registry: "local:logos_capability_module_da8a29c30290" at "14:09:42.984"
RemoteTransportConnection: Registry connect attempt started (no peer contact yet): "local:logos_capability_module_da8a29c30290"
LogosAPIConsumer: Informing module token for module: "forum_module" with token: "redacted:ea1d8b48…"
RemoteTransportConnection: Requesting object: "capability_module" at "14:09:42.984"
[LogosObject] RemoteTransportConnection: returning RemoteLogosObject for: "capability_module"
[LogosObject] Created RemoteLogosObject wrapping QRemoteObjectReplica 105553176710944
[LogosObject] LogosAPIConsumer: calling LogosObject::informModuleToken for "forum_module"
[LogosObject] Created RemoteLogosObject wrapping QRemoteObjectReplica 105553176713376
LogosAPIClient: getToken for module: "modules_state"
LogosAPIClient: Found token for module: "modules_state"
[LogosObject] LogosAPIConsumer: async calling via LogosObject::callMethodAsync "note_transition"
[LogosObject] RemoteLogosObject::callMethodAsync "note_transition" args: 7
LogosAPIConsumer: informModuleToken completed with result: true
[LogosObject] Destroying RemoteLogosObject 0
Loaded UI plugin: "/nix/store/2cf2rignr2kkmi3zdzsjhi0v9v7mcv58-logos-forum_module-plugin-dir"
[QmlInspector] Inspector server listening on port 3768
[QmlInspector] Client connected from "::1"
[2026-10-06 14:09:50.783] [warning] [logos] [capability_module] Warning: QObject::connect: No such signal ::eventResponse(QString,QVariantList)
[2026-10-06 14:09:50.783] [info] [logos] [delivery_module] DeliveryModuleImpl::getNodeInfo called with nodeInfoId: MyPeerId
[2026-10-06 14:09:50.783] [info] [logos] [delivery_module] DeliveryModuleImpl: Cannot get node info - context not initialized. Call createNode first.
[2026-10-06 14:09:50.783] [info] [logos] [delivery_module] DeliveryModuleImpl::createNode called
[2026-10-06 14:09:50.789] [info] [logos] [delivery_module] DeliveryModuleImpl: Waiting for createNode callback...
[2026-10-06 14:09:50.790] [out] [delivery_module] DBG 2026-10-06 14:09:50.790+02:00 Whether to mount storeSync is not specified, defaulting to not mounting topics="waku conf builder" tid=17249915
[2026-10-06 14:09:50.790] [out] [delivery_module] NTC 2026-10-06 14:09:50.790+02:00 No node key provided, generated a new one; identity will not persist across restarts topics="waku conf builder" tid=17249915
[2026-10-06 14:09:50.790] [out] [delivery_module] INF 2026-10-06 14:09:50.790+02:00 Sharding configuration:                    topics="waku conf builder" tid=17249915 shardingConf="(kind: AutoSharding, numShardsInCluster: 8)" subscribeShards="@[0, 1, 2, 3, 4, 5, 6, 7]"
[2026-10-06 14:09:50.790] [out] [delivery_module] INF 2026-10-06 14:09:50.790+02:00 Configuration: Enabled protocols           topics="waku conf" tid=17249915 relay=true rlnRelay=false store=false filter=true lightPush=true peerExchange=true rendezvous=true
[2026-10-06 14:09:50.790] [out] [delivery_module] INF 2026-10-06 14:09:50.790+02:00 Configuration. Network                     topics="waku conf" tid=17249915 cluster=3
[2026-10-06 14:09:50.790] [out] [delivery_module] DBG 2026-10-06 14:09:50.790+02:00 Configuration. Active Relay Shards         topics="waku conf" tid=17249915 shard=0
[2026-10-06 14:09:50.790] [out] [delivery_module] DBG 2026-10-06 14:09:50.790+02:00 Configuration. Active Relay Shards         topics="waku conf" tid=17249915 shard=1
[2026-10-06 14:09:50.790] [out] [delivery_module] DBG 2026-10-06 14:09:50.790+02:00 Configuration. Active Relay Shards         topics="waku conf" tid=17249915 shard=2
[2026-10-06 14:09:50.790] [out] [delivery_module] DBG 2026-10-06 14:09:50.790+02:00 Configuration. Active Relay Shards         topics="waku conf" tid=17249915 shard=3
[2026-10-06 14:09:50.790] [out] [delivery_module] DBG 2026-10-06 14:09:50.790+02:00 Configuration. Active Relay Shards         topics="waku conf" tid=17249915 shard=4
[2026-10-06 14:09:50.790] [out] [delivery_module] DBG 2026-10-06 14:09:50.790+02:00 Configuration. Active Relay Shards         topics="waku conf" tid=17249915 shard=5
[2026-10-06 14:09:50.790] [out] [delivery_module] DBG 2026-10-06 14:09:50.790+02:00 Configuration. Active Relay Shards         topics="waku conf" tid=17249915 shard=6
[2026-10-06 14:09:50.790] [out] [delivery_module] DBG 2026-10-06 14:09:50.790+02:00 Configuration. Active Relay Shards         topics="waku conf" tid=17249915 shard=7
[2026-10-06 14:09:50.790] [out] [delivery_module] INF 2026-10-06 14:09:50.790+02:00 Setting up storage                         tid=17249915
[2026-10-06 14:09:50.790] [out] [delivery_module] INF 2026-10-06 14:09:50.790+02:00 Initializing node                          tid=17249915
[2026-10-06 14:09:50.790] [out] [delivery_module] DBG 2026-10-06 14:09:50.790+02:00 Setting up NATService                      topics="libp2p natservice" tid=17249915 portMapping=true reachability=false holePunching=false
[2026-10-06 14:09:50.790] [out] [delivery_module] INF 2026-10-06 14:09:50.790+02:00 Initializing networking                    tid=17249915 addrs="@[/ip4/0.0.0.0/tcp/0, /ip4/0.0.0.0/udp/0/quic-v1]"
[2026-10-06 14:09:50.790] [out] [delivery_module] INF 2026-10-06 14:09:50.790+02:00 Mounting protocols                         tid=17249915
[2026-10-06 14:09:50.791] [out] [delivery_module] INF 2026-10-06 14:09:50.790+02:00 Created WakuMetadata protocol              topics="waku node" tid=17249915 clusterId=3 shards="[0, 1, 2, 3, 4, 5, 6, 7]"
[2026-10-06 14:09:50.791] [out] [delivery_module] INF 2026-10-06 14:09:50.791+02:00 Mounting mix protocol                      topics="waku node" tid=17249915INF 2026-10-06 14:09:50.791+02:00 node info                                  topics="waku node" tid=17249915 wakuInfo="(listenAddresses: [/ip4/0.0.0.0/tcp/0/p2p/16Uiu2HAkvj4Pd3uNLjAUqmySs4rNqVe9KhZsX9toFdKv71B3TT6o, /ip4/0.0.0.0/udp/0/quic-v1/p2p/16Uiu2HAkvj4Pd3uNLjAUqmySs4rNqVe9KhZsX9toFdKv71B3TT6o], enrUri: enr:-JO4QAbQxjcdkiDlsBEwsfM87EfXKBqImWMACa5f2mixGSAlbEQuEC-Kc9Rklk5vT5Gz0XlDEBSX9ZDNJWoNl7nXw6IBgmlkgnY0gnJzkwADCAAAAAEAAgADAAQABQAGAAeJc2VjcDI1NmsxoQITT-aUU282tNaAf9-DILYLvGByI79zs7g3FA6-hCoZaIV3YWt1Mi0, mixPubKey: none())"
[2026-10-06 14:09:50.791] [out] [delivery_module]  nodeId="(listenAddresses: [/ip4/0.0.0.0/tcp/0/p2p/16Uiu2HAkvj4Pd3uNLjAUqmySs4rNqVe9KhZsX9toFdKv71B3TT6o, /ip4/0.0.0.0/udp/0/quic-v1/p2p/16Uiu2HAkvj4Pd3uNLjAUqmySs4rNqVe9KhZsX9toFdKv71B3TT6o], enrUri: enr:-JO4QAbQxjcdkiDlsBEwsfM87EfXKBqImWMACa5f2mixGSAlbEQuEC-Kc9Rklk5vT5Gz0XlDEBSX9ZDNJWoNl7nXw6IBgmlkgnY0gnJzkwADCAAAAAEAAgADAAQABQAGAAeJc2VjcDI1NmsxoQITT-aUU282tNaAf9-DILYLvGByI79zs7g3FA6-hCoZaIV3YWt1Mi0, mixPubKey: none())"
[2026-10-06 14:09:50.791] [out] [delivery_module] INF 2026-10-06 14:09:50.791+02:00 local addr                                 topics="waku node" tid=17249915 localaddr=/ip4/0.0.0.0/tcp/0
[2026-10-06 14:09:50.791] [out] [delivery_module] INF 2026-10-06 14:09:50.791+02:00 mixPubKey                                  topics="waku node" tid=17249915 mixPubKey="[54, 139, 247, 116, 162, 210, 86, 45, 53, 142, 196, 82, 87, 31, 59, 38, 226, 81, 187, 99, 94, 156, 126, 210, 102, 85, 119, 0, 26, 195, 145, 102]"
[2026-10-06 14:09:50.791] [out] [delivery_module] INF 2026-10-06 14:09:50.791+02:00 Using mix bootstrap nodes                  topics="waku mix" tid=17249915 entries=0 poolSize=0
[2026-10-06 14:09:50.791] [out] [delivery_module] INF 2026-10-06 14:09:50.791+02:00 Mix cannot publish yet, waiting for more mix nodes topics="waku node" tid=17249915 poolSize=0 required=4
[2026-10-06 14:09:50.791] [out] [delivery_module] INF 2026-10-06 14:09:50.791+02:00 mounting store client                      topics="waku node store api" tid=17249915
[2026-10-06 14:09:50.791] [out] [delivery_module] INF 2026-10-06 14:09:50.791+02:00 Mounting auto sharding                     topics="waku node" tid=17249915 clusterId=3 shardCount=8
[2026-10-06 14:09:50.791] [out] [delivery_module] DBG 2026-10-06 14:09:50.791+02:00 Shards created from content topics         tid=17249915 contentTopics=[] shards=[]
[2026-10-06 14:09:50.791] [out] [delivery_module] DBG 2026-10-06 14:09:50.791+02:00 Setting max message size                   tid=17249915 num_bytes=153600
[2026-10-06 14:09:50.791] [out] [delivery_module] INF 2026-10-06 14:09:50.791+02:00 mounting relay protocol                    topics="waku node relay api" tid=17249915
[2026-10-06 14:09:50.791] [out] [delivery_module] DBG 2026-10-06 14:09:50.791+02:00 relay mounted successfully                 topics="waku node relay api" tid=17249915
[2026-10-06 14:09:50.791] [out] [delivery_module] DBG 2026-10-06 14:09:50.791+02:00 Adding validator to signed shards          tid=17249915 protectedShards=[] clusterId=3
[2026-10-06 14:09:50.791] [out] [delivery_module] INF 2026-10-06 14:09:50.791+02:00 Mounting rendezvous discovery protocol     topics="waku node" tid=17249915
[2026-10-06 14:09:50.791] [out] [delivery_module] INF 2026-10-06 14:09:50.791+02:00 Waku rendezvous initialized                topics="waku node" tid=17249915 clusterId=3 shards="[0, 1, 2, 3, 4, 5, 6, 7]" capabilities="[Relay, Filter, Lightpush, Mix]" wakuPeerRecord="(peerId: 16U*B3TT6o, seqNo: 1791288590, addresses: [/ip4/0.0.0.0/tcp/0, /ip4/0.0.0.0/udp/0/quic-v1], mixKey: 0x368bf774a2d2562d358ec452571f3b26e251bb635e9c7ed2665577001ac39166)"
[2026-10-06 14:09:50.791] [out] [delivery_module] INF 2026-10-06 14:09:50.791+02:00 Mounting rendezvous client                 topics="waku node" tid=17249915
[2026-10-06 14:09:50.791] [out] [delivery_module] INF 2026-10-06 14:09:50.791+02:00 Waku rendezvous client initialized         topics="waku node" tid=17249915 clusterId=3
[2026-10-06 14:09:50.791] [out] [delivery_module] INF 2026-10-06 14:09:50.791+02:00 mounting libp2p ping protocol              topics="waku node ping api" tid=17249915
[2026-10-06 14:09:50.791] [out] [delivery_module] INF 2026-10-06 14:09:50.791+02:00 mounting light push                        topics="waku node lightpush api" tid=17249915
[2026-10-06 14:09:50.791] [out] [delivery_module] INF 2026-10-06 14:09:50.791+02:00 mounting lightpush with relay              topics="waku node lightpush api" tid=17249915
[2026-10-06 14:09:50.792] [out] [delivery_module] DBG 2026-10-06 14:09:50.791+02:00 lightpush mounted successfully             topics="waku node lightpush api" tid=17249915
[2026-10-06 14:09:50.792] [out] [delivery_module] INF 2026-10-06 14:09:50.791+02:00 mounting legacy light push                 topics="waku node lightpush api" tid=17249915
[2026-10-06 14:09:50.792] [out] [delivery_module] INF 2026-10-06 14:09:50.791+02:00 mounting legacy lightpush with relay       topics="waku node lightpush api" tid=17249915
[2026-10-06 14:09:50.792] [out] [delivery_module] DBG 2026-10-06 14:09:50.791+02:00 legacy lightpush mounted successfully      topics="waku node lightpush api" tid=17249915
[2026-10-06 14:09:50.792] [out] [delivery_module] INF 2026-10-06 14:09:50.792+02:00 mounting light push client                 topics="waku node lightpush api" tid=17249915
[2026-10-06 14:09:50.792] [out] [delivery_module] INF 2026-10-06 14:09:50.792+02:00 mounting legacy light push client          topics="waku node lightpush api" tid=17249915
[2026-10-06 14:09:50.792] [out] [delivery_module] INF 2026-10-06 14:09:50.792+02:00 mounting filter protocol                   topics="waku node filter api" tid=17249915
[2026-10-06 14:09:50.792] [out] [delivery_module] INF 2026-10-06 14:09:50.792+02:00 Starting filter protocol                   topics="waku filter" tid=17249915
[2026-10-06 14:09:50.792] [out] [delivery_module] DBG 2026-10-06 14:09:50.792+02:00 Starting to maintain subscriptions         topics="waku filter" tid=17249915
[2026-10-06 14:09:50.792] [out] [delivery_module] DBG 2026-10-06 14:09:50.792+02:00 Maintaining subscriptions                  topics="waku filter" tid=17249915
[2026-10-06 14:09:50.792] [out] [delivery_module] DBG 2026-10-06 14:09:50.792+02:00 Cleanup                                    topics="waku filter subscriptions" tid=17249915 currentPeerIds=[]
[2026-10-06 14:09:50.792] [out] [delivery_module] DBG 2026-10-06 14:09:50.792+02:00 After cleanup                              topics="waku filter subscriptions" tid=17249915 currentPeerIds=[]
[2026-10-06 14:09:50.792] [out] [delivery_module] INF 2026-10-06 14:09:50.792+02:00 mounting filter client                     topics="waku node filter api" tid=17249915
[2026-10-06 14:09:50.792] [out] [delivery_module] INF 2026-10-06 14:09:50.792+02:00 mounting waku peer exchange                topics="waku node peerexchange api" tid=17249915
[2026-10-06 14:09:50.792] [out] [delivery_module] INF 2026-10-06 14:09:50.792+02:00 mounting waku peer exchange client         topics="waku node peerexchange api" tid=17249915
[2026-10-06 14:09:50.792] [out] [delivery_module] INF 2026-10-06 14:09:50.792+02:00 No external callbacks to be set            topics="wakunode waku" tid=17249915
[2026-10-06 14:09:50.792] [out] [delivery_module] INF 2026-10-06 14:09:50.792+02:00 Setting up AutonatService                  topics="libp2p autonatservice" tid=17249915
[2026-10-06 14:09:50.792] [info] [logos] [delivery_module] DeliveryModuleImpl::createNode callback called with ret: 0
[2026-10-06 14:09:50.793] [info] [logos] [delivery_module] DeliveryModuleImpl: Delivery context created successfully
[2026-10-06 14:09:50.793] [info] [logos] [delivery_module] DeliveryModuleImpl::start called
[2026-10-06 14:09:50.793] [out] [delivery_module] INF 2026-10-06 14:09:50.793+02:00 Retrieve dynamic bootstrap nodes           topics="wakunode waku" tid=17249915
[2026-10-06 14:09:50.793] [out] [delivery_module] INF 2026-10-06 14:09:50.793+02:00 Running nwaku node                         tid=17249915 version=v0.39.0-gca2814
[2026-10-06 14:09:50.793] [out] [delivery_module] INF 2026-10-06 14:09:50.793+02:00 Starting Waku node                         topics="waku node" tid=17249915 version=v0.39.0-gca2814
[2026-10-06 14:09:50.793] [out] [delivery_module] DBG 2026-10-06 14:09:50.793+02:00 Waku rendezvous periodic requests started  topics="waku rendezvous client" tid=17249915 interval=10s
[2026-10-06 14:09:50.793] [out] [delivery_module] INF 2026-10-06 14:09:50.793+02:00 Waku rendezvous client started             topics="waku rendezvous client" tid=17249915
[2026-10-06 14:09:50.793] [out] [delivery_module] DBG 2026-10-06 14:09:50.793+02:00 starting switch for peer                   topics="libp2p switch" tid=17249915 peerInfo="(peerId: 16Uiu2HAkvj4Pd3uNLjAUqmySs4rNqVe9KhZsX9toFdKv71B3TT6o, listenAddrs: [/ip4/0.0.0.0/tcp/0, /ip4/0.0.0.0/udp/0/quic-v1], addrs: [], protocols: [/ipfs/id/1.0.0, /libp2p/autonat/1.0.0, /libp2p/circuit/relay/0.2.0/hop, /vac/waku/metadata/1.0.0, /mix/1.0.0, /logos/service-discovery/1.0.0, /vac/waku/relay/2.0.0, /vac/waku/rendezvous/1.0.0, /ipfs/ping/1.0.0, /vac/waku/lightpush/3.0.0, /vac/waku/lightpush/2.0.0-beta1, /vac/waku/filter-subscribe/2.0.0-beta1, /vac/waku/filter-push/2.0.0-beta1, /vac/waku/peer-exchange/2.0.0-alpha1], protoVersion: ipfs/0.1.0, agentVersion: logos-delivery-v0.39.0-gca2814)"
[2026-10-06 14:09:50.793] [info] [logos] [delivery_module] DeliveryModuleImpl::getNodeInfo called with nodeInfoId: MyPeerId
[2026-10-06 14:09:50.793] [out] [delivery_module] DBG 2026-10-06 14:09:50.793+02:00 No private listen addresses to map; releasing any prior mappings topics="libp2p natservice" tid=17249915
[2026-10-06 14:09:50.794] [out] [delivery_module] DBG 2026-10-06 14:09:50.794+02:00 Configured QUIC UDP receive buffer         tid=17249915 requestedBytes=8388608 effectiveBytes=8388608
[2026-10-06 14:09:50.794] [out] [delivery_module] DBG 2026-10-06 14:09:50.794+02:00 About to accept incoming connection        topics="libp2p switch" tid=17249915
[2026-10-06 14:09:50.794] [out] [delivery_module] DBG 2026-10-06 14:09:50.794+02:00 About to accept incoming connection        topics="libp2p switch" tid=17249915
[2026-10-06 14:09:50.794] [out] [delivery_module] DBG 2026-10-06 14:09:50.794+02:00 No private listen addresses to map; releasing any prior mappings topics="libp2p natservice" tid=17249915
[2026-10-06 14:09:50.794] [out] [delivery_module] DBG 2026-10-06 14:09:50.794+02:00 Lookup query                               topics="kad-dht find" tid=17249915 peer=16U*T3UNSE
[2026-10-06 14:09:50.794] [out] [delivery_module] DBG 2026-10-06 14:09:50.794+02:00 Dialing peer                               topics="libp2p dialer" tid=17249915 peerId=16U*T3UNSE addrs="[/dns4/delivery-02.ac-cn-hongkong-c.logos.dev.status.im/tcp/30303]"
[2026-10-06 14:09:50.794] [out] [delivery_module] DBG 2026-10-06 14:09:50.794+02:00 resolved addresses                         topics="libp2p dialer" tid=17249915 originalAddresses=/dns4/delivery-02.ac-cn-hongkong-c.logos.dev.status.im/tcp/30303/p2p/16Uiu2HAkvwhGHKNry6LACrB8TmEFoCJKEX29XR5dDUzk3UT3UNSE resolvedAddresses="[/dns4/delivery-02.ac-cn-hongkong-c.logos.dev.status.im/tcp/30303/p2p/16Uiu2HAkvwhGHKNry6LACrB8TmEFoCJKEX29XR5dDUzk3UT3UNSE]"
[2026-10-06 14:09:50.794] [out] [delivery_module] DBG 2026-10-06 14:09:50.794+02:00 Lookup query                               topics="kad-dht find" tid=17249915 peer=16U*P1S397
[2026-10-06 14:09:50.794] [out] [delivery_module] DBG 2026-10-06 14:09:50.794+02:00 Dialing peer                               topics="libp2p dialer" tid=17249915 peerId=16U*P1S397 addrs="[/dns4/delivery-01.gc-us-central1-a.logos.dev.status.im/tcp/30303]"
[2026-10-06 14:09:50.794] [out] [delivery_module] DBG 2026-10-06 14:09:50.794+02:00 resolved addresses                         topics="libp2p dialer" tid=17249915 originalAddresses=/dns4/delivery-01.gc-us-central1-a.logos.dev.status.im/tcp/30303/p2p/16Uiu2HAm4S1JYkuzDKLKQvwgAhZKs9otxXqt8SCGtB4hoJP1S397 resolvedAddresses="[/dns4/delivery-01.gc-us-central1-a.logos.dev.status.im/tcp/30303/p2p/16Uiu2HAm4S1JYkuzDKLKQvwgAhZKs9otxXqt8SCGtB4hoJP1S397]"
[2026-10-06 14:09:50.794] [out] [delivery_module] DBG 2026-10-06 14:09:50.794+02:00 Lookup query                               topics="kad-dht find" tid=17249915 peer=16U*VpJprH
[2026-10-06 14:09:50.794] [out] [delivery_module] DBG 2026-10-06 14:09:50.794+02:00 Dialing peer                               topics="libp2p dialer" tid=17249915 peerId=16U*VpJprH addrs="[/dns4/delivery-02.do-ams3.logos.dev.status.im/tcp/30303]"
[2026-10-06 14:09:50.794] [out] [delivery_module] DBG 2026-10-06 14:09:50.794+02:00 resolved addresses                         topics="libp2p dialer" tid=17249915 originalAddresses=/dns4/delivery-02.do-ams3.logos.dev.status.im/tcp/30303/p2p/16Uiu2HAmMK7PYygBtKUQ8EHp7EfaD3bCEsJrkFooK8RQ2PVpJprH resolvedAddresses="[/dns4/delivery-02.do-ams3.logos.dev.status.im/tcp/30303/p2p/16Uiu2HAmMK7PYygBtKUQ8EHp7EfaD3bCEsJrkFooK8RQ2PVpJprH]"
[2026-10-06 14:09:50.795] [out] [delivery_module] DBG 2026-10-06 14:09:50.795+02:00 Lookup query                               topics="kad-dht find" tid=17249915 peer=16U*kGyuEP
[2026-10-06 14:09:50.795] [out] [delivery_module] DBG 2026-10-06 14:09:50.795+02:00 Dialing peer                               topics="libp2p dialer" tid=17249915 peerId=16U*kGyuEP addrs="[/dns4/delivery-01.ac-cn-hongkong-c.logos.dev.status.im/tcp/30303]"
[2026-10-06 14:09:50.795] [out] [delivery_module] DBG 2026-10-06 14:09:50.795+02:00 resolved addresses                         topics="libp2p dialer" tid=17249915 originalAddresses=/dns4/delivery-01.ac-cn-hongkong-c.logos.dev.status.im/tcp/30303/p2p/16Uiu2HAm8YokiNun9BkeA1ZRmhLbtNUvcwRr64F69tYj9fkGyuEP resolvedAddresses="[/dns4/delivery-01.ac-cn-hongkong-c.logos.dev.status.im/tcp/30303/p2p/16Uiu2HAm8YokiNun9BkeA1ZRmhLbtNUvcwRr64F69tYj9fkGyuEP]"
[2026-10-06 14:09:50.795] [out] [delivery_module] DBG 2026-10-06 14:09:50.795+02:00 Lookup query                               topics="kad-dht find" tid=17249915 peer=16U*NSkuby
[2026-10-06 14:09:50.795] [out] [delivery_module] DBG 2026-10-06 14:09:50.795+02:00 Dialing peer                               topics="libp2p dialer" tid=17249915 peerId=16U*NSkuby addrs="[/dns4/delivery-01.do-ams3.logos.dev.status.im/tcp/30303]"
[2026-10-06 14:09:50.795] [out] [delivery_module] DBG 2026-10-06 14:09:50.795+02:00 resolved addresses                         topics="libp2p dialer" tid=17249915 originalAddresses=/dns4/delivery-01.do-ams3.logos.dev.status.im/tcp/30303/p2p/16Uiu2HAmTUbnxLGT9JvV6mu9oPyDjqHK4Phs1VDJNUgESgNSkuby resolvedAddresses="[/dns4/delivery-01.do-ams3.logos.dev.status.im/tcp/30303/p2p/16Uiu2HAmTUbnxLGT9JvV6mu9oPyDjqHK4Phs1VDJNUgESgNSkuby]"
[2026-10-06 14:09:50.795] [out] [delivery_module] DBG 2026-10-06 14:09:50.795+02:00 Lookup query                               topics="kad-dht find" tid=17249915 peer=16U*TwqBiH
[2026-10-06 14:09:50.795] [out] [delivery_module] DBG 2026-10-06 14:09:50.795+02:00 Dialing peer                               topics="libp2p dialer" tid=17249915 peerId=16U*TwqBiH addrs="[/dns4/delivery-02.gc-us-central1-a.logos.dev.status.im/tcp/30303]"
[2026-10-06 14:09:50.795] [out] [delivery_module] DBG 2026-10-06 14:09:50.795+02:00 resolved addresses                         topics="libp2p dialer" tid=17249915 originalAddresses=/dns4/delivery-02.gc-us-central1-a.logos.dev.status.im/tcp/30303/p2p/16Uiu2HAm8Y9kgBNtjxvCnf1X6gnZJW5EGE4UwwCL3CCm55TwqBiH resolvedAddresses="[/dns4/delivery-02.gc-us-central1-a.logos.dev.status.im/tcp/30303/p2p/16Uiu2HAm8Y9kgBNtjxvCnf1X6gnZJW5EGE4UwwCL3CCm55TwqBiH]"
[2026-10-06 14:09:50.795] [out] [delivery_module] ERR 2026-10-06 14:09:50.795+02:00 Failed to create signed extended peer record topics="service-discovery" tid=17249915 error="no dialable address to publish yet"
[2026-10-06 14:09:50.795] [out] [delivery_module] INF 2026-10-06 14:09:50.795+02:00 Service Discovery started                  topics="service-discovery" tid=17249915
[2026-10-06 14:09:50.795] [out] [delivery_module] INF 2026-10-06 14:09:50.795+02:00 start                                      topics="waku relay" tid=17249915
[2026-10-06 14:09:50.795] [out] [delivery_module] DBG 2026-10-06 14:09:50.795+02:00 Waku rendezvous periodic registration started topics="waku rendezvous" tid=17249915 interval=10s
[2026-10-06 14:09:50.795] [out] [delivery_module] INF 2026-10-06 14:09:50.795+02:00 Waku rendezvous discovery started          topics="waku rendezvous" tid=17249915
[2026-10-06 14:09:50.795] [out] [delivery_module] DBG 2026-10-06 14:09:50.795+02:00 Started libp2p node                        topics="libp2p switch" tid=17249915 peer="(peerId: 16Uiu2HAkvj4Pd3uNLjAUqmySs4rNqVe9KhZsX9toFdKv71B3TT6o, listenAddrs: [/ip4/0.0.0.0/tcp/56336, /ip4/0.0.0.0/udp/53555/quic-v1], addrs: [/ip4/0.0.0.0/tcp/56336, /ip4/0.0.0.0/udp/53555/quic-v1], protocols: [/ipfs/id/1.0.0, /libp2p/autonat/1.0.0, /libp2p/circuit/relay/0.2.0/hop, /vac/waku/metadata/1.0.0, /mix/1.0.0, /logos/service-discovery/1.0.0, /vac/waku/relay/2.0.0, /vac/waku/rendezvous/1.0.0, /ipfs/ping/1.0.0, /vac/waku/lightpush/3.0.0, /vac/waku/lightpush/2.0.0-beta1, /vac/waku/filter-subscribe/2.0.0-beta1, /vac/waku/filter-push/2.0.0-beta1, /vac/waku/peer-exchange/2.0.0-alpha1], protoVersion: ipfs/0.1.0, agentVersion: logos-delivery-v0.39.0-gca2814)"
[2026-10-06 14:09:50.796] [out] [delivery_module] INF 2026-10-06 14:09:50.796+02:00 Announced base resolved                    topics="waku node" tid=17249915 addrs="@[/ip4/172.20.10.14/tcp/56336, /ip4/172.20.10.14/udp/53555/quic-v1]" explicit=@[]
[2026-10-06 14:09:50.797] [info] [logos] [delivery_module] DeliveryModuleImpl::subscribe called with contentTopic: /lp0026forum/1/general/text
[2026-10-06 14:09:50.797] [out] [delivery_module] DBG 2026-10-06 14:09:50.797+02:00 Subscribing to pubsub topic                topics="waku relay" tid=17249915 pubsubTopic=/waku/2/rs/3/7
[2026-10-06 14:09:50.797] [out] [delivery_module] DBG 2026-10-06 14:09:50.797+02:00 No mesh peer for the given pubsub topic    topics="waku relay" tid=17249915 pubsubTopic=/waku/2/rs/3/7
[2026-10-06 14:09:50.797] [info] [logos] [delivery_module] DeliveryModuleImpl: Subscribe completed for topic: /lp0026forum/1/general/text with success
[2026-10-06 14:09:52.799] [out] [delivery_module] WRN 2026-10-06 14:09:52.799+02:00 NAT port mapping failed                    topics="libp2p natservice" tid=17249915 port=56336 proto=mpTcp err="plum: mapping 0 failed"
[2026-10-06 14:09:54.801] [out] [delivery_module] WRN 2026-10-06 14:09:54.801+02:00 NAT port mapping failed                    topics="libp2p natservice" tid=17249915 port=53555 proto=mpUdp err="plum: mapping 0 failed"
[2026-10-06 14:09:54.801] [out] [delivery_module] INF 2026-10-06 14:09:54.801+02:00 Mix self hop set                           topics="waku node" tid=17249915 hop=/ip4/172.20.10.14/tcp/56336 before=/ip4/0.0.0.0/tcp/0
[2026-10-06 14:09:54.801] [out] [delivery_module] DBG 2026-10-06 14:09:54.801+02:00 ENR addresses updated                      topics="waku enr" tid=17249915 retained=0 total=0
[2026-10-06 14:09:54.802] [out] [delivery_module] DBG 2026-10-06 14:09:54.802+02:00 ENR addresses updated                      topics="waku enr" tid=17249915 retained=0 total=0
[2026-10-06 14:09:54.802] [out] [delivery_module] INF 2026-10-06 14:09:54.802+02:00 Random kademlia lookups disabled           topics="waku service discovery" tid=17249915
[2026-10-06 14:09:54.802] [out] [delivery_module] DBG 2026-10-06 14:09:54.802+02:00 Periodic service lookup started            topics="waku service discovery" tid=17249915 interval=1m services={}
[2026-10-06 14:09:54.802] [out] [delivery_module] INF 2026-10-06 14:09:54.802+02:00 Kademlia discovery started                 topics="waku service discovery" tid=17249915
[2026-10-06 14:09:54.802] [out] [delivery_module] INF 2026-10-06 14:09:54.802+02:00 Discovery ENR initialized                  topics="eth p2p discv5" tid=17249915 enrAutoUpdate=false seqNum=4 ip=none() tcpPort=none() udpPort=none() customEnrFields=@[] uri=enr:-Ka4QMlq4MENYynOGL1V03BUqgc3fgum6PHjl6M1wFRDaG5-GrEdpplTuPEg4I4mkFkgShA34Z_7zt4qA4H27Ho5sUsEgmlkgnY0im11bHRpYWRkcnOAgnJzkwADCAAAAAEAAgADAAQABQAGAAeJc2VjcDI1NmsxoQITT-aUU282tNaAf9-DILYLvGByI79zs7g3FA6-hCoZaIN0Y3CC3BCFd2FrdTIt
[2026-10-06 14:09:54.802] [out] [delivery_module] WRN 2026-10-06 14:09:54.802+02:00 No external IP provided for the ENR, this node will not be discoverable topics="eth p2p discv5" tid=17249915
[2026-10-06 14:09:54.802] [out] [delivery_module] DBG 2026-10-06 14:09:54.802+02:00 peer filtering updated                     topics="waku discv5" tid=17249915
[2026-10-06 14:09:54.802] [out] [delivery_module] INF 2026-10-06 14:09:54.802+02:00 Starting discovery v5 service              topics="waku discv5" tid=17249915
[2026-10-06 14:09:54.802] [out] [delivery_module] INF 2026-10-06 14:09:54.802+02:00 Start listening on udp port                topics="waku discv5" tid=17249915 address=0.0.0.0 port=54847
[2026-10-06 14:09:54.802] [out] [delivery_module] INF 2026-10-06 14:09:54.802+02:00 Starting discovery node                    topics="eth p2p discv5" tid=17249915 node=3b*4dbc12:unaddressable bindAddress=0.0.0.0:54847
[2026-10-06 14:09:54.802] [out] [delivery_module] DBG 2026-10-06 14:09:54.802+02:00 Total nodes in routing table after populate topics="eth p2p discv5" tid=17249915 total=0
[2026-10-06 14:09:54.802] [out] [delivery_module] DBG 2026-10-06 14:09:54.802+02:00 Starting discovery v5 search               topics="waku discv5" tid=17249915
[2026-10-06 14:09:54.802] [out] [delivery_module] DBG 2026-10-06 14:09:54.802+02:00 Successfully started discovery v5 service  topics="waku discv5" tid=17249915
[2026-10-06 14:09:54.802] [out] [delivery_module] INF 2026-10-06 14:09:54.802+02:00 Discv5: discoverable ENR                   topics="waku discv5" tid=17249915 enrUri=enr:-Ka4QMlq4MENYynOGL1V03BUqgc3fgum6PHjl6M1wFRDaG5-GrEdpplTuPEg4I4mkFkgShA34Z_7zt4qA4H27Ho5sUsEgmlkgnY0im11bHRpYWRkcnOAgnJzkwADCAAAAAEAAgADAAQABQAGAAeJc2VjcDI1NmsxoQITT-aUU282tNaAf9-DILYLvGByI79zs7g3FA6-hCoZaIN0Y3CC3BCFd2FrdTIt enr="(4, id: \"v4\", multiaddrs: 0x, rs: 0x00030800000001000200030004000500060007, secp256k1: 0x02134FE694536F36B4D6807FDF8320B60BBC607223BF73B3B837140EBE842A1968, tcp: 56336, waku2: 0x2D)"
[2026-10-06 14:09:54.802] [out] [delivery_module] INF 2026-10-06 14:09:54.802+02:00 Node started successfully                  topics="waku node" tid=17249915
[2026-10-06 14:09:54.803] [out] [delivery_module] DBG 2026-10-06 14:09:54.803+02:00 Publishing Signed XPR                      topics="service-discovery" tid=17249915 xpr="(envelope: (publicKey: secp256k1 key (04134fe694536f36b4d6807fdf8320b60bbc607223bf73b3b837140ebe842a19684a440a2af2614ec8e6bd2aa2a14cd1d3c1cf8de4d35f9904ff9591563d4972a8), payloadType: @[3, 1], payload: @[10, 39, 0, 37, 8, 2, 18, 33, 2, 19, 79, 230, 148, 83, 111, 54, 180, 214, 128, 127, 223, 131, 32, 182, 11, 188, 96, 114, 35, 191, 115, 179, 184, 55, 20, 14, 190, 132, 42, 25, 104, 16, 207, 196, 17, 26, 10, 10, 8, 4, 172, 20, 10, 14, 6, 220, 16, 26, 13, 10, 11, 4, 172, 20, 10, 14, 145, 2, 209, 51, 205, 3], signature: 30440220718813CFE9A8036F5DF2C31FDE9EB04A6B1CF1E1635E6300F15ED2D33317D2EE02202CDF16FEAFB700FA87C66A3954A71330BAA846D945FDFE91C70938FDC272BDB9), data: (peerId: 16Uiu2HAkvj4Pd3uNLjAUqmySs4rNqVe9KhZsX9toFdKv71B3TT6o, seqNo: 287311, addresses: @[(address: /ip4/172.20.10.14/tcp/56336), (address: /ip4/172.20.10.14/udp/53555/quic-v1)], services: @[]))"
[2026-10-06 14:09:54.803] [out] [delivery_module] DBG 2026-10-06 14:09:54.803+02:00 Lookup query                               topics="kad-dht find" tid=17249915 peer=16U*T3UNSE
[2026-10-06 14:09:54.803] [out] [delivery_module] DBG 2026-10-06 14:09:54.803+02:00 Lookup query                               topics="kad-dht find" tid=17249915 peer=16U*P1S397
[2026-10-06 14:09:54.803] [out] [delivery_module] DBG 2026-10-06 14:09:54.803+02:00 Lookup query                               topics="kad-dht find" tid=17249915 peer=16U*VpJprH
[2026-10-06 14:09:54.803] [out] [delivery_module] DBG 2026-10-06 14:09:54.803+02:00 Lookup query                               topics="kad-dht find" tid=17249915 peer=16U*kGyuEP
[2026-10-06 14:09:54.803] [out] [delivery_module] DBG 2026-10-06 14:09:54.803+02:00 Lookup query                               topics="kad-dht find" tid=17249915 peer=16U*NSkuby
[2026-10-06 14:09:54.803] [out] [delivery_module] DBG 2026-10-06 14:09:54.803+02:00 Lookup query                               topics="kad-dht find" tid=17249915 peer=16U*TwqBiH
[2026-10-06 14:09:54.803] [out] [delivery_module] DBG 2026-10-06 14:09:54.803+02:00 Dialing multiple peers                     tid=17249915 numOfPeers=6 nodes="@[\"/dns4/delivery-01.do-ams3.logos.dev.status.im/tcp/30303/p2p/16Uiu2HAmTUbnxLGT9JvV6mu9oPyDjqHK4Phs1VDJNUgESgNSkuby\", \"/dns4/delivery-02.do-ams3.logos.dev.status.im/tcp/30303/p2p/16Uiu2HAmMK7PYygBtKUQ8EHp7EfaD3bCEsJrkFooK8RQ2PVpJprH\", \"/dns4/delivery-01.gc-us-central1-a.logos.dev.status.im/tcp/30303/p2p/16Uiu2HAm4S1JYkuzDKLKQvwgAhZKs9otxXqt8SCGtB4hoJP1S397\", \"/dns4/delivery-02.gc-us-central1-a.logos.dev.status.im/tcp/30303/p2p/16Uiu2HAm8Y9kgBNtjxvCnf1X6gnZJW5EGE4UwwCL3CCm55TwqBiH\", \"/dns4/delivery-01.ac-cn-hongkong-c.logos.dev.status.im/tcp/30303/p2p/16Uiu2HAm8YokiNun9BkeA1ZRmhLbtNUvcwRr64F69tYj9fkGyuEP\", \"/dns4/delivery-02.ac-cn-hongkong-c.logos.dev.status.im/tcp/30303/p2p/16Uiu2HAkvwhGHKNry6LACrB8TmEFoCJKEX29XR5dDUzk3UT3UNSE\"]"
[2026-10-06 14:09:55.768] [out] [delivery_module] INF 2026-10-06 14:09:55.768+02:00 Using mix bootstrap nodes                  topics="waku mix" tid=17249915 entries=1 poolSize=1
[2026-10-06 14:09:55.768] [out] [delivery_module] DBG 2026-10-06 14:09:55.768+02:00 Expanded address and hostname              topics="libp2p dialer" tid=17249915 expandedAddress=/dns4/delivery-02.ac-cn-hongkong-c.logos.dev.status.im/tcp/30303 hostname=delivery-02.ac-cn-hongkong-c.logos.dev.status.im resolvedAddresses="[/ip4/43.99.103.10/tcp/30303]"
[2026-10-06 14:09:55.769] [out] [delivery_module] INF 2026-10-06 14:09:55.769+02:00 Using mix bootstrap nodes                  topics="waku mix" tid=17249915 entries=1 poolSize=2
[2026-10-06 14:09:55.770] [out] [delivery_module] INF 2026-10-06 14:09:55.770+02:00 Using mix bootstrap nodes                  topics="waku mix" tid=17249915 entries=1 poolSize=3
[2026-10-06 14:09:55.770] [out] [delivery_module] INF 2026-10-06 14:09:55.770+02:00 Using mix bootstrap nodes                  topics="waku mix" tid=17249915 entries=1 poolSize=4
[2026-10-06 14:09:55.770] [out] [delivery_module] INF 2026-10-06 14:09:55.770+02:00 Using mix bootstrap nodes                  topics="waku mix" tid=17249915 entries=1 poolSize=5
[2026-10-06 14:09:55.770] [out] [delivery_module] DBG 2026-10-06 14:09:55.770+02:00 Expanded address and hostname              topics="libp2p dialer" tid=17249915 expandedAddress=/dns4/delivery-01.gc-us-central1-a.logos.dev.status.im/tcp/30303 hostname=delivery-01.gc-us-central1-a.logos.dev.status.im resolvedAddresses="[/ip4/136.119.156.87/tcp/30303]"
[2026-10-06 14:09:55.771] [out] [delivery_module] INF 2026-10-06 14:09:55.771+02:00 Using mix bootstrap nodes                  topics="waku mix" tid=17249915 entries=1 poolSize=6
[2026-10-06 14:09:55.771] [out] [delivery_module] DBG 2026-10-06 14:09:55.771+02:00 Expanded address and hostname              topics="libp2p dialer" tid=17249915 expandedAddress=/dns4/delivery-02.do-ams3.logos.dev.status.im/tcp/30303 hostname=delivery-02.do-ams3.logos.dev.status.im resolvedAddresses="[/ip4/174.138.106.244/tcp/30303]"
[2026-10-06 14:09:55.796] [out] [delivery_module] DBG 2026-10-06 14:09:55.796+02:00 Lookup query                               topics="kad-dht find" tid=17249915 peer=16U*T3UNSE
[2026-10-06 14:09:55.796] [out] [delivery_module] DBG 2026-10-06 14:09:55.796+02:00 Lookup query                               topics="kad-dht find" tid=17249915 peer=16U*P1S397
[2026-10-06 14:09:55.796] [out] [delivery_module] DBG 2026-10-06 14:09:55.796+02:00 Lookup query                               topics="kad-dht find" tid=17249915 peer=16U*VpJprH
[2026-10-06 14:09:55.796] [out] [delivery_module] DBG 2026-10-06 14:09:55.796+02:00 Lookup query                               topics="kad-dht find" tid=17249915 peer=16U*kGyuEP
[2026-10-06 14:09:55.796] [out] [delivery_module] DBG 2026-10-06 14:09:55.796+02:00 Lookup query                               topics="kad-dht find" tid=17249915 peer=16U*NSkuby
[2026-10-06 14:09:55.796] [out] [delivery_module] DBG 2026-10-06 14:09:55.796+02:00 Lookup query                               topics="kad-dht find" tid=17249915 peer=16U*TwqBiH
[2026-10-06 14:09:55.796] [out] [delivery_module] DBG 2026-10-06 14:09:55.796+02:00 Kad lookup: RPC error                      topics="kad-dht find" tid=17249915 peer=16U*T3UNSE msg="dialStage: timed out dialing the peer"
[2026-10-06 14:09:55.796] [out] [delivery_module] DBG 2026-10-06 14:09:55.796+02:00 Kad lookup: RPC error                      topics="kad-dht find" tid=17249915 peer=16U*P1S397 msg="dialStage: timed out dialing the peer"
[2026-10-06 14:09:55.796] [out] [delivery_module] DBG 2026-10-06 14:09:55.796+02:00 Kad lookup: RPC error                      topics="kad-dht find" tid=17249915 peer=16U*VpJprH msg="dialStage: timed out dialing the peer"
[2026-10-06 14:09:55.796] [out] [delivery_module] DBG 2026-10-06 14:09:55.796+02:00 Kad lookup: RPC error                      topics="kad-dht find" tid=17249915 peer=16U*kGyuEP msg="dialStage: timed out dialing the peer"
[2026-10-06 14:09:55.796] [out] [delivery_module] DBG 2026-10-06 14:09:55.796+02:00 Kad lookup: RPC error                      topics="kad-dht find" tid=17249915 peer=16U*NSkuby msg="dialStage: timed out dialing the peer"
[2026-10-06 14:09:55.796] [out] [delivery_module] DBG 2026-10-06 14:09:55.796+02:00 Kad lookup: RPC error                      topics="kad-dht find" tid=17249915 peer=16U*TwqBiH msg="dialStage: timed out dialing the peer"
[2026-10-06 14:09:55.796] [out] [delivery_module] WRN 2026-10-06 14:09:55.796+02:00 ffi request still in flight; caller notified via RET_STALE_WARN tid=17249915 reqId=LogosdeliveryStartNodeReq elapsedMs=5000
[2026-10-06 14:09:55.798] [out] [delivery_module] INF 2026-10-06 14:09:55.798+02:00 Failed to query DNS                        topics="libp2p dnsresolver" tid=17249915 address=delivery-01.ac-cn-hongkong-c.logos.dev.status.im error="DNS server timeout: Timeout exceeded!"
[2026-10-06 14:09:55.798] [out] [delivery_module] INF 2026-10-06 14:09:55.798+02:00 Failed to query DNS                        topics="libp2p dnsresolver" tid=17249915 address=delivery-01.do-ams3.logos.dev.status.im error="DNS server timeout: Timeout exceeded!"
[2026-10-06 14:09:55.798] [out] [delivery_module] INF 2026-10-06 14:09:55.798+02:00 Failed to query DNS                        topics="libp2p dnsresolver" tid=17249915 address=delivery-02.gc-us-central1-a.logos.dev.status.im error="DNS server timeout: Timeout exceeded!"
[2026-10-06 14:09:56.644] [out] [delivery_module] DBG 2026-10-06 14:09:56.644+02:00 Expanded address and hostname              topics="libp2p dialer" tid=17249915 expandedAddress=/dns4/delivery-01.ac-cn-hongkong-c.logos.dev.status.im/tcp/30303 hostname=delivery-01.ac-cn-hongkong-c.logos.dev.status.im resolvedAddresses="[/ip4/47.242.130.189/tcp/30303]"
[2026-10-06 14:09:56.644] [out] [delivery_module] DBG 2026-10-06 14:09:56.644+02:00 Expanded address and hostname              topics="libp2p dialer" tid=17249915 expandedAddress=/dns4/delivery-01.do-ams3.logos.dev.status.im/tcp/30303 hostname=delivery-01.do-ams3.logos.dev.status.im resolvedAddresses="[/ip4/138.68.122.137/tcp/30303]"
[2026-10-06 14:09:56.644] [out] [delivery_module] DBG 2026-10-06 14:09:56.644+02:00 Expanded address and hostname              topics="libp2p dialer" tid=17249915 expandedAddress=/dns4/delivery-02.gc-us-central1-a.logos.dev.status.im/tcp/30303 hostname=delivery-02.gc-us-central1-a.logos.dev.status.im resolvedAddresses="[/ip4/34.123.201.25/tcp/30303]"
[2026-10-06 14:09:59.804] [out] [delivery_module] DBG 2026-10-06 14:09:59.804+02:00 Lookup query                               topics="kad-dht find" tid=17249915 peer=16U*T3UNSE
[2026-10-06 14:09:59.804] [out] [delivery_module] DBG 2026-10-06 14:09:59.804+02:00 Lookup query                               topics="kad-dht find" tid=17249915 peer=16U*P1S397
[2026-10-06 14:09:59.804] [out] [delivery_module] DBG 2026-10-06 14:09:59.804+02:00 Lookup query                               topics="kad-dht find" tid=17249915 peer=16U*VpJprH
[2026-10-06 14:09:59.804] [out] [delivery_module] DBG 2026-10-06 14:09:59.804+02:00 Lookup query                               topics="kad-dht find" tid=17249915 peer=16U*kGyuEP
[2026-10-06 14:09:59.804] [out] [delivery_module] DBG 2026-10-06 14:09:59.804+02:00 Lookup query                               topics="kad-dht find" tid=17249915 peer=16U*NSkuby
[2026-10-06 14:09:59.804] [out] [delivery_module] DBG 2026-10-06 14:09:59.804+02:00 Lookup query                               topics="kad-dht find" tid=17249915 peer=16U*TwqBiH
[2026-10-06 14:09:59.805] [out] [delivery_module] DBG 2026-10-06 14:09:59.804+02:00 Kad lookup: RPC error                      topics="kad-dht find" tid=17249915 peer=16U*T3UNSE msg="dialStage: timed out dialing the peer"
[2026-10-06 14:09:59.805] [out] [delivery_module] DBG 2026-10-06 14:09:59.804+02:00 Kad lookup: RPC error                      topics="kad-dht find" tid=17249915 peer=16U*P1S397 msg="dialStage: timed out dialing the peer"
[2026-10-06 14:09:59.805] [out] [delivery_module] DBG 2026-10-06 14:09:59.805+02:00 Kad lookup: RPC error                      topics="kad-dht find" tid=17249915 peer=16U*VpJprH msg="dialStage: timed out dialing the peer"
[2026-10-06 14:09:59.805] [out] [delivery_module] DBG 2026-10-06 14:09:59.805+02:00 Kad lookup: RPC error                      topics="kad-dht find" tid=17249915 peer=16U*kGyuEP msg="dialStage: timed out dialing the peer"
[2026-10-06 14:09:59.805] [out] [delivery_module] DBG 2026-10-06 14:09:59.805+02:00 Kad lookup: RPC error                      topics="kad-dht find" tid=17249915 peer=16U*NSkuby msg="dialStage: timed out dialing the peer"
[2026-10-06 14:09:59.805] [out] [delivery_module] DBG 2026-10-06 14:09:59.805+02:00 Kad lookup: RPC error                      topics="kad-dht find" tid=17249915 peer=16U*TwqBiH msg="dialStage: timed out dialing the peer"
[2026-10-06 14:10:00.120] [out] [delivery_module] DBG 2026-10-06 14:10:00.120+02:00 Dial successful                            topics="libp2p dialer" tid=17249915 peerId=16U*VpJprH
[2026-10-06 14:10:00.121] [out] [delivery_module] DBG 2026-10-06 14:10:00.121+02:00 starting sendNonHighPriorityTask           topics="libp2p pubsubpeer" tid=17249915 p=16U*VpJprH
[2026-10-06 14:10:00.121] [out] [delivery_module] DBG 2026-10-06 14:10:00.121+02:00 created new pubsub peer                    topics="libp2p pubsub" tid=17249915 peerId=16U*VpJprH
[2026-10-06 14:10:00.121] [out] [delivery_module] DBG 2026-10-06 14:10:00.121+02:00 no listener registered                     tid=17249916 event=onConnectionChange
[2026-10-06 14:10:00.178] [out] [delivery_module] DBG 2026-10-06 14:10:00.178+02:00 Dial successful                            topics="libp2p dialer" tid=17249915 peerId=16U*P1S397
[2026-10-06 14:10:00.178] [out] [delivery_module] DBG 2026-10-06 14:10:00.178+02:00 Incoming WakuRelay connection              topics="waku relay" tid=17249915 connection=16U*VpJprH:6ac4e5186f8c5c381ba12eab protocol=/vac/waku/relay/2.0.0
[2026-10-06 14:10:00.179] [out] [delivery_module] DBG 2026-10-06 14:10:00.178+02:00 starting pubsub read loop                  topics="libp2p pubsubpeer" tid=17249915 stream=16U*VpJprH:6ac4e5186f8c5c381ba12eab peer=16U*VpJprH closed=false
[2026-10-06 14:10:00.179] [out] [delivery_module] DBG 2026-10-06 14:10:00.179+02:00 identify: info sent                        topics="libp2p identify" tid=17249915 stream=16U*VpJprH:6ac4e5186f8c5c381ba12eac info="(peerId: 16Uiu2HAkvj4Pd3uNLjAUqmySs4rNqVe9KhZsX9toFdKv71B3TT6o, listenAddrs: [/ip4/0.0.0.0/tcp/56336, /ip4/0.0.0.0/udp/53555/quic-v1], addrs: [/ip4/172.20.10.14/tcp/56336, /ip4/172.20.10.14/udp/53555/quic-v1], protocols: [/ipfs/id/1.0.0, /libp2p/autonat/1.0.0, /libp2p/circuit/relay/0.2.0/hop, /vac/waku/metadata/1.0.0, /mix/1.0.0, /logos/service-discovery/1.0.0, /vac/waku/relay/2.0.0, /vac/waku/rendezvous/1.0.0, /ipfs/ping/1.0.0, /vac/waku/lightpush/3.0.0, /vac/waku/lightpush/2.0.0-beta1, /vac/waku/filter-subscribe/2.0.0-beta1, /vac/waku/filter-push/2.0.0-beta1, /vac/waku/peer-exchange/2.0.0-alpha1], protoVersion: ipfs/0.1.0, agentVersion: logos-delivery-v0.39.0-gca2814)"
[2026-10-06 14:10:00.179] [out] [delivery_module] DBG 2026-10-06 14:10:00.179+02:00 starting sendNonHighPriorityTask           topics="libp2p pubsubpeer" tid=17249915 p=16U*P1S397
[2026-10-06 14:10:00.179] [out] [delivery_module] DBG 2026-10-06 14:10:00.179+02:00 created new pubsub peer                    topics="libp2p pubsub" tid=17249915 peerId=16U*P1S397
[2026-10-06 14:10:00.179] [out] [delivery_module] DBG 2026-10-06 14:10:00.179+02:00 no listener registered                     tid=17249916 event=onConnectionChange
[2026-10-06 14:10:00.179] [out] [delivery_module] DBG 2026-10-06 14:10:00.179+02:00 Incoming WakuRelay connection              topics="waku relay" tid=17249915 connection=16U*P1S397:6ac4e5186f8c5c381ba12ead protocol=/vac/waku/relay/2.0.0
[2026-10-06 14:10:00.179] [out] [delivery_module] DBG 2026-10-06 14:10:00.179+02:00 starting pubsub read loop                  topics="libp2p pubsubpeer" tid=17249915 stream=16U*P1S397:6ac4e5186f8c5c381ba12ead peer=16U*P1S397 closed=false
[2026-10-06 14:10:00.179] [out] [delivery_module] DBG 2026-10-06 14:10:00.179+02:00 identify: info sent                        topics="libp2p identify" tid=17249915 stream=16U*P1S397:6ac4e5186f8c5c381ba12eae info="(peerId: 16Uiu2HAkvj4Pd3uNLjAUqmySs4rNqVe9KhZsX9toFdKv71B3TT6o, listenAddrs: [/ip4/0.0.0.0/tcp/56336, /ip4/0.0.0.0/udp/53555/quic-v1], addrs: [/ip4/172.20.10.14/tcp/56336, /ip4/172.20.10.14/udp/53555/quic-v1], protocols: [/ipfs/id/1.0.0, /libp2p/autonat/1.0.0, /libp2p/circuit/relay/0.2.0/hop, /vac/waku/metadata/1.0.0, /mix/1.0.0, /logos/service-discovery/1.0.0, /vac/waku/relay/2.0.0, /vac/waku/rendezvous/1.0.0, /ipfs/ping/1.0.0, /vac/waku/lightpush/3.0.0, /vac/waku/lightpush/2.0.0-beta1, /vac/waku/filter-subscribe/2.0.0-beta1, /vac/waku/filter-push/2.0.0-beta1, /vac/waku/peer-exchange/2.0.0-alpha1], protoVersion: ipfs/0.1.0, agentVersion: logos-delivery-v0.39.0-gca2814)"
[2026-10-06 14:10:00.266] [out] [delivery_module] DBG 2026-10-06 14:10:00.266+02:00 Dial successful                            topics="libp2p dialer" tid=17249915 peerId=16U*T3UNSE
[2026-10-06 14:10:00.266] [out] [delivery_module] DBG 2026-10-06 14:10:00.266+02:00 starting sendNonHighPriorityTask           topics="libp2p pubsubpeer" tid=17249915 p=16U*T3UNSE
[2026-10-06 14:10:00.266] [out] [delivery_module] DBG 2026-10-06 14:10:00.266+02:00 created new pubsub peer                    topics="libp2p pubsub" tid=17249915 peerId=16U*T3UNSE
[2026-10-06 14:10:00.266] [out] [delivery_module] DBG 2026-10-06 14:10:00.266+02:00 no listener registered                     tid=17249916 event=onConnectionChange
[2026-10-06 14:10:00.266] [out] [delivery_module] DBG 2026-10-06 14:10:00.266+02:00 Incoming WakuRelay connection              topics="waku relay" tid=17249915 connection=16U*T3UNSE:6ac4e5186f8c5c381ba12eb3 protocol=/vac/waku/relay/2.0.0
[2026-10-06 14:10:00.266] [out] [delivery_module] DBG 2026-10-06 14:10:00.266+02:00 starting pubsub read loop                  topics="libp2p pubsubpeer" tid=17249915 stream=16U*T3UNSE:6ac4e5186f8c5c381ba12eb3 peer=16U*T3UNSE closed=false
[2026-10-06 14:10:00.266] [out] [delivery_module] DBG 2026-10-06 14:10:00.266+02:00 identify: info sent                        topics="libp2p identify" tid=17249915 stream=16U*T3UNSE:6ac4e5186f8c5c381ba12eb4 info="(peerId: 16Uiu2HAkvj4Pd3uNLjAUqmySs4rNqVe9KhZsX9toFdKv71B3TT6o, listenAddrs: [/ip4/0.0.0.0/tcp/56336, /ip4/0.0.0.0/udp/53555/quic-v1], addrs: [/ip4/172.20.10.14/tcp/56336, /ip4/172.20.10.14/udp/53555/quic-v1], protocols: [/ipfs/id/1.0.0, /libp2p/autonat/1.0.0, /libp2p/circuit/relay/0.2.0/hop, /vac/waku/metadata/1.0.0, /mix/1.0.0, /logos/service-discovery/1.0.0, /vac/waku/relay/2.0.0, /vac/waku/rendezvous/1.0.0, /ipfs/ping/1.0.0, /vac/waku/lightpush/3.0.0, /vac/waku/lightpush/2.0.0-beta1, /vac/waku/filter-subscribe/2.0.0-beta1, /vac/waku/filter-push/2.0.0-beta1, /vac/waku/peer-exchange/2.0.0-alpha1], protoVersion: ipfs/0.1.0, agentVersion: logos-delivery-v0.39.0-gca2814)"
[2026-10-06 14:10:00.472] [out] [delivery_module] DBG 2026-10-06 14:10:00.472+02:00 Dial successful                            topics="libp2p dialer" tid=17249915 peerId=16U*NSkuby
[2026-10-06 14:10:00.472] [out] [delivery_module] DBG 2026-10-06 14:10:00.472+02:00 identify: info received                    topics="libp2p identify" tid=17249915 stream=16U*VpJprH:6ac4e5186f8c5c381ba12ea9 pubkey=ok(sec...7631)) addresses=/ip4/174.138.106.244/tcp/30303,/ip4/174.138.106.244/udp/30303/quic-v1,/dns4/delivery-02.do-ams3.logos.dev.status.im/tcp/30303 protocols=/ipfs/id/1.0.0,/libp2p/autonat/1.0.0,/libp2p/circuit/relay/0.2.0/hop,/vac/waku/metadata/1.0.0,/mix/1.0.0,/logos/service-discovery/1.0.0,/vac/waku/store-query/3.0.0,/vac/waku/relay/2.0.0,/vac/waku/rendezvous/1.0.0,/ipfs/ping/1.0.0,/vac/waku/lightpush/3.0.0,/vac/waku/lightpush/2.0.0-beta1,/vac/waku/filter-subscribe/2.0.0-beta1,/vac/waku/filter-push/2.0.0-beta1,/vac/waku/peer-exchange/2.0.0-alpha1 observable_address=ok(/ip4/47.64.115.67/tcp/6119) proto_version=ipfs/0.1.0 agent_version=logos-delivery-v0.39.0-g890397 signedPeerRecord=None
[2026-10-06 14:10:00.472] [out] [delivery_module] DBG 2026-10-06 14:10:00.472+02:00 starting sendNonHighPriorityTask           topics="libp2p pubsubpeer" tid=17249915 p=16U*NSkuby
[2026-10-06 14:10:00.472] [out] [delivery_module] DBG 2026-10-06 14:10:00.472+02:00 created new pubsub peer                    topics="libp2p pubsub" tid=17249915 peerId=16U*NSkuby
[2026-10-06 14:10:00.473] [out] [delivery_module] DBG 2026-10-06 14:10:00.472+02:00 no listener registered                     tid=17249916 event=onConnectionChange
[2026-10-06 14:10:00.473] [out] [delivery_module] DBG 2026-10-06 14:10:00.473+02:00 starting pubsub read loop                  topics="libp2p pubsubpeer" tid=17249915 stream=16U*VpJprH:6ac4e5186f8c5c381ba12ea8 peer=16U*VpJprH closed=false
[2026-10-06 14:10:00.473] [out] [delivery_module] DBG 2026-10-06 14:10:00.473+02:00 Event identified                           topics="waku node peer_manager" tid=17249915 peerId=16U*VpJprH
[2026-10-06 14:10:00.473] [out] [delivery_module] DBG 2026-10-06 14:10:00.473+02:00 no listener registered                     tid=17249916 event=onConnectionChange
[2026-10-06 14:10:00.561] [out] [delivery_module] DBG 2026-10-06 14:10:00.561+02:00 Incoming WakuRelay connection              topics="waku relay" tid=17249915 connection=16U*NSkuby:6ac4e5186f8c5c381ba12ebb protocol=/vac/waku/relay/2.0.0
[2026-10-06 14:10:00.561] [out] [delivery_module] DBG 2026-10-06 14:10:00.561+02:00 starting pubsub read loop                  topics="libp2p pubsubpeer" tid=17249915 stream=16U*NSkuby:6ac4e5186f8c5c381ba12ebb peer=16U*NSkuby closed=false
[2026-10-06 14:10:00.561] [out] [delivery_module] DBG 2026-10-06 14:10:00.561+02:00 identify: info sent                        topics="libp2p identify" tid=17249915 stream=16U*NSkuby:6ac4e5186f8c5c381ba12ebc info="(peerId: 16Uiu2HAkvj4Pd3uNLjAUqmySs4rNqVe9KhZsX9toFdKv71B3TT6o, listenAddrs: [/ip4/0.0.0.0/tcp/56336, /ip4/0.0.0.0/udp/53555/quic-v1], addrs: [/ip4/172.20.10.14/tcp/56336, /ip4/172.20.10.14/udp/53555/quic-v1], protocols: [/ipfs/id/1.0.0, /libp2p/autonat/1.0.0, /libp2p/circuit/relay/0.2.0/hop, /vac/waku/metadata/1.0.0, /mix/1.0.0, /logos/service-discovery/1.0.0, /vac/waku/relay/2.0.0, /vac/waku/rendezvous/1.0.0, /ipfs/ping/1.0.0, /vac/waku/lightpush/3.0.0, /vac/waku/lightpush/2.0.0-beta1, /vac/waku/filter-subscribe/2.0.0-beta1, /vac/waku/filter-push/2.0.0-beta1, /vac/waku/peer-exchange/2.0.0-alpha1], protoVersion: ipfs/0.1.0, agentVersion: logos-delivery-v0.39.0-gca2814)"
[2026-10-06 14:10:00.797] [out] [delivery_module] DBG 2026-10-06 14:10:00.797+02:00 Lookup query                               topics="kad-dht find" tid=17249915 peer=16U*T3UNSE
[2026-10-06 14:10:00.797] [out] [delivery_module] DBG 2026-10-06 14:10:00.797+02:00 Lookup query                               topics="kad-dht find" tid=17249915 peer=16U*P1S397
[2026-10-06 14:10:00.797] [out] [delivery_module] DBG 2026-10-06 14:10:00.797+02:00 Lookup query                               topics="kad-dht find" tid=17249915 peer=16U*VpJprH
[2026-10-06 14:10:00.797] [out] [delivery_module] DBG 2026-10-06 14:10:00.797+02:00 Lookup query                               topics="kad-dht find" tid=17249915 peer=16U*kGyuEP
[2026-10-06 14:10:00.797] [out] [delivery_module] DBG 2026-10-06 14:10:00.797+02:00 Lookup query                               topics="kad-dht find" tid=17249915 peer=16U*NSkuby
[2026-10-06 14:10:00.797] [out] [delivery_module] DBG 2026-10-06 14:10:00.797+02:00 Lookup query                               topics="kad-dht find" tid=17249915 peer=16U*TwqBiH
[2026-10-06 14:10:00.797] [out] [delivery_module] WRN 2026-10-06 14:10:00.797+02:00 ffi request still in flight; caller notified via RET_STALE_WARN tid=17249915 reqId=LogosdeliveryStartNodeReq elapsedMs=10000
[2026-10-06 14:10:00.797] [out] [delivery_module] DBG 2026-10-06 14:10:00.797+02:00 Kad lookup: RPC error                      topics="kad-dht find" tid=17249915 peer=16U*T3UNSE msg="dialStage: timed out dialing the peer"
[2026-10-06 14:10:00.797] [out] [delivery_module] DBG 2026-10-06 14:10:00.797+02:00 Kad lookup: RPC error                      topics="kad-dht find" tid=17249915 peer=16U*VpJprH msg="dialStage: timed out dialing the peer"
[2026-10-06 14:10:00.797] [out] [delivery_module] DBG 2026-10-06 14:10:00.797+02:00 Kad lookup: RPC error                      topics="kad-dht find" tid=17249915 peer=16U*kGyuEP msg="dialStage: timed out dialing the peer"
[2026-10-06 14:10:00.797] [out] [delivery_module] DBG 2026-10-06 14:10:00.797+02:00 Kad lookup: RPC error                      topics="kad-dht find" tid=17249915 peer=16U*P1S397 msg="dialStage: timed out dialing the peer"
[2026-10-06 14:10:00.797] [out] [delivery_module] DBG 2026-10-06 14:10:00.797+02:00 Kad lookup: RPC error                      topics="kad-dht find" tid=17249915 peer=16U*NSkuby msg="dialStage: timed out dialing the peer"
[2026-10-06 14:10:00.797] [out] [delivery_module] DBG 2026-10-06 14:10:00.797+02:00 Kad lookup: RPC error                      topics="kad-dht find" tid=17249915 peer=16U*TwqBiH msg="dialStage: timed out dialing the peer"
[2026-10-06 14:10:01.422] [out] [delivery_module] DBG 2026-10-06 14:10:01.422+02:00 Dial successful                            topics="libp2p dialer" tid=17249915 peerId=16U*TwqBiH
[2026-10-06 14:10:01.422] [out] [delivery_module] DBG 2026-10-06 14:10:01.422+02:00 starting sendNonHighPriorityTask           topics="libp2p pubsubpeer" tid=17249915 p=16U*TwqBiH
[2026-10-06 14:10:01.422] [out] [delivery_module] DBG 2026-10-06 14:10:01.422+02:00 created new pubsub peer                    topics="libp2p pubsub" tid=17249915 peerId=16U*TwqBiH
[2026-10-06 14:10:01.422] [out] [delivery_module] DBG 2026-10-06 14:10:01.422+02:00 no listener registered                     tid=17249916 event=onConnectionChange
[2026-10-06 14:10:01.423] [out] [delivery_module] DBG 2026-10-06 14:10:01.422+02:00 identify: info received                    topics="libp2p identify" tid=17249915 stream=16U*P1S397:6ac4e5186f8c5c381ba12eb0 pubkey=ok(sec...97dc)) addresses=/ip4/136.119.156.87/tcp/30303,/ip4/136.119.156.87/udp/30303/quic-v1,/dns4/delivery-01.gc-us-central1-a.logos.dev.status.im/tcp/30303 protocols=/ipfs/id/1.0.0,/libp2p/autonat/1.0.0,/libp2p/circuit/relay/0.2.0/hop,/vac/waku/metadata/1.0.0,/mix/1.0.0,/logos/service-discovery/1.0.0,/vac/waku/store-query/3.0.0,/vac/waku/relay/2.0.0,/vac/waku/rendezvous/1.0.0,/ipfs/ping/1.0.0,/vac/waku/lightpush/3.0.0,/vac/waku/lightpush/2.0.0-beta1,/vac/waku/filter-subscribe/2.0.0-beta1,/vac/waku/filter-push/2.0.0-beta1,/vac/waku/peer-exchange/2.0.0-alpha1 observable_address=ok(/ip4/47.64.115.67/tcp/18091) proto_version=ipfs/0.1.0 agent_version=logos-delivery-v0.39.0-g890397 signedPeerRecord=None
[2026-10-06 14:10:01.423] [out] [delivery_module] DBG 2026-10-06 14:10:01.423+02:00 Incoming WakuRelay connection              topics="waku relay" tid=17249915 connection=16U*TwqBiH:6ac4e5196f8c5c381ba12ebf protocol=/vac/waku/relay/2.0.0
[2026-10-06 14:10:01.423] [out] [delivery_module] DBG 2026-10-06 14:10:01.423+02:00 starting pubsub read loop                  topics="libp2p pubsubpeer" tid=17249915 stream=16U*TwqBiH:6ac4e5196f8c5c381ba12ebf peer=16U*TwqBiH closed=false
[2026-10-06 14:10:01.423] [out] [delivery_module] DBG 2026-10-06 14:10:01.423+02:00 identify: info sent                        topics="libp2p identify" tid=17249915 stream=16U*TwqBiH:6ac4e5196f8c5c381ba12ec0 info="(peerId: 16Uiu2HAkvj4Pd3uNLjAUqmySs4rNqVe9KhZsX9toFdKv71B3TT6o, listenAddrs: [/ip4/0.0.0.0/tcp/56336, /ip4/0.0.0.0/udp/53555/quic-v1], addrs: [/ip4/172.20.10.14/tcp/56336, /ip4/172.20.10.14/udp/53555/quic-v1], protocols: [/ipfs/id/1.0.0, /libp2p/autonat/1.0.0, /libp2p/circuit/relay/0.2.0/hop, /vac/waku/metadata/1.0.0, /mix/1.0.0, /logos/service-discovery/1.0.0, /vac/waku/relay/2.0.0, /vac/waku/rendezvous/1.0.0, /ipfs/ping/1.0.0, /vac/waku/lightpush/3.0.0, /vac/waku/lightpush/2.0.0-beta1, /vac/waku/filter-subscribe/2.0.0-beta1, /vac/waku/filter-push/2.0.0-beta1, /vac/waku/peer-exchange/2.0.0-alpha1], protoVersion: ipfs/0.1.0, agentVersion: logos-delivery-v0.39.0-gca2814)"
[2026-10-06 14:10:01.423] [out] [delivery_module] DBG 2026-10-06 14:10:01.423+02:00 starting pubsub read loop                  topics="libp2p pubsubpeer" tid=17249915 stream=16U*P1S397:6ac4e5186f8c5c381ba12eaf peer=16U*P1S397 closed=false
[2026-10-06 14:10:01.424] [out] [delivery_module] DBG 2026-10-06 14:10:01.424+02:00 Event identified                           topics="waku node peer_manager" tid=17249915 peerId=16U*P1S397
[2026-10-06 14:10:01.424] [out] [delivery_module] DBG 2026-10-06 14:10:01.424+02:00 no listener registered                     tid=17249916 event=onConnectionChange
[2026-10-06 14:10:02.116] [out] [delivery_module] DBG 2026-10-06 14:10:02.116+02:00 Dial successful                            topics="libp2p dialer" tid=17249915 peerId=16U*kGyuEP
[2026-10-06 14:10:02.116] [out] [delivery_module] DBG 2026-10-06 14:10:02.116+02:00 starting sendNonHighPriorityTask           topics="libp2p pubsubpeer" tid=17249915 p=16U*kGyuEP
[2026-10-06 14:10:02.116] [out] [delivery_module] DBG 2026-10-06 14:10:02.116+02:00 created new pubsub peer                    topics="libp2p pubsub" tid=17249915 peerId=16U*kGyuEP
[2026-10-06 14:10:02.116] [out] [delivery_module] DBG 2026-10-06 14:10:02.116+02:00 no listener registered                     tid=17249916 event=onConnectionChange
[2026-10-06 14:10:02.117] [out] [delivery_module] DBG 2026-10-06 14:10:02.117+02:00 Incoming WakuRelay connection              topics="waku relay" tid=17249915 connection=16U*kGyuEP:6ac4e51a6f8c5c381ba12ec4 protocol=/vac/waku/relay/2.0.0
[2026-10-06 14:10:02.117] [out] [delivery_module] DBG 2026-10-06 14:10:02.117+02:00 starting pubsub read loop                  topics="libp2p pubsubpeer" tid=17249915 stream=16U*kGyuEP:6ac4e51a6f8c5c381ba12ec4 peer=16U*kGyuEP closed=false
[2026-10-06 14:10:02.117] [out] [delivery_module] DBG 2026-10-06 14:10:02.117+02:00 identify: info sent                        topics="libp2p identify" tid=17249915 stream=16U*kGyuEP:6ac4e51a6f8c5c381ba12ec5 info="(peerId: 16Uiu2HAkvj4Pd3uNLjAUqmySs4rNqVe9KhZsX9toFdKv71B3TT6o, listenAddrs: [/ip4/0.0.0.0/tcp/56336, /ip4/0.0.0.0/udp/53555/quic-v1], addrs: [/ip4/172.20.10.14/tcp/56336, /ip4/172.20.10.14/udp/53555/quic-v1], protocols: [/ipfs/id/1.0.0, /libp2p/autonat/1.0.0, /libp2p/circuit/relay/0.2.0/hop, /vac/waku/metadata/1.0.0, /mix/1.0.0, /logos/service-discovery/1.0.0, /vac/waku/relay/2.0.0, /vac/waku/rendezvous/1.0.0, /ipfs/ping/1.0.0, /vac/waku/lightpush/3.0.0, /vac/waku/lightpush/2.0.0-beta1, /vac/waku/filter-subscribe/2.0.0-beta1, /vac/waku/filter-push/2.0.0-beta1, /vac/waku/peer-exchange/2.0.0-alpha1], protoVersion: ipfs/0.1.0, agentVersion: logos-delivery-v0.39.0-gca2814)"
[2026-10-06 14:10:02.117] [out] [delivery_module] DBG 2026-10-06 14:10:02.117+02:00 starting pubsub read loop                  topics="libp2p pubsubpeer" tid=17249915 stream=16U*T3UNSE:6ac4e5186f8c5c381ba12eb5 peer=16U*T3UNSE closed=false
[2026-10-06 14:10:02.117] [out] [delivery_module] DBG 2026-10-06 14:10:02.117+02:00 starting pubsub read loop                  topics="libp2p pubsubpeer" tid=17249915 stream=16U*NSkuby:6ac4e5186f8c5c381ba12eb7 peer=16U*NSkuby closed=false
[2026-10-06 14:10:02.654] [out] [delivery_module] DBG 2026-10-06 14:10:02.654+02:00 identify: info received                    topics="libp2p identify" tid=17249915 stream=16U*T3UNSE:6ac4e5186f8c5c381ba12eb6 pubkey=ok(sec...6d2a)) addresses=/ip4/43.99.103.10/tcp/30303,/ip4/43.99.103.10/udp/30303/quic-v1,/dns4/delivery-02.ac-cn-hongkong-c.logos.dev.status.im/tcp/30303 protocols=/ipfs/id/1.0.0,/libp2p/autonat/1.0.0,/libp2p/circuit/relay/0.2.0/hop,/vac/waku/metadata/1.0.0,/mix/1.0.0,/logos/service-discovery/1.0.0,/vac/waku/store-query/3.0.0,/vac/waku/relay/2.0.0,/vac/waku/rendezvous/1.0.0,/ipfs/ping/1.0.0,/vac/waku/lightpush/3.0.0,/vac/waku/lightpush/2.0.0-beta1,/vac/waku/filter-subscribe/2.0.0-beta1,/vac/waku/filter-push/2.0.0-beta1,/vac/waku/peer-exchange/2.0.0-alpha1 observable_address=ok(/ip4/47.64.115.67/tcp/7261) proto_version=ipfs/0.1.0 agent_version=logos-delivery-v0.39.0-g890397 signedPeerRecord=None
[2026-10-06 14:10:02.655] [out] [delivery_module] DBG 2026-10-06 14:10:02.654+02:00 Received WakuMetadata request              topics="waku metadata" tid=17249915 remoteClusterId=ok(3) remoteShards="[5, 0, 2, 1, 4, 7, 3, 6]" localClusterId=3 localShards="[7]" peer=16U*VpJprH
[2026-10-06 14:10:02.655] [out] [delivery_module] DBG 2026-10-06 14:10:02.655+02:00 identify: info received                    topics="libp2p identify" tid=17249915 stream=16U*NSkuby:6ac4e5186f8c5c381ba12eb8 pubkey=ok(sec...9ab7)) addresses=/ip4/138.68.122.137/tcp/30303,/ip4/138.68.122.137/udp/30303/quic-v1,/dns4/delivery-01.do-ams3.logos.dev.status.im/tcp/30303 protocols=/ipfs/id/1.0.0,/libp2p/autonat/1.0.0,/libp2p/circuit/relay/0.2.0/hop,/vac/waku/metadata/1.0.0,/mix/1.0.0,/logos/service-discovery/1.0.0,/vac/waku/store-query/3.0.0,/vac/waku/relay/2.0.0,/vac/waku/rendezvous/1.0.0,/ipfs/ping/1.0.0,/vac/waku/lightpush/3.0.0,/vac/waku/lightpush/2.0.0-beta1,/vac/waku/filter-subscribe/2.0.0-beta1,/vac/waku/filter-push/2.0.0-beta1,/vac/waku/peer-exchange/2.0.0-alpha1 observable_address=ok(/ip4/47.64.115.67/tcp/25742) proto_version=ipfs/0.1.0 agent_version=logos-delivery-v0.39.0-g890397 signedPeerRecord=None
[2026-10-06 14:10:02.655] [out] [delivery_module] DBG 2026-10-06 14:10:02.655+02:00 Event identified                           topics="waku node peer_manager" tid=17249915 peerId=16U*T3UNSE
[2026-10-06 14:10:02.656] [out] [delivery_module] DBG 2026-10-06 14:10:02.656+02:00 no listener registered                     tid=17249916 event=onConnectionChange
[2026-10-06 14:10:02.656] [out] [delivery_module] DBG 2026-10-06 14:10:02.656+02:00 Event identified                           topics="waku node peer_manager" tid=17249915 peerId=16U*NSkuby
[2026-10-06 14:10:02.656] [out] [delivery_module] DBG 2026-10-06 14:10:02.656+02:00 no listener registered                     tid=17249916 event=onConnectionChange
[2026-10-06 14:10:02.699] [out] [delivery_module] DBG 2026-10-06 14:10:02.699+02:00 Received WakuMetadata request              topics="waku metadata" tid=17249915 remoteClusterId=ok(3) remoteShards="[5, 0, 2, 1, 4, 7, 3, 6]" localClusterId=3 localShards="[7]" peer=16U*P1S397
[2026-10-06 14:10:02.700] [out] [delivery_module] DBG 2026-10-06 14:10:02.700+02:00 starting pubsub read loop                  topics="libp2p pubsubpeer" tid=17249915 stream=16U*TwqBiH:6ac4e5196f8c5c381ba12ec1 peer=16U*TwqBiH closed=false
[2026-10-06 14:10:02.701] [out] [delivery_module] DBG 2026-10-06 14:10:02.701+02:00 identify: info received                    topics="libp2p identify" tid=17249915 stream=16U*TwqBiH:6ac4e5196f8c5c381ba12ec2 pubkey=ok(sec...fed6)) addresses=/ip4/34.123.201.25/tcp/30303,/ip4/34.123.201.25/udp/30303/quic-v1,/dns4/delivery-02.gc-us-central1-a.logos.dev.status.im/tcp/30303 protocols=/ipfs/id/1.0.0,/libp2p/autonat/1.0.0,/libp2p/circuit/relay/0.2.0/hop,/vac/waku/metadata/1.0.0,/mix/1.0.0,/logos/service-discovery/1.0.0,/vac/waku/store-query/3.0.0,/vac/waku/relay/2.0.0,/vac/waku/rendezvous/1.0.0,/ipfs/ping/1.0.0,/vac/waku/lightpush/3.0.0,/vac/waku/lightpush/2.0.0-beta1,/vac/waku/filter-subscribe/2.0.0-beta1,/vac/waku/filter-push/2.0.0-beta1,/vac/waku/peer-exchange/2.0.0-alpha1 observable_address=ok(/ip4/47.64.115.67/tcp/31131) proto_version=ipfs/0.1.0 agent_version=logos-delivery-v0.39.0-g890397 signedPeerRecord=None
[2026-10-06 14:10:02.701] [out] [delivery_module] DBG 2026-10-06 14:10:02.701+02:00 Event identified                           topics="waku node peer_manager" tid=17249915 peerId=16U*TwqBiH
[2026-10-06 14:10:02.701] [out] [delivery_module] DBG 2026-10-06 14:10:02.701+02:00 no listener registered                     tid=17249916 event=onConnectionChange
[2026-10-06 14:10:02.890] [out] [delivery_module] DBG 2026-10-06 14:10:02.890+02:00 identify: info received                    topics="libp2p identify" tid=17249915 stream=16U*kGyuEP:6ac4e51a6f8c5c381ba12ec7 pubkey=ok(sec...c56e)) addresses=/ip4/47.242.130.189/tcp/30303,/ip4/47.242.130.189/udp/30303/quic-v1,/dns4/delivery-01.ac-cn-hongkong-c.logos.dev.status.im/tcp/30303 protocols=/ipfs/id/1.0.0,/libp2p/autonat/1.0.0,/libp2p/circuit/relay/0.2.0/hop,/vac/waku/metadata/1.0.0,/mix/1.0.0,/logos/service-discovery/1.0.0,/vac/waku/store-query/3.0.0,/vac/waku/relay/2.0.0,/vac/waku/rendezvous/1.0.0,/ipfs/ping/1.0.0,/vac/waku/lightpush/3.0.0,/vac/waku/lightpush/2.0.0-beta1,/vac/waku/filter-subscribe/2.0.0-beta1,/vac/waku/filter-push/2.0.0-beta1,/vac/waku/peer-exchange/2.0.0-alpha1 observable_address=ok(/ip4/47.64.115.67/tcp/4750) proto_version=ipfs/0.1.0 agent_version=logos-delivery-v0.39.0-g890397 signedPeerRecord=None
[2026-10-06 14:10:02.891] [out] [delivery_module] DBG 2026-10-06 14:10:02.891+02:00 starting pubsub read loop                  topics="libp2p pubsubpeer" tid=17249915 stream=16U*kGyuEP:6ac4e51a6f8c5c381ba12ec6 peer=16U*kGyuEP closed=false
[2026-10-06 14:10:02.891] [out] [delivery_module] DBG 2026-10-06 14:10:02.891+02:00 Event identified                           topics="waku node peer_manager" tid=17249915 peerId=16U*kGyuEP
[2026-10-06 14:10:02.891] [out] [delivery_module] DBG 2026-10-06 14:10:02.891+02:00 no listener registered                     tid=17249916 event=onConnectionChange
[2026-10-06 14:10:04.320] [out] [delivery_module] DBG 2026-10-06 14:10:04.320+02:00 Received WakuMetadata request              topics="waku metadata" tid=17249915 remoteClusterId=ok(3) remoteShards="[5, 0, 2, 1, 4, 7, 3, 6]" localClusterId=3 localShards="[7]" peer=16U*NSkuby
[2026-10-06 14:10:04.805] [out] [delivery_module] DBG 2026-10-06 14:10:04.805+02:00 Lookup query                               topics="kad-dht find" tid=17249915 peer=16U*T3UNSE
[2026-10-06 14:10:04.805] [out] [delivery_module] DBG 2026-10-06 14:10:04.805+02:00 Lookup query                               topics="kad-dht find" tid=17249915 peer=16U*P1S397
[2026-10-06 14:10:04.805] [out] [delivery_module] DBG 2026-10-06 14:10:04.805+02:00 Lookup query                               topics="kad-dht find" tid=17249915 peer=16U*VpJprH
[2026-10-06 14:10:04.805] [out] [delivery_module] DBG 2026-10-06 14:10:04.805+02:00 Lookup query                               topics="kad-dht find" tid=17249915 peer=16U*kGyuEP
[2026-10-06 14:10:04.805] [out] [delivery_module] DBG 2026-10-06 14:10:04.805+02:00 Lookup query                               topics="kad-dht find" tid=17249915 peer=16U*NSkuby
[2026-10-06 14:10:04.805] [out] [delivery_module] DBG 2026-10-06 14:10:04.805+02:00 Lookup query                               topics="kad-dht find" tid=17249915 peer=16U*TwqBiH
[2026-10-06 14:10:04.806] [out] [delivery_module] DBG 2026-10-06 14:10:04.806+02:00 Kad lookup: RPC error                      topics="kad-dht find" tid=17249915 peer=16U*P1S397 msg="dialStage: timed out dialing the peer"
[2026-10-06 14:10:04.806] [out] [delivery_module] DBG 2026-10-06 14:10:04.806+02:00 Kad lookup: RPC error                      topics="kad-dht find" tid=17249915 peer=16U*T3UNSE msg="dialStage: timed out dialing the peer"
[2026-10-06 14:10:04.806] [out] [delivery_module] DBG 2026-10-06 14:10:04.806+02:00 Kad lookup: RPC error                      topics="kad-dht find" tid=17249915 peer=16U*kGyuEP msg="dialStage: timed out dialing the peer"
[2026-10-06 14:10:04.806] [out] [delivery_module] DBG 2026-10-06 14:10:04.806+02:00 Kad lookup: RPC error                      topics="kad-dht find" tid=17249915 peer=16U*NSkuby msg="dialStage: timed out dialing the peer"
[2026-10-06 14:10:04.806] [out] [delivery_module] DBG 2026-10-06 14:10:04.806+02:00 Kad lookup: RPC error                      topics="kad-dht find" tid=17249915 peer=16U*VpJprH msg="dialStage: timed out dialing the peer"
[2026-10-06 14:10:04.806] [out] [delivery_module] DBG 2026-10-06 14:10:04.806+02:00 Kad lookup: RPC error                      topics="kad-dht find" tid=17249915 peer=16U*TwqBiH msg="dialStage: timed out dialing the peer"
[2026-10-06 14:10:04.806] [out] [delivery_module] DBG 2026-10-06 14:10:04.806+02:00 Finished dialing multiple peers            tid=17249915 successfulConns=0 attempted=6
[2026-10-06 14:10:04.806] [out] [delivery_module] INF 2026-10-06 14:10:04.806+02:00 Relay peer connections                     topics="waku node peer_manager" tid=17249915 inRelayConns=0/50 outRelayConns=6/25 totalConnections=6/150 notConnectedPeers=6 outsideBackoffPeers=0
[2026-10-06 14:10:04.807] [out] [delivery_module] DBG 2026-10-06 14:10:04.807+02:00 ENR addresses updated                      topics="waku enr" tid=17249915 retained=0 total=0
[2026-10-06 14:10:04.807] [out] [delivery_module] DBG 2026-10-06 14:10:04.807+02:00 Subscribing to pubsub topic                topics="waku relay" tid=17249915 pubsubTopic=/waku/2/rs/3/0
[2026-10-06 14:10:04.808] [out] [delivery_module] DBG 2026-10-06 14:10:04.807+02:00 peer filtering updated                     topics="waku discv5" tid=17249915
[2026-10-06 14:10:04.808] [out] [delivery_module] DBG 2026-10-06 14:10:04.808+02:00 ENR shards updated                         topics="waku discv5" tid=17249915 enrUri=enr:-K24QIakm186EmDiQtkD54TFTEaGIC-NsbMd62DzOFQ96ITSe6qG3yKQpDsGBcoc-Qx_JbzZjWRSY2778fqXyXe7p6IHgmlkgnY0im11bHRpYWRkcnOAgnJzkwADCAAAAAEAAgADAAQABQAGAAeJc2VjcDI1NmsxoQITT-aUU282tNaAf9-DILYLvGByI79zs7g3FA6-hCoZaIN0Y3CC3BCDdWRwgtY_hXdha3UyLQ add=true
[2026-10-06 14:10:04.808] [out] [delivery_module] DBG 2026-10-06 14:10:04.808+02:00 Subscribing to pubsub topic                topics="waku relay" tid=17249915 pubsubTopic=/waku/2/rs/3/1
[2026-10-06 14:10:04.808] [out] [delivery_module] DBG 2026-10-06 14:10:04.808+02:00 peer filtering updated                     topics="waku discv5" tid=17249915
[2026-10-06 14:10:04.808] [out] [delivery_module] DBG 2026-10-06 14:10:04.808+02:00 ENR shards updated                         topics="waku discv5" tid=17249915 enrUri=enr:-K24QBgjq28S1odelghVrW3jvf53UDofFJjoZkg1x0eb1Q_VMFhzyrB7CYJtCpS_lGj3XrIYmYciSa-lWgS-kuHM8UUIgmlkgnY0im11bHRpYWRkcnOAgnJzkwADCAAAAAEAAgADAAQABQAGAAeJc2VjcDI1NmsxoQITT-aUU282tNaAf9-DILYLvGByI79zs7g3FA6-hCoZaIN0Y3CC3BCDdWRwgtY_hXdha3UyLQ add=true
[2026-10-06 14:10:04.808] [out] [delivery_module] DBG 2026-10-06 14:10:04.808+02:00 Subscribing to pubsub topic                topics="waku relay" tid=17249915 pubsubTopic=/waku/2/rs/3/2
[2026-10-06 14:10:04.808] [out] [delivery_module] DBG 2026-10-06 14:10:04.808+02:00 peer filtering updated                     topics="waku discv5" tid=17249915
[2026-10-06 14:10:04.808] [out] [delivery_module] DBG 2026-10-06 14:10:04.808+02:00 ENR shards updated                         topics="waku discv5" tid=17249915 enrUri=enr:-K24QIVXmvKwHaUUaQuNwKu4QI55l-s6ie3DxdFYXxFCJk9iNdtgrSGA-7tSkr2cWwKQvjbcv2PmHYpUkD5VvWvaGDsJgmlkgnY0im11bHRpYWRkcnOAgnJzkwADCAAAAAEAAgADAAQABQAGAAeJc2VjcDI1NmsxoQITT-aUU282tNaAf9-DILYLvGByI79zs7g3FA6-hCoZaIN0Y3CC3BCDdWRwgtY_hXdha3UyLQ add=true
[2026-10-06 14:10:04.808] [out] [delivery_module] DBG 2026-10-06 14:10:04.808+02:00 Subscribing to pubsub topic                topics="waku relay" tid=17249915 pubsubTopic=/waku/2/rs/3/3
[2026-10-06 14:10:04.808] [out] [delivery_module] DBG 2026-10-06 14:10:04.808+02:00 peer filtering updated                     topics="waku discv5" tid=17249915
[2026-10-06 14:10:04.808] [out] [delivery_module] DBG 2026-10-06 14:10:04.808+02:00 ENR shards updated                         topics="waku discv5" tid=17249915 enrUri=enr:-K24QHGpID95N34gAqgtsRAgCTOFpsfVhB54djdlLxUzT7MzRsx0X8a9y1uA5Ga3gAwqwfNC3bEeC9pqtkLZzaH8O88KgmlkgnY0im11bHRpYWRkcnOAgnJzkwADCAAAAAEAAgADAAQABQAGAAeJc2VjcDI1NmsxoQITT-aUU282tNaAf9-DILYLvGByI79zs7g3FA6-hCoZaIN0Y3CC3BCDdWRwgtY_hXdha3UyLQ add=true
[2026-10-06 14:10:04.808] [out] [delivery_module] DBG 2026-10-06 14:10:04.808+02:00 Subscribing to pubsub topic                topics="waku relay" tid=17249915 pubsubTopic=/waku/2/rs/3/4
[2026-10-06 14:10:04.809] [out] [delivery_module] DBG 2026-10-06 14:10:04.809+02:00 peer filtering updated                     topics="waku discv5" tid=17249915
[2026-10-06 14:10:04.809] [out] [delivery_module] DBG 2026-10-06 14:10:04.809+02:00 ENR shards updated                         topics="waku discv5" tid=17249915 enrUri=enr:-K24QP3AgW0T_xY5Fyc9heclY0GZoN0pVVmniSFNzCWJ-5Z9Bqf7F_L-gvfSGG9CJFz54__4uKwqAr5DbUXHu50zS4sLgmlkgnY0im11bHRpYWRkcnOAgnJzkwADCAAAAAEAAgADAAQABQAGAAeJc2VjcDI1NmsxoQITT-aUU282tNaAf9-DILYLvGByI79zs7g3FA6-hCoZaIN0Y3CC3BCDdWRwgtY_hXdha3UyLQ add=true
[2026-10-06 14:10:04.809] [out] [delivery_module] DBG 2026-10-06 14:10:04.809+02:00 Subscribing to pubsub topic                topics="waku relay" tid=17249915 pubsubTopic=/waku/2/rs/3/5
[2026-10-06 14:10:04.809] [out] [delivery_module] DBG 2026-10-06 14:10:04.809+02:00 peer filtering updated                     topics="waku discv5" tid=17249915
[2026-10-06 14:10:04.809] [out] [delivery_module] DBG 2026-10-06 14:10:04.809+02:00 ENR shards updated                         topics="waku discv5" tid=17249915 enrUri=enr:-K24QGrkCHBxxb0GbaJmyZU24M-zI2Ibaq8o7m99HqaVA5xEQbsI1C_o7QFZfv25t8VkzGVZ4uxsJ68rZ3SkpMZs3mMMgmlkgnY0im11bHRpYWRkcnOAgnJzkwADCAAAAAEAAgADAAQABQAGAAeJc2VjcDI1NmsxoQITT-aUU282tNaAf9-DILYLvGByI79zs7g3FA6-hCoZaIN0Y3CC3BCDdWRwgtY_hXdha3UyLQ add=true
[2026-10-06 14:10:04.809] [out] [delivery_module] DBG 2026-10-06 14:10:04.809+02:00 Subscribing to pubsub topic                topics="waku relay" tid=17249915 pubsubTopic=/waku/2/rs/3/6
[2026-10-06 14:10:04.809] [out] [delivery_module] DBG 2026-10-06 14:10:04.809+02:00 peer filtering updated                     topics="waku discv5" tid=17249915
[2026-10-06 14:10:04.809] [out] [delivery_module] DBG 2026-10-06 14:10:04.809+02:00 ENR shards updated                         topics="waku discv5" tid=17249915 enrUri=enr:-K24QJdsGum84Wwi21IqQZgyGIG1EyM-eu4GqLbrtVcOEglnblWr-j54vQDIOMUWHCwo2hx_YAlLtK4Joshd0yL1NfsNgmlkgnY0im11bHRpYWRkcnOAgnJzkwADCAAAAAEAAgADAAQABQAGAAeJc2VjcDI1NmsxoQITT-aUU282tNaAf9-DILYLvGByI79zs7g3FA6-hCoZaIN0Y3CC3BCDdWRwgtY_hXdha3UyLQ add=true
[2026-10-06 14:10:04.809] [out] [delivery_module] NTC 2026-10-06 14:10:04.809+02:00 ENR carries no reachable host, so peers cannot dial this node. Set --nat, --ext-ip, --dns4-domain-name or --ext-multiaddr to advertise one topics="wakunode waku" tid=17249915
[2026-10-06 14:10:04.809] [out] [delivery_module] DBG 2026-10-06 14:10:04.809+02:00 register interest                          topics="service-disco discoverer" tid=17249915 service=/logos/delivery serviceId=key:E6738033B5D413D13CF58622CEB4EF8F392E8D4EB073B56A5486CB0431B2F5D8
[2026-10-06 14:10:04.809] [out] [delivery_module] DBG 2026-10-06 14:10:04.809+02:00 Lookup query                               topics="kad-dht find" tid=17249915 peer=16U*P1S397
[2026-10-06 14:10:04.809] [out] [delivery_module] DBG 2026-10-06 14:10:04.809+02:00 Lookup query                               topics="kad-dht find" tid=17249915 peer=16U*T3UNSE
[2026-10-06 14:10:04.809] [out] [delivery_module] DBG 2026-10-06 14:10:04.809+02:00 Lookup query                               topics="kad-dht find" tid=17249915 peer=16U*VpJprH
[2026-10-06 14:10:04.809] [out] [delivery_module] DBG 2026-10-06 14:10:04.809+02:00 Lookup query                               topics="kad-dht find" tid=17249915 peer=16U*kGyuEP
[2026-10-06 14:10:04.809] [out] [delivery_module] DBG 2026-10-06 14:10:04.809+02:00 Lookup query                               topics="kad-dht find" tid=17249915 peer=16U*NSkuby
[2026-10-06 14:10:04.809] [out] [delivery_module] DBG 2026-10-06 14:10:04.809+02:00 Lookup query                               topics="kad-dht find" tid=17249915 peer=16U*TwqBiH
[2026-10-06 14:10:04.809] [out] [delivery_module] DBG 2026-10-06 14:10:04.809+02:00 Added service to discover                  topics="waku service discovery" tid=17249915 service=/logos/delivery
[2026-10-06 14:10:04.810] [out] [delivery_module] DBG 2026-10-06 14:10:04.809+02:00 Added provided service                     topics="service-disco advertiser" tid=17249915 service=/logos/delivery serviceId=key:E6738033B5D413D13CF58622CEB4EF8F392E8D4EB073B56A5486CB0431B2F5D8
[2026-10-06 14:10:04.810] [out] [delivery_module] DBG 2026-10-06 14:10:04.810+02:00 Cannot insert self in routing table        topics="kad-dht rtable" tid=17249915 nodeId=key:00250802122102134FE694536F36B4D6807FDF8320B60BBC607223BF73B3B837140EBE842A1968
[2026-10-06 14:10:04.810] [out] [delivery_module] DBG 2026-10-06 14:10:04.810+02:00 Cannot insert self in routing table        topics="kad-dht rtable" tid=17249915 nodeId=key:00250802122102134FE694536F36B4D6807FDF8320B60BBC607223BF73B3B837140EBE842A1968
[2026-10-06 14:10:04.811] [out] [delivery_module] DBG 2026-10-06 14:10:04.811+02:00 Added service to advertise                 topics="waku service discovery" tid=17249915 service=/logos/delivery
[2026-10-06 14:10:04.811] [out] [delivery_module] INF 2026-10-06 14:10:04.811+02:00 advertising this node on the delivery network topics="waku discovery advertise" tid=17249915 backend=service protocols="[/vac/waku/relay/2.0.0, /vac/waku/filter-subscribe/2.0.0-beta1, /vac/waku/lightpush/3.0.0, /mix/1.0.0]"
[2026-10-06 14:10:04.811] [out] [delivery_module] DBG 2026-10-06 14:10:04.811+02:00 register interest                          topics="service-disco discoverer" tid=17249915 service=/mix/1.0.0 serviceId=key:913B5C5DBE691438693215140388EC0C7DE80DE328BDE5BD7FC06F90568CEA40
[2026-10-06 14:10:04.811] [out] [delivery_module] DBG 2026-10-06 14:10:04.811+02:00 Lookup query                               topics="kad-dht find" tid=17249915 peer=16U*kGyuEP
[2026-10-06 14:10:04.811] [out] [delivery_module] DBG 2026-10-06 14:10:04.811+02:00 Lookup query                               topics="kad-dht find" tid=17249915 peer=16U*T3UNSE
[2026-10-06 14:10:04.811] [out] [delivery_module] DBG 2026-10-06 14:10:04.811+02:00 Lookup query                               topics="kad-dht find" tid=17249915 peer=16U*P1S397
[2026-10-06 14:10:04.811] [out] [delivery_module] DBG 2026-10-06 14:10:04.811+02:00 Lookup query                               topics="kad-dht find" tid=17249915 peer=16U*VpJprH
[2026-10-06 14:10:04.811] [out] [delivery_module] DBG 2026-10-06 14:10:04.811+02:00 Lookup query                               topics="kad-dht find" tid=17249915 peer=16U*TwqBiH
[2026-10-06 14:10:04.811] [out] [delivery_module] DBG 2026-10-06 14:10:04.811+02:00 Lookup query                               topics="kad-dht find" tid=17249915 peer=16U*NSkuby
[2026-10-06 14:10:04.811] [out] [delivery_module] DBG 2026-10-06 14:10:04.811+02:00 Added service to discover                  topics="waku service discovery" tid=17249915 service=/mix/1.0.0
[2026-10-06 14:10:04.812] [out] [delivery_module] DBG 2026-10-06 14:10:04.812+02:00 Added provided service                     topics="service-disco advertiser" tid=17249915 service=/mix/1.0.0 serviceId=key:913B5C5DBE691438693215140388EC0C7DE80DE328BDE5BD7FC06F90568CEA40
[2026-10-06 14:10:04.812] [out] [delivery_module] DBG 2026-10-06 14:10:04.812+02:00 Added service to advertise                 topics="waku service discovery" tid=17249915 service=/mix/1.0.0
[2026-10-06 14:10:04.812] [out] [delivery_module] INF 2026-10-06 14:10:04.812+02:00 advertising this node as a mix node        topics="waku discovery advertise" tid=17249915 backend=service
[2026-10-06 14:10:04.812] [out] [delivery_module] INF 2026-10-06 14:10:04.812+02:00 Health monitor loop start                  tid=17249915
[2026-10-06 14:10:04.813] [out] [delivery_module] DBG 2026-10-06 14:10:04.813+02:00 calculateConnectionState                   tid=17249915 relayCount=6 storeClientCount=6 lightpushCount=6 filterCount=6
[2026-10-06 14:10:04.813] [out] [delivery_module] DBG 2026-10-06 14:10:04.813+02:00 connectionStatus change                    tid=17249915 oldstatus=Disconnected newstatus=Connected
[2026-10-06 14:10:04.813] [out] [delivery_module] INF 2026-10-06 14:10:04.813+02:00 starting keepalive                         tid=17249915 randomPeersKeepalive=10s allPeersKeepalive=2m
[2026-10-06 14:10:04.813] [out] [delivery_module] DBG 2026-10-06 14:10:04.813+02:00 no listener registered                     tid=17249916 event=onTopicHealthChange
[2026-10-06 14:10:04.813] [out] [delivery_module] DBG 2026-10-06 14:10:04.813+02:00 no listener registered                     tid=17249916 event=onTopicHealthChange
[2026-10-06 14:10:04.813] [out] [delivery_module] DBG 2026-10-06 14:10:04.813+02:00 no listener registered                     tid=17249916 event=onTopicHealthChange
[2026-10-06 14:10:04.813] [out] [delivery_module] DBG 2026-10-06 14:10:04.813+02:00 no listener registered                     tid=17249916 event=onTopicHealthChange
[2026-10-06 14:10:04.813] [out] [delivery_module] DBG 2026-10-06 14:10:04.813+02:00 no listener registered                     tid=17249916 event=onTopicHealthChange
[2026-10-06 14:10:04.813] [out] [delivery_module] DBG 2026-10-06 14:10:04.813+02:00 no listener registered                     tid=17249916 event=onTopicHealthChange
[2026-10-06 14:10:04.813] [out] [delivery_module] DBG 2026-10-06 14:10:04.813+02:00 no listener registered                     tid=17249916 event=onTopicHealthChange
[2026-10-06 14:10:04.885] [out] [delivery_module] DBG 2026-10-06 14:10:04.884+02:00 Received WakuMetadata request              topics="waku metadata" tid=17249915 remoteClusterId=ok(3) remoteShards="[5, 0, 2, 1, 4, 7, 3, 6]" localClusterId=3 localShards="[5, 0, 2, 1, 4, 7, 3, 6]" peer=16U*T3UNSE
[2026-10-06 14:10:04.885] [out] [delivery_module] DBG 2026-10-06 14:10:04.885+02:00 Received WakuMetadata request              topics="waku metadata" tid=17249915 remoteClusterId=ok(3) remoteShards="[5, 0, 2, 1, 4, 7, 3, 6]" localClusterId=3 localShards="[5, 0, 2, 1, 4, 7, 3, 6]" peer=16U*TwqBiH
[2026-10-06 14:10:04.885] [out] [delivery_module] DBG 2026-10-06 14:10:04.885+02:00 no listener registered                     tid=17249916 event=onConnectionChange
[2026-10-06 14:10:04.916] [out] [delivery_module] DBG 2026-10-06 14:10:04.916+02:00 calculateConnectionState                   tid=17249915 relayCount=6 storeClientCount=6 lightpushCount=6 filterCount=6
[2026-10-06 14:10:04.989] [out] [delivery_module] DBG 2026-10-06 14:10:04.989+02:00 Received WakuMetadata request              topics="waku metadata" tid=17249915 remoteClusterId=ok(3) remoteShards="[5, 0, 2, 1, 4, 7, 3, 6]" localClusterId=3 localShards="[5, 0, 2, 1, 4, 7, 3, 6]" peer=16U*kGyuEP
[2026-10-06 14:10:04.990] [out] [delivery_module] DBG 2026-10-06 14:10:04.990+02:00 no listener registered                     tid=17249916 event=onConnectionChange
[2026-10-06 14:10:05.018] [out] [delivery_module] DBG 2026-10-06 14:10:05.018+02:00 calculateConnectionState                   tid=17249915 relayCount=6 storeClientCount=6 lightpushCount=6 filterCount=6
[2026-10-06 14:10:05.086] [out] [delivery_module] INF 2026-10-06 14:10:05.086+02:00 Node is online                             topics="waku online monitor" tid=17249915
[2026-10-06 14:10:05.798] [out] [delivery_module] DBG 2026-10-06 14:10:05.798+02:00 Lookup query                               topics="kad-dht find" tid=17249915 peer=16U*T3UNSE
[2026-10-06 14:10:05.798] [out] [delivery_module] DBG 2026-10-06 14:10:05.798+02:00 Lookup query                               topics="kad-dht find" tid=17249915 peer=16U*P1S397
[2026-10-06 14:10:05.799] [out] [delivery_module] DBG 2026-10-06 14:10:05.798+02:00 Lookup query                               topics="kad-dht find" tid=17249915 peer=16U*VpJprH
[2026-10-06 14:10:05.799] [out] [delivery_module] DBG 2026-10-06 14:10:05.799+02:00 Lookup query                               topics="kad-dht find" tid=17249915 peer=16U*kGyuEP
[2026-10-06 14:10:05.799] [out] [delivery_module] DBG 2026-10-06 14:10:05.799+02:00 Lookup query                               topics="kad-dht find" tid=17249915 peer=16U*NSkuby
[2026-10-06 14:10:05.799] [out] [delivery_module] DBG 2026-10-06 14:10:05.799+02:00 Lookup query                               topics="kad-dht find" tid=17249915 peer=16U*TwqBiH
[2026-10-06 14:10:05.799] [out] [delivery_module] DBG 2026-10-06 14:10:05.799+02:00 Kad lookup: RPC error                      topics="kad-dht find" tid=17249915 peer=16U*T3UNSE msg="dialStage: timed out dialing the peer"
[2026-10-06 14:10:05.799] [out] [delivery_module] DBG 2026-10-06 14:10:05.799+02:00 Kad lookup: RPC error                      topics="kad-dht find" tid=17249915 peer=16U*P1S397 msg="dialStage: timed out dialing the peer"
[2026-10-06 14:10:05.799] [out] [delivery_module] DBG 2026-10-06 14:10:05.799+02:00 Kad lookup: RPC error                      topics="kad-dht find" tid=17249915 peer=16U*NSkuby msg="dialStage: timed out dialing the peer"
[2026-10-06 14:10:05.799] [out] [delivery_module] DBG 2026-10-06 14:10:05.799+02:00 Kad lookup: RPC error                      topics="kad-dht find" tid=17249915 peer=16U*kGyuEP msg="dialStage: timed out dialing the peer"
[2026-10-06 14:10:05.799] [out] [delivery_module] DBG 2026-10-06 14:10:05.799+02:00 Kad lookup: RPC error                      topics="kad-dht find" tid=17249915 peer=16U*TwqBiH msg="dialStage: timed out dialing the peer"
[2026-10-06 14:10:05.799] [out] [delivery_module] DBG 2026-10-06 14:10:05.799+02:00 Kad lookup: RPC error                      topics="kad-dht find" tid=17249915 peer=16U*VpJprH msg="dialStage: timed out dialing the peer"
[2026-10-06 14:10:05.833] [out] [delivery_module] DBG 2026-10-06 14:10:05.833+02:00 no listener registered                     tid=17249916 event=onConnectionChange
[2026-10-06 14:10:05.834] [out] [delivery_module] DBG 2026-10-06 14:10:05.834+02:00 calculateConnectionState                   tid=17249915 relayCount=6 storeClientCount=6 lightpushCount=6 filterCount=6
[2026-10-06 14:10:06.065] [out] [delivery_module] DBG 2026-10-06 14:10:06.065+02:00 no listener registered                     tid=17249916 event=onConnectionChange
[2026-10-06 14:10:06.065] [out] [delivery_module] DBG 2026-10-06 14:10:06.065+02:00 calculateConnectionState                   tid=17249915 relayCount=6 storeClientCount=6 lightpushCount=6 filterCount=6
[2026-10-06 14:10:06.904] [out] [delivery_module] DBG 2026-10-06 14:10:06.904+02:00 no listener registered                     tid=17249916 event=onConnectionChange
[2026-10-06 14:10:06.906] [out] [delivery_module] DBG 2026-10-06 14:10:06.906+02:00 calculateConnectionState                   tid=17249915 relayCount=6 storeClientCount=6 lightpushCount=6 filterCount=6
[2026-10-06 14:10:06.991] [out] [delivery_module] DBG 2026-10-06 14:10:06.991+02:00 Dialing peer                               topics="libp2p dialer" tid=17249915 peerId=16U*7ZEp3L addrs="[/ip4/192.168.1.3/udp/56395/quic-v1, /ip4/192.168.1.3/tcp/49737]"
[2026-10-06 14:10:06.991] [out] [delivery_module] DBG 2026-10-06 14:10:06.991+02:00 Expanded address and hostname              topics="libp2p dialer" tid=17249915 expandedAddress=/ip4/192.168.1.3/udp/56395/quic-v1 hostname=192.168.1.3 resolvedAddresses="[/ip4/192.168.1.3/udp/56395/quic-v1]"
[2026-10-06 14:10:06.991] [out] [delivery_module] DBG 2026-10-06 14:10:06.991+02:00 New connection established: client         tid=17249915
[2026-10-06 14:10:07.309] [out] [delivery_module] DBG 2026-10-06 14:10:07.308+02:00 Lookup query                               topics="kad-dht find" tid=17249915 peer=16U*7ZEp3L
[2026-10-06 14:10:07.746] [out] [delivery_module] DBG 2026-10-06 14:10:07.746+02:00 Lookup query                               topics="kad-dht find" tid=17249915 peer=16U*7ZEp3L
[2026-10-06 14:10:08.806] [out] [delivery_module] DBG 2026-10-06 14:10:08.805+02:00 getting adverts                            topics="service-disco discoverer" tid=17249915 serviceId=key:913B5C5DBE691438693215140388EC0C7DE80DE328BDE5BD7FC06F90568CEA40 registrar=16U*TwqBiH
[2026-10-06 14:10:08.806] [out] [delivery_module] DBG 2026-10-06 14:10:08.806+02:00 getting adverts                            topics="service-disco discoverer" tid=17249915 serviceId=key:913B5C5DBE691438693215140388EC0C7DE80DE328BDE5BD7FC06F90568CEA40 registrar=16U*NSkuby
[2026-10-06 14:10:08.806] [out] [delivery_module] DBG 2026-10-06 14:10:08.806+02:00 getting adverts                            topics="service-disco discoverer" tid=17249915 serviceId=key:913B5C5DBE691438693215140388EC0C7DE80DE328BDE5BD7FC06F90568CEA40 registrar=16U*B3TT6o
[2026-10-06 14:10:08.806] [out] [delivery_module] DBG 2026-10-06 14:10:08.806+02:00 Cannot insert self in routing table        topics="kad-dht rtable" tid=17249915 nodeId=key:00250802122102134FE694536F36B4D6807FDF8320B60BBC607223BF73B3B837140EBE842A1968
[2026-10-06 14:10:08.807] [out] [delivery_module] DBG 2026-10-06 14:10:08.807+02:00 adverts found                              topics="service-disco discoverer" tid=17249915 serviceId=key:913B5C5DBE691438693215140388EC0C7DE80DE328BDE5BD7FC06F90568CEA40 remote=16U*B3TT6o count=0
[2026-10-06 14:10:08.808] [out] [delivery_module] DBG 2026-10-06 14:10:08.808+02:00 getting adverts                            topics="service-disco discoverer" tid=17249915 serviceId=key:E6738033B5D413D13CF58622CEB4EF8F392E8D4EB073B56A5486CB0431B2F5D8 registrar=16U*NSkuby
[2026-10-06 14:10:08.808] [out] [delivery_module] DBG 2026-10-06 14:10:08.808+02:00 getting adverts                            topics="service-disco discoverer" tid=17249915 serviceId=key:E6738033B5D413D13CF58622CEB4EF8F392E8D4EB073B56A5486CB0431B2F5D8 registrar=16U*TwqBiH
[2026-10-06 14:10:08.808] [out] [delivery_module] DBG 2026-10-06 14:10:08.808+02:00 getting adverts                            topics="service-disco discoverer" tid=17249915 serviceId=key:E6738033B5D413D13CF58622CEB4EF8F392E8D4EB073B56A5486CB0431B2F5D8 registrar=16U*B3TT6o
[2026-10-06 14:10:08.808] [out] [delivery_module] DBG 2026-10-06 14:10:08.808+02:00 Cannot insert self in routing table        topics="kad-dht rtable" tid=17249915 nodeId=key:00250802122102134FE694536F36B4D6807FDF8320B60BBC607223BF73B3B837140EBE842A1968
[2026-10-06 14:10:08.808] [out] [delivery_module] DBG 2026-10-06 14:10:08.808+02:00 adverts found                              topics="service-disco discoverer" tid=17249915 serviceId=key:E6738033B5D413D13CF58622CEB4EF8F392E8D4EB073B56A5486CB0431B2F5D8 remote=16U*B3TT6o count=1
[2026-10-06 14:10:09.696] [out] [delivery_module] INF 2026-10-06 14:10:09.695+02:00 Message received                           tid=17249915 msg_hash=0xf49d4fac86f84417c8a76c04a353cfcec21fcd922b226d6ac46d27dafcbbcf5b contentTopic=/lp0026forum/1/general/text pubsubTopic=/waku/2/rs/3/7 source=history
[2026-10-06 14:10:09.807] [out] [delivery_module] DBG 2026-10-06 14:10:09.807+02:00 Lookup query                               topics="kad-dht find" tid=17249915 peer=16U*T3UNSE
[2026-10-06 14:10:09.807] [out] [delivery_module] DBG 2026-10-06 14:10:09.807+02:00 Lookup query                               topics="kad-dht find" tid=17249915 peer=16U*VpJprH
[2026-10-06 14:10:09.807] [out] [delivery_module] DBG 2026-10-06 14:10:09.807+02:00 Lookup query                               topics="kad-dht find" tid=17249915 peer=16U*kGyuEP
[2026-10-06 14:10:09.807] [out] [delivery_module] DBG 2026-10-06 14:10:09.807+02:00 Kad lookup: RPC error                      topics="kad-dht find" tid=17249915 peer=16U*VpJprH msg="dialStage: timed out dialing the peer"
[2026-10-06 14:10:09.808] [out] [delivery_module] DBG 2026-10-06 14:10:09.808+02:00 Kad lookup: RPC error                      topics="kad-dht find" tid=17249915 peer=16U*T3UNSE msg="readStage: timed out waiting for reply"
[2026-10-06 14:10:09.808] [out] [delivery_module] DBG 2026-10-06 14:10:09.808+02:00 Kad lookup: RPC error                      topics="kad-dht find" tid=17249915 peer=16U*kGyuEP msg="readStage: timed out waiting for reply"
[2026-10-06 14:10:09.810] [out] [delivery_module] DBG 2026-10-06 14:10:09.810+02:00 ENR addresses updated                      topics="waku enr" tid=17249915 retained=0 total=0
[2026-10-06 14:10:09.810] [out] [delivery_module] INF 2026-10-06 14:10:09.810+02:00 ENR reconciled with the discv5 record      topics="wakunode waku" tid=17249915 enr=enr:-K24QODiFDiljuljeEek8SZ1zArS-a2UQeldQXa3fnNpDK1rTYC-Y7-8Txu8Bkywik6a6aDreWXPGsKN1_1R-f2K8OwOgmlkgnY0im11bHRpYWRkcnOAgnJzkwADCAAAAAEAAgADAAQABQAGAAeJc2VjcDI1NmsxoQITT-aUU282tNaAf9-DILYLvGByI79zs7g3FA6-hCoZaIN0Y3CC3BCDdWRwgtY_hXdha3UyLQ
[2026-10-06 14:10:09.810] [out] [delivery_module] DBG 2026-10-06 14:10:09.810+02:00 Lookup query                               topics="kad-dht find" tid=17249915 peer=16U*P1S397
[2026-10-06 14:10:09.810] [out] [delivery_module] DBG 2026-10-06 14:10:09.810+02:00 Lookup query                               topics="kad-dht find" tid=17249915 peer=16U*T3UNSE
[2026-10-06 14:10:09.810] [out] [delivery_module] DBG 2026-10-06 14:10:09.810+02:00 Lookup query                               topics="kad-dht find" tid=17249915 peer=16U*VpJprH
[2026-10-06 14:10:09.810] [out] [delivery_module] DBG 2026-10-06 14:10:09.810+02:00 Lookup query                               topics="kad-dht find" tid=17249915 peer=16U*kGyuEP
[2026-10-06 14:10:09.810] [out] [delivery_module] DBG 2026-10-06 14:10:09.810+02:00 Lookup query                               topics="kad-dht find" tid=17249915 peer=16U*TwqBiH
[2026-10-06 14:10:09.811] [out] [delivery_module] DBG 2026-10-06 14:10:09.811+02:00 Kad lookup: RPC error                      topics="kad-dht find" tid=17249915 peer=16U*VpJprH msg="dialStage: timed out dialing the peer"
[2026-10-06 14:10:09.811] [out] [delivery_module] DBG 2026-10-06 14:10:09.811+02:00 Kad lookup: RPC error                      topics="kad-dht find" tid=17249915 peer=16U*T3UNSE msg="dialStage: timed out dialing the peer"
[2026-10-06 14:10:09.811] [out] [delivery_module] DBG 2026-10-06 14:10:09.811+02:00 Kad lookup: RPC error                      topics="kad-dht find" tid=17249915 peer=16U*kGyuEP msg="dialStage: timed out dialing the peer"
[2026-10-06 14:10:09.811] [out] [delivery_module] DBG 2026-10-06 14:10:09.811+02:00 Kad lookup: RPC error                      topics="kad-dht find" tid=17249915 peer=16U*P1S397 msg="readStage: timed out waiting for reply"
[2026-10-06 14:10:09.811] [out] [delivery_module] DBG 2026-10-06 14:10:09.811+02:00 Kad lookup: RPC error                      topics="kad-dht find" tid=17249915 peer=16U*TwqBiH msg="readStage: timed out waiting for reply"
[2026-10-06 14:10:09.811] [out] [delivery_module] DBG 2026-10-06 14:10:09.811+02:00 Lookup query                               topics="kad-dht find" tid=17249915 peer=16U*kGyuEP
[2026-10-06 14:10:09.811] [out] [delivery_module] DBG 2026-10-06 14:10:09.811+02:00 Lookup query                               topics="kad-dht find" tid=17249915 peer=16U*T3UNSE
[2026-10-06 14:10:09.811] [out] [delivery_module] DBG 2026-10-06 14:10:09.811+02:00 Lookup query                               topics="kad-dht find" tid=17249915 peer=16U*P1S397
[2026-10-06 14:10:09.812] [out] [delivery_module] DBG 2026-10-06 14:10:09.812+02:00 Lookup query                               topics="kad-dht find" tid=17249915 peer=16U*VpJprH
[2026-10-06 14:10:09.812] [out] [delivery_module] DBG 2026-10-06 14:10:09.812+02:00 Lookup query                               topics="kad-dht find" tid=17249915 peer=16U*TwqBiH
[2026-10-06 14:10:09.812] [out] [delivery_module] DBG 2026-10-06 14:10:09.812+02:00 Lookup query                               topics="kad-dht find" tid=17249915 peer=16U*NSkuby
[2026-10-06 14:10:09.812] [out] [delivery_module] DBG 2026-10-06 14:10:09.812+02:00 Kad lookup: RPC error                      topics="kad-dht find" tid=17249915 peer=16U*kGyuEP msg="dialStage: timed out dialing the peer"
[2026-10-06 14:10:09.812] [out] [delivery_module] DBG 2026-10-06 14:10:09.812+02:00 Kad lookup: RPC error                      topics="kad-dht find" tid=17249915 peer=16U*T3UNSE msg="dialStage: timed out dialing the peer"
[2026-10-06 14:10:09.812] [out] [delivery_module] DBG 2026-10-06 14:10:09.812+02:00 Kad lookup: RPC error                      topics="kad-dht find" tid=17249915 peer=16U*P1S397 msg="dialStage: timed out dialing the peer"
[2026-10-06 14:10:09.812] [out] [delivery_module] DBG 2026-10-06 14:10:09.812+02:00 Kad lookup: RPC error                      topics="kad-dht find" tid=17249915 peer=16U*TwqBiH msg="dialStage: timed out dialing the peer"
[2026-10-06 14:10:09.812] [out] [delivery_module] DBG 2026-10-06 14:10:09.812+02:00 Kad lookup: RPC error                      topics="kad-dht find" tid=17249915 peer=16U*VpJprH msg="dialStage: timed out dialing the peer"
[2026-10-06 14:10:09.812] [out] [delivery_module] DBG 2026-10-06 14:10:09.812+02:00 Kad lookup: RPC error                      topics="kad-dht find" tid=17249915 peer=16U*NSkuby msg="readStage: timed out waiting for reply"
[2026-10-06 14:10:09.993] [out] [delivery_module] DBG 2026-10-06 14:10:09.993+02:00 Dialing failed                             topics="libp2p dialer" tid=17249915 description="quic dial timed out after 3s" peerId=16U*7ZEp3L address=/ip4/192.168.1.3/udp/56395/quic-v1 hostname=192.168.1.3
[2026-10-06 14:10:09.993] [out] [delivery_module] DBG 2026-10-06 14:10:09.993+02:00 Expanded address and hostname              topics="libp2p dialer" tid=17249915 expandedAddress=/ip4/192.168.1.3/tcp/49737 hostname=192.168.1.3 resolvedAddresses="[/ip4/192.168.1.3/tcp/49737]"
[2026-10-06 14:10:10.427] [out] [delivery_module] DBG 2026-10-06 14:10:10.427+02:00 no listener registered                     tid=17249916 event=onConnectionChange
[2026-10-06 14:10:10.428] [out] [delivery_module] DBG 2026-10-06 14:10:10.428+02:00 calculateConnectionState                   tid=17249915 relayCount=6 storeClientCount=6 lightpushCount=6 filterCount=6
[2026-10-06 14:10:10.530] [out] [delivery_module] DBG 2026-10-06 14:10:10.530+02:00 calculateConnectionState                   tid=17249915 relayCount=6 storeClientCount=6 lightpushCount=6 filterCount=6
[2026-10-06 14:10:10.798] [out] [delivery_module] DBG 2026-10-06 14:10:10.798+02:00 Waku rendezvous advertisements failed      topics="waku rendezvous" tid=17249915 error="could not establish any connections to rendezvous peers"
[2026-10-06 14:10:10.799] [out] [delivery_module] DBG 2026-10-06 14:10:10.799+02:00 Lookup query                               topics="kad-dht find" tid=17249915 peer=16U*T3UNSE
[2026-10-06 14:10:10.799] [out] [delivery_module] DBG 2026-10-06 14:10:10.799+02:00 Lookup query                               topics="kad-dht find" tid=17249915 peer=16U*P1S397
[2026-10-06 14:10:10.799] [out] [delivery_module] DBG 2026-10-06 14:10:10.799+02:00 Lookup query                               topics="kad-dht find" tid=17249915 peer=16U*VpJprH
[2026-10-06 14:10:10.799] [out] [delivery_module] DBG 2026-10-06 14:10:10.799+02:00 Lookup query                               topics="kad-dht find" tid=17249915 peer=16U*kGyuEP
[2026-10-06 14:10:10.799] [out] [delivery_module] DBG 2026-10-06 14:10:10.799+02:00 Lookup query                               topics="kad-dht find" tid=17249915 peer=16U*NSkuby
[2026-10-06 14:10:10.799] [out] [delivery_module] DBG 2026-10-06 14:10:10.799+02:00 Lookup query                               topics="kad-dht find" tid=17249915 peer=16U*TwqBiH
[2026-10-06 14:10:10.800] [out] [delivery_module] DBG 2026-10-06 14:10:10.800+02:00 Kad lookup: RPC error                      topics="kad-dht find" tid=17249915 peer=16U*P1S397 msg="dialStage: timed out dialing the peer"
[2026-10-06 14:10:10.800] [out] [delivery_module] DBG 2026-10-06 14:10:10.800+02:00 Kad lookup: RPC error                      topics="kad-dht find" tid=17249915 peer=16U*VpJprH msg="dialStage: timed out dialing the peer"
[2026-10-06 14:10:10.800] [out] [delivery_module] DBG 2026-10-06 14:10:10.800+02:00 Kad lookup: RPC error                      topics="kad-dht find" tid=17249915 peer=16U*T3UNSE msg="dialStage: timed out dialing the peer"
[2026-10-06 14:10:10.800] [out] [delivery_module] DBG 2026-10-06 14:10:10.800+02:00 Kad lookup: RPC error                      topics="kad-dht find" tid=17249915 peer=16U*kGyuEP msg="dialStage: timed out dialing the peer"
[2026-10-06 14:10:10.800] [out] [delivery_module] DBG 2026-10-06 14:10:10.800+02:00 Kad lookup: RPC error                      topics="kad-dht find" tid=17249915 peer=16U*TwqBiH msg="dialStage: timed out dialing the peer"
[2026-10-06 14:10:10.800] [out] [delivery_module] DBG 2026-10-06 14:10:10.800+02:00 Kad lookup: RPC error                      topics="kad-dht find" tid=17249915 peer=16U*NSkuby msg="dialStage: timed out dialing the peer"
[2026-10-06 14:10:11.274] [out] [delivery_module] DBG 2026-10-06 14:10:11.274+02:00 adverts found                              topics="service-disco discoverer" tid=17249915 serviceId=key:913B5C5DBE691438693215140388EC0C7DE80DE328BDE5BD7FC06F90568CEA40 remote=16U*TwqBiH count=0
[2026-10-06 14:10:11.274] [out] [delivery_module] DBG 2026-10-06 14:10:11.274+02:00 adverts found                              topics="service-disco discoverer" tid=17249915 serviceId=key:E6738033B5D413D13CF58622CEB4EF8F392E8D4EB073B56A5486CB0431B2F5D8 remote=16U*TwqBiH count=4
[2026-10-06 14:10:11.390] [out] [delivery_module] DBG 2026-10-06 14:10:11.389+02:00 adverts found                              topics="service-disco discoverer" tid=17249915 serviceId=key:913B5C5DBE691438693215140388EC0C7DE80DE328BDE5BD7FC06F90568CEA40 remote=16U*NSkuby count=3
[2026-10-06 14:10:11.390] [out] [delivery_module] DBG 2026-10-06 14:10:11.390+02:00 adverts found                              topics="service-disco discoverer" tid=17249915 serviceId=key:E6738033B5D413D13CF58622CEB4EF8F392E8D4EB073B56A5486CB0431B2F5D8 remote=16U*NSkuby count=3
[2026-10-06 14:10:11.391] [out] [delivery_module] DBG 2026-10-06 14:10:11.391+02:00 getting adverts                            topics="service-disco discoverer" tid=17249915 serviceId=key:913B5C5DBE691438693215140388EC0C7DE80DE328BDE5BD7FC06F90568CEA40 registrar=16U*T3UNSE
[2026-10-06 14:10:11.391] [out] [delivery_module] DBG 2026-10-06 14:10:11.391+02:00 getting adverts                            topics="service-disco discoverer" tid=17249915 serviceId=key:913B5C5DBE691438693215140388EC0C7DE80DE328BDE5BD7FC06F90568CEA40 registrar=16U*P1S397
[2026-10-06 14:10:11.391] [out] [delivery_module] DBG 2026-10-06 14:10:11.391+02:00 getting adverts                            topics="service-disco discoverer" tid=17249915 serviceId=key:913B5C5DBE691438693215140388EC0C7DE80DE328BDE5BD7FC06F90568CEA40 registrar=16U*VpJprH
[2026-10-06 14:10:11.391] [out] [delivery_module] DBG 2026-10-06 14:10:11.391+02:00 getting adverts                            topics="service-disco discoverer" tid=17249915 serviceId=key:E6738033B5D413D13CF58622CEB4EF8F392E8D4EB073B56A5486CB0431B2F5D8 registrar=16U*kGyuEP
[2026-10-06 14:10:11.486] [out] [delivery_module] DBG 2026-10-06 14:10:11.486+02:00 Lookup query                               topics="kad-dht find" tid=17249915 peer=16U*7ZEp3L
[2026-10-06 14:10:11.565] [out] [delivery_module] DBG 2026-10-06 14:10:11.565+02:00 adverts found                              topics="service-disco discoverer" tid=17249915 serviceId=key:913B5C5DBE691438693215140388EC0C7DE80DE328BDE5BD7FC06F90568CEA40 remote=16U*VpJprH count=3
[2026-10-06 14:10:11.566] [out] [delivery_module] DBG 2026-10-06 14:10:11.566+02:00 Lookup query                               topics="kad-dht find" tid=17249915 peer=16U*7ZEp3L
[2026-10-06 14:10:11.807] [out] [delivery_module] DBG 2026-10-06 14:10:11.807+02:00 Dialing multiple peers                     topics="waku node peer_manager" tid=17249915 numOfPeers=1 nodes=@[16Uiu2HAmAResE15q4BDR96fpXuErsrxP4kzNDeA9LpPsbh7ZEp3L]
[2026-10-06 14:10:11.833] [out] [delivery_module] DBG 2026-10-06 14:10:11.833+02:00 adverts found                              topics="service-disco discoverer" tid=17249915 serviceId=key:913B5C5DBE691438693215140388EC0C7DE80DE328BDE5BD7FC06F90568CEA40 remote=16U*P1S397 count=2
[2026-10-06 14:10:11.915] [out] [delivery_module] DBG 2026-10-06 14:10:11.915+02:00 adverts found                              topics="service-disco discoverer" tid=17249915 serviceId=key:E6738033B5D413D13CF58622CEB4EF8F392E8D4EB073B56A5486CB0431B2F5D8 remote=16U*kGyuEP count=1
[2026-10-06 14:10:11.915] [out] [delivery_module] DBG 2026-10-06 14:10:11.915+02:00 adverts found                              topics="service-disco discoverer" tid=17249915 serviceId=key:913B5C5DBE691438693215140388EC0C7DE80DE328BDE5BD7FC06F90568CEA40 remote=16U*T3UNSE count=1
[2026-10-06 14:10:11.916] [out] [delivery_module] DBG 2026-10-06 14:10:11.916+02:00 getting adverts                            topics="service-disco discoverer" tid=17249915 serviceId=key:E6738033B5D413D13CF58622CEB4EF8F392E8D4EB073B56A5486CB0431B2F5D8 registrar=16U*VpJprH
[2026-10-06 14:10:11.916] [out] [delivery_module] DBG 2026-10-06 14:10:11.916+02:00 getting adverts                            topics="service-disco discoverer" tid=17249915 serviceId=key:913B5C5DBE691438693215140388EC0C7DE80DE328BDE5BD7FC06F90568CEA40 registrar=16U*kGyuEP
[2026-10-06 14:10:12.052] [out] [delivery_module] DBG 2026-10-06 14:10:12.052+02:00 Lookup query                               topics="kad-dht find" tid=17249915 peer=16U*TwqBiH
[2026-10-06 14:10:12.053] [out] [delivery_module] DBG 2026-10-06 14:10:12.053+02:00 Lookup query                               topics="kad-dht find" tid=17249915 peer=16U*NSkuby
[2026-10-06 14:10:12.053] [out] [delivery_module] DBG 2026-10-06 14:10:12.053+02:00 Lookup query                               topics="kad-dht find" tid=17249915 peer=16U*kGyuEP
[2026-10-06 14:10:12.053] [out] [delivery_module] DBG 2026-10-06 14:10:12.053+02:00 Lookup query                               topics="kad-dht find" tid=17249915 peer=16U*P1S397
[2026-10-06 14:10:12.053] [out] [delivery_module] DBG 2026-10-06 14:10:12.053+02:00 Lookup query                               topics="kad-dht find" tid=17249915 peer=16U*T3UNSE
[2026-10-06 14:10:12.053] [out] [delivery_module] DBG 2026-10-06 14:10:12.053+02:00 Lookup query                               topics="kad-dht find" tid=17249915 peer=16U*VpJprH
[2026-10-06 14:10:12.053] [out] [delivery_module] DBG 2026-10-06 14:10:12.053+02:00 Lookup query                               topics="kad-dht find" tid=17249915 peer=16U*kGyuEP
[2026-10-06 14:10:12.053] [out] [delivery_module] DBG 2026-10-06 14:10:12.053+02:00 Lookup query                               topics="kad-dht find" tid=17249915 peer=16U*T3UNSE
[2026-10-06 14:10:12.053] [out] [delivery_module] DBG 2026-10-06 14:10:12.053+02:00 Lookup query                               topics="kad-dht find" tid=17249915 peer=16U*P1S397
[2026-10-06 14:10:12.053] [out] [delivery_module] DBG 2026-10-06 14:10:12.053+02:00 Lookup query                               topics="kad-dht find" tid=17249915 peer=16U*VpJprH
[2026-10-06 14:10:12.053] [out] [delivery_module] DBG 2026-10-06 14:10:12.053+02:00 Lookup query                               topics="kad-dht find" tid=17249915 peer=16U*TwqBiH
[2026-10-06 14:10:12.053] [out] [delivery_module] DBG 2026-10-06 14:10:12.053+02:00 Lookup query                               topics="kad-dht find" tid=17249915 peer=16U*NSkuby
[2026-10-06 14:10:12.054] [out] [delivery_module] DBG 2026-10-06 14:10:12.054+02:00 Lookup query                               topics="kad-dht find" tid=17249915 peer=16U*VpJprH
[2026-10-06 14:10:12.054] [out] [delivery_module] DBG 2026-10-06 14:10:12.054+02:00 Lookup query                               topics="kad-dht find" tid=17249915 peer=16U*T3UNSE
[2026-10-06 14:10:12.054] [out] [delivery_module] DBG 2026-10-06 14:10:12.054+02:00 Lookup query                               topics="kad-dht find" tid=17249915 peer=16U*P1S397
[2026-10-06 14:10:12.054] [out] [delivery_module] DBG 2026-10-06 14:10:12.054+02:00 Lookup query                               topics="kad-dht find" tid=17249915 peer=16U*kGyuEP
[2026-10-06 14:10:12.054] [out] [delivery_module] DBG 2026-10-06 14:10:12.054+02:00 Lookup query                               topics="kad-dht find" tid=17249915 peer=16U*NSkuby
[2026-10-06 14:10:12.054] [out] [delivery_module] DBG 2026-10-06 14:10:12.054+02:00 Lookup query                               topics="kad-dht find" tid=17249915 peer=16U*TwqBiH
[2026-10-06 14:10:12.054] [out] [delivery_module] DBG 2026-10-06 14:10:12.054+02:00 Lookup query                               topics="kad-dht find" tid=17249915 peer=16U*P1S397
[2026-10-06 14:10:12.054] [out] [delivery_module] DBG 2026-10-06 14:10:12.054+02:00 Lookup query                               topics="kad-dht find" tid=17249915 peer=16U*T3UNSE
[2026-10-06 14:10:12.054] [out] [delivery_module] DBG 2026-10-06 14:10:12.054+02:00 Lookup query                               topics="kad-dht find" tid=17249915 peer=16U*VpJprH
[2026-10-06 14:10:12.054] [out] [delivery_module] DBG 2026-10-06 14:10:12.054+02:00 Lookup query                               topics="kad-dht find" tid=17249915 peer=16U*kGyuEP
[2026-10-06 14:10:12.054] [out] [delivery_module] DBG 2026-10-06 14:10:12.054+02:00 Lookup query                               topics="kad-dht find" tid=17249915 peer=16U*NSkuby
[2026-10-06 14:10:12.054] [out] [delivery_module] DBG 2026-10-06 14:10:12.054+02:00 Lookup query                               topics="kad-dht find" tid=17249915 peer=16U*TwqBiH
[2026-10-06 14:10:12.310] [out] [delivery_module] DBG 2026-10-06 14:10:12.310+02:00 Kad lookup: RPC error                      topics="kad-dht find" tid=17249915 peer=16U*7ZEp3L msg="dialStage: timed out dialing the peer"
[2026-10-06 14:10:12.310] [out] [delivery_module] DBG 2026-10-06 14:10:12.310+02:00 Local table insertion                      tid=17249915 key=key:00250802122102134FE694536F36B4D6807FDF8320B60BBC607223BF73B3B837140EBE842A1968 value=key:0A250802122102134FE694536F36B4D6807FDF8320B60BBC607223BF73B3B837140EBE842A1968120203011A480A2700250802122102134FE694536F36B4D6807FDF8320B60BBC607223BF73B3B837140EBE842A196810CFC4111A0A0A0804AC140A0E06DC101A0D0A0B04AC140A0E9102D133CD032A4630440220718813CFE9A8036F5DF2C31FDE9EB04A6B1CF1E1635E6300F15ED2D33317D2EE02202CDF16FEAFB700FA87C66A3954A71330BAA846D945FDFE91C70938FDC272BDB9
[2026-10-06 14:10:12.337] [out] [delivery_module] DBG 2026-10-06 14:10:12.337+02:00 adverts found                              topics="service-disco discoverer" tid=17249915 serviceId=key:E6738033B5D413D13CF58622CEB4EF8F392E8D4EB073B56A5486CB0431B2F5D8 remote=16U*VpJprH count=4
[2026-10-06 14:10:12.337] [out] [delivery_module] DBG 2026-10-06 14:10:12.337+02:00 getting adverts                            topics="service-disco discoverer" tid=17249915 serviceId=key:E6738033B5D413D13CF58622CEB4EF8F392E8D4EB073B56A5486CB0431B2F5D8 registrar=16U*P1S397
[2026-10-06 14:10:12.337] [out] [delivery_module] DBG 2026-10-06 14:10:12.337+02:00 getting adverts                            topics="service-disco discoverer" tid=17249915 serviceId=key:E6738033B5D413D13CF58622CEB4EF8F392E8D4EB073B56A5486CB0431B2F5D8 registrar=16U*T3UNSE
[2026-10-06 14:10:12.506] [out] [delivery_module] DBG 2026-10-06 14:10:12.506+02:00 Lookup query                               topics="kad-dht find" tid=17249915 peer=16U*NSkuby
[2026-10-06 14:10:12.506] [out] [delivery_module] DBG 2026-10-06 14:10:12.506+02:00 Lookup query                               topics="kad-dht find" tid=17249915 peer=16U*TwqBiH
[2026-10-06 14:10:12.506] [out] [delivery_module] DBG 2026-10-06 14:10:12.506+02:00 Lookup query                               topics="kad-dht find" tid=17249915 peer=16U*VpJprH
[2026-10-06 14:10:12.506] [out] [delivery_module] DBG 2026-10-06 14:10:12.506+02:00 Lookup query                               topics="kad-dht find" tid=17249915 peer=16U*P1S397
[2026-10-06 14:10:12.506] [out] [delivery_module] DBG 2026-10-06 14:10:12.506+02:00 Lookup query                               topics="kad-dht find" tid=17249915 peer=16U*T3UNSE
[2026-10-06 14:10:12.506] [out] [delivery_module] DBG 2026-10-06 14:10:12.506+02:00 Lookup query                               topics="kad-dht find" tid=17249915 peer=16U*kGyuEP
[2026-10-06 14:10:12.506] [out] [delivery_module] DBG 2026-10-06 14:10:12.506+02:00 Lookup query                               topics="kad-dht find" tid=17249915 peer=16U*VpJprH
[2026-10-06 14:10:12.506] [out] [delivery_module] DBG 2026-10-06 14:10:12.506+02:00 Lookup query                               topics="kad-dht find" tid=17249915 peer=16U*T3UNSE
[2026-10-06 14:10:12.506] [out] [delivery_module] DBG 2026-10-06 14:10:12.506+02:00 Lookup query                               topics="kad-dht find" tid=17249915 peer=16U*P1S397
[2026-10-06 14:10:12.506] [out] [delivery_module] DBG 2026-10-06 14:10:12.506+02:00 Lookup query                               topics="kad-dht find" tid=17249915 peer=16U*kGyuEP
[2026-10-06 14:10:12.506] [out] [delivery_module] DBG 2026-10-06 14:10:12.506+02:00 Lookup query                               topics="kad-dht find" tid=17249915 peer=16U*NSkuby
[2026-10-06 14:10:12.506] [out] [delivery_module] DBG 2026-10-06 14:10:12.506+02:00 Lookup query                               topics="kad-dht find" tid=17249915 peer=16U*TwqBiH
[2026-10-06 14:10:12.506] [out] [delivery_module] DBG 2026-10-06 14:10:12.506+02:00 Lookup query                               topics="kad-dht find" tid=17249915 peer=16U*kGyuEP
[2026-10-06 14:10:12.506] [out] [delivery_module] DBG 2026-10-06 14:10:12.506+02:00 Lookup query                               topics="kad-dht find" tid=17249915 peer=16U*P1S397
[2026-10-06 14:10:12.506] [out] [delivery_module] DBG 2026-10-06 14:10:12.506+02:00 Lookup query                               topics="kad-dht find" tid=17249915 peer=16U*T3UNSE
[2026-10-06 14:10:12.506] [out] [delivery_module] DBG 2026-10-06 14:10:12.506+02:00 Lookup query                               topics="kad-dht find" tid=17249915 peer=16U*VpJprH
[2026-10-06 14:10:12.506] [out] [delivery_module] DBG 2026-10-06 14:10:12.506+02:00 Lookup query                               topics="kad-dht find" tid=17249915 peer=16U*TwqBiH
[2026-10-06 14:10:12.506] [out] [delivery_module] DBG 2026-10-06 14:10:12.506+02:00 Lookup query                               topics="kad-dht find" tid=17249915 peer=16U*NSkuby
[2026-10-06 14:10:12.646] [out] [delivery_module] DBG 2026-10-06 14:10:12.646+02:00 adverts found                              topics="service-disco discoverer" tid=17249915 serviceId=key:913B5C5DBE691438693215140388EC0C7DE80DE328BDE5BD7FC06F90568CEA40 remote=16U*kGyuEP count=4
[2026-10-06 14:10:12.647] [out] [delivery_module] DBG 2026-10-06 14:10:12.647+02:00 Peer added via service discovery           topics="waku service discovery" tid=17249915 source="service lookup" peerId=16Uiu2HAm8YokiNun9BkeA1ZRmhLbtNUvcwRr64F69tYj9fkGyuEP addresses="[/ip4/47.242.130.189/tcp/30303, /ip4/47.242.130.189/udp/30303/quic-v1, /dns4/delivery-01.ac-cn-hongkong-c.logos.dev.status.im/tcp/30303]" protocols="[/mix/1.0.0]"
[2026-10-06 14:10:12.647] [out] [delivery_module] DBG 2026-10-06 14:10:12.647+02:00 Peer added via service discovery           topics="waku service discovery" tid=17249915 source="service lookup" peerId=16Uiu2HAm4S1JYkuzDKLKQvwgAhZKs9otxXqt8SCGtB4hoJP1S397 addresses="[/ip4/136.119.156.87/tcp/30303, /ip4/136.119.156.87/udp/30303/quic-v1, /dns4/delivery-01.gc-us-central1-a.logos.dev.status.im/tcp/30303]" protocols="[/mix/1.0.0]"
[2026-10-06 14:10:12.647] [out] [delivery_module] DBG 2026-10-06 14:10:12.647+02:00 Peer added via service discovery           topics="waku service discovery" tid=17249915 source="service lookup" peerId=16Uiu2HAm8Y9kgBNtjxvCnf1X6gnZJW5EGE4UwwCL3CCm55TwqBiH addresses="[/ip4/34.123.201.25/tcp/30303, /ip4/34.123.201.25/udp/30303/quic-v1, /dns4/delivery-02.gc-us-central1-a.logos.dev.status.im/tcp/30303]" protocols="[/mix/1.0.0]"
[2026-10-06 14:10:12.647] [out] [delivery_module] DBG 2026-10-06 14:10:12.647+02:00 Peer added via service discovery           topics="waku service discovery" tid=17249915 source="service lookup" peerId=16Uiu2HAmMK7PYygBtKUQ8EHp7EfaD3bCEsJrkFooK8RQ2PVpJprH addresses="[/ip4/174.138.106.244/tcp/30303, /ip4/174.138.106.244/udp/30303/quic-v1, /dns4/delivery-02.do-ams3.logos.dev.status.im/tcp/30303]" protocols="[/mix/1.0.0]"
[2026-10-06 14:10:12.647] [out] [delivery_module] DBG 2026-10-06 14:10:12.647+02:00 Peer added via service discovery           topics="waku service discovery" tid=17249915 source="service lookup" peerId=16Uiu2HAmTUbnxLGT9JvV6mu9oPyDjqHK4Phs1VDJNUgESgNSkuby addresses="[/ip4/138.68.122.137/tcp/30303, /ip4/138.68.122.137/udp/30303/quic-v1, /dns4/delivery-01.do-ams3.logos.dev.status.im/tcp/30303]" protocols="[/mix/1.0.0]"
[2026-10-06 14:10:12.647] [out] [delivery_module] DBG 2026-10-06 14:10:12.647+02:00 Peer added via service discovery           topics="waku service discovery" tid=17249915 source="service lookup" peerId=16Uiu2HAkvwhGHKNry6LACrB8TmEFoCJKEX29XR5dDUzk3UT3UNSE addresses="[/ip4/43.99.103.10/tcp/30303, /ip4/43.99.103.10/udp/30303/quic-v1, /dns4/delivery-02.ac-cn-hongkong-c.logos.dev.status.im/tcp/30303]" protocols="[/mix/1.0.0]"
[2026-10-06 14:10:12.647] [out] [delivery_module] DBG 2026-10-06 14:10:12.647+02:00 Service lookup complete                    topics="waku service discovery" tid=17249915 service=/mix/1.0.0 found=6
[2026-10-06 14:10:12.648] [out] [delivery_module] DBG 2026-10-06 14:10:12.648+02:00 calculateConnectionState                   tid=17249915 relayCount=6 storeClientCount=6 lightpushCount=6 filterCount=6
[2026-10-06 14:10:12.762] [out] [delivery_module] DBG 2026-10-06 14:10:12.762+02:00 Got PutValue reply                         topics="kad-dht put" tid=17249915 msg="(msgType: ok(putValue), key: ok(@[0, 37, 8, 2, 18, 33, 2, 19, 79, 230, 148, 83, 111, 54, 180, 214, 128, 127, 223, 131, 32, 182, 11, 188, 96, 114, 35, 191, 115, 179, 184, 55, 20, 14, 190, 132, 42, 25, 104]), record: ok((key: ok(@[0, 37, 8, 2, 18, 33, 2, 19, 79, 230, 148, 83, 111, 54, 180, 214, 128, 127, 223, 131, 32, 182, 11, 188, 96, 114, 35, 191, 115, 179, 184, 55, 20, 14, 190, 132, 42, 25, 104]), value: ok(@[10, 37, 8, 2, 18, 33, 2, 19, 79, 230, 148, 83, 111, 54, 180, 214, 128, 127, 223, 131, 32, 182, 11, 188, 96, 114, 35, 191, 115, 179, 184, 55, 20, 14, 190, 132, 42, 25, 104, 18, 2, 3, 1, 26, 72, 10, 39, 0, 37, 8, 2, 18, 33, 2, 19, 79, 230, 148, 83, 111, 54, 180, 214, 128, 127, 223, 131, 32, 182, 11, 188, 96, 114, 35, 191, 115, 179, 184, 55, 20, 14, 190, 132, 42, 25, 104, 16, 207, 196, 17, 26, 10, 10, 8, 4, 172, 20, 10, 14, 6, 220, 16, 26, 13, 10, 11, 4, 172, 20, 10, 14, 145, 2, 209, 51, 205, 3, 42, 70, 48, 68, 2, 32, 113, 136, 19, 207, 233, 168, 3, 111, 93, 242, 195, 31, 222, 158, 176, 74, 107, 28, 241, 225, 99, 94, 99, 0, 241, 94, 210, 211, 51, 23, 210, 238, 2, 32, 44, 223, 22, 254, 175, 183, 0, 250, 135, 198, 106, 57, 84, 167, 19, 48, 186, 168, 70, 217, 69, 253, 254, 145, 199, 9, 56, 253, 194, 114, 189, 185]), timeReceived: none())), closerPeers: [], providerPeers: [], providerStatus: none(), register: none(), getAds: none())" reply="(msgType: ok(putValue), key: ok(@[0, 37, 8, 2, 18, 33, 2, 19, 79, 230, 148, 83, 111, 54, 180, 214, 128, 127, 223, 131, 32, 182, 11, 188, 96, 114, 35, 191, 115, 179, 184, 55, 20, 14, 190, 132, 42, 25, 104]), record: ok((key: ok(@[0, 37, 8, 2, 18, 33, 2, 19, 79, 230, 148, 83, 111, 54, 180, 214, 128, 127, 223, 131, 32, 182, 11, 188, 96, 114, 35, 191, 115, 179, 184, 55, 20, 14, 190, 132, 42, 25, 104]), value: ok(@[10, 37, 8, 2, 18, 33, 2, 19, 79, 230, 148, 83, 111, 54, 180, 214, 128, 127, 223, 131, 32, 182, 11, 188, 96, 114, 35, 191, 115, 179, 184, 55, 20, 14, 190, 132, 42, 25, 104, 18, 2, 3, 1, 26, 72, 10, 39, 0, 37, 8, 2, 18, 33, 2, 19, 79, 230, 148, 83, 111, 54, 180, 214, 128, 127, 223, 131, 32, 182, 11, 188, 96, 114, 35, 191, 115, 179, 184, 55, 20, 14, 190, 132, 42, 25, 104, 16, 207, 196, 17, 26, 10, 10, 8, 4, 172, 20, 10, 14, 6, 220, 16, 26, 13, 10, 11, 4, 172, 20, 10, 14, 145, 2, 209, 51, 205, 3, 42, 70, 48, 68, 2, 32, 113, 136, 19, 207, 233, 168, 3, 111, 93, 242, 195, 31, 222, 158, 176, 74, 107, 28, 241, 225, 99, 94, 99, 0, 241, 94, 210, 211, 51, 23, 210, 238, 2, 32, 44, 223, 22, 254, 175, 183, 0, 250, 135, 198, 106, 57, 84, 167, 19, 48, 186, 168, 70, 217, 69, 253, 254, 145, 199, 9, 56, 253, 194, 114, 189, 185]), timeReceived: none())), closerPeers: [], providerPeers: [], providerStatus: none(), register: none(), getAds: none())" peer=16U*VpJprH
[2026-10-06 14:10:12.762] [out] [delivery_module] DBG 2026-10-06 14:10:12.762+02:00 Lookup query                               topics="kad-dht find" tid=17249915 peer=16U*NSkuby
[2026-10-06 14:10:12.762] [out] [delivery_module] DBG 2026-10-06 14:10:12.762+02:00 Lookup query                               topics="kad-dht find" tid=17249915 peer=16U*TwqBiH
[2026-10-06 14:10:12.762] [out] [delivery_module] DBG 2026-10-06 14:10:12.762+02:00 Lookup query                               topics="kad-dht find" tid=17249915 peer=16U*T3UNSE
[2026-10-06 14:10:12.762] [out] [delivery_module] DBG 2026-10-06 14:10:12.762+02:00 Lookup query                               topics="kad-dht find" tid=17249915 peer=16U*P1S397
[2026-10-06 14:10:12.762] [out] [delivery_module] DBG 2026-10-06 14:10:12.762+02:00 Lookup query                               topics="kad-dht find" tid=17249915 peer=16U*VpJprH
[2026-10-06 14:10:12.762] [out] [delivery_module] DBG 2026-10-06 14:10:12.762+02:00 Lookup query                               topics="kad-dht find" tid=17249915 peer=16U*kGyuEP
[2026-10-06 14:10:12.762] [out] [delivery_module] DBG 2026-10-06 14:10:12.762+02:00 Lookup query                               topics="kad-dht find" tid=17249915 peer=16U*kGyuEP
[2026-10-06 14:10:12.763] [out] [delivery_module] DBG 2026-10-06 14:10:12.763+02:00 Lookup query                               topics="kad-dht find" tid=17249915 peer=16U*T3UNSE
[2026-10-06 14:10:12.763] [out] [delivery_module] DBG 2026-10-06 14:10:12.763+02:00 Lookup query                               topics="kad-dht find" tid=17249915 peer=16U*P1S397
[2026-10-06 14:10:12.763] [out] [delivery_module] DBG 2026-10-06 14:10:12.763+02:00 Lookup query                               topics="kad-dht find" tid=17249915 peer=16U*VpJprH
[2026-10-06 14:10:12.763] [out] [delivery_module] DBG 2026-10-06 14:10:12.763+02:00 Lookup query                               topics="kad-dht find" tid=17249915 peer=16U*TwqBiH
[2026-10-06 14:10:12.763] [out] [delivery_module] DBG 2026-10-06 14:10:12.763+02:00 Lookup query                               topics="kad-dht find" tid=17249915 peer=16U*NSkuby
[2026-10-06 14:10:12.763] [out] [delivery_module] DBG 2026-10-06 14:10:12.763+02:00 Lookup query                               topics="kad-dht find" tid=17249915 peer=16U*VpJprH
[2026-10-06 14:10:12.763] [out] [delivery_module] DBG 2026-10-06 14:10:12.763+02:00 Lookup query                               topics="kad-dht find" tid=17249915 peer=16U*T3UNSE
[2026-10-06 14:10:12.763] [out] [delivery_module] DBG 2026-10-06 14:10:12.763+02:00 Lookup query                               topics="kad-dht find" tid=17249915 peer=16U*P1S397
[2026-10-06 14:10:12.763] [out] [delivery_module] DBG 2026-10-06 14:10:12.763+02:00 Lookup query                               topics="kad-dht find" tid=17249915 peer=16U*kGyuEP
[2026-10-06 14:10:12.763] [out] [delivery_module] DBG 2026-10-06 14:10:12.763+02:00 Lookup query                               topics="kad-dht find" tid=17249915 peer=16U*NSkuby
[2026-10-06 14:10:12.763] [out] [delivery_module] DBG 2026-10-06 14:10:12.763+02:00 Lookup query                               topics="kad-dht find" tid=17249915 peer=16U*TwqBiH
[2026-10-06 14:10:12.763] [out] [delivery_module] DBG 2026-10-06 14:10:12.763+02:00 Lookup query                               topics="kad-dht find" tid=17249915 peer=16U*T3UNSE
[2026-10-06 14:10:12.763] [out] [delivery_module] DBG 2026-10-06 14:10:12.763+02:00 Lookup query                               topics="kad-dht find" tid=17249915 peer=16U*P1S397
[2026-10-06 14:10:12.763] [out] [delivery_module] DBG 2026-10-06 14:10:12.763+02:00 Lookup query                               topics="kad-dht find" tid=17249915 peer=16U*VpJprH
[2026-10-06 14:10:12.763] [out] [delivery_module] DBG 2026-10-06 14:10:12.763+02:00 Lookup query                               topics="kad-dht find" tid=17249915 peer=16U*kGyuEP
[2026-10-06 14:10:12.763] [out] [delivery_module] DBG 2026-10-06 14:10:12.763+02:00 Lookup query                               topics="kad-dht find" tid=17249915 peer=16U*NSkuby
[2026-10-06 14:10:12.763] [out] [delivery_module] DBG 2026-10-06 14:10:12.763+02:00 Lookup query                               topics="kad-dht find" tid=17249915 peer=16U*TwqBiH
[2026-10-06 14:10:12.764] [out] [delivery_module] DBG 2026-10-06 14:10:12.764+02:00 adverts found                              topics="service-disco discoverer" tid=17249915 serviceId=key:E6738033B5D413D13CF58622CEB4EF8F392E8D4EB073B56A5486CB0431B2F5D8 remote=16U*P1S397 count=7
[2026-10-06 14:10:12.764] [out] [delivery_module] DBG 2026-10-06 14:10:12.764+02:00 Got PutValue reply                         topics="kad-dht put" tid=17249915 msg="(msgType: ok(putValue), key: ok(@[0, 37, 8, 2, 18, 33, 2, 19, 79, 230, 148, 83, 111, 54, 180, 214, 128, 127, 223, 131, 32, 182, 11, 188, 96, 114, 35, 191, 115, 179, 184, 55, 20, 14, 190, 132, 42, 25, 104]), record: ok((key: ok(@[0, 37, 8, 2, 18, 33, 2, 19, 79, 230, 148, 83, 111, 54, 180, 214, 128, 127, 223, 131, 32, 182, 11, 188, 96, 114, 35, 191, 115, 179, 184, 55, 20, 14, 190, 132, 42, 25, 104]), value: ok(@[10, 37, 8, 2, 18, 33, 2, 19, 79, 230, 148, 83, 111, 54, 180, 214, 128, 127, 223, 131, 32, 182, 11, 188, 96, 114, 35, 191, 115, 179, 184, 55, 20, 14, 190, 132, 42, 25, 104, 18, 2, 3, 1, 26, 72, 10, 39, 0, 37, 8, 2, 18, 33, 2, 19, 79, 230, 148, 83, 111, 54, 180, 214, 128, 127, 223, 131, 32, 182, 11, 188, 96, 114, 35, 191, 115, 179, 184, 55, 20, 14, 190, 132, 42, 25, 104, 16, 207, 196, 17, 26, 10, 10, 8, 4, 172, 20, 10, 14, 6, 220, 16, 26, 13, 10, 11, 4, 172, 20, 10, 14, 145, 2, 209, 51, 205, 3, 42, 70, 48, 68, 2, 32, 113, 136, 19, 207, 233, 168, 3, 111, 93, 242, 195, 31, 222, 158, 176, 74, 107, 28, 241, 225, 99, 94, 99, 0, 241, 94, 210, 211, 51, 23, 210, 238, 2, 32, 44, 223, 22, 254, 175, 183, 0, 250, 135, 198, 106, 57, 84, 167, 19, 48, 186, 168, 70, 217, 69, 253, 254, 145, 199, 9, 56, 253, 194, 114, 189, 185]), timeReceived: none())), closerPeers: [], providerPeers: [], providerStatus: none(), register: none(), getAds: none())" reply="(msgType: ok(putValue), key: ok(@[0, 37, 8, 2, 18, 33, 2, 19, 79, 230, 148, 83, 111, 54, 180, 214, 128, 127, 223, 131, 32, 182, 11, 188, 96, 114, 35, 191, 115, 179, 184, 55, 20, 14, 190, 132, 42, 25, 104]), record: ok((key: ok(@[0, 37, 8, 2, 18, 33, 2, 19, 79, 230, 148, 83, 111, 54, 180, 214, 128, 127, 223, 131, 32, 182, 11, 188, 96, 114, 35, 191, 115, 179, 184, 55, 20, 14, 190, 132, 42, 25, 104]), value: ok(@[10, 37, 8, 2, 18, 33, 2, 19, 79, 230, 148, 83, 111, 54, 180, 214, 128, 127, 223, 131, 32, 182, 11, 188, 96, 114, 35, 191, 115, 179, 184, 55, 20, 14, 190, 132, 42, 25, 104, 18, 2, 3, 1, 26, 72, 10, 39, 0, 37, 8, 2, 18, 33, 2, 19, 79, 230, 148, 83, 111, 54, 180, 214, 128, 127, 223, 131, 32, 182, 11, 188, 96, 114, 35, 191, 115, 179, 184, 55, 20, 14, 190, 132, 42, 25, 104, 16, 207, 196, 17, 26, 10, 10, 8, 4, 172, 20, 10, 14, 6, 220, 16, 26, 13, 10, 11, 4, 172, 20, 10, 14, 145, 2, 209, 51, 205, 3, 42, 70, 48, 68, 2, 32, 113, 136, 19, 207, 233, 168, 3, 111, 93, 242, 195, 31, 222, 158, 176, 74, 107, 28, 241, 225, 99, 94, 99, 0, 241, 94, 210, 211, 51, 23, 210, 238, 2, 32, 44, 223, 22, 254, 175, 183, 0, 250, 135, 198, 106, 57, 84, 167, 19, 48, 186, 168, 70, 217, 69, 253, 254, 145, 199, 9, 56, 253, 194, 114, 189, 185]), timeReceived: none())), closerPeers: [], providerPeers: [], providerStatus: none(), register: none(), getAds: none())" peer=16U*NSkuby
[2026-10-06 14:10:12.939] [out] [delivery_module] DBG 2026-10-06 14:10:12.939+02:00 adverts found                              topics="service-disco discoverer" tid=17249915 serviceId=key:E6738033B5D413D13CF58622CEB4EF8F392E8D4EB073B56A5486CB0431B2F5D8 remote=16U*T3UNSE count=4
[2026-10-06 14:10:12.940] [out] [delivery_module] DBG 2026-10-06 14:10:12.940+02:00 Peer added via service discovery           topics="waku service discovery" tid=17249915 source="service lookup" peerId=16Uiu2HAmTUbnxLGT9JvV6mu9oPyDjqHK4Phs1VDJNUgESgNSkuby addresses="[/ip4/138.68.122.137/tcp/30303, /ip4/138.68.122.137/udp/30303/quic-v1, /dns4/delivery-01.do-ams3.logos.dev.status.im/tcp/30303]" protocols="[/logos/delivery]"
[2026-10-06 14:10:12.940] [out] [delivery_module] DBG 2026-10-06 14:10:12.940+02:00 Peer added via service discovery           topics="waku service discovery" tid=17249915 source="service lookup" peerId=16Uiu2HAm8YokiNun9BkeA1ZRmhLbtNUvcwRr64F69tYj9fkGyuEP addresses="[/ip4/47.242.130.189/tcp/30303, /ip4/47.242.130.189/udp/30303/quic-v1, /dns4/delivery-01.ac-cn-hongkong-c.logos.dev.status.im/tcp/30303]" protocols="[/logos/delivery]"
[2026-10-06 14:10:12.940] [out] [delivery_module] DBG 2026-10-06 14:10:12.940+02:00 Peer added via service discovery           topics="waku service discovery" tid=17249915 source="service lookup" peerId=16Uiu2HAm4S1JYkuzDKLKQvwgAhZKs9otxXqt8SCGtB4hoJP1S397 addresses="[/ip4/136.119.156.87/tcp/30303, /ip4/136.119.156.87/udp/30303/quic-v1, /dns4/delivery-01.gc-us-central1-a.logos.dev.status.im/tcp/30303]" protocols="[/logos/delivery]"
[2026-10-06 14:10:12.940] [out] [delivery_module] DBG 2026-10-06 14:10:12.940+02:00 Peer added via service discovery           topics="waku service discovery" tid=17249915 source="service lookup" peerId=16Uiu2HAmMK7PYygBtKUQ8EHp7EfaD3bCEsJrkFooK8RQ2PVpJprH addresses="[/ip4/174.138.106.244/tcp/30303, /ip4/174.138.106.244/udp/30303/quic-v1, /dns4/delivery-02.do-ams3.logos.dev.status.im/tcp/30303]" protocols="[/logos/delivery]"
[2026-10-06 14:10:12.941] [out] [delivery_module] DBG 2026-10-06 14:10:12.941+02:00 Peer added via service discovery           topics="waku service discovery" tid=17249915 source="service lookup" peerId=16Uiu2HAm8Y9kgBNtjxvCnf1X6gnZJW5EGE4UwwCL3CCm55TwqBiH addresses="[/ip4/34.123.201.25/tcp/30303, /ip4/34.123.201.25/udp/30303/quic-v1, /dns4/delivery-02.gc-us-central1-a.logos.dev.status.im/tcp/30303]" protocols="[/logos/delivery]"
[2026-10-06 14:10:12.941] [out] [delivery_module] DBG 2026-10-06 14:10:12.941+02:00 Peer added via service discovery           topics="waku service discovery" tid=17249915 source="service lookup" peerId=16Uiu2HAmAResE15q4BDR96fpXuErsrxP4kzNDeA9LpPsbh7ZEp3L addresses="[/ip4/192.168.1.3/tcp/49737, /ip4/192.168.1.3/udp/56395/quic-v1]" protocols="[/logos/delivery]"
[2026-10-06 14:10:12.941] [out] [delivery_module] DBG 2026-10-06 14:10:12.941+02:00 Peer added via service discovery           topics="waku service discovery" tid=17249915 source="service lookup" peerId=16Uiu2HAkvj4Pd3uNLjAUqmySs4rNqVe9KhZsX9toFdKv71B3TT6o addresses="[/ip4/172.20.10.14/tcp/56336, /ip4/172.20.10.14/udp/53555/quic-v1]" protocols="[/logos/delivery]"
[2026-10-06 14:10:12.941] [out] [delivery_module] DBG 2026-10-06 14:10:12.941+02:00 Peer added via service discovery           topics="waku service discovery" tid=17249915 source="service lookup" peerId=16Uiu2HAkvwhGHKNry6LACrB8TmEFoCJKEX29XR5dDUzk3UT3UNSE addresses="[/ip4/43.99.103.10/tcp/30303, /ip4/43.99.103.10/udp/30303/quic-v1, /dns4/delivery-02.ac-cn-hongkong-c.logos.dev.status.im/tcp/30303]" protocols="[/logos/delivery]"
[2026-10-06 14:10:12.941] [out] [delivery_module] DBG 2026-10-06 14:10:12.941+02:00 Service lookup complete                    topics="waku service discovery" tid=17249915 service=/logos/delivery found=8
[2026-10-06 14:10:12.941] [out] [delivery_module] DBG 2026-10-06 14:10:12.941+02:00 calculateConnectionState                   tid=17249915 relayCount=6 storeClientCount=6 lightpushCount=6 filterCount=6
[2026-10-06 14:10:13.229] [out] [delivery_module] DBG 2026-10-06 14:10:13.229+02:00 Got PutValue reply                         topics="kad-dht put" tid=17249915 msg="(msgType: ok(putValue), key: ok(@[0, 37, 8, 2, 18, 33, 2, 19, 79, 230, 148, 83, 111, 54, 180, 214, 128, 127, 223, 131, 32, 182, 11, 188, 96, 114, 35, 191, 115, 179, 184, 55, 20, 14, 190, 132, 42, 25, 104]), record: ok((key: ok(@[0, 37, 8, 2, 18, 33, 2, 19, 79, 230, 148, 83, 111, 54, 180, 214, 128, 127, 223, 131, 32, 182, 11, 188, 96, 114, 35, 191, 115, 179, 184, 55, 20, 14, 190, 132, 42, 25, 104]), value: ok(@[10, 37, 8, 2, 18, 33, 2, 19, 79, 230, 148, 83, 111, 54, 180, 214, 128, 127, 223, 131, 32, 182, 11, 188, 96, 114, 35, 191, 115, 179, 184, 55, 20, 14, 190, 132, 42, 25, 104, 18, 2, 3, 1, 26, 72, 10, 39, 0, 37, 8, 2, 18, 33, 2, 19, 79, 230, 148, 83, 111, 54, 180, 214, 128, 127, 223, 131, 32, 182, 11, 188, 96, 114, 35, 191, 115, 179, 184, 55, 20, 14, 190, 132, 42, 25, 104, 16, 207, 196, 17, 26, 10, 10, 8, 4, 172, 20, 10, 14, 6, 220, 16, 26, 13, 10, 11, 4, 172, 20, 10, 14, 145, 2, 209, 51, 205, 3, 42, 70, 48, 68, 2, 32, 113, 136, 19, 207, 233, 168, 3, 111, 93, 242, 195, 31, 222, 158, 176, 74, 107, 28, 241, 225, 99, 94, 99, 0, 241, 94, 210, 211, 51, 23, 210, 238, 2, 32, 44, 223, 22, 254, 175, 183, 0, 250, 135, 198, 106, 57, 84, 167, 19, 48, 186, 168, 70, 217, 69, 253, 254, 145, 199, 9, 56, 253, 194, 114, 189, 185]), timeReceived: none())), closerPeers: [], providerPeers: [], providerStatus: none(), register: none(), getAds: none())" reply="(msgType: ok(putValue), key: ok(@[0, 37, 8, 2, 18, 33, 2, 19, 79, 230, 148, 83, 111, 54, 180, 214, 128, 127, 223, 131, 32, 182, 11, 188, 96, 114, 35, 191, 115, 179, 184, 55, 20, 14, 190, 132, 42, 25, 104]), record: ok((key: ok(@[0, 37, 8, 2, 18, 33, 2, 19, 79, 230, 148, 83, 111, 54, 180, 214, 128, 127, 223, 131, 32, 182, 11, 188, 96, 114, 35, 191, 115, 179, 184, 55, 20, 14, 190, 132, 42, 25, 104]), value: ok(@[10, 37, 8, 2, 18, 33, 2, 19, 79, 230, 148, 83, 111, 54, 180, 214, 128, 127, 223, 131, 32, 182, 11, 188, 96, 114, 35, 191, 115, 179, 184, 55, 20, 14, 190, 132, 42, 25, 104, 18, 2, 3, 1, 26, 72, 10, 39, 0, 37, 8, 2, 18, 33, 2, 19, 79, 230, 148, 83, 111, 54, 180, 214, 128, 127, 223, 131, 32, 182, 11, 188, 96, 114, 35, 191, 115, 179, 184, 55, 20, 14, 190, 132, 42, 25, 104, 16, 207, 196, 17, 26, 10, 10, 8, 4, 172, 20, 10, 14, 6, 220, 16, 26, 13, 10, 11, 4, 172, 20, 10, 14, 145, 2, 209, 51, 205, 3, 42, 70, 48, 68, 2, 32, 113, 136, 19, 207, 233, 168, 3, 111, 93, 242, 195, 31, 222, 158, 176, 74, 107, 28, 241, 225, 99, 94, 99, 0, 241, 94, 210, 211, 51, 23, 210, 238, 2, 32, 44, 223, 22, 254, 175, 183, 0, 250, 135, 198, 106, 57, 84, 167, 19, 48, 186, 168, 70, 217, 69, 253, 254, 145, 199, 9, 56, 253, 194, 114, 189, 185]), timeReceived: none())), closerPeers: [], providerPeers: [], providerStatus: none(), register: none(), getAds: none())" peer=16U*TwqBiH
[2026-10-06 14:10:13.229] [out] [delivery_module] DBG 2026-10-06 14:10:13.229+02:00 Got PutValue reply                         topics="kad-dht put" tid=17249915 msg="(msgType: ok(putValue), key: ok(@[0, 37, 8, 2, 18, 33, 2, 19, 79, 230, 148, 83, 111, 54, 180, 214, 128, 127, 223, 131, 32, 182, 11, 188, 96, 114, 35, 191, 115, 179, 184, 55, 20, 14, 190, 132, 42, 25, 104]), record: ok((key: ok(@[0, 37, 8, 2, 18, 33, 2, 19, 79, 230, 148, 83, 111, 54, 180, 214, 128, 127, 223, 131, 32, 182, 11, 188, 96, 114, 35, 191, 115, 179, 184, 55, 20, 14, 190, 132, 42, 25, 104]), value: ok(@[10, 37, 8, 2, 18, 33, 2, 19, 79, 230, 148, 83, 111, 54, 180, 214, 128, 127, 223, 131, 32, 182, 11, 188, 96, 114, 35, 191, 115, 179, 184, 55, 20, 14, 190, 132, 42, 25, 104, 18, 2, 3, 1, 26, 72, 10, 39, 0, 37, 8, 2, 18, 33, 2, 19, 79, 230, 148, 83, 111, 54, 180, 214, 128, 127, 223, 131, 32, 182, 11, 188, 96, 114, 35, 191, 115, 179, 184, 55, 20, 14, 190, 132, 42, 25, 104, 16, 207, 196, 17, 26, 10, 10, 8, 4, 172, 20, 10, 14, 6, 220, 16, 26, 13, 10, 11, 4, 172, 20, 10, 14, 145, 2, 209, 51, 205, 3, 42, 70, 48, 68, 2, 32, 113, 136, 19, 207, 233, 168, 3, 111, 93, 242, 195, 31, 222, 158, 176, 74, 107, 28, 241, 225, 99, 94, 99, 0, 241, 94, 210, 211, 51, 23, 210, 238, 2, 32, 44, 223, 22, 254, 175, 183, 0, 250, 135, 198, 106, 57, 84, 167, 19, 48, 186, 168, 70, 217, 69, 253, 254, 145, 199, 9, 56, 253, 194, 114, 189, 185]), timeReceived: none())), closerPeers: [], providerPeers: [], providerStatus: none(), register: none(), getAds: none())" reply="(msgType: ok(putValue), key: ok(@[0, 37, 8, 2, 18, 33, 2, 19, 79, 230, 148, 83, 111, 54, 180, 214, 128, 127, 223, 131, 32, 182, 11, 188, 96, 114, 35, 191, 115, 179, 184, 55, 20, 14, 190, 132, 42, 25, 104]), record: ok((key: ok(@[0, 37, 8, 2, 18, 33, 2, 19, 79, 230, 148, 83, 111, 54, 180, 214, 128, 127, 223, 131, 32, 182, 11, 188, 96, 114, 35, 191, 115, 179, 184, 55, 20, 14, 190, 132, 42, 25, 104]), value: ok(@[10, 37, 8, 2, 18, 33, 2, 19, 79, 230, 148, 83, 111, 54, 180, 214, 128, 127, 223, 131, 32, 182, 11, 188, 96, 114, 35, 191, 115, 179, 184, 55, 20, 14, 190, 132, 42, 25, 104, 18, 2, 3, 1, 26, 72, 10, 39, 0, 37, 8, 2, 18, 33, 2, 19, 79, 230, 148, 83, 111, 54, 180, 214, 128, 127, 223, 131, 32, 182, 11, 188, 96, 114, 35, 191, 115, 179, 184, 55, 20, 14, 190, 132, 42, 25, 104, 16, 207, 196, 17, 26, 10, 10, 8, 4, 172, 20, 10, 14, 6, 220, 16, 26, 13, 10, 11, 4, 172, 20, 10, 14, 145, 2, 209, 51, 205, 3, 42, 70, 48, 68, 2, 32, 113, 136, 19, 207, 233, 168, 3, 111, 93, 242, 195, 31, 222, 158, 176, 74, 107, 28, 241, 225, 99, 94, 99, 0, 241, 94, 210, 211, 51, 23, 210, 238, 2, 32, 44, 223, 22, 254, 175, 183, 0, 250, 135, 198, 106, 57, 84, 167, 19, 48, 186, 168, 70, 217, 69, 253, 254, 145, 199, 9, 56, 253, 194, 114, 189, 185]), timeReceived: none())), closerPeers: [], providerPeers: [], providerStatus: none(), register: none(), getAds: none())" peer=16U*P1S397
[2026-10-06 14:10:13.829] [out] [delivery_module] DBG 2026-10-06 14:10:13.829+02:00 Service table bootstrap complete           topics="service-discovery" tid=17249915 serviceId=key:E6738033B5D413D13CF58622CEB4EF8F392E8D4EB073B56A5486CB0431B2F5D8
[2026-10-06 14:10:13.887] [out] [delivery_module] DBG 2026-10-06 14:10:13.887+02:00 Got PutValue reply                         topics="kad-dht put" tid=17249915 msg="(msgType: ok(putValue), key: ok(@[0, 37, 8, 2, 18, 33, 2, 19, 79, 230, 148, 83, 111, 54, 180, 214, 128, 127, 223, 131, 32, 182, 11, 188, 96, 114, 35, 191, 115, 179, 184, 55, 20, 14, 190, 132, 42, 25, 104]), record: ok((key: ok(@[0, 37, 8, 2, 18, 33, 2, 19, 79, 230, 148, 83, 111, 54, 180, 214, 128, 127, 223, 131, 32, 182, 11, 188, 96, 114, 35, 191, 115, 179, 184, 55, 20, 14, 190, 132, 42, 25, 104]), value: ok(@[10, 37, 8, 2, 18, 33, 2, 19, 79, 230, 148, 83, 111, 54, 180, 214, 128, 127, 223, 131, 32, 182, 11, 188, 96, 114, 35, 191, 115, 179, 184, 55, 20, 14, 190, 132, 42, 25, 104, 18, 2, 3, 1, 26, 72, 10, 39, 0, 37, 8, 2, 18, 33, 2, 19, 79, 230, 148, 83, 111, 54, 180, 214, 128, 127, 223, 131, 32, 182, 11, 188, 96, 114, 35, 191, 115, 179, 184, 55, 20, 14, 190, 132, 42, 25, 104, 16, 207, 196, 17, 26, 10, 10, 8, 4, 172, 20, 10, 14, 6, 220, 16, 26, 13, 10, 11, 4, 172, 20, 10, 14, 145, 2, 209, 51, 205, 3, 42, 70, 48, 68, 2, 32, 113, 136, 19, 207, 233, 168, 3, 111, 93, 242, 195, 31, 222, 158, 176, 74, 107, 28, 241, 225, 99, 94, 99, 0, 241, 94, 210, 211, 51, 23, 210, 238, 2, 32, 44, 223, 22, 254, 175, 183, 0, 250, 135, 198, 106, 57, 84, 167, 19, 48, 186, 168, 70, 217, 69, 253, 254, 145, 199, 9, 56, 253, 194, 114, 189, 185]), timeReceived: none())), closerPeers: [], providerPeers: [], providerStatus: none(), register: none(), getAds: none())" reply="(msgType: ok(putValue), key: ok(@[0, 37, 8, 2, 18, 33, 2, 19, 79, 230, 148, 83, 111, 54, 180, 214, 128, 127, 223, 131, 32, 182, 11, 188, 96, 114, 35, 191, 115, 179, 184, 55, 20, 14, 190, 132, 42, 25, 104]), record: ok((key: ok(@[0, 37, 8, 2, 18, 33, 2, 19, 79, 230, 148, 83, 111, 54, 180, 214, 128, 127, 223, 131, 32, 182, 11, 188, 96, 114, 35, 191, 115, 179, 184, 55, 20, 14, 190, 132, 42, 25, 104]), value: ok(@[10, 37, 8, 2, 18, 33, 2, 19, 79, 230, 148, 83, 111, 54, 180, 214, 128, 127, 223, 131, 32, 182, 11, 188, 96, 114, 35, 191, 115, 179, 184, 55, 20, 14, 190, 132, 42, 25, 104, 18, 2, 3, 1, 26, 72, 10, 39, 0, 37, 8, 2, 18, 33, 2, 19, 79, 230, 148, 83, 111, 54, 180, 214, 128, 127, 223, 131, 32, 182, 11, 188, 96, 114, 35, 191, 115, 179, 184, 55, 20, 14, 190, 132, 42, 25, 104, 16, 207, 196, 17, 26, 10, 10, 8, 4, 172, 20, 10, 14, 6, 220, 16, 26, 13, 10, 11, 4, 172, 20, 10, 14, 145, 2, 209, 51, 205, 3, 42, 70, 48, 68, 2, 32, 113, 136, 19, 207, 233, 168, 3, 111, 93, 242, 195, 31, 222, 158, 176, 74, 107, 28, 241, 225, 99, 94, 99, 0, 241, 94, 210, 211, 51, 23, 210, 238, 2, 32, 44, 223, 22, 254, 175, 183, 0, 250, 135, 198, 106, 57, 84, 167, 19, 48, 186, 168, 70, 217, 69, 253, 254, 145, 199, 9, 56, 253, 194, 114, 189, 185]), timeReceived: none())), closerPeers: [], providerPeers: [], providerStatus: none(), register: none(), getAds: none())" peer=16U*kGyuEP
[2026-10-06 14:10:14.088] [out] [delivery_module] DBG 2026-10-06 14:10:14.088+02:00 Got PutValue reply                         topics="kad-dht put" tid=17249915 msg="(msgType: ok(putValue), key: ok(@[0, 37, 8, 2, 18, 33, 2, 19, 79, 230, 148, 83, 111, 54, 180, 214, 128, 127, 223, 131, 32, 182, 11, 188, 96, 114, 35, 191, 115, 179, 184, 55, 20, 14, 190, 132, 42, 25, 104]), record: ok((key: ok(@[0, 37, 8, 2, 18, 33, 2, 19, 79, 230, 148, 83, 111, 54, 180, 214, 128, 127, 223, 131, 32, 182, 11, 188, 96, 114, 35, 191, 115, 179, 184, 55, 20, 14, 190, 132, 42, 25, 104]), value: ok(@[10, 37, 8, 2, 18, 33, 2, 19, 79, 230, 148, 83, 111, 54, 180, 214, 128, 127, 223, 131, 32, 182, 11, 188, 96, 114, 35, 191, 115, 179, 184, 55, 20, 14, 190, 132, 42, 25, 104, 18, 2, 3, 1, 26, 72, 10, 39, 0, 37, 8, 2, 18, 33, 2, 19, 79, 230, 148, 83, 111, 54, 180, 214, 128, 127, 223, 131, 32, 182, 11, 188, 96, 114, 35, 191, 115, 179, 184, 55, 20, 14, 190, 132, 42, 25, 104, 16, 207, 196, 17, 26, 10, 10, 8, 4, 172, 20, 10, 14, 6, 220, 16, 26, 13, 10, 11, 4, 172, 20, 10, 14, 145, 2, 209, 51, 205, 3, 42, 70, 48, 68, 2, 32, 113, 136, 19, 207, 233, 168, 3, 111, 93, 242, 195, 31, 222, 158, 176, 74, 107, 28, 241, 225, 99, 94, 99, 0, 241, 94, 210, 211, 51, 23, 210, 238, 2, 32, 44, 223, 22, 254, 175, 183, 0, 250, 135, 198, 106, 57, 84, 167, 19, 48, 186, 168, 70, 217, 69, 253, 254, 145, 199, 9, 56, 253, 194, 114, 189, 185]), timeReceived: none())), closerPeers: [], providerPeers: [], providerStatus: none(), register: none(), getAds: none())" reply="(msgType: ok(putValue), key: ok(@[0, 37, 8, 2, 18, 33, 2, 19, 79, 230, 148, 83, 111, 54, 180, 214, 128, 127, 223, 131, 32, 182, 11, 188, 96, 114, 35, 191, 115, 179, 184, 55, 20, 14, 190, 132, 42, 25, 104]), record: ok((key: ok(@[0, 37, 8, 2, 18, 33, 2, 19, 79, 230, 148, 83, 111, 54, 180, 214, 128, 127, 223, 131, 32, 182, 11, 188, 96, 114, 35, 191, 115, 179, 184, 55, 20, 14, 190, 132, 42, 25, 104]), value: ok(@[10, 37, 8, 2, 18, 33, 2, 19, 79, 230, 148, 83, 111, 54, 180, 214, 128, 127, 223, 131, 32, 182, 11, 188, 96, 114, 35, 191, 115, 179, 184, 55, 20, 14, 190, 132, 42, 25, 104, 18, 2, 3, 1, 26, 72, 10, 39, 0, 37, 8, 2, 18, 33, 2, 19, 79, 230, 148, 83, 111, 54, 180, 214, 128, 127, 223, 131, 32, 182, 11, 188, 96, 114, 35, 191, 115, 179, 184, 55, 20, 14, 190, 132, 42, 25, 104, 16, 207, 196, 17, 26, 10, 10, 8, 4, 172, 20, 10, 14, 6, 220, 16, 26, 13, 10, 11, 4, 172, 20, 10, 14, 145, 2, 209, 51, 205, 3, 42, 70, 48, 68, 2, 32, 113, 136, 19, 207, 233, 168, 3, 111, 93, 242, 195, 31, 222, 158, 176, 74, 107, 28, 241, 225, 99, 94, 99, 0, 241, 94, 210, 211, 51, 23, 210, 238, 2, 32, 44, 223, 22, 254, 175, 183, 0, 250, 135, 198, 106, 57, 84, 167, 19, 48, 186, 168, 70, 217, 69, 253, 254, 145, 199, 9, 56, 253, 194, 114, 189, 185]), timeReceived: none())), closerPeers: [], providerPeers: [], providerStatus: none(), register: none(), getAds: none())" peer=16U*T3UNSE
[2026-10-06 14:10:16.863] [out] [delivery_module] DBG 2026-10-06 14:10:16.863+02:00 Service table bootstrap complete           topics="service-discovery" tid=17249915 serviceId=key:913B5C5DBE691438693215140388EC0C7DE80DE328BDE5BD7FC06F90568CEA40
[2026-10-06 14:10:17.764] [out] [delivery_module] DBG 2026-10-06 14:10:17.763+02:00 Lookup query                               topics="kad-dht find" tid=17249915 peer=16U*T3UNSE
[2026-10-06 14:10:17.764] [out] [delivery_module] DBG 2026-10-06 14:10:17.764+02:00 Lookup query                               topics="kad-dht find" tid=17249915 peer=16U*kGyuEP
[2026-10-06 14:10:17.764] [out] [delivery_module] DBG 2026-10-06 14:10:17.764+02:00 Lookup query                               topics="kad-dht find" tid=17249915 peer=16U*T3UNSE
[2026-10-06 14:10:17.764] [out] [delivery_module] DBG 2026-10-06 14:10:17.764+02:00 Lookup query                               topics="kad-dht find" tid=17249915 peer=16U*T3UNSE
[2026-10-06 14:10:17.764] [out] [delivery_module] DBG 2026-10-06 14:10:17.764+02:00 Lookup query                               topics="kad-dht find" tid=17249915 peer=16U*kGyuEP
[2026-10-06 14:10:17.764] [out] [delivery_module] DBG 2026-10-06 14:10:17.764+02:00 Lookup query                               topics="kad-dht find" tid=17249915 peer=16U*T3UNSE
[2026-10-06 14:10:17.764] [out] [delivery_module] DBG 2026-10-06 14:10:17.764+02:00 Lookup query                               topics="kad-dht find" tid=17249915 peer=16U*kGyuEP
[2026-10-06 14:10:17.764] [out] [delivery_module] DBG 2026-10-06 14:10:17.764+02:00 Kad lookup: RPC error                      topics="kad-dht find" tid=17249915 peer=16U*T3UNSE msg="waitStage: timed out waiting for the peer's stream"
[2026-10-06 14:10:17.764] [out] [delivery_module] DBG 2026-10-06 14:10:17.764+02:00 Kad lookup: RPC error                      topics="kad-dht find" tid=17249915 peer=16U*T3UNSE msg="waitStage: timed out waiting for the peer's stream"
[2026-10-06 14:10:17.764] [out] [delivery_module] DBG 2026-10-06 14:10:17.764+02:00 Kad lookup: RPC error                      topics="kad-dht find" tid=17249915 peer=16U*kGyuEP msg="waitStage: timed out waiting for the peer's stream"
[2026-10-06 14:10:17.764] [out] [delivery_module] DBG 2026-10-06 14:10:17.764+02:00 Kad lookup: RPC error                      topics="kad-dht find" tid=17249915 peer=16U*T3UNSE msg="waitStage: timed out waiting for the peer's stream"
[2026-10-06 14:10:17.764] [out] [delivery_module] DBG 2026-10-06 14:10:17.764+02:00 Kad lookup: RPC error                      topics="kad-dht find" tid=17249915 peer=16U*kGyuEP msg="waitStage: timed out waiting for the peer's stream"
[2026-10-06 14:10:17.765] [out] [delivery_module] DBG 2026-10-06 14:10:17.765+02:00 Kad lookup: RPC error                      topics="kad-dht find" tid=17249915 peer=16U*T3UNSE msg="readStage: timed out waiting for reply"
[2026-10-06 14:10:17.765] [out] [delivery_module] DBG 2026-10-06 14:10:17.765+02:00 Kad lookup: RPC error                      topics="kad-dht find" tid=17249915 peer=16U*kGyuEP msg="readStage: timed out waiting for reply"
[2026-10-06 14:10:21.808] [out] [delivery_module] DBG 2026-10-06 14:10:21.808+02:00 Finished dialing multiple peers            topics="waku node peer_manager" tid=17249915 successfulConns=0 attempted=1
[2026-10-06 14:10:22.766] [out] [delivery_module] DBG 2026-10-06 14:10:22.766+02:00 Lookup query                               topics="kad-dht find" tid=17249915 peer=16U*T3UNSE
[2026-10-06 14:10:22.766] [out] [delivery_module] DBG 2026-10-06 14:10:22.766+02:00 Lookup query                               topics="kad-dht find" tid=17249915 peer=16U*T3UNSE
[2026-10-06 14:10:22.766] [out] [delivery_module] DBG 2026-10-06 14:10:22.766+02:00 Lookup query                               topics="kad-dht find" tid=17249915 peer=16U*kGyuEP
[2026-10-06 14:10:22.766] [out] [delivery_module] DBG 2026-10-06 14:10:22.766+02:00 Lookup query                               topics="kad-dht find" tid=17249915 peer=16U*T3UNSE
[2026-10-06 14:10:22.766] [out] [delivery_module] DBG 2026-10-06 14:10:22.766+02:00 Lookup query                               topics="kad-dht find" tid=17249915 peer=16U*kGyuEP
[2026-10-06 14:10:22.766] [out] [delivery_module] DBG 2026-10-06 14:10:22.766+02:00 Kad lookup: RPC error                      topics="kad-dht find" tid=17249915 peer=16U*T3UNSE msg="waitStage: timed out waiting for the peer's stream"
[2026-10-06 14:10:22.766] [out] [delivery_module] DBG 2026-10-06 14:10:22.766+02:00 Kad lookup: RPC error                      topics="kad-dht find" tid=17249915 peer=16U*T3UNSE msg="waitStage: timed out waiting for the peer's stream"
[2026-10-06 14:10:22.766] [out] [delivery_module] DBG 2026-10-06 14:10:22.766+02:00 Kad lookup: RPC error                      topics="kad-dht find" tid=17249915 peer=16U*kGyuEP msg="waitStage: timed out waiting for the peer's stream"
[2026-10-06 14:10:22.767] [out] [delivery_module] DBG 2026-10-06 14:10:22.767+02:00 Kad lookup: RPC error                      topics="kad-dht find" tid=17249915 peer=16U*T3UNSE msg="readStage: timed out waiting for reply"
[2026-10-06 14:10:22.767] [out] [delivery_module] DBG 2026-10-06 14:10:22.767+02:00 Kad lookup: RPC error                      topics="kad-dht find" tid=17249915 peer=16U*kGyuEP msg="readStage: timed out waiting for reply"
[2026-10-06 14:10:25.114] [out] [delivery_module] DBG 2026-10-06 14:10:25.114+02:00 Bootstrap complete                         topics="kad-dht" tid=17249915
[2026-10-06 14:10:29.833] [info] [logos] [delivery_module] DeliveryModuleImpl::send called with contentTopic: /lp0026forum/1/general/text
[2026-10-06 14:10:29.833] [out] [delivery_module] DBG 2026-10-06 14:10:29.833+02:00 SendService.send: processing delivery task topics="send service" tid=17249915 requestId=e3525b81fc3eb28de324 msgHash=0xcf2396778ba331cdf619a6024465d9fbead0d36809fc7800790d91a8ec091b6e
[2026-10-06 14:10:29.833] [info] [logos] [delivery_module] DeliveryModuleImpl: Send initiated for topic: /lp0026forum/1/general/text, with success, requestId: e3525b81fc3eb28de324
[2026-10-06 14:10:29.833] [out] [delivery_module] DBG 2026-10-06 14:10:29.833+02:00 Trying message delivery via Mix            topics="send service mix processor" tid=17249915 requestId=e3525b81fc3eb28de324 msgHash=0xcf2396778ba331cdf619a6024465d9fbead0d36809fc7800790d91a8ec091b6e tryCount=1
[2026-10-06 14:10:29.833] [out] [delivery_module] DBG 2026-10-06 14:10:29.833+02:00 Publishing message without RLN proof       tid=17249915
[2026-10-06 14:10:29.833] [out] [delivery_module] DBG 2026-10-06 14:10:29.833+02:00 Publishing message with lightpush          topics="waku node lightpush api" tid=17249915 pubsubTopic=/waku/2/rs/3/7 contentTopic=/lp0026forum/1/general/text target_peer_id=16U*NSkuby msg_hash=0xcf2396778ba331cdf619a6024465d9fbead0d36809fc7800790d91a8ec091b6e mixify=true
[2026-10-06 14:10:29.833] [out] [delivery_module] DBG 2026-10-06 14:10:29.833+02:00 Publish                                    topics="waku lightpush client" tid=17249915 myPeerId=16U*B3TT6o peerId= msgHash=0xcf2396778ba331cdf619a6024465d9fbead0d36809fc7800790d91a8ec091b6e sentTime=1791288629833921024
[2026-10-06 14:10:29.833] [out] [delivery_module] DBG 2026-10-06 14:10:29.833+02:00 Destination data                           tid=17249915 destination=MixDestination[MixNode](16Uiu2HAmTUbnxLGT9JvV6mu9oPyDjqHK4Phs1VDJNUgESgNSkuby)
[2026-10-06 14:10:29.833] [out] [delivery_module] DBG 2026-10-06 14:10:29.833+02:00 Selected mix node:                         tid=17249915 indexInPath=0 peerId=16U*kGyuEP
[2026-10-06 14:10:29.834] [out] [delivery_module] DBG 2026-10-06 14:10:29.834+02:00 Selected mix node:                         tid=17249915 indexInPath=1 peerId=16U*P1S397
[2026-10-06 14:10:29.834] [out] [delivery_module] DBG 2026-10-06 14:10:29.834+02:00 Selected mix node:                         tid=17249915 indexInPath=2 peerId=16U*NSkuby
[2026-10-06 14:10:29.834] [out] [delivery_module] DBG 2026-10-06 14:10:29.834+02:00 Selected mix node for surbs:               tid=17249915 indexInPath=0 peerId=16U*VpJprH
[2026-10-06 14:10:29.834] [out] [delivery_module] DBG 2026-10-06 14:10:29.834+02:00 Selected mix node for surbs:               tid=17249915 indexInPath=1 peerId=16U*P1S397
[2026-10-06 14:10:30.556] [out] [delivery_module] INF 2026-10-06 14:10:30.556+02:00 Message received                           tid=17249915 msg_hash=0xcf2396778ba331cdf619a6024465d9fbead0d36809fc7800790d91a8ec091b6e contentTopic=/lp0026forum/1/general/text pubsubTopic=/waku/2/rs/3/7 source=live
[2026-10-06 14:10:31.269] [out] [delivery_module] DBG 2026-10-06 14:10:31.269+02:00 Message propagated via Mix                 topics="send service mix processor" tid=17249915 requestId=e3525b81fc3eb28de324 msgHash=0xcf2396778ba331cdf619a6024465d9fbead0d36809fc7800790d91a8ec091b6e
[2026-10-06 14:10:31.269] [out] [delivery_module] INF 2026-10-06 14:10:31.269+02:00 Message successfully propagated            topics="send service" tid=17249915 requestId=e3525b81fc3eb28de324 msgHash=withheld
[2026-10-06 14:10:31.269] [out] [delivery_module] INF 2026-10-06 14:10:31.269+02:00 Message successfully sent over mix         topics="send service" tid=17249915 requestId=e3525b81fc3eb28de324
[2026-10-06 14:10:35.324] [out] [delivery_module] DBG 2026-10-06 14:10:35.324+02:00 calculateConnectionState                   tid=17249915 relayCount=6 storeClientCount=6 lightpushCount=6 filterCount=6
[2026-10-06 14:10:36.993] [out] [delivery_module] DBG 2026-10-06 14:10:36.992+02:00 Dialing failed                             topics="libp2p dialer" tid=17249915 description="Timeout exceeded!" peerId=16U*7ZEp3L address=/ip4/192.168.1.3/tcp/49737 hostname=192.168.1.3
[2026-10-06 14:10:36.993] [out] [delivery_module] DBG 2026-10-06 14:10:36.993+02:00 Error dialing                              topics="libp2p dialer" tid=17249915 conn=nil peerId=16U*7ZEp3L protos="[/logos/service-discovery/1.0.0]" addrs="[/ip4/192.168.1.3/udp/56395/quic-v1, /ip4/192.168.1.3/tcp/49737]" description="Unable to establish outgoing link in establishConnection: peer_id=16U*7ZEp3L addrs=@[/ip4/192.168.1.3/udp/56395/quic-v1, /ip4/192.168.1.3/tcp/49737]"
[2026-10-06 14:10:36.993] [out] [delivery_module] DBG 2026-10-06 14:10:36.993+02:00 Dialing peer                               topics="libp2p dialer" tid=17249915 peerId=16U*7ZEp3L addrs="[/ip4/192.168.1.3/udp/56395/quic-v1, /ip4/192.168.1.3/tcp/49737]"
[2026-10-06 14:10:36.993] [out] [delivery_module] DBG 2026-10-06 14:10:36.993+02:00 Expanded address and hostname              topics="libp2p dialer" tid=17249915 expandedAddress=/ip4/192.168.1.3/udp/56395/quic-v1 hostname=192.168.1.3 resolvedAddresses="[/ip4/192.168.1.3/udp/56395/quic-v1]"
[2026-10-06 14:10:36.993] [out] [delivery_module] DBG 2026-10-06 14:10:36.993+02:00 New connection established: client         tid=17249915
[2026-10-06 14:10:39.389] [out] [delivery_module] DBG 2026-10-06 14:10:39.389+02:00 dialMe answer is not reachable             topics="libp2p autonatservice" tid=17249915 description="Peer could not dial us back: Dial timeout" peerId=16Uiu2HAm8Y9kgBNtjxvCnf1X6gnZJW5EGE4UwwCL3CCm55TwqBiH
[2026-10-06 14:10:39.389] [out] [delivery_module] DBG 2026-10-06 14:10:39.389+02:00 Current status                             topics="libp2p autonatservice" tid=17249915 currentStats=Unknown confidence=none() answers=[NotReachable]
[2026-10-06 14:10:39.995] [out] [delivery_module] DBG 2026-10-06 14:10:39.994+02:00 Dialing failed                             topics="libp2p dialer" tid=17249915 description="quic dial timed out after 3s" peerId=16U*7ZEp3L address=/ip4/192.168.1.3/udp/56395/quic-v1 hostname=192.168.1.3
[2026-10-06 14:10:39.995] [out] [delivery_module] DBG 2026-10-06 14:10:39.995+02:00 Expanded address and hostname              topics="libp2p dialer" tid=17249915 expandedAddress=/ip4/192.168.1.3/tcp/49737 hostname=192.168.1.3 resolvedAddresses="[/ip4/192.168.1.3/tcp/49737]"
[2026-10-06 14:10:41.392] [out] [delivery_module] WRN 2026-10-06 14:10:41.392+02:00 NAT port mapping failed                    topics="libp2p natservice" tid=17249915 port=56336 proto=mpTcp err="plum: mapping 0 failed"
[2026-10-06 14:10:43.395] [out] [delivery_module] WRN 2026-10-06 14:10:43.395+02:00 NAT port mapping failed                    topics="libp2p natservice" tid=17249915 port=53555 proto=mpUdp err="plum: mapping 0 failed"
[QmlInspector] Client disconnected
