run-logos-standalone-ui: hot-reloading QML from <repo>/src/qml
  (export DEV_QML_PATH to override, or LOGOS_QML_HOT_RELOAD=0 to disable)
Session directory: "~/Library/Application Support/Logos/LogosStandalone"
[2026-10-04 13:18:57.546] [info] [logos] Granting host services to 'capability_module': token_registry,token_delivery
[2026-10-04 13:18:57.585] [out] [capability_module] [2026-10-04 13:18:57.585] [info] Granting host services to capability_module: ["token_registry","token_delivery"]
RemoteTransportConnection: Connecting to registry: "local:logos_capability_module_5cc7fba64774" at "13:18:57.587"
RemoteTransportConnection: Registry connect attempt started (no peer contact yet): "local:logos_capability_module_5cc7fba64774"
LogosAPIConsumer: Informing module token for module: "capability_module" with token: "redacted:43d7e2c4…"
RemoteTransportConnection: Requesting object: "capability_module" at "13:18:57.587"
[LogosObject] RemoteTransportConnection: returning RemoteLogosObject for: "capability_module"
[LogosObject] Created RemoteLogosObject wrapping QRemoteObjectReplica 105553117903744
[LogosObject] LogosAPIConsumer: calling LogosObject::informModuleToken for "capability_module"
LogosAPIConsumer: informModuleToken completed with result: true
[LogosObject] Destroying RemoteLogosObject 0
[2026-10-04 13:18:57.627] [info] [logos] Module loaded: capability_module
LogosAPIConsumer: Informing module token for module: "modules_state" with token: "redacted:b46ca4b1…"
RemoteTransportConnection: Requesting object: "capability_module" at "13:18:57.668"
[LogosObject] RemoteTransportConnection: returning RemoteLogosObject for: "capability_module"
[LogosObject] Created RemoteLogosObject wrapping QRemoteObjectReplica 105553117960288
[LogosObject] LogosAPIConsumer: calling LogosObject::informModuleToken for "modules_state"
LogosAPIConsumer: informModuleToken completed with result: true
[LogosObject] Destroying RemoteLogosObject 0
[2026-10-04 13:18:57.668] [info] [logos] Module loaded: modules_state
RemoteTransportConnection: Connecting to registry: "local:logos_modules_state_5cc7fba64774" at "13:18:57.669"
RemoteTransportConnection: Registry connect attempt started (no peer contact yet): "local:logos_modules_state_5cc7fba64774"
RemoteTransportConnection: Connecting to registry: "local:logos_capability_module_5cc7fba64774" at "13:18:57.669"
RemoteTransportConnection: Registry connect attempt started (no peer contact yet): "local:logos_capability_module_5cc7fba64774"
LogosAPIConsumer: '"modules_state"::""' deferred pending the module becoming reachable
LogosAPIConsumer: '"modules_state"::""' deferred pending the module becoming reachable
Logos Core started (modules dir: "/nix/store/4v2cj5cr5dlsjb9cl0blr0cds0qf07iv-logos-forum_module-plugin-dir-modules" )
Set app icon from metadata: "/nix/store/yq6iarsricpxm1z2rz5jda0vqbcmk9zn-logos-forum_module-plugin-dir/src/icons/icon.png"
[2026-10-04 13:18:57.727] [info] [logos] [delivery_module] DeliveryModuleImpl: Initializing...
LogosAPIConsumer: Informing module token for module: "delivery_module" with token: "redacted:98e8c9b9…"
RemoteTransportConnection: Requesting object: "capability_module" at "13:18:57.728"
[LogosObject] RemoteTransportConnection: returning RemoteLogosObject for: "capability_module"
[LogosObject] Created RemoteLogosObject wrapping QRemoteObjectReplica 105553117843520
[LogosObject] LogosAPIConsumer: calling LogosObject::informModuleToken for "delivery_module"
LogosAPIConsumer: informModuleToken completed with result: true
[LogosObject] Destroying RemoteLogosObject 0
[2026-10-04 13:18:57.728] [info] [logos] Module loaded: delivery_module
RemoteTransportConnection: Connecting to registry: "local:logos_delivery_module_5cc7fba64774" at "13:18:57.729"
RemoteTransportConnection: Registry connect attempt started (no peer contact yet): "local:logos_delivery_module_5cc7fba64774"
RemoteTransportConnection: Connecting to registry: "local:logos_capability_module_5cc7fba64774" at "13:18:57.729"
RemoteTransportConnection: Registry connect attempt started (no peer contact yet): "local:logos_capability_module_5cc7fba64774"
LogosAPIConsumer: '"delivery_module"::""' deferred pending the module becoming reachable
LogosAPIClient: getToken for module: "modules_state"
LogosAPIClient: Found token for module: "modules_state"
RemoteTransportConnection: Requesting object: "modules_state" at "13:18:57.729"
[LogosObject] RemoteTransportConnection: returning RemoteLogosObject for: "modules_state"
[LogosObject] Created RemoteLogosObject wrapping QRemoteObjectReplica 105553118089984
[LogosObject] LogosAPIConsumer: async calling via LogosObject::callMethodAsync "note_transition"
[LogosObject] RemoteLogosObject::callMethodAsync "note_transition" args: 7
LogosAPIClient: getToken for module: "modules_state"
LogosAPIClient: Found token for module: "modules_state"
[LogosObject] LogosAPIConsumer: async calling via LogosObject::callMethodAsync "note_transition"
[LogosObject] RemoteLogosObject::callMethodAsync "note_transition" args: 7
Loaded dependency (with transitive deps): "delivery_module"
[2026-10-04 13:18:57.770] [info] [logos] [storage_module] StorageModuleImpl: Initializing...
LogosAPIConsumer: Informing module token for module: "storage_module" with token: "redacted:6a868321…"
RemoteTransportConnection: Requesting object: "capability_module" at "13:18:57.771"
[LogosObject] Created RemoteLogosObject wrapping QRemoteObjectReplica 105553118045824
LogosAPIClient: invoking remote method "modules_state" "apply_snapshot" args_count: 1
LogosAPIClient: getToken for module: "modules_state"
LogosAPIClient: Found token for module: "modules_state"
LogosAPIConsumer: Calling invokeRemoteMethod: "modules_state" "apply_snapshot" args_count: 1 timeout: 20000
[LogosObject] LogosAPIConsumer: calling via LogosObject::callMethod "apply_snapshot"
[LogosObject] RemoteLogosObject::callMethod "apply_snapshot" args: 1
[LogosObject] Created RemoteLogosObject wrapping QRemoteObjectReplica 105553118086240
LogosAPIClient: getToken for module: "modules_state"
LogosAPIClient: Found token for module: "modules_state"
[LogosObject] LogosAPIConsumer: async calling via LogosObject::callMethodAsync "note_transition"
[LogosObject] RemoteLogosObject::callMethodAsync "note_transition" args: 7
LogosAPIClient: getToken for module: "modules_state"
LogosAPIClient: Found token for module: "modules_state"
[LogosObject] LogosAPIConsumer: async calling via LogosObject::callMethodAsync "note_transition"
[LogosObject] RemoteLogosObject::callMethodAsync "note_transition" args: 7
[2026-10-04 13:18:57.772] [info] [logos] Pushed module snapshot to modules_state
LogosAPIClient: getToken for module: "modules_state"
LogosAPIClient: Found token for module: "modules_state"
[LogosObject] LogosAPIConsumer: async calling via LogosObject::callMethodAsync "note_transition"
[LogosObject] RemoteLogosObject::callMethodAsync "note_transition" args: 7
[LogosObject] RemoteTransportConnection: returning RemoteLogosObject for: "capability_module"
[LogosObject] Created RemoteLogosObject wrapping QRemoteObjectReplica 105553118090336
[LogosObject] LogosAPIConsumer: calling LogosObject::informModuleToken for "storage_module"
LogosAPIConsumer: informModuleToken completed with result: true
[LogosObject] Destroying RemoteLogosObject 0
[2026-10-04 13:18:57.772] [info] [logos] Module loaded: storage_module
RemoteTransportConnection: Connecting to registry: "local:logos_storage_module_5cc7fba64774" at "13:18:57.772"
RemoteTransportConnection: Registry connect attempt started (no peer contact yet): "local:logos_storage_module_5cc7fba64774"
RemoteTransportConnection: Connecting to registry: "local:logos_capability_module_5cc7fba64774" at "13:18:57.772"
RemoteTransportConnection: Registry connect attempt started (no peer contact yet): "local:logos_capability_module_5cc7fba64774"
LogosAPIConsumer: '"storage_module"::""' deferred pending the module becoming reachable
LogosAPIClient: getToken for module: "modules_state"
LogosAPIClient: Found token for module: "modules_state"
[LogosObject] LogosAPIConsumer: async calling via LogosObject::callMethodAsync "note_transition"
[LogosObject] RemoteLogosObject::callMethodAsync "note_transition" args: 7
Loaded dependency (with transitive deps): "storage_module"
DEV_QML_PATH override active: <repo>/src/qml/Main.qml
RemoteTransportConnection: Connecting to registry: "local:logos_capability_module_5cc7fba64774" at "13:18:57.773"
RemoteTransportConnection: Registry connect attempt started (no peer contact yet): "local:logos_capability_module_5cc7fba64774"
LogosAPIConsumer: Informing module token for module: "forum_module" with token: "redacted:c224ddba…"
RemoteTransportConnection: Requesting object: "capability_module" at "13:18:57.773"
[LogosObject] Created RemoteLogosObject wrapping QRemoteObjectReplica 105553117854048
LogosAPIClient: getToken for module: "modules_state"
LogosAPIClient: Found token for module: "modules_state"
[LogosObject] LogosAPIConsumer: async calling via LogosObject::callMethodAsync "note_transition"
[LogosObject] RemoteLogosObject::callMethodAsync "note_transition" args: 7
[LogosObject] RemoteTransportConnection: returning RemoteLogosObject for: "capability_module"
[LogosObject] Created RemoteLogosObject wrapping QRemoteObjectReplica 105553117855008
[LogosObject] LogosAPIConsumer: calling LogosObject::informModuleToken for "forum_module"
LogosAPIConsumer: informModuleToken completed with result: true
[LogosObject] Destroying RemoteLogosObject 0
Loaded UI plugin: "/nix/store/yq6iarsricpxm1z2rz5jda0vqbcmk9zn-logos-forum_module-plugin-dir"
[QmlInspector] Inspector server listening on port 3768
[QmlInspector] Client connected from "::1"
[2026-10-04 13:19:05.435] [warning] [logos] [capability_module] Warning: QObject::connect: No such signal ::eventResponse(QString,QVariantList)
[2026-10-04 13:19:05.435] [info] [logos] [delivery_module] DeliveryModuleImpl::getNodeInfo called with nodeInfoId: MyPeerId
[2026-10-04 13:19:05.435] [info] [logos] [delivery_module] DeliveryModuleImpl: Cannot get node info - context not initialized. Call createNode first.
[2026-10-04 13:19:05.435] [info] [logos] [delivery_module] DeliveryModuleImpl::createNode called
[2026-10-04 13:19:05.442] [info] [logos] [delivery_module] DeliveryModuleImpl: Waiting for createNode callback...
[2026-10-04 13:19:05.443] [out] [delivery_module] DBG 2026-10-04 13:19:05.442+02:00 Whether to mount storeSync is not specified, defaulting to not mounting topics="waku conf builder" tid=4807406
[2026-10-04 13:19:05.443] [out] [delivery_module] NTC 2026-10-04 13:19:05.443+02:00 No node key provided, generated a new one; identity will not persist across restarts topics="waku conf builder" tid=4807406
[2026-10-04 13:19:05.443] [out] [delivery_module] INF 2026-10-04 13:19:05.443+02:00 Sharding configuration:                    topics="waku conf builder" tid=4807406 shardingConf="(kind: AutoSharding, numShardsInCluster: 8)" subscribeShards="@[0, 1, 2, 3, 4, 5, 6, 7]"
[2026-10-04 13:19:05.443] [out] [delivery_module] INF 2026-10-04 13:19:05.443+02:00 Configuration: Enabled protocols           topics="waku conf" tid=4807406 relay=true rlnRelay=false store=false filter=true lightPush=true peerExchange=true rendezvous=true
[2026-10-04 13:19:05.443] [out] [delivery_module] INF 2026-10-04 13:19:05.443+02:00 Configuration. Network                     topics="waku conf" tid=4807406 cluster=3
[2026-10-04 13:19:05.443] [out] [delivery_module] DBG 2026-10-04 13:19:05.443+02:00 Configuration. Active Relay Shards         topics="waku conf" tid=4807406 shard=0
[2026-10-04 13:19:05.443] [out] [delivery_module] DBG 2026-10-04 13:19:05.443+02:00 Configuration. Active Relay Shards         topics="waku conf" tid=4807406 shard=1
[2026-10-04 13:19:05.443] [out] [delivery_module] DBG 2026-10-04 13:19:05.443+02:00 Configuration. Active Relay Shards         topics="waku conf" tid=4807406 shard=2
[2026-10-04 13:19:05.443] [out] [delivery_module] DBG 2026-10-04 13:19:05.443+02:00 Configuration. Active Relay Shards         topics="waku conf" tid=4807406 shard=3
[2026-10-04 13:19:05.443] [out] [delivery_module] DBG 2026-10-04 13:19:05.443+02:00 Configuration. Active Relay Shards         topics="waku conf" tid=4807406 shard=4
[2026-10-04 13:19:05.443] [out] [delivery_module] DBG 2026-10-04 13:19:05.443+02:00 Configuration. Active Relay Shards         topics="waku conf" tid=4807406 shard=5
[2026-10-04 13:19:05.443] [out] [delivery_module] DBG 2026-10-04 13:19:05.443+02:00 Configuration. Active Relay Shards         topics="waku conf" tid=4807406 shard=6
[2026-10-04 13:19:05.443] [out] [delivery_module] DBG 2026-10-04 13:19:05.443+02:00 Configuration. Active Relay Shards         topics="waku conf" tid=4807406 shard=7
[2026-10-04 13:19:05.444] [out] [delivery_module] INF 2026-10-04 13:19:05.444+02:00 Setting up storage                         tid=4807406
[2026-10-04 13:19:05.444] [out] [delivery_module] INF 2026-10-04 13:19:05.444+02:00 Initializing node                          tid=4807406
[2026-10-04 13:19:05.444] [out] [delivery_module] DBG 2026-10-04 13:19:05.444+02:00 Setting up NATService                      topics="libp2p natservice" tid=4807406 portMapping=true reachability=false holePunching=false
[2026-10-04 13:19:05.444] [out] [delivery_module] INF 2026-10-04 13:19:05.444+02:00 Initializing networking                    tid=4807406 addrs="@[/ip4/0.0.0.0/tcp/0, /ip4/0.0.0.0/udp/0/quic-v1]"
[2026-10-04 13:19:05.444] [out] [delivery_module] INF 2026-10-04 13:19:05.444+02:00 Mounting protocols                         tid=4807406
[2026-10-04 13:19:05.444] [out] [delivery_module] INF 2026-10-04 13:19:05.444+02:00 Created WakuMetadata protocol              topics="waku node" tid=4807406 clusterId=3 shards="[0, 1, 2, 3, 4, 5, 6, 7]"
[2026-10-04 13:19:05.444] [out] [delivery_module] INF 2026-10-04 13:19:05.444+02:00 Mounting mix protocol                      topics="waku node" tid=4807406INF 2026-10-04 13:19:05.444+02:00 node info                                  topics="waku node" tid=4807406 wakuInfo="(listenAddresses: [/ip4/0.0.0.0/tcp/0/p2p/16Uiu2HAm7iP4jCEuUzj5BoF7uJjLCVjGSSdQ2dgSeHWKLvTp1aUr, /ip4/0.0.0.0/udp/0/quic-v1/p2p/16Uiu2HAm7iP4jCEuUzj5BoF7uJjLCVjGSSdQ2dgSeHWKLvTp1aUr], enrUri: enr:-JO4QOFw3xzPV7onHuTbcK3bXTmRmnMgRDzYaVh7HOLGP9_wThss7EiEawN6MNYe1iNN92p6Wf7zJEl2YGW5Gd8DeIMBgmlkgnY0gnJzkwADCAAAAAEAAgADAAQABQAGAAeJc2VjcDI1NmsxoQK2k_25hznIr0KzwfXSDqd7XreWiOk_mKxudNHTk5Ye44V3YWt1Mi0, mixPubKey: none())"
[2026-10-04 13:19:05.444] [out] [delivery_module]  nodeId="(listenAddresses: [/ip4/0.0.0.0/tcp/0/p2p/16Uiu2HAm7iP4jCEuUzj5BoF7uJjLCVjGSSdQ2dgSeHWKLvTp1aUr, /ip4/0.0.0.0/udp/0/quic-v1/p2p/16Uiu2HAm7iP4jCEuUzj5BoF7uJjLCVjGSSdQ2dgSeHWKLvTp1aUr], enrUri: enr:-JO4QOFw3xzPV7onHuTbcK3bXTmRmnMgRDzYaVh7HOLGP9_wThss7EiEawN6MNYe1iNN92p6Wf7zJEl2YGW5Gd8DeIMBgmlkgnY0gnJzkwADCAAAAAEAAgADAAQABQAGAAeJc2VjcDI1NmsxoQK2k_25hznIr0KzwfXSDqd7XreWiOk_mKxudNHTk5Ye44V3YWt1Mi0, mixPubKey: none())"
[2026-10-04 13:19:05.444] [out] [delivery_module] INF 2026-10-04 13:19:05.444+02:00 local addr                                 topics="waku node" tid=4807406 localaddr=/ip4/0.0.0.0/tcp/0
[2026-10-04 13:19:05.444] [out] [delivery_module] INF 2026-10-04 13:19:05.444+02:00 mixPubKey                                  topics="waku node" tid=4807406 mixPubKey="[216, 150, 86, 18, 199, 66, 60, 176, 26, 250, 253, 10, 76, 184, 234, 73, 220, 89, 46, 79, 250, 229, 220, 184, 141, 182, 198, 250, 7, 118, 34, 103]"
[2026-10-04 13:19:05.444] [out] [delivery_module] INF 2026-10-04 13:19:05.444+02:00 Using mix bootstrap nodes                  topics="waku mix" tid=4807406 entries=0 poolSize=0
[2026-10-04 13:19:05.444] [out] [delivery_module] INF 2026-10-04 13:19:05.444+02:00 Mix cannot publish yet, waiting for more mix nodes topics="waku node" tid=4807406 poolSize=0 required=4
[2026-10-04 13:19:05.446] [out] [delivery_module] INF 2026-10-04 13:19:05.446+02:00 mounting store client                      topics="waku node store api" tid=4807406
[2026-10-04 13:19:05.446] [out] [delivery_module] INF 2026-10-04 13:19:05.446+02:00 Mounting auto sharding                     topics="waku node" tid=4807406 clusterId=3 shardCount=8
[2026-10-04 13:19:05.446] [out] [delivery_module] DBG 2026-10-04 13:19:05.446+02:00 Shards created from content topics         tid=4807406 contentTopics=[] shards=[]
[2026-10-04 13:19:05.446] [out] [delivery_module] DBG 2026-10-04 13:19:05.446+02:00 Setting max message size                   tid=4807406 num_bytes=153600
[2026-10-04 13:19:05.446] [out] [delivery_module] INF 2026-10-04 13:19:05.446+02:00 mounting relay protocol                    topics="waku node relay api" tid=4807406
[2026-10-04 13:19:05.446] [out] [delivery_module] DBG 2026-10-04 13:19:05.446+02:00 relay mounted successfully                 topics="waku node relay api" tid=4807406
[2026-10-04 13:19:05.446] [out] [delivery_module] DBG 2026-10-04 13:19:05.446+02:00 Adding validator to signed shards          tid=4807406 protectedShards=[] clusterId=3
[2026-10-04 13:19:05.446] [out] [delivery_module] INF 2026-10-04 13:19:05.446+02:00 Mounting rendezvous discovery protocol     topics="waku node" tid=4807406
[2026-10-04 13:19:05.447] [out] [delivery_module] INF 2026-10-04 13:19:05.447+02:00 Waku rendezvous initialized                topics="waku node" tid=4807406 clusterId=3 shards="[0, 1, 2, 3, 4, 5, 6, 7]" capabilities="[Relay, Filter, Lightpush, Mix]" wakuPeerRecord="(peerId: 16U*Tp1aUr, seqNo: 1791112745, addresses: [/ip4/0.0.0.0/tcp/0, /ip4/0.0.0.0/udp/0/quic-v1], mixKey: 0xd8965612c7423cb01afafd0a4cb8ea49dc592e4ffae5dcb88db6c6fa07762267)"
[2026-10-04 13:19:05.447] [out] [delivery_module] INF 2026-10-04 13:19:05.447+02:00 Mounting rendezvous client                 topics="waku node" tid=4807406
[2026-10-04 13:19:05.447] [out] [delivery_module] INF 2026-10-04 13:19:05.447+02:00 Waku rendezvous client initialized         topics="waku node" tid=4807406 clusterId=3
[2026-10-04 13:19:05.447] [out] [delivery_module] INF 2026-10-04 13:19:05.447+02:00 mounting libp2p ping protocol              topics="waku node ping api" tid=4807406
[2026-10-04 13:19:05.447] [out] [delivery_module] INF 2026-10-04 13:19:05.447+02:00 mounting light push                        topics="waku node lightpush api" tid=4807406
[2026-10-04 13:19:05.447] [out] [delivery_module] INF 2026-10-04 13:19:05.447+02:00 mounting lightpush with relay              topics="waku node lightpush api" tid=4807406
[2026-10-04 13:19:05.447] [out] [delivery_module] DBG 2026-10-04 13:19:05.447+02:00 lightpush mounted successfully             topics="waku node lightpush api" tid=4807406
[2026-10-04 13:19:05.447] [out] [delivery_module] INF 2026-10-04 13:19:05.447+02:00 mounting legacy light push                 topics="waku node lightpush api" tid=4807406
[2026-10-04 13:19:05.447] [out] [delivery_module] INF 2026-10-04 13:19:05.447+02:00 mounting legacy lightpush with relay       topics="waku node lightpush api" tid=4807406
[2026-10-04 13:19:05.447] [out] [delivery_module] DBG 2026-10-04 13:19:05.447+02:00 legacy lightpush mounted successfully      topics="waku node lightpush api" tid=4807406
[2026-10-04 13:19:05.447] [out] [delivery_module] INF 2026-10-04 13:19:05.447+02:00 mounting light push client                 topics="waku node lightpush api" tid=4807406
[2026-10-04 13:19:05.447] [out] [delivery_module] INF 2026-10-04 13:19:05.447+02:00 mounting legacy light push client          topics="waku node lightpush api" tid=4807406
[2026-10-04 13:19:05.447] [out] [delivery_module] INF 2026-10-04 13:19:05.447+02:00 mounting filter protocol                   topics="waku node filter api" tid=4807406
[2026-10-04 13:19:05.448] [out] [delivery_module] INF 2026-10-04 13:19:05.448+02:00 Starting filter protocol                   topics="waku filter" tid=4807406
[2026-10-04 13:19:05.448] [out] [delivery_module] DBG 2026-10-04 13:19:05.448+02:00 Starting to maintain subscriptions         topics="waku filter" tid=4807406
[2026-10-04 13:19:05.448] [out] [delivery_module] DBG 2026-10-04 13:19:05.448+02:00 Maintaining subscriptions                  topics="waku filter" tid=4807406
[2026-10-04 13:19:05.448] [out] [delivery_module] DBG 2026-10-04 13:19:05.448+02:00 Cleanup                                    topics="waku filter subscriptions" tid=4807406 currentPeerIds=[]
[2026-10-04 13:19:05.448] [out] [delivery_module] DBG 2026-10-04 13:19:05.448+02:00 After cleanup                              topics="waku filter subscriptions" tid=4807406 currentPeerIds=[]
[2026-10-04 13:19:05.448] [out] [delivery_module] INF 2026-10-04 13:19:05.448+02:00 mounting filter client                     topics="waku node filter api" tid=4807406
[2026-10-04 13:19:05.448] [out] [delivery_module] INF 2026-10-04 13:19:05.448+02:00 mounting waku peer exchange                topics="waku node peerexchange api" tid=4807406
[2026-10-04 13:19:05.448] [out] [delivery_module] INF 2026-10-04 13:19:05.448+02:00 mounting waku peer exchange client         topics="waku node peerexchange api" tid=4807406
[2026-10-04 13:19:05.448] [out] [delivery_module] INF 2026-10-04 13:19:05.448+02:00 No external callbacks to be set            topics="wakunode waku" tid=4807406
[2026-10-04 13:19:05.448] [out] [delivery_module] INF 2026-10-04 13:19:05.448+02:00 Setting up AutonatService                  topics="libp2p autonatservice" tid=4807406
[2026-10-04 13:19:05.448] [info] [logos] [delivery_module] DeliveryModuleImpl::createNode callback called with ret: 0
[2026-10-04 13:19:05.452] [info] [logos] [delivery_module] DeliveryModuleImpl: Delivery context created successfully
[2026-10-04 13:19:05.452] [info] [logos] [delivery_module] DeliveryModuleImpl::start called
[2026-10-04 13:19:05.452] [out] [delivery_module] INF 2026-10-04 13:19:05.452+02:00 Retrieve dynamic bootstrap nodes           topics="wakunode waku" tid=4807406
[2026-10-04 13:19:05.452] [out] [delivery_module] INF 2026-10-04 13:19:05.452+02:00 Running nwaku node                         tid=4807406 version=v0.39.0-gca2814
[2026-10-04 13:19:05.452] [out] [delivery_module] INF 2026-10-04 13:19:05.452+02:00 Starting Waku node                         topics="waku node" tid=4807406 version=v0.39.0-gca2814
[2026-10-04 13:19:05.452] [info] [logos] [delivery_module] DeliveryModuleImpl::getNodeInfo called with nodeInfoId: MyPeerId
[2026-10-04 13:19:05.452] [out] [delivery_module] DBG 2026-10-04 13:19:05.452+02:00 Waku rendezvous periodic requests started  topics="waku rendezvous client" tid=4807406 interval=10s
[2026-10-04 13:19:05.452] [out] [delivery_module] INF 2026-10-04 13:19:05.452+02:00 Waku rendezvous client started             topics="waku rendezvous client" tid=4807406
[2026-10-04 13:19:05.452] [out] [delivery_module] DBG 2026-10-04 13:19:05.452+02:00 starting switch for peer                   topics="libp2p switch" tid=4807406 peerInfo="(peerId: 16Uiu2HAm7iP4jCEuUzj5BoF7uJjLCVjGSSdQ2dgSeHWKLvTp1aUr, listenAddrs: [/ip4/0.0.0.0/tcp/0, /ip4/0.0.0.0/udp/0/quic-v1], addrs: [], protocols: [/ipfs/id/1.0.0, /libp2p/autonat/1.0.0, /libp2p/circuit/relay/0.2.0/hop, /vac/waku/metadata/1.0.0, /mix/1.0.0, /logos/service-discovery/1.0.0, /vac/waku/relay/2.0.0, /vac/waku/rendezvous/1.0.0, /ipfs/ping/1.0.0, /vac/waku/lightpush/3.0.0, /vac/waku/lightpush/2.0.0-beta1, /vac/waku/filter-subscribe/2.0.0-beta1, /vac/waku/filter-push/2.0.0-beta1, /vac/waku/peer-exchange/2.0.0-alpha1], protoVersion: ipfs/0.1.0, agentVersion: logos-delivery-v0.39.0-gca2814)"
[2026-10-04 13:19:05.452] [out] [delivery_module] DBG 2026-10-04 13:19:05.452+02:00 No private listen addresses to map; releasing any prior mappings topics="libp2p natservice" tid=4807406
[2026-10-04 13:19:05.453] [out] [delivery_module] DBG 2026-10-04 13:19:05.453+02:00 Configured QUIC UDP receive buffer         tid=4807406 requestedBytes=8388608 effectiveBytes=8388608
[2026-10-04 13:19:05.454] [out] [delivery_module] DBG 2026-10-04 13:19:05.454+02:00 About to accept incoming connection        topics="libp2p switch" tid=4807406
[2026-10-04 13:19:05.454] [out] [delivery_module] DBG 2026-10-04 13:19:05.454+02:00 About to accept incoming connection        topics="libp2p switch" tid=4807406
[2026-10-04 13:19:05.454] [out] [delivery_module] DBG 2026-10-04 13:19:05.454+02:00 No private listen addresses to map; releasing any prior mappings topics="libp2p natservice" tid=4807406
[2026-10-04 13:19:05.455] [out] [delivery_module] DBG 2026-10-04 13:19:05.455+02:00 Lookup query                               topics="kad-dht find" tid=4807406 peer=16U*NSkuby
[2026-10-04 13:19:05.456] [out] [delivery_module] DBG 2026-10-04 13:19:05.456+02:00 Dialing peer                               topics="libp2p dialer" tid=4807406 peerId=16U*NSkuby addrs="[/dns4/delivery-01.do-ams3.logos.dev.status.im/tcp/30303]"
[2026-10-04 13:19:05.456] [out] [delivery_module] DBG 2026-10-04 13:19:05.456+02:00 resolved addresses                         topics="libp2p dialer" tid=4807406 originalAddresses=/dns4/delivery-01.do-ams3.logos.dev.status.im/tcp/30303/p2p/16Uiu2HAmTUbnxLGT9JvV6mu9oPyDjqHK4Phs1VDJNUgESgNSkuby resolvedAddresses="[/dns4/delivery-01.do-ams3.logos.dev.status.im/tcp/30303/p2p/16Uiu2HAmTUbnxLGT9JvV6mu9oPyDjqHK4Phs1VDJNUgESgNSkuby]"
[2026-10-04 13:19:05.456] [out] [delivery_module] DBG 2026-10-04 13:19:05.456+02:00 Lookup query                               topics="kad-dht find" tid=4807406 peer=16U*TwqBiH
[2026-10-04 13:19:05.456] [out] [delivery_module] DBG 2026-10-04 13:19:05.456+02:00 Dialing peer                               topics="libp2p dialer" tid=4807406 peerId=16U*TwqBiH addrs="[/dns4/delivery-02.gc-us-central1-a.logos.dev.status.im/tcp/30303]"
[2026-10-04 13:19:05.456] [out] [delivery_module] DBG 2026-10-04 13:19:05.456+02:00 resolved addresses                         topics="libp2p dialer" tid=4807406 originalAddresses=/dns4/delivery-02.gc-us-central1-a.logos.dev.status.im/tcp/30303/p2p/16Uiu2HAm8Y9kgBNtjxvCnf1X6gnZJW5EGE4UwwCL3CCm55TwqBiH resolvedAddresses="[/dns4/delivery-02.gc-us-central1-a.logos.dev.status.im/tcp/30303/p2p/16Uiu2HAm8Y9kgBNtjxvCnf1X6gnZJW5EGE4UwwCL3CCm55TwqBiH]"
[2026-10-04 13:19:05.456] [out] [delivery_module] DBG 2026-10-04 13:19:05.456+02:00 Lookup query                               topics="kad-dht find" tid=4807406 peer=16U*VpJprH
[2026-10-04 13:19:05.456] [out] [delivery_module] DBG 2026-10-04 13:19:05.456+02:00 Dialing peer                               topics="libp2p dialer" tid=4807406 peerId=16U*VpJprH addrs="[/dns4/delivery-02.do-ams3.logos.dev.status.im/tcp/30303]"
[2026-10-04 13:19:05.456] [out] [delivery_module] DBG 2026-10-04 13:19:05.456+02:00 resolved addresses                         topics="libp2p dialer" tid=4807406 originalAddresses=/dns4/delivery-02.do-ams3.logos.dev.status.im/tcp/30303/p2p/16Uiu2HAmMK7PYygBtKUQ8EHp7EfaD3bCEsJrkFooK8RQ2PVpJprH resolvedAddresses="[/dns4/delivery-02.do-ams3.logos.dev.status.im/tcp/30303/p2p/16Uiu2HAmMK7PYygBtKUQ8EHp7EfaD3bCEsJrkFooK8RQ2PVpJprH]"
[2026-10-04 13:19:05.456] [out] [delivery_module] DBG 2026-10-04 13:19:05.456+02:00 Lookup query                               topics="kad-dht find" tid=4807406 peer=16U*P1S397
[2026-10-04 13:19:05.456] [out] [delivery_module] DBG 2026-10-04 13:19:05.456+02:00 Dialing peer                               topics="libp2p dialer" tid=4807406 peerId=16U*P1S397 addrs="[/dns4/delivery-01.gc-us-central1-a.logos.dev.status.im/tcp/30303]"
[2026-10-04 13:19:05.456] [out] [delivery_module] DBG 2026-10-04 13:19:05.456+02:00 resolved addresses                         topics="libp2p dialer" tid=4807406 originalAddresses=/dns4/delivery-01.gc-us-central1-a.logos.dev.status.im/tcp/30303/p2p/16Uiu2HAm4S1JYkuzDKLKQvwgAhZKs9otxXqt8SCGtB4hoJP1S397 resolvedAddresses="[/dns4/delivery-01.gc-us-central1-a.logos.dev.status.im/tcp/30303/p2p/16Uiu2HAm4S1JYkuzDKLKQvwgAhZKs9otxXqt8SCGtB4hoJP1S397]"
[2026-10-04 13:19:05.456] [out] [delivery_module] DBG 2026-10-04 13:19:05.456+02:00 Lookup query                               topics="kad-dht find" tid=4807406 peer=16U*T3UNSE
[2026-10-04 13:19:05.456] [out] [delivery_module] DBG 2026-10-04 13:19:05.456+02:00 Dialing peer                               topics="libp2p dialer" tid=4807406 peerId=16U*T3UNSE addrs="[/dns4/delivery-02.ac-cn-hongkong-c.logos.dev.status.im/tcp/30303]"
[2026-10-04 13:19:05.456] [out] [delivery_module] DBG 2026-10-04 13:19:05.456+02:00 resolved addresses                         topics="libp2p dialer" tid=4807406 originalAddresses=/dns4/delivery-02.ac-cn-hongkong-c.logos.dev.status.im/tcp/30303/p2p/16Uiu2HAkvwhGHKNry6LACrB8TmEFoCJKEX29XR5dDUzk3UT3UNSE resolvedAddresses="[/dns4/delivery-02.ac-cn-hongkong-c.logos.dev.status.im/tcp/30303/p2p/16Uiu2HAkvwhGHKNry6LACrB8TmEFoCJKEX29XR5dDUzk3UT3UNSE]"
[2026-10-04 13:19:05.456] [out] [delivery_module] DBG 2026-10-04 13:19:05.456+02:00 Lookup query                               topics="kad-dht find" tid=4807406 peer=16U*kGyuEP
[2026-10-04 13:19:05.456] [out] [delivery_module] DBG 2026-10-04 13:19:05.456+02:00 Dialing peer                               topics="libp2p dialer" tid=4807406 peerId=16U*kGyuEP addrs="[/dns4/delivery-01.ac-cn-hongkong-c.logos.dev.status.im/tcp/30303]"
[2026-10-04 13:19:05.457] [out] [delivery_module] DBG 2026-10-04 13:19:05.456+02:00 resolved addresses                         topics="libp2p dialer" tid=4807406 originalAddresses=/dns4/delivery-01.ac-cn-hongkong-c.logos.dev.status.im/tcp/30303/p2p/16Uiu2HAm8YokiNun9BkeA1ZRmhLbtNUvcwRr64F69tYj9fkGyuEP resolvedAddresses="[/dns4/delivery-01.ac-cn-hongkong-c.logos.dev.status.im/tcp/30303/p2p/16Uiu2HAm8YokiNun9BkeA1ZRmhLbtNUvcwRr64F69tYj9fkGyuEP]"
[2026-10-04 13:19:05.457] [out] [delivery_module] ERR 2026-10-04 13:19:05.457+02:00 Failed to create signed extended peer record topics="service-discovery" tid=4807406 error="no dialable address to publish yet"
[2026-10-04 13:19:05.457] [out] [delivery_module] INF 2026-10-04 13:19:05.457+02:00 Service Discovery started                  topics="service-discovery" tid=4807406
[2026-10-04 13:19:05.457] [out] [delivery_module] INF 2026-10-04 13:19:05.457+02:00 start                                      topics="waku relay" tid=4807406
[2026-10-04 13:19:05.457] [out] [delivery_module] DBG 2026-10-04 13:19:05.457+02:00 Waku rendezvous periodic registration started topics="waku rendezvous" tid=4807406 interval=10s
[2026-10-04 13:19:05.457] [out] [delivery_module] INF 2026-10-04 13:19:05.457+02:00 Waku rendezvous discovery started          topics="waku rendezvous" tid=4807406
[2026-10-04 13:19:05.457] [out] [delivery_module] DBG 2026-10-04 13:19:05.457+02:00 Started libp2p node                        topics="libp2p switch" tid=4807406 peer="(peerId: 16Uiu2HAm7iP4jCEuUzj5BoF7uJjLCVjGSSdQ2dgSeHWKLvTp1aUr, listenAddrs: [/ip4/0.0.0.0/tcp/56317, /ip4/0.0.0.0/udp/58501/quic-v1], addrs: [/ip4/0.0.0.0/tcp/56317, /ip4/0.0.0.0/udp/58501/quic-v1], protocols: [/ipfs/id/1.0.0, /libp2p/autonat/1.0.0, /libp2p/circuit/relay/0.2.0/hop, /vac/waku/metadata/1.0.0, /mix/1.0.0, /logos/service-discovery/1.0.0, /vac/waku/relay/2.0.0, /vac/waku/rendezvous/1.0.0, /ipfs/ping/1.0.0, /vac/waku/lightpush/3.0.0, /vac/waku/lightpush/2.0.0-beta1, /vac/waku/filter-subscribe/2.0.0-beta1, /vac/waku/filter-push/2.0.0-beta1, /vac/waku/peer-exchange/2.0.0-alpha1], protoVersion: ipfs/0.1.0, agentVersion: logos-delivery-v0.39.0-gca2814)"
[2026-10-04 13:19:05.458] [out] [delivery_module] INF 2026-10-04 13:19:05.458+02:00 Announced base resolved                    topics="waku node" tid=4807406 addrs="@[/ip4/172.20.10.14/tcp/56317, /ip4/172.20.10.14/udp/58501/quic-v1]" explicit=@[]
[2026-10-04 13:19:05.462] [info] [logos] [delivery_module] DeliveryModuleImpl::subscribe called with contentTopic: /lp0026forum/1/general/text
[2026-10-04 13:19:05.462] [out] [delivery_module] DBG 2026-10-04 13:19:05.462+02:00 Subscribing to pubsub topic                topics="waku relay" tid=4807406 pubsubTopic=/waku/2/rs/3/7
[2026-10-04 13:19:05.462] [info] [logos] [delivery_module] DeliveryModuleImpl: Subscribe completed for topic: /lp0026forum/1/general/text with success
[2026-10-04 13:19:05.462] [out] [delivery_module] DBG 2026-10-04 13:19:05.462+02:00 No mesh peer for the given pubsub topic    topics="waku relay" tid=4807406 pubsubTopic=/waku/2/rs/3/7
[2026-10-04 13:19:07.280] [out] [delivery_module] INF 2026-10-04 13:19:07.280+02:00 Using mix bootstrap nodes                  topics="waku mix" tid=4807406 entries=1 poolSize=1
[2026-10-04 13:19:07.281] [out] [delivery_module] INF 2026-10-04 13:19:07.281+02:00 Using mix bootstrap nodes                  topics="waku mix" tid=4807406 entries=1 poolSize=2
[2026-10-04 13:19:07.281] [out] [delivery_module] INF 2026-10-04 13:19:07.281+02:00 Using mix bootstrap nodes                  topics="waku mix" tid=4807406 entries=1 poolSize=3
[2026-10-04 13:19:07.281] [out] [delivery_module] INF 2026-10-04 13:19:07.281+02:00 Using mix bootstrap nodes                  topics="waku mix" tid=4807406 entries=1 poolSize=4
[2026-10-04 13:19:07.324] [out] [delivery_module] INF 2026-10-04 13:19:07.324+02:00 Using mix bootstrap nodes                  topics="waku mix" tid=4807406 entries=1 poolSize=5
[2026-10-04 13:19:07.324] [out] [delivery_module] INF 2026-10-04 13:19:07.324+02:00 Using mix bootstrap nodes                  topics="waku mix" tid=4807406 entries=1 poolSize=6
[2026-10-04 13:19:07.325] [out] [delivery_module] DBG 2026-10-04 13:19:07.325+02:00 Expanded address and hostname              topics="libp2p dialer" tid=4807406 expandedAddress=/dns4/delivery-01.ac-cn-hongkong-c.logos.dev.status.im/tcp/30303 hostname=delivery-01.ac-cn-hongkong-c.logos.dev.status.im resolvedAddresses="[/ip4/47.242.130.189/tcp/30303]"
[2026-10-04 13:19:07.325] [out] [delivery_module] DBG 2026-10-04 13:19:07.325+02:00 Expanded address and hostname              topics="libp2p dialer" tid=4807406 expandedAddress=/dns4/delivery-01.do-ams3.logos.dev.status.im/tcp/30303 hostname=delivery-01.do-ams3.logos.dev.status.im resolvedAddresses="[/ip4/138.68.122.137/tcp/30303]"
[2026-10-04 13:19:07.325] [out] [delivery_module] DBG 2026-10-04 13:19:07.325+02:00 Expanded address and hostname              topics="libp2p dialer" tid=4807406 expandedAddress=/dns4/delivery-02.ac-cn-hongkong-c.logos.dev.status.im/tcp/30303 hostname=delivery-02.ac-cn-hongkong-c.logos.dev.status.im resolvedAddresses="[/ip4/43.99.103.10/tcp/30303]"
[2026-10-04 13:19:07.326] [out] [delivery_module] DBG 2026-10-04 13:19:07.325+02:00 Expanded address and hostname              topics="libp2p dialer" tid=4807406 expandedAddress=/dns4/delivery-02.gc-us-central1-a.logos.dev.status.im/tcp/30303 hostname=delivery-02.gc-us-central1-a.logos.dev.status.im resolvedAddresses="[/ip4/34.123.201.25/tcp/30303]"
[2026-10-04 13:19:07.326] [out] [delivery_module] DBG 2026-10-04 13:19:07.326+02:00 Expanded address and hostname              topics="libp2p dialer" tid=4807406 expandedAddress=/dns4/delivery-01.gc-us-central1-a.logos.dev.status.im/tcp/30303 hostname=delivery-01.gc-us-central1-a.logos.dev.status.im resolvedAddresses="[/ip4/136.119.156.87/tcp/30303]"
[2026-10-04 13:19:07.326] [out] [delivery_module] DBG 2026-10-04 13:19:07.326+02:00 Expanded address and hostname              topics="libp2p dialer" tid=4807406 expandedAddress=/dns4/delivery-02.do-ams3.logos.dev.status.im/tcp/30303 hostname=delivery-02.do-ams3.logos.dev.status.im resolvedAddresses="[/ip4/174.138.106.244/tcp/30303]"
[2026-10-04 13:19:07.461] [out] [delivery_module] WRN 2026-10-04 13:19:07.461+02:00 NAT port mapping failed                    topics="libp2p natservice" tid=4807406 port=56317 proto=mpTcp err="plum: mapping 0 failed"
[2026-10-04 13:19:08.462] [out] [delivery_module] WRN 2026-10-04 13:19:08.462+02:00 NAT port mapping failed                    topics="libp2p natservice" tid=4807406 port=58501 proto=mpUdp err="plum: mapping 0 failed"
[2026-10-04 13:19:08.462] [out] [delivery_module] INF 2026-10-04 13:19:08.462+02:00 Mix self hop set                           topics="waku node" tid=4807406 hop=/ip4/172.20.10.14/tcp/56317 before=/ip4/0.0.0.0/tcp/0
[2026-10-04 13:19:08.462] [out] [delivery_module] DBG 2026-10-04 13:19:08.462+02:00 ENR addresses updated                      topics="waku enr" tid=4807406 retained=0 total=0
[2026-10-04 13:19:08.462] [out] [delivery_module] DBG 2026-10-04 13:19:08.462+02:00 ENR addresses updated                      topics="waku enr" tid=4807406 retained=0 total=0
[2026-10-04 13:19:08.464] [out] [delivery_module] INF 2026-10-04 13:19:08.463+02:00 Random kademlia lookups disabled           topics="waku service discovery" tid=4807406
[2026-10-04 13:19:08.464] [out] [delivery_module] DBG 2026-10-04 13:19:08.463+02:00 Periodic service lookup started            topics="waku service discovery" tid=4807406 interval=1m services={}
[2026-10-04 13:19:08.464] [out] [delivery_module] INF 2026-10-04 13:19:08.463+02:00 Kademlia discovery started                 topics="waku service discovery" tid=4807406
[2026-10-04 13:19:08.464] [out] [delivery_module] INF 2026-10-04 13:19:08.464+02:00 Discovery ENR initialized                  topics="eth p2p discv5" tid=4807406 enrAutoUpdate=false seqNum=4 ip=none() tcpPort=none() udpPort=none() customEnrFields=@[] uri=enr:-Ka4QMyMnrTL-pHYZ5oedNDIj7LnylBeZe3xHDdteqcLfMfWaX8V5mMAA_wL1qPZBtCUv7iT97zAHiUjtxiJt2y5d2AEgmlkgnY0im11bHRpYWRkcnOAgnJzkwADCAAAAAEAAgADAAQABQAGAAeJc2VjcDI1NmsxoQK2k_25hznIr0KzwfXSDqd7XreWiOk_mKxudNHTk5Ye44N0Y3CC2_2Fd2FrdTIt
[2026-10-04 13:19:08.464] [out] [delivery_module] WRN 2026-10-04 13:19:08.464+02:00 No external IP provided for the ENR, this node will not be discoverable topics="eth p2p discv5" tid=4807406
[2026-10-04 13:19:08.465] [out] [delivery_module] DBG 2026-10-04 13:19:08.465+02:00 peer filtering updated                     topics="waku discv5" tid=4807406
[2026-10-04 13:19:08.465] [out] [delivery_module] INF 2026-10-04 13:19:08.465+02:00 Starting discovery v5 service              topics="waku discv5" tid=4807406
[2026-10-04 13:19:08.465] [out] [delivery_module] INF 2026-10-04 13:19:08.465+02:00 Start listening on udp port                topics="waku discv5" tid=4807406 address=0.0.0.0 port=58115
[2026-10-04 13:19:08.465] [out] [delivery_module] INF 2026-10-04 13:19:08.465+02:00 Starting discovery node                    topics="eth p2p discv5" tid=4807406 node=43*1996be:unaddressable bindAddress=0.0.0.0:58115
[2026-10-04 13:19:08.465] [out] [delivery_module] DBG 2026-10-04 13:19:08.465+02:00 Total nodes in routing table after populate topics="eth p2p discv5" tid=4807406 total=0
[2026-10-04 13:19:08.465] [out] [delivery_module] DBG 2026-10-04 13:19:08.465+02:00 Starting discovery v5 search               topics="waku discv5" tid=4807406
[2026-10-04 13:19:08.465] [out] [delivery_module] DBG 2026-10-04 13:19:08.465+02:00 Successfully started discovery v5 service  topics="waku discv5" tid=4807406
[2026-10-04 13:19:08.465] [out] [delivery_module] INF 2026-10-04 13:19:08.465+02:00 Discv5: discoverable ENR                   topics="waku discv5" tid=4807406 enrUri=enr:-Ka4QMyMnrTL-pHYZ5oedNDIj7LnylBeZe3xHDdteqcLfMfWaX8V5mMAA_wL1qPZBtCUv7iT97zAHiUjtxiJt2y5d2AEgmlkgnY0im11bHRpYWRkcnOAgnJzkwADCAAAAAEAAgADAAQABQAGAAeJc2VjcDI1NmsxoQK2k_25hznIr0KzwfXSDqd7XreWiOk_mKxudNHTk5Ye44N0Y3CC2_2Fd2FrdTIt enr="(4, id: \"v4\", multiaddrs: 0x, rs: 0x00030800000001000200030004000500060007, secp256k1: 0x02B693FDB98739C8AF42B3C1F5D20EA77B5EB79688E93F98AC6E74D1D393961EE3, tcp: 56317, waku2: 0x2D)"
[2026-10-04 13:19:08.465] [out] [delivery_module] INF 2026-10-04 13:19:08.465+02:00 Node started successfully                  topics="waku node" tid=4807406
[2026-10-04 13:19:08.466] [out] [delivery_module] DBG 2026-10-04 13:19:08.465+02:00 Publishing Signed XPR                      topics="service-discovery" tid=4807406 xpr="(envelope: (publicKey: secp256k1 key (04b693fdb98739c8af42b3c1f5d20ea77b5eb79688e93f98ac6e74d1d393961ee3f868ea88c721a469c130d6d18d24592cfd55f6a0c05fcabf31bf8659d56f96e2), payloadType: @[3, 1], payload: @[10, 39, 0, 37, 8, 2, 18, 33, 2, 182, 147, 253, 185, 135, 57, 200, 175, 66, 179, 193, 245, 210, 14, 167, 123, 94, 183, 150, 136, 233, 63, 152, 172, 110, 116, 209, 211, 147, 150, 30, 227, 16, 233, 230, 6, 26, 10, 10, 8, 4, 172, 20, 10, 14, 6, 219, 253, 26, 13, 10, 11, 4, 172, 20, 10, 14, 145, 2, 228, 133, 205, 3], signature: 304402202DF5D4BC7A54855522A58D5134A5B494797C234143761F7E6743CCE842E066830220440D078C1A19653C643E77DA3CC07ACDD7136D672F46CB76635FBC7AC6FEDD6E), data: (peerId: 16Uiu2HAm7iP4jCEuUzj5BoF7uJjLCVjGSSdQ2dgSeHWKLvTp1aUr, seqNo: 111465, addresses: @[(address: /ip4/172.20.10.14/tcp/56317), (address: /ip4/172.20.10.14/udp/58501/quic-v1)], services: @[]))"
[2026-10-04 13:19:08.466] [out] [delivery_module] DBG 2026-10-04 13:19:08.466+02:00 Lookup query                               topics="kad-dht find" tid=4807406 peer=16U*NSkuby
[2026-10-04 13:19:08.466] [out] [delivery_module] DBG 2026-10-04 13:19:08.466+02:00 Lookup query                               topics="kad-dht find" tid=4807406 peer=16U*TwqBiH
[2026-10-04 13:19:08.466] [out] [delivery_module] DBG 2026-10-04 13:19:08.466+02:00 Lookup query                               topics="kad-dht find" tid=4807406 peer=16U*VpJprH
[2026-10-04 13:19:08.466] [out] [delivery_module] DBG 2026-10-04 13:19:08.466+02:00 Lookup query                               topics="kad-dht find" tid=4807406 peer=16U*P1S397
[2026-10-04 13:19:08.466] [out] [delivery_module] DBG 2026-10-04 13:19:08.466+02:00 Lookup query                               topics="kad-dht find" tid=4807406 peer=16U*T3UNSE
[2026-10-04 13:19:08.466] [out] [delivery_module] DBG 2026-10-04 13:19:08.466+02:00 Lookup query                               topics="kad-dht find" tid=4807406 peer=16U*kGyuEP
[2026-10-04 13:19:08.466] [out] [delivery_module] DBG 2026-10-04 13:19:08.466+02:00 Dialing multiple peers                     tid=4807406 numOfPeers=6 nodes="@[\"/dns4/delivery-01.do-ams3.logos.dev.status.im/tcp/30303/p2p/16Uiu2HAmTUbnxLGT9JvV6mu9oPyDjqHK4Phs1VDJNUgESgNSkuby\", \"/dns4/delivery-02.do-ams3.logos.dev.status.im/tcp/30303/p2p/16Uiu2HAmMK7PYygBtKUQ8EHp7EfaD3bCEsJrkFooK8RQ2PVpJprH\", \"/dns4/delivery-01.gc-us-central1-a.logos.dev.status.im/tcp/30303/p2p/16Uiu2HAm4S1JYkuzDKLKQvwgAhZKs9otxXqt8SCGtB4hoJP1S397\", \"/dns4/delivery-02.gc-us-central1-a.logos.dev.status.im/tcp/30303/p2p/16Uiu2HAm8Y9kgBNtjxvCnf1X6gnZJW5EGE4UwwCL3CCm55TwqBiH\", \"/dns4/delivery-01.ac-cn-hongkong-c.logos.dev.status.im/tcp/30303/p2p/16Uiu2HAm8YokiNun9BkeA1ZRmhLbtNUvcwRr64F69tYj9fkGyuEP\", \"/dns4/delivery-02.ac-cn-hongkong-c.logos.dev.status.im/tcp/30303/p2p/16Uiu2HAkvwhGHKNry6LACrB8TmEFoCJKEX29XR5dDUzk3UT3UNSE\"]"
[2026-10-04 13:19:10.361] [out] [delivery_module] DBG 2026-10-04 13:19:10.361+02:00 Dial successful                            topics="libp2p dialer" tid=4807406 peerId=16U*VpJprH
[2026-10-04 13:19:10.361] [out] [delivery_module] DBG 2026-10-04 13:19:10.361+02:00 starting sendNonHighPriorityTask           topics="libp2p pubsubpeer" tid=4807406 p=16U*VpJprH
[2026-10-04 13:19:10.361] [out] [delivery_module] DBG 2026-10-04 13:19:10.361+02:00 created new pubsub peer                    topics="libp2p pubsub" tid=4807406 peerId=16U*VpJprH
[2026-10-04 13:19:10.361] [out] [delivery_module] DBG 2026-10-04 13:19:10.361+02:00 no listener registered                     tid=4807409 event=onConnectionChange
[2026-10-04 13:19:10.361] [out] [delivery_module] DBG 2026-10-04 13:19:10.361+02:00 Incoming WakuRelay connection              topics="waku relay" tid=4807406 connection=16U*VpJprH:6ac2362e95f494e68e9b040b protocol=/vac/waku/relay/2.0.0
[2026-10-04 13:19:10.361] [out] [delivery_module] DBG 2026-10-04 13:19:10.361+02:00 starting pubsub read loop                  topics="libp2p pubsubpeer" tid=4807406 stream=16U*VpJprH:6ac2362e95f494e68e9b040b peer=16U*VpJprH closed=false
[2026-10-04 13:19:10.362] [out] [delivery_module] DBG 2026-10-04 13:19:10.362+02:00 identify: info sent                        topics="libp2p identify" tid=4807406 stream=16U*VpJprH:6ac2362e95f494e68e9b040c info="(peerId: 16Uiu2HAm7iP4jCEuUzj5BoF7uJjLCVjGSSdQ2dgSeHWKLvTp1aUr, listenAddrs: [/ip4/0.0.0.0/tcp/56317, /ip4/0.0.0.0/udp/58501/quic-v1], addrs: [/ip4/172.20.10.14/tcp/56317, /ip4/172.20.10.14/udp/58501/quic-v1], protocols: [/ipfs/id/1.0.0, /libp2p/autonat/1.0.0, /libp2p/circuit/relay/0.2.0/hop, /vac/waku/metadata/1.0.0, /mix/1.0.0, /logos/service-discovery/1.0.0, /vac/waku/relay/2.0.0, /vac/waku/rendezvous/1.0.0, /ipfs/ping/1.0.0, /vac/waku/lightpush/3.0.0, /vac/waku/lightpush/2.0.0-beta1, /vac/waku/filter-subscribe/2.0.0-beta1, /vac/waku/filter-push/2.0.0-beta1, /vac/waku/peer-exchange/2.0.0-alpha1], protoVersion: ipfs/0.1.0, agentVersion: logos-delivery-v0.39.0-gca2814)"
[2026-10-04 13:19:10.366] [out] [delivery_module] DBG 2026-10-04 13:19:10.366+02:00 Dial successful                            topics="libp2p dialer" tid=4807406 peerId=16U*NSkuby
[2026-10-04 13:19:10.366] [out] [delivery_module] DBG 2026-10-04 13:19:10.366+02:00 starting sendNonHighPriorityTask           topics="libp2p pubsubpeer" tid=4807406 p=16U*NSkuby
[2026-10-04 13:19:10.366] [out] [delivery_module] DBG 2026-10-04 13:19:10.366+02:00 created new pubsub peer                    topics="libp2p pubsub" tid=4807406 peerId=16U*NSkuby
[2026-10-04 13:19:10.366] [out] [delivery_module] DBG 2026-10-04 13:19:10.366+02:00 no listener registered                     tid=4807409 event=onConnectionChange
[2026-10-04 13:19:10.366] [out] [delivery_module] DBG 2026-10-04 13:19:10.366+02:00 Incoming WakuRelay connection              topics="waku relay" tid=4807406 connection=16U*NSkuby:6ac2362e95f494e68e9b040f protocol=/vac/waku/relay/2.0.0
[2026-10-04 13:19:10.366] [out] [delivery_module] DBG 2026-10-04 13:19:10.366+02:00 starting pubsub read loop                  topics="libp2p pubsubpeer" tid=4807406 stream=16U*NSkuby:6ac2362e95f494e68e9b040f peer=16U*NSkuby closed=false
[2026-10-04 13:19:10.366] [out] [delivery_module] DBG 2026-10-04 13:19:10.366+02:00 identify: info sent                        topics="libp2p identify" tid=4807406 stream=16U*NSkuby:6ac2362e95f494e68e9b0410 info="(peerId: 16Uiu2HAm7iP4jCEuUzj5BoF7uJjLCVjGSSdQ2dgSeHWKLvTp1aUr, listenAddrs: [/ip4/0.0.0.0/tcp/56317, /ip4/0.0.0.0/udp/58501/quic-v1], addrs: [/ip4/172.20.10.14/tcp/56317, /ip4/172.20.10.14/udp/58501/quic-v1], protocols: [/ipfs/id/1.0.0, /libp2p/autonat/1.0.0, /libp2p/circuit/relay/0.2.0/hop, /vac/waku/metadata/1.0.0, /mix/1.0.0, /logos/service-discovery/1.0.0, /vac/waku/relay/2.0.0, /vac/waku/rendezvous/1.0.0, /ipfs/ping/1.0.0, /vac/waku/lightpush/3.0.0, /vac/waku/lightpush/2.0.0-beta1, /vac/waku/filter-subscribe/2.0.0-beta1, /vac/waku/filter-push/2.0.0-beta1, /vac/waku/peer-exchange/2.0.0-alpha1], protoVersion: ipfs/0.1.0, agentVersion: logos-delivery-v0.39.0-gca2814)"
[2026-10-04 13:19:10.424] [out] [delivery_module] DBG 2026-10-04 13:19:10.424+02:00 Dial successful                            topics="libp2p dialer" tid=4807406 peerId=16U*TwqBiH
[2026-10-04 13:19:10.424] [out] [delivery_module] DBG 2026-10-04 13:19:10.424+02:00 Dial successful                            topics="libp2p dialer" tid=4807406 peerId=16U*P1S397
[2026-10-04 13:19:10.424] [out] [delivery_module] DBG 2026-10-04 13:19:10.424+02:00 starting sendNonHighPriorityTask           topics="libp2p pubsubpeer" tid=4807406 p=16U*TwqBiH
[2026-10-04 13:19:10.424] [out] [delivery_module] DBG 2026-10-04 13:19:10.424+02:00 created new pubsub peer                    topics="libp2p pubsub" tid=4807406 peerId=16U*TwqBiH
[2026-10-04 13:19:10.424] [out] [delivery_module] DBG 2026-10-04 13:19:10.424+02:00 no listener registered                     tid=4807409 event=onConnectionChange
[2026-10-04 13:19:10.424] [out] [delivery_module] DBG 2026-10-04 13:19:10.424+02:00 starting sendNonHighPriorityTask           topics="libp2p pubsubpeer" tid=4807406 p=16U*P1S397
[2026-10-04 13:19:10.424] [out] [delivery_module] DBG 2026-10-04 13:19:10.424+02:00 created new pubsub peer                    topics="libp2p pubsub" tid=4807406 peerId=16U*P1S397
[2026-10-04 13:19:10.425] [out] [delivery_module] DBG 2026-10-04 13:19:10.425+02:00 no listener registered                     tid=4807409 event=onConnectionChange
[2026-10-04 13:19:10.425] [out] [delivery_module] DBG 2026-10-04 13:19:10.425+02:00 Incoming WakuRelay connection              topics="waku relay" tid=4807406 connection=16U*TwqBiH:6ac2362e95f494e68e9b0413 protocol=/vac/waku/relay/2.0.0
[2026-10-04 13:19:10.425] [out] [delivery_module] DBG 2026-10-04 13:19:10.425+02:00 starting pubsub read loop                  topics="libp2p pubsubpeer" tid=4807406 stream=16U*TwqBiH:6ac2362e95f494e68e9b0413 peer=16U*TwqBiH closed=false
[2026-10-04 13:19:10.425] [out] [delivery_module] DBG 2026-10-04 13:19:10.425+02:00 identify: info sent                        topics="libp2p identify" tid=4807406 stream=16U*TwqBiH:6ac2362e95f494e68e9b0414 info="(peerId: 16Uiu2HAm7iP4jCEuUzj5BoF7uJjLCVjGSSdQ2dgSeHWKLvTp1aUr, listenAddrs: [/ip4/0.0.0.0/tcp/56317, /ip4/0.0.0.0/udp/58501/quic-v1], addrs: [/ip4/172.20.10.14/tcp/56317, /ip4/172.20.10.14/udp/58501/quic-v1], protocols: [/ipfs/id/1.0.0, /libp2p/autonat/1.0.0, /libp2p/circuit/relay/0.2.0/hop, /vac/waku/metadata/1.0.0, /mix/1.0.0, /logos/service-discovery/1.0.0, /vac/waku/relay/2.0.0, /vac/waku/rendezvous/1.0.0, /ipfs/ping/1.0.0, /vac/waku/lightpush/3.0.0, /vac/waku/lightpush/2.0.0-beta1, /vac/waku/filter-subscribe/2.0.0-beta1, /vac/waku/filter-push/2.0.0-beta1, /vac/waku/peer-exchange/2.0.0-alpha1], protoVersion: ipfs/0.1.0, agentVersion: logos-delivery-v0.39.0-gca2814)"
[2026-10-04 13:19:10.425] [out] [delivery_module] DBG 2026-10-04 13:19:10.425+02:00 Incoming WakuRelay connection              topics="waku relay" tid=4807406 connection=16U*P1S397:6ac2362e95f494e68e9b0415 protocol=/vac/waku/relay/2.0.0
[2026-10-04 13:19:10.425] [out] [delivery_module] DBG 2026-10-04 13:19:10.425+02:00 starting pubsub read loop                  topics="libp2p pubsubpeer" tid=4807406 stream=16U*P1S397:6ac2362e95f494e68e9b0415 peer=16U*P1S397 closed=false
[2026-10-04 13:19:10.425] [out] [delivery_module] DBG 2026-10-04 13:19:10.425+02:00 identify: info sent                        topics="libp2p identify" tid=4807406 stream=16U*P1S397:6ac2362e95f494e68e9b0416 info="(peerId: 16Uiu2HAm7iP4jCEuUzj5BoF7uJjLCVjGSSdQ2dgSeHWKLvTp1aUr, listenAddrs: [/ip4/0.0.0.0/tcp/56317, /ip4/0.0.0.0/udp/58501/quic-v1], addrs: [/ip4/172.20.10.14/tcp/56317, /ip4/172.20.10.14/udp/58501/quic-v1], protocols: [/ipfs/id/1.0.0, /libp2p/autonat/1.0.0, /libp2p/circuit/relay/0.2.0/hop, /vac/waku/metadata/1.0.0, /mix/1.0.0, /logos/service-discovery/1.0.0, /vac/waku/relay/2.0.0, /vac/waku/rendezvous/1.0.0, /ipfs/ping/1.0.0, /vac/waku/lightpush/3.0.0, /vac/waku/lightpush/2.0.0-beta1, /vac/waku/filter-subscribe/2.0.0-beta1, /vac/waku/filter-push/2.0.0-beta1, /vac/waku/peer-exchange/2.0.0-alpha1], protoVersion: ipfs/0.1.0, agentVersion: logos-delivery-v0.39.0-gca2814)"
[2026-10-04 13:19:10.457] [out] [delivery_module] DBG 2026-10-04 13:19:10.457+02:00 Lookup query                               topics="kad-dht find" tid=4807406 peer=16U*NSkuby
[2026-10-04 13:19:10.457] [out] [delivery_module] DBG 2026-10-04 13:19:10.457+02:00 Lookup query                               topics="kad-dht find" tid=4807406 peer=16U*TwqBiH
[2026-10-04 13:19:10.457] [out] [delivery_module] DBG 2026-10-04 13:19:10.457+02:00 Lookup query                               topics="kad-dht find" tid=4807406 peer=16U*VpJprH
[2026-10-04 13:19:10.457] [out] [delivery_module] DBG 2026-10-04 13:19:10.457+02:00 Lookup query                               topics="kad-dht find" tid=4807406 peer=16U*P1S397
[2026-10-04 13:19:10.457] [out] [delivery_module] DBG 2026-10-04 13:19:10.457+02:00 Lookup query                               topics="kad-dht find" tid=4807406 peer=16U*T3UNSE
[2026-10-04 13:19:10.458] [out] [delivery_module] DBG 2026-10-04 13:19:10.458+02:00 Lookup query                               topics="kad-dht find" tid=4807406 peer=16U*kGyuEP
[2026-10-04 13:19:10.458] [out] [delivery_module] DBG 2026-10-04 13:19:10.458+02:00 Kad lookup: RPC error                      topics="kad-dht find" tid=4807406 peer=16U*NSkuby msg="dialStage: timed out dialing the peer"
[2026-10-04 13:19:10.458] [out] [delivery_module] DBG 2026-10-04 13:19:10.458+02:00 Kad lookup: RPC error                      topics="kad-dht find" tid=4807406 peer=16U*TwqBiH msg="dialStage: timed out dialing the peer"
[2026-10-04 13:19:10.458] [out] [delivery_module] DBG 2026-10-04 13:19:10.458+02:00 Kad lookup: RPC error                      topics="kad-dht find" tid=4807406 peer=16U*VpJprH msg="dialStage: timed out dialing the peer"
[2026-10-04 13:19:10.458] [out] [delivery_module] DBG 2026-10-04 13:19:10.458+02:00 Kad lookup: RPC error                      topics="kad-dht find" tid=4807406 peer=16U*P1S397 msg="dialStage: timed out dialing the peer"
[2026-10-04 13:19:10.458] [out] [delivery_module] DBG 2026-10-04 13:19:10.458+02:00 Kad lookup: RPC error                      topics="kad-dht find" tid=4807406 peer=16U*T3UNSE msg="dialStage: timed out dialing the peer"
[2026-10-04 13:19:10.458] [out] [delivery_module] DBG 2026-10-04 13:19:10.458+02:00 Kad lookup: RPC error                      topics="kad-dht find" tid=4807406 peer=16U*kGyuEP msg="dialStage: timed out dialing the peer"
[2026-10-04 13:19:10.460] [out] [delivery_module] WRN 2026-10-04 13:19:10.460+02:00 ffi request still in flight; caller notified via RET_STALE_WARN tid=4807406 reqId=LogosdeliveryStartNodeReq elapsedMs=5000
[2026-10-04 13:19:10.500] [out] [delivery_module] DBG 2026-10-04 13:19:10.500+02:00 Dial successful                            topics="libp2p dialer" tid=4807406 peerId=16U*kGyuEP
[2026-10-04 13:19:10.500] [out] [delivery_module] DBG 2026-10-04 13:19:10.500+02:00 starting sendNonHighPriorityTask           topics="libp2p pubsubpeer" tid=4807406 p=16U*kGyuEP
[2026-10-04 13:19:10.500] [out] [delivery_module] DBG 2026-10-04 13:19:10.500+02:00 created new pubsub peer                    topics="libp2p pubsub" tid=4807406 peerId=16U*kGyuEP
[2026-10-04 13:19:10.500] [out] [delivery_module] DBG 2026-10-04 13:19:10.500+02:00 no listener registered                     tid=4807409 event=onConnectionChange
[2026-10-04 13:19:10.501] [out] [delivery_module] DBG 2026-10-04 13:19:10.501+02:00 Incoming WakuRelay connection              topics="waku relay" tid=4807406 connection=16U*kGyuEP:6ac2362e95f494e68e9b041b protocol=/vac/waku/relay/2.0.0
[2026-10-04 13:19:10.501] [out] [delivery_module] DBG 2026-10-04 13:19:10.501+02:00 starting pubsub read loop                  topics="libp2p pubsubpeer" tid=4807406 stream=16U*kGyuEP:6ac2362e95f494e68e9b041b peer=16U*kGyuEP closed=false
[2026-10-04 13:19:10.501] [out] [delivery_module] DBG 2026-10-04 13:19:10.501+02:00 starting pubsub read loop                  topics="libp2p pubsubpeer" tid=4807406 stream=16U*NSkuby:6ac2362e95f494e68e9b0411 peer=16U*NSkuby closed=false
[2026-10-04 13:19:10.553] [out] [delivery_module] DBG 2026-10-04 13:19:10.553+02:00 identify: info received                    topics="libp2p identify" tid=4807406 stream=16U*NSkuby:6ac2362e95f494e68e9b0412 pubkey=ok(sec...9ab7)) addresses=/ip4/138.68.122.137/tcp/30303,/ip4/138.68.122.137/udp/30303/quic-v1,/dns4/delivery-01.do-ams3.logos.dev.status.im/tcp/30303 protocols=/ipfs/id/1.0.0,/libp2p/autonat/1.0.0,/libp2p/circuit/relay/0.2.0/hop,/vac/waku/metadata/1.0.0,/mix/1.0.0,/logos/service-discovery/1.0.0,/vac/waku/store-query/3.0.0,/vac/waku/relay/2.0.0,/vac/waku/rendezvous/1.0.0,/ipfs/ping/1.0.0,/vac/waku/lightpush/3.0.0,/vac/waku/lightpush/2.0.0-beta1,/vac/waku/filter-subscribe/2.0.0-beta1,/vac/waku/filter-push/2.0.0-beta1,/vac/waku/peer-exchange/2.0.0-alpha1 observable_address=ok(/ip4/109.41.112.89/tcp/40570) proto_version=ipfs/0.1.0 agent_version=logos-delivery-v0.39.0-gca2814 signedPeerRecord=None
[2026-10-04 13:19:10.554] [out] [delivery_module] DBG 2026-10-04 13:19:10.553+02:00 identify: info sent                        topics="libp2p identify" tid=4807406 stream=16U*kGyuEP:6ac2362e95f494e68e9b041c info="(peerId: 16Uiu2HAm7iP4jCEuUzj5BoF7uJjLCVjGSSdQ2dgSeHWKLvTp1aUr, listenAddrs: [/ip4/0.0.0.0/tcp/56317, /ip4/0.0.0.0/udp/58501/quic-v1], addrs: [/ip4/172.20.10.14/tcp/56317, /ip4/172.20.10.14/udp/58501/quic-v1], protocols: [/ipfs/id/1.0.0, /libp2p/autonat/1.0.0, /libp2p/circuit/relay/0.2.0/hop, /vac/waku/metadata/1.0.0, /mix/1.0.0, /logos/service-discovery/1.0.0, /vac/waku/relay/2.0.0, /vac/waku/rendezvous/1.0.0, /ipfs/ping/1.0.0, /vac/waku/lightpush/3.0.0, /vac/waku/lightpush/2.0.0-beta1, /vac/waku/filter-subscribe/2.0.0-beta1, /vac/waku/filter-push/2.0.0-beta1, /vac/waku/peer-exchange/2.0.0-alpha1], protoVersion: ipfs/0.1.0, agentVersion: logos-delivery-v0.39.0-gca2814)"
[2026-10-04 13:19:10.554] [out] [delivery_module] DBG 2026-10-04 13:19:10.554+02:00 Event identified                           topics="waku node peer_manager" tid=4807406 peerId=16U*NSkuby
[2026-10-04 13:19:10.554] [out] [delivery_module] DBG 2026-10-04 13:19:10.554+02:00 no listener registered                     tid=4807409 event=onConnectionChange
[2026-10-04 13:19:10.554] [out] [delivery_module] DBG 2026-10-04 13:19:10.554+02:00 starting pubsub read loop                  topics="libp2p pubsubpeer" tid=4807406 stream=16U*VpJprH:6ac2362e95f494e68e9b040d peer=16U*VpJprH closed=false
[2026-10-04 13:19:10.555] [out] [delivery_module] DBG 2026-10-04 13:19:10.555+02:00 identify: info received                    topics="libp2p identify" tid=4807406 stream=16U*VpJprH:6ac2362e95f494e68e9b040e pubkey=ok(sec...7631)) addresses=/ip4/174.138.106.244/tcp/30303,/ip4/174.138.106.244/udp/30303/quic-v1,/dns4/delivery-02.do-ams3.logos.dev.status.im/tcp/30303 protocols=/ipfs/id/1.0.0,/libp2p/autonat/1.0.0,/libp2p/circuit/relay/0.2.0/hop,/vac/waku/metadata/1.0.0,/mix/1.0.0,/logos/service-discovery/1.0.0,/vac/waku/store-query/3.0.0,/vac/waku/relay/2.0.0,/vac/waku/rendezvous/1.0.0,/ipfs/ping/1.0.0,/vac/waku/lightpush/3.0.0,/vac/waku/lightpush/2.0.0-beta1,/vac/waku/filter-subscribe/2.0.0-beta1,/vac/waku/filter-push/2.0.0-beta1,/vac/waku/peer-exchange/2.0.0-alpha1 observable_address=ok(/ip4/109.41.112.89/tcp/42089) proto_version=ipfs/0.1.0 agent_version=logos-delivery-v0.39.0-gca2814 signedPeerRecord=None
[2026-10-04 13:19:10.556] [out] [delivery_module] DBG 2026-10-04 13:19:10.556+02:00 Event identified                           topics="waku node peer_manager" tid=4807406 peerId=16U*VpJprH
[2026-10-04 13:19:10.556] [out] [delivery_module] DBG 2026-10-04 13:19:10.556+02:00 no listener registered                     tid=4807409 event=onConnectionChange
[2026-10-04 13:19:10.588] [out] [delivery_module] DBG 2026-10-04 13:19:10.588+02:00 Dial successful                            topics="libp2p dialer" tid=4807406 peerId=16U*T3UNSE
[2026-10-04 13:19:10.588] [out] [delivery_module] DBG 2026-10-04 13:19:10.588+02:00 starting sendNonHighPriorityTask           topics="libp2p pubsubpeer" tid=4807406 p=16U*T3UNSE
[2026-10-04 13:19:10.588] [out] [delivery_module] DBG 2026-10-04 13:19:10.588+02:00 created new pubsub peer                    topics="libp2p pubsub" tid=4807406 peerId=16U*T3UNSE
[2026-10-04 13:19:10.588] [out] [delivery_module] DBG 2026-10-04 13:19:10.588+02:00 no listener registered                     tid=4807409 event=onConnectionChange
[2026-10-04 13:19:10.588] [out] [delivery_module] DBG 2026-10-04 13:19:10.588+02:00 Incoming WakuRelay connection              topics="waku relay" tid=4807406 connection=16U*T3UNSE:6ac2362e95f494e68e9b0422 protocol=/vac/waku/relay/2.0.0
[2026-10-04 13:19:10.588] [out] [delivery_module] DBG 2026-10-04 13:19:10.588+02:00 starting pubsub read loop                  topics="libp2p pubsubpeer" tid=4807406 stream=16U*T3UNSE:6ac2362e95f494e68e9b0422 peer=16U*T3UNSE closed=false
[2026-10-04 13:19:10.588] [out] [delivery_module] DBG 2026-10-04 13:19:10.588+02:00 identify: info sent                        topics="libp2p identify" tid=4807406 stream=16U*T3UNSE:6ac2362e95f494e68e9b0423 info="(peerId: 16Uiu2HAm7iP4jCEuUzj5BoF7uJjLCVjGSSdQ2dgSeHWKLvTp1aUr, listenAddrs: [/ip4/0.0.0.0/tcp/56317, /ip4/0.0.0.0/udp/58501/quic-v1], addrs: [/ip4/172.20.10.14/tcp/56317, /ip4/172.20.10.14/udp/58501/quic-v1], protocols: [/ipfs/id/1.0.0, /libp2p/autonat/1.0.0, /libp2p/circuit/relay/0.2.0/hop, /vac/waku/metadata/1.0.0, /mix/1.0.0, /logos/service-discovery/1.0.0, /vac/waku/relay/2.0.0, /vac/waku/rendezvous/1.0.0, /ipfs/ping/1.0.0, /vac/waku/lightpush/3.0.0, /vac/waku/lightpush/2.0.0-beta1, /vac/waku/filter-subscribe/2.0.0-beta1, /vac/waku/filter-push/2.0.0-beta1, /vac/waku/peer-exchange/2.0.0-alpha1], protoVersion: ipfs/0.1.0, agentVersion: logos-delivery-v0.39.0-gca2814)"
[2026-10-04 13:19:10.688] [out] [delivery_module] DBG 2026-10-04 13:19:10.687+02:00 identify: info received                    topics="libp2p identify" tid=4807406 stream=16U*TwqBiH:6ac2362e95f494e68e9b0418 pubkey=ok(sec...fed6)) addresses=/ip4/34.123.201.25/tcp/30303,/ip4/34.123.201.25/udp/30303/quic-v1,/dns4/delivery-02.gc-us-central1-a.logos.dev.status.im/tcp/30303 protocols=/ipfs/id/1.0.0,/libp2p/autonat/1.0.0,/libp2p/circuit/relay/0.2.0/hop,/vac/waku/metadata/1.0.0,/mix/1.0.0,/logos/service-discovery/1.0.0,/vac/waku/store-query/3.0.0,/vac/waku/relay/2.0.0,/vac/waku/rendezvous/1.0.0,/ipfs/ping/1.0.0,/vac/waku/lightpush/3.0.0,/vac/waku/lightpush/2.0.0-beta1,/vac/waku/filter-subscribe/2.0.0-beta1,/vac/waku/filter-push/2.0.0-beta1,/vac/waku/peer-exchange/2.0.0-alpha1 observable_address=ok(/ip4/109.41.112.89/tcp/35336) proto_version=ipfs/0.1.0 agent_version=logos-delivery-v0.39.0-gca2814 signedPeerRecord=None
[2026-10-04 13:19:10.688] [out] [delivery_module] DBG 2026-10-04 13:19:10.688+02:00 identify: info received                    topics="libp2p identify" tid=4807406 stream=16U*P1S397:6ac2362e95f494e68e9b041a pubkey=ok(sec...97dc)) addresses=/ip4/136.119.156.87/tcp/30303,/ip4/136.119.156.87/udp/30303/quic-v1,/dns4/delivery-01.gc-us-central1-a.logos.dev.status.im/tcp/30303 protocols=/ipfs/id/1.0.0,/libp2p/autonat/1.0.0,/libp2p/circuit/relay/0.2.0/hop,/vac/waku/metadata/1.0.0,/mix/1.0.0,/logos/service-discovery/1.0.0,/vac/waku/store-query/3.0.0,/vac/waku/relay/2.0.0,/vac/waku/rendezvous/1.0.0,/ipfs/ping/1.0.0,/vac/waku/lightpush/3.0.0,/vac/waku/lightpush/2.0.0-beta1,/vac/waku/filter-subscribe/2.0.0-beta1,/vac/waku/filter-push/2.0.0-beta1,/vac/waku/peer-exchange/2.0.0-alpha1 observable_address=ok(/ip4/109.41.112.89/tcp/46872) proto_version=ipfs/0.1.0 agent_version=logos-delivery-v0.39.0-gca2814 signedPeerRecord=None
[2026-10-04 13:19:10.688] [out] [delivery_module] DBG 2026-10-04 13:19:10.688+02:00 starting pubsub read loop                  topics="libp2p pubsubpeer" tid=4807406 stream=16U*TwqBiH:6ac2362e95f494e68e9b0417 peer=16U*TwqBiH closed=false
[2026-10-04 13:19:10.688] [out] [delivery_module] DBG 2026-10-04 13:19:10.688+02:00 starting pubsub read loop                  topics="libp2p pubsubpeer" tid=4807406 stream=16U*P1S397:6ac2362e95f494e68e9b0419 peer=16U*P1S397 closed=false
[2026-10-04 13:19:10.688] [out] [delivery_module] DBG 2026-10-04 13:19:10.688+02:00 Event identified                           topics="waku node peer_manager" tid=4807406 peerId=16U*TwqBiH
[2026-10-04 13:19:10.688] [out] [delivery_module] DBG 2026-10-04 13:19:10.688+02:00 no listener registered                     tid=4807409 event=onConnectionChange
[2026-10-04 13:19:10.689] [out] [delivery_module] DBG 2026-10-04 13:19:10.688+02:00 Event identified                           topics="waku node peer_manager" tid=4807406 peerId=16U*P1S397
[2026-10-04 13:19:10.689] [out] [delivery_module] DBG 2026-10-04 13:19:10.689+02:00 no listener registered                     tid=4807409 event=onConnectionChange
[2026-10-04 13:19:10.691] [out] [delivery_module] DBG 2026-10-04 13:19:10.691+02:00 no listener registered                     tid=4807409 event=onTopicHealthChange
[2026-10-04 13:19:10.742] [out] [delivery_module] DBG 2026-10-04 13:19:10.741+02:00 Received WakuMetadata request              topics="waku metadata" tid=4807406 remoteClusterId=ok(3) remoteShards="[5, 0, 2, 1, 4, 7, 3, 6]" localClusterId=3 localShards="[7]" peer=16U*NSkuby
[2026-10-04 13:19:10.752] [out] [delivery_module] DBG 2026-10-04 13:19:10.752+02:00 Received WakuMetadata request              topics="waku metadata" tid=4807406 remoteClusterId=ok(3) remoteShards="[5, 0, 2, 1, 4, 7, 3, 6]" localClusterId=3 localShards="[7]" peer=16U*VpJprH
[2026-10-04 13:19:10.840] [out] [delivery_module] DBG 2026-10-04 13:19:10.840+02:00 identify: info received                    topics="libp2p identify" tid=4807406 stream=16U*kGyuEP:6ac2362e95f494e68e9b041e pubkey=ok(sec...c56e)) addresses=/ip4/47.242.130.189/tcp/30303,/ip4/47.242.130.189/udp/30303/quic-v1,/dns4/delivery-01.ac-cn-hongkong-c.logos.dev.status.im/tcp/30303 protocols=/ipfs/id/1.0.0,/libp2p/autonat/1.0.0,/libp2p/circuit/relay/0.2.0/hop,/vac/waku/metadata/1.0.0,/mix/1.0.0,/logos/service-discovery/1.0.0,/vac/waku/store-query/3.0.0,/vac/waku/relay/2.0.0,/vac/waku/rendezvous/1.0.0,/ipfs/ping/1.0.0,/vac/waku/lightpush/3.0.0,/vac/waku/lightpush/2.0.0-beta1,/vac/waku/filter-subscribe/2.0.0-beta1,/vac/waku/filter-push/2.0.0-beta1,/vac/waku/peer-exchange/2.0.0-alpha1 observable_address=ok(/ip4/109.41.112.89/tcp/42804) proto_version=ipfs/0.1.0 agent_version=logos-delivery-v0.39.0-gca2814 signedPeerRecord=None
[2026-10-04 13:19:10.841] [out] [delivery_module] DBG 2026-10-04 13:19:10.841+02:00 starting pubsub read loop                  topics="libp2p pubsubpeer" tid=4807406 stream=16U*kGyuEP:6ac2362e95f494e68e9b041d peer=16U*kGyuEP closed=false
[2026-10-04 13:19:10.841] [out] [delivery_module] DBG 2026-10-04 13:19:10.841+02:00 Event identified                           topics="waku node peer_manager" tid=4807406 peerId=16U*kGyuEP
[2026-10-04 13:19:10.841] [out] [delivery_module] DBG 2026-10-04 13:19:10.841+02:00 no listener registered                     tid=4807409 event=onConnectionChange
[2026-10-04 13:19:10.911] [out] [delivery_module] DBG 2026-10-04 13:19:10.911+02:00 no listener registered                     tid=4807409 event=onConnectionChange
[2026-10-04 13:19:10.929] [out] [delivery_module] DBG 2026-10-04 13:19:10.929+02:00 identify: info received                    topics="libp2p identify" tid=4807406 stream=16U*T3UNSE:6ac2362e95f494e68e9b0425 pubkey=ok(sec...6d2a)) addresses=/ip4/43.99.103.10/tcp/30303,/ip4/43.99.103.10/udp/30303/quic-v1,/dns4/delivery-02.ac-cn-hongkong-c.logos.dev.status.im/tcp/30303 protocols=/ipfs/id/1.0.0,/libp2p/autonat/1.0.0,/libp2p/circuit/relay/0.2.0/hop,/vac/waku/metadata/1.0.0,/mix/1.0.0,/logos/service-discovery/1.0.0,/vac/waku/store-query/3.0.0,/vac/waku/relay/2.0.0,/vac/waku/rendezvous/1.0.0,/ipfs/ping/1.0.0,/vac/waku/lightpush/3.0.0,/vac/waku/lightpush/2.0.0-beta1,/vac/waku/filter-subscribe/2.0.0-beta1,/vac/waku/filter-push/2.0.0-beta1,/vac/waku/peer-exchange/2.0.0-alpha1 observable_address=ok(/ip4/109.41.112.89/tcp/46625) proto_version=ipfs/0.1.0 agent_version=logos-delivery-v0.39.0-gca2814 signedPeerRecord=None
[2026-10-04 13:19:10.930] [out] [delivery_module] DBG 2026-10-04 13:19:10.930+02:00 starting pubsub read loop                  topics="libp2p pubsubpeer" tid=4807406 stream=16U*T3UNSE:6ac2362e95f494e68e9b0424 peer=16U*T3UNSE closed=false
[2026-10-04 13:19:10.930] [out] [delivery_module] DBG 2026-10-04 13:19:10.930+02:00 no listener registered                     tid=4807409 event=onConnectionChange
[2026-10-04 13:19:10.930] [out] [delivery_module] DBG 2026-10-04 13:19:10.930+02:00 Event identified                           topics="waku node peer_manager" tid=4807406 peerId=16U*T3UNSE
[2026-10-04 13:19:10.930] [out] [delivery_module] DBG 2026-10-04 13:19:10.930+02:00 no listener registered                     tid=4807409 event=onConnectionChange
[2026-10-04 13:19:10.973] [out] [delivery_module] DBG 2026-10-04 13:19:10.973+02:00 Received WakuMetadata request              topics="waku metadata" tid=4807406 remoteClusterId=ok(3) remoteShards="[5, 0, 2, 1, 4, 7, 3, 6]" localClusterId=3 localShards="[7]" peer=16U*TwqBiH
[2026-10-04 13:19:10.974] [out] [delivery_module] DBG 2026-10-04 13:19:10.974+02:00 Received WakuMetadata request              topics="waku metadata" tid=4807406 remoteClusterId=ok(3) remoteShards="[5, 0, 2, 1, 4, 7, 3, 6]" localClusterId=3 localShards="[7]" peer=16U*P1S397
[2026-10-04 13:19:11.175] [out] [delivery_module] DBG 2026-10-04 13:19:11.175+02:00 Received WakuMetadata request              topics="waku metadata" tid=4807406 remoteClusterId=ok(3) remoteShards="[5, 0, 2, 1, 4, 7, 3, 6]" localClusterId=3 localShards="[7]" peer=16U*kGyuEP
[2026-10-04 13:19:11.365] [out] [delivery_module] DBG 2026-10-04 13:19:11.365+02:00 no listener registered                     tid=4807409 event=onConnectionChange
[2026-10-04 13:19:11.365] [out] [delivery_module] DBG 2026-10-04 13:19:11.365+02:00 no listener registered                     tid=4807409 event=onConnectionChange
[2026-10-04 13:19:11.365] [out] [delivery_module] DBG 2026-10-04 13:19:11.365+02:00 Received WakuMetadata request              topics="waku metadata" tid=4807406 remoteClusterId=ok(3) remoteShards="[5, 0, 2, 1, 4, 7, 3, 6]" localClusterId=3 localShards="[7]" peer=16U*T3UNSE
[2026-10-04 13:19:11.392] [out] [delivery_module] DBG 2026-10-04 13:19:11.392+02:00 Dialing peer                               topics="libp2p dialer" tid=4807406 peerId=16U*cef9mW addrs="[/ip4/172.20.10.14/udp/50706/quic-v1, /ip4/172.20.10.14/tcp/63817, /ip4/109.41.112.89/tcp/35703]"
[2026-10-04 13:19:11.392] [out] [delivery_module] DBG 2026-10-04 13:19:11.392+02:00 Expanded address and hostname              topics="libp2p dialer" tid=4807406 expandedAddress=/ip4/172.20.10.14/udp/50706/quic-v1 hostname=172.20.10.14 resolvedAddresses="[/ip4/172.20.10.14/udp/50706/quic-v1]"
[2026-10-04 13:19:11.392] [out] [delivery_module] DBG 2026-10-04 13:19:11.392+02:00 New connection established: client         tid=4807406
[2026-10-04 13:19:11.393] [out] [delivery_module] DBG 2026-10-04 13:19:11.393+02:00 Dialing peer                               topics="libp2p dialer" tid=4807406 peerId=16U*iSrhve addrs="[/ip4/173.42.114.210/tcp/37795]"
[2026-10-04 13:19:11.393] [out] [delivery_module] DBG 2026-10-04 13:19:11.393+02:00 Expanded address and hostname              topics="libp2p dialer" tid=4807406 expandedAddress=/ip4/173.42.114.210/tcp/37795 hostname=173.42.114.210 resolvedAddresses="[/ip4/173.42.114.210/tcp/37795]"
[2026-10-04 13:19:11.393] [out] [delivery_module] DBG 2026-10-04 13:19:11.393+02:00 Dialing peer                               topics="libp2p dialer" tid=4807406 peerId=16U*2pfeoX addrs="[/ip4/192.168.68.53/udp/16011/quic-v1, /ip4/192.168.68.53/tcp/27431]"
[2026-10-04 13:19:11.394] [out] [delivery_module] DBG 2026-10-04 13:19:11.393+02:00 Expanded address and hostname              topics="libp2p dialer" tid=4807406 expandedAddress=/ip4/192.168.68.53/udp/16011/quic-v1 hostname=192.168.68.53 resolvedAddresses="[/ip4/192.168.68.53/udp/16011/quic-v1]"
[2026-10-04 13:19:11.394] [out] [delivery_module] DBG 2026-10-04 13:19:11.394+02:00 New connection established: client         tid=4807406
[2026-10-04 13:19:11.395] [out] [delivery_module] DBG 2026-10-04 13:19:11.395+02:00 Dialing peer                               topics="libp2p dialer" tid=4807406 peerId=16U*oeaQi3 addrs="[/ip4/172.20.10.14/udp/49672/quic-v1, /ip4/109.41.112.89/tcp/43059, /ip4/172.20.10.14/tcp/62348]"
[2026-10-04 13:19:11.395] [out] [delivery_module] DBG 2026-10-04 13:19:11.395+02:00 Expanded address and hostname              topics="libp2p dialer" tid=4807406 expandedAddress=/ip4/172.20.10.14/udp/49672/quic-v1 hostname=172.20.10.14 resolvedAddresses="[/ip4/172.20.10.14/udp/49672/quic-v1]"
[2026-10-04 13:19:11.395] [out] [delivery_module] DBG 2026-10-04 13:19:11.395+02:00 New connection established: client         tid=4807406
[2026-10-04 13:19:11.395] [out] [delivery_module] DBG 2026-10-04 13:19:11.395+02:00 Dialing peer                               topics="libp2p dialer" tid=4807406 peerId=16U*pJJk4V addrs="[/ip4/172.20.10.14/udp/51325/quic-v1, /ip4/172.20.10.14/tcp/60486]"
[2026-10-04 13:19:11.395] [out] [delivery_module] DBG 2026-10-04 13:19:11.395+02:00 Expanded address and hostname              topics="libp2p dialer" tid=4807406 expandedAddress=/ip4/172.20.10.14/udp/51325/quic-v1 hostname=172.20.10.14 resolvedAddresses="[/ip4/172.20.10.14/udp/51325/quic-v1]"
[2026-10-04 13:19:11.395] [out] [delivery_module] DBG 2026-10-04 13:19:11.395+02:00 New connection established: client         tid=4807406
[2026-10-04 13:19:11.397] [out] [delivery_module] DBG 2026-10-04 13:19:11.397+02:00 Dialing peer                               topics="libp2p dialer" tid=4807406 peerId=16U*6M7AnR addrs="[/ip4/109.41.112.89/tcp/37945, /ip4/109.41.112.89/tcp/46883, /ip4/109.41.112.89/tcp/47111, /ip4/109.41.112.89/tcp/44597, /ip4/109.41.112.89/tcp/38249]"
[2026-10-04 13:19:11.397] [out] [delivery_module] DBG 2026-10-04 13:19:11.397+02:00 Expanded address and hostname              topics="libp2p dialer" tid=4807406 expandedAddress=/ip4/109.41.112.89/tcp/37945 hostname=109.41.112.89 resolvedAddresses="[/ip4/109.41.112.89/tcp/37945]"
[2026-10-04 13:19:11.397] [out] [delivery_module] DBG 2026-10-04 13:19:11.397+02:00 Dialing peer                               topics="libp2p dialer" tid=4807406 peerId=16U*P6Hipt addrs="[/ip4/172.20.10.14/udp/52573/quic-v1, /ip4/172.20.10.14/tcp/57390]"
[2026-10-04 13:19:11.397] [out] [delivery_module] DBG 2026-10-04 13:19:11.397+02:00 Expanded address and hostname              topics="libp2p dialer" tid=4807406 expandedAddress=/ip4/172.20.10.14/udp/52573/quic-v1 hostname=172.20.10.14 resolvedAddresses="[/ip4/172.20.10.14/udp/52573/quic-v1]"
[2026-10-04 13:19:11.397] [out] [delivery_module] DBG 2026-10-04 13:19:11.397+02:00 New connection established: client         tid=4807406
[2026-10-04 13:19:11.398] [out] [delivery_module] DBG 2026-10-04 13:19:11.398+02:00 Dialing peer                               topics="libp2p dialer" tid=4807406 peerId=16U*oN8hgK addrs="[/ip4/173.42.114.210/tcp/45583]"
[2026-10-04 13:19:11.398] [out] [delivery_module] DBG 2026-10-04 13:19:11.398+02:00 Expanded address and hostname              topics="libp2p dialer" tid=4807406 expandedAddress=/ip4/173.42.114.210/tcp/45583 hostname=173.42.114.210 resolvedAddresses="[/ip4/173.42.114.210/tcp/45583]"
[2026-10-04 13:19:11.398] [out] [delivery_module] DBG 2026-10-04 13:19:11.398+02:00 Dialing peer                               topics="libp2p dialer" tid=4807406 peerId=16U*EivbVz addrs="[/ip4/172.20.10.14/udp/63966/quic-v1, /ip4/172.20.10.14/tcp/60485]"
[2026-10-04 13:19:11.399] [out] [delivery_module] DBG 2026-10-04 13:19:11.398+02:00 Expanded address and hostname              topics="libp2p dialer" tid=4807406 expandedAddress=/ip4/172.20.10.14/udp/63966/quic-v1 hostname=172.20.10.14 resolvedAddresses="[/ip4/172.20.10.14/udp/63966/quic-v1]"
[2026-10-04 13:19:11.399] [out] [delivery_module] DBG 2026-10-04 13:19:11.399+02:00 New connection established: client         tid=4807406
[2026-10-04 13:19:11.400] [out] [delivery_module] DBG 2026-10-04 13:19:11.400+02:00 Dialing peer                               topics="libp2p dialer" tid=4807406 peerId=16U*Yn2Pww addrs="[/ip4/109.41.112.89/tcp/40538, /ip4/109.41.112.89/tcp/36677]"
[2026-10-04 13:19:11.400] [out] [delivery_module] DBG 2026-10-04 13:19:11.400+02:00 Expanded address and hostname              topics="libp2p dialer" tid=4807406 expandedAddress=/ip4/109.41.112.89/tcp/40538 hostname=109.41.112.89 resolvedAddresses="[/ip4/109.41.112.89/tcp/40538]"
[2026-10-04 13:19:11.404] [out] [delivery_module] DBG 2026-10-04 13:19:11.404+02:00 Lookup query                               topics="kad-dht find" tid=4807406 peer=16U*cef9mW
[2026-10-04 13:19:11.404] [out] [delivery_module] DBG 2026-10-04 13:19:11.404+02:00 Lookup query                               topics="kad-dht find" tid=4807406 peer=16U*iSrhve
[2026-10-04 13:19:11.404] [out] [delivery_module] DBG 2026-10-04 13:19:11.404+02:00 Lookup query                               topics="kad-dht find" tid=4807406 peer=16U*2pfeoX
[2026-10-04 13:19:11.404] [out] [delivery_module] DBG 2026-10-04 13:19:11.404+02:00 Lookup query                               topics="kad-dht find" tid=4807406 peer=16U*oeaQi3
[2026-10-04 13:19:11.405] [out] [delivery_module] DBG 2026-10-04 13:19:11.404+02:00 Lookup query                               topics="kad-dht find" tid=4807406 peer=16U*pJJk4V
[2026-10-04 13:19:11.433] [out] [delivery_module] DBG 2026-10-04 13:19:11.433+02:00 Lookup query                               topics="kad-dht find" tid=4807406 peer=16U*6M7AnR
[2026-10-04 13:19:11.620] [out] [delivery_module] DBG 2026-10-04 13:19:11.620+02:00 Lookup query                               topics="kad-dht find" tid=4807406 peer=16U*cef9mW
[2026-10-04 13:19:11.620] [out] [delivery_module] DBG 2026-10-04 13:19:11.620+02:00 Lookup query                               topics="kad-dht find" tid=4807406 peer=16U*iSrhve
[2026-10-04 13:19:11.620] [out] [delivery_module] DBG 2026-10-04 13:19:11.620+02:00 Lookup query                               topics="kad-dht find" tid=4807406 peer=16U*2pfeoX
[2026-10-04 13:19:11.620] [out] [delivery_module] DBG 2026-10-04 13:19:11.620+02:00 Lookup query                               topics="kad-dht find" tid=4807406 peer=16U*oeaQi3
[2026-10-04 13:19:11.621] [out] [delivery_module] DBG 2026-10-04 13:19:11.620+02:00 Lookup query                               topics="kad-dht find" tid=4807406 peer=16U*pJJk4V
[2026-10-04 13:19:11.669] [out] [delivery_module] DBG 2026-10-04 13:19:11.669+02:00 no listener registered                     tid=4807409 event=onConnectionChange
[2026-10-04 13:19:11.760] [out] [delivery_module] DBG 2026-10-04 13:19:11.760+02:00 no listener registered                     tid=4807409 event=onConnectionChange
[2026-10-04 13:19:11.760] [out] [delivery_module] DBG 2026-10-04 13:19:11.760+02:00 Finished dialing multiple peers            tid=4807406 successfulConns=6 attempted=6
[2026-10-04 13:19:11.761] [out] [delivery_module] DBG 2026-10-04 13:19:11.761+02:00 Dialing multiple peers                     topics="waku node peer_manager" tid=4807406 numOfPeers=10 nodes="@[16Uiu2HAkv3RJXb2q9TCez8TuBwUM6vsrsfphnFA3PVHs5LEivbVz, 16Uiu2HAkwxnE2gxaSJMZPLnX665QPMXCXWiRbfoq5V9ZqA6M7AnR, 16Uiu2HAmKX9rbjiXgDWvrFM9Ndh1x3CrfxgmyrjA3dtkbYP6Hipt, 16Uiu2HAm3XojbQ67ChLTeUQZTu57mWiDTgESFyXwRec86doN8hgK, 16Uiu2HAmDSJWBp5NbvmkwZsfXYK6g2mQcDXsTFQNYLyPdQoeaQi3, 16Uiu2HAm5hiDKtofKsaY3hNNyzzhFagoKo8uMWTFJ2huwMiSrhve, 16Uiu2HAm75mHYCn97YHQ3auieTYohvJU9d3WGyGBAjnVc32pfeoX, 16Uiu2HAmCFzEHiSyQikoK2NBgPARSVCw9RziBDoWCW8ayEcef9mW, 16Uiu2HAmTfEh7Dp3WaG4HgBfdmHjquGT4UnAU9RJdZ9tghYn2Pww, 16Uiu2HAmTPzryJBdPgYyQFGF8fsDgFCfsAV3iifTgD5YGwpJJk4V]"
[2026-10-04 13:19:11.761] [out] [delivery_module] INF 2026-10-04 13:19:11.761+02:00 Relay peer connections                     topics="waku node peer_manager" tid=4807406 inRelayConns=0/50 outRelayConns=6/25 totalConnections=6/150 notConnectedPeers=10 outsideBackoffPeers=10
[2026-10-04 13:19:11.762] [out] [delivery_module] DBG 2026-10-04 13:19:11.762+02:00 ENR addresses updated                      topics="waku enr" tid=4807406 retained=0 total=0
[2026-10-04 13:19:11.762] [out] [delivery_module] DBG 2026-10-04 13:19:11.762+02:00 Subscribing to pubsub topic                topics="waku relay" tid=4807406 pubsubTopic=/waku/2/rs/3/0
[2026-10-04 13:19:11.763] [out] [delivery_module] DBG 2026-10-04 13:19:11.763+02:00 peer filtering updated                     topics="waku discv5" tid=4807406
[2026-10-04 13:19:11.763] [out] [delivery_module] DBG 2026-10-04 13:19:11.763+02:00 ENR shards updated                         topics="waku discv5" tid=4807406 enrUri=enr:-K24QOQhbm1uSMjCIpYIIm3lZ_xgAr-OjxBp6bZ3EQZOXZU7KuEtGMES4lQjisyeMNjMBB_n-21HMdeBUxsc_aHDk-EHgmlkgnY0im11bHRpYWRkcnOAgnJzkwADCAAAAAEAAgADAAQABQAGAAeJc2VjcDI1NmsxoQK2k_25hznIr0KzwfXSDqd7XreWiOk_mKxudNHTk5Ye44N0Y3CC2_2DdWRwguMDhXdha3UyLQ add=true
[2026-10-04 13:19:11.763] [out] [delivery_module] DBG 2026-10-04 13:19:11.763+02:00 Subscribing to pubsub topic                topics="waku relay" tid=4807406 pubsubTopic=/waku/2/rs/3/1
[2026-10-04 13:19:11.763] [out] [delivery_module] DBG 2026-10-04 13:19:11.763+02:00 peer filtering updated                     topics="waku discv5" tid=4807406
[2026-10-04 13:19:11.763] [out] [delivery_module] DBG 2026-10-04 13:19:11.763+02:00 ENR shards updated                         topics="waku discv5" tid=4807406 enrUri=enr:-K24QPJckLfsrYUo3aw7LqSLhwA5c-yJlauJ_NKgPzOXAN6bQByKM05xWV-QrTuA8Ean_WRGZnaAfzLXPU-ihuVHdPwIgmlkgnY0im11bHRpYWRkcnOAgnJzkwADCAAAAAEAAgADAAQABQAGAAeJc2VjcDI1NmsxoQK2k_25hznIr0KzwfXSDqd7XreWiOk_mKxudNHTk5Ye44N0Y3CC2_2DdWRwguMDhXdha3UyLQ add=true
[2026-10-04 13:19:11.763] [out] [delivery_module] DBG 2026-10-04 13:19:11.763+02:00 Subscribing to pubsub topic                topics="waku relay" tid=4807406 pubsubTopic=/waku/2/rs/3/2
[2026-10-04 13:19:11.763] [out] [delivery_module] DBG 2026-10-04 13:19:11.763+02:00 peer filtering updated                     topics="waku discv5" tid=4807406
[2026-10-04 13:19:11.763] [out] [delivery_module] DBG 2026-10-04 13:19:11.763+02:00 ENR shards updated                         topics="waku discv5" tid=4807406 enrUri=enr:-K24QNlXDVIPyq2vtC0zVWye0wVGkp-q8bhIJbS5sN_Ymp4dfcmkqmvOslbWm0Wg5VyCTnnekS8CqazV4E8Fyj8PgvQJgmlkgnY0im11bHRpYWRkcnOAgnJzkwADCAAAAAEAAgADAAQABQAGAAeJc2VjcDI1NmsxoQK2k_25hznIr0KzwfXSDqd7XreWiOk_mKxudNHTk5Ye44N0Y3CC2_2DdWRwguMDhXdha3UyLQ add=true
[2026-10-04 13:19:11.763] [out] [delivery_module] DBG 2026-10-04 13:19:11.763+02:00 Subscribing to pubsub topic                topics="waku relay" tid=4807406 pubsubTopic=/waku/2/rs/3/3
[2026-10-04 13:19:11.764] [out] [delivery_module] DBG 2026-10-04 13:19:11.764+02:00 peer filtering updated                     topics="waku discv5" tid=4807406
[2026-10-04 13:19:11.764] [out] [delivery_module] DBG 2026-10-04 13:19:11.764+02:00 ENR shards updated                         topics="waku discv5" tid=4807406 enrUri=enr:-K24QIen9a2xBpuO4G448pc_hKDb5TuZR4PC-zUeYvsBmaeCZ7QaH9ea1l40qe1SYULA07xDucp1bwTnoedYhd4NXvIKgmlkgnY0im11bHRpYWRkcnOAgnJzkwADCAAAAAEAAgADAAQABQAGAAeJc2VjcDI1NmsxoQK2k_25hznIr0KzwfXSDqd7XreWiOk_mKxudNHTk5Ye44N0Y3CC2_2DdWRwguMDhXdha3UyLQ add=true
[2026-10-04 13:19:11.764] [out] [delivery_module] DBG 2026-10-04 13:19:11.764+02:00 Subscribing to pubsub topic                topics="waku relay" tid=4807406 pubsubTopic=/waku/2/rs/3/4
[2026-10-04 13:19:11.764] [out] [delivery_module] DBG 2026-10-04 13:19:11.764+02:00 peer filtering updated                     topics="waku discv5" tid=4807406
[2026-10-04 13:19:11.764] [out] [delivery_module] DBG 2026-10-04 13:19:11.764+02:00 ENR shards updated                         topics="waku discv5" tid=4807406 enrUri=enr:-K24QOa62ELqPob5GFI9_H7HdES5daDpUowMOwHPkQdegULScHCZ90aH7qwHlDtStL2We7rinGRSUCBAX4ws2RXg1ksLgmlkgnY0im11bHRpYWRkcnOAgnJzkwADCAAAAAEAAgADAAQABQAGAAeJc2VjcDI1NmsxoQK2k_25hznIr0KzwfXSDqd7XreWiOk_mKxudNHTk5Ye44N0Y3CC2_2DdWRwguMDhXdha3UyLQ add=true
[2026-10-04 13:19:11.764] [out] [delivery_module] DBG 2026-10-04 13:19:11.764+02:00 Subscribing to pubsub topic                topics="waku relay" tid=4807406 pubsubTopic=/waku/2/rs/3/5
[2026-10-04 13:19:11.764] [out] [delivery_module] DBG 2026-10-04 13:19:11.764+02:00 peer filtering updated                     topics="waku discv5" tid=4807406
[2026-10-04 13:19:11.764] [out] [delivery_module] DBG 2026-10-04 13:19:11.764+02:00 ENR shards updated                         topics="waku discv5" tid=4807406 enrUri=enr:-K24QA7LWndkfgOyioLN94rNcV1N9kWwW-b3v8CbB-HRXDlnDKUzQgrGKAjCBGKcEKHm7g0lrjVo9YmcW3Ii-sVqqhYMgmlkgnY0im11bHRpYWRkcnOAgnJzkwADCAAAAAEAAgADAAQABQAGAAeJc2VjcDI1NmsxoQK2k_25hznIr0KzwfXSDqd7XreWiOk_mKxudNHTk5Ye44N0Y3CC2_2DdWRwguMDhXdha3UyLQ add=true
[2026-10-04 13:19:11.764] [out] [delivery_module] DBG 2026-10-04 13:19:11.764+02:00 Subscribing to pubsub topic                topics="waku relay" tid=4807406 pubsubTopic=/waku/2/rs/3/6
[2026-10-04 13:19:11.765] [out] [delivery_module] DBG 2026-10-04 13:19:11.765+02:00 peer filtering updated                     topics="waku discv5" tid=4807406
[2026-10-04 13:19:11.765] [out] [delivery_module] DBG 2026-10-04 13:19:11.765+02:00 ENR shards updated                         topics="waku discv5" tid=4807406 enrUri=enr:-K24QFfjHIYQOZ14rg9su0a7w959aTXIKO3pNH4hEGLUG3kYGBiCAqUyAzXxyqaQEcSLbAYI9vRT0HujHvvFpjZQu40NgmlkgnY0im11bHRpYWRkcnOAgnJzkwADCAAAAAEAAgADAAQABQAGAAeJc2VjcDI1NmsxoQK2k_25hznIr0KzwfXSDqd7XreWiOk_mKxudNHTk5Ye44N0Y3CC2_2DdWRwguMDhXdha3UyLQ add=true
[2026-10-04 13:19:11.765] [out] [delivery_module] NTC 2026-10-04 13:19:11.765+02:00 ENR carries no reachable host, so peers cannot dial this node. Set --nat, --ext-ip, --dns4-domain-name or --ext-multiaddr to advertise one topics="wakunode waku" tid=4807406
[2026-10-04 13:19:11.765] [out] [delivery_module] DBG 2026-10-04 13:19:11.765+02:00 register interest                          topics="service-disco discoverer" tid=4807406 service=/logos/delivery serviceId=key:E6738033B5D413D13CF58622CEB4EF8F392E8D4EB073B56A5486CB0431B2F5D8
[2026-10-04 13:19:11.765] [out] [delivery_module] DBG 2026-10-04 13:19:11.765+02:00 Lookup query                               topics="kad-dht find" tid=4807406 peer=16U*P1S397
[2026-10-04 13:19:11.765] [out] [delivery_module] DBG 2026-10-04 13:19:11.765+02:00 Lookup query                               topics="kad-dht find" tid=4807406 peer=16U*T3UNSE
[2026-10-04 13:19:11.765] [out] [delivery_module] DBG 2026-10-04 13:19:11.765+02:00 Lookup query                               topics="kad-dht find" tid=4807406 peer=16U*VpJprH
[2026-10-04 13:19:11.765] [out] [delivery_module] DBG 2026-10-04 13:19:11.765+02:00 Lookup query                               topics="kad-dht find" tid=4807406 peer=16U*kGyuEP
[2026-10-04 13:19:11.765] [out] [delivery_module] DBG 2026-10-04 13:19:11.765+02:00 Lookup query                               topics="kad-dht find" tid=4807406 peer=16U*NSkuby
[2026-10-04 13:19:11.765] [out] [delivery_module] DBG 2026-10-04 13:19:11.765+02:00 Lookup query                               topics="kad-dht find" tid=4807406 peer=16U*TwqBiH
[2026-10-04 13:19:11.765] [out] [delivery_module] DBG 2026-10-04 13:19:11.765+02:00 Added service to discover                  topics="waku service discovery" tid=4807406 service=/logos/delivery
[2026-10-04 13:19:11.765] [out] [delivery_module] DBG 2026-10-04 13:19:11.765+02:00 Added provided service                     topics="service-disco advertiser" tid=4807406 service=/logos/delivery serviceId=key:E6738033B5D413D13CF58622CEB4EF8F392E8D4EB073B56A5486CB0431B2F5D8
[2026-10-04 13:19:11.766] [out] [delivery_module] DBG 2026-10-04 13:19:11.766+02:00 Cannot insert self in routing table        topics="kad-dht rtable" tid=4807406 nodeId=key:00250802122102B693FDB98739C8AF42B3C1F5D20EA77B5EB79688E93F98AC6E74D1D393961EE3
[2026-10-04 13:19:11.766] [out] [delivery_module] DBG 2026-10-04 13:19:11.766+02:00 Cannot insert self in routing table        topics="kad-dht rtable" tid=4807406 nodeId=key:00250802122102B693FDB98739C8AF42B3C1F5D20EA77B5EB79688E93F98AC6E74D1D393961EE3
[2026-10-04 13:19:11.767] [out] [delivery_module] DBG 2026-10-04 13:19:11.767+02:00 Added service to advertise                 topics="waku service discovery" tid=4807406 service=/logos/delivery
[2026-10-04 13:19:11.767] [out] [delivery_module] INF 2026-10-04 13:19:11.767+02:00 advertising this node on the delivery network topics="waku discovery advertise" tid=4807406 backend=service protocols="[/vac/waku/relay/2.0.0, /vac/waku/filter-subscribe/2.0.0-beta1, /vac/waku/lightpush/3.0.0, /mix/1.0.0]"
[2026-10-04 13:19:11.767] [out] [delivery_module] DBG 2026-10-04 13:19:11.767+02:00 register interest                          topics="service-disco discoverer" tid=4807406 service=/mix/1.0.0 serviceId=key:913B5C5DBE691438693215140388EC0C7DE80DE328BDE5BD7FC06F90568CEA40
[2026-10-04 13:19:11.767] [out] [delivery_module] DBG 2026-10-04 13:19:11.767+02:00 Lookup query                               topics="kad-dht find" tid=4807406 peer=16U*kGyuEP
[2026-10-04 13:19:11.768] [out] [delivery_module] DBG 2026-10-04 13:19:11.768+02:00 Lookup query                               topics="kad-dht find" tid=4807406 peer=16U*T3UNSE
[2026-10-04 13:19:11.768] [out] [delivery_module] DBG 2026-10-04 13:19:11.768+02:00 Lookup query                               topics="kad-dht find" tid=4807406 peer=16U*P1S397
[2026-10-04 13:19:11.768] [out] [delivery_module] DBG 2026-10-04 13:19:11.768+02:00 Lookup query                               topics="kad-dht find" tid=4807406 peer=16U*VpJprH
[2026-10-04 13:19:11.768] [out] [delivery_module] DBG 2026-10-04 13:19:11.768+02:00 Lookup query                               topics="kad-dht find" tid=4807406 peer=16U*TwqBiH
[2026-10-04 13:19:11.768] [out] [delivery_module] DBG 2026-10-04 13:19:11.768+02:00 Lookup query                               topics="kad-dht find" tid=4807406 peer=16U*NSkuby
[2026-10-04 13:19:11.768] [out] [delivery_module] DBG 2026-10-04 13:19:11.768+02:00 Added service to discover                  topics="waku service discovery" tid=4807406 service=/mix/1.0.0
[2026-10-04 13:19:11.768] [out] [delivery_module] DBG 2026-10-04 13:19:11.768+02:00 Added provided service                     topics="service-disco advertiser" tid=4807406 service=/mix/1.0.0 serviceId=key:913B5C5DBE691438693215140388EC0C7DE80DE328BDE5BD7FC06F90568CEA40
[2026-10-04 13:19:11.769] [out] [delivery_module] DBG 2026-10-04 13:19:11.769+02:00 Added service to advertise                 topics="waku service discovery" tid=4807406 service=/mix/1.0.0
[2026-10-04 13:19:11.769] [out] [delivery_module] INF 2026-10-04 13:19:11.769+02:00 advertising this node as a mix node        topics="waku discovery advertise" tid=4807406 backend=service
[2026-10-04 13:19:11.769] [out] [delivery_module] INF 2026-10-04 13:19:11.769+02:00 Node is online                             topics="waku online monitor" tid=4807406
[2026-10-04 13:19:11.769] [out] [delivery_module] INF 2026-10-04 13:19:11.769+02:00 Health monitor loop start                  tid=4807406
[2026-10-04 13:19:11.770] [out] [delivery_module] DBG 2026-10-04 13:19:11.770+02:00 calculateConnectionState                   tid=4807406 relayCount=6 storeClientCount=6 lightpushCount=6 filterCount=6
[2026-10-04 13:19:11.770] [out] [delivery_module] DBG 2026-10-04 13:19:11.770+02:00 connectionStatus change                    tid=4807406 oldstatus=Disconnected newstatus=Connected
[2026-10-04 13:19:11.770] [out] [delivery_module] INF 2026-10-04 13:19:11.770+02:00 starting keepalive                         tid=4807406 randomPeersKeepalive=10s allPeersKeepalive=2m
[2026-10-04 13:19:11.770] [out] [delivery_module] DBG 2026-10-04 13:19:11.770+02:00 no listener registered                     tid=4807409 event=onTopicHealthChange
[2026-10-04 13:19:11.770] [out] [delivery_module] DBG 2026-10-04 13:19:11.770+02:00 no listener registered                     tid=4807409 event=onTopicHealthChange
[2026-10-04 13:19:11.770] [out] [delivery_module] DBG 2026-10-04 13:19:11.770+02:00 no listener registered                     tid=4807409 event=onTopicHealthChange
[2026-10-04 13:19:11.771] [out] [delivery_module] DBG 2026-10-04 13:19:11.771+02:00 no listener registered                     tid=4807409 event=onTopicHealthChange
[2026-10-04 13:19:11.771] [out] [delivery_module] DBG 2026-10-04 13:19:11.771+02:00 no listener registered                     tid=4807409 event=onTopicHealthChange
[2026-10-04 13:19:11.771] [out] [delivery_module] DBG 2026-10-04 13:19:11.771+02:00 no listener registered                     tid=4807409 event=onTopicHealthChange
[2026-10-04 13:19:11.771] [out] [delivery_module] DBG 2026-10-04 13:19:11.771+02:00 no listener registered                     tid=4807409 event=onTopicHealthChange
[2026-10-04 13:19:11.772] [info] [logos] [delivery_module] DeliveryModuleImpl::send called with contentTopic: /lp0026forum/1/general/text
[2026-10-04 13:19:11.775] [out] [delivery_module] DBG 2026-10-04 13:19:11.775+02:00 SendService.send: processing delivery task topics="send service" tid=4807406 requestId=eae94d37387a23a82fd6 msgHash=0xc3c83ab18a81b8c0f848732a5b68faf90afbeb7f5ee967ed20683869803ff738
[2026-10-04 13:19:11.775] [out] [delivery_module] DBG 2026-10-04 13:19:11.775+02:00 Trying message delivery via Mix            topics="send service mix processor" tid=4807406 requestId=eae94d37387a23a82fd6 msgHash=0xc3c83ab18a81b8c0f848732a5b68faf90afbeb7f5ee967ed20683869803ff738 tryCount=1
[2026-10-04 13:19:11.775] [out] [delivery_module] DBG 2026-10-04 13:19:11.775+02:00 Publishing message without RLN proof       tid=4807406
[2026-10-04 13:19:11.775] [out] [delivery_module] DBG 2026-10-04 13:19:11.775+02:00 Publishing message with lightpush          topics="waku node lightpush api" tid=4807406 pubsubTopic=/waku/2/rs/3/7 contentTopic=/lp0026forum/1/general/text target_peer_id=16U*VpJprH msg_hash=0xc3c83ab18a81b8c0f848732a5b68faf90afbeb7f5ee967ed20683869803ff738 mixify=true
[2026-10-04 13:19:11.775] [out] [delivery_module] DBG 2026-10-04 13:19:11.775+02:00 Publish                                    topics="waku lightpush client" tid=4807406 myPeerId=16U*Tp1aUr peerId= msgHash=0xc3c83ab18a81b8c0f848732a5b68faf90afbeb7f5ee967ed20683869803ff738 sentTime=1791112751775738880
[2026-10-04 13:19:11.775] [out] [delivery_module] DBG 2026-10-04 13:19:11.775+02:00 Destination data                           tid=4807406 destination=MixDestination[MixNode](16Uiu2HAmMK7PYygBtKUQ8EHp7EfaD3bCEsJrkFooK8RQ2PVpJprH)
[2026-10-04 13:19:11.775] [out] [delivery_module] DBG 2026-10-04 13:19:11.775+02:00 Selected mix node:                         tid=4807406 indexInPath=0 peerId=16U*T3UNSE
[2026-10-04 13:19:11.775] [info] [logos] [delivery_module] DeliveryModuleImpl: Send initiated for topic: /lp0026forum/1/general/text, with success, requestId: eae94d37387a23a82fd6
[2026-10-04 13:19:11.776] [out] [delivery_module] DBG 2026-10-04 13:19:11.775+02:00 Selected mix node:                         tid=4807406 indexInPath=1 peerId=16U*kGyuEP
[2026-10-04 13:19:11.776] [out] [delivery_module] DBG 2026-10-04 13:19:11.776+02:00 Selected mix node:                         tid=4807406 indexInPath=2 peerId=16U*VpJprH
[2026-10-04 13:19:11.776] [out] [delivery_module] DBG 2026-10-04 13:19:11.776+02:00 Selected mix node for surbs:               tid=4807406 indexInPath=0 peerId=16U*T3UNSE
[2026-10-04 13:19:11.776] [out] [delivery_module] DBG 2026-10-04 13:19:11.776+02:00 Selected mix node for surbs:               tid=4807406 indexInPath=1 peerId=16U*kGyuEP
[2026-10-04 13:19:11.842] [out] [delivery_module] DBG 2026-10-04 13:19:11.842+02:00 Lookup query                               topics="kad-dht find" tid=4807406 peer=16U*6M7AnR
[2026-10-04 13:19:11.873] [out] [delivery_module] DBG 2026-10-04 13:19:11.873+02:00 calculateConnectionState                   tid=4807406 relayCount=6 storeClientCount=6 lightpushCount=6 filterCount=6
[2026-10-04 13:19:12.303] [out] [delivery_module] DBG 2026-10-04 13:19:12.303+02:00 calculateConnectionState                   tid=4807406 relayCount=6 storeClientCount=6 lightpushCount=6 filterCount=6
[2026-10-04 13:19:12.405] [out] [delivery_module] DBG 2026-10-04 13:19:12.405+02:00 calculateConnectionState                   tid=4807406 relayCount=6 storeClientCount=6 lightpushCount=6 filterCount=6
[2026-10-04 13:19:12.507] [out] [delivery_module] DBG 2026-10-04 13:19:12.507+02:00 calculateConnectionState                   tid=4807406 relayCount=6 storeClientCount=6 lightpushCount=6 filterCount=6
[2026-10-04 13:19:13.135] [out] [delivery_module] DBG 2026-10-04 13:19:13.135+02:00 calculateConnectionState                   tid=4807406 relayCount=6 storeClientCount=6 lightpushCount=6 filterCount=6
[2026-10-04 13:19:13.143] [out] [delivery_module] DBG 2026-10-04 13:19:13.143+02:00 Dialing peer                               topics="libp2p dialer" tid=4807406 peerId=16U*EyjWVs addrs="[/ip4/172.20.10.14/udp/60294/quic-v1, /ip4/109.41.112.89/tcp/48444, /ip4/172.20.10.14/tcp/53422, /ip4/109.41.112.89/tcp/36473, /ip4/109.41.112.89/tcp/41820]"
[2026-10-04 13:19:13.144] [out] [delivery_module] DBG 2026-10-04 13:19:13.143+02:00 Expanded address and hostname              topics="libp2p dialer" tid=4807406 expandedAddress=/ip4/172.20.10.14/udp/60294/quic-v1 hostname=172.20.10.14 resolvedAddresses="[/ip4/172.20.10.14/udp/60294/quic-v1]"
[2026-10-04 13:19:13.144] [out] [delivery_module] DBG 2026-10-04 13:19:13.144+02:00 New connection established: client         tid=4807406
[2026-10-04 13:19:13.145] [out] [delivery_module] DBG 2026-10-04 13:19:13.145+02:00 Dialing peer                               topics="libp2p dialer" tid=4807406 peerId=16U*FMCSLG addrs="[/ip4/109.41.112.89/tcp/40248, /ip4/109.41.112.89/tcp/39428, /ip4/109.41.112.89/tcp/47641, /ip4/109.41.112.89/tcp/42623, /ip4/109.41.112.89/tcp/41583, /ip4/109.41.112.89/tcp/38916]"
[2026-10-04 13:19:13.145] [out] [delivery_module] DBG 2026-10-04 13:19:13.145+02:00 Expanded address and hostname              topics="libp2p dialer" tid=4807406 expandedAddress=/ip4/109.41.112.89/tcp/40248 hostname=109.41.112.89 resolvedAddresses="[/ip4/109.41.112.89/tcp/40248]"
[2026-10-04 13:19:13.147] [out] [delivery_module] DBG 2026-10-04 13:19:13.147+02:00 Dialing peer                               topics="libp2p dialer" tid=4807406 peerId=16U*bERhF5 addrs="[/ip4/109.41.112.89/tcp/48180, /ip4/109.41.112.89/tcp/48653, /ip4/109.41.112.89/tcp/42529, /ip4/109.41.112.89/tcp/38712, /ip4/109.41.112.89/tcp/42001, /ip4/109.41.112.89/tcp/48948]"
[2026-10-04 13:19:13.147] [out] [delivery_module] DBG 2026-10-04 13:19:13.147+02:00 Expanded address and hostname              topics="libp2p dialer" tid=4807406 expandedAddress=/ip4/109.41.112.89/tcp/48180 hostname=109.41.112.89 resolvedAddresses="[/ip4/109.41.112.89/tcp/48180]"
[2026-10-04 13:19:13.154] [out] [delivery_module] DBG 2026-10-04 13:19:13.154+02:00 Dialing peer                               topics="libp2p dialer" tid=4807406 peerId=16U*CtL71W addrs="[/ip4/172.20.10.14/udp/63678/quic-v1, /ip4/172.20.10.14/tcp/56316]"
[2026-10-04 13:19:13.154] [out] [delivery_module] DBG 2026-10-04 13:19:13.154+02:00 Expanded address and hostname              topics="libp2p dialer" tid=4807406 expandedAddress=/ip4/172.20.10.14/udp/63678/quic-v1 hostname=172.20.10.14 resolvedAddresses="[/ip4/172.20.10.14/udp/63678/quic-v1]"
[2026-10-04 13:19:13.155] [out] [delivery_module] DBG 2026-10-04 13:19:13.155+02:00 New connection established: client         tid=4807406
[2026-10-04 13:19:13.159] [out] [delivery_module] DBG 2026-10-04 13:19:13.159+02:00 Lookup query                               topics="kad-dht find" tid=4807406 peer=16U*EyjWVs
[2026-10-04 13:19:13.159] [out] [delivery_module] DBG 2026-10-04 13:19:13.159+02:00 Lookup query                               topics="kad-dht find" tid=4807406 peer=16U*FMCSLG
[2026-10-04 13:19:13.159] [out] [delivery_module] DBG 2026-10-04 13:19:13.159+02:00 Lookup query                               topics="kad-dht find" tid=4807406 peer=16U*bERhF5
[2026-10-04 13:19:13.159] [out] [delivery_module] DBG 2026-10-04 13:19:13.159+02:00 Lookup query                               topics="kad-dht find" tid=4807406 peer=16U*2pfeoX
[2026-10-04 13:19:13.159] [out] [delivery_module] DBG 2026-10-04 13:19:13.159+02:00 Lookup query                               topics="kad-dht find" tid=4807406 peer=16U*iSrhve
[2026-10-04 13:19:13.161] [out] [delivery_module] DBG 2026-10-04 13:19:13.161+02:00 Handshake done                             tid=4807406 status=1
[2026-10-04 13:19:13.161] [out] [delivery_module] DBG 2026-10-04 13:19:13.161+02:00 Dial successful                            topics="libp2p dialer" tid=4807406 peerId=16U*CtL71W
[2026-10-04 13:19:13.162] [out] [delivery_module] DBG 2026-10-04 13:19:13.162+02:00 starting sendNonHighPriorityTask           topics="libp2p pubsubpeer" tid=4807406 p=16U*CtL71W
[2026-10-04 13:19:13.162] [out] [delivery_module] DBG 2026-10-04 13:19:13.162+02:00 created new pubsub peer                    topics="libp2p pubsub" tid=4807406 peerId=16U*CtL71W
[2026-10-04 13:19:13.162] [out] [delivery_module] DBG 2026-10-04 13:19:13.162+02:00 Creating stream                            tid=4807406
[2026-10-04 13:19:13.162] [out] [delivery_module] DBG 2026-10-04 13:19:13.162+02:00 no listener registered                     tid=4807409 event=onConnectionChange
[2026-10-04 13:19:13.162] [out] [delivery_module] DBG 2026-10-04 13:19:13.162+02:00 New stream created                         tid=4807406
[2026-10-04 13:19:13.162] [out] [delivery_module] DBG 2026-10-04 13:19:13.162+02:00 Creating stream                            tid=4807406
[2026-10-04 13:19:13.162] [out] [delivery_module] DBG 2026-10-04 13:19:13.162+02:00 New stream created                         tid=4807406
[2026-10-04 13:19:13.164] [out] [delivery_module] DBG 2026-10-04 13:19:13.164+02:00 New stream created                         tid=4807406
[2026-10-04 13:19:13.164] [out] [delivery_module] DBG 2026-10-04 13:19:13.164+02:00 New stream created                         tid=4807406
[2026-10-04 13:19:13.164] [out] [delivery_module] DBG 2026-10-04 13:19:13.164+02:00 Incoming WakuRelay connection              topics="waku relay" tid=4807406 connection=16U*CtL71W:6ac2363195f494e68e9b0450 protocol=/vac/waku/relay/2.0.0
[2026-10-04 13:19:13.164] [out] [delivery_module] DBG 2026-10-04 13:19:13.164+02:00 starting pubsub read loop                  topics="libp2p pubsubpeer" tid=4807406 stream=16U*CtL71W:6ac2363195f494e68e9b0450 peer=16U*CtL71W closed=false
[2026-10-04 13:19:13.164] [out] [delivery_module] DBG 2026-10-04 13:19:13.164+02:00 identify: info sent                        topics="libp2p identify" tid=4807406 stream=16U*CtL71W:6ac2363195f494e68e9b0451 info="(peerId: 16Uiu2HAm7iP4jCEuUzj5BoF7uJjLCVjGSSdQ2dgSeHWKLvTp1aUr, listenAddrs: [/ip4/0.0.0.0/tcp/56317, /ip4/0.0.0.0/udp/58501/quic-v1], addrs: [/ip4/172.20.10.14/tcp/56317, /ip4/172.20.10.14/udp/58501/quic-v1], protocols: [/ipfs/id/1.0.0, /libp2p/autonat/1.0.0, /libp2p/circuit/relay/0.2.0/hop, /vac/waku/metadata/1.0.0, /mix/1.0.0, /logos/service-discovery/1.0.0, /vac/waku/relay/2.0.0, /vac/waku/rendezvous/1.0.0, /ipfs/ping/1.0.0, /vac/waku/lightpush/3.0.0, /vac/waku/lightpush/2.0.0-beta1, /vac/waku/filter-subscribe/2.0.0-beta1, /vac/waku/filter-push/2.0.0-beta1, /vac/waku/peer-exchange/2.0.0-alpha1], protoVersion: ipfs/0.1.0, agentVersion: logos-delivery-v0.39.0-gca2814)"
[2026-10-04 13:19:13.165] [out] [delivery_module] DBG 2026-10-04 13:19:13.165+02:00 identify: info received                    topics="libp2p identify" tid=4807406 stream=16U*CtL71W:6ac2363195f494e68e9b044f pubkey=ok(sec...c790)) addresses=/ip4/172.20.10.14/tcp/56316,/ip4/172.20.10.14/udp/63678/quic-v1 protocols=/ipfs/id/1.0.0,/libp2p/autonat/1.0.0,/libp2p/circuit/relay/0.2.0/hop,/vac/waku/metadata/1.0.0,/mix/1.0.0,/logos/service-discovery/1.0.0,/vac/waku/relay/2.0.0,/vac/waku/rendezvous/1.0.0,/ipfs/ping/1.0.0,/vac/waku/lightpush/3.0.0,/vac/waku/lightpush/2.0.0-beta1,/vac/waku/filter-subscribe/2.0.0-beta1,/vac/waku/filter-push/2.0.0-beta1,/vac/waku/peer-exchange/2.0.0-alpha1 observable_address=ok(/ip4/172.20.10.14/udp/58501/quic-v1) proto_version=ipfs/0.1.0 agent_version=logos-delivery-v0.39.0-gca2814 signedPeerRecord=None
[2026-10-04 13:19:13.165] [out] [delivery_module] DBG 2026-10-04 13:19:13.165+02:00 Event identified                           topics="waku node peer_manager" tid=4807406 peerId=16U*CtL71W
[2026-10-04 13:19:13.165] [out] [delivery_module] DBG 2026-10-04 13:19:13.165+02:00 Creating stream                            tid=4807406
[2026-10-04 13:19:13.165] [out] [delivery_module] DBG 2026-10-04 13:19:13.165+02:00 New stream created                         tid=4807406
[2026-10-04 13:19:13.166] [out] [delivery_module] DBG 2026-10-04 13:19:13.165+02:00 no listener registered                     tid=4807409 event=onConnectionChange
[2026-10-04 13:19:13.166] [out] [delivery_module] DBG 2026-10-04 13:19:13.166+02:00 starting pubsub read loop                  topics="libp2p pubsubpeer" tid=4807406 stream=16U*CtL71W:6ac2363195f494e68e9b044e peer=16U*CtL71W closed=false
[2026-10-04 13:19:13.166] [out] [delivery_module] DBG 2026-10-04 13:19:13.166+02:00 New stream created                         tid=4807406
[2026-10-04 13:19:13.167] [out] [delivery_module] DBG 2026-10-04 13:19:13.167+02:00 Received WakuMetadata request              topics="waku metadata" tid=4807406 remoteClusterId=ok(3) remoteShards="[5, 0, 2, 1, 4, 7, 3, 6]" localClusterId=3 localShards="[5, 0, 2, 1, 4, 7, 3, 6]" peer=16U*CtL71W
[2026-10-04 13:19:13.167] [out] [delivery_module] DBG 2026-10-04 13:19:13.167+02:00 no listener registered                     tid=4807409 event=onConnectionChange
[2026-10-04 13:19:13.168] [out] [delivery_module] DBG 2026-10-04 13:19:13.168+02:00 Creating stream                            tid=4807406
[2026-10-04 13:19:13.168] [out] [delivery_module] DBG 2026-10-04 13:19:13.168+02:00 New stream created                         tid=4807406
[2026-10-04 13:19:13.169] [out] [delivery_module] DBG 2026-10-04 13:19:13.169+02:00 New stream created                         tid=4807406
[2026-10-04 13:19:13.237] [out] [delivery_module] DBG 2026-10-04 13:19:13.237+02:00 calculateConnectionState                   tid=4807406 relayCount=7 storeClientCount=6 lightpushCount=7 filterCount=7
[2026-10-04 13:19:13.265] [out] [delivery_module] DBG 2026-10-04 13:19:13.265+02:00 Lookup query                               topics="kad-dht find" tid=4807406 peer=16U*P6Hipt
[2026-10-04 13:19:13.362] [out] [delivery_module] DBG 2026-10-04 13:19:13.362+02:00 Lookup query                               topics="kad-dht find" tid=4807406 peer=16U*oN8hgK
[2026-10-04 13:19:13.467] [out] [delivery_module] DBG 2026-10-04 13:19:13.467+02:00 Lookup query                               topics="kad-dht find" tid=4807406 peer=16U*EivbVz
[2026-10-04 13:19:13.467] [out] [delivery_module] DBG 2026-10-04 13:19:13.467+02:00 Lookup query                               topics="kad-dht find" tid=4807406 peer=16U*Yn2Pww
[2026-10-04 13:19:13.467] [out] [delivery_module] DBG 2026-10-04 13:19:13.467+02:00 Kad lookup: RPC error                      topics="kad-dht find" tid=4807406 peer=16U*T3UNSE msg="dialStage: timed out dialing the peer"
[2026-10-04 13:19:13.467] [out] [delivery_module] DBG 2026-10-04 13:19:13.467+02:00 Kad lookup: RPC error                      topics="kad-dht find" tid=4807406 peer=16U*kGyuEP msg="dialStage: timed out dialing the peer"
[2026-10-04 13:19:13.576] [out] [delivery_module] DBG 2026-10-04 13:19:13.576+02:00 no listener registered                     tid=4807409 event=onTopicHealthChange
[2026-10-04 13:19:13.577] [out] [delivery_module] DBG 2026-10-04 13:19:13.577+02:00 no listener registered                     tid=4807409 event=onTopicHealthChange
[2026-10-04 13:19:13.577] [out] [delivery_module] DBG 2026-10-04 13:19:13.577+02:00 no listener registered                     tid=4807409 event=onTopicHealthChange
[2026-10-04 13:19:13.577] [out] [delivery_module] DBG 2026-10-04 13:19:13.577+02:00 no listener registered                     tid=4807409 event=onTopicHealthChange
[2026-10-04 13:19:13.578] [out] [delivery_module] DBG 2026-10-04 13:19:13.578+02:00 no listener registered                     tid=4807409 event=onTopicHealthChange
[2026-10-04 13:19:13.579] [out] [delivery_module] DBG 2026-10-04 13:19:13.579+02:00 calculateConnectionState                   tid=4807406 relayCount=7 storeClientCount=6 lightpushCount=7 filterCount=7
[2026-10-04 13:19:13.580] [out] [delivery_module] DBG 2026-10-04 13:19:13.580+02:00 Lookup query                               topics="kad-dht find" tid=4807406 peer=16U*cef9mW
[2026-10-04 13:19:13.678] [out] [delivery_module] DBG 2026-10-04 13:19:13.678+02:00 no listener registered                     tid=4807409 event=onTopicHealthChange
[2026-10-04 13:19:13.681] [out] [delivery_module] DBG 2026-10-04 13:19:13.681+02:00 calculateConnectionState                   tid=4807406 relayCount=7 storeClientCount=6 lightpushCount=7 filterCount=7
[2026-10-04 13:19:14.358] [out] [delivery_module] DBG 2026-10-04 13:19:14.358+02:00 Lookup query                               topics="kad-dht find" tid=4807406 peer=16U*bERhF5
[2026-10-04 13:19:14.358] [out] [delivery_module] DBG 2026-10-04 13:19:14.358+02:00 Lookup query                               topics="kad-dht find" tid=4807406 peer=16U*FMCSLG
[2026-10-04 13:19:14.358] [out] [delivery_module] DBG 2026-10-04 13:19:14.358+02:00 Lookup query                               topics="kad-dht find" tid=4807406 peer=16U*EyjWVs
[2026-10-04 13:19:14.358] [out] [delivery_module] DBG 2026-10-04 13:19:14.358+02:00 Lookup query                               topics="kad-dht find" tid=4807406 peer=16U*Yn2Pww
[2026-10-04 13:19:14.358] [out] [delivery_module] DBG 2026-10-04 13:19:14.358+02:00 Lookup query                               topics="kad-dht find" tid=4807406 peer=16U*EivbVz
[2026-10-04 13:19:14.394] [out] [delivery_module] DBG 2026-10-04 13:19:14.394+02:00 Dialing failed                             topics="libp2p dialer" tid=4807406 description="quic dial timed out after 3s" peerId=16U*cef9mW address=/ip4/172.20.10.14/udp/50706/quic-v1 hostname=172.20.10.14
[2026-10-04 13:19:14.394] [out] [delivery_module] DBG 2026-10-04 13:19:14.394+02:00 Dialing failed                             topics="libp2p dialer" tid=4807406 description="quic dial timed out after 3s" peerId=16U*2pfeoX address=/ip4/192.168.68.53/udp/16011/quic-v1 hostname=192.168.68.53
[2026-10-04 13:19:14.394] [out] [delivery_module] DBG 2026-10-04 13:19:14.394+02:00 Expanded address and hostname              topics="libp2p dialer" tid=4807406 expandedAddress=/ip4/172.20.10.14/tcp/63817 hostname=172.20.10.14 resolvedAddresses="[/ip4/172.20.10.14/tcp/63817]"
[2026-10-04 13:19:14.395] [out] [delivery_module] DBG 2026-10-04 13:19:14.395+02:00 Expanded address and hostname              topics="libp2p dialer" tid=4807406 expandedAddress=/ip4/192.168.68.53/tcp/27431 hostname=192.168.68.53 resolvedAddresses="[/ip4/192.168.68.53/tcp/27431]"
[2026-10-04 13:19:14.395] [out] [delivery_module] DBG 2026-10-04 13:19:14.395+02:00 Dialing failed                             topics="libp2p dialer" tid=4807406 description="TcpTransport dial error: (61) Connection refused" peerId=16U*cef9mW address=/ip4/172.20.10.14/tcp/63817 hostname=172.20.10.14
[2026-10-04 13:19:14.395] [out] [delivery_module] DBG 2026-10-04 13:19:14.395+02:00 Expanded address and hostname              topics="libp2p dialer" tid=4807406 expandedAddress=/ip4/109.41.112.89/tcp/35703 hostname=109.41.112.89 resolvedAddresses="[/ip4/109.41.112.89/tcp/35703]"
[2026-10-04 13:19:14.395] [out] [delivery_module] DBG 2026-10-04 13:19:14.395+02:00 Dialing failed                             topics="libp2p dialer" tid=4807406 description="quic dial timed out after 3s" peerId=16U*oeaQi3 address=/ip4/172.20.10.14/udp/49672/quic-v1 hostname=172.20.10.14
[2026-10-04 13:19:14.395] [out] [delivery_module] DBG 2026-10-04 13:19:14.395+02:00 Expanded address and hostname              topics="libp2p dialer" tid=4807406 expandedAddress=/ip4/109.41.112.89/tcp/43059 hostname=109.41.112.89 resolvedAddresses="[/ip4/109.41.112.89/tcp/43059]"
[2026-10-04 13:19:14.396] [out] [delivery_module] DBG 2026-10-04 13:19:14.396+02:00 Dialing failed                             topics="libp2p dialer" tid=4807406 description="quic dial timed out after 3s" peerId=16U*pJJk4V address=/ip4/172.20.10.14/udp/51325/quic-v1 hostname=172.20.10.14
[2026-10-04 13:19:14.396] [out] [delivery_module] DBG 2026-10-04 13:19:14.396+02:00 Expanded address and hostname              topics="libp2p dialer" tid=4807406 expandedAddress=/ip4/172.20.10.14/tcp/60486 hostname=172.20.10.14 resolvedAddresses="[/ip4/172.20.10.14/tcp/60486]"
[2026-10-04 13:19:14.396] [out] [delivery_module] DBG 2026-10-04 13:19:14.396+02:00 Dialing failed                             topics="libp2p dialer" tid=4807406 description="TcpTransport dial error: (61) Connection refused" peerId=16U*pJJk4V address=/ip4/172.20.10.14/tcp/60486 hostname=172.20.10.14
[2026-10-04 13:19:14.396] [out] [delivery_module] DBG 2026-10-04 13:19:14.396+02:00 Error dialing                              topics="libp2p dialer" tid=4807406 conn=nil peerId=16U*pJJk4V protos="[/logos/service-discovery/1.0.0]" addrs="[/ip4/172.20.10.14/udp/51325/quic-v1, /ip4/172.20.10.14/tcp/60486]" description="Unable to establish outgoing link in establishConnection: peer_id=16U*pJJk4V addrs=@[/ip4/172.20.10.14/udp/51325/quic-v1, /ip4/172.20.10.14/tcp/60486]"
[2026-10-04 13:19:14.396] [out] [delivery_module] DBG 2026-10-04 13:19:14.396+02:00 Dialing peer                               topics="libp2p dialer" tid=4807406 peerId=16U*pJJk4V addrs="[/ip4/172.20.10.14/udp/51325/quic-v1, /ip4/172.20.10.14/tcp/60486]"
[2026-10-04 13:19:14.396] [out] [delivery_module] DBG 2026-10-04 13:19:14.396+02:00 Expanded address and hostname              topics="libp2p dialer" tid=4807406 expandedAddress=/ip4/172.20.10.14/udp/51325/quic-v1 hostname=172.20.10.14 resolvedAddresses="[/ip4/172.20.10.14/udp/51325/quic-v1]"
[2026-10-04 13:19:14.396] [out] [delivery_module] DBG 2026-10-04 13:19:14.396+02:00 New connection established: client         tid=4807406
[2026-10-04 13:19:14.398] [out] [delivery_module] DBG 2026-10-04 13:19:14.398+02:00 Dialing failed                             topics="libp2p dialer" tid=4807406 description="quic dial timed out after 3s" peerId=16U*P6Hipt address=/ip4/172.20.10.14/udp/52573/quic-v1 hostname=172.20.10.14
[2026-10-04 13:19:14.398] [out] [delivery_module] DBG 2026-10-04 13:19:14.398+02:00 Expanded address and hostname              topics="libp2p dialer" tid=4807406 expandedAddress=/ip4/172.20.10.14/tcp/57390 hostname=172.20.10.14 resolvedAddresses="[/ip4/172.20.10.14/tcp/57390]"
[2026-10-04 13:19:14.399] [out] [delivery_module] DBG 2026-10-04 13:19:14.399+02:00 Dialing failed                             topics="libp2p dialer" tid=4807406 description="TcpTransport dial error: (61) Connection refused" peerId=16U*P6Hipt address=/ip4/172.20.10.14/tcp/57390 hostname=172.20.10.14
[2026-10-04 13:19:14.399] [out] [delivery_module] DBG 2026-10-04 13:19:14.399+02:00 Error dialing                              topics="libp2p dialer" tid=4807406 conn=nil peerId=16U*P6Hipt protos="[/logos/service-discovery/1.0.0]" addrs="[/ip4/172.20.10.14/udp/52573/quic-v1, /ip4/172.20.10.14/tcp/57390]" description="Unable to establish outgoing link in establishConnection: peer_id=16U*P6Hipt addrs=@[/ip4/172.20.10.14/udp/52573/quic-v1, /ip4/172.20.10.14/tcp/57390]"
[2026-10-04 13:19:14.399] [out] [delivery_module] DBG 2026-10-04 13:19:14.399+02:00 Dialing peer                               topics="libp2p dialer" tid=4807406 peerId=16U*P6Hipt addrs="[/ip4/172.20.10.14/udp/52573/quic-v1, /ip4/172.20.10.14/tcp/57390]"
[2026-10-04 13:19:14.399] [out] [delivery_module] DBG 2026-10-04 13:19:14.399+02:00 Expanded address and hostname              topics="libp2p dialer" tid=4807406 expandedAddress=/ip4/172.20.10.14/udp/52573/quic-v1 hostname=172.20.10.14 resolvedAddresses="[/ip4/172.20.10.14/udp/52573/quic-v1]"
[2026-10-04 13:19:14.399] [out] [delivery_module] DBG 2026-10-04 13:19:14.399+02:00 New connection established: client         tid=4807406
[2026-10-04 13:19:14.399] [out] [delivery_module] DBG 2026-10-04 13:19:14.399+02:00 Dialing failed                             topics="libp2p dialer" tid=4807406 description="quic dial timed out after 3s" peerId=16U*EivbVz address=/ip4/172.20.10.14/udp/63966/quic-v1 hostname=172.20.10.14
[2026-10-04 13:19:14.399] [out] [delivery_module] DBG 2026-10-04 13:19:14.399+02:00 Expanded address and hostname              topics="libp2p dialer" tid=4807406 expandedAddress=/ip4/172.20.10.14/tcp/60485 hostname=172.20.10.14 resolvedAddresses="[/ip4/172.20.10.14/tcp/60485]"
[2026-10-04 13:19:14.400] [out] [delivery_module] DBG 2026-10-04 13:19:14.400+02:00 Dialing failed                             topics="libp2p dialer" tid=4807406 description="TcpTransport dial error: (61) Connection refused" peerId=16U*EivbVz address=/ip4/172.20.10.14/tcp/60485 hostname=172.20.10.14
[2026-10-04 13:19:14.400] [out] [delivery_module] DBG 2026-10-04 13:19:14.400+02:00 Error dialing                              topics="libp2p dialer" tid=4807406 conn=nil peerId=16U*EivbVz protos="[/logos/service-discovery/1.0.0]" addrs="[/ip4/172.20.10.14/udp/63966/quic-v1, /ip4/172.20.10.14/tcp/60485]" description="Unable to establish outgoing link in establishConnection: peer_id=16U*EivbVz addrs=@[/ip4/172.20.10.14/udp/63966/quic-v1, /ip4/172.20.10.14/tcp/60485]"
[2026-10-04 13:19:14.400] [out] [delivery_module] DBG 2026-10-04 13:19:14.400+02:00 Dialing peer                               topics="libp2p dialer" tid=4807406 peerId=16U*EivbVz addrs="[/ip4/172.20.10.14/udp/63966/quic-v1, /ip4/172.20.10.14/tcp/60485]"
[2026-10-04 13:19:14.400] [out] [delivery_module] DBG 2026-10-04 13:19:14.400+02:00 Expanded address and hostname              topics="libp2p dialer" tid=4807406 expandedAddress=/ip4/172.20.10.14/udp/63966/quic-v1 hostname=172.20.10.14 resolvedAddresses="[/ip4/172.20.10.14/udp/63966/quic-v1]"
[2026-10-04 13:19:14.400] [out] [delivery_module] DBG 2026-10-04 13:19:14.400+02:00 New connection established: client         tid=4807406
[2026-10-04 13:19:14.429] [out] [delivery_module] DBG 2026-10-04 13:19:14.429+02:00 Lookup query                               topics="kad-dht find" tid=4807406 peer=16U*CtL71W
[2026-10-04 13:19:14.429] [out] [delivery_module] DBG 2026-10-04 13:19:14.429+02:00 Lookup query                               topics="kad-dht find" tid=4807406 peer=16U*oN8hgK
[2026-10-04 13:19:14.431] [out] [delivery_module] DBG 2026-10-04 13:19:14.431+02:00 Lookup query                               topics="kad-dht find" tid=4807406 peer=16U*6M7AnR
[2026-10-04 13:19:14.459] [out] [delivery_module] DBG 2026-10-04 13:19:14.459+02:00 no listener registered                     tid=4807409 event=onTopicHealthChange
[2026-10-04 13:19:14.459] [out] [delivery_module] DBG 2026-10-04 13:19:14.459+02:00 no listener registered                     tid=4807409 event=onTopicHealthChange
[2026-10-04 13:19:14.460] [out] [delivery_module] DBG 2026-10-04 13:19:14.460+02:00 calculateConnectionState                   tid=4807406 relayCount=7 storeClientCount=6 lightpushCount=7 filterCount=7
[2026-10-04 13:19:14.466] [out] [delivery_module] DBG 2026-10-04 13:19:14.466+02:00 getting adverts                            topics="service-disco discoverer" tid=4807406 serviceId=key:913B5C5DBE691438693215140388EC0C7DE80DE328BDE5BD7FC06F90568CEA40 registrar=16U*CtL71W
[2026-10-04 13:19:14.466] [out] [delivery_module] DBG 2026-10-04 13:19:14.466+02:00 Creating stream                            tid=4807406
[2026-10-04 13:19:14.466] [out] [delivery_module] DBG 2026-10-04 13:19:14.466+02:00 New stream created                         tid=4807406
[2026-10-04 13:19:14.466] [out] [delivery_module] DBG 2026-10-04 13:19:14.466+02:00 getting adverts                            topics="service-disco discoverer" tid=4807406 serviceId=key:913B5C5DBE691438693215140388EC0C7DE80DE328BDE5BD7FC06F90568CEA40 registrar=16U*NSkuby
[2026-10-04 13:19:14.466] [out] [delivery_module] DBG 2026-10-04 13:19:14.466+02:00 getting adverts                            topics="service-disco discoverer" tid=4807406 serviceId=key:913B5C5DBE691438693215140388EC0C7DE80DE328BDE5BD7FC06F90568CEA40 registrar=16U*TwqBiH
[2026-10-04 13:19:14.467] [out] [delivery_module] DBG 2026-10-04 13:19:14.467+02:00 getting adverts                            topics="service-disco discoverer" tid=4807406 serviceId=key:913B5C5DBE691438693215140388EC0C7DE80DE328BDE5BD7FC06F90568CEA40 registrar=16U*Tp1aUr
[2026-10-04 13:19:14.467] [out] [delivery_module] DBG 2026-10-04 13:19:14.467+02:00 Cannot insert self in routing table        topics="kad-dht rtable" tid=4807406 nodeId=key:00250802122102B693FDB98739C8AF42B3C1F5D20EA77B5EB79688E93F98AC6E74D1D393961EE3
[2026-10-04 13:19:14.467] [out] [delivery_module] DBG 2026-10-04 13:19:14.467+02:00 adverts found                              topics="service-disco discoverer" tid=4807406 serviceId=key:913B5C5DBE691438693215140388EC0C7DE80DE328BDE5BD7FC06F90568CEA40 remote=16U*Tp1aUr count=0
[2026-10-04 13:19:14.468] [out] [delivery_module] DBG 2026-10-04 13:19:14.468+02:00 getting adverts                            topics="service-disco discoverer" tid=4807406 serviceId=key:E6738033B5D413D13CF58622CEB4EF8F392E8D4EB073B56A5486CB0431B2F5D8 registrar=16U*CtL71W
[2026-10-04 13:19:14.468] [out] [delivery_module] DBG 2026-10-04 13:19:14.468+02:00 Creating stream                            tid=4807406
[2026-10-04 13:19:14.468] [out] [delivery_module] DBG 2026-10-04 13:19:14.468+02:00 New stream created                         tid=4807406
[2026-10-04 13:19:14.468] [out] [delivery_module] DBG 2026-10-04 13:19:14.468+02:00 getting adverts                            topics="service-disco discoverer" tid=4807406 serviceId=key:E6738033B5D413D13CF58622CEB4EF8F392E8D4EB073B56A5486CB0431B2F5D8 registrar=16U*NSkuby
[2026-10-04 13:19:14.468] [out] [delivery_module] DBG 2026-10-04 13:19:14.468+02:00 getting adverts                            topics="service-disco discoverer" tid=4807406 serviceId=key:E6738033B5D413D13CF58622CEB4EF8F392E8D4EB073B56A5486CB0431B2F5D8 registrar=16U*TwqBiH
[2026-10-04 13:19:14.468] [out] [delivery_module] DBG 2026-10-04 13:19:14.468+02:00 getting adverts                            topics="service-disco discoverer" tid=4807406 serviceId=key:E6738033B5D413D13CF58622CEB4EF8F392E8D4EB073B56A5486CB0431B2F5D8 registrar=16U*Tp1aUr
[2026-10-04 13:19:14.468] [out] [delivery_module] DBG 2026-10-04 13:19:14.468+02:00 Cannot insert self in routing table        topics="kad-dht rtable" tid=4807406 nodeId=key:00250802122102B693FDB98739C8AF42B3C1F5D20EA77B5EB79688E93F98AC6E74D1D393961EE3
[2026-10-04 13:19:14.468] [out] [delivery_module] DBG 2026-10-04 13:19:14.468+02:00 adverts found                              topics="service-disco discoverer" tid=4807406 serviceId=key:E6738033B5D413D13CF58622CEB4EF8F392E8D4EB073B56A5486CB0431B2F5D8 remote=16U*Tp1aUr count=1
[2026-10-04 13:19:14.469] [out] [delivery_module] DBG 2026-10-04 13:19:14.469+02:00 New stream created                         tid=4807406
[2026-10-04 13:19:14.471] [out] [delivery_module] DBG 2026-10-04 13:19:14.471+02:00 adverts found                              topics="service-disco discoverer" tid=4807406 serviceId=key:913B5C5DBE691438693215140388EC0C7DE80DE328BDE5BD7FC06F90568CEA40 remote=16U*CtL71W count=0
[2026-10-04 13:19:14.472] [out] [delivery_module] DBG 2026-10-04 13:19:14.472+02:00 adverts found                              topics="service-disco discoverer" tid=4807406 serviceId=key:E6738033B5D413D13CF58622CEB4EF8F392E8D4EB073B56A5486CB0431B2F5D8 remote=16U*CtL71W count=1
[2026-10-04 13:19:14.751] [out] [delivery_module] DBG 2026-10-04 13:19:14.751+02:00 Lookup query                               topics="kad-dht find" tid=4807406 peer=16U*oN8hgK
[2026-10-04 13:19:14.751] [out] [delivery_module] DBG 2026-10-04 13:19:14.751+02:00 Lookup query                               topics="kad-dht find" tid=4807406 peer=16U*Yn2Pww
[2026-10-04 13:19:14.762] [out] [delivery_module] DBG 2026-10-04 13:19:14.762+02:00 Lookup query                               topics="kad-dht find" tid=4807406 peer=16U*EyjWVs
[2026-10-04 13:19:15.458] [out] [delivery_module] DBG 2026-10-04 13:19:15.458+02:00 Lookup query                               topics="kad-dht find" tid=4807406 peer=16U*T3UNSE
[2026-10-04 13:19:15.459] [out] [delivery_module] DBG 2026-10-04 13:19:15.459+02:00 Lookup query                               topics="kad-dht find" tid=4807406 peer=16U*FMCSLG
[2026-10-04 13:19:15.459] [out] [delivery_module] DBG 2026-10-04 13:19:15.459+02:00 Kad lookup: RPC error                      topics="kad-dht find" tid=4807406 peer=16U*T3UNSE msg="readStage: timed out waiting for reply"
[2026-10-04 13:19:15.460] [out] [delivery_module] DBG 2026-10-04 13:19:15.460+02:00 Kad lookup: RPC error                      topics="kad-dht find" tid=4807406 peer=16U*kGyuEP msg="readStage: timed out waiting for reply"
[2026-10-04 13:19:16.145] [out] [delivery_module] DBG 2026-10-04 13:19:16.145+02:00 Dialing failed                             topics="libp2p dialer" tid=4807406 description="quic dial timed out after 3s" peerId=16U*EyjWVs address=/ip4/172.20.10.14/udp/60294/quic-v1 hostname=172.20.10.14
[2026-10-04 13:19:16.145] [out] [delivery_module] DBG 2026-10-04 13:19:16.145+02:00 Expanded address and hostname              topics="libp2p dialer" tid=4807406 expandedAddress=/ip4/109.41.112.89/tcp/48444 hostname=109.41.112.89 resolvedAddresses="[/ip4/109.41.112.89/tcp/48444]"
[2026-10-04 13:19:16.228] [out] [delivery_module] INF 2026-10-04 13:19:16.228+02:00 Message received                           tid=4807406 msg_hash=0xc3c83ab18a81b8c0f848732a5b68faf90afbeb7f5ee967ed20683869803ff738 contentTopic=/lp0026forum/1/general/text pubsubTopic=/waku/2/rs/3/7 source=live
[2026-10-04 13:19:16.406] [out] [delivery_module] DBG 2026-10-04 13:19:16.406+02:00 Kad lookup: RPC error                      topics="kad-dht find" tid=4807406 peer=16U*iSrhve msg="dialStage: timed out dialing the peer"
[2026-10-04 13:19:16.406] [out] [delivery_module] DBG 2026-10-04 13:19:16.406+02:00 Kad lookup: RPC error                      topics="kad-dht find" tid=4807406 peer=16U*cef9mW msg="dialStage: timed out dialing the peer"
[2026-10-04 13:19:16.406] [out] [delivery_module] DBG 2026-10-04 13:19:16.406+02:00 Kad lookup: RPC error                      topics="kad-dht find" tid=4807406 peer=16U*oeaQi3 msg="dialStage: timed out dialing the peer"
[2026-10-04 13:19:16.406] [out] [delivery_module] DBG 2026-10-04 13:19:16.406+02:00 Kad lookup: RPC error                      topics="kad-dht find" tid=4807406 peer=16U*pJJk4V msg="dialStage: timed out dialing the peer"
[2026-10-04 13:19:16.406] [out] [delivery_module] DBG 2026-10-04 13:19:16.406+02:00 Kad lookup: RPC error                      topics="kad-dht find" tid=4807406 peer=16U*2pfeoX msg="dialStage: timed out dialing the peer"
[2026-10-04 13:19:16.407] [out] [delivery_module] DBG 2026-10-04 13:19:16.407+02:00 Lookup query                               topics="kad-dht find" tid=4807406 peer=16U*T3UNSE
[2026-10-04 13:19:16.407] [out] [delivery_module] DBG 2026-10-04 13:19:16.407+02:00 Lookup query                               topics="kad-dht find" tid=4807406 peer=16U*EyjWVs
[2026-10-04 13:19:16.407] [out] [delivery_module] DBG 2026-10-04 13:19:16.407+02:00 Lookup query                               topics="kad-dht find" tid=4807406 peer=16U*FMCSLG
[2026-10-04 13:19:16.407] [out] [delivery_module] DBG 2026-10-04 13:19:16.407+02:00 Lookup query                               topics="kad-dht find" tid=4807406 peer=16U*bERhF5
[2026-10-04 13:19:16.407] [out] [delivery_module] DBG 2026-10-04 13:19:16.407+02:00 Lookup query                               topics="kad-dht find" tid=4807406 peer=16U*kGyuEP
[2026-10-04 13:19:16.622] [out] [delivery_module] DBG 2026-10-04 13:19:16.622+02:00 Kad lookup: RPC error                      topics="kad-dht find" tid=4807406 peer=16U*cef9mW msg="dialStage: timed out dialing the peer"
[2026-10-04 13:19:16.623] [out] [delivery_module] DBG 2026-10-04 13:19:16.622+02:00 Kad lookup: RPC error                      topics="kad-dht find" tid=4807406 peer=16U*iSrhve msg="dialStage: timed out dialing the peer"
[2026-10-04 13:19:16.623] [out] [delivery_module] DBG 2026-10-04 13:19:16.622+02:00 Kad lookup: RPC error                      topics="kad-dht find" tid=4807406 peer=16U*2pfeoX msg="dialStage: timed out dialing the peer"
[2026-10-04 13:19:16.623] [out] [delivery_module] DBG 2026-10-04 13:19:16.622+02:00 Kad lookup: RPC error                      topics="kad-dht find" tid=4807406 peer=16U*oeaQi3 msg="dialStage: timed out dialing the peer"
[2026-10-04 13:19:16.766] [out] [delivery_module] DBG 2026-10-04 13:19:16.766+02:00 ENR addresses updated                      topics="waku enr" tid=4807406 retained=0 total=0
[2026-10-04 13:19:16.766] [out] [delivery_module] INF 2026-10-04 13:19:16.766+02:00 ENR reconciled with the discv5 record      topics="wakunode waku" tid=4807406 enr=enr:-K24QJbNXW331kP7XJmadMLrWY7nbHWiGog-BlXUKU7oT6j6LSytNbTpFtCd0biaABZLRCBs2zGGUUxt4Q2D7bVCwioOgmlkgnY0im11bHRpYWRkcnOAgnJzkwADCAAAAAEAAgADAAQABQAGAAeJc2VjcDI1NmsxoQK2k_25hznIr0KzwfXSDqd7XreWiOk_mKxudNHTk5Ye44N0Y3CC2_2DdWRwguMDhXdha3UyLQ
[2026-10-04 13:19:16.766] [out] [delivery_module] DBG 2026-10-04 13:19:16.766+02:00 Kad lookup: RPC error                      topics="kad-dht find" tid=4807406 peer=16U*kGyuEP msg="dialStage: timed out dialing the peer"
[2026-10-04 13:19:16.766] [out] [delivery_module] DBG 2026-10-04 13:19:16.766+02:00 Kad lookup: RPC error                      topics="kad-dht find" tid=4807406 peer=16U*T3UNSE msg="dialStage: timed out dialing the peer"
[2026-10-04 13:19:16.767] [out] [delivery_module] DBG 2026-10-04 13:19:16.767+02:00 Lookup query                               topics="kad-dht find" tid=4807406 peer=16U*P1S397
[2026-10-04 13:19:16.767] [out] [delivery_module] DBG 2026-10-04 13:19:16.767+02:00 Lookup query                               topics="kad-dht find" tid=4807406 peer=16U*T3UNSE
[2026-10-04 13:19:16.767] [out] [delivery_module] DBG 2026-10-04 13:19:16.767+02:00 Lookup query                               topics="kad-dht find" tid=4807406 peer=16U*kGyuEP
[2026-10-04 13:19:16.767] [out] [delivery_module] DBG 2026-10-04 13:19:16.767+02:00 Lookup query                               topics="kad-dht find" tid=4807406 peer=16U*CtL71W
[2026-10-04 13:19:16.767] [out] [delivery_module] DBG 2026-10-04 13:19:16.767+02:00 Lookup query                               topics="kad-dht find" tid=4807406 peer=16U*TwqBiH
[2026-10-04 13:19:16.767] [out] [delivery_module] DBG 2026-10-04 13:19:16.767+02:00 Kad lookup: RPC error                      topics="kad-dht find" tid=4807406 peer=16U*P1S397 msg="readStage: timed out waiting for reply"
[2026-10-04 13:19:16.767] [out] [delivery_module] DBG 2026-10-04 13:19:16.767+02:00 Kad lookup: RPC error                      topics="kad-dht find" tid=4807406 peer=16U*TwqBiH msg="readStage: timed out waiting for reply"
[2026-10-04 13:19:16.768] [out] [delivery_module] DBG 2026-10-04 13:19:16.768+02:00 Kad lookup: RPC error                      topics="kad-dht find" tid=4807406 peer=16U*TwqBiH msg="dialStage: timed out dialing the peer"
[2026-10-04 13:19:16.768] [out] [delivery_module] DBG 2026-10-04 13:19:16.768+02:00 Kad lookup: RPC error                      topics="kad-dht find" tid=4807406 peer=16U*kGyuEP msg="dialStage: timed out dialing the peer"
[2026-10-04 13:19:16.768] [out] [delivery_module] DBG 2026-10-04 13:19:16.768+02:00 Kad lookup: RPC error                      topics="kad-dht find" tid=4807406 peer=16U*P1S397 msg="dialStage: timed out dialing the peer"
[2026-10-04 13:19:16.768] [out] [delivery_module] DBG 2026-10-04 13:19:16.768+02:00 Kad lookup: RPC error                      topics="kad-dht find" tid=4807406 peer=16U*T3UNSE msg="dialStage: timed out dialing the peer"
[2026-10-04 13:19:16.769] [out] [delivery_module] DBG 2026-10-04 13:19:16.769+02:00 Lookup query                               topics="kad-dht find" tid=4807406 peer=16U*kGyuEP
[2026-10-04 13:19:16.769] [out] [delivery_module] DBG 2026-10-04 13:19:16.769+02:00 Lookup query                               topics="kad-dht find" tid=4807406 peer=16U*T3UNSE
[2026-10-04 13:19:16.769] [out] [delivery_module] DBG 2026-10-04 13:19:16.769+02:00 Lookup query                               topics="kad-dht find" tid=4807406 peer=16U*P1S397
[2026-10-04 13:19:16.769] [out] [delivery_module] DBG 2026-10-04 13:19:16.769+02:00 Lookup query                               topics="kad-dht find" tid=4807406 peer=16U*TwqBiH
[2026-10-04 13:19:16.780] [out] [delivery_module] DBG 2026-10-04 13:19:16.780+02:00 Mix lightpush timed out                    topics="waku node lightpush api" tid=4807406 pubsubTopic=/waku/2/rs/3/7 timeout=5s
[2026-10-04 13:19:16.780] [out] [delivery_module] DBG 2026-10-04 13:19:16.780+02:00 MixSendProcessor.sendImpl failed           topics="send service mix processor" tid=4807406 error="Waku lightpush over mix timed out"
[2026-10-04 13:19:16.782] [out] [delivery_module] DBG 2026-10-04 13:19:16.782+02:00 Trying message delivery via Mix            topics="send service mix processor" tid=4807406 requestId=eae94d37387a23a82fd6 msgHash=0xc3c83ab18a81b8c0f848732a5b68faf90afbeb7f5ee967ed20683869803ff738 tryCount=2
[2026-10-04 13:19:16.782] [out] [delivery_module] DBG 2026-10-04 13:19:16.782+02:00 Publishing message without RLN proof       tid=4807406
[2026-10-04 13:19:16.782] [out] [delivery_module] DBG 2026-10-04 13:19:16.782+02:00 Publishing message with lightpush          topics="waku node lightpush api" tid=4807406 pubsubTopic=/waku/2/rs/3/7 contentTopic=/lp0026forum/1/general/text target_peer_id=16U*kGyuEP msg_hash=0xc3c83ab18a81b8c0f848732a5b68faf90afbeb7f5ee967ed20683869803ff738 mixify=true
[2026-10-04 13:19:16.782] [out] [delivery_module] DBG 2026-10-04 13:19:16.782+02:00 Publish                                    topics="waku lightpush client" tid=4807406 myPeerId=16U*Tp1aUr peerId= msgHash=0xc3c83ab18a81b8c0f848732a5b68faf90afbeb7f5ee967ed20683869803ff738 sentTime=1791112756782827008
[2026-10-04 13:19:16.782] [out] [delivery_module] DBG 2026-10-04 13:19:16.782+02:00 Destination data                           tid=4807406 destination=MixDestination[MixNode](16Uiu2HAm8YokiNun9BkeA1ZRmhLbtNUvcwRr64F69tYj9fkGyuEP)
[2026-10-04 13:19:16.782] [out] [delivery_module] DBG 2026-10-04 13:19:16.782+02:00 Selected mix node:                         tid=4807406 indexInPath=0 peerId=16U*VpJprH
[2026-10-04 13:19:16.782] [out] [delivery_module] DBG 2026-10-04 13:19:16.782+02:00 Selected mix node:                         tid=4807406 indexInPath=1 peerId=16U*TwqBiH
[2026-10-04 13:19:16.783] [out] [delivery_module] DBG 2026-10-04 13:19:16.783+02:00 Selected mix node:                         tid=4807406 indexInPath=2 peerId=16U*kGyuEP
[2026-10-04 13:19:16.783] [out] [delivery_module] DBG 2026-10-04 13:19:16.783+02:00 Selected mix node for surbs:               tid=4807406 indexInPath=0 peerId=16U*TwqBiH
[2026-10-04 13:19:16.783] [out] [delivery_module] DBG 2026-10-04 13:19:16.783+02:00 Selected mix node for surbs:               tid=4807406 indexInPath=1 peerId=16U*P1S397
[2026-10-04 13:19:16.835] [out] [delivery_module] DBG 2026-10-04 13:19:16.835+02:00 Dial successful                            topics="libp2p dialer" tid=4807406 peerId=16U*iSrhve
[2026-10-04 13:19:16.836] [out] [delivery_module] DBG 2026-10-04 13:19:16.836+02:00 starting sendNonHighPriorityTask           topics="libp2p pubsubpeer" tid=4807406 p=16U*iSrhve
[2026-10-04 13:19:16.836] [out] [delivery_module] DBG 2026-10-04 13:19:16.836+02:00 created new pubsub peer                    topics="libp2p pubsub" tid=4807406 peerId=16U*iSrhve
[2026-10-04 13:19:16.836] [out] [delivery_module] DBG 2026-10-04 13:19:16.836+02:00 no listener registered                     tid=4807409 event=onConnectionChange
[2026-10-04 13:19:16.837] [out] [delivery_module] DBG 2026-10-04 13:19:16.837+02:00 calculateConnectionState                   tid=4807406 relayCount=7 storeClientCount=6 lightpushCount=7 filterCount=7
[2026-10-04 13:19:16.838] [out] [delivery_module] DBG 2026-10-04 13:19:16.838+02:00 Incoming WakuRelay connection              topics="waku relay" tid=4807406 connection=16U*iSrhve:6ac2363495f494e68e9b0474 protocol=/vac/waku/relay/2.0.0
[2026-10-04 13:19:16.838] [out] [delivery_module] DBG 2026-10-04 13:19:16.838+02:00 starting pubsub read loop                  topics="libp2p pubsubpeer" tid=4807406 stream=16U*iSrhve:6ac2363495f494e68e9b0474 peer=16U*iSrhve closed=false
[2026-10-04 13:19:16.838] [out] [delivery_module] DBG 2026-10-04 13:19:16.838+02:00 identify: info sent                        topics="libp2p identify" tid=4807406 stream=16U*iSrhve:6ac2363495f494e68e9b0475 info="(peerId: 16Uiu2HAm7iP4jCEuUzj5BoF7uJjLCVjGSSdQ2dgSeHWKLvTp1aUr, listenAddrs: [/ip4/0.0.0.0/tcp/56317, /ip4/0.0.0.0/udp/58501/quic-v1], addrs: [/ip4/172.20.10.14/tcp/56317, /ip4/172.20.10.14/udp/58501/quic-v1], protocols: [/ipfs/id/1.0.0, /libp2p/autonat/1.0.0, /libp2p/circuit/relay/0.2.0/hop, /vac/waku/metadata/1.0.0, /mix/1.0.0, /logos/service-discovery/1.0.0, /vac/waku/relay/2.0.0, /vac/waku/rendezvous/1.0.0, /ipfs/ping/1.0.0, /vac/waku/lightpush/3.0.0, /vac/waku/lightpush/2.0.0-beta1, /vac/waku/filter-subscribe/2.0.0-beta1, /vac/waku/filter-push/2.0.0-beta1, /vac/waku/peer-exchange/2.0.0-alpha1], protoVersion: ipfs/0.1.0, agentVersion: logos-delivery-v0.39.0-gca2814)"
[2026-10-04 13:19:17.397] [out] [delivery_module] DBG 2026-10-04 13:19:17.397+02:00 Dialing failed                             topics="libp2p dialer" tid=4807406 description="quic dial timed out after 3s" peerId=16U*pJJk4V address=/ip4/172.20.10.14/udp/51325/quic-v1 hostname=172.20.10.14
[2026-10-04 13:19:17.397] [out] [delivery_module] DBG 2026-10-04 13:19:17.397+02:00 Expanded address and hostname              topics="libp2p dialer" tid=4807406 expandedAddress=/ip4/172.20.10.14/tcp/60486 hostname=172.20.10.14 resolvedAddresses="[/ip4/172.20.10.14/tcp/60486]"
[2026-10-04 13:19:17.397] [out] [delivery_module] DBG 2026-10-04 13:19:17.397+02:00 Dialing failed                             topics="libp2p dialer" tid=4807406 description="TcpTransport dial error: (61) Connection refused" peerId=16U*pJJk4V address=/ip4/172.20.10.14/tcp/60486 hostname=172.20.10.14
[2026-10-04 13:19:17.397] [out] [delivery_module] DBG 2026-10-04 13:19:17.397+02:00 Dialing peer                               topics="libp2p dialer" tid=4807406 peerId=16U*pJJk4V addrs="[/ip4/172.20.10.14/udp/51325/quic-v1, /ip4/172.20.10.14/tcp/60486]"
[2026-10-04 13:19:17.398] [out] [delivery_module] DBG 2026-10-04 13:19:17.398+02:00 Expanded address and hostname              topics="libp2p dialer" tid=4807406 expandedAddress=/ip4/172.20.10.14/udp/51325/quic-v1 hostname=172.20.10.14 resolvedAddresses="[/ip4/172.20.10.14/udp/51325/quic-v1]"
[2026-10-04 13:19:17.398] [out] [delivery_module] DBG 2026-10-04 13:19:17.398+02:00 New connection established: client         tid=4807406
[2026-10-04 13:19:17.400] [out] [delivery_module] DBG 2026-10-04 13:19:17.400+02:00 Dialing failed                             topics="libp2p dialer" tid=4807406 description="quic dial timed out after 3s" peerId=16U*P6Hipt address=/ip4/172.20.10.14/udp/52573/quic-v1 hostname=172.20.10.14
[2026-10-04 13:19:17.400] [out] [delivery_module] DBG 2026-10-04 13:19:17.400+02:00 Expanded address and hostname              topics="libp2p dialer" tid=4807406 expandedAddress=/ip4/172.20.10.14/tcp/57390 hostname=172.20.10.14 resolvedAddresses="[/ip4/172.20.10.14/tcp/57390]"
[2026-10-04 13:19:17.400] [out] [delivery_module] DBG 2026-10-04 13:19:17.400+02:00 Dialing failed                             topics="libp2p dialer" tid=4807406 description="TcpTransport dial error: (61) Connection refused" peerId=16U*P6Hipt address=/ip4/172.20.10.14/tcp/57390 hostname=172.20.10.14
[2026-10-04 13:19:17.400] [out] [delivery_module] DBG 2026-10-04 13:19:17.400+02:00 Dialing failed                             topics="libp2p dialer" tid=4807406 description="quic dial timed out after 3s" peerId=16U*EivbVz address=/ip4/172.20.10.14/udp/63966/quic-v1 hostname=172.20.10.14
[2026-10-04 13:19:17.400] [out] [delivery_module] DBG 2026-10-04 13:19:17.400+02:00 Expanded address and hostname              topics="libp2p dialer" tid=4807406 expandedAddress=/ip4/172.20.10.14/tcp/60485 hostname=172.20.10.14 resolvedAddresses="[/ip4/172.20.10.14/tcp/60485]"
[2026-10-04 13:19:17.401] [out] [delivery_module] DBG 2026-10-04 13:19:17.401+02:00 Dialing peer                               topics="libp2p dialer" tid=4807406 peerId=16U*P6Hipt addrs="[/ip4/172.20.10.14/udp/52573/quic-v1, /ip4/172.20.10.14/tcp/57390]"
[2026-10-04 13:19:17.401] [out] [delivery_module] DBG 2026-10-04 13:19:17.401+02:00 Expanded address and hostname              topics="libp2p dialer" tid=4807406 expandedAddress=/ip4/172.20.10.14/udp/52573/quic-v1 hostname=172.20.10.14 resolvedAddresses="[/ip4/172.20.10.14/udp/52573/quic-v1]"
[2026-10-04 13:19:17.401] [out] [delivery_module] DBG 2026-10-04 13:19:17.401+02:00 New connection established: client         tid=4807406
[2026-10-04 13:19:17.401] [out] [delivery_module] DBG 2026-10-04 13:19:17.401+02:00 Dialing failed                             topics="libp2p dialer" tid=4807406 description="TcpTransport dial error: (61) Connection refused" peerId=16U*EivbVz address=/ip4/172.20.10.14/tcp/60485 hostname=172.20.10.14
[2026-10-04 13:19:17.401] [out] [delivery_module] DBG 2026-10-04 13:19:17.401+02:00 Dialing peer                               topics="libp2p dialer" tid=4807406 peerId=16U*EivbVz addrs="[/ip4/172.20.10.14/udp/63966/quic-v1, /ip4/172.20.10.14/tcp/60485]"
[2026-10-04 13:19:17.401] [out] [delivery_module] DBG 2026-10-04 13:19:17.401+02:00 Expanded address and hostname              topics="libp2p dialer" tid=4807406 expandedAddress=/ip4/172.20.10.14/udp/63966/quic-v1 hostname=172.20.10.14 resolvedAddresses="[/ip4/172.20.10.14/udp/63966/quic-v1]"
[2026-10-04 13:19:17.401] [out] [delivery_module] DBG 2026-10-04 13:19:17.401+02:00 New connection established: client         tid=4807406
[2026-10-04 13:19:17.640] [out] [delivery_module] DBG 2026-10-04 13:19:17.640+02:00 Dial successful                            topics="libp2p dialer" tid=4807406 peerId=16U*oN8hgK
[2026-10-04 13:19:17.640] [out] [delivery_module] DBG 2026-10-04 13:19:17.640+02:00 starting sendNonHighPriorityTask           topics="libp2p pubsubpeer" tid=4807406 p=16U*oN8hgK
[2026-10-04 13:19:17.640] [out] [delivery_module] DBG 2026-10-04 13:19:17.640+02:00 created new pubsub peer                    topics="libp2p pubsub" tid=4807406 peerId=16U*oN8hgK
[2026-10-04 13:19:17.640] [out] [delivery_module] DBG 2026-10-04 13:19:17.640+02:00 no listener registered                     tid=4807409 event=onConnectionChange
[2026-10-04 13:19:17.642] [out] [delivery_module] DBG 2026-10-04 13:19:17.642+02:00 calculateConnectionState                   tid=4807406 relayCount=7 storeClientCount=6 lightpushCount=7 filterCount=7
[2026-10-04 13:19:17.642] [out] [delivery_module] DBG 2026-10-04 13:19:17.642+02:00 Incoming WakuRelay connection              topics="waku relay" tid=4807406 connection=16U*oN8hgK:6ac2363595f494e68e9b0476 protocol=/vac/waku/relay/2.0.0
[2026-10-04 13:19:17.642] [out] [delivery_module] DBG 2026-10-04 13:19:17.642+02:00 starting pubsub read loop                  topics="libp2p pubsubpeer" tid=4807406 stream=16U*oN8hgK:6ac2363595f494e68e9b0476 peer=16U*oN8hgK closed=false
[2026-10-04 13:19:17.642] [out] [delivery_module] DBG 2026-10-04 13:19:17.642+02:00 identify: info sent                        topics="libp2p identify" tid=4807406 stream=16U*oN8hgK:6ac2363595f494e68e9b0477 info="(peerId: 16Uiu2HAm7iP4jCEuUzj5BoF7uJjLCVjGSSdQ2dgSeHWKLvTp1aUr, listenAddrs: [/ip4/0.0.0.0/tcp/56317, /ip4/0.0.0.0/udp/58501/quic-v1], addrs: [/ip4/172.20.10.14/tcp/56317, /ip4/172.20.10.14/udp/58501/quic-v1], protocols: [/ipfs/id/1.0.0, /libp2p/autonat/1.0.0, /libp2p/circuit/relay/0.2.0/hop, /vac/waku/metadata/1.0.0, /mix/1.0.0, /logos/service-discovery/1.0.0, /vac/waku/relay/2.0.0, /vac/waku/rendezvous/1.0.0, /ipfs/ping/1.0.0, /vac/waku/lightpush/3.0.0, /vac/waku/lightpush/2.0.0-beta1, /vac/waku/filter-subscribe/2.0.0-beta1, /vac/waku/filter-push/2.0.0-beta1, /vac/waku/peer-exchange/2.0.0-alpha1], protoVersion: ipfs/0.1.0, agentVersion: logos-delivery-v0.39.0-gca2814)"
[2026-10-04 13:19:18.132] [out] [delivery_module] DBG 2026-10-04 13:19:18.132+02:00 adverts found                              topics="service-disco discoverer" tid=4807406 serviceId=key:913B5C5DBE691438693215140388EC0C7DE80DE328BDE5BD7FC06F90568CEA40 remote=16U*NSkuby count=1
[2026-10-04 13:19:18.152] [out] [delivery_module] DBG 2026-10-04 13:19:18.152+02:00 adverts found                              topics="service-disco discoverer" tid=4807406 serviceId=key:E6738033B5D413D13CF58622CEB4EF8F392E8D4EB073B56A5486CB0431B2F5D8 remote=16U*NSkuby count=3
[2026-10-04 13:19:18.156] [out] [delivery_module] DBG 2026-10-04 13:19:18.156+02:00 identify: info received                    topics="libp2p identify" tid=4807406 stream=16U*iSrhve:6ac2363495f494e68e9b0473 pubkey=ok(sec...2232)) addresses=/ip4/173.42.114.210/tcp/37795 protocols=/ipfs/id/1.0.0,/libp2p/autonat/1.0.0,/libp2p/circuit/relay/0.2.0/hop,/vac/waku/metadata/1.0.0,/logos/service-discovery/1.0.0,/vac/waku/relay/2.0.0,/vac/waku/rendezvous/1.0.0,/ipfs/ping/1.0.0,/vac/waku/lightpush/3.0.0,/vac/waku/lightpush/2.0.0-beta1,/vac/waku/filter-subscribe/2.0.0-beta1,/vac/waku/filter-push/2.0.0-beta1,/vac/waku/peer-exchange/2.0.0-alpha1 observable_address=ok(/ip4/109.41.112.89/tcp/44647) proto_version=ipfs/0.1.0 agent_version=logos-delivery-v0.39.0-gca2814 signedPeerRecord=None
[2026-10-04 13:19:18.156] [out] [delivery_module] DBG 2026-10-04 13:19:18.156+02:00 starting pubsub read loop                  topics="libp2p pubsubpeer" tid=4807406 stream=16U*iSrhve:6ac2363495f494e68e9b0472 peer=16U*iSrhve closed=false
[2026-10-04 13:19:18.156] [out] [delivery_module] DBG 2026-10-04 13:19:18.156+02:00 Event identified                           topics="waku node peer_manager" tid=4807406 peerId=16U*iSrhve
[2026-10-04 13:19:18.156] [out] [delivery_module] DBG 2026-10-04 13:19:18.156+02:00 no listener registered                     tid=4807409 event=onConnectionChange
[2026-10-04 13:19:18.158] [out] [delivery_module] DBG 2026-10-04 13:19:18.158+02:00 calculateConnectionState                   tid=4807406 relayCount=7 storeClientCount=6 lightpushCount=8 filterCount=8
[2026-10-04 13:19:18.161] [out] [delivery_module] DBG 2026-10-04 13:19:18.161+02:00 Kad lookup: RPC error                      topics="kad-dht find" tid=4807406 peer=16U*EyjWVs msg="dialStage: timed out dialing the peer"
[2026-10-04 13:19:18.161] [out] [delivery_module] DBG 2026-10-04 13:19:18.161+02:00 Kad lookup: RPC error                      topics="kad-dht find" tid=4807406 peer=16U*bERhF5 msg="dialStage: timed out dialing the peer"
[2026-10-04 13:19:18.161] [out] [delivery_module] DBG 2026-10-04 13:19:18.161+02:00 Kad lookup: RPC error                      topics="kad-dht find" tid=4807406 peer=16U*FMCSLG msg="dialStage: timed out dialing the peer"
[2026-10-04 13:19:18.217] [out] [delivery_module] DBG 2026-10-04 13:19:18.217+02:00 adverts found                              topics="service-disco discoverer" tid=4807406 serviceId=key:913B5C5DBE691438693215140388EC0C7DE80DE328BDE5BD7FC06F90568CEA40 remote=16U*TwqBiH count=3
[2026-10-04 13:19:18.224] [out] [delivery_module] DBG 2026-10-04 13:19:18.224+02:00 getting adverts                            topics="service-disco discoverer" tid=4807406 serviceId=key:913B5C5DBE691438693215140388EC0C7DE80DE328BDE5BD7FC06F90568CEA40 registrar=16U*VpJprH
[2026-10-04 13:19:18.224] [out] [delivery_module] DBG 2026-10-04 13:19:18.224+02:00 getting adverts                            topics="service-disco discoverer" tid=4807406 serviceId=key:913B5C5DBE691438693215140388EC0C7DE80DE328BDE5BD7FC06F90568CEA40 registrar=16U*T3UNSE
[2026-10-04 13:19:18.224] [out] [delivery_module] DBG 2026-10-04 13:19:18.224+02:00 getting adverts                            topics="service-disco discoverer" tid=4807406 serviceId=key:913B5C5DBE691438693215140388EC0C7DE80DE328BDE5BD7FC06F90568CEA40 registrar=16U*P1S397
[2026-10-04 13:19:18.225] [out] [delivery_module] DBG 2026-10-04 13:19:18.224+02:00 adverts found                              topics="service-disco discoverer" tid=4807406 serviceId=key:E6738033B5D413D13CF58622CEB4EF8F392E8D4EB073B56A5486CB0431B2F5D8 remote=16U*TwqBiH count=3
[2026-10-04 13:19:18.226] [out] [delivery_module] DBG 2026-10-04 13:19:18.226+02:00 getting adverts                            topics="service-disco discoverer" tid=4807406 serviceId=key:E6738033B5D413D13CF58622CEB4EF8F392E8D4EB073B56A5486CB0431B2F5D8 registrar=16U*kGyuEP
[2026-10-04 13:19:18.260] [out] [delivery_module] DBG 2026-10-04 13:19:18.260+02:00 calculateConnectionState                   tid=4807406 relayCount=8 storeClientCount=6 lightpushCount=8 filterCount=8
[2026-10-04 13:19:18.419] [out] [delivery_module] DBG 2026-10-04 13:19:18.419+02:00 identify: info received                    topics="libp2p identify" tid=4807406 stream=16U*oN8hgK:6ac2363595f494e68e9b0479 pubkey=ok(sec...8d24)) addresses=/ip4/173.42.114.210/tcp/45583 protocols=/ipfs/id/1.0.0,/libp2p/autonat/1.0.0,/libp2p/circuit/relay/0.2.0/hop,/vac/waku/metadata/1.0.0,/logos/service-discovery/1.0.0,/vac/waku/relay/2.0.0,/vac/waku/rendezvous/1.0.0,/ipfs/ping/1.0.0,/vac/waku/lightpush/3.0.0,/vac/waku/lightpush/2.0.0-beta1,/vac/waku/filter-subscribe/2.0.0-beta1,/vac/waku/filter-push/2.0.0-beta1,/vac/waku/peer-exchange/2.0.0-alpha1 observable_address=ok(/ip4/109.41.112.89/tcp/38197) proto_version=ipfs/0.1.0 agent_version=logos-delivery-v0.39.0-gca2814 signedPeerRecord=None
[2026-10-04 13:19:18.421] [out] [delivery_module] DBG 2026-10-04 13:19:18.421+02:00 calculateConnectionState                   tid=4807406 relayCount=9 storeClientCount=6 lightpushCount=9 filterCount=9
[2026-10-04 13:19:18.421] [out] [delivery_module] DBG 2026-10-04 13:19:18.421+02:00 starting pubsub read loop                  topics="libp2p pubsubpeer" tid=4807406 stream=16U*oN8hgK:6ac2363595f494e68e9b0478 peer=16U*oN8hgK closed=false
[2026-10-04 13:19:18.421] [out] [delivery_module] DBG 2026-10-04 13:19:18.421+02:00 Event identified                           topics="waku node peer_manager" tid=4807406 peerId=16U*oN8hgK
[2026-10-04 13:19:18.422] [out] [delivery_module] DBG 2026-10-04 13:19:18.421+02:00 no listener registered                     tid=4807409 event=onConnectionChange
[2026-10-04 13:19:18.523] [out] [delivery_module] DBG 2026-10-04 13:19:18.523+02:00 calculateConnectionState                   tid=4807406 relayCount=9 storeClientCount=6 lightpushCount=9 filterCount=9
[2026-10-04 13:19:18.626] [out] [delivery_module] DBG 2026-10-04 13:19:18.626+02:00 calculateConnectionState                   tid=4807406 relayCount=9 storeClientCount=6 lightpushCount=9 filterCount=9
[2026-10-04 13:19:18.715] [out] [delivery_module] DBG 2026-10-04 13:19:18.715+02:00 Received WakuMetadata request              topics="waku metadata" tid=4807406 remoteClusterId=ok(3) remoteShards="[5, 0, 2, 1, 4, 7, 3, 6]" localClusterId=3 localShards="[5, 0, 2, 1, 4, 7, 3, 6]" peer=16U*iSrhve
[2026-10-04 13:19:18.987] [out] [delivery_module] DBG 2026-10-04 13:19:18.987+02:00 adverts found                              topics="service-disco discoverer" tid=4807406 serviceId=key:913B5C5DBE691438693215140388EC0C7DE80DE328BDE5BD7FC06F90568CEA40 remote=16U*VpJprH count=4
[2026-10-04 13:19:19.024] [out] [delivery_module] DBG 2026-10-04 13:19:19.024+02:00 Received WakuMetadata request              topics="waku metadata" tid=4807406 remoteClusterId=ok(3) remoteShards="[5, 0, 2, 1, 4, 7, 3, 6]" localClusterId=3 localShards="[5, 0, 2, 1, 4, 7, 3, 6]" peer=16U*oN8hgK
[2026-10-04 13:19:19.146] [out] [delivery_module] DBG 2026-10-04 13:19:19.146+02:00 no listener registered                     tid=4807409 event=onConnectionChange
[2026-10-04 13:19:19.148] [out] [delivery_module] DBG 2026-10-04 13:19:19.148+02:00 calculateConnectionState                   tid=4807406 relayCount=9 storeClientCount=6 lightpushCount=9 filterCount=9
[2026-10-04 13:19:19.355] [out] [delivery_module] DBG 2026-10-04 13:19:19.355+02:00 adverts found                              topics="service-disco discoverer" tid=4807406 serviceId=key:913B5C5DBE691438693215140388EC0C7DE80DE328BDE5BD7FC06F90568CEA40 remote=16U*P1S397 count=5
[2026-10-04 13:19:19.540] [out] [delivery_module] DBG 2026-10-04 13:19:19.540+02:00 adverts found                              topics="service-disco discoverer" tid=4807406 serviceId=key:E6738033B5D413D13CF58622CEB4EF8F392E8D4EB073B56A5486CB0431B2F5D8 remote=16U*kGyuEP count=4
[2026-10-04 13:19:19.541] [out] [delivery_module] DBG 2026-10-04 13:19:19.541+02:00 getting adverts                            topics="service-disco discoverer" tid=4807406 serviceId=key:E6738033B5D413D13CF58622CEB4EF8F392E8D4EB073B56A5486CB0431B2F5D8 registrar=16U*VpJprH
[2026-10-04 13:19:19.548] [out] [delivery_module] DBG 2026-10-04 13:19:19.548+02:00 no listener registered                     tid=4807409 event=onConnectionChange
[2026-10-04 13:19:19.550] [out] [delivery_module] DBG 2026-10-04 13:19:19.550+02:00 calculateConnectionState                   tid=4807406 relayCount=9 storeClientCount=6 lightpushCount=9 filterCount=9
[2026-10-04 13:19:19.577] [out] [delivery_module] DBG 2026-10-04 13:19:19.577+02:00 Lookup query                               topics="kad-dht find" tid=4807406 peer=16U*CtL71W
[2026-10-04 13:19:19.577] [out] [delivery_module] DBG 2026-10-04 13:19:19.577+02:00 Lookup query                               topics="kad-dht find" tid=4807406 peer=16U*kGyuEP
[2026-10-04 13:19:19.931] [out] [delivery_module] DBG 2026-10-04 13:19:19.931+02:00 MixSendProcessor.sendImpl failed           topics="send service mix processor" tid=4807406 error="No peers for topic, skipping publish"
[2026-10-04 13:19:20.188] [out] [delivery_module] DBG 2026-10-04 13:19:20.188+02:00 adverts found                              topics="service-disco discoverer" tid=4807406 serviceId=key:E6738033B5D413D13CF58622CEB4EF8F392E8D4EB073B56A5486CB0431B2F5D8 remote=16U*VpJprH count=7
[2026-10-04 13:19:20.192] [out] [delivery_module] DBG 2026-10-04 13:19:20.192+02:00 getting adverts                            topics="service-disco discoverer" tid=4807406 serviceId=key:E6738033B5D413D13CF58622CEB4EF8F392E8D4EB073B56A5486CB0431B2F5D8 registrar=16U*P1S397
[2026-10-04 13:19:20.192] [out] [delivery_module] DBG 2026-10-04 13:19:20.192+02:00 getting adverts                            topics="service-disco discoverer" tid=4807406 serviceId=key:E6738033B5D413D13CF58622CEB4EF8F392E8D4EB073B56A5486CB0431B2F5D8 registrar=16U*T3UNSE
[2026-10-04 13:19:20.372] [out] [delivery_module] DBG 2026-10-04 13:19:20.372+02:00 Lookup query                               topics="kad-dht find" tid=4807406 peer=16U*kGyuEP
[2026-10-04 13:19:20.372] [out] [delivery_module] DBG 2026-10-04 13:19:20.372+02:00 Lookup query                               topics="kad-dht find" tid=4807406 peer=16U*VpJprH
[2026-10-04 13:19:20.372] [out] [delivery_module] DBG 2026-10-04 13:19:20.372+02:00 Lookup query                               topics="kad-dht find" tid=4807406 peer=16U*T3UNSE
[2026-10-04 13:19:20.372] [out] [delivery_module] DBG 2026-10-04 13:19:20.372+02:00 Lookup query                               topics="kad-dht find" tid=4807406 peer=16U*P1S397
[2026-10-04 13:19:20.372] [out] [delivery_module] DBG 2026-10-04 13:19:20.372+02:00 Lookup query                               topics="kad-dht find" tid=4807406 peer=16U*CtL71W
[2026-10-04 13:19:20.372] [out] [delivery_module] DBG 2026-10-04 13:19:20.372+02:00 Lookup query                               topics="kad-dht find" tid=4807406 peer=16U*TwqBiH
[2026-10-04 13:19:20.372] [out] [delivery_module] DBG 2026-10-04 13:19:20.372+02:00 Lookup query                               topics="kad-dht find" tid=4807406 peer=16U*NSkuby
[2026-10-04 13:19:20.372] [out] [delivery_module] DBG 2026-10-04 13:19:20.372+02:00 Lookup query                               topics="kad-dht find" tid=4807406 peer=16U*CtL71W
[2026-10-04 13:19:20.372] [out] [delivery_module] DBG 2026-10-04 13:19:20.372+02:00 Lookup query                               topics="kad-dht find" tid=4807406 peer=16U*TwqBiH
[2026-10-04 13:19:20.372] [out] [delivery_module] DBG 2026-10-04 13:19:20.372+02:00 Lookup query                               topics="kad-dht find" tid=4807406 peer=16U*NSkuby
[2026-10-04 13:19:20.372] [out] [delivery_module] DBG 2026-10-04 13:19:20.372+02:00 Lookup query                               topics="kad-dht find" tid=4807406 peer=16U*kGyuEP
[2026-10-04 13:19:20.372] [out] [delivery_module] DBG 2026-10-04 13:19:20.372+02:00 Lookup query                               topics="kad-dht find" tid=4807406 peer=16U*VpJprH
[2026-10-04 13:19:20.373] [out] [delivery_module] DBG 2026-10-04 13:19:20.372+02:00 Lookup query                               topics="kad-dht find" tid=4807406 peer=16U*P1S397
[2026-10-04 13:19:20.373] [out] [delivery_module] DBG 2026-10-04 13:19:20.373+02:00 Lookup query                               topics="kad-dht find" tid=4807406 peer=16U*T3UNSE
[2026-10-04 13:19:20.373] [out] [delivery_module] DBG 2026-10-04 13:19:20.373+02:00 Lookup query                               topics="kad-dht find" tid=4807406 peer=16U*NSkuby
[2026-10-04 13:19:20.373] [out] [delivery_module] DBG 2026-10-04 13:19:20.373+02:00 Lookup query                               topics="kad-dht find" tid=4807406 peer=16U*CtL71W
[2026-10-04 13:19:20.373] [out] [delivery_module] DBG 2026-10-04 13:19:20.373+02:00 Lookup query                               topics="kad-dht find" tid=4807406 peer=16U*TwqBiH
[2026-10-04 13:19:20.373] [out] [delivery_module] DBG 2026-10-04 13:19:20.373+02:00 Lookup query                               topics="kad-dht find" tid=4807406 peer=16U*VpJprH
[2026-10-04 13:19:20.373] [out] [delivery_module] DBG 2026-10-04 13:19:20.373+02:00 Lookup query                               topics="kad-dht find" tid=4807406 peer=16U*T3UNSE
[2026-10-04 13:19:20.373] [out] [delivery_module] DBG 2026-10-04 13:19:20.373+02:00 Lookup query                               topics="kad-dht find" tid=4807406 peer=16U*P1S397
[2026-10-04 13:19:20.373] [out] [delivery_module] DBG 2026-10-04 13:19:20.373+02:00 Lookup query                               topics="kad-dht find" tid=4807406 peer=16U*kGyuEP
[2026-10-04 13:19:20.400] [out] [delivery_module] DBG 2026-10-04 13:19:20.400+02:00 Dialing failed                             topics="libp2p dialer" tid=4807406 description="quic dial timed out after 3s" peerId=16U*pJJk4V address=/ip4/172.20.10.14/udp/51325/quic-v1 hostname=172.20.10.14
[2026-10-04 13:19:20.400] [out] [delivery_module] DBG 2026-10-04 13:19:20.400+02:00 Expanded address and hostname              topics="libp2p dialer" tid=4807406 expandedAddress=/ip4/172.20.10.14/tcp/60486 hostname=172.20.10.14 resolvedAddresses="[/ip4/172.20.10.14/tcp/60486]"
[2026-10-04 13:19:20.400] [out] [delivery_module] DBG 2026-10-04 13:19:20.400+02:00 Dialing failed                             topics="libp2p dialer" tid=4807406 description="TcpTransport dial error: (61) Connection refused" peerId=16U*pJJk4V address=/ip4/172.20.10.14/tcp/60486 hostname=172.20.10.14
[2026-10-04 13:19:20.400] [out] [delivery_module] DBG 2026-10-04 13:19:20.400+02:00 Error dialing                              topics="libp2p dialer" tid=4807406 conn=nil peerId=16U*pJJk4V protos="[/logos/service-discovery/1.0.0]" addrs="[/ip4/172.20.10.14/udp/51325/quic-v1, /ip4/172.20.10.14/tcp/60486]" description="Unable to establish outgoing link in establishConnection: peer_id=16U*pJJk4V addrs=@[/ip4/172.20.10.14/udp/51325/quic-v1, /ip4/172.20.10.14/tcp/60486]"
[2026-10-04 13:19:20.400] [out] [delivery_module] DBG 2026-10-04 13:19:20.400+02:00 Dialing peer                               topics="libp2p dialer" tid=4807406 peerId=16U*pJJk4V addrs="[/ip4/172.20.10.14/udp/51325/quic-v1, /ip4/172.20.10.14/tcp/60486]"
[2026-10-04 13:19:20.400] [out] [delivery_module] DBG 2026-10-04 13:19:20.400+02:00 Expanded address and hostname              topics="libp2p dialer" tid=4807406 expandedAddress=/ip4/172.20.10.14/udp/51325/quic-v1 hostname=172.20.10.14 resolvedAddresses="[/ip4/172.20.10.14/udp/51325/quic-v1]"
[2026-10-04 13:19:20.400] [out] [delivery_module] DBG 2026-10-04 13:19:20.400+02:00 New connection established: client         tid=4807406
[2026-10-04 13:19:20.402] [out] [delivery_module] DBG 2026-10-04 13:19:20.402+02:00 Dialing failed                             topics="libp2p dialer" tid=4807406 description="quic dial timed out after 3s" peerId=16U*P6Hipt address=/ip4/172.20.10.14/udp/52573/quic-v1 hostname=172.20.10.14
[2026-10-04 13:19:20.402] [out] [delivery_module] DBG 2026-10-04 13:19:20.402+02:00 Dialing failed                             topics="libp2p dialer" tid=4807406 description="quic dial timed out after 3s" peerId=16U*EivbVz address=/ip4/172.20.10.14/udp/63966/quic-v1 hostname=172.20.10.14
[2026-10-04 13:19:20.402] [out] [delivery_module] DBG 2026-10-04 13:19:20.402+02:00 Expanded address and hostname              topics="libp2p dialer" tid=4807406 expandedAddress=/ip4/172.20.10.14/tcp/57390 hostname=172.20.10.14 resolvedAddresses="[/ip4/172.20.10.14/tcp/57390]"
[2026-10-04 13:19:20.402] [out] [delivery_module] DBG 2026-10-04 13:19:20.402+02:00 Expanded address and hostname              topics="libp2p dialer" tid=4807406 expandedAddress=/ip4/172.20.10.14/tcp/60485 hostname=172.20.10.14 resolvedAddresses="[/ip4/172.20.10.14/tcp/60485]"
[2026-10-04 13:19:20.403] [out] [delivery_module] DBG 2026-10-04 13:19:20.403+02:00 Dialing failed                             topics="libp2p dialer" tid=4807406 description="TcpTransport dial error: (61) Connection refused" peerId=16U*P6Hipt address=/ip4/172.20.10.14/tcp/57390 hostname=172.20.10.14
[2026-10-04 13:19:20.403] [out] [delivery_module] DBG 2026-10-04 13:19:20.403+02:00 Dialing failed                             topics="libp2p dialer" tid=4807406 description="TcpTransport dial error: (61) Connection refused" peerId=16U*EivbVz address=/ip4/172.20.10.14/tcp/60485 hostname=172.20.10.14
[2026-10-04 13:19:20.403] [out] [delivery_module] DBG 2026-10-04 13:19:20.403+02:00 Error dialing                              topics="libp2p dialer" tid=4807406 conn=nil peerId=16U*P6Hipt protos="[/logos/service-discovery/1.0.0]" addrs="[/ip4/172.20.10.14/udp/52573/quic-v1, /ip4/172.20.10.14/tcp/57390]" description="Unable to establish outgoing link in establishConnection: peer_id=16U*P6Hipt addrs=@[/ip4/172.20.10.14/udp/52573/quic-v1, /ip4/172.20.10.14/tcp/57390]"
[2026-10-04 13:19:20.403] [out] [delivery_module] DBG 2026-10-04 13:19:20.403+02:00 Dialing peer                               topics="libp2p dialer" tid=4807406 peerId=16U*P6Hipt addrs="[/ip4/172.20.10.14/udp/52573/quic-v1, /ip4/172.20.10.14/tcp/57390]"
[2026-10-04 13:19:20.403] [out] [delivery_module] DBG 2026-10-04 13:19:20.403+02:00 Expanded address and hostname              topics="libp2p dialer" tid=4807406 expandedAddress=/ip4/172.20.10.14/udp/52573/quic-v1 hostname=172.20.10.14 resolvedAddresses="[/ip4/172.20.10.14/udp/52573/quic-v1]"
[2026-10-04 13:19:20.403] [out] [delivery_module] DBG 2026-10-04 13:19:20.403+02:00 New connection established: client         tid=4807406
[2026-10-04 13:19:20.403] [out] [delivery_module] DBG 2026-10-04 13:19:20.403+02:00 Error dialing                              topics="libp2p dialer" tid=4807406 conn=nil peerId=16U*EivbVz protos="[/logos/service-discovery/1.0.0]" addrs="[/ip4/172.20.10.14/udp/63966/quic-v1, /ip4/172.20.10.14/tcp/60485]" description="Unable to establish outgoing link in establishConnection: peer_id=16U*EivbVz addrs=@[/ip4/172.20.10.14/udp/63966/quic-v1, /ip4/172.20.10.14/tcp/60485]"
[2026-10-04 13:19:20.403] [out] [delivery_module] DBG 2026-10-04 13:19:20.403+02:00 Dialing peer                               topics="libp2p dialer" tid=4807406 peerId=16U*EivbVz addrs="[/ip4/172.20.10.14/udp/63966/quic-v1, /ip4/172.20.10.14/tcp/60485]"
[2026-10-04 13:19:20.403] [out] [delivery_module] DBG 2026-10-04 13:19:20.403+02:00 Expanded address and hostname              topics="libp2p dialer" tid=4807406 expandedAddress=/ip4/172.20.10.14/udp/63966/quic-v1 hostname=172.20.10.14 resolvedAddresses="[/ip4/172.20.10.14/udp/63966/quic-v1]"
[2026-10-04 13:19:20.403] [out] [delivery_module] DBG 2026-10-04 13:19:20.403+02:00 New connection established: client         tid=4807406
[2026-10-04 13:19:20.673] [out] [delivery_module] DBG 2026-10-04 13:19:20.673+02:00 Lookup query                               topics="kad-dht find" tid=4807406 peer=16U*CtL71W
[2026-10-04 13:19:20.675] [out] [delivery_module] DBG 2026-10-04 13:19:20.675+02:00 Local table insertion                      tid=4807406 key=key:00250802122102B693FDB98739C8AF42B3C1F5D20EA77B5EB79688E93F98AC6E74D1D393961EE3 value=key:0A250802122102B693FDB98739C8AF42B3C1F5D20EA77B5EB79688E93F98AC6E74D1D393961EE3120203011A480A2700250802122102B693FDB98739C8AF42B3C1F5D20EA77B5EB79688E93F98AC6E74D1D393961EE310E9E6061A0A0A0804AC140A0E06DBFD1A0D0A0B04AC140A0E9102E485CD032A46304402202DF5D4BC7A54855522A58D5134A5B494797C234143761F7E6743CCE842E066830220440D078C1A19653C643E77DA3CC07ACDD7136D672F46CB76635FBC7AC6FEDD6E
[2026-10-04 13:19:20.676] [out] [delivery_module] DBG 2026-10-04 13:19:20.676+02:00 Got PutValue reply                         topics="kad-dht put" tid=4807406 msg="(msgType: ok(putValue), key: ok(@[0, 37, 8, 2, 18, 33, 2, 182, 147, 253, 185, 135, 57, 200, 175, 66, 179, 193, 245, 210, 14, 167, 123, 94, 183, 150, 136, 233, 63, 152, 172, 110, 116, 209, 211, 147, 150, 30, 227]), record: ok((key: ok(@[0, 37, 8, 2, 18, 33, 2, 182, 147, 253, 185, 135, 57, 200, 175, 66, 179, 193, 245, 210, 14, 167, 123, 94, 183, 150, 136, 233, 63, 152, 172, 110, 116, 209, 211, 147, 150, 30, 227]), value: ok(@[10, 37, 8, 2, 18, 33, 2, 182, 147, 253, 185, 135, 57, 200, 175, 66, 179, 193, 245, 210, 14, 167, 123, 94, 183, 150, 136, 233, 63, 152, 172, 110, 116, 209, 211, 147, 150, 30, 227, 18, 2, 3, 1, 26, 72, 10, 39, 0, 37, 8, 2, 18, 33, 2, 182, 147, 253, 185, 135, 57, 200, 175, 66, 179, 193, 245, 210, 14, 167, 123, 94, 183, 150, 136, 233, 63, 152, 172, 110, 116, 209, 211, 147, 150, 30, 227, 16, 233, 230, 6, 26, 10, 10, 8, 4, 172, 20, 10, 14, 6, 219, 253, 26, 13, 10, 11, 4, 172, 20, 10, 14, 145, 2, 228, 133, 205, 3, 42, 70, 48, 68, 2, 32, 45, 245, 212, 188, 122, 84, 133, 85, 34, 165, 141, 81, 52, 165, 180, 148, 121, 124, 35, 65, 67, 118, 31, 126, 103, 67, 204, 232, 66, 224, 102, 131, 2, 32, 68, 13, 7, 140, 26, 25, 101, 60, 100, 62, 119, 218, 60, 192, 122, 205, 215, 19, 109, 103, 47, 70, 203, 118, 99, 95, 188, 122, 198, 254, 221, 110]), timeReceived: none())), closerPeers: [], providerPeers: [], providerStatus: none(), register: none(), getAds: none())" reply="(msgType: ok(putValue), key: ok(@[0, 37, 8, 2, 18, 33, 2, 182, 147, 253, 185, 135, 57, 200, 175, 66, 179, 193, 245, 210, 14, 167, 123, 94, 183, 150, 136, 233, 63, 152, 172, 110, 116, 209, 211, 147, 150, 30, 227]), record: ok((key: ok(@[0, 37, 8, 2, 18, 33, 2, 182, 147, 253, 185, 135, 57, 200, 175, 66, 179, 193, 245, 210, 14, 167, 123, 94, 183, 150, 136, 233, 63, 152, 172, 110, 116, 209, 211, 147, 150, 30, 227]), value: ok(@[10, 37, 8, 2, 18, 33, 2, 182, 147, 253, 185, 135, 57, 200, 175, 66, 179, 193, 245, 210, 14, 167, 123, 94, 183, 150, 136, 233, 63, 152, 172, 110, 116, 209, 211, 147, 150, 30, 227, 18, 2, 3, 1, 26, 72, 10, 39, 0, 37, 8, 2, 18, 33, 2, 182, 147, 253, 185, 135, 57, 200, 175, 66, 179, 193, 245, 210, 14, 167, 123, 94, 183, 150, 136, 233, 63, 152, 172, 110, 116, 209, 211, 147, 150, 30, 227, 16, 233, 230, 6, 26, 10, 10, 8, 4, 172, 20, 10, 14, 6, 219, 253, 26, 13, 10, 11, 4, 172, 20, 10, 14, 145, 2, 228, 133, 205, 3, 42, 70, 48, 68, 2, 32, 45, 245, 212, 188, 122, 84, 133, 85, 34, 165, 141, 81, 52, 165, 180, 148, 121, 124, 35, 65, 67, 118, 31, 126, 103, 67, 204, 232, 66, 224, 102, 131, 2, 32, 68, 13, 7, 140, 26, 25, 101, 60, 100, 62, 119, 218, 60, 192, 122, 205, 215, 19, 109, 103, 47, 70, 203, 118, 99, 95, 188, 122, 198, 254, 221, 110]), timeReceived: none())), closerPeers: [], providerPeers: [], providerStatus: none(), register: none(), getAds: none())" peer=16U*CtL71W
[2026-10-04 13:19:20.691] [out] [delivery_module] DBG 2026-10-04 13:19:20.691+02:00 adverts found                              topics="service-disco discoverer" tid=4807406 serviceId=key:E6738033B5D413D13CF58622CEB4EF8F392E8D4EB073B56A5486CB0431B2F5D8 remote=16U*P1S397 count=8
[2026-10-04 13:19:20.877] [out] [delivery_module] DBG 2026-10-04 13:19:20.877+02:00 adverts found                              topics="service-disco discoverer" tid=4807406 serviceId=key:913B5C5DBE691438693215140388EC0C7DE80DE328BDE5BD7FC06F90568CEA40 remote=16U*T3UNSE count=4
[2026-10-04 13:19:20.878] [out] [delivery_module] DBG 2026-10-04 13:19:20.878+02:00 getting adverts                            topics="service-disco discoverer" tid=4807406 serviceId=key:913B5C5DBE691438693215140388EC0C7DE80DE328BDE5BD7FC06F90568CEA40 registrar=16U*kGyuEP
[2026-10-04 13:19:20.918] [out] [delivery_module] DBG 2026-10-04 13:19:20.918+02:00 Lookup query                               topics="kad-dht find" tid=4807406 peer=16U*TwqBiH
[2026-10-04 13:19:20.918] [out] [delivery_module] DBG 2026-10-04 13:19:20.918+02:00 Lookup query                               topics="kad-dht find" tid=4807406 peer=16U*CtL71W
[2026-10-04 13:19:20.918] [out] [delivery_module] DBG 2026-10-04 13:19:20.918+02:00 Lookup query                               topics="kad-dht find" tid=4807406 peer=16U*NSkuby
[2026-10-04 13:19:20.918] [out] [delivery_module] DBG 2026-10-04 13:19:20.918+02:00 Lookup query                               topics="kad-dht find" tid=4807406 peer=16U*kGyuEP
[2026-10-04 13:19:20.919] [out] [delivery_module] DBG 2026-10-04 13:19:20.918+02:00 Lookup query                               topics="kad-dht find" tid=4807406 peer=16U*VpJprH
[2026-10-04 13:19:20.919] [out] [delivery_module] DBG 2026-10-04 13:19:20.918+02:00 Lookup query                               topics="kad-dht find" tid=4807406 peer=16U*P1S397
[2026-10-04 13:19:20.919] [out] [delivery_module] DBG 2026-10-04 13:19:20.919+02:00 Lookup query                               topics="kad-dht find" tid=4807406 peer=16U*T3UNSE
[2026-10-04 13:19:20.919] [out] [delivery_module] DBG 2026-10-04 13:19:20.919+02:00 Lookup query                               topics="kad-dht find" tid=4807406 peer=16U*kGyuEP
[2026-10-04 13:19:20.919] [out] [delivery_module] DBG 2026-10-04 13:19:20.919+02:00 Lookup query                               topics="kad-dht find" tid=4807406 peer=16U*VpJprH
[2026-10-04 13:19:20.919] [out] [delivery_module] DBG 2026-10-04 13:19:20.919+02:00 Lookup query                               topics="kad-dht find" tid=4807406 peer=16U*P1S397
[2026-10-04 13:19:20.919] [out] [delivery_module] DBG 2026-10-04 13:19:20.919+02:00 Lookup query                               topics="kad-dht find" tid=4807406 peer=16U*T3UNSE
[2026-10-04 13:19:20.919] [out] [delivery_module] DBG 2026-10-04 13:19:20.919+02:00 Lookup query                               topics="kad-dht find" tid=4807406 peer=16U*CtL71W
[2026-10-04 13:19:20.919] [out] [delivery_module] DBG 2026-10-04 13:19:20.919+02:00 Lookup query                               topics="kad-dht find" tid=4807406 peer=16U*TwqBiH
[2026-10-04 13:19:20.919] [out] [delivery_module] DBG 2026-10-04 13:19:20.919+02:00 Lookup query                               topics="kad-dht find" tid=4807406 peer=16U*NSkuby
[2026-10-04 13:19:20.919] [out] [delivery_module] DBG 2026-10-04 13:19:20.919+02:00 Lookup query                               topics="kad-dht find" tid=4807406 peer=16U*VpJprH
[2026-10-04 13:19:20.919] [out] [delivery_module] DBG 2026-10-04 13:19:20.919+02:00 Lookup query                               topics="kad-dht find" tid=4807406 peer=16U*T3UNSE
[2026-10-04 13:19:20.919] [out] [delivery_module] DBG 2026-10-04 13:19:20.919+02:00 Lookup query                               topics="kad-dht find" tid=4807406 peer=16U*P1S397
[2026-10-04 13:19:20.919] [out] [delivery_module] DBG 2026-10-04 13:19:20.919+02:00 Lookup query                               topics="kad-dht find" tid=4807406 peer=16U*kGyuEP
[2026-10-04 13:19:20.920] [out] [delivery_module] DBG 2026-10-04 13:19:20.920+02:00 Lookup query                               topics="kad-dht find" tid=4807406 peer=16U*NSkuby
[2026-10-04 13:19:20.920] [out] [delivery_module] DBG 2026-10-04 13:19:20.920+02:00 Lookup query                               topics="kad-dht find" tid=4807406 peer=16U*CtL71W
[2026-10-04 13:19:20.920] [out] [delivery_module] DBG 2026-10-04 13:19:20.920+02:00 Lookup query                               topics="kad-dht find" tid=4807406 peer=16U*TwqBiH
[2026-10-04 13:19:20.920] [out] [delivery_module] DBG 2026-10-04 13:19:20.920+02:00 Lookup query                               topics="kad-dht find" tid=4807406 peer=16U*T3UNSE
[2026-10-04 13:19:20.920] [out] [delivery_module] DBG 2026-10-04 13:19:20.920+02:00 Lookup query                               topics="kad-dht find" tid=4807406 peer=16U*P1S397
[2026-10-04 13:19:20.920] [out] [delivery_module] DBG 2026-10-04 13:19:20.920+02:00 Lookup query                               topics="kad-dht find" tid=4807406 peer=16U*VpJprH
[2026-10-04 13:19:20.920] [out] [delivery_module] DBG 2026-10-04 13:19:20.920+02:00 Lookup query                               topics="kad-dht find" tid=4807406 peer=16U*kGyuEP
[2026-10-04 13:19:20.920] [out] [delivery_module] DBG 2026-10-04 13:19:20.920+02:00 Lookup query                               topics="kad-dht find" tid=4807406 peer=16U*NSkuby
[2026-10-04 13:19:20.920] [out] [delivery_module] DBG 2026-10-04 13:19:20.920+02:00 Lookup query                               topics="kad-dht find" tid=4807406 peer=16U*CtL71W
[2026-10-04 13:19:20.920] [out] [delivery_module] DBG 2026-10-04 13:19:20.920+02:00 Lookup query                               topics="kad-dht find" tid=4807406 peer=16U*TwqBiH
[2026-10-04 13:19:20.934] [out] [delivery_module] DBG 2026-10-04 13:19:20.934+02:00 Trying message delivery via Mix            topics="send service mix processor" tid=4807406 requestId=eae94d37387a23a82fd6 msgHash=0xc3c83ab18a81b8c0f848732a5b68faf90afbeb7f5ee967ed20683869803ff738 tryCount=3
[2026-10-04 13:19:20.935] [out] [delivery_module] DBG 2026-10-04 13:19:20.935+02:00 Publishing message without RLN proof       tid=4807406
[2026-10-04 13:19:20.935] [out] [delivery_module] DBG 2026-10-04 13:19:20.935+02:00 Publishing message with lightpush          topics="waku node lightpush api" tid=4807406 pubsubTopic=/waku/2/rs/3/7 contentTopic=/lp0026forum/1/general/text target_peer_id=16U*T3UNSE msg_hash=0xc3c83ab18a81b8c0f848732a5b68faf90afbeb7f5ee967ed20683869803ff738 mixify=true
[2026-10-04 13:19:20.935] [out] [delivery_module] DBG 2026-10-04 13:19:20.935+02:00 Publish                                    topics="waku lightpush client" tid=4807406 myPeerId=16U*Tp1aUr peerId= msgHash=0xc3c83ab18a81b8c0f848732a5b68faf90afbeb7f5ee967ed20683869803ff738 sentTime=1791112760935211008
[2026-10-04 13:19:20.935] [out] [delivery_module] DBG 2026-10-04 13:19:20.935+02:00 Destination data                           tid=4807406 destination=MixDestination[MixNode](16Uiu2HAkvwhGHKNry6LACrB8TmEFoCJKEX29XR5dDUzk3UT3UNSE)
[2026-10-04 13:19:20.935] [out] [delivery_module] DBG 2026-10-04 13:19:20.935+02:00 Selected mix node:                         tid=4807406 indexInPath=0 peerId=16U*NSkuby
[2026-10-04 13:19:20.935] [out] [delivery_module] DBG 2026-10-04 13:19:20.935+02:00 Selected mix node:                         tid=4807406 indexInPath=1 peerId=16U*P1S397
[2026-10-04 13:19:20.935] [out] [delivery_module] DBG 2026-10-04 13:19:20.935+02:00 Selected mix node:                         tid=4807406 indexInPath=2 peerId=16U*T3UNSE
[2026-10-04 13:19:20.935] [out] [delivery_module] DBG 2026-10-04 13:19:20.935+02:00 Selected mix node for surbs:               tid=4807406 indexInPath=0 peerId=16U*kGyuEP
[2026-10-04 13:19:20.935] [out] [delivery_module] DBG 2026-10-04 13:19:20.935+02:00 Selected mix node for surbs:               tid=4807406 indexInPath=1 peerId=16U*VpJprH
[2026-10-04 13:19:21.310] [out] [delivery_module] DBG 2026-10-04 13:19:21.310+02:00 Got PutValue reply                         topics="kad-dht put" tid=4807406 msg="(msgType: ok(putValue), key: ok(@[0, 37, 8, 2, 18, 33, 2, 182, 147, 253, 185, 135, 57, 200, 175, 66, 179, 193, 245, 210, 14, 167, 123, 94, 183, 150, 136, 233, 63, 152, 172, 110, 116, 209, 211, 147, 150, 30, 227]), record: ok((key: ok(@[0, 37, 8, 2, 18, 33, 2, 182, 147, 253, 185, 135, 57, 200, 175, 66, 179, 193, 245, 210, 14, 167, 123, 94, 183, 150, 136, 233, 63, 152, 172, 110, 116, 209, 211, 147, 150, 30, 227]), value: ok(@[10, 37, 8, 2, 18, 33, 2, 182, 147, 253, 185, 135, 57, 200, 175, 66, 179, 193, 245, 210, 14, 167, 123, 94, 183, 150, 136, 233, 63, 152, 172, 110, 116, 209, 211, 147, 150, 30, 227, 18, 2, 3, 1, 26, 72, 10, 39, 0, 37, 8, 2, 18, 33, 2, 182, 147, 253, 185, 135, 57, 200, 175, 66, 179, 193, 245, 210, 14, 167, 123, 94, 183, 150, 136, 233, 63, 152, 172, 110, 116, 209, 211, 147, 150, 30, 227, 16, 233, 230, 6, 26, 10, 10, 8, 4, 172, 20, 10, 14, 6, 219, 253, 26, 13, 10, 11, 4, 172, 20, 10, 14, 145, 2, 228, 133, 205, 3, 42, 70, 48, 68, 2, 32, 45, 245, 212, 188, 122, 84, 133, 85, 34, 165, 141, 81, 52, 165, 180, 148, 121, 124, 35, 65, 67, 118, 31, 126, 103, 67, 204, 232, 66, 224, 102, 131, 2, 32, 68, 13, 7, 140, 26, 25, 101, 60, 100, 62, 119, 218, 60, 192, 122, 205, 215, 19, 109, 103, 47, 70, 203, 118, 99, 95, 188, 122, 198, 254, 221, 110]), timeReceived: none())), closerPeers: [], providerPeers: [], providerStatus: none(), register: none(), getAds: none())" reply="(msgType: ok(putValue), key: ok(@[0, 37, 8, 2, 18, 33, 2, 182, 147, 253, 185, 135, 57, 200, 175, 66, 179, 193, 245, 210, 14, 167, 123, 94, 183, 150, 136, 233, 63, 152, 172, 110, 116, 209, 211, 147, 150, 30, 227]), record: ok((key: ok(@[0, 37, 8, 2, 18, 33, 2, 182, 147, 253, 185, 135, 57, 200, 175, 66, 179, 193, 245, 210, 14, 167, 123, 94, 183, 150, 136, 233, 63, 152, 172, 110, 116, 209, 211, 147, 150, 30, 227]), value: ok(@[10, 37, 8, 2, 18, 33, 2, 182, 147, 253, 185, 135, 57, 200, 175, 66, 179, 193, 245, 210, 14, 167, 123, 94, 183, 150, 136, 233, 63, 152, 172, 110, 116, 209, 211, 147, 150, 30, 227, 18, 2, 3, 1, 26, 72, 10, 39, 0, 37, 8, 2, 18, 33, 2, 182, 147, 253, 185, 135, 57, 200, 175, 66, 179, 193, 245, 210, 14, 167, 123, 94, 183, 150, 136, 233, 63, 152, 172, 110, 116, 209, 211, 147, 150, 30, 227, 16, 233, 230, 6, 26, 10, 10, 8, 4, 172, 20, 10, 14, 6, 219, 253, 26, 13, 10, 11, 4, 172, 20, 10, 14, 145, 2, 228, 133, 205, 3, 42, 70, 48, 68, 2, 32, 45, 245, 212, 188, 122, 84, 133, 85, 34, 165, 141, 81, 52, 165, 180, 148, 121, 124, 35, 65, 67, 118, 31, 126, 103, 67, 204, 232, 66, 224, 102, 131, 2, 32, 68, 13, 7, 140, 26, 25, 101, 60, 100, 62, 119, 218, 60, 192, 122, 205, 215, 19, 109, 103, 47, 70, 203, 118, 99, 95, 188, 122, 198, 254, 221, 110]), timeReceived: none())), closerPeers: [], providerPeers: [], providerStatus: none(), register: none(), getAds: none())" peer=16U*NSkuby
[2026-10-04 13:19:21.310] [out] [delivery_module] DBG 2026-10-04 13:19:21.310+02:00 Got PutValue reply                         topics="kad-dht put" tid=4807406 msg="(msgType: ok(putValue), key: ok(@[0, 37, 8, 2, 18, 33, 2, 182, 147, 253, 185, 135, 57, 200, 175, 66, 179, 193, 245, 210, 14, 167, 123, 94, 183, 150, 136, 233, 63, 152, 172, 110, 116, 209, 211, 147, 150, 30, 227]), record: ok((key: ok(@[0, 37, 8, 2, 18, 33, 2, 182, 147, 253, 185, 135, 57, 200, 175, 66, 179, 193, 245, 210, 14, 167, 123, 94, 183, 150, 136, 233, 63, 152, 172, 110, 116, 209, 211, 147, 150, 30, 227]), value: ok(@[10, 37, 8, 2, 18, 33, 2, 182, 147, 253, 185, 135, 57, 200, 175, 66, 179, 193, 245, 210, 14, 167, 123, 94, 183, 150, 136, 233, 63, 152, 172, 110, 116, 209, 211, 147, 150, 30, 227, 18, 2, 3, 1, 26, 72, 10, 39, 0, 37, 8, 2, 18, 33, 2, 182, 147, 253, 185, 135, 57, 200, 175, 66, 179, 193, 245, 210, 14, 167, 123, 94, 183, 150, 136, 233, 63, 152, 172, 110, 116, 209, 211, 147, 150, 30, 227, 16, 233, 230, 6, 26, 10, 10, 8, 4, 172, 20, 10, 14, 6, 219, 253, 26, 13, 10, 11, 4, 172, 20, 10, 14, 145, 2, 228, 133, 205, 3, 42, 70, 48, 68, 2, 32, 45, 245, 212, 188, 122, 84, 133, 85, 34, 165, 141, 81, 52, 165, 180, 148, 121, 124, 35, 65, 67, 118, 31, 126, 103, 67, 204, 232, 66, 224, 102, 131, 2, 32, 68, 13, 7, 140, 26, 25, 101, 60, 100, 62, 119, 218, 60, 192, 122, 205, 215, 19, 109, 103, 47, 70, 203, 118, 99, 95, 188, 122, 198, 254, 221, 110]), timeReceived: none())), closerPeers: [], providerPeers: [], providerStatus: none(), register: none(), getAds: none())" reply="(msgType: ok(putValue), key: ok(@[0, 37, 8, 2, 18, 33, 2, 182, 147, 253, 185, 135, 57, 200, 175, 66, 179, 193, 245, 210, 14, 167, 123, 94, 183, 150, 136, 233, 63, 152, 172, 110, 116, 209, 211, 147, 150, 30, 227]), record: ok((key: ok(@[0, 37, 8, 2, 18, 33, 2, 182, 147, 253, 185, 135, 57, 200, 175, 66, 179, 193, 245, 210, 14, 167, 123, 94, 183, 150, 136, 233, 63, 152, 172, 110, 116, 209, 211, 147, 150, 30, 227]), value: ok(@[10, 37, 8, 2, 18, 33, 2, 182, 147, 253, 185, 135, 57, 200, 175, 66, 179, 193, 245, 210, 14, 167, 123, 94, 183, 150, 136, 233, 63, 152, 172, 110, 116, 209, 211, 147, 150, 30, 227, 18, 2, 3, 1, 26, 72, 10, 39, 0, 37, 8, 2, 18, 33, 2, 182, 147, 253, 185, 135, 57, 200, 175, 66, 179, 193, 245, 210, 14, 167, 123, 94, 183, 150, 136, 233, 63, 152, 172, 110, 116, 209, 211, 147, 150, 30, 227, 16, 233, 230, 6, 26, 10, 10, 8, 4, 172, 20, 10, 14, 6, 219, 253, 26, 13, 10, 11, 4, 172, 20, 10, 14, 145, 2, 228, 133, 205, 3, 42, 70, 48, 68, 2, 32, 45, 245, 212, 188, 122, 84, 133, 85, 34, 165, 141, 81, 52, 165, 180, 148, 121, 124, 35, 65, 67, 118, 31, 126, 103, 67, 204, 232, 66, 224, 102, 131, 2, 32, 68, 13, 7, 140, 26, 25, 101, 60, 100, 62, 119, 218, 60, 192, 122, 205, 215, 19, 109, 103, 47, 70, 203, 118, 99, 95, 188, 122, 198, 254, 221, 110]), timeReceived: none())), closerPeers: [], providerPeers: [], providerStatus: none(), register: none(), getAds: none())" peer=16U*VpJprH
[2026-10-04 13:19:21.316] [out] [delivery_module] DBG 2026-10-04 13:19:21.316+02:00 adverts found                              topics="service-disco discoverer" tid=4807406 serviceId=key:E6738033B5D413D13CF58622CEB4EF8F392E8D4EB073B56A5486CB0431B2F5D8 remote=16U*T3UNSE count=3
[2026-10-04 13:19:21.319] [out] [delivery_module] DBG 2026-10-04 13:19:21.319+02:00 Peer added via service discovery           topics="waku service discovery" tid=4807406 source="service lookup" peerId=16Uiu2HAm4S1JYkuzDKLKQvwgAhZKs9otxXqt8SCGtB4hoJP1S397 addresses="[/ip4/136.119.156.87/tcp/30303, /ip4/136.119.156.87/udp/30303/quic-v1, /dns4/delivery-01.gc-us-central1-a.logos.dev.status.im/tcp/30303]" protocols="[/logos/delivery]"
[2026-10-04 13:19:21.319] [out] [delivery_module] DBG 2026-10-04 13:19:21.319+02:00 Peer added via service discovery           topics="waku service discovery" tid=4807406 source="service lookup" peerId=16Uiu2HAmMK7PYygBtKUQ8EHp7EfaD3bCEsJrkFooK8RQ2PVpJprH addresses="[/ip4/174.138.106.244/tcp/30303, /ip4/174.138.106.244/udp/30303/quic-v1, /dns4/delivery-02.do-ams3.logos.dev.status.im/tcp/30303]" protocols="[/logos/delivery]"
[2026-10-04 13:19:21.319] [out] [delivery_module] DBG 2026-10-04 13:19:21.319+02:00 Peer added via service discovery           topics="waku service discovery" tid=4807406 source="service lookup" peerId=16Uiu2HAm75mHYCn97YHQ3auieTYohvJU9d3WGyGBAjnVc32pfeoX addresses="[/ip4/192.168.68.53/tcp/27431, /ip4/192.168.68.53/udp/16011/quic-v1]" protocols="[/logos/delivery]"
[2026-10-04 13:19:21.319] [out] [delivery_module] DBG 2026-10-04 13:19:21.319+02:00 Peer added via service discovery           topics="waku service discovery" tid=4807406 source="service lookup" peerId=16Uiu2HAkvwhGHKNry6LACrB8TmEFoCJKEX29XR5dDUzk3UT3UNSE addresses="[/ip4/43.99.103.10/tcp/30303, /ip4/43.99.103.10/udp/30303/quic-v1, /dns4/delivery-02.ac-cn-hongkong-c.logos.dev.status.im/tcp/30303]" protocols="[/logos/delivery]"
[2026-10-04 13:19:21.320] [out] [delivery_module] DBG 2026-10-04 13:19:21.320+02:00 Peer added via service discovery           topics="waku service discovery" tid=4807406 source="service lookup" peerId=16Uiu2HAm8Y9kgBNtjxvCnf1X6gnZJW5EGE4UwwCL3CCm55TwqBiH addresses="[/ip4/34.123.201.25/tcp/30303, /ip4/34.123.201.25/udp/30303/quic-v1, /dns4/delivery-02.gc-us-central1-a.logos.dev.status.im/tcp/30303]" protocols="[/logos/delivery]"
[2026-10-04 13:19:21.320] [out] [delivery_module] DBG 2026-10-04 13:19:21.320+02:00 Peer added via service discovery           topics="waku service discovery" tid=4807406 source="service lookup" peerId=16Uiu2HAm8YokiNun9BkeA1ZRmhLbtNUvcwRr64F69tYj9fkGyuEP addresses="[/ip4/47.242.130.189/tcp/30303, /ip4/47.242.130.189/udp/30303/quic-v1, /dns4/delivery-01.ac-cn-hongkong-c.logos.dev.status.im/tcp/30303]" protocols="[/logos/delivery]"
[2026-10-04 13:19:21.320] [out] [delivery_module] DBG 2026-10-04 13:19:21.320+02:00 Peer added via service discovery           topics="waku service discovery" tid=4807406 source="service lookup" peerId=16Uiu2HAm3XojbQ67ChLTeUQZTu57mWiDTgESFyXwRec86doN8hgK addresses="[/ip4/173.42.114.210/tcp/45583]" protocols="[/logos/delivery]"
[2026-10-04 13:19:21.320] [out] [delivery_module] DBG 2026-10-04 13:19:21.320+02:00 Peer added via service discovery           topics="waku service discovery" tid=4807406 source="service lookup" peerId=16Uiu2HAmTUbnxLGT9JvV6mu9oPyDjqHK4Phs1VDJNUgESgNSkuby addresses="[/ip4/138.68.122.137/tcp/30303, /ip4/138.68.122.137/udp/30303/quic-v1, /dns4/delivery-01.do-ams3.logos.dev.status.im/tcp/30303]" protocols="[/logos/delivery]"
[2026-10-04 13:19:21.320] [out] [delivery_module] DBG 2026-10-04 13:19:21.320+02:00 Peer added via service discovery           topics="waku service discovery" tid=4807406 source="service lookup" peerId=16Uiu2HAm5hiDKtofKsaY3hNNyzzhFagoKo8uMWTFJ2huwMiSrhve addresses="[/ip4/173.42.114.210/tcp/37795]" protocols="[/logos/delivery]"
[2026-10-04 13:19:21.320] [out] [delivery_module] DBG 2026-10-04 13:19:21.320+02:00 Peer added via service discovery           topics="waku service discovery" tid=4807406 source="service lookup" peerId=16Uiu2HAkvsWzm5LemGFj6LUbwARYjWiv2g1bDF3N98dEq2CtL71W addresses="[/ip4/172.20.10.14/tcp/56316, /ip4/172.20.10.14/udp/63678/quic-v1]" protocols="[/logos/delivery]"
[2026-10-04 13:19:21.320] [out] [delivery_module] DBG 2026-10-04 13:19:21.320+02:00 Peer added via service discovery           topics="waku service discovery" tid=4807406 source="service lookup" peerId=16Uiu2HAm7iP4jCEuUzj5BoF7uJjLCVjGSSdQ2dgSeHWKLvTp1aUr addresses="[/ip4/172.20.10.14/tcp/56317, /ip4/172.20.10.14/udp/58501/quic-v1]" protocols="[/logos/delivery]"
[2026-10-04 13:19:21.320] [out] [delivery_module] DBG 2026-10-04 13:19:21.320+02:00 Service lookup complete                    topics="waku service discovery" tid=4807406 service=/logos/delivery found=11
[2026-10-04 13:19:21.321] [out] [delivery_module] DBG 2026-10-04 13:19:21.321+02:00 calculateConnectionState                   tid=4807406 relayCount=9 storeClientCount=6 lightpushCount=9 filterCount=9
[2026-10-04 13:19:21.322] [out] [delivery_module] DBG 2026-10-04 13:19:21.322+02:00 Lookup query                               topics="kad-dht find" tid=4807406 peer=16U*NSkuby
[2026-10-04 13:19:21.322] [out] [delivery_module] DBG 2026-10-04 13:19:21.322+02:00 Lookup query                               topics="kad-dht find" tid=4807406 peer=16U*TwqBiH
[2026-10-04 13:19:21.322] [out] [delivery_module] DBG 2026-10-04 13:19:21.322+02:00 Lookup query                               topics="kad-dht find" tid=4807406 peer=16U*CtL71W
[2026-10-04 13:19:21.323] [out] [delivery_module] DBG 2026-10-04 13:19:21.322+02:00 Lookup query                               topics="kad-dht find" tid=4807406 peer=16U*VpJprH
[2026-10-04 13:19:21.323] [out] [delivery_module] DBG 2026-10-04 13:19:21.323+02:00 Lookup query                               topics="kad-dht find" tid=4807406 peer=16U*P1S397
[2026-10-04 13:19:21.323] [out] [delivery_module] DBG 2026-10-04 13:19:21.323+02:00 Lookup query                               topics="kad-dht find" tid=4807406 peer=16U*T3UNSE
[2026-10-04 13:19:21.323] [out] [delivery_module] DBG 2026-10-04 13:19:21.323+02:00 Lookup query                               topics="kad-dht find" tid=4807406 peer=16U*kGyuEP
[2026-10-04 13:19:21.323] [out] [delivery_module] DBG 2026-10-04 13:19:21.323+02:00 Lookup query                               topics="kad-dht find" tid=4807406 peer=16U*T3UNSE
[2026-10-04 13:19:21.323] [out] [delivery_module] DBG 2026-10-04 13:19:21.323+02:00 Lookup query                               topics="kad-dht find" tid=4807406 peer=16U*P1S397
[2026-10-04 13:19:21.323] [out] [delivery_module] DBG 2026-10-04 13:19:21.323+02:00 Lookup query                               topics="kad-dht find" tid=4807406 peer=16U*VpJprH
[2026-10-04 13:19:21.323] [out] [delivery_module] DBG 2026-10-04 13:19:21.323+02:00 Lookup query                               topics="kad-dht find" tid=4807406 peer=16U*kGyuEP
[2026-10-04 13:19:21.323] [out] [delivery_module] DBG 2026-10-04 13:19:21.323+02:00 Lookup query                               topics="kad-dht find" tid=4807406 peer=16U*NSkuby
[2026-10-04 13:19:21.323] [out] [delivery_module] DBG 2026-10-04 13:19:21.323+02:00 Lookup query                               topics="kad-dht find" tid=4807406 peer=16U*TwqBiH
[2026-10-04 13:19:21.323] [out] [delivery_module] DBG 2026-10-04 13:19:21.323+02:00 Lookup query                               topics="kad-dht find" tid=4807406 peer=16U*CtL71W
[2026-10-04 13:19:21.323] [out] [delivery_module] DBG 2026-10-04 13:19:21.323+02:00 Lookup query                               topics="kad-dht find" tid=4807406 peer=16U*kGyuEP
[2026-10-04 13:19:21.323] [out] [delivery_module] DBG 2026-10-04 13:19:21.323+02:00 Lookup query                               topics="kad-dht find" tid=4807406 peer=16U*T3UNSE
[2026-10-04 13:19:21.323] [out] [delivery_module] DBG 2026-10-04 13:19:21.323+02:00 Lookup query                               topics="kad-dht find" tid=4807406 peer=16U*P1S397
[2026-10-04 13:19:21.323] [out] [delivery_module] DBG 2026-10-04 13:19:21.323+02:00 Lookup query                               topics="kad-dht find" tid=4807406 peer=16U*VpJprH
[2026-10-04 13:19:21.323] [out] [delivery_module] DBG 2026-10-04 13:19:21.323+02:00 Lookup query                               topics="kad-dht find" tid=4807406 peer=16U*TwqBiH
[2026-10-04 13:19:21.323] [out] [delivery_module] DBG 2026-10-04 13:19:21.323+02:00 Lookup query                               topics="kad-dht find" tid=4807406 peer=16U*CtL71W
[2026-10-04 13:19:21.323] [out] [delivery_module] DBG 2026-10-04 13:19:21.323+02:00 Lookup query                               topics="kad-dht find" tid=4807406 peer=16U*NSkuby
[2026-10-04 13:19:21.451] [out] [delivery_module] DBG 2026-10-04 13:19:21.450+02:00 Lookup query                               topics="kad-dht find" tid=4807406 peer=16U*oeaQi3
[2026-10-04 13:19:21.451] [out] [delivery_module] DBG 2026-10-04 13:19:21.451+02:00 Lookup query                               topics="kad-dht find" tid=4807406 peer=16U*6M7AnR
[2026-10-04 13:19:21.455] [out] [delivery_module] DBG 2026-10-04 13:19:21.455+02:00 Got PutValue reply                         topics="kad-dht put" tid=4807406 msg="(msgType: ok(putValue), key: ok(@[0, 37, 8, 2, 18, 33, 2, 182, 147, 253, 185, 135, 57, 200, 175, 66, 179, 193, 245, 210, 14, 167, 123, 94, 183, 150, 136, 233, 63, 152, 172, 110, 116, 209, 211, 147, 150, 30, 227]), record: ok((key: ok(@[0, 37, 8, 2, 18, 33, 2, 182, 147, 253, 185, 135, 57, 200, 175, 66, 179, 193, 245, 210, 14, 167, 123, 94, 183, 150, 136, 233, 63, 152, 172, 110, 116, 209, 211, 147, 150, 30, 227]), value: ok(@[10, 37, 8, 2, 18, 33, 2, 182, 147, 253, 185, 135, 57, 200, 175, 66, 179, 193, 245, 210, 14, 167, 123, 94, 183, 150, 136, 233, 63, 152, 172, 110, 116, 209, 211, 147, 150, 30, 227, 18, 2, 3, 1, 26, 72, 10, 39, 0, 37, 8, 2, 18, 33, 2, 182, 147, 253, 185, 135, 57, 200, 175, 66, 179, 193, 245, 210, 14, 167, 123, 94, 183, 150, 136, 233, 63, 152, 172, 110, 116, 209, 211, 147, 150, 30, 227, 16, 233, 230, 6, 26, 10, 10, 8, 4, 172, 20, 10, 14, 6, 219, 253, 26, 13, 10, 11, 4, 172, 20, 10, 14, 145, 2, 228, 133, 205, 3, 42, 70, 48, 68, 2, 32, 45, 245, 212, 188, 122, 84, 133, 85, 34, 165, 141, 81, 52, 165, 180, 148, 121, 124, 35, 65, 67, 118, 31, 126, 103, 67, 204, 232, 66, 224, 102, 131, 2, 32, 68, 13, 7, 140, 26, 25, 101, 60, 100, 62, 119, 218, 60, 192, 122, 205, 215, 19, 109, 103, 47, 70, 203, 118, 99, 95, 188, 122, 198, 254, 221, 110]), timeReceived: none())), closerPeers: [], providerPeers: [], providerStatus: none(), register: none(), getAds: none())" reply="(msgType: ok(putValue), key: ok(@[0, 37, 8, 2, 18, 33, 2, 182, 147, 253, 185, 135, 57, 200, 175, 66, 179, 193, 245, 210, 14, 167, 123, 94, 183, 150, 136, 233, 63, 152, 172, 110, 116, 209, 211, 147, 150, 30, 227]), record: ok((key: ok(@[0, 37, 8, 2, 18, 33, 2, 182, 147, 253, 185, 135, 57, 200, 175, 66, 179, 193, 245, 210, 14, 167, 123, 94, 183, 150, 136, 233, 63, 152, 172, 110, 116, 209, 211, 147, 150, 30, 227]), value: ok(@[10, 37, 8, 2, 18, 33, 2, 182, 147, 253, 185, 135, 57, 200, 175, 66, 179, 193, 245, 210, 14, 167, 123, 94, 183, 150, 136, 233, 63, 152, 172, 110, 116, 209, 211, 147, 150, 30, 227, 18, 2, 3, 1, 26, 72, 10, 39, 0, 37, 8, 2, 18, 33, 2, 182, 147, 253, 185, 135, 57, 200, 175, 66, 179, 193, 245, 210, 14, 167, 123, 94, 183, 150, 136, 233, 63, 152, 172, 110, 116, 209, 211, 147, 150, 30, 227, 16, 233, 230, 6, 26, 10, 10, 8, 4, 172, 20, 10, 14, 6, 219, 253, 26, 13, 10, 11, 4, 172, 20, 10, 14, 145, 2, 228, 133, 205, 3, 42, 70, 48, 68, 2, 32, 45, 245, 212, 188, 122, 84, 133, 85, 34, 165, 141, 81, 52, 165, 180, 148, 121, 124, 35, 65, 67, 118, 31, 126, 103, 67, 204, 232, 66, 224, 102, 131, 2, 32, 68, 13, 7, 140, 26, 25, 101, 60, 100, 62, 119, 218, 60, 192, 122, 205, 215, 19, 109, 103, 47, 70, 203, 118, 99, 95, 188, 122, 198, 254, 221, 110]), timeReceived: none())), closerPeers: [], providerPeers: [], providerStatus: none(), register: none(), getAds: none())" peer=16U*TwqBiH
[2026-10-04 13:19:21.455] [out] [delivery_module] DBG 2026-10-04 13:19:21.455+02:00 Got PutValue reply                         topics="kad-dht put" tid=4807406 msg="(msgType: ok(putValue), key: ok(@[0, 37, 8, 2, 18, 33, 2, 182, 147, 253, 185, 135, 57, 200, 175, 66, 179, 193, 245, 210, 14, 167, 123, 94, 183, 150, 136, 233, 63, 152, 172, 110, 116, 209, 211, 147, 150, 30, 227]), record: ok((key: ok(@[0, 37, 8, 2, 18, 33, 2, 182, 147, 253, 185, 135, 57, 200, 175, 66, 179, 193, 245, 210, 14, 167, 123, 94, 183, 150, 136, 233, 63, 152, 172, 110, 116, 209, 211, 147, 150, 30, 227]), value: ok(@[10, 37, 8, 2, 18, 33, 2, 182, 147, 253, 185, 135, 57, 200, 175, 66, 179, 193, 245, 210, 14, 167, 123, 94, 183, 150, 136, 233, 63, 152, 172, 110, 116, 209, 211, 147, 150, 30, 227, 18, 2, 3, 1, 26, 72, 10, 39, 0, 37, 8, 2, 18, 33, 2, 182, 147, 253, 185, 135, 57, 200, 175, 66, 179, 193, 245, 210, 14, 167, 123, 94, 183, 150, 136, 233, 63, 152, 172, 110, 116, 209, 211, 147, 150, 30, 227, 16, 233, 230, 6, 26, 10, 10, 8, 4, 172, 20, 10, 14, 6, 219, 253, 26, 13, 10, 11, 4, 172, 20, 10, 14, 145, 2, 228, 133, 205, 3, 42, 70, 48, 68, 2, 32, 45, 245, 212, 188, 122, 84, 133, 85, 34, 165, 141, 81, 52, 165, 180, 148, 121, 124, 35, 65, 67, 118, 31, 126, 103, 67, 204, 232, 66, 224, 102, 131, 2, 32, 68, 13, 7, 140, 26, 25, 101, 60, 100, 62, 119, 218, 60, 192, 122, 205, 215, 19, 109, 103, 47, 70, 203, 118, 99, 95, 188, 122, 198, 254, 221, 110]), timeReceived: none())), closerPeers: [], providerPeers: [], providerStatus: none(), register: none(), getAds: none())" reply="(msgType: ok(putValue), key: ok(@[0, 37, 8, 2, 18, 33, 2, 182, 147, 253, 185, 135, 57, 200, 175, 66, 179, 193, 245, 210, 14, 167, 123, 94, 183, 150, 136, 233, 63, 152, 172, 110, 116, 209, 211, 147, 150, 30, 227]), record: ok((key: ok(@[0, 37, 8, 2, 18, 33, 2, 182, 147, 253, 185, 135, 57, 200, 175, 66, 179, 193, 245, 210, 14, 167, 123, 94, 183, 150, 136, 233, 63, 152, 172, 110, 116, 209, 211, 147, 150, 30, 227]), value: ok(@[10, 37, 8, 2, 18, 33, 2, 182, 147, 253, 185, 135, 57, 200, 175, 66, 179, 193, 245, 210, 14, 167, 123, 94, 183, 150, 136, 233, 63, 152, 172, 110, 116, 209, 211, 147, 150, 30, 227, 18, 2, 3, 1, 26, 72, 10, 39, 0, 37, 8, 2, 18, 33, 2, 182, 147, 253, 185, 135, 57, 200, 175, 66, 179, 193, 245, 210, 14, 167, 123, 94, 183, 150, 136, 233, 63, 152, 172, 110, 116, 209, 211, 147, 150, 30, 227, 16, 233, 230, 6, 26, 10, 10, 8, 4, 172, 20, 10, 14, 6, 219, 253, 26, 13, 10, 11, 4, 172, 20, 10, 14, 145, 2, 228, 133, 205, 3, 42, 70, 48, 68, 2, 32, 45, 245, 212, 188, 122, 84, 133, 85, 34, 165, 141, 81, 52, 165, 180, 148, 121, 124, 35, 65, 67, 118, 31, 126, 103, 67, 204, 232, 66, 224, 102, 131, 2, 32, 68, 13, 7, 140, 26, 25, 101, 60, 100, 62, 119, 218, 60, 192, 122, 205, 215, 19, 109, 103, 47, 70, 203, 118, 99, 95, 188, 122, 198, 254, 221, 110]), timeReceived: none())), closerPeers: [], providerPeers: [], providerStatus: none(), register: none(), getAds: none())" peer=16U*P1S397
[2026-10-04 13:19:21.525] [out] [delivery_module] DBG 2026-10-04 13:19:21.524+02:00 Lookup query                               topics="kad-dht find" tid=4807406 peer=16U*oeaQi3
[2026-10-04 13:19:21.525] [out] [delivery_module] DBG 2026-10-04 13:19:21.525+02:00 Lookup query                               topics="kad-dht find" tid=4807406 peer=16U*6M7AnR
[2026-10-04 13:19:21.544] [out] [delivery_module] DBG 2026-10-04 13:19:21.543+02:00 adverts found                              topics="service-disco discoverer" tid=4807406 serviceId=key:913B5C5DBE691438693215140388EC0C7DE80DE328BDE5BD7FC06F90568CEA40 remote=16U*kGyuEP count=2
[2026-10-04 13:19:21.546] [out] [delivery_module] DBG 2026-10-04 13:19:21.546+02:00 Peer added via service discovery           topics="waku service discovery" tid=4807406 source="service lookup" peerId=16Uiu2HAm8Y9kgBNtjxvCnf1X6gnZJW5EGE4UwwCL3CCm55TwqBiH addresses="[/ip4/34.123.201.25/tcp/30303, /ip4/34.123.201.25/udp/30303/quic-v1, /dns4/delivery-02.gc-us-central1-a.logos.dev.status.im/tcp/30303]" protocols="[/mix/1.0.0]"
[2026-10-04 13:19:21.546] [out] [delivery_module] DBG 2026-10-04 13:19:21.546+02:00 Peer added via service discovery           topics="waku service discovery" tid=4807406 source="service lookup" peerId=16Uiu2HAkvwhGHKNry6LACrB8TmEFoCJKEX29XR5dDUzk3UT3UNSE addresses="[/ip4/43.99.103.10/tcp/30303, /ip4/43.99.103.10/udp/30303/quic-v1, /dns4/delivery-02.ac-cn-hongkong-c.logos.dev.status.im/tcp/30303]" protocols="[/mix/1.0.0]"
[2026-10-04 13:19:21.547] [out] [delivery_module] DBG 2026-10-04 13:19:21.547+02:00 Peer added via service discovery           topics="waku service discovery" tid=4807406 source="service lookup" peerId=16Uiu2HAm8YokiNun9BkeA1ZRmhLbtNUvcwRr64F69tYj9fkGyuEP addresses="[/ip4/47.242.130.189/tcp/30303, /ip4/47.242.130.189/udp/30303/quic-v1, /dns4/delivery-01.ac-cn-hongkong-c.logos.dev.status.im/tcp/30303]" protocols="[/mix/1.0.0]"
[2026-10-04 13:19:21.547] [out] [delivery_module] DBG 2026-10-04 13:19:21.547+02:00 Peer added via service discovery           topics="waku service discovery" tid=4807406 source="service lookup" peerId=16Uiu2HAm4S1JYkuzDKLKQvwgAhZKs9otxXqt8SCGtB4hoJP1S397 addresses="[/ip4/136.119.156.87/tcp/30303, /ip4/136.119.156.87/udp/30303/quic-v1, /dns4/delivery-01.gc-us-central1-a.logos.dev.status.im/tcp/30303]" protocols="[/mix/1.0.0]"
[2026-10-04 13:19:21.547] [out] [delivery_module] DBG 2026-10-04 13:19:21.547+02:00 Peer added via service discovery           topics="waku service discovery" tid=4807406 source="service lookup" peerId=16Uiu2HAmMK7PYygBtKUQ8EHp7EfaD3bCEsJrkFooK8RQ2PVpJprH addresses="[/ip4/174.138.106.244/tcp/30303, /ip4/174.138.106.244/udp/30303/quic-v1, /dns4/delivery-02.do-ams3.logos.dev.status.im/tcp/30303]" protocols="[/mix/1.0.0]"
[2026-10-04 13:19:21.547] [out] [delivery_module] DBG 2026-10-04 13:19:21.547+02:00 Peer added via service discovery           topics="waku service discovery" tid=4807406 source="service lookup" peerId=16Uiu2HAmTUbnxLGT9JvV6mu9oPyDjqHK4Phs1VDJNUgESgNSkuby addresses="[/ip4/138.68.122.137/tcp/30303, /ip4/138.68.122.137/udp/30303/quic-v1, /dns4/delivery-01.do-ams3.logos.dev.status.im/tcp/30303]" protocols="[/mix/1.0.0]"
[2026-10-04 13:19:21.547] [out] [delivery_module] DBG 2026-10-04 13:19:21.547+02:00 Service lookup complete                    topics="waku service discovery" tid=4807406 service=/mix/1.0.0 found=6
[2026-10-04 13:19:21.548] [out] [delivery_module] DBG 2026-10-04 13:19:21.548+02:00 calculateConnectionState                   tid=4807406 relayCount=9 storeClientCount=6 lightpushCount=9 filterCount=9
[2026-10-04 13:19:21.549] [out] [delivery_module] DBG 2026-10-04 13:19:21.549+02:00 Lookup query                               topics="kad-dht find" tid=4807406 peer=16U*oeaQi3
[2026-10-04 13:19:21.549] [out] [delivery_module] DBG 2026-10-04 13:19:21.549+02:00 Lookup query                               topics="kad-dht find" tid=4807406 peer=16U*6M7AnR
[2026-10-04 13:19:21.552] [out] [delivery_module] DBG 2026-10-04 13:19:21.552+02:00 Lookup query                               topics="kad-dht find" tid=4807406 peer=16U*oeaQi3
[2026-10-04 13:19:21.552] [out] [delivery_module] DBG 2026-10-04 13:19:21.552+02:00 Lookup query                               topics="kad-dht find" tid=4807406 peer=16U*6M7AnR
[2026-10-04 13:19:21.642] [out] [delivery_module] DBG 2026-10-04 13:19:21.642+02:00 Lookup query                               topics="kad-dht find" tid=4807406 peer=16U*6M7AnR
[2026-10-04 13:19:21.642] [out] [delivery_module] DBG 2026-10-04 13:19:21.642+02:00 Lookup query                               topics="kad-dht find" tid=4807406 peer=16U*oeaQi3
[2026-10-04 13:19:21.657] [out] [delivery_module] DBG 2026-10-04 13:19:21.657+02:00 Lookup query                               topics="kad-dht find" tid=4807406 peer=16U*oeaQi3
[2026-10-04 13:19:21.657] [out] [delivery_module] DBG 2026-10-04 13:19:21.657+02:00 Lookup query                               topics="kad-dht find" tid=4807406 peer=16U*6M7AnR
[2026-10-04 13:19:21.731] [out] [delivery_module] DBG 2026-10-04 13:19:21.731+02:00 Lookup query                               topics="kad-dht find" tid=4807406 peer=16U*oeaQi3
[2026-10-04 13:19:21.731] [out] [delivery_module] DBG 2026-10-04 13:19:21.731+02:00 Lookup query                               topics="kad-dht find" tid=4807406 peer=16U*6M7AnR
[2026-10-04 13:19:21.756] [out] [delivery_module] DBG 2026-10-04 13:19:21.756+02:00 New stream created                         tid=4807406
[2026-10-04 13:19:21.762] [out] [delivery_module] DBG 2026-10-04 13:19:21.761+02:00 Finished dialing multiple peers            topics="waku node peer_manager" tid=4807406 successfulConns=2 attempted=10
[2026-10-04 13:19:21.772] [out] [delivery_module] DBG 2026-10-04 13:19:21.772+02:00 Creating stream                            tid=4807406
[2026-10-04 13:19:21.772] [out] [delivery_module] DBG 2026-10-04 13:19:21.772+02:00 New stream created                         tid=4807406
[2026-10-04 13:19:21.774] [out] [delivery_module] DBG 2026-10-04 13:19:21.773+02:00 Got PutValue reply                         topics="kad-dht put" tid=4807406 msg="(msgType: ok(putValue), key: ok(@[0, 37, 8, 2, 18, 33, 2, 182, 147, 253, 185, 135, 57, 200, 175, 66, 179, 193, 245, 210, 14, 167, 123, 94, 183, 150, 136, 233, 63, 152, 172, 110, 116, 209, 211, 147, 150, 30, 227]), record: ok((key: ok(@[0, 37, 8, 2, 18, 33, 2, 182, 147, 253, 185, 135, 57, 200, 175, 66, 179, 193, 245, 210, 14, 167, 123, 94, 183, 150, 136, 233, 63, 152, 172, 110, 116, 209, 211, 147, 150, 30, 227]), value: ok(@[10, 37, 8, 2, 18, 33, 2, 182, 147, 253, 185, 135, 57, 200, 175, 66, 179, 193, 245, 210, 14, 167, 123, 94, 183, 150, 136, 233, 63, 152, 172, 110, 116, 209, 211, 147, 150, 30, 227, 18, 2, 3, 1, 26, 72, 10, 39, 0, 37, 8, 2, 18, 33, 2, 182, 147, 253, 185, 135, 57, 200, 175, 66, 179, 193, 245, 210, 14, 167, 123, 94, 183, 150, 136, 233, 63, 152, 172, 110, 116, 209, 211, 147, 150, 30, 227, 16, 233, 230, 6, 26, 10, 10, 8, 4, 172, 20, 10, 14, 6, 219, 253, 26, 13, 10, 11, 4, 172, 20, 10, 14, 145, 2, 228, 133, 205, 3, 42, 70, 48, 68, 2, 32, 45, 245, 212, 188, 122, 84, 133, 85, 34, 165, 141, 81, 52, 165, 180, 148, 121, 124, 35, 65, 67, 118, 31, 126, 103, 67, 204, 232, 66, 224, 102, 131, 2, 32, 68, 13, 7, 140, 26, 25, 101, 60, 100, 62, 119, 218, 60, 192, 122, 205, 215, 19, 109, 103, 47, 70, 203, 118, 99, 95, 188, 122, 198, 254, 221, 110]), timeReceived: none())), closerPeers: [], providerPeers: [], providerStatus: none(), register: none(), getAds: none())" reply="(msgType: ok(putValue), key: ok(@[0, 37, 8, 2, 18, 33, 2, 182, 147, 253, 185, 135, 57, 200, 175, 66, 179, 193, 245, 210, 14, 167, 123, 94, 183, 150, 136, 233, 63, 152, 172, 110, 116, 209, 211, 147, 150, 30, 227]), record: ok((key: ok(@[0, 37, 8, 2, 18, 33, 2, 182, 147, 253, 185, 135, 57, 200, 175, 66, 179, 193, 245, 210, 14, 167, 123, 94, 183, 150, 136, 233, 63, 152, 172, 110, 116, 209, 211, 147, 150, 30, 227]), value: ok(@[10, 37, 8, 2, 18, 33, 2, 182, 147, 253, 185, 135, 57, 200, 175, 66, 179, 193, 245, 210, 14, 167, 123, 94, 183, 150, 136, 233, 63, 152, 172, 110, 116, 209, 211, 147, 150, 30, 227, 18, 2, 3, 1, 26, 72, 10, 39, 0, 37, 8, 2, 18, 33, 2, 182, 147, 253, 185, 135, 57, 200, 175, 66, 179, 193, 245, 210, 14, 167, 123, 94, 183, 150, 136, 233, 63, 152, 172, 110, 116, 209, 211, 147, 150, 30, 227, 16, 233, 230, 6, 26, 10, 10, 8, 4, 172, 20, 10, 14, 6, 219, 253, 26, 13, 10, 11, 4, 172, 20, 10, 14, 145, 2, 228, 133, 205, 3, 42, 70, 48, 68, 2, 32, 45, 245, 212, 188, 122, 84, 133, 85, 34, 165, 141, 81, 52, 165, 180, 148, 121, 124, 35, 65, 67, 118, 31, 126, 103, 67, 204, 232, 66, 224, 102, 131, 2, 32, 68, 13, 7, 140, 26, 25, 101, 60, 100, 62, 119, 218, 60, 192, 122, 205, 215, 19, 109, 103, 47, 70, 203, 118, 99, 95, 188, 122, 198, 254, 221, 110]), timeReceived: none())), closerPeers: [], providerPeers: [], providerStatus: none(), register: none(), getAds: none())" peer=16U*kGyuEP
[2026-10-04 13:19:21.795] [out] [delivery_module] DBG 2026-10-04 13:19:21.795+02:00 Lookup query                               topics="kad-dht find" tid=4807406 peer=16U*6M7AnR
[2026-10-04 13:19:21.795] [out] [delivery_module] DBG 2026-10-04 13:19:21.795+02:00 Lookup query                               topics="kad-dht find" tid=4807406 peer=16U*oeaQi3
[2026-10-04 13:19:21.859] [out] [delivery_module] DBG 2026-10-04 13:19:21.859+02:00 Lookup query                               topics="kad-dht find" tid=4807406 peer=16U*oeaQi3
[2026-10-04 13:19:21.859] [out] [delivery_module] DBG 2026-10-04 13:19:21.859+02:00 Lookup query                               topics="kad-dht find" tid=4807406 peer=16U*6M7AnR
[2026-10-04 13:19:21.927] [out] [delivery_module] DBG 2026-10-04 13:19:21.927+02:00 Lookup query                               topics="kad-dht find" tid=4807406 peer=16U*6M7AnR
[2026-10-04 13:19:21.927] [out] [delivery_module] DBG 2026-10-04 13:19:21.927+02:00 Lookup query                               topics="kad-dht find" tid=4807406 peer=16U*oeaQi3
[2026-10-04 13:19:22.514] [out] [delivery_module] DBG 2026-10-04 13:19:22.514+02:00 MixSendProcessor.sendImpl failed           topics="send service mix processor" tid=4807406 error="No peers for topic, skipping publish"
[2026-10-04 13:19:22.652] [out] [delivery_module] DBG 2026-10-04 13:19:22.652+02:00 Got PutValue reply                         topics="kad-dht put" tid=4807406 msg="(msgType: ok(putValue), key: ok(@[0, 37, 8, 2, 18, 33, 2, 182, 147, 253, 185, 135, 57, 200, 175, 66, 179, 193, 245, 210, 14, 167, 123, 94, 183, 150, 136, 233, 63, 152, 172, 110, 116, 209, 211, 147, 150, 30, 227]), record: ok((key: ok(@[0, 37, 8, 2, 18, 33, 2, 182, 147, 253, 185, 135, 57, 200, 175, 66, 179, 193, 245, 210, 14, 167, 123, 94, 183, 150, 136, 233, 63, 152, 172, 110, 116, 209, 211, 147, 150, 30, 227]), value: ok(@[10, 37, 8, 2, 18, 33, 2, 182, 147, 253, 185, 135, 57, 200, 175, 66, 179, 193, 245, 210, 14, 167, 123, 94, 183, 150, 136, 233, 63, 152, 172, 110, 116, 209, 211, 147, 150, 30, 227, 18, 2, 3, 1, 26, 72, 10, 39, 0, 37, 8, 2, 18, 33, 2, 182, 147, 253, 185, 135, 57, 200, 175, 66, 179, 193, 245, 210, 14, 167, 123, 94, 183, 150, 136, 233, 63, 152, 172, 110, 116, 209, 211, 147, 150, 30, 227, 16, 233, 230, 6, 26, 10, 10, 8, 4, 172, 20, 10, 14, 6, 219, 253, 26, 13, 10, 11, 4, 172, 20, 10, 14, 145, 2, 228, 133, 205, 3, 42, 70, 48, 68, 2, 32, 45, 245, 212, 188, 122, 84, 133, 85, 34, 165, 141, 81, 52, 165, 180, 148, 121, 124, 35, 65, 67, 118, 31, 126, 103, 67, 204, 232, 66, 224, 102, 131, 2, 32, 68, 13, 7, 140, 26, 25, 101, 60, 100, 62, 119, 218, 60, 192, 122, 205, 215, 19, 109, 103, 47, 70, 203, 118, 99, 95, 188, 122, 198, 254, 221, 110]), timeReceived: none())), closerPeers: [], providerPeers: [], providerStatus: none(), register: none(), getAds: none())" reply="(msgType: ok(putValue), key: ok(@[0, 37, 8, 2, 18, 33, 2, 182, 147, 253, 185, 135, 57, 200, 175, 66, 179, 193, 245, 210, 14, 167, 123, 94, 183, 150, 136, 233, 63, 152, 172, 110, 116, 209, 211, 147, 150, 30, 227]), record: ok((key: ok(@[0, 37, 8, 2, 18, 33, 2, 182, 147, 253, 185, 135, 57, 200, 175, 66, 179, 193, 245, 210, 14, 167, 123, 94, 183, 150, 136, 233, 63, 152, 172, 110, 116, 209, 211, 147, 150, 30, 227]), value: ok(@[10, 37, 8, 2, 18, 33, 2, 182, 147, 253, 185, 135, 57, 200, 175, 66, 179, 193, 245, 210, 14, 167, 123, 94, 183, 150, 136, 233, 63, 152, 172, 110, 116, 209, 211, 147, 150, 30, 227, 18, 2, 3, 1, 26, 72, 10, 39, 0, 37, 8, 2, 18, 33, 2, 182, 147, 253, 185, 135, 57, 200, 175, 66, 179, 193, 245, 210, 14, 167, 123, 94, 183, 150, 136, 233, 63, 152, 172, 110, 116, 209, 211, 147, 150, 30, 227, 16, 233, 230, 6, 26, 10, 10, 8, 4, 172, 20, 10, 14, 6, 219, 253, 26, 13, 10, 11, 4, 172, 20, 10, 14, 145, 2, 228, 133, 205, 3, 42, 70, 48, 68, 2, 32, 45, 245, 212, 188, 122, 84, 133, 85, 34, 165, 141, 81, 52, 165, 180, 148, 121, 124, 35, 65, 67, 118, 31, 126, 103, 67, 204, 232, 66, 224, 102, 131, 2, 32, 68, 13, 7, 140, 26, 25, 101, 60, 100, 62, 119, 218, 60, 192, 122, 205, 215, 19, 109, 103, 47, 70, 203, 118, 99, 95, 188, 122, 198, 254, 221, 110]), timeReceived: none())), closerPeers: [], providerPeers: [], providerStatus: none(), register: none(), getAds: none())" peer=16U*T3UNSE
[2026-10-04 13:19:23.402] [out] [delivery_module] DBG 2026-10-04 13:19:23.402+02:00 Dialing failed                             topics="libp2p dialer" tid=4807406 description="quic dial timed out after 3s" peerId=16U*pJJk4V address=/ip4/172.20.10.14/udp/51325/quic-v1 hostname=172.20.10.14
[2026-10-04 13:19:23.402] [out] [delivery_module] DBG 2026-10-04 13:19:23.402+02:00 Expanded address and hostname              topics="libp2p dialer" tid=4807406 expandedAddress=/ip4/172.20.10.14/tcp/60486 hostname=172.20.10.14 resolvedAddresses="[/ip4/172.20.10.14/tcp/60486]"
[2026-10-04 13:19:23.402] [out] [delivery_module] DBG 2026-10-04 13:19:23.402+02:00 Dialing failed                             topics="libp2p dialer" tid=4807406 description="TcpTransport dial error: (61) Connection refused" peerId=16U*pJJk4V address=/ip4/172.20.10.14/tcp/60486 hostname=172.20.10.14
[2026-10-04 13:19:23.403] [out] [delivery_module] DBG 2026-10-04 13:19:23.402+02:00 Error dialing                              topics="libp2p dialer" tid=4807406 conn=nil peerId=16U*pJJk4V protos="[/logos/service-discovery/1.0.0]" addrs="[/ip4/172.20.10.14/udp/51325/quic-v1, /ip4/172.20.10.14/tcp/60486]" description="Unable to establish outgoing link in establishConnection: peer_id=16U*pJJk4V addrs=@[/ip4/172.20.10.14/udp/51325/quic-v1, /ip4/172.20.10.14/tcp/60486]"
[2026-10-04 13:19:23.403] [out] [delivery_module] DBG 2026-10-04 13:19:23.403+02:00 Dialing peer                               topics="libp2p dialer" tid=4807406 peerId=16U*pJJk4V addrs="[/ip4/172.20.10.14/udp/51325/quic-v1, /ip4/172.20.10.14/tcp/60486]"
[2026-10-04 13:19:23.403] [out] [delivery_module] DBG 2026-10-04 13:19:23.403+02:00 Expanded address and hostname              topics="libp2p dialer" tid=4807406 expandedAddress=/ip4/172.20.10.14/udp/51325/quic-v1 hostname=172.20.10.14 resolvedAddresses="[/ip4/172.20.10.14/udp/51325/quic-v1]"
[2026-10-04 13:19:23.403] [out] [delivery_module] DBG 2026-10-04 13:19:23.403+02:00 New connection established: client         tid=4807406
[2026-10-04 13:19:23.404] [out] [delivery_module] DBG 2026-10-04 13:19:23.404+02:00 Dialing failed                             topics="libp2p dialer" tid=4807406 description="quic dial timed out after 3s" peerId=16U*P6Hipt address=/ip4/172.20.10.14/udp/52573/quic-v1 hostname=172.20.10.14
[2026-10-04 13:19:23.404] [out] [delivery_module] DBG 2026-10-04 13:19:23.404+02:00 Dialing failed                             topics="libp2p dialer" tid=4807406 description="quic dial timed out after 3s" peerId=16U*EivbVz address=/ip4/172.20.10.14/udp/63966/quic-v1 hostname=172.20.10.14
[2026-10-04 13:19:23.404] [out] [delivery_module] DBG 2026-10-04 13:19:23.404+02:00 Expanded address and hostname              topics="libp2p dialer" tid=4807406 expandedAddress=/ip4/172.20.10.14/tcp/57390 hostname=172.20.10.14 resolvedAddresses="[/ip4/172.20.10.14/tcp/57390]"
[2026-10-04 13:19:23.405] [out] [delivery_module] DBG 2026-10-04 13:19:23.405+02:00 Expanded address and hostname              topics="libp2p dialer" tid=4807406 expandedAddress=/ip4/172.20.10.14/tcp/60485 hostname=172.20.10.14 resolvedAddresses="[/ip4/172.20.10.14/tcp/60485]"
[2026-10-04 13:19:23.405] [out] [delivery_module] DBG 2026-10-04 13:19:23.405+02:00 Dialing failed                             topics="libp2p dialer" tid=4807406 description="TcpTransport dial error: (61) Connection refused" peerId=16U*P6Hipt address=/ip4/172.20.10.14/tcp/57390 hostname=172.20.10.14
[2026-10-04 13:19:23.405] [out] [delivery_module] DBG 2026-10-04 13:19:23.405+02:00 Dialing failed                             topics="libp2p dialer" tid=4807406 description="TcpTransport dial error: (61) Connection refused" peerId=16U*EivbVz address=/ip4/172.20.10.14/tcp/60485 hostname=172.20.10.14
[2026-10-04 13:19:23.405] [out] [delivery_module] DBG 2026-10-04 13:19:23.405+02:00 Error dialing                              topics="libp2p dialer" tid=4807406 conn=nil peerId=16U*P6Hipt protos="[/logos/service-discovery/1.0.0]" addrs="[/ip4/172.20.10.14/udp/52573/quic-v1, /ip4/172.20.10.14/tcp/57390]" description="Unable to establish outgoing link in establishConnection: peer_id=16U*P6Hipt addrs=@[/ip4/172.20.10.14/udp/52573/quic-v1, /ip4/172.20.10.14/tcp/57390]"
[2026-10-04 13:19:23.405] [out] [delivery_module] DBG 2026-10-04 13:19:23.405+02:00 Error dialing                              topics="libp2p dialer" tid=4807406 conn=nil peerId=16U*EivbVz protos="[/logos/service-discovery/1.0.0]" addrs="[/ip4/172.20.10.14/udp/63966/quic-v1, /ip4/172.20.10.14/tcp/60485]" description="Unable to establish outgoing link in establishConnection: peer_id=16U*EivbVz addrs=@[/ip4/172.20.10.14/udp/63966/quic-v1, /ip4/172.20.10.14/tcp/60485]"
[2026-10-04 13:19:23.516] [out] [delivery_module] DBG 2026-10-04 13:19:23.516+02:00 Trying message delivery via Mix            topics="send service mix processor" tid=4807406 requestId=eae94d37387a23a82fd6 msgHash=0xc3c83ab18a81b8c0f848732a5b68faf90afbeb7f5ee967ed20683869803ff738 tryCount=4
[2026-10-04 13:19:23.516] [out] [delivery_module] DBG 2026-10-04 13:19:23.516+02:00 Publishing message without RLN proof       tid=4807406
[2026-10-04 13:19:23.516] [out] [delivery_module] DBG 2026-10-04 13:19:23.516+02:00 Publishing message with lightpush          topics="waku node lightpush api" tid=4807406 pubsubTopic=/waku/2/rs/3/7 contentTopic=/lp0026forum/1/general/text target_peer_id=16U*P1S397 msg_hash=0xc3c83ab18a81b8c0f848732a5b68faf90afbeb7f5ee967ed20683869803ff738 mixify=true
[2026-10-04 13:19:23.516] [out] [delivery_module] DBG 2026-10-04 13:19:23.516+02:00 Publish                                    topics="waku lightpush client" tid=4807406 myPeerId=16U*Tp1aUr peerId= msgHash=0xc3c83ab18a81b8c0f848732a5b68faf90afbeb7f5ee967ed20683869803ff738 sentTime=1791112763516786176
[2026-10-04 13:19:23.516] [out] [delivery_module] DBG 2026-10-04 13:19:23.516+02:00 Destination data                           tid=4807406 destination=MixDestination[MixNode](16Uiu2HAm4S1JYkuzDKLKQvwgAhZKs9otxXqt8SCGtB4hoJP1S397)
[2026-10-04 13:19:23.516] [out] [delivery_module] DBG 2026-10-04 13:19:23.516+02:00 Selected mix node:                         tid=4807406 indexInPath=0 peerId=16U*T3UNSE
[2026-10-04 13:19:23.516] [out] [delivery_module] DBG 2026-10-04 13:19:23.516+02:00 Selected mix node:                         tid=4807406 indexInPath=1 peerId=16U*TwqBiH
[2026-10-04 13:19:23.516] [out] [delivery_module] DBG 2026-10-04 13:19:23.516+02:00 Selected mix node:                         tid=4807406 indexInPath=2 peerId=16U*P1S397
[2026-10-04 13:19:23.517] [out] [delivery_module] DBG 2026-10-04 13:19:23.517+02:00 Selected mix node for surbs:               tid=4807406 indexInPath=0 peerId=16U*NSkuby
[2026-10-04 13:19:23.517] [out] [delivery_module] DBG 2026-10-04 13:19:23.517+02:00 Selected mix node for surbs:               tid=4807406 indexInPath=1 peerId=16U*kGyuEP
[2026-10-04 13:19:25.209] [out] [delivery_module] DBG 2026-10-04 13:19:25.209+02:00 MixSendProcessor.sendImpl failed           topics="send service mix processor" tid=4807406 error="No peers for topic, skipping publish"
[2026-10-04 13:19:26.211] [out] [delivery_module] DBG 2026-10-04 13:19:26.211+02:00 Trying message delivery via Mix            topics="send service mix processor" tid=4807406 requestId=eae94d37387a23a82fd6 msgHash=0xc3c83ab18a81b8c0f848732a5b68faf90afbeb7f5ee967ed20683869803ff738 tryCount=5
[2026-10-04 13:19:26.211] [out] [delivery_module] DBG 2026-10-04 13:19:26.211+02:00 Publishing message without RLN proof       tid=4807406
[2026-10-04 13:19:26.211] [out] [delivery_module] DBG 2026-10-04 13:19:26.211+02:00 Publishing message with lightpush          topics="waku node lightpush api" tid=4807406 pubsubTopic=/waku/2/rs/3/7 contentTopic=/lp0026forum/1/general/text target_peer_id=16U*P1S397 msg_hash=0xc3c83ab18a81b8c0f848732a5b68faf90afbeb7f5ee967ed20683869803ff738 mixify=true
[2026-10-04 13:19:26.211] [out] [delivery_module] DBG 2026-10-04 13:19:26.211+02:00 Publish                                    topics="waku lightpush client" tid=4807406 myPeerId=16U*Tp1aUr peerId= msgHash=0xc3c83ab18a81b8c0f848732a5b68faf90afbeb7f5ee967ed20683869803ff738 sentTime=1791112766211606016
[2026-10-04 13:19:26.211] [out] [delivery_module] DBG 2026-10-04 13:19:26.211+02:00 Destination data                           tid=4807406 destination=MixDestination[MixNode](16Uiu2HAm4S1JYkuzDKLKQvwgAhZKs9otxXqt8SCGtB4hoJP1S397)
[2026-10-04 13:19:26.211] [out] [delivery_module] DBG 2026-10-04 13:19:26.211+02:00 Selected mix node:                         tid=4807406 indexInPath=0 peerId=16U*kGyuEP
[2026-10-04 13:19:26.211] [out] [delivery_module] DBG 2026-10-04 13:19:26.211+02:00 Selected mix node:                         tid=4807406 indexInPath=1 peerId=16U*NSkuby
[2026-10-04 13:19:26.211] [out] [delivery_module] DBG 2026-10-04 13:19:26.211+02:00 Selected mix node:                         tid=4807406 indexInPath=2 peerId=16U*P1S397
[2026-10-04 13:19:26.211] [out] [delivery_module] DBG 2026-10-04 13:19:26.211+02:00 Selected mix node for surbs:               tid=4807406 indexInPath=0 peerId=16U*VpJprH
[2026-10-04 13:19:26.211] [out] [delivery_module] DBG 2026-10-04 13:19:26.211+02:00 Selected mix node for surbs:               tid=4807406 indexInPath=1 peerId=16U*NSkuby
[2026-10-04 13:19:26.404] [out] [delivery_module] DBG 2026-10-04 13:19:26.404+02:00 Dialing failed                             topics="libp2p dialer" tid=4807406 description="quic dial timed out after 3s" peerId=16U*pJJk4V address=/ip4/172.20.10.14/udp/51325/quic-v1 hostname=172.20.10.14
[2026-10-04 13:19:26.404] [out] [delivery_module] DBG 2026-10-04 13:19:26.404+02:00 Expanded address and hostname              topics="libp2p dialer" tid=4807406 expandedAddress=/ip4/172.20.10.14/tcp/60486 hostname=172.20.10.14 resolvedAddresses="[/ip4/172.20.10.14/tcp/60486]"
[2026-10-04 13:19:26.405] [out] [delivery_module] DBG 2026-10-04 13:19:26.405+02:00 Dialing failed                             topics="libp2p dialer" tid=4807406 description="TcpTransport dial error: (61) Connection refused" peerId=16U*pJJk4V address=/ip4/172.20.10.14/tcp/60486 hostname=172.20.10.14
[2026-10-04 13:19:26.405] [out] [delivery_module] DBG 2026-10-04 13:19:26.405+02:00 Error dialing                              topics="libp2p dialer" tid=4807406 conn=nil peerId=16U*pJJk4V protos="[/logos/service-discovery/1.0.0]" addrs="[/ip4/172.20.10.14/udp/51325/quic-v1, /ip4/172.20.10.14/tcp/60486]" description="Unable to establish outgoing link in establishConnection: peer_id=16U*pJJk4V addrs=@[/ip4/172.20.10.14/udp/51325/quic-v1, /ip4/172.20.10.14/tcp/60486]"
[2026-10-04 13:19:26.452] [out] [delivery_module] DBG 2026-10-04 13:19:26.452+02:00 Lookup query                               topics="kad-dht find" tid=4807406 peer=16U*FMCSLG
[2026-10-04 13:19:26.452] [out] [delivery_module] DBG 2026-10-04 13:19:26.452+02:00 Lookup query                               topics="kad-dht find" tid=4807406 peer=16U*bERhF5
[2026-10-04 13:19:26.452] [out] [delivery_module] DBG 2026-10-04 13:19:26.452+02:00 Lookup query                               topics="kad-dht find" tid=4807406 peer=16U*Yn2Pww
[2026-10-04 13:19:26.452] [out] [delivery_module] DBG 2026-10-04 13:19:26.452+02:00 Lookup query                               topics="kad-dht find" tid=4807406 peer=16U*oeaQi3
[2026-10-04 13:19:26.452] [out] [delivery_module] DBG 2026-10-04 13:19:26.452+02:00 Lookup query                               topics="kad-dht find" tid=4807406 peer=16U*6M7AnR
[2026-10-04 13:19:26.452] [out] [delivery_module] DBG 2026-10-04 13:19:26.452+02:00 Kad lookup: RPC error                      topics="kad-dht find" tid=4807406 peer=16U*6M7AnR msg="dialStage: timed out dialing the peer"
[2026-10-04 13:19:26.452] [out] [delivery_module] DBG 2026-10-04 13:19:26.452+02:00 Kad lookup: RPC error                      topics="kad-dht find" tid=4807406 peer=16U*oeaQi3 msg="dialStage: timed out dialing the peer"
[2026-10-04 13:19:26.526] [out] [delivery_module] DBG 2026-10-04 13:19:26.526+02:00 Lookup query                               topics="kad-dht find" tid=4807406 peer=16U*FMCSLG
[2026-10-04 13:19:26.526] [out] [delivery_module] DBG 2026-10-04 13:19:26.526+02:00 Lookup query                               topics="kad-dht find" tid=4807406 peer=16U*bERhF5
[2026-10-04 13:19:26.526] [out] [delivery_module] DBG 2026-10-04 13:19:26.526+02:00 Lookup query                               topics="kad-dht find" tid=4807406 peer=16U*oeaQi3
[2026-10-04 13:19:26.526] [out] [delivery_module] DBG 2026-10-04 13:19:26.526+02:00 Lookup query                               topics="kad-dht find" tid=4807406 peer=16U*6M7AnR
[2026-10-04 13:19:26.526] [out] [delivery_module] DBG 2026-10-04 13:19:26.526+02:00 Lookup query                               topics="kad-dht find" tid=4807406 peer=16U*Yn2Pww
[2026-10-04 13:19:26.526] [out] [delivery_module] DBG 2026-10-04 13:19:26.526+02:00 Kad lookup: RPC error                      topics="kad-dht find" tid=4807406 peer=16U*oeaQi3 msg="dialStage: timed out dialing the peer"
[2026-10-04 13:19:26.526] [out] [delivery_module] DBG 2026-10-04 13:19:26.526+02:00 Kad lookup: RPC error                      topics="kad-dht find" tid=4807406 peer=16U*6M7AnR msg="dialStage: timed out dialing the peer"
[2026-10-04 13:19:26.550] [out] [delivery_module] DBG 2026-10-04 13:19:26.550+02:00 Lookup query                               topics="kad-dht find" tid=4807406 peer=16U*oeaQi3
[2026-10-04 13:19:26.550] [out] [delivery_module] DBG 2026-10-04 13:19:26.550+02:00 Lookup query                               topics="kad-dht find" tid=4807406 peer=16U*6M7AnR
[2026-10-04 13:19:26.550] [out] [delivery_module] DBG 2026-10-04 13:19:26.550+02:00 Lookup query                               topics="kad-dht find" tid=4807406 peer=16U*Yn2Pww
[2026-10-04 13:19:26.550] [out] [delivery_module] DBG 2026-10-04 13:19:26.550+02:00 Lookup query                               topics="kad-dht find" tid=4807406 peer=16U*FMCSLG
[2026-10-04 13:19:26.550] [out] [delivery_module] DBG 2026-10-04 13:19:26.550+02:00 Lookup query                               topics="kad-dht find" tid=4807406 peer=16U*bERhF5
[2026-10-04 13:19:26.550] [out] [delivery_module] DBG 2026-10-04 13:19:26.550+02:00 Kad lookup: RPC error                      topics="kad-dht find" tid=4807406 peer=16U*6M7AnR msg="dialStage: timed out dialing the peer"
[2026-10-04 13:19:26.550] [out] [delivery_module] DBG 2026-10-04 13:19:26.550+02:00 Kad lookup: RPC error                      topics="kad-dht find" tid=4807406 peer=16U*oeaQi3 msg="dialStage: timed out dialing the peer"
[2026-10-04 13:19:26.553] [out] [delivery_module] DBG 2026-10-04 13:19:26.553+02:00 Lookup query                               topics="kad-dht find" tid=4807406 peer=16U*oeaQi3
[2026-10-04 13:19:26.553] [out] [delivery_module] DBG 2026-10-04 13:19:26.553+02:00 Lookup query                               topics="kad-dht find" tid=4807406 peer=16U*6M7AnR
[2026-10-04 13:19:26.553] [out] [delivery_module] DBG 2026-10-04 13:19:26.553+02:00 Kad lookup: RPC error                      topics="kad-dht find" tid=4807406 peer=16U*oeaQi3 msg="dialStage: timed out dialing the peer"
[2026-10-04 13:19:26.553] [out] [delivery_module] DBG 2026-10-04 13:19:26.553+02:00 Kad lookup: RPC error                      topics="kad-dht find" tid=4807406 peer=16U*6M7AnR msg="dialStage: timed out dialing the peer"
[2026-10-04 13:19:26.643] [out] [delivery_module] DBG 2026-10-04 13:19:26.643+02:00 Lookup query                               topics="kad-dht find" tid=4807406 peer=16U*FMCSLG
[2026-10-04 13:19:26.643] [out] [delivery_module] DBG 2026-10-04 13:19:26.643+02:00 Lookup query                               topics="kad-dht find" tid=4807406 peer=16U*bERhF5
[2026-10-04 13:19:26.643] [out] [delivery_module] DBG 2026-10-04 13:19:26.643+02:00 Lookup query                               topics="kad-dht find" tid=4807406 peer=16U*6M7AnR
[2026-10-04 13:19:26.643] [out] [delivery_module] DBG 2026-10-04 13:19:26.643+02:00 Lookup query                               topics="kad-dht find" tid=4807406 peer=16U*oeaQi3
[2026-10-04 13:19:26.643] [out] [delivery_module] DBG 2026-10-04 13:19:26.643+02:00 Lookup query                               topics="kad-dht find" tid=4807406 peer=16U*Yn2Pww
[2026-10-04 13:19:26.643] [out] [delivery_module] DBG 2026-10-04 13:19:26.643+02:00 Kad lookup: RPC error                      topics="kad-dht find" tid=4807406 peer=16U*6M7AnR msg="dialStage: timed out dialing the peer"
[2026-10-04 13:19:26.643] [out] [delivery_module] DBG 2026-10-04 13:19:26.643+02:00 Kad lookup: RPC error                      topics="kad-dht find" tid=4807406 peer=16U*oeaQi3 msg="dialStage: timed out dialing the peer"
[2026-10-04 13:19:26.659] [out] [delivery_module] DBG 2026-10-04 13:19:26.658+02:00 Lookup query                               topics="kad-dht find" tid=4807406 peer=16U*Yn2Pww
[2026-10-04 13:19:26.659] [out] [delivery_module] DBG 2026-10-04 13:19:26.659+02:00 Lookup query                               topics="kad-dht find" tid=4807406 peer=16U*oeaQi3
[2026-10-04 13:19:26.659] [out] [delivery_module] DBG 2026-10-04 13:19:26.659+02:00 Lookup query                               topics="kad-dht find" tid=4807406 peer=16U*6M7AnR
[2026-10-04 13:19:26.659] [out] [delivery_module] DBG 2026-10-04 13:19:26.659+02:00 Lookup query                               topics="kad-dht find" tid=4807406 peer=16U*bERhF5
[2026-10-04 13:19:26.659] [out] [delivery_module] DBG 2026-10-04 13:19:26.659+02:00 Lookup query                               topics="kad-dht find" tid=4807406 peer=16U*FMCSLG
[2026-10-04 13:19:26.659] [out] [delivery_module] DBG 2026-10-04 13:19:26.659+02:00 Kad lookup: RPC error                      topics="kad-dht find" tid=4807406 peer=16U*oeaQi3 msg="dialStage: timed out dialing the peer"
[2026-10-04 13:19:26.659] [out] [delivery_module] DBG 2026-10-04 13:19:26.659+02:00 Kad lookup: RPC error                      topics="kad-dht find" tid=4807406 peer=16U*6M7AnR msg="dialStage: timed out dialing the peer"
[2026-10-04 13:19:26.733] [out] [delivery_module] DBG 2026-10-04 13:19:26.733+02:00 Lookup query                               topics="kad-dht find" tid=4807406 peer=16U*oeaQi3
[2026-10-04 13:19:26.733] [out] [delivery_module] DBG 2026-10-04 13:19:26.733+02:00 Lookup query                               topics="kad-dht find" tid=4807406 peer=16U*6M7AnR
[2026-10-04 13:19:26.733] [out] [delivery_module] DBG 2026-10-04 13:19:26.733+02:00 Lookup query                               topics="kad-dht find" tid=4807406 peer=16U*Yn2Pww
[2026-10-04 13:19:26.733] [out] [delivery_module] DBG 2026-10-04 13:19:26.733+02:00 Lookup query                               topics="kad-dht find" tid=4807406 peer=16U*EyjWVs
[2026-10-04 13:19:26.733] [out] [delivery_module] DBG 2026-10-04 13:19:26.733+02:00 Lookup query                               topics="kad-dht find" tid=4807406 peer=16U*bERhF5
[2026-10-04 13:19:26.733] [out] [delivery_module] DBG 2026-10-04 13:19:26.733+02:00 Lookup query                               topics="kad-dht find" tid=4807406 peer=16U*FMCSLG
[2026-10-04 13:19:26.733] [out] [delivery_module] DBG 2026-10-04 13:19:26.733+02:00 Kad lookup: RPC error                      topics="kad-dht find" tid=4807406 peer=16U*oeaQi3 msg="dialStage: timed out dialing the peer"
[2026-10-04 13:19:26.733] [out] [delivery_module] DBG 2026-10-04 13:19:26.733+02:00 Kad lookup: RPC error                      topics="kad-dht find" tid=4807406 peer=16U*6M7AnR msg="dialStage: timed out dialing the peer"
[2026-10-04 13:19:26.795] [out] [delivery_module] DBG 2026-10-04 13:19:26.795+02:00 Lookup query                               topics="kad-dht find" tid=4807406 peer=16U*EyjWVs
[2026-10-04 13:19:26.796] [out] [delivery_module] DBG 2026-10-04 13:19:26.796+02:00 Lookup query                               topics="kad-dht find" tid=4807406 peer=16U*bERhF5
[2026-10-04 13:19:26.796] [out] [delivery_module] DBG 2026-10-04 13:19:26.796+02:00 Lookup query                               topics="kad-dht find" tid=4807406 peer=16U*FMCSLG
[2026-10-04 13:19:26.796] [out] [delivery_module] DBG 2026-10-04 13:19:26.796+02:00 Lookup query                               topics="kad-dht find" tid=4807406 peer=16U*6M7AnR
[2026-10-04 13:19:26.796] [out] [delivery_module] DBG 2026-10-04 13:19:26.796+02:00 Lookup query                               topics="kad-dht find" tid=4807406 peer=16U*oeaQi3
[2026-10-04 13:19:26.796] [out] [delivery_module] DBG 2026-10-04 13:19:26.796+02:00 Lookup query                               topics="kad-dht find" tid=4807406 peer=16U*Yn2Pww
[2026-10-04 13:19:26.796] [out] [delivery_module] DBG 2026-10-04 13:19:26.796+02:00 Kad lookup: RPC error                      topics="kad-dht find" tid=4807406 peer=16U*6M7AnR msg="dialStage: timed out dialing the peer"
[2026-10-04 13:19:26.796] [out] [delivery_module] DBG 2026-10-04 13:19:26.796+02:00 Kad lookup: RPC error                      topics="kad-dht find" tid=4807406 peer=16U*oeaQi3 msg="dialStage: timed out dialing the peer"
[2026-10-04 13:19:26.859] [out] [delivery_module] DBG 2026-10-04 13:19:26.859+02:00 Lookup query                               topics="kad-dht find" tid=4807406 peer=16U*oeaQi3
[2026-10-04 13:19:26.860] [out] [delivery_module] DBG 2026-10-04 13:19:26.859+02:00 Lookup query                               topics="kad-dht find" tid=4807406 peer=16U*6M7AnR
[2026-10-04 13:19:26.860] [out] [delivery_module] DBG 2026-10-04 13:19:26.860+02:00 Kad lookup: RPC error                      topics="kad-dht find" tid=4807406 peer=16U*oeaQi3 msg="dialStage: timed out dialing the peer"
[2026-10-04 13:19:26.860] [out] [delivery_module] DBG 2026-10-04 13:19:26.860+02:00 Kad lookup: RPC error                      topics="kad-dht find" tid=4807406 peer=16U*6M7AnR msg="dialStage: timed out dialing the peer"
[2026-10-04 13:19:26.929] [out] [delivery_module] DBG 2026-10-04 13:19:26.929+02:00 Lookup query                               topics="kad-dht find" tid=4807406 peer=16U*bERhF5
[2026-10-04 13:19:26.929] [out] [delivery_module] DBG 2026-10-04 13:19:26.929+02:00 Lookup query                               topics="kad-dht find" tid=4807406 peer=16U*FMCSLG
[2026-10-04 13:19:26.929] [out] [delivery_module] DBG 2026-10-04 13:19:26.929+02:00 Lookup query                               topics="kad-dht find" tid=4807406 peer=16U*EyjWVs
[2026-10-04 13:19:26.929] [out] [delivery_module] DBG 2026-10-04 13:19:26.929+02:00 Lookup query                               topics="kad-dht find" tid=4807406 peer=16U*Yn2Pww
[2026-10-04 13:19:26.929] [out] [delivery_module] DBG 2026-10-04 13:19:26.929+02:00 Lookup query                               topics="kad-dht find" tid=4807406 peer=16U*6M7AnR
[2026-10-04 13:19:26.929] [out] [delivery_module] DBG 2026-10-04 13:19:26.929+02:00 Lookup query                               topics="kad-dht find" tid=4807406 peer=16U*oeaQi3
[2026-10-04 13:19:26.929] [out] [delivery_module] DBG 2026-10-04 13:19:26.929+02:00 Kad lookup: RPC error                      topics="kad-dht find" tid=4807406 peer=16U*oeaQi3 msg="dialStage: timed out dialing the peer"
[2026-10-04 13:19:26.929] [out] [delivery_module] DBG 2026-10-04 13:19:26.929+02:00 Kad lookup: RPC error                      topics="kad-dht find" tid=4807406 peer=16U*6M7AnR msg="dialStage: timed out dialing the peer"
[2026-10-04 13:19:28.579] [out] [delivery_module] DBG 2026-10-04 13:19:28.579+02:00 Creating stream                            tid=4807406
[2026-10-04 13:19:28.579] [out] [delivery_module] DBG 2026-10-04 13:19:28.579+02:00 New stream created                         tid=4807406
[2026-10-04 13:19:28.583] [out] [delivery_module] DBG 2026-10-04 13:19:28.583+02:00 calculateConnectionState                   tid=4807406 relayCount=9 storeClientCount=6 lightpushCount=9 filterCount=9
[2026-10-04 13:19:29.041] [out] [delivery_module] DBG 2026-10-04 13:19:29.041+02:00 MixSendProcessor.sendImpl failed           topics="send service mix processor" tid=4807406 error="No peers for topic, skipping publish"
[2026-10-04 13:19:30.043] [out] [delivery_module] DBG 2026-10-04 13:19:30.043+02:00 Trying message delivery via Mix            topics="send service mix processor" tid=4807406 requestId=eae94d37387a23a82fd6 msgHash=0xc3c83ab18a81b8c0f848732a5b68faf90afbeb7f5ee967ed20683869803ff738 tryCount=6
[2026-10-04 13:19:30.043] [out] [delivery_module] DBG 2026-10-04 13:19:30.043+02:00 Publishing message without RLN proof       tid=4807406
[2026-10-04 13:19:30.043] [out] [delivery_module] DBG 2026-10-04 13:19:30.043+02:00 Publishing message with lightpush          topics="waku node lightpush api" tid=4807406 pubsubTopic=/waku/2/rs/3/7 contentTopic=/lp0026forum/1/general/text target_peer_id=16U*VpJprH msg_hash=0xc3c83ab18a81b8c0f848732a5b68faf90afbeb7f5ee967ed20683869803ff738 mixify=true
[2026-10-04 13:19:30.043] [out] [delivery_module] DBG 2026-10-04 13:19:30.043+02:00 Publish                                    topics="waku lightpush client" tid=4807406 myPeerId=16U*Tp1aUr peerId= msgHash=0xc3c83ab18a81b8c0f848732a5b68faf90afbeb7f5ee967ed20683869803ff738 sentTime=1791112770043575040
[2026-10-04 13:19:30.043] [out] [delivery_module] DBG 2026-10-04 13:19:30.043+02:00 Destination data                           tid=4807406 destination=MixDestination[MixNode](16Uiu2HAmMK7PYygBtKUQ8EHp7EfaD3bCEsJrkFooK8RQ2PVpJprH)
[2026-10-04 13:19:30.043] [out] [delivery_module] DBG 2026-10-04 13:19:30.043+02:00 Selected mix node:                         tid=4807406 indexInPath=0 peerId=16U*T3UNSE
[2026-10-04 13:19:30.043] [out] [delivery_module] DBG 2026-10-04 13:19:30.043+02:00 Selected mix node:                         tid=4807406 indexInPath=1 peerId=16U*NSkuby
[2026-10-04 13:19:30.043] [out] [delivery_module] DBG 2026-10-04 13:19:30.043+02:00 Selected mix node:                         tid=4807406 indexInPath=2 peerId=16U*VpJprH
[2026-10-04 13:19:30.044] [out] [delivery_module] DBG 2026-10-04 13:19:30.043+02:00 Selected mix node for surbs:               tid=4807406 indexInPath=0 peerId=16U*T3UNSE
[2026-10-04 13:19:30.044] [out] [delivery_module] DBG 2026-10-04 13:19:30.044+02:00 Selected mix node for surbs:               tid=4807406 indexInPath=1 peerId=16U*P1S397
[2026-10-04 13:19:31.335] [out] [delivery_module] DBG 2026-10-04 13:19:31.335+02:00 MixSendProcessor.sendImpl failed           topics="send service mix processor" tid=4807406 error="No peers for topic, skipping publish"
[2026-10-04 13:19:31.453] [out] [delivery_module] DBG 2026-10-04 13:19:31.453+02:00 Lookup query                               topics="kad-dht find" tid=4807406 peer=16U*FMCSLG
[2026-10-04 13:19:31.453] [out] [delivery_module] DBG 2026-10-04 13:19:31.453+02:00 Lookup query                               topics="kad-dht find" tid=4807406 peer=16U*bERhF5
[2026-10-04 13:19:31.453] [out] [delivery_module] DBG 2026-10-04 13:19:31.453+02:00 Lookup query                               topics="kad-dht find" tid=4807406 peer=16U*EyjWVs
[2026-10-04 13:19:31.454] [out] [delivery_module] DBG 2026-10-04 13:19:31.453+02:00 Lookup query                               topics="kad-dht find" tid=4807406 peer=16U*Yn2Pww
[2026-10-04 13:19:31.454] [out] [delivery_module] DBG 2026-10-04 13:19:31.454+02:00 Lookup query                               topics="kad-dht find" tid=4807406 peer=16U*cef9mW
[2026-10-04 13:19:31.454] [out] [delivery_module] DBG 2026-10-04 13:19:31.454+02:00 Lookup query                               topics="kad-dht find" tid=4807406 peer=16U*oeaQi3
[2026-10-04 13:19:31.454] [out] [delivery_module] DBG 2026-10-04 13:19:31.454+02:00 Lookup query                               topics="kad-dht find" tid=4807406 peer=16U*6M7AnR
[2026-10-04 13:19:31.454] [out] [delivery_module] DBG 2026-10-04 13:19:31.454+02:00 Kad lookup: RPC error                      topics="kad-dht find" tid=4807406 peer=16U*FMCSLG msg="dialStage: timed out dialing the peer"
[2026-10-04 13:19:31.454] [out] [delivery_module] DBG 2026-10-04 13:19:31.454+02:00 Kad lookup: RPC error                      topics="kad-dht find" tid=4807406 peer=16U*Yn2Pww msg="dialStage: timed out dialing the peer"
[2026-10-04 13:19:31.454] [out] [delivery_module] DBG 2026-10-04 13:19:31.454+02:00 Kad lookup: RPC error                      topics="kad-dht find" tid=4807406 peer=16U*6M7AnR msg="dialStage: timed out dialing the peer"
[2026-10-04 13:19:31.454] [out] [delivery_module] DBG 2026-10-04 13:19:31.454+02:00 Kad lookup: RPC error                      topics="kad-dht find" tid=4807406 peer=16U*bERhF5 msg="dialStage: timed out dialing the peer"
[2026-10-04 13:19:31.454] [out] [delivery_module] DBG 2026-10-04 13:19:31.454+02:00 Kad lookup: RPC error                      topics="kad-dht find" tid=4807406 peer=16U*oeaQi3 msg="dialStage: timed out dialing the peer"
[2026-10-04 13:19:31.528] [out] [delivery_module] DBG 2026-10-04 13:19:31.528+02:00 Lookup query                               topics="kad-dht find" tid=4807406 peer=16U*FMCSLG
[2026-10-04 13:19:31.528] [out] [delivery_module] DBG 2026-10-04 13:19:31.528+02:00 Lookup query                               topics="kad-dht find" tid=4807406 peer=16U*bERhF5
[2026-10-04 13:19:31.528] [out] [delivery_module] DBG 2026-10-04 13:19:31.528+02:00 Lookup query                               topics="kad-dht find" tid=4807406 peer=16U*oeaQi3
[2026-10-04 13:19:31.528] [out] [delivery_module] DBG 2026-10-04 13:19:31.528+02:00 Lookup query                               topics="kad-dht find" tid=4807406 peer=16U*6M7AnR
[2026-10-04 13:19:31.528] [out] [delivery_module] DBG 2026-10-04 13:19:31.528+02:00 Lookup query                               topics="kad-dht find" tid=4807406 peer=16U*Yn2Pww
[2026-10-04 13:19:31.529] [out] [delivery_module] DBG 2026-10-04 13:19:31.529+02:00 Kad lookup: RPC error                      topics="kad-dht find" tid=4807406 peer=16U*oeaQi3 msg="dialStage: timed out dialing the peer"
[2026-10-04 13:19:31.529] [out] [delivery_module] DBG 2026-10-04 13:19:31.529+02:00 Kad lookup: RPC error                      topics="kad-dht find" tid=4807406 peer=16U*Yn2Pww msg="dialStage: timed out dialing the peer"
[2026-10-04 13:19:31.529] [out] [delivery_module] DBG 2026-10-04 13:19:31.529+02:00 Kad lookup: RPC error                      topics="kad-dht find" tid=4807406 peer=16U*6M7AnR msg="dialStage: timed out dialing the peer"
[2026-10-04 13:19:31.529] [out] [delivery_module] DBG 2026-10-04 13:19:31.529+02:00 Kad lookup: RPC error                      topics="kad-dht find" tid=4807406 peer=16U*bERhF5 msg="dialStage: timed out dialing the peer"
[2026-10-04 13:19:31.529] [out] [delivery_module] DBG 2026-10-04 13:19:31.529+02:00 Kad lookup: RPC error                      topics="kad-dht find" tid=4807406 peer=16U*FMCSLG msg="dialStage: timed out dialing the peer"
[2026-10-04 13:19:31.552] [out] [delivery_module] DBG 2026-10-04 13:19:31.552+02:00 Lookup query                               topics="kad-dht find" tid=4807406 peer=16U*cef9mW
[2026-10-04 13:19:31.552] [out] [delivery_module] DBG 2026-10-04 13:19:31.552+02:00 Lookup query                               topics="kad-dht find" tid=4807406 peer=16U*oeaQi3
[2026-10-04 13:19:31.552] [out] [delivery_module] DBG 2026-10-04 13:19:31.552+02:00 Lookup query                               topics="kad-dht find" tid=4807406 peer=16U*6M7AnR
[2026-10-04 13:19:31.552] [out] [delivery_module] DBG 2026-10-04 13:19:31.552+02:00 Lookup query                               topics="kad-dht find" tid=4807406 peer=16U*Yn2Pww
[2026-10-04 13:19:31.552] [out] [delivery_module] DBG 2026-10-04 13:19:31.552+02:00 Lookup query                               topics="kad-dht find" tid=4807406 peer=16U*EyjWVs
[2026-10-04 13:19:31.552] [out] [delivery_module] DBG 2026-10-04 13:19:31.552+02:00 Lookup query                               topics="kad-dht find" tid=4807406 peer=16U*FMCSLG
[2026-10-04 13:19:31.552] [out] [delivery_module] DBG 2026-10-04 13:19:31.552+02:00 Lookup query                               topics="kad-dht find" tid=4807406 peer=16U*bERhF5
[2026-10-04 13:19:31.553] [out] [delivery_module] DBG 2026-10-04 13:19:31.553+02:00 Kad lookup: RPC error                      topics="kad-dht find" tid=4807406 peer=16U*Yn2Pww msg="dialStage: timed out dialing the peer"
[2026-10-04 13:19:31.553] [out] [delivery_module] DBG 2026-10-04 13:19:31.553+02:00 Kad lookup: RPC error                      topics="kad-dht find" tid=4807406 peer=16U*6M7AnR msg="dialStage: timed out dialing the peer"
[2026-10-04 13:19:31.553] [out] [delivery_module] DBG 2026-10-04 13:19:31.553+02:00 Kad lookup: RPC error                      topics="kad-dht find" tid=4807406 peer=16U*FMCSLG msg="dialStage: timed out dialing the peer"
[2026-10-04 13:19:31.553] [out] [delivery_module] DBG 2026-10-04 13:19:31.553+02:00 Kad lookup: RPC error                      topics="kad-dht find" tid=4807406 peer=16U*oeaQi3 msg="dialStage: timed out dialing the peer"
[2026-10-04 13:19:31.553] [out] [delivery_module] DBG 2026-10-04 13:19:31.553+02:00 Kad lookup: RPC error                      topics="kad-dht find" tid=4807406 peer=16U*bERhF5 msg="dialStage: timed out dialing the peer"
[2026-10-04 13:19:31.554] [out] [delivery_module] DBG 2026-10-04 13:19:31.554+02:00 Lookup query                               topics="kad-dht find" tid=4807406 peer=16U*oeaQi3
[2026-10-04 13:19:31.554] [out] [delivery_module] DBG 2026-10-04 13:19:31.554+02:00 Lookup query                               topics="kad-dht find" tid=4807406 peer=16U*6M7AnR
[2026-10-04 13:19:31.554] [out] [delivery_module] DBG 2026-10-04 13:19:31.554+02:00 Kad lookup: RPC error                      topics="kad-dht find" tid=4807406 peer=16U*oeaQi3 msg="dialStage: timed out dialing the peer"
[2026-10-04 13:19:31.554] [out] [delivery_module] DBG 2026-10-04 13:19:31.554+02:00 Kad lookup: RPC error                      topics="kad-dht find" tid=4807406 peer=16U*6M7AnR msg="dialStage: timed out dialing the peer"
[2026-10-04 13:19:31.645] [out] [delivery_module] DBG 2026-10-04 13:19:31.645+02:00 Lookup query                               topics="kad-dht find" tid=4807406 peer=16U*FMCSLG
[2026-10-04 13:19:31.645] [out] [delivery_module] DBG 2026-10-04 13:19:31.645+02:00 Lookup query                               topics="kad-dht find" tid=4807406 peer=16U*bERhF5
[2026-10-04 13:19:31.645] [out] [delivery_module] DBG 2026-10-04 13:19:31.645+02:00 Lookup query                               topics="kad-dht find" tid=4807406 peer=16U*6M7AnR
[2026-10-04 13:19:31.645] [out] [delivery_module] DBG 2026-10-04 13:19:31.645+02:00 Lookup query                               topics="kad-dht find" tid=4807406 peer=16U*oeaQi3
[2026-10-04 13:19:31.645] [out] [delivery_module] DBG 2026-10-04 13:19:31.645+02:00 Lookup query                               topics="kad-dht find" tid=4807406 peer=16U*Yn2Pww
[2026-10-04 13:19:31.645] [out] [delivery_module] DBG 2026-10-04 13:19:31.645+02:00 Kad lookup: RPC error                      topics="kad-dht find" tid=4807406 peer=16U*bERhF5 msg="dialStage: timed out dialing the peer"
[2026-10-04 13:19:31.646] [out] [delivery_module] DBG 2026-10-04 13:19:31.645+02:00 Kad lookup: RPC error                      topics="kad-dht find" tid=4807406 peer=16U*FMCSLG msg="dialStage: timed out dialing the peer"
[2026-10-04 13:19:31.646] [out] [delivery_module] DBG 2026-10-04 13:19:31.645+02:00 Kad lookup: RPC error                      topics="kad-dht find" tid=4807406 peer=16U*oeaQi3 msg="dialStage: timed out dialing the peer"
[2026-10-04 13:19:31.646] [out] [delivery_module] DBG 2026-10-04 13:19:31.645+02:00 Kad lookup: RPC error                      topics="kad-dht find" tid=4807406 peer=16U*6M7AnR msg="dialStage: timed out dialing the peer"
[2026-10-04 13:19:31.646] [out] [delivery_module] DBG 2026-10-04 13:19:31.646+02:00 Kad lookup: RPC error                      topics="kad-dht find" tid=4807406 peer=16U*Yn2Pww msg="dialStage: timed out dialing the peer"
[2026-10-04 13:19:31.660] [out] [delivery_module] DBG 2026-10-04 13:19:31.660+02:00 Lookup query                               topics="kad-dht find" tid=4807406 peer=16U*Yn2Pww
[2026-10-04 13:19:31.660] [out] [delivery_module] DBG 2026-10-04 13:19:31.660+02:00 Lookup query                               topics="kad-dht find" tid=4807406 peer=16U*oeaQi3
[2026-10-04 13:19:31.660] [out] [delivery_module] DBG 2026-10-04 13:19:31.660+02:00 Lookup query                               topics="kad-dht find" tid=4807406 peer=16U*6M7AnR
[2026-10-04 13:19:31.660] [out] [delivery_module] DBG 2026-10-04 13:19:31.660+02:00 Lookup query                               topics="kad-dht find" tid=4807406 peer=16U*cef9mW
[2026-10-04 13:19:31.660] [out] [delivery_module] DBG 2026-10-04 13:19:31.660+02:00 Lookup query                               topics="kad-dht find" tid=4807406 peer=16U*bERhF5
[2026-10-04 13:19:31.660] [out] [delivery_module] DBG 2026-10-04 13:19:31.660+02:00 Lookup query                               topics="kad-dht find" tid=4807406 peer=16U*FMCSLG
[2026-10-04 13:19:31.660] [out] [delivery_module] DBG 2026-10-04 13:19:31.660+02:00 Lookup query                               topics="kad-dht find" tid=4807406 peer=16U*EyjWVs
[2026-10-04 13:19:31.661] [out] [delivery_module] DBG 2026-10-04 13:19:31.661+02:00 Kad lookup: RPC error                      topics="kad-dht find" tid=4807406 peer=16U*Yn2Pww msg="dialStage: timed out dialing the peer"
[2026-10-04 13:19:31.661] [out] [delivery_module] DBG 2026-10-04 13:19:31.661+02:00 Kad lookup: RPC error                      topics="kad-dht find" tid=4807406 peer=16U*6M7AnR msg="dialStage: timed out dialing the peer"
[2026-10-04 13:19:31.661] [out] [delivery_module] DBG 2026-10-04 13:19:31.661+02:00 Kad lookup: RPC error                      topics="kad-dht find" tid=4807406 peer=16U*oeaQi3 msg="dialStage: timed out dialing the peer"
[2026-10-04 13:19:31.661] [out] [delivery_module] DBG 2026-10-04 13:19:31.661+02:00 Kad lookup: RPC error                      topics="kad-dht find" tid=4807406 peer=16U*FMCSLG msg="dialStage: timed out dialing the peer"
[2026-10-04 13:19:31.661] [out] [delivery_module] DBG 2026-10-04 13:19:31.661+02:00 Kad lookup: RPC error                      topics="kad-dht find" tid=4807406 peer=16U*bERhF5 msg="dialStage: timed out dialing the peer"
[2026-10-04 13:19:31.734] [out] [delivery_module] DBG 2026-10-04 13:19:31.734+02:00 Lookup query                               topics="kad-dht find" tid=4807406 peer=16U*oeaQi3
[2026-10-04 13:19:31.734] [out] [delivery_module] DBG 2026-10-04 13:19:31.734+02:00 Lookup query                               topics="kad-dht find" tid=4807406 peer=16U*6M7AnR
[2026-10-04 13:19:31.734] [out] [delivery_module] DBG 2026-10-04 13:19:31.734+02:00 Lookup query                               topics="kad-dht find" tid=4807406 peer=16U*cef9mW
[2026-10-04 13:19:31.734] [out] [delivery_module] DBG 2026-10-04 13:19:31.734+02:00 Lookup query                               topics="kad-dht find" tid=4807406 peer=16U*Yn2Pww
[2026-10-04 13:19:31.734] [out] [delivery_module] DBG 2026-10-04 13:19:31.734+02:00 Lookup query                               topics="kad-dht find" tid=4807406 peer=16U*EyjWVs
[2026-10-04 13:19:31.734] [out] [delivery_module] DBG 2026-10-04 13:19:31.734+02:00 Lookup query                               topics="kad-dht find" tid=4807406 peer=16U*bERhF5
[2026-10-04 13:19:31.734] [out] [delivery_module] DBG 2026-10-04 13:19:31.734+02:00 Lookup query                               topics="kad-dht find" tid=4807406 peer=16U*FMCSLG
[2026-10-04 13:19:31.735] [out] [delivery_module] DBG 2026-10-04 13:19:31.735+02:00 Kad lookup: RPC error                      topics="kad-dht find" tid=4807406 peer=16U*oeaQi3 msg="dialStage: timed out dialing the peer"
[2026-10-04 13:19:31.735] [out] [delivery_module] DBG 2026-10-04 13:19:31.735+02:00 Kad lookup: RPC error                      topics="kad-dht find" tid=4807406 peer=16U*6M7AnR msg="dialStage: timed out dialing the peer"
[2026-10-04 13:19:31.735] [out] [delivery_module] DBG 2026-10-04 13:19:31.735+02:00 Kad lookup: RPC error                      topics="kad-dht find" tid=4807406 peer=16U*EyjWVs msg="dialStage: timed out dialing the peer"
[2026-10-04 13:19:31.735] [out] [delivery_module] DBG 2026-10-04 13:19:31.735+02:00 Kad lookup: RPC error                      topics="kad-dht find" tid=4807406 peer=16U*Yn2Pww msg="dialStage: timed out dialing the peer"
[2026-10-04 13:19:31.735] [out] [delivery_module] DBG 2026-10-04 13:19:31.735+02:00 Kad lookup: RPC error                      topics="kad-dht find" tid=4807406 peer=16U*FMCSLG msg="dialStage: timed out dialing the peer"
[2026-10-04 13:19:31.735] [out] [delivery_module] DBG 2026-10-04 13:19:31.735+02:00 Kad lookup: RPC error                      topics="kad-dht find" tid=4807406 peer=16U*bERhF5 msg="dialStage: timed out dialing the peer"
[2026-10-04 13:19:31.763] [out] [delivery_module] DBG 2026-10-04 13:19:31.763+02:00 Dialing multiple peers                     topics="waku node peer_manager" tid=4807406 numOfPeers=3 nodes="@[16Uiu2HAm1DaML3iunrMGtsuf4mFHFCcNVCtWiBWu8n5ynREyjWVs, 16Uiu2HAmSf1wmPwWgwrbpuE9haAcQtPHkGGqL4ihYRQ8rsbERhF5, 16Uiu2HAmSTWwJ3vyi9UHYhyStGfxijAbAyPUDXRaK8LSzLFMCSLG]"
[2026-10-04 13:19:31.798] [out] [delivery_module] DBG 2026-10-04 13:19:31.798+02:00 Lookup query                               topics="kad-dht find" tid=4807406 peer=16U*EyjWVs
[2026-10-04 13:19:31.798] [out] [delivery_module] DBG 2026-10-04 13:19:31.798+02:00 Lookup query                               topics="kad-dht find" tid=4807406 peer=16U*bERhF5
[2026-10-04 13:19:31.798] [out] [delivery_module] DBG 2026-10-04 13:19:31.798+02:00 Lookup query                               topics="kad-dht find" tid=4807406 peer=16U*FMCSLG
[2026-10-04 13:19:31.798] [out] [delivery_module] DBG 2026-10-04 13:19:31.798+02:00 Lookup query                               topics="kad-dht find" tid=4807406 peer=16U*6M7AnR
[2026-10-04 13:19:31.798] [out] [delivery_module] DBG 2026-10-04 13:19:31.798+02:00 Lookup query                               topics="kad-dht find" tid=4807406 peer=16U*oeaQi3
[2026-10-04 13:19:31.798] [out] [delivery_module] DBG 2026-10-04 13:19:31.798+02:00 Lookup query                               topics="kad-dht find" tid=4807406 peer=16U*cef9mW
[2026-10-04 13:19:31.798] [out] [delivery_module] DBG 2026-10-04 13:19:31.798+02:00 Lookup query                               topics="kad-dht find" tid=4807406 peer=16U*Yn2Pww
[2026-10-04 13:19:31.799] [out] [delivery_module] DBG 2026-10-04 13:19:31.799+02:00 Kad lookup: RPC error                      topics="kad-dht find" tid=4807406 peer=16U*EyjWVs msg="dialStage: timed out dialing the peer"
[2026-10-04 13:19:31.799] [out] [delivery_module] DBG 2026-10-04 13:19:31.799+02:00 Kad lookup: RPC error                      topics="kad-dht find" tid=4807406 peer=16U*FMCSLG msg="dialStage: timed out dialing the peer"
[2026-10-04 13:19:31.799] [out] [delivery_module] DBG 2026-10-04 13:19:31.799+02:00 Kad lookup: RPC error                      topics="kad-dht find" tid=4807406 peer=16U*bERhF5 msg="dialStage: timed out dialing the peer"
[2026-10-04 13:19:31.799] [out] [delivery_module] DBG 2026-10-04 13:19:31.799+02:00 Kad lookup: RPC error                      topics="kad-dht find" tid=4807406 peer=16U*oeaQi3 msg="dialStage: timed out dialing the peer"
[2026-10-04 13:19:31.799] [out] [delivery_module] DBG 2026-10-04 13:19:31.799+02:00 Kad lookup: RPC error                      topics="kad-dht find" tid=4807406 peer=16U*Yn2Pww msg="dialStage: timed out dialing the peer"
[2026-10-04 13:19:31.799] [out] [delivery_module] DBG 2026-10-04 13:19:31.799+02:00 Kad lookup: RPC error                      topics="kad-dht find" tid=4807406 peer=16U*6M7AnR msg="dialStage: timed out dialing the peer"
[2026-10-04 13:19:31.862] [out] [delivery_module] DBG 2026-10-04 13:19:31.862+02:00 Lookup query                               topics="kad-dht find" tid=4807406 peer=16U*oeaQi3
[2026-10-04 13:19:31.862] [out] [delivery_module] DBG 2026-10-04 13:19:31.862+02:00 Lookup query                               topics="kad-dht find" tid=4807406 peer=16U*6M7AnR
[2026-10-04 13:19:31.862] [out] [delivery_module] DBG 2026-10-04 13:19:31.862+02:00 Kad lookup: RPC error                      topics="kad-dht find" tid=4807406 peer=16U*oeaQi3 msg="dialStage: timed out dialing the peer"
[2026-10-04 13:19:31.863] [out] [delivery_module] DBG 2026-10-04 13:19:31.862+02:00 Kad lookup: RPC error                      topics="kad-dht find" tid=4807406 peer=16U*6M7AnR msg="dialStage: timed out dialing the peer"
[2026-10-04 13:19:31.930] [out] [delivery_module] DBG 2026-10-04 13:19:31.930+02:00 Lookup query                               topics="kad-dht find" tid=4807406 peer=16U*bERhF5
[2026-10-04 13:19:31.930] [out] [delivery_module] DBG 2026-10-04 13:19:31.930+02:00 Lookup query                               topics="kad-dht find" tid=4807406 peer=16U*FMCSLG
[2026-10-04 13:19:31.931] [out] [delivery_module] DBG 2026-10-04 13:19:31.930+02:00 Lookup query                               topics="kad-dht find" tid=4807406 peer=16U*EyjWVs
[2026-10-04 13:19:31.931] [out] [delivery_module] DBG 2026-10-04 13:19:31.931+02:00 Lookup query                               topics="kad-dht find" tid=4807406 peer=16U*Yn2Pww
[2026-10-04 13:19:31.931] [out] [delivery_module] DBG 2026-10-04 13:19:31.931+02:00 Lookup query                               topics="kad-dht find" tid=4807406 peer=16U*6M7AnR
[2026-10-04 13:19:31.931] [out] [delivery_module] DBG 2026-10-04 13:19:31.931+02:00 Lookup query                               topics="kad-dht find" tid=4807406 peer=16U*oeaQi3
[2026-10-04 13:19:31.931] [out] [delivery_module] DBG 2026-10-04 13:19:31.931+02:00 Lookup query                               topics="kad-dht find" tid=4807406 peer=16U*cef9mW
[2026-10-04 13:19:31.932] [out] [delivery_module] DBG 2026-10-04 13:19:31.932+02:00 Kad lookup: RPC error                      topics="kad-dht find" tid=4807406 peer=16U*Yn2Pww msg="dialStage: timed out dialing the peer"
[2026-10-04 13:19:31.932] [out] [delivery_module] DBG 2026-10-04 13:19:31.932+02:00 Kad lookup: RPC error                      topics="kad-dht find" tid=4807406 peer=16U*bERhF5 msg="dialStage: timed out dialing the peer"
[2026-10-04 13:19:31.932] [out] [delivery_module] DBG 2026-10-04 13:19:31.932+02:00 Kad lookup: RPC error                      topics="kad-dht find" tid=4807406 peer=16U*EyjWVs msg="dialStage: timed out dialing the peer"
[2026-10-04 13:19:31.932] [out] [delivery_module] DBG 2026-10-04 13:19:31.932+02:00 Kad lookup: RPC error                      topics="kad-dht find" tid=4807406 peer=16U*FMCSLG msg="dialStage: timed out dialing the peer"
[2026-10-04 13:19:31.932] [out] [delivery_module] DBG 2026-10-04 13:19:31.932+02:00 Kad lookup: RPC error                      topics="kad-dht find" tid=4807406 peer=16U*oeaQi3 msg="dialStage: timed out dialing the peer"
[2026-10-04 13:19:31.932] [out] [delivery_module] DBG 2026-10-04 13:19:31.932+02:00 Kad lookup: RPC error                      topics="kad-dht find" tid=4807406 peer=16U*6M7AnR msg="dialStage: timed out dialing the peer"
[2026-10-04 13:19:32.336] [out] [delivery_module] DBG 2026-10-04 13:19:32.336+02:00 Trying message delivery via Mix            topics="send service mix processor" tid=4807406 requestId=eae94d37387a23a82fd6 msgHash=0xc3c83ab18a81b8c0f848732a5b68faf90afbeb7f5ee967ed20683869803ff738 tryCount=7
[2026-10-04 13:19:32.336] [out] [delivery_module] DBG 2026-10-04 13:19:32.336+02:00 Publishing message without RLN proof       tid=4807406
[2026-10-04 13:19:32.336] [out] [delivery_module] DBG 2026-10-04 13:19:32.336+02:00 Publishing message with lightpush          topics="waku node lightpush api" tid=4807406 pubsubTopic=/waku/2/rs/3/7 contentTopic=/lp0026forum/1/general/text target_peer_id=16U*NSkuby msg_hash=0xc3c83ab18a81b8c0f848732a5b68faf90afbeb7f5ee967ed20683869803ff738 mixify=true
[2026-10-04 13:19:32.336] [out] [delivery_module] DBG 2026-10-04 13:19:32.336+02:00 Publish                                    topics="waku lightpush client" tid=4807406 myPeerId=16U*Tp1aUr peerId= msgHash=0xc3c83ab18a81b8c0f848732a5b68faf90afbeb7f5ee967ed20683869803ff738 sentTime=1791112772336925952
[2026-10-04 13:19:32.336] [out] [delivery_module] DBG 2026-10-04 13:19:32.336+02:00 Destination data                           tid=4807406 destination=MixDestination[MixNode](16Uiu2HAmTUbnxLGT9JvV6mu9oPyDjqHK4Phs1VDJNUgESgNSkuby)
[2026-10-04 13:19:32.337] [out] [delivery_module] DBG 2026-10-04 13:19:32.336+02:00 Selected mix node:                         tid=4807406 indexInPath=0 peerId=16U*P1S397
[2026-10-04 13:19:32.337] [out] [delivery_module] DBG 2026-10-04 13:19:32.337+02:00 Selected mix node:                         tid=4807406 indexInPath=1 peerId=16U*CtL71W
[2026-10-04 13:19:32.337] [out] [delivery_module] DBG 2026-10-04 13:19:32.337+02:00 Selected mix node:                         tid=4807406 indexInPath=2 peerId=16U*NSkuby
[2026-10-04 13:19:32.337] [out] [delivery_module] DBG 2026-10-04 13:19:32.337+02:00 Selected mix node for surbs:               tid=4807406 indexInPath=0 peerId=16U*T3UNSE
[2026-10-04 13:19:32.337] [out] [delivery_module] DBG 2026-10-04 13:19:32.337+02:00 Selected mix node for surbs:               tid=4807406 indexInPath=1 peerId=16U*TwqBiH
[2026-10-04 13:19:32.638] [out] [delivery_module] DBG 2026-10-04 13:19:32.638+02:00 New stream created                         tid=4807406
[2026-10-04 13:19:32.654] [out] [delivery_module] DBG 2026-10-04 13:19:32.654+02:00 Creating stream                            tid=4807406
[2026-10-04 13:19:32.654] [out] [delivery_module] DBG 2026-10-04 13:19:32.654+02:00 New stream created                         tid=4807406
[2026-10-04 13:19:34.931] [out] [delivery_module] DBG 2026-10-04 13:19:34.931+02:00 MixSendProcessor.sendImpl failed           topics="send service mix processor" tid=4807406 error="No peers for topic, skipping publish"
[2026-10-04 13:19:35.933] [out] [delivery_module] DBG 2026-10-04 13:19:35.933+02:00 Trying message delivery via Mix            topics="send service mix processor" tid=4807406 requestId=eae94d37387a23a82fd6 msgHash=0xc3c83ab18a81b8c0f848732a5b68faf90afbeb7f5ee967ed20683869803ff738 tryCount=8
[2026-10-04 13:19:35.933] [out] [delivery_module] DBG 2026-10-04 13:19:35.933+02:00 Publishing message without RLN proof       tid=4807406
[2026-10-04 13:19:35.933] [out] [delivery_module] DBG 2026-10-04 13:19:35.933+02:00 Publishing message with lightpush          topics="waku node lightpush api" tid=4807406 pubsubTopic=/waku/2/rs/3/7 contentTopic=/lp0026forum/1/general/text target_peer_id=16U*TwqBiH msg_hash=0xc3c83ab18a81b8c0f848732a5b68faf90afbeb7f5ee967ed20683869803ff738 mixify=true
[2026-10-04 13:19:35.933] [out] [delivery_module] DBG 2026-10-04 13:19:35.933+02:00 Publish                                    topics="waku lightpush client" tid=4807406 myPeerId=16U*Tp1aUr peerId= msgHash=0xc3c83ab18a81b8c0f848732a5b68faf90afbeb7f5ee967ed20683869803ff738 sentTime=1791112775933808128
[2026-10-04 13:19:35.933] [out] [delivery_module] DBG 2026-10-04 13:19:35.933+02:00 Destination data                           tid=4807406 destination=MixDestination[MixNode](16Uiu2HAm8Y9kgBNtjxvCnf1X6gnZJW5EGE4UwwCL3CCm55TwqBiH)
[2026-10-04 13:19:35.933] [out] [delivery_module] DBG 2026-10-04 13:19:35.933+02:00 Selected mix node:                         tid=4807406 indexInPath=0 peerId=16U*NSkuby
[2026-10-04 13:19:35.933] [out] [delivery_module] DBG 2026-10-04 13:19:35.933+02:00 Selected mix node:                         tid=4807406 indexInPath=1 peerId=16U*CtL71W
[2026-10-04 13:19:35.934] [out] [delivery_module] DBG 2026-10-04 13:19:35.934+02:00 Selected mix node:                         tid=4807406 indexInPath=2 peerId=16U*TwqBiH
[2026-10-04 13:19:35.934] [out] [delivery_module] DBG 2026-10-04 13:19:35.934+02:00 Selected mix node for surbs:               tid=4807406 indexInPath=0 peerId=16U*NSkuby
[2026-10-04 13:19:35.934] [out] [delivery_module] DBG 2026-10-04 13:19:35.934+02:00 Selected mix node for surbs:               tid=4807406 indexInPath=1 peerId=16U*VpJprH
[2026-10-04 13:19:36.455] [out] [delivery_module] DBG 2026-10-04 13:19:36.455+02:00 Lookup query                               topics="kad-dht find" tid=4807406 peer=16U*FMCSLG
[2026-10-04 13:19:36.455] [out] [delivery_module] DBG 2026-10-04 13:19:36.455+02:00 Lookup query                               topics="kad-dht find" tid=4807406 peer=16U*bERhF5
[2026-10-04 13:19:36.455] [out] [delivery_module] DBG 2026-10-04 13:19:36.455+02:00 Lookup query                               topics="kad-dht find" tid=4807406 peer=16U*EyjWVs
[2026-10-04 13:19:36.455] [out] [delivery_module] DBG 2026-10-04 13:19:36.455+02:00 Lookup query                               topics="kad-dht find" tid=4807406 peer=16U*Yn2Pww
[2026-10-04 13:19:36.455] [out] [delivery_module] DBG 2026-10-04 13:19:36.455+02:00 Lookup query                               topics="kad-dht find" tid=4807406 peer=16U*cef9mW
[2026-10-04 13:19:36.455] [out] [delivery_module] DBG 2026-10-04 13:19:36.455+02:00 Lookup query                               topics="kad-dht find" tid=4807406 peer=16U*oeaQi3
[2026-10-04 13:19:36.455] [out] [delivery_module] DBG 2026-10-04 13:19:36.455+02:00 Lookup query                               topics="kad-dht find" tid=4807406 peer=16U*6M7AnR
[2026-10-04 13:19:36.456] [out] [delivery_module] DBG 2026-10-04 13:19:36.456+02:00 Kad lookup: RPC error                      topics="kad-dht find" tid=4807406 peer=16U*FMCSLG msg="dialStage: timed out dialing the peer"
[2026-10-04 13:19:36.456] [out] [delivery_module] DBG 2026-10-04 13:19:36.456+02:00 Kad lookup: RPC error                      topics="kad-dht find" tid=4807406 peer=16U*EyjWVs msg="dialStage: timed out dialing the peer"
[2026-10-04 13:19:36.456] [out] [delivery_module] DBG 2026-10-04 13:19:36.456+02:00 Kad lookup: RPC error                      topics="kad-dht find" tid=4807406 peer=16U*bERhF5 msg="dialStage: timed out dialing the peer"
[2026-10-04 13:19:36.456] [out] [delivery_module] DBG 2026-10-04 13:19:36.456+02:00 Kad lookup: RPC error                      topics="kad-dht find" tid=4807406 peer=16U*Yn2Pww msg="dialStage: timed out dialing the peer"
[2026-10-04 13:19:36.456] [out] [delivery_module] DBG 2026-10-04 13:19:36.456+02:00 Kad lookup: RPC error                      topics="kad-dht find" tid=4807406 peer=16U*cef9mW msg="dialStage: timed out dialing the peer"
[2026-10-04 13:19:36.456] [out] [delivery_module] DBG 2026-10-04 13:19:36.456+02:00 Kad lookup: RPC error                      topics="kad-dht find" tid=4807406 peer=16U*oeaQi3 msg="dialStage: timed out dialing the peer"
[2026-10-04 13:19:36.456] [out] [delivery_module] DBG 2026-10-04 13:19:36.456+02:00 Kad lookup: RPC error                      topics="kad-dht find" tid=4807406 peer=16U*6M7AnR msg="dialStage: timed out dialing the peer"
[2026-10-04 13:19:36.530] [out] [delivery_module] DBG 2026-10-04 13:19:36.530+02:00 Lookup query                               topics="kad-dht find" tid=4807406 peer=16U*FMCSLG
[2026-10-04 13:19:36.530] [out] [delivery_module] DBG 2026-10-04 13:19:36.530+02:00 Lookup query                               topics="kad-dht find" tid=4807406 peer=16U*bERhF5
[2026-10-04 13:19:36.530] [out] [delivery_module] DBG 2026-10-04 13:19:36.530+02:00 Lookup query                               topics="kad-dht find" tid=4807406 peer=16U*oeaQi3
[2026-10-04 13:19:36.530] [out] [delivery_module] DBG 2026-10-04 13:19:36.530+02:00 Lookup query                               topics="kad-dht find" tid=4807406 peer=16U*6M7AnR
[2026-10-04 13:19:36.530] [out] [delivery_module] DBG 2026-10-04 13:19:36.530+02:00 Lookup query                               topics="kad-dht find" tid=4807406 peer=16U*Yn2Pww
[2026-10-04 13:19:36.531] [out] [delivery_module] DBG 2026-10-04 13:19:36.531+02:00 Kad lookup: RPC error                      topics="kad-dht find" tid=4807406 peer=16U*bERhF5 msg="dialStage: timed out dialing the peer"
[2026-10-04 13:19:36.531] [out] [delivery_module] DBG 2026-10-04 13:19:36.531+02:00 Kad lookup: RPC error                      topics="kad-dht find" tid=4807406 peer=16U*oeaQi3 msg="dialStage: timed out dialing the peer"
[2026-10-04 13:19:36.531] [out] [delivery_module] DBG 2026-10-04 13:19:36.531+02:00 Kad lookup: RPC error                      topics="kad-dht find" tid=4807406 peer=16U*Yn2Pww msg="dialStage: timed out dialing the peer"
[2026-10-04 13:19:36.531] [out] [delivery_module] DBG 2026-10-04 13:19:36.531+02:00 Kad lookup: RPC error                      topics="kad-dht find" tid=4807406 peer=16U*6M7AnR msg="dialStage: timed out dialing the peer"
[2026-10-04 13:19:36.531] [out] [delivery_module] DBG 2026-10-04 13:19:36.531+02:00 Kad lookup: RPC error                      topics="kad-dht find" tid=4807406 peer=16U*FMCSLG msg="dialStage: timed out dialing the peer"
[2026-10-04 13:19:36.554] [out] [delivery_module] DBG 2026-10-04 13:19:36.554+02:00 Lookup query                               topics="kad-dht find" tid=4807406 peer=16U*cef9mW
[2026-10-04 13:19:36.554] [out] [delivery_module] DBG 2026-10-04 13:19:36.554+02:00 Lookup query                               topics="kad-dht find" tid=4807406 peer=16U*oeaQi3
[2026-10-04 13:19:36.554] [out] [delivery_module] DBG 2026-10-04 13:19:36.554+02:00 Lookup query                               topics="kad-dht find" tid=4807406 peer=16U*6M7AnR
[2026-10-04 13:19:36.554] [out] [delivery_module] DBG 2026-10-04 13:19:36.554+02:00 Lookup query                               topics="kad-dht find" tid=4807406 peer=16U*Yn2Pww
[2026-10-04 13:19:36.554] [out] [delivery_module] DBG 2026-10-04 13:19:36.554+02:00 Lookup query                               topics="kad-dht find" tid=4807406 peer=16U*EyjWVs
[2026-10-04 13:19:36.554] [out] [delivery_module] DBG 2026-10-04 13:19:36.554+02:00 Lookup query                               topics="kad-dht find" tid=4807406 peer=16U*FMCSLG
[2026-10-04 13:19:36.554] [out] [delivery_module] DBG 2026-10-04 13:19:36.554+02:00 Lookup query                               topics="kad-dht find" tid=4807406 peer=16U*bERhF5
[2026-10-04 13:19:36.556] [out] [delivery_module] DBG 2026-10-04 13:19:36.556+02:00 Lookup query                               topics="kad-dht find" tid=4807406 peer=16U*oeaQi3
[2026-10-04 13:19:36.556] [out] [delivery_module] DBG 2026-10-04 13:19:36.556+02:00 Lookup query                               topics="kad-dht find" tid=4807406 peer=16U*6M7AnR
[2026-10-04 13:19:36.556] [out] [delivery_module] DBG 2026-10-04 13:19:36.556+02:00 Kad lookup: RPC error                      topics="kad-dht find" tid=4807406 peer=16U*cef9mW msg="dialStage: timed out dialing the peer"
[2026-10-04 13:19:36.556] [out] [delivery_module] DBG 2026-10-04 13:19:36.556+02:00 Kad lookup: RPC error                      topics="kad-dht find" tid=4807406 peer=16U*oeaQi3 msg="dialStage: timed out dialing the peer"
[2026-10-04 13:19:36.556] [out] [delivery_module] DBG 2026-10-04 13:19:36.556+02:00 Kad lookup: RPC error                      topics="kad-dht find" tid=4807406 peer=16U*6M7AnR msg="dialStage: timed out dialing the peer"
[2026-10-04 13:19:36.556] [out] [delivery_module] DBG 2026-10-04 13:19:36.556+02:00 Kad lookup: RPC error                      topics="kad-dht find" tid=4807406 peer=16U*EyjWVs msg="dialStage: timed out dialing the peer"
[2026-10-04 13:19:36.556] [out] [delivery_module] DBG 2026-10-04 13:19:36.556+02:00 Kad lookup: RPC error                      topics="kad-dht find" tid=4807406 peer=16U*Yn2Pww msg="dialStage: timed out dialing the peer"
[2026-10-04 13:19:36.556] [out] [delivery_module] DBG 2026-10-04 13:19:36.556+02:00 Kad lookup: RPC error                      topics="kad-dht find" tid=4807406 peer=16U*FMCSLG msg="dialStage: timed out dialing the peer"
[2026-10-04 13:19:36.556] [out] [delivery_module] DBG 2026-10-04 13:19:36.556+02:00 Kad lookup: RPC error                      topics="kad-dht find" tid=4807406 peer=16U*bERhF5 msg="dialStage: timed out dialing the peer"
[2026-10-04 13:19:36.556] [out] [delivery_module] DBG 2026-10-04 13:19:36.556+02:00 Kad lookup: RPC error                      topics="kad-dht find" tid=4807406 peer=16U*oeaQi3 msg="waitStage: timed out before dialing"
[2026-10-04 13:19:36.556] [out] [delivery_module] DBG 2026-10-04 13:19:36.556+02:00 Kad lookup: RPC error                      topics="kad-dht find" tid=4807406 peer=16U*6M7AnR msg="waitStage: timed out before dialing"
[2026-10-04 13:19:36.648] [out] [delivery_module] DBG 2026-10-04 13:19:36.647+02:00 Lookup query                               topics="kad-dht find" tid=4807406 peer=16U*FMCSLG
[2026-10-04 13:19:36.648] [out] [delivery_module] DBG 2026-10-04 13:19:36.648+02:00 Lookup query                               topics="kad-dht find" tid=4807406 peer=16U*bERhF5
[2026-10-04 13:19:36.648] [out] [delivery_module] DBG 2026-10-04 13:19:36.648+02:00 Lookup query                               topics="kad-dht find" tid=4807406 peer=16U*6M7AnR
[2026-10-04 13:19:36.648] [out] [delivery_module] DBG 2026-10-04 13:19:36.648+02:00 Lookup query                               topics="kad-dht find" tid=4807406 peer=16U*oeaQi3
[2026-10-04 13:19:36.648] [out] [delivery_module] DBG 2026-10-04 13:19:36.648+02:00 Lookup query                               topics="kad-dht find" tid=4807406 peer=16U*Yn2Pww
[2026-10-04 13:19:36.648] [out] [delivery_module] DBG 2026-10-04 13:19:36.648+02:00 Kad lookup: RPC error                      topics="kad-dht find" tid=4807406 peer=16U*FMCSLG msg="dialStage: timed out dialing the peer"
[2026-10-04 13:19:36.648] [out] [delivery_module] DBG 2026-10-04 13:19:36.648+02:00 Kad lookup: RPC error                      topics="kad-dht find" tid=4807406 peer=16U*Yn2Pww msg="dialStage: timed out dialing the peer"
[2026-10-04 13:19:36.648] [out] [delivery_module] DBG 2026-10-04 13:19:36.648+02:00 Kad lookup: RPC error                      topics="kad-dht find" tid=4807406 peer=16U*oeaQi3 msg="dialStage: timed out dialing the peer"
[2026-10-04 13:19:36.648] [out] [delivery_module] DBG 2026-10-04 13:19:36.648+02:00 Kad lookup: RPC error                      topics="kad-dht find" tid=4807406 peer=16U*bERhF5 msg="dialStage: timed out dialing the peer"
[2026-10-04 13:19:36.648] [out] [delivery_module] DBG 2026-10-04 13:19:36.648+02:00 Kad lookup: RPC error                      topics="kad-dht find" tid=4807406 peer=16U*6M7AnR msg="dialStage: timed out dialing the peer"
[2026-10-04 13:19:36.662] [out] [delivery_module] DBG 2026-10-04 13:19:36.662+02:00 Lookup query                               topics="kad-dht find" tid=4807406 peer=16U*Yn2Pww
[2026-10-04 13:19:36.663] [out] [delivery_module] DBG 2026-10-04 13:19:36.662+02:00 Lookup query                               topics="kad-dht find" tid=4807406 peer=16U*oeaQi3
[2026-10-04 13:19:36.664] [out] [delivery_module] DBG 2026-10-04 13:19:36.662+02:00 Lookup query                               topics="kad-dht find" tid=4807406 peer=16U*6M7AnR
[2026-10-04 13:19:36.664] [out] [delivery_module] DBG 2026-10-04 13:19:36.662+02:00 Lookup query                               topics="kad-dht find" tid=4807406 peer=16U*cef9mW
[2026-10-04 13:19:36.664] [out] [delivery_module] DBG 2026-10-04 13:19:36.662+02:00 Lookup query                               topics="kad-dht find" tid=4807406 peer=16U*bERhF5
[2026-10-04 13:19:36.664] [out] [delivery_module] DBG 2026-10-04 13:19:36.662+02:00 Lookup query                               topics="kad-dht find" tid=4807406 peer=16U*FMCSLG
[2026-10-04 13:19:36.664] [out] [delivery_module] DBG 2026-10-04 13:19:36.662+02:00 Lookup query                               topics="kad-dht find" tid=4807406 peer=16U*EyjWVs
[2026-10-04 13:19:36.664] [out] [delivery_module] DBG 2026-10-04 13:19:36.663+02:00 Kad lookup: RPC error                      topics="kad-dht find" tid=4807406 peer=16U*Yn2Pww msg="dialStage: timed out dialing the peer"
[2026-10-04 13:19:36.664] [out] [delivery_module] DBG 2026-10-04 13:19:36.663+02:00 Kad lookup: RPC error                      topics="kad-dht find" tid=4807406 peer=16U*oeaQi3 msg="dialStage: timed out dialing the peer"
[2026-10-04 13:19:36.664] [out] [delivery_module] DBG 2026-10-04 13:19:36.663+02:00 Kad lookup: RPC error                      topics="kad-dht find" tid=4807406 peer=16U*6M7AnR msg="dialStage: timed out dialing the peer"
[2026-10-04 13:19:36.664] [out] [delivery_module] DBG 2026-10-04 13:19:36.663+02:00 Kad lookup: RPC error                      topics="kad-dht find" tid=4807406 peer=16U*cef9mW msg="dialStage: timed out dialing the peer"
[2026-10-04 13:19:36.664] [out] [delivery_module] DBG 2026-10-04 13:19:36.663+02:00 Kad lookup: RPC error                      topics="kad-dht find" tid=4807406 peer=16U*bERhF5 msg="dialStage: timed out dialing the peer"
[2026-10-04 13:19:36.664] [out] [delivery_module] DBG 2026-10-04 13:19:36.663+02:00 Kad lookup: RPC error                      topics="kad-dht find" tid=4807406 peer=16U*FMCSLG msg="dialStage: timed out dialing the peer"
[2026-10-04 13:19:36.664] [out] [delivery_module] DBG 2026-10-04 13:19:36.663+02:00 Kad lookup: RPC error                      topics="kad-dht find" tid=4807406 peer=16U*EyjWVs msg="dialStage: timed out dialing the peer"
[2026-10-04 13:19:36.736] [out] [delivery_module] DBG 2026-10-04 13:19:36.736+02:00 Lookup query                               topics="kad-dht find" tid=4807406 peer=16U*oeaQi3
[2026-10-04 13:19:36.736] [out] [delivery_module] DBG 2026-10-04 13:19:36.736+02:00 Lookup query                               topics="kad-dht find" tid=4807406 peer=16U*6M7AnR
[2026-10-04 13:19:36.736] [out] [delivery_module] DBG 2026-10-04 13:19:36.736+02:00 Lookup query                               topics="kad-dht find" tid=4807406 peer=16U*cef9mW
[2026-10-04 13:19:36.736] [out] [delivery_module] DBG 2026-10-04 13:19:36.736+02:00 Lookup query                               topics="kad-dht find" tid=4807406 peer=16U*Yn2Pww
[2026-10-04 13:19:36.736] [out] [delivery_module] DBG 2026-10-04 13:19:36.736+02:00 Lookup query                               topics="kad-dht find" tid=4807406 peer=16U*EyjWVs
[2026-10-04 13:19:36.736] [out] [delivery_module] DBG 2026-10-04 13:19:36.736+02:00 Lookup query                               topics="kad-dht find" tid=4807406 peer=16U*bERhF5
[2026-10-04 13:19:36.736] [out] [delivery_module] DBG 2026-10-04 13:19:36.736+02:00 Lookup query                               topics="kad-dht find" tid=4807406 peer=16U*FMCSLG
[2026-10-04 13:19:36.737] [out] [delivery_module] DBG 2026-10-04 13:19:36.736+02:00 Kad lookup: RPC error                      topics="kad-dht find" tid=4807406 peer=16U*6M7AnR msg="dialStage: timed out dialing the peer"
[2026-10-04 13:19:36.737] [out] [delivery_module] DBG 2026-10-04 13:19:36.737+02:00 Kad lookup: RPC error                      topics="kad-dht find" tid=4807406 peer=16U*cef9mW msg="dialStage: timed out dialing the peer"
[2026-10-04 13:19:36.737] [out] [delivery_module] DBG 2026-10-04 13:19:36.737+02:00 Kad lookup: RPC error                      topics="kad-dht find" tid=4807406 peer=16U*Yn2Pww msg="dialStage: timed out dialing the peer"
[2026-10-04 13:19:36.737] [out] [delivery_module] DBG 2026-10-04 13:19:36.737+02:00 Kad lookup: RPC error                      topics="kad-dht find" tid=4807406 peer=16U*oeaQi3 msg="dialStage: timed out dialing the peer"
[2026-10-04 13:19:36.737] [out] [delivery_module] DBG 2026-10-04 13:19:36.737+02:00 Kad lookup: RPC error                      topics="kad-dht find" tid=4807406 peer=16U*EyjWVs msg="dialStage: timed out dialing the peer"
[2026-10-04 13:19:36.737] [out] [delivery_module] DBG 2026-10-04 13:19:36.737+02:00 Kad lookup: RPC error                      topics="kad-dht find" tid=4807406 peer=16U*bERhF5 msg="dialStage: timed out dialing the peer"
[2026-10-04 13:19:36.737] [out] [delivery_module] DBG 2026-10-04 13:19:36.737+02:00 Kad lookup: RPC error                      topics="kad-dht find" tid=4807406 peer=16U*FMCSLG msg="dialStage: timed out dialing the peer"
[2026-10-04 13:19:36.800] [out] [delivery_module] DBG 2026-10-04 13:19:36.800+02:00 Lookup query                               topics="kad-dht find" tid=4807406 peer=16U*EyjWVs
[2026-10-04 13:19:36.800] [out] [delivery_module] DBG 2026-10-04 13:19:36.800+02:00 Lookup query                               topics="kad-dht find" tid=4807406 peer=16U*bERhF5
[2026-10-04 13:19:36.800] [out] [delivery_module] DBG 2026-10-04 13:19:36.800+02:00 Lookup query                               topics="kad-dht find" tid=4807406 peer=16U*FMCSLG
[2026-10-04 13:19:36.800] [out] [delivery_module] DBG 2026-10-04 13:19:36.800+02:00 Lookup query                               topics="kad-dht find" tid=4807406 peer=16U*6M7AnR
[2026-10-04 13:19:36.800] [out] [delivery_module] DBG 2026-10-04 13:19:36.800+02:00 Lookup query                               topics="kad-dht find" tid=4807406 peer=16U*oeaQi3
[2026-10-04 13:19:36.800] [out] [delivery_module] DBG 2026-10-04 13:19:36.800+02:00 Lookup query                               topics="kad-dht find" tid=4807406 peer=16U*cef9mW
[2026-10-04 13:19:36.800] [out] [delivery_module] DBG 2026-10-04 13:19:36.800+02:00 Lookup query                               topics="kad-dht find" tid=4807406 peer=16U*Yn2Pww
[2026-10-04 13:19:36.801] [out] [delivery_module] DBG 2026-10-04 13:19:36.801+02:00 Kad lookup: RPC error                      topics="kad-dht find" tid=4807406 peer=16U*EyjWVs msg="dialStage: timed out dialing the peer"
[2026-10-04 13:19:36.801] [out] [delivery_module] DBG 2026-10-04 13:19:36.801+02:00 Kad lookup: RPC error                      topics="kad-dht find" tid=4807406 peer=16U*FMCSLG msg="dialStage: timed out dialing the peer"
[2026-10-04 13:19:36.801] [out] [delivery_module] DBG 2026-10-04 13:19:36.801+02:00 Kad lookup: RPC error                      topics="kad-dht find" tid=4807406 peer=16U*bERhF5 msg="dialStage: timed out dialing the peer"
[2026-10-04 13:19:36.801] [out] [delivery_module] DBG 2026-10-04 13:19:36.801+02:00 Kad lookup: RPC error                      topics="kad-dht find" tid=4807406 peer=16U*cef9mW msg="dialStage: timed out dialing the peer"
[2026-10-04 13:19:36.801] [out] [delivery_module] DBG 2026-10-04 13:19:36.801+02:00 Kad lookup: RPC error                      topics="kad-dht find" tid=4807406 peer=16U*oeaQi3 msg="dialStage: timed out dialing the peer"
[2026-10-04 13:19:36.801] [out] [delivery_module] DBG 2026-10-04 13:19:36.801+02:00 Kad lookup: RPC error                      topics="kad-dht find" tid=4807406 peer=16U*Yn2Pww msg="dialStage: timed out dialing the peer"
[2026-10-04 13:19:36.801] [out] [delivery_module] DBG 2026-10-04 13:19:36.801+02:00 Kad lookup: RPC error                      topics="kad-dht find" tid=4807406 peer=16U*6M7AnR msg="dialStage: timed out dialing the peer"
[2026-10-04 13:19:36.864] [out] [delivery_module] DBG 2026-10-04 13:19:36.864+02:00 Lookup query                               topics="kad-dht find" tid=4807406 peer=16U*oeaQi3
[2026-10-04 13:19:36.864] [out] [delivery_module] DBG 2026-10-04 13:19:36.864+02:00 Lookup query                               topics="kad-dht find" tid=4807406 peer=16U*6M7AnR
[2026-10-04 13:19:36.864] [out] [delivery_module] DBG 2026-10-04 13:19:36.864+02:00 Kad lookup: RPC error                      topics="kad-dht find" tid=4807406 peer=16U*oeaQi3 msg="dialStage: timed out dialing the peer"
[2026-10-04 13:19:36.864] [out] [delivery_module] DBG 2026-10-04 13:19:36.864+02:00 Kad lookup: RPC error                      topics="kad-dht find" tid=4807406 peer=16U*6M7AnR msg="dialStage: timed out dialing the peer"
[2026-10-04 13:19:36.933] [out] [delivery_module] DBG 2026-10-04 13:19:36.933+02:00 Lookup query                               topics="kad-dht find" tid=4807406 peer=16U*bERhF5
[2026-10-04 13:19:36.933] [out] [delivery_module] DBG 2026-10-04 13:19:36.933+02:00 Lookup query                               topics="kad-dht find" tid=4807406 peer=16U*FMCSLG
[2026-10-04 13:19:36.933] [out] [delivery_module] DBG 2026-10-04 13:19:36.933+02:00 Lookup query                               topics="kad-dht find" tid=4807406 peer=16U*EyjWVs
[2026-10-04 13:19:36.933] [out] [delivery_module] DBG 2026-10-04 13:19:36.933+02:00 Lookup query                               topics="kad-dht find" tid=4807406 peer=16U*Yn2Pww
[2026-10-04 13:19:36.933] [out] [delivery_module] DBG 2026-10-04 13:19:36.933+02:00 Lookup query                               topics="kad-dht find" tid=4807406 peer=16U*6M7AnR
[2026-10-04 13:19:36.933] [out] [delivery_module] DBG 2026-10-04 13:19:36.933+02:00 Lookup query                               topics="kad-dht find" tid=4807406 peer=16U*oeaQi3
[2026-10-04 13:19:36.933] [out] [delivery_module] DBG 2026-10-04 13:19:36.933+02:00 Lookup query                               topics="kad-dht find" tid=4807406 peer=16U*cef9mW
[2026-10-04 13:19:36.934] [out] [delivery_module] DBG 2026-10-04 13:19:36.934+02:00 Kad lookup: RPC error                      topics="kad-dht find" tid=4807406 peer=16U*bERhF5 msg="dialStage: timed out dialing the peer"
[2026-10-04 13:19:36.934] [out] [delivery_module] DBG 2026-10-04 13:19:36.934+02:00 Kad lookup: RPC error                      topics="kad-dht find" tid=4807406 peer=16U*FMCSLG msg="dialStage: timed out dialing the peer"
[2026-10-04 13:19:36.934] [out] [delivery_module] DBG 2026-10-04 13:19:36.934+02:00 Kad lookup: RPC error                      topics="kad-dht find" tid=4807406 peer=16U*EyjWVs msg="dialStage: timed out dialing the peer"
[2026-10-04 13:19:36.934] [out] [delivery_module] DBG 2026-10-04 13:19:36.934+02:00 Kad lookup: RPC error                      topics="kad-dht find" tid=4807406 peer=16U*Yn2Pww msg="dialStage: timed out dialing the peer"
[2026-10-04 13:19:36.934] [out] [delivery_module] DBG 2026-10-04 13:19:36.934+02:00 Kad lookup: RPC error                      topics="kad-dht find" tid=4807406 peer=16U*cef9mW msg="dialStage: timed out dialing the peer"
[2026-10-04 13:19:36.934] [out] [delivery_module] DBG 2026-10-04 13:19:36.934+02:00 Kad lookup: RPC error                      topics="kad-dht find" tid=4807406 peer=16U*oeaQi3 msg="dialStage: timed out dialing the peer"
[2026-10-04 13:19:36.934] [out] [delivery_module] DBG 2026-10-04 13:19:36.934+02:00 Kad lookup: RPC error                      topics="kad-dht find" tid=4807406 peer=16U*6M7AnR msg="dialStage: timed out dialing the peer"
[2026-10-04 13:19:38.047] [out] [delivery_module] DBG 2026-10-04 13:19:38.047+02:00 MixSendProcessor.sendImpl failed           topics="send service mix processor" tid=4807406 error="No peers for topic, skipping publish"
[2026-10-04 13:19:38.860] [out] [delivery_module] DBG 2026-10-04 13:19:38.860+02:00 New stream created                         tid=4807406
[2026-10-04 13:19:39.049] [out] [delivery_module] DBG 2026-10-04 13:19:39.049+02:00 Trying message delivery via Mix            topics="send service mix processor" tid=4807406 requestId=eae94d37387a23a82fd6 msgHash=0xc3c83ab18a81b8c0f848732a5b68faf90afbeb7f5ee967ed20683869803ff738 tryCount=9
[2026-10-04 13:19:39.049] [out] [delivery_module] DBG 2026-10-04 13:19:39.049+02:00 Publishing message without RLN proof       tid=4807406
[2026-10-04 13:19:39.049] [out] [delivery_module] DBG 2026-10-04 13:19:39.049+02:00 Publishing message with lightpush          topics="waku node lightpush api" tid=4807406 pubsubTopic=/waku/2/rs/3/7 contentTopic=/lp0026forum/1/general/text target_peer_id=16U*P1S397 msg_hash=0xc3c83ab18a81b8c0f848732a5b68faf90afbeb7f5ee967ed20683869803ff738 mixify=true
[2026-10-04 13:19:39.049] [out] [delivery_module] DBG 2026-10-04 13:19:39.049+02:00 Publish                                    topics="waku lightpush client" tid=4807406 myPeerId=16U*Tp1aUr peerId= msgHash=0xc3c83ab18a81b8c0f848732a5b68faf90afbeb7f5ee967ed20683869803ff738 sentTime=1791112779049384960
[2026-10-04 13:19:39.049] [out] [delivery_module] DBG 2026-10-04 13:19:39.049+02:00 Destination data                           tid=4807406 destination=MixDestination[MixNode](16Uiu2HAm4S1JYkuzDKLKQvwgAhZKs9otxXqt8SCGtB4hoJP1S397)
[2026-10-04 13:19:39.049] [out] [delivery_module] DBG 2026-10-04 13:19:39.049+02:00 Selected mix node:                         tid=4807406 indexInPath=0 peerId=16U*TwqBiH
[2026-10-04 13:19:39.049] [out] [delivery_module] DBG 2026-10-04 13:19:39.049+02:00 Selected mix node:                         tid=4807406 indexInPath=1 peerId=16U*CtL71W
[2026-10-04 13:19:39.049] [out] [delivery_module] DBG 2026-10-04 13:19:39.049+02:00 Selected mix node:                         tid=4807406 indexInPath=2 peerId=16U*P1S397
[2026-10-04 13:19:39.049] [out] [delivery_module] DBG 2026-10-04 13:19:39.049+02:00 Selected mix node for surbs:               tid=4807406 indexInPath=0 peerId=16U*NSkuby
[2026-10-04 13:19:39.049] [out] [delivery_module] DBG 2026-10-04 13:19:39.049+02:00 Selected mix node for surbs:               tid=4807406 indexInPath=1 peerId=16U*CtL71W
[2026-10-04 13:19:39.192] [out] [delivery_module] DBG 2026-10-04 13:19:39.192+02:00 calculateConnectionState                   tid=4807406 relayCount=9 storeClientCount=6 lightpushCount=9 filterCount=9
[2026-10-04 13:19:39.739] [out] [delivery_module] DBG 2026-10-04 13:19:39.739+02:00 New stream created                         tid=4807406
[2026-10-04 13:19:39.740] [out] [delivery_module] DBG 2026-10-04 13:19:39.740+02:00 New stream created                         tid=4807406
[2026-10-04 13:19:41.078] [out] [delivery_module] DBG 2026-10-04 13:19:41.078+02:00 New stream created                         tid=4807406
[2026-10-04 13:19:41.082] [out] [delivery_module] DBG 2026-10-04 13:19:41.082+02:00 MixSendProcessor.sendImpl failed           topics="send service mix processor" tid=4807406 error="No peers for topic, skipping publish"
[2026-10-04 13:19:41.393] [out] [delivery_module] DBG 2026-10-04 13:19:41.393+02:00 Dialing failed                             topics="libp2p dialer" tid=4807406 description="Timeout exceeded!" peerId=16U*cef9mW address=/ip4/109.41.112.89/tcp/35703 hostname=109.41.112.89
[2026-10-04 13:19:41.394] [out] [delivery_module] DBG 2026-10-04 13:19:41.394+02:00 Error dialing                              topics="libp2p dialer" tid=4807406 conn=nil peerId=16U*cef9mW protos="[/logos/service-discovery/1.0.0]" addrs="[/ip4/172.20.10.14/udp/50706/quic-v1, /ip4/172.20.10.14/tcp/63817, /ip4/109.41.112.89/tcp/35703]" description="Unable to establish outgoing link in establishConnection: peer_id=16U*cef9mW addrs=@[/ip4/172.20.10.14/udp/50706/quic-v1, /ip4/172.20.10.14/tcp/63817, /ip4/109.41.112.89/tcp/35703]"
[2026-10-04 13:19:41.394] [out] [delivery_module] DBG 2026-10-04 13:19:41.394+02:00 Dialing peer                               topics="libp2p dialer" tid=4807406 peerId=16U*cef9mW addrs="[/ip4/172.20.10.14/udp/50706/quic-v1, /ip4/172.20.10.14/tcp/63817, /ip4/109.41.112.89/tcp/35703]"
[2026-10-04 13:19:41.394] [out] [delivery_module] DBG 2026-10-04 13:19:41.394+02:00 Expanded address and hostname              topics="libp2p dialer" tid=4807406 expandedAddress=/ip4/172.20.10.14/udp/50706/quic-v1 hostname=172.20.10.14 resolvedAddresses="[/ip4/172.20.10.14/udp/50706/quic-v1]"
[2026-10-04 13:19:41.394] [out] [delivery_module] DBG 2026-10-04 13:19:41.394+02:00 New connection established: client         tid=4807406
[2026-10-04 13:19:41.394] [out] [delivery_module] DBG 2026-10-04 13:19:41.394+02:00 Dialing failed                             topics="libp2p dialer" tid=4807406 description="Timeout exceeded!" peerId=16U*2pfeoX address=/ip4/192.168.68.53/tcp/27431 hostname=192.168.68.53
[2026-10-04 13:19:41.394] [out] [delivery_module] DBG 2026-10-04 13:19:41.394+02:00 Error dialing                              topics="libp2p dialer" tid=4807406 conn=nil peerId=16U*2pfeoX protos="[/logos/service-discovery/1.0.0]" addrs="[/ip4/192.168.68.53/udp/16011/quic-v1, /ip4/192.168.68.53/tcp/27431]" description="Unable to establish outgoing link in establishConnection: peer_id=16U*2pfeoX addrs=@[/ip4/192.168.68.53/udp/16011/quic-v1, /ip4/192.168.68.53/tcp/27431]"
[2026-10-04 13:19:41.394] [out] [delivery_module] DBG 2026-10-04 13:19:41.394+02:00 Dialing peer                               topics="libp2p dialer" tid=4807406 peerId=16U*2pfeoX addrs="[/ip4/192.168.68.53/udp/16011/quic-v1, /ip4/192.168.68.53/tcp/27431]"
[2026-10-04 13:19:41.394] [out] [delivery_module] DBG 2026-10-04 13:19:41.394+02:00 Expanded address and hostname              topics="libp2p dialer" tid=4807406 expandedAddress=/ip4/192.168.68.53/udp/16011/quic-v1 hostname=192.168.68.53 resolvedAddresses="[/ip4/192.168.68.53/udp/16011/quic-v1]"
[2026-10-04 13:19:41.395] [out] [delivery_module] DBG 2026-10-04 13:19:41.395+02:00 New connection established: client         tid=4807406
[2026-10-04 13:19:41.396] [out] [delivery_module] DBG 2026-10-04 13:19:41.396+02:00 Dialing failed                             topics="libp2p dialer" tid=4807406 description="Timeout exceeded!" peerId=16U*oeaQi3 address=/ip4/109.41.112.89/tcp/43059 hostname=109.41.112.89
[2026-10-04 13:19:41.396] [out] [delivery_module] DBG 2026-10-04 13:19:41.396+02:00 Out of time for the remaining addresses    topics="libp2p dialer" tid=4807406 peerId=16U*oeaQi3 addrs="[/ip4/172.20.10.14/udp/49672/quic-v1, /ip4/109.41.112.89/tcp/43059, /ip4/172.20.10.14/tcp/62348]"
[2026-10-04 13:19:41.396] [out] [delivery_module] DBG 2026-10-04 13:19:41.396+02:00 Error dialing                              topics="libp2p dialer" tid=4807406 conn=nil peerId=16U*oeaQi3 protos="[/logos/service-discovery/1.0.0]" addrs="[/ip4/172.20.10.14/udp/49672/quic-v1, /ip4/109.41.112.89/tcp/43059, /ip4/172.20.10.14/tcp/62348]" description="Unable to establish outgoing link in establishConnection: peer_id=16U*oeaQi3 addrs=@[/ip4/172.20.10.14/udp/49672/quic-v1, /ip4/109.41.112.89/tcp/43059, /ip4/172.20.10.14/tcp/62348]"
[2026-10-04 13:19:41.396] [out] [delivery_module] DBG 2026-10-04 13:19:41.396+02:00 Dialing peer                               topics="libp2p dialer" tid=4807406 peerId=16U*oeaQi3 addrs="[/ip4/172.20.10.14/udp/49672/quic-v1, /ip4/109.41.112.89/tcp/43059, /ip4/172.20.10.14/tcp/62348]"
[2026-10-04 13:19:41.396] [out] [delivery_module] DBG 2026-10-04 13:19:41.396+02:00 Expanded address and hostname              topics="libp2p dialer" tid=4807406 expandedAddress=/ip4/172.20.10.14/udp/49672/quic-v1 hostname=172.20.10.14 resolvedAddresses="[/ip4/172.20.10.14/udp/49672/quic-v1]"
[2026-10-04 13:19:41.397] [out] [delivery_module] DBG 2026-10-04 13:19:41.397+02:00 New connection established: client         tid=4807406
[2026-10-04 13:19:41.398] [out] [delivery_module] DBG 2026-10-04 13:19:41.398+02:00 Dialing failed                             topics="libp2p dialer" tid=4807406 description="Timeout exceeded!" peerId=16U*6M7AnR address=/ip4/109.41.112.89/tcp/37945 hostname=109.41.112.89
[2026-10-04 13:19:41.398] [out] [delivery_module] DBG 2026-10-04 13:19:41.398+02:00 Out of time for the remaining addresses    topics="libp2p dialer" tid=4807406 peerId=16U*6M7AnR addrs="[/ip4/109.41.112.89/tcp/37945, /ip4/109.41.112.89/tcp/46883, /ip4/109.41.112.89/tcp/47111, /ip4/109.41.112.89/tcp/44597, /ip4/109.41.112.89/tcp/38249]"
[2026-10-04 13:19:41.398] [out] [delivery_module] DBG 2026-10-04 13:19:41.398+02:00 Error dialing                              topics="libp2p dialer" tid=4807406 conn=nil peerId=16U*6M7AnR protos="[/logos/service-discovery/1.0.0]" addrs="[/ip4/109.41.112.89/tcp/37945, /ip4/109.41.112.89/tcp/46883, /ip4/109.41.112.89/tcp/47111, /ip4/109.41.112.89/tcp/44597, /ip4/109.41.112.89/tcp/38249]" description="Unable to establish outgoing link in establishConnection: peer_id=16U*6M7AnR addrs=@[/ip4/109.41.112.89/tcp/37945, /ip4/109.41.112.89/tcp/46883, /ip4/109.41.112.89/tcp/47111, /ip4/109.41.112.89/tcp/44597, /ip4/109.41.112.89/tcp/38249]"
[2026-10-04 13:19:41.398] [out] [delivery_module] DBG 2026-10-04 13:19:41.398+02:00 Dialing peer                               topics="libp2p dialer" tid=4807406 peerId=16U*6M7AnR addrs="[/ip4/109.41.112.89/tcp/37945, /ip4/109.41.112.89/tcp/46883, /ip4/109.41.112.89/tcp/47111, /ip4/109.41.112.89/tcp/44597, /ip4/109.41.112.89/tcp/38249]"
[2026-10-04 13:19:41.399] [out] [delivery_module] DBG 2026-10-04 13:19:41.398+02:00 Expanded address and hostname              topics="libp2p dialer" tid=4807406 expandedAddress=/ip4/109.41.112.89/tcp/37945 hostname=109.41.112.89 resolvedAddresses="[/ip4/109.41.112.89/tcp/37945]"
[2026-10-04 13:19:41.401] [out] [delivery_module] DBG 2026-10-04 13:19:41.401+02:00 Dialing failed                             topics="libp2p dialer" tid=4807406 description="Timeout exceeded!" peerId=16U*Yn2Pww address=/ip4/109.41.112.89/tcp/40538 hostname=109.41.112.89
[2026-10-04 13:19:41.401] [out] [delivery_module] DBG 2026-10-04 13:19:41.401+02:00 Out of time for the remaining addresses    topics="libp2p dialer" tid=4807406 peerId=16U*Yn2Pww addrs="[/ip4/109.41.112.89/tcp/40538, /ip4/109.41.112.89/tcp/36677]"
[2026-10-04 13:19:41.401] [out] [delivery_module] DBG 2026-10-04 13:19:41.401+02:00 Error dialing                              topics="libp2p dialer" tid=4807406 conn=nil peerId=16U*Yn2Pww protos="[/logos/service-discovery/1.0.0]" addrs="[/ip4/109.41.112.89/tcp/40538, /ip4/109.41.112.89/tcp/36677]" description="Unable to establish outgoing link in establishConnection: peer_id=16U*Yn2Pww addrs=@[/ip4/109.41.112.89/tcp/40538, /ip4/109.41.112.89/tcp/36677]"
[2026-10-04 13:19:41.401] [out] [delivery_module] DBG 2026-10-04 13:19:41.401+02:00 Dialing peer                               topics="libp2p dialer" tid=4807406 peerId=16U*Yn2Pww addrs="[/ip4/109.41.112.89/tcp/40538, /ip4/109.41.112.89/tcp/36677]"
[2026-10-04 13:19:41.401] [out] [delivery_module] DBG 2026-10-04 13:19:41.401+02:00 Expanded address and hostname              topics="libp2p dialer" tid=4807406 expandedAddress=/ip4/109.41.112.89/tcp/40538 hostname=109.41.112.89 resolvedAddresses="[/ip4/109.41.112.89/tcp/40538]"
[2026-10-04 13:19:41.457] [out] [delivery_module] DBG 2026-10-04 13:19:41.457+02:00 Lookup query                               topics="kad-dht find" tid=4807406 peer=16U*FMCSLG
[2026-10-04 13:19:41.457] [out] [delivery_module] DBG 2026-10-04 13:19:41.457+02:00 Lookup query                               topics="kad-dht find" tid=4807406 peer=16U*bERhF5
[2026-10-04 13:19:41.457] [out] [delivery_module] DBG 2026-10-04 13:19:41.457+02:00 Lookup query                               topics="kad-dht find" tid=4807406 peer=16U*EyjWVs
[2026-10-04 13:19:41.457] [out] [delivery_module] DBG 2026-10-04 13:19:41.457+02:00 Lookup query                               topics="kad-dht find" tid=4807406 peer=16U*P6Hipt
[2026-10-04 13:19:41.457] [out] [delivery_module] DBG 2026-10-04 13:19:41.457+02:00 Dialing peer                               topics="libp2p dialer" tid=4807406 peerId=16U*P6Hipt addrs="[/ip4/172.20.10.14/udp/52573/quic-v1, /ip4/172.20.10.14/tcp/57390]"
[2026-10-04 13:19:41.457] [out] [delivery_module] DBG 2026-10-04 13:19:41.457+02:00 Expanded address and hostname              topics="libp2p dialer" tid=4807406 expandedAddress=/ip4/172.20.10.14/udp/52573/quic-v1 hostname=172.20.10.14 resolvedAddresses="[/ip4/172.20.10.14/udp/52573/quic-v1]"
[2026-10-04 13:19:41.458] [out] [delivery_module] DBG 2026-10-04 13:19:41.458+02:00 New connection established: client         tid=4807406
[2026-10-04 13:19:41.458] [out] [delivery_module] DBG 2026-10-04 13:19:41.458+02:00 Lookup query                               topics="kad-dht find" tid=4807406 peer=16U*oN8hgK
[2026-10-04 13:19:41.458] [out] [delivery_module] DBG 2026-10-04 13:19:41.458+02:00 Lookup query                               topics="kad-dht find" tid=4807406 peer=16U*EivbVz
[2026-10-04 13:19:41.458] [out] [delivery_module] DBG 2026-10-04 13:19:41.458+02:00 Dialing peer                               topics="libp2p dialer" tid=4807406 peerId=16U*EivbVz addrs="[/ip4/172.20.10.14/udp/63966/quic-v1, /ip4/172.20.10.14/tcp/60485]"
[2026-10-04 13:19:41.458] [out] [delivery_module] DBG 2026-10-04 13:19:41.458+02:00 Expanded address and hostname              topics="libp2p dialer" tid=4807406 expandedAddress=/ip4/172.20.10.14/udp/63966/quic-v1 hostname=172.20.10.14 resolvedAddresses="[/ip4/172.20.10.14/udp/63966/quic-v1]"
[2026-10-04 13:19:41.458] [out] [delivery_module] DBG 2026-10-04 13:19:41.458+02:00 New connection established: client         tid=4807406
[2026-10-04 13:19:41.458] [out] [delivery_module] DBG 2026-10-04 13:19:41.458+02:00 Lookup query                               topics="kad-dht find" tid=4807406 peer=16U*Yn2Pww
[2026-10-04 13:19:41.458] [out] [delivery_module] DBG 2026-10-04 13:19:41.458+02:00 Lookup query                               topics="kad-dht find" tid=4807406 peer=16U*iSrhve
[2026-10-04 13:19:41.459] [out] [delivery_module] DBG 2026-10-04 13:19:41.459+02:00 Lookup query                               topics="kad-dht find" tid=4807406 peer=16U*cef9mW
[2026-10-04 13:19:41.459] [out] [delivery_module] DBG 2026-10-04 13:19:41.459+02:00 Lookup query                               topics="kad-dht find" tid=4807406 peer=16U*2pfeoX
[2026-10-04 13:19:41.460] [out] [delivery_module] DBG 2026-10-04 13:19:41.460+02:00 Kad lookup: RPC error                      topics="kad-dht find" tid=4807406 peer=16U*Yn2Pww msg="dialStage: timed out dialing the peer"
[2026-10-04 13:19:41.460] [out] [delivery_module] DBG 2026-10-04 13:19:41.460+02:00 Kad lookup: RPC error                      topics="kad-dht find" tid=4807406 peer=16U*EyjWVs msg="dialStage: timed out dialing the peer"
[2026-10-04 13:19:41.460] [out] [delivery_module] DBG 2026-10-04 13:19:41.460+02:00 Kad lookup: RPC error                      topics="kad-dht find" tid=4807406 peer=16U*bERhF5 msg="dialStage: timed out dialing the peer"
[2026-10-04 13:19:41.460] [out] [delivery_module] DBG 2026-10-04 13:19:41.460+02:00 Kad lookup: RPC error                      topics="kad-dht find" tid=4807406 peer=16U*FMCSLG msg="dialStage: timed out dialing the peer"
[2026-10-04 13:19:41.460] [out] [delivery_module] DBG 2026-10-04 13:19:41.460+02:00 Kad lookup: RPC error                      topics="kad-dht find" tid=4807406 peer=16U*cef9mW msg="dialStage: timed out dialing the peer"
[2026-10-04 13:19:41.460] [out] [delivery_module] DBG 2026-10-04 13:19:41.460+02:00 Kad lookup: RPC error                      topics="kad-dht find" tid=4807406 peer=16U*oeaQi3 msg="dialStage: timed out dialing the peer"
[2026-10-04 13:19:41.460] [out] [delivery_module] DBG 2026-10-04 13:19:41.460+02:00 Kad lookup: RPC error                      topics="kad-dht find" tid=4807406 peer=16U*6M7AnR msg="dialStage: timed out dialing the peer"
[2026-10-04 13:19:41.532] [out] [delivery_module] DBG 2026-10-04 13:19:41.532+02:00 Lookup query                               topics="kad-dht find" tid=4807406 peer=16U*FMCSLG
[2026-10-04 13:19:41.532] [out] [delivery_module] DBG 2026-10-04 13:19:41.532+02:00 Lookup query                               topics="kad-dht find" tid=4807406 peer=16U*bERhF5
[2026-10-04 13:19:41.532] [out] [delivery_module] DBG 2026-10-04 13:19:41.532+02:00 Lookup query                               topics="kad-dht find" tid=4807406 peer=16U*oeaQi3
[2026-10-04 13:19:41.532] [out] [delivery_module] DBG 2026-10-04 13:19:41.532+02:00 Lookup query                               topics="kad-dht find" tid=4807406 peer=16U*6M7AnR
[2026-10-04 13:19:41.532] [out] [delivery_module] DBG 2026-10-04 13:19:41.532+02:00 Lookup query                               topics="kad-dht find" tid=4807406 peer=16U*Yn2Pww
[2026-10-04 13:19:41.533] [out] [delivery_module] DBG 2026-10-04 13:19:41.532+02:00 Kad lookup: RPC error                      topics="kad-dht find" tid=4807406 peer=16U*FMCSLG msg="dialStage: timed out dialing the peer"
[2026-10-04 13:19:41.533] [out] [delivery_module] DBG 2026-10-04 13:19:41.532+02:00 Kad lookup: RPC error                      topics="kad-dht find" tid=4807406 peer=16U*bERhF5 msg="dialStage: timed out dialing the peer"
[2026-10-04 13:19:41.533] [out] [delivery_module] DBG 2026-10-04 13:19:41.532+02:00 Kad lookup: RPC error                      topics="kad-dht find" tid=4807406 peer=16U*oeaQi3 msg="dialStage: timed out dialing the peer"
[2026-10-04 13:19:41.533] [out] [delivery_module] DBG 2026-10-04 13:19:41.532+02:00 Kad lookup: RPC error                      topics="kad-dht find" tid=4807406 peer=16U*Yn2Pww msg="dialStage: timed out dialing the peer"
[2026-10-04 13:19:41.533] [out] [delivery_module] DBG 2026-10-04 13:19:41.533+02:00 Kad lookup: RPC error                      topics="kad-dht find" tid=4807406 peer=16U*6M7AnR msg="dialStage: timed out dialing the peer"
[2026-10-04 13:19:41.556] [out] [delivery_module] DBG 2026-10-04 13:19:41.556+02:00 Lookup query                               topics="kad-dht find" tid=4807406 peer=16U*cef9mW
[2026-10-04 13:19:41.557] [out] [delivery_module] DBG 2026-10-04 13:19:41.556+02:00 Lookup query                               topics="kad-dht find" tid=4807406 peer=16U*iSrhve
[2026-10-04 13:19:41.557] [out] [delivery_module] DBG 2026-10-04 13:19:41.556+02:00 Lookup query                               topics="kad-dht find" tid=4807406 peer=16U*2pfeoX
[2026-10-04 13:19:41.557] [out] [delivery_module] DBG 2026-10-04 13:19:41.556+02:00 Lookup query                               topics="kad-dht find" tid=4807406 peer=16U*pJJk4V
[2026-10-04 13:19:41.557] [out] [delivery_module] DBG 2026-10-04 13:19:41.556+02:00 Dialing peer                               topics="libp2p dialer" tid=4807406 peerId=16U*pJJk4V addrs="[/ip4/172.20.10.14/udp/51325/quic-v1, /ip4/172.20.10.14/tcp/60486]"
[2026-10-04 13:19:41.558] [out] [delivery_module] DBG 2026-10-04 13:19:41.558+02:00 Expanded address and hostname              topics="libp2p dialer" tid=4807406 expandedAddress=/ip4/172.20.10.14/udp/51325/quic-v1 hostname=172.20.10.14 resolvedAddresses="[/ip4/172.20.10.14/udp/51325/quic-v1]"
[2026-10-04 13:19:41.558] [out] [delivery_module] DBG 2026-10-04 13:19:41.558+02:00 New connection established: client         tid=4807406
[2026-10-04 13:19:41.559] [out] [delivery_module] DBG 2026-10-04 13:19:41.558+02:00 Lookup query                               topics="kad-dht find" tid=4807406 peer=16U*oeaQi3
[2026-10-04 13:19:41.559] [out] [delivery_module] DBG 2026-10-04 13:19:41.559+02:00 Lookup query                               topics="kad-dht find" tid=4807406 peer=16U*6M7AnR
[2026-10-04 13:19:41.559] [out] [delivery_module] DBG 2026-10-04 13:19:41.559+02:00 Lookup query                               topics="kad-dht find" tid=4807406 peer=16U*oN8hgK
[2026-10-04 13:19:41.559] [out] [delivery_module] DBG 2026-10-04 13:19:41.559+02:00 Lookup query                               topics="kad-dht find" tid=4807406 peer=16U*P6Hipt
[2026-10-04 13:19:41.559] [out] [delivery_module] DBG 2026-10-04 13:19:41.559+02:00 Lookup query                               topics="kad-dht find" tid=4807406 peer=16U*EivbVz
[2026-10-04 13:19:41.559] [out] [delivery_module] DBG 2026-10-04 13:19:41.559+02:00 Lookup query                               topics="kad-dht find" tid=4807406 peer=16U*Yn2Pww
[2026-10-04 13:19:41.559] [out] [delivery_module] DBG 2026-10-04 13:19:41.559+02:00 Lookup query                               topics="kad-dht find" tid=4807406 peer=16U*oeaQi3
[2026-10-04 13:19:41.559] [out] [delivery_module] DBG 2026-10-04 13:19:41.559+02:00 Lookup query                               topics="kad-dht find" tid=4807406 peer=16U*6M7AnR
[2026-10-04 13:19:41.559] [out] [delivery_module] DBG 2026-10-04 13:19:41.559+02:00 Kad lookup: RPC error                      topics="kad-dht find" tid=4807406 peer=16U*cef9mW msg="dialStage: timed out dialing the peer"
[2026-10-04 13:19:41.559] [out] [delivery_module] DBG 2026-10-04 13:19:41.559+02:00 Kad lookup: RPC error                      topics="kad-dht find" tid=4807406 peer=16U*oeaQi3 msg="dialStage: timed out dialing the peer"
[2026-10-04 13:19:41.559] [out] [delivery_module] DBG 2026-10-04 13:19:41.559+02:00 Kad lookup: RPC error                      topics="kad-dht find" tid=4807406 peer=16U*6M7AnR msg="dialStage: timed out dialing the peer"
[2026-10-04 13:19:41.559] [out] [delivery_module] DBG 2026-10-04 13:19:41.559+02:00 Kad lookup: RPC error                      topics="kad-dht find" tid=4807406 peer=16U*Yn2Pww msg="dialStage: timed out dialing the peer"
[2026-10-04 13:19:41.560] [out] [delivery_module] DBG 2026-10-04 13:19:41.559+02:00 Kad lookup: RPC error                      topics="kad-dht find" tid=4807406 peer=16U*EyjWVs msg="dialStage: timed out dialing the peer"
[2026-10-04 13:19:41.560] [out] [delivery_module] DBG 2026-10-04 13:19:41.559+02:00 Kad lookup: RPC error                      topics="kad-dht find" tid=4807406 peer=16U*bERhF5 msg="dialStage: timed out dialing the peer"
[2026-10-04 13:19:41.560] [out] [delivery_module] DBG 2026-10-04 13:19:41.559+02:00 Kad lookup: RPC error                      topics="kad-dht find" tid=4807406 peer=16U*FMCSLG msg="dialStage: timed out dialing the peer"
[2026-10-04 13:19:41.560] [out] [delivery_module] DBG 2026-10-04 13:19:41.559+02:00 Kad lookup: RPC error                      topics="kad-dht find" tid=4807406 peer=16U*oeaQi3 msg="waitStage: timed out before dialing"
[2026-10-04 13:19:41.560] [out] [delivery_module] DBG 2026-10-04 13:19:41.559+02:00 Kad lookup: RPC error                      topics="kad-dht find" tid=4807406 peer=16U*6M7AnR msg="waitStage: timed out before dialing"
[2026-10-04 13:19:41.650] [out] [delivery_module] DBG 2026-10-04 13:19:41.650+02:00 Lookup query                               topics="kad-dht find" tid=4807406 peer=16U*FMCSLG
[2026-10-04 13:19:41.650] [out] [delivery_module] DBG 2026-10-04 13:19:41.650+02:00 Lookup query                               topics="kad-dht find" tid=4807406 peer=16U*bERhF5
[2026-10-04 13:19:41.650] [out] [delivery_module] DBG 2026-10-04 13:19:41.650+02:00 Lookup query                               topics="kad-dht find" tid=4807406 peer=16U*6M7AnR
[2026-10-04 13:19:41.650] [out] [delivery_module] DBG 2026-10-04 13:19:41.650+02:00 Lookup query                               topics="kad-dht find" tid=4807406 peer=16U*oeaQi3
[2026-10-04 13:19:41.650] [out] [delivery_module] DBG 2026-10-04 13:19:41.650+02:00 Lookup query                               topics="kad-dht find" tid=4807406 peer=16U*Yn2Pww
[2026-10-04 13:19:41.650] [out] [delivery_module] DBG 2026-10-04 13:19:41.650+02:00 Kad lookup: RPC error                      topics="kad-dht find" tid=4807406 peer=16U*FMCSLG msg="dialStage: timed out dialing the peer"
[2026-10-04 13:19:41.650] [out] [delivery_module] DBG 2026-10-04 13:19:41.650+02:00 Kad lookup: RPC error                      topics="kad-dht find" tid=4807406 peer=16U*bERhF5 msg="dialStage: timed out dialing the peer"
[2026-10-04 13:19:41.650] [out] [delivery_module] DBG 2026-10-04 13:19:41.650+02:00 Kad lookup: RPC error                      topics="kad-dht find" tid=4807406 peer=16U*oeaQi3 msg="dialStage: timed out dialing the peer"
[2026-10-04 13:19:41.650] [out] [delivery_module] DBG 2026-10-04 13:19:41.650+02:00 Kad lookup: RPC error                      topics="kad-dht find" tid=4807406 peer=16U*6M7AnR msg="dialStage: timed out dialing the peer"
[2026-10-04 13:19:41.650] [out] [delivery_module] DBG 2026-10-04 13:19:41.650+02:00 Kad lookup: RPC error                      topics="kad-dht find" tid=4807406 peer=16U*Yn2Pww msg="dialStage: timed out dialing the peer"
[2026-10-04 13:19:41.665] [out] [delivery_module] DBG 2026-10-04 13:19:41.665+02:00 Lookup query                               topics="kad-dht find" tid=4807406 peer=16U*Yn2Pww
[2026-10-04 13:19:41.665] [out] [delivery_module] DBG 2026-10-04 13:19:41.665+02:00 Lookup query                               topics="kad-dht find" tid=4807406 peer=16U*P6Hipt
[2026-10-04 13:19:41.665] [out] [delivery_module] DBG 2026-10-04 13:19:41.665+02:00 Lookup query                               topics="kad-dht find" tid=4807406 peer=16U*oN8hgK
[2026-10-04 13:19:41.665] [out] [delivery_module] DBG 2026-10-04 13:19:41.665+02:00 Lookup query                               topics="kad-dht find" tid=4807406 peer=16U*EivbVz
[2026-10-04 13:19:41.665] [out] [delivery_module] DBG 2026-10-04 13:19:41.665+02:00 Lookup query                               topics="kad-dht find" tid=4807406 peer=16U*oeaQi3
[2026-10-04 13:19:41.665] [out] [delivery_module] DBG 2026-10-04 13:19:41.665+02:00 Lookup query                               topics="kad-dht find" tid=4807406 peer=16U*pJJk4V
[2026-10-04 13:19:41.665] [out] [delivery_module] DBG 2026-10-04 13:19:41.665+02:00 Lookup query                               topics="kad-dht find" tid=4807406 peer=16U*6M7AnR
[2026-10-04 13:19:41.665] [out] [delivery_module] DBG 2026-10-04 13:19:41.665+02:00 Lookup query                               topics="kad-dht find" tid=4807406 peer=16U*iSrhve
[2026-10-04 13:19:41.665] [out] [delivery_module] DBG 2026-10-04 13:19:41.665+02:00 Lookup query                               topics="kad-dht find" tid=4807406 peer=16U*cef9mW
[2026-10-04 13:19:41.665] [out] [delivery_module] DBG 2026-10-04 13:19:41.665+02:00 Lookup query                               topics="kad-dht find" tid=4807406 peer=16U*2pfeoX
[2026-10-04 13:19:41.666] [out] [delivery_module] DBG 2026-10-04 13:19:41.666+02:00 Kad lookup: RPC error                      topics="kad-dht find" tid=4807406 peer=16U*Yn2Pww msg="dialStage: timed out dialing the peer"
[2026-10-04 13:19:41.666] [out] [delivery_module] DBG 2026-10-04 13:19:41.666+02:00 Kad lookup: RPC error                      topics="kad-dht find" tid=4807406 peer=16U*oeaQi3 msg="dialStage: timed out dialing the peer"
[2026-10-04 13:19:41.666] [out] [delivery_module] DBG 2026-10-04 13:19:41.666+02:00 Kad lookup: RPC error                      topics="kad-dht find" tid=4807406 peer=16U*6M7AnR msg="dialStage: timed out dialing the peer"
[2026-10-04 13:19:41.666] [out] [delivery_module] DBG 2026-10-04 13:19:41.666+02:00 Kad lookup: RPC error                      topics="kad-dht find" tid=4807406 peer=16U*cef9mW msg="dialStage: timed out dialing the peer"
[2026-10-04 13:19:41.666] [out] [delivery_module] DBG 2026-10-04 13:19:41.666+02:00 Kad lookup: RPC error                      topics="kad-dht find" tid=4807406 peer=16U*bERhF5 msg="dialStage: timed out dialing the peer"
[2026-10-04 13:19:41.666] [out] [delivery_module] DBG 2026-10-04 13:19:41.666+02:00 Kad lookup: RPC error                      topics="kad-dht find" tid=4807406 peer=16U*FMCSLG msg="dialStage: timed out dialing the peer"
[2026-10-04 13:19:41.666] [out] [delivery_module] DBG 2026-10-04 13:19:41.666+02:00 Kad lookup: RPC error                      topics="kad-dht find" tid=4807406 peer=16U*EyjWVs msg="dialStage: timed out dialing the peer"
[2026-10-04 13:19:41.738] [out] [delivery_module] DBG 2026-10-04 13:19:41.738+02:00 Lookup query                               topics="kad-dht find" tid=4807406 peer=16U*oeaQi3
[2026-10-04 13:19:41.738] [out] [delivery_module] DBG 2026-10-04 13:19:41.738+02:00 Lookup query                               topics="kad-dht find" tid=4807406 peer=16U*pJJk4V
[2026-10-04 13:19:41.738] [out] [delivery_module] DBG 2026-10-04 13:19:41.738+02:00 Lookup query                               topics="kad-dht find" tid=4807406 peer=16U*6M7AnR
[2026-10-04 13:19:41.738] [out] [delivery_module] DBG 2026-10-04 13:19:41.738+02:00 Lookup query                               topics="kad-dht find" tid=4807406 peer=16U*iSrhve
[2026-10-04 13:19:41.738] [out] [delivery_module] DBG 2026-10-04 13:19:41.738+02:00 Lookup query                               topics="kad-dht find" tid=4807406 peer=16U*cef9mW
[2026-10-04 13:19:41.738] [out] [delivery_module] DBG 2026-10-04 13:19:41.738+02:00 Lookup query                               topics="kad-dht find" tid=4807406 peer=16U*2pfeoX
[2026-10-04 13:19:41.738] [out] [delivery_module] DBG 2026-10-04 13:19:41.738+02:00 Lookup query                               topics="kad-dht find" tid=4807406 peer=16U*Yn2Pww
[2026-10-04 13:19:41.738] [out] [delivery_module] DBG 2026-10-04 13:19:41.738+02:00 Lookup query                               topics="kad-dht find" tid=4807406 peer=16U*P6Hipt
[2026-10-04 13:19:41.738] [out] [delivery_module] DBG 2026-10-04 13:19:41.738+02:00 Lookup query                               topics="kad-dht find" tid=4807406 peer=16U*oN8hgK
[2026-10-04 13:19:41.738] [out] [delivery_module] DBG 2026-10-04 13:19:41.738+02:00 Lookup query                               topics="kad-dht find" tid=4807406 peer=16U*EivbVz
[2026-10-04 13:19:41.739] [out] [delivery_module] DBG 2026-10-04 13:19:41.739+02:00 Kad lookup: RPC error                      topics="kad-dht find" tid=4807406 peer=16U*oeaQi3 msg="dialStage: timed out dialing the peer"
[2026-10-04 13:19:41.739] [out] [delivery_module] DBG 2026-10-04 13:19:41.739+02:00 Kad lookup: RPC error                      topics="kad-dht find" tid=4807406 peer=16U*6M7AnR msg="dialStage: timed out dialing the peer"
[2026-10-04 13:19:41.739] [out] [delivery_module] DBG 2026-10-04 13:19:41.739+02:00 Kad lookup: RPC error                      topics="kad-dht find" tid=4807406 peer=16U*cef9mW msg="dialStage: timed out dialing the peer"
[2026-10-04 13:19:41.739] [out] [delivery_module] DBG 2026-10-04 13:19:41.739+02:00 Kad lookup: RPC error                      topics="kad-dht find" tid=4807406 peer=16U*EyjWVs msg="dialStage: timed out dialing the peer"
[2026-10-04 13:19:41.739] [out] [delivery_module] DBG 2026-10-04 13:19:41.739+02:00 Kad lookup: RPC error                      topics="kad-dht find" tid=4807406 peer=16U*bERhF5 msg="dialStage: timed out dialing the peer"
[2026-10-04 13:19:41.739] [out] [delivery_module] DBG 2026-10-04 13:19:41.739+02:00 Kad lookup: RPC error                      topics="kad-dht find" tid=4807406 peer=16U*Yn2Pww msg="dialStage: timed out dialing the peer"
[2026-10-04 13:19:41.739] [out] [delivery_module] DBG 2026-10-04 13:19:41.739+02:00 Kad lookup: RPC error                      topics="kad-dht find" tid=4807406 peer=16U*FMCSLG msg="dialStage: timed out dialing the peer"
[2026-10-04 13:19:41.765] [out] [delivery_module] DBG 2026-10-04 13:19:41.765+02:00 Finished dialing multiple peers            topics="waku node peer_manager" tid=4807406 successfulConns=0 attempted=3
[2026-10-04 13:19:41.801] [out] [delivery_module] DBG 2026-10-04 13:19:41.801+02:00 Lookup query                               topics="kad-dht find" tid=4807406 peer=16U*EyjWVs
[2026-10-04 13:19:41.801] [out] [delivery_module] DBG 2026-10-04 13:19:41.801+02:00 Lookup query                               topics="kad-dht find" tid=4807406 peer=16U*bERhF5
[2026-10-04 13:19:41.801] [out] [delivery_module] DBG 2026-10-04 13:19:41.801+02:00 Lookup query                               topics="kad-dht find" tid=4807406 peer=16U*FMCSLG
[2026-10-04 13:19:41.801] [out] [delivery_module] DBG 2026-10-04 13:19:41.801+02:00 Lookup query                               topics="kad-dht find" tid=4807406 peer=16U*6M7AnR
[2026-10-04 13:19:41.801] [out] [delivery_module] DBG 2026-10-04 13:19:41.801+02:00 Lookup query                               topics="kad-dht find" tid=4807406 peer=16U*pJJk4V
[2026-10-04 13:19:41.801] [out] [delivery_module] DBG 2026-10-04 13:19:41.801+02:00 Lookup query                               topics="kad-dht find" tid=4807406 peer=16U*oeaQi3
[2026-10-04 13:19:41.801] [out] [delivery_module] DBG 2026-10-04 13:19:41.801+02:00 Lookup query                               topics="kad-dht find" tid=4807406 peer=16U*2pfeoX
[2026-10-04 13:19:41.801] [out] [delivery_module] DBG 2026-10-04 13:19:41.801+02:00 Lookup query                               topics="kad-dht find" tid=4807406 peer=16U*iSrhve
[2026-10-04 13:19:41.801] [out] [delivery_module] DBG 2026-10-04 13:19:41.801+02:00 Lookup query                               topics="kad-dht find" tid=4807406 peer=16U*cef9mW
[2026-10-04 13:19:41.801] [out] [delivery_module] DBG 2026-10-04 13:19:41.801+02:00 Lookup query                               topics="kad-dht find" tid=4807406 peer=16U*Yn2Pww
[2026-10-04 13:19:41.802] [out] [delivery_module] DBG 2026-10-04 13:19:41.802+02:00 Kad lookup: RPC error                      topics="kad-dht find" tid=4807406 peer=16U*EyjWVs msg="dialStage: timed out dialing the peer"
[2026-10-04 13:19:41.802] [out] [delivery_module] DBG 2026-10-04 13:19:41.802+02:00 Kad lookup: RPC error                      topics="kad-dht find" tid=4807406 peer=16U*bERhF5 msg="dialStage: timed out dialing the peer"
[2026-10-04 13:19:41.802] [out] [delivery_module] DBG 2026-10-04 13:19:41.802+02:00 Kad lookup: RPC error                      topics="kad-dht find" tid=4807406 peer=16U*FMCSLG msg="dialStage: timed out dialing the peer"
[2026-10-04 13:19:41.802] [out] [delivery_module] DBG 2026-10-04 13:19:41.802+02:00 Kad lookup: RPC error                      topics="kad-dht find" tid=4807406 peer=16U*oeaQi3 msg="dialStage: timed out dialing the peer"
[2026-10-04 13:19:41.802] [out] [delivery_module] DBG 2026-10-04 13:19:41.802+02:00 Kad lookup: RPC error                      topics="kad-dht find" tid=4807406 peer=16U*cef9mW msg="dialStage: timed out dialing the peer"
[2026-10-04 13:19:41.802] [out] [delivery_module] DBG 2026-10-04 13:19:41.802+02:00 Kad lookup: RPC error                      topics="kad-dht find" tid=4807406 peer=16U*6M7AnR msg="dialStage: timed out dialing the peer"
[2026-10-04 13:19:41.802] [out] [delivery_module] DBG 2026-10-04 13:19:41.802+02:00 Kad lookup: RPC error                      topics="kad-dht find" tid=4807406 peer=16U*Yn2Pww msg="dialStage: timed out dialing the peer"
[2026-10-04 13:19:41.864] [out] [delivery_module] DBG 2026-10-04 13:19:41.864+02:00 Lookup query                               topics="kad-dht find" tid=4807406 peer=16U*oeaQi3
[2026-10-04 13:19:41.864] [out] [delivery_module] DBG 2026-10-04 13:19:41.864+02:00 Lookup query                               topics="kad-dht find" tid=4807406 peer=16U*6M7AnR
[2026-10-04 13:19:41.865] [out] [delivery_module] DBG 2026-10-04 13:19:41.865+02:00 Kad lookup: RPC error                      topics="kad-dht find" tid=4807406 peer=16U*oeaQi3 msg="dialStage: timed out dialing the peer"
[2026-10-04 13:19:41.865] [out] [delivery_module] DBG 2026-10-04 13:19:41.865+02:00 Kad lookup: RPC error                      topics="kad-dht find" tid=4807406 peer=16U*6M7AnR msg="dialStage: timed out dialing the peer"
[2026-10-04 13:19:41.936] [out] [delivery_module] DBG 2026-10-04 13:19:41.935+02:00 Lookup query                               topics="kad-dht find" tid=4807406 peer=16U*bERhF5
[2026-10-04 13:19:41.936] [out] [delivery_module] DBG 2026-10-04 13:19:41.936+02:00 Lookup query                               topics="kad-dht find" tid=4807406 peer=16U*FMCSLG
[2026-10-04 13:19:41.936] [out] [delivery_module] DBG 2026-10-04 13:19:41.936+02:00 Lookup query                               topics="kad-dht find" tid=4807406 peer=16U*EyjWVs
[2026-10-04 13:19:41.936] [out] [delivery_module] DBG 2026-10-04 13:19:41.936+02:00 Lookup query                               topics="kad-dht find" tid=4807406 peer=16U*Yn2Pww
[2026-10-04 13:19:41.936] [out] [delivery_module] DBG 2026-10-04 13:19:41.936+02:00 Lookup query                               topics="kad-dht find" tid=4807406 peer=16U*EivbVz
[2026-10-04 13:19:41.936] [out] [delivery_module] DBG 2026-10-04 13:19:41.936+02:00 Lookup query                               topics="kad-dht find" tid=4807406 peer=16U*oN8hgK
[2026-10-04 13:19:41.936] [out] [delivery_module] DBG 2026-10-04 13:19:41.936+02:00 Lookup query                               topics="kad-dht find" tid=4807406 peer=16U*P6Hipt
[2026-10-04 13:19:41.936] [out] [delivery_module] DBG 2026-10-04 13:19:41.936+02:00 Lookup query                               topics="kad-dht find" tid=4807406 peer=16U*6M7AnR
[2026-10-04 13:19:41.936] [out] [delivery_module] DBG 2026-10-04 13:19:41.936+02:00 Lookup query                               topics="kad-dht find" tid=4807406 peer=16U*pJJk4V
[2026-10-04 13:19:41.936] [out] [delivery_module] DBG 2026-10-04 13:19:41.936+02:00 Lookup query                               topics="kad-dht find" tid=4807406 peer=16U*oeaQi3
[2026-10-04 13:19:41.936] [out] [delivery_module] DBG 2026-10-04 13:19:41.936+02:00 Kad lookup: RPC error                      topics="kad-dht find" tid=4807406 peer=16U*FMCSLG msg="dialStage: timed out dialing the peer"
[2026-10-04 13:19:41.936] [out] [delivery_module] DBG 2026-10-04 13:19:41.936+02:00 Kad lookup: RPC error                      topics="kad-dht find" tid=4807406 peer=16U*bERhF5 msg="dialStage: timed out dialing the peer"
[2026-10-04 13:19:41.936] [out] [delivery_module] DBG 2026-10-04 13:19:41.936+02:00 Kad lookup: RPC error                      topics="kad-dht find" tid=4807406 peer=16U*EyjWVs msg="dialStage: timed out dialing the peer"
[2026-10-04 13:19:41.936] [out] [delivery_module] DBG 2026-10-04 13:19:41.936+02:00 Kad lookup: RPC error                      topics="kad-dht find" tid=4807406 peer=16U*Yn2Pww msg="dialStage: timed out dialing the peer"
[2026-10-04 13:19:41.936] [out] [delivery_module] DBG 2026-10-04 13:19:41.936+02:00 Kad lookup: RPC error                      topics="kad-dht find" tid=4807406 peer=16U*6M7AnR msg="dialStage: timed out dialing the peer"
[2026-10-04 13:19:41.936] [out] [delivery_module] DBG 2026-10-04 13:19:41.936+02:00 Kad lookup: RPC error                      topics="kad-dht find" tid=4807406 peer=16U*cef9mW msg="dialStage: timed out dialing the peer"
[2026-10-04 13:19:41.936] [out] [delivery_module] DBG 2026-10-04 13:19:41.936+02:00 Kad lookup: RPC error                      topics="kad-dht find" tid=4807406 peer=16U*oeaQi3 msg="dialStage: timed out dialing the peer"
[2026-10-04 13:19:42.085] [out] [delivery_module] DBG 2026-10-04 13:19:42.085+02:00 Trying message delivery via Mix            topics="send service mix processor" tid=4807406 requestId=eae94d37387a23a82fd6 msgHash=0xc3c83ab18a81b8c0f848732a5b68faf90afbeb7f5ee967ed20683869803ff738 tryCount=10
[2026-10-04 13:19:42.085] [out] [delivery_module] DBG 2026-10-04 13:19:42.085+02:00 Publishing message without RLN proof       tid=4807406
[2026-10-04 13:19:42.085] [out] [delivery_module] DBG 2026-10-04 13:19:42.085+02:00 Publishing message with lightpush          topics="waku node lightpush api" tid=4807406 pubsubTopic=/waku/2/rs/3/7 contentTopic=/lp0026forum/1/general/text target_peer_id=16U*TwqBiH msg_hash=0xc3c83ab18a81b8c0f848732a5b68faf90afbeb7f5ee967ed20683869803ff738 mixify=true
[2026-10-04 13:19:42.085] [out] [delivery_module] DBG 2026-10-04 13:19:42.085+02:00 Publish                                    topics="waku lightpush client" tid=4807406 myPeerId=16U*Tp1aUr peerId= msgHash=0xc3c83ab18a81b8c0f848732a5b68faf90afbeb7f5ee967ed20683869803ff738 sentTime=1791112782085492992
[2026-10-04 13:19:42.085] [out] [delivery_module] DBG 2026-10-04 13:19:42.085+02:00 Destination data                           tid=4807406 destination=MixDestination[MixNode](16Uiu2HAm8Y9kgBNtjxvCnf1X6gnZJW5EGE4UwwCL3CCm55TwqBiH)
[2026-10-04 13:19:42.085] [out] [delivery_module] DBG 2026-10-04 13:19:42.085+02:00 Selected mix node:                         tid=4807406 indexInPath=0 peerId=16U*kGyuEP
[2026-10-04 13:19:42.085] [out] [delivery_module] DBG 2026-10-04 13:19:42.085+02:00 Selected mix node:                         tid=4807406 indexInPath=1 peerId=16U*CtL71W
[2026-10-04 13:19:42.085] [out] [delivery_module] DBG 2026-10-04 13:19:42.085+02:00 Selected mix node:                         tid=4807406 indexInPath=2 peerId=16U*TwqBiH
[2026-10-04 13:19:42.086] [out] [delivery_module] DBG 2026-10-04 13:19:42.086+02:00 Selected mix node for surbs:               tid=4807406 indexInPath=0 peerId=16U*T3UNSE
[2026-10-04 13:19:42.086] [out] [delivery_module] DBG 2026-10-04 13:19:42.086+02:00 Selected mix node for surbs:               tid=4807406 indexInPath=1 peerId=16U*VpJprH
[2026-10-04 13:19:42.301] [out] [delivery_module] DBG 2026-10-04 13:19:42.301+02:00 Lookup query                               topics="kad-dht find" tid=4807406 peer=16U*oeaQi3
[2026-10-04 13:19:42.475] [out] [delivery_module] DBG 2026-10-04 13:19:42.475+02:00 Lookup query                               topics="kad-dht find" tid=4807406 peer=16U*pJJk4V
[2026-10-04 13:19:42.652] [out] [delivery_module] DBG 2026-10-04 13:19:42.651+02:00 Lookup query                               topics="kad-dht find" tid=4807406 peer=16U*EyjWVs
[2026-10-04 13:19:42.825] [out] [delivery_module] DBG 2026-10-04 13:19:42.825+02:00 Lookup query                               topics="kad-dht find" tid=4807406 peer=16U*FMCSLG
[2026-10-04 13:19:43.144] [out] [delivery_module] DBG 2026-10-04 13:19:43.144+02:00 Dialing failed                             topics="libp2p dialer" tid=4807406 description="Timeout exceeded!" peerId=16U*EyjWVs address=/ip4/109.41.112.89/tcp/48444 hostname=109.41.112.89
[2026-10-04 13:19:43.145] [out] [delivery_module] DBG 2026-10-04 13:19:43.144+02:00 Out of time for the remaining addresses    topics="libp2p dialer" tid=4807406 peerId=16U*EyjWVs addrs="[/ip4/172.20.10.14/udp/60294/quic-v1, /ip4/109.41.112.89/tcp/48444, /ip4/172.20.10.14/tcp/53422, /ip4/109.41.112.89/tcp/36473, /ip4/109.41.112.89/tcp/41820]"
[2026-10-04 13:19:43.145] [out] [delivery_module] DBG 2026-10-04 13:19:43.145+02:00 Error dialing                              topics="libp2p dialer" tid=4807406 conn=nil peerId=16U*EyjWVs protos="[/logos/service-discovery/1.0.0]" addrs="[/ip4/172.20.10.14/udp/60294/quic-v1, /ip4/109.41.112.89/tcp/48444, /ip4/172.20.10.14/tcp/53422, /ip4/109.41.112.89/tcp/36473, /ip4/109.41.112.89/tcp/41820]" description="Unable to establish outgoing link in establishConnection: peer_id=16U*EyjWVs addrs=@[/ip4/172.20.10.14/udp/60294/quic-v1, /ip4/109.41.112.89/tcp/48444, /ip4/172.20.10.14/tcp/53422, /ip4/109.41.112.89/tcp/36473, /ip4/109.41.112.89/tcp/41820]"
[2026-10-04 13:19:43.145] [out] [delivery_module] DBG 2026-10-04 13:19:43.145+02:00 Dialing peer                               topics="libp2p dialer" tid=4807406 peerId=16U*EyjWVs addrs="[/ip4/172.20.10.14/udp/60294/quic-v1, /ip4/109.41.112.89/tcp/48444, /ip4/172.20.10.14/tcp/53422, /ip4/109.41.112.89/tcp/36473, /ip4/109.41.112.89/tcp/41820]"
[2026-10-04 13:19:43.145] [out] [delivery_module] DBG 2026-10-04 13:19:43.145+02:00 Expanded address and hostname              topics="libp2p dialer" tid=4807406 expandedAddress=/ip4/172.20.10.14/udp/60294/quic-v1 hostname=172.20.10.14 resolvedAddresses="[/ip4/172.20.10.14/udp/60294/quic-v1]"
[2026-10-04 13:19:43.145] [out] [delivery_module] DBG 2026-10-04 13:19:43.145+02:00 New connection established: client         tid=4807406
[2026-10-04 13:19:43.146] [out] [delivery_module] DBG 2026-10-04 13:19:43.146+02:00 Dialing failed                             topics="libp2p dialer" tid=4807406 description="Timeout exceeded!" peerId=16U*FMCSLG address=/ip4/109.41.112.89/tcp/40248 hostname=109.41.112.89
[2026-10-04 13:19:43.146] [out] [delivery_module] DBG 2026-10-04 13:19:43.146+02:00 Out of time for the remaining addresses    topics="libp2p dialer" tid=4807406 peerId=16U*FMCSLG addrs="[/ip4/109.41.112.89/tcp/40248, /ip4/109.41.112.89/tcp/39428, /ip4/109.41.112.89/tcp/47641, /ip4/109.41.112.89/tcp/42623, /ip4/109.41.112.89/tcp/41583, /ip4/109.41.112.89/tcp/38916]"
[2026-10-04 13:19:43.147] [out] [delivery_module] DBG 2026-10-04 13:19:43.147+02:00 Error dialing                              topics="libp2p dialer" tid=4807406 conn=nil peerId=16U*FMCSLG protos="[/logos/service-discovery/1.0.0]" addrs="[/ip4/109.41.112.89/tcp/40248, /ip4/109.41.112.89/tcp/39428, /ip4/109.41.112.89/tcp/47641, /ip4/109.41.112.89/tcp/42623, /ip4/109.41.112.89/tcp/41583, /ip4/109.41.112.89/tcp/38916]" description="Unable to establish outgoing link in establishConnection: peer_id=16U*FMCSLG addrs=@[/ip4/109.41.112.89/tcp/40248, /ip4/109.41.112.89/tcp/39428, /ip4/109.41.112.89/tcp/47641, /ip4/109.41.112.89/tcp/42623, /ip4/109.41.112.89/tcp/41583, /ip4/109.41.112.89/tcp/38916]"
[2026-10-04 13:19:43.147] [out] [delivery_module] DBG 2026-10-04 13:19:43.147+02:00 Dialing peer                               topics="libp2p dialer" tid=4807406 peerId=16U*FMCSLG addrs="[/ip4/109.41.112.89/tcp/40248, /ip4/109.41.112.89/tcp/39428, /ip4/109.41.112.89/tcp/47641, /ip4/109.41.112.89/tcp/42623, /ip4/109.41.112.89/tcp/41583, /ip4/109.41.112.89/tcp/38916]"
[2026-10-04 13:19:43.147] [out] [delivery_module] DBG 2026-10-04 13:19:43.147+02:00 Expanded address and hostname              topics="libp2p dialer" tid=4807406 expandedAddress=/ip4/109.41.112.89/tcp/40248 hostname=109.41.112.89 resolvedAddresses="[/ip4/109.41.112.89/tcp/40248]"
[2026-10-04 13:19:43.148] [out] [delivery_module] DBG 2026-10-04 13:19:43.148+02:00 Dialing failed                             topics="libp2p dialer" tid=4807406 description="Timeout exceeded!" peerId=16U*bERhF5 address=/ip4/109.41.112.89/tcp/48180 hostname=109.41.112.89
[2026-10-04 13:19:43.148] [out] [delivery_module] DBG 2026-10-04 13:19:43.148+02:00 Out of time for the remaining addresses    topics="libp2p dialer" tid=4807406 peerId=16U*bERhF5 addrs="[/ip4/109.41.112.89/tcp/48180, /ip4/109.41.112.89/tcp/48653, /ip4/109.41.112.89/tcp/42529, /ip4/109.41.112.89/tcp/38712, /ip4/109.41.112.89/tcp/42001, /ip4/109.41.112.89/tcp/48948]"
[2026-10-04 13:19:43.148] [out] [delivery_module] DBG 2026-10-04 13:19:43.148+02:00 Error dialing                              topics="libp2p dialer" tid=4807406 conn=nil peerId=16U*bERhF5 protos="[/logos/service-discovery/1.0.0]" addrs="[/ip4/109.41.112.89/tcp/48180, /ip4/109.41.112.89/tcp/48653, /ip4/109.41.112.89/tcp/42529, /ip4/109.41.112.89/tcp/38712, /ip4/109.41.112.89/tcp/42001, /ip4/109.41.112.89/tcp/48948]" description="Unable to establish outgoing link in establishConnection: peer_id=16U*bERhF5 addrs=@[/ip4/109.41.112.89/tcp/48180, /ip4/109.41.112.89/tcp/48653, /ip4/109.41.112.89/tcp/42529, /ip4/109.41.112.89/tcp/38712, /ip4/109.41.112.89/tcp/42001, /ip4/109.41.112.89/tcp/48948]"
[2026-10-04 13:19:43.148] [out] [delivery_module] DBG 2026-10-04 13:19:43.148+02:00 Dialing peer                               topics="libp2p dialer" tid=4807406 peerId=16U*bERhF5 addrs="[/ip4/109.41.112.89/tcp/48180, /ip4/109.41.112.89/tcp/48653, /ip4/109.41.112.89/tcp/42529, /ip4/109.41.112.89/tcp/38712, /ip4/109.41.112.89/tcp/42001, /ip4/109.41.112.89/tcp/48948]"
[2026-10-04 13:19:43.149] [out] [delivery_module] DBG 2026-10-04 13:19:43.148+02:00 Expanded address and hostname              topics="libp2p dialer" tid=4807406 expandedAddress=/ip4/109.41.112.89/tcp/48180 hostname=109.41.112.89 resolvedAddresses="[/ip4/109.41.112.89/tcp/48180]"
[2026-10-04 13:19:43.168] [out] [delivery_module] DBG 2026-10-04 13:19:43.168+02:00 Lookup query                               topics="kad-dht find" tid=4807406 peer=16U*bERhF5
[2026-10-04 13:19:43.277] [out] [delivery_module] DBG 2026-10-04 13:19:43.277+02:00 Lookup query                               topics="kad-dht find" tid=4807406 peer=16U*FMCSLG
[2026-10-04 13:19:43.324] [out] [delivery_module] DBG 2026-10-04 13:19:43.324+02:00 New stream created                         tid=4807406
[2026-10-04 13:19:43.427] [out] [delivery_module] DBG 2026-10-04 13:19:43.423+02:00 Creating stream                            tid=4807406
[2026-10-04 13:19:43.427] [out] [delivery_module] DBG 2026-10-04 13:19:43.423+02:00 New stream created                         tid=4807406
[2026-10-04 13:19:43.427] [out] [delivery_module] DBG 2026-10-04 13:19:43.425+02:00 Lookup query                               topics="kad-dht find" tid=4807406 peer=16U*EyjWVs
[2026-10-04 13:19:43.587] [out] [delivery_module] DBG 2026-10-04 13:19:43.587+02:00 Lookup query                               topics="kad-dht find" tid=4807406 peer=16U*bERhF5
[2026-10-04 13:19:43.733] [out] [delivery_module] DBG 2026-10-04 13:19:43.732+02:00 Lookup query                               topics="kad-dht find" tid=4807406 peer=16U*EivbVz
[2026-10-04 13:19:44.005] [out] [delivery_module] DBG 2026-10-04 13:19:44.004+02:00 Lookup query                               topics="kad-dht find" tid=4807406 peer=16U*2pfeoX
[2026-10-04 13:19:44.350] [out] [delivery_module] DBG 2026-10-04 13:19:44.350+02:00 MixSendProcessor.sendImpl failed           topics="send service mix processor" tid=4807406 error="No peers for topic, skipping publish"
[2026-10-04 13:19:44.396] [out] [delivery_module] DBG 2026-10-04 13:19:44.396+02:00 Dialing failed                             topics="libp2p dialer" tid=4807406 description="quic dial timed out after 3s" peerId=16U*cef9mW address=/ip4/172.20.10.14/udp/50706/quic-v1 hostname=172.20.10.14
[2026-10-04 13:19:44.396] [out] [delivery_module] DBG 2026-10-04 13:19:44.396+02:00 Dialing failed                             topics="libp2p dialer" tid=4807406 description="quic dial timed out after 3s" peerId=16U*2pfeoX address=/ip4/192.168.68.53/udp/16011/quic-v1 hostname=192.168.68.53
[2026-10-04 13:19:44.396] [out] [delivery_module] DBG 2026-10-04 13:19:44.396+02:00 Expanded address and hostname              topics="libp2p dialer" tid=4807406 expandedAddress=/ip4/172.20.10.14/tcp/63817 hostname=172.20.10.14 resolvedAddresses="[/ip4/172.20.10.14/tcp/63817]"
[2026-10-04 13:19:44.396] [out] [delivery_module] DBG 2026-10-04 13:19:44.396+02:00 Expanded address and hostname              topics="libp2p dialer" tid=4807406 expandedAddress=/ip4/192.168.68.53/tcp/27431 hostname=192.168.68.53 resolvedAddresses="[/ip4/192.168.68.53/tcp/27431]"
[2026-10-04 13:19:44.397] [out] [delivery_module] DBG 2026-10-04 13:19:44.397+02:00 Dialing failed                             topics="libp2p dialer" tid=4807406 description="TcpTransport dial error: (61) Connection refused" peerId=16U*cef9mW address=/ip4/172.20.10.14/tcp/63817 hostname=172.20.10.14
[2026-10-04 13:19:44.397] [out] [delivery_module] DBG 2026-10-04 13:19:44.397+02:00 Expanded address and hostname              topics="libp2p dialer" tid=4807406 expandedAddress=/ip4/109.41.112.89/tcp/35703 hostname=109.41.112.89 resolvedAddresses="[/ip4/109.41.112.89/tcp/35703]"
[2026-10-04 13:19:44.398] [out] [delivery_module] DBG 2026-10-04 13:19:44.398+02:00 Dialing failed                             topics="libp2p dialer" tid=4807406 description="quic dial timed out after 3s" peerId=16U*oeaQi3 address=/ip4/172.20.10.14/udp/49672/quic-v1 hostname=172.20.10.14
[2026-10-04 13:19:44.398] [out] [delivery_module] DBG 2026-10-04 13:19:44.398+02:00 Expanded address and hostname              topics="libp2p dialer" tid=4807406 expandedAddress=/ip4/109.41.112.89/tcp/43059 hostname=109.41.112.89 resolvedAddresses="[/ip4/109.41.112.89/tcp/43059]"
[2026-10-04 13:19:44.462] [out] [delivery_module] DBG 2026-10-04 13:19:44.462+02:00 Dialing failed                             topics="libp2p dialer" tid=4807406 description="quic dial timed out after 3s" peerId=16U*P6Hipt address=/ip4/172.20.10.14/udp/52573/quic-v1 hostname=172.20.10.14
[2026-10-04 13:19:44.462] [out] [delivery_module] DBG 2026-10-04 13:19:44.462+02:00 Dialing failed                             topics="libp2p dialer" tid=4807406 description="quic dial timed out after 3s" peerId=16U*EivbVz address=/ip4/172.20.10.14/udp/63966/quic-v1 hostname=172.20.10.14
[2026-10-04 13:19:44.462] [out] [delivery_module] DBG 2026-10-04 13:19:44.462+02:00 Expanded address and hostname              topics="libp2p dialer" tid=4807406 expandedAddress=/ip4/172.20.10.14/tcp/57390 hostname=172.20.10.14 resolvedAddresses="[/ip4/172.20.10.14/tcp/57390]"
[2026-10-04 13:19:44.462] [out] [delivery_module] DBG 2026-10-04 13:19:44.462+02:00 Expanded address and hostname              topics="libp2p dialer" tid=4807406 expandedAddress=/ip4/172.20.10.14/tcp/60485 hostname=172.20.10.14 resolvedAddresses="[/ip4/172.20.10.14/tcp/60485]"
[2026-10-04 13:19:44.462] [out] [delivery_module] DBG 2026-10-04 13:19:44.462+02:00 Dialing failed                             topics="libp2p dialer" tid=4807406 description="TcpTransport dial error: (61) Connection refused" peerId=16U*P6Hipt address=/ip4/172.20.10.14/tcp/57390 hostname=172.20.10.14
[2026-10-04 13:19:44.462] [out] [delivery_module] DBG 2026-10-04 13:19:44.462+02:00 Dialing failed                             topics="libp2p dialer" tid=4807406 description="TcpTransport dial error: (61) Connection refused" peerId=16U*EivbVz address=/ip4/172.20.10.14/tcp/60485 hostname=172.20.10.14
[2026-10-04 13:19:44.463] [out] [delivery_module] DBG 2026-10-04 13:19:44.463+02:00 Error dialing                              topics="libp2p dialer" tid=4807406 conn=nil peerId=16U*P6Hipt protos="[/logos/service-discovery/1.0.0]" addrs="[/ip4/172.20.10.14/udp/52573/quic-v1, /ip4/172.20.10.14/tcp/57390]" description="Unable to establish outgoing link in establishConnection: peer_id=16U*P6Hipt addrs=@[/ip4/172.20.10.14/udp/52573/quic-v1, /ip4/172.20.10.14/tcp/57390]"
[2026-10-04 13:19:44.463] [out] [delivery_module] DBG 2026-10-04 13:19:44.463+02:00 Error dialing                              topics="libp2p dialer" tid=4807406 conn=nil peerId=16U*EivbVz protos="[/logos/service-discovery/1.0.0]" addrs="[/ip4/172.20.10.14/udp/63966/quic-v1, /ip4/172.20.10.14/tcp/60485]" description="Unable to establish outgoing link in establishConnection: peer_id=16U*EivbVz addrs=@[/ip4/172.20.10.14/udp/63966/quic-v1, /ip4/172.20.10.14/tcp/60485]"
[2026-10-04 13:19:44.463] [out] [delivery_module] DBG 2026-10-04 13:19:44.463+02:00 Dialing peer                               topics="libp2p dialer" tid=4807406 peerId=16U*P6Hipt addrs="[/ip4/172.20.10.14/udp/52573/quic-v1, /ip4/172.20.10.14/tcp/57390]"
[2026-10-04 13:19:44.463] [out] [delivery_module] DBG 2026-10-04 13:19:44.463+02:00 Expanded address and hostname              topics="libp2p dialer" tid=4807406 expandedAddress=/ip4/172.20.10.14/udp/52573/quic-v1 hostname=172.20.10.14 resolvedAddresses="[/ip4/172.20.10.14/udp/52573/quic-v1]"
[2026-10-04 13:19:44.463] [out] [delivery_module] DBG 2026-10-04 13:19:44.463+02:00 New connection established: client         tid=4807406
[2026-10-04 13:19:44.464] [out] [delivery_module] DBG 2026-10-04 13:19:44.464+02:00 Dialing peer                               topics="libp2p dialer" tid=4807406 peerId=16U*EivbVz addrs="[/ip4/172.20.10.14/udp/63966/quic-v1, /ip4/172.20.10.14/tcp/60485]"
[2026-10-04 13:19:44.464] [out] [delivery_module] DBG 2026-10-04 13:19:44.464+02:00 Expanded address and hostname              topics="libp2p dialer" tid=4807406 expandedAddress=/ip4/172.20.10.14/udp/63966/quic-v1 hostname=172.20.10.14 resolvedAddresses="[/ip4/172.20.10.14/udp/63966/quic-v1]"
[2026-10-04 13:19:44.464] [out] [delivery_module] DBG 2026-10-04 13:19:44.464+02:00 New connection established: client         tid=4807406
[2026-10-04 13:19:44.464] [out] [delivery_module] DBG 2026-10-04 13:19:44.464+02:00 Lookup query                               topics="kad-dht find" tid=4807406 peer=16U*6M7AnR
[2026-10-04 13:19:44.560] [out] [delivery_module] DBG 2026-10-04 13:19:44.560+02:00 Dialing failed                             topics="libp2p dialer" tid=4807406 description="quic dial timed out after 3s" peerId=16U*pJJk4V address=/ip4/172.20.10.14/udp/51325/quic-v1 hostname=172.20.10.14
[2026-10-04 13:19:44.560] [out] [delivery_module] DBG 2026-10-04 13:19:44.560+02:00 Expanded address and hostname              topics="libp2p dialer" tid=4807406 expandedAddress=/ip4/172.20.10.14/tcp/60486 hostname=172.20.10.14 resolvedAddresses="[/ip4/172.20.10.14/tcp/60486]"
[2026-10-04 13:19:44.561] [out] [delivery_module] DBG 2026-10-04 13:19:44.561+02:00 Dialing failed                             topics="libp2p dialer" tid=4807406 description="TcpTransport dial error: (61) Connection refused" peerId=16U*pJJk4V address=/ip4/172.20.10.14/tcp/60486 hostname=172.20.10.14
[2026-10-04 13:19:44.561] [out] [delivery_module] DBG 2026-10-04 13:19:44.561+02:00 Error dialing                              topics="libp2p dialer" tid=4807406 conn=nil peerId=16U*pJJk4V protos="[/logos/service-discovery/1.0.0]" addrs="[/ip4/172.20.10.14/udp/51325/quic-v1, /ip4/172.20.10.14/tcp/60486]" description="Unable to establish outgoing link in establishConnection: peer_id=16U*pJJk4V addrs=@[/ip4/172.20.10.14/udp/51325/quic-v1, /ip4/172.20.10.14/tcp/60486]"
[2026-10-04 13:19:44.561] [out] [delivery_module] DBG 2026-10-04 13:19:44.561+02:00 Dialing peer                               topics="libp2p dialer" tid=4807406 peerId=16U*pJJk4V addrs="[/ip4/172.20.10.14/udp/51325/quic-v1, /ip4/172.20.10.14/tcp/60486]"
[2026-10-04 13:19:44.562] [out] [delivery_module] DBG 2026-10-04 13:19:44.561+02:00 Expanded address and hostname              topics="libp2p dialer" tid=4807406 expandedAddress=/ip4/172.20.10.14/udp/51325/quic-v1 hostname=172.20.10.14 resolvedAddresses="[/ip4/172.20.10.14/udp/51325/quic-v1]"
[2026-10-04 13:19:44.562] [out] [delivery_module] DBG 2026-10-04 13:19:44.562+02:00 New connection established: client         tid=4807406
[2026-10-04 13:19:44.563] [out] [delivery_module] DBG 2026-10-04 13:19:44.563+02:00 Lookup query                               topics="kad-dht find" tid=4807406 peer=16U*bERhF5
[2026-10-04 13:19:45.351] [out] [delivery_module] DBG 2026-10-04 13:19:45.351+02:00 Trying message delivery via Mix            topics="send service mix processor" tid=4807406 requestId=eae94d37387a23a82fd6 msgHash=0xc3c83ab18a81b8c0f848732a5b68faf90afbeb7f5ee967ed20683869803ff738 tryCount=11
[2026-10-04 13:19:45.352] [out] [delivery_module] DBG 2026-10-04 13:19:45.352+02:00 Publishing message without RLN proof       tid=4807406
[2026-10-04 13:19:45.352] [out] [delivery_module] DBG 2026-10-04 13:19:45.352+02:00 Publishing message with lightpush          topics="waku node lightpush api" tid=4807406 pubsubTopic=/waku/2/rs/3/7 contentTopic=/lp0026forum/1/general/text target_peer_id=16U*TwqBiH msg_hash=0xc3c83ab18a81b8c0f848732a5b68faf90afbeb7f5ee967ed20683869803ff738 mixify=true
[2026-10-04 13:19:45.352] [out] [delivery_module] DBG 2026-10-04 13:19:45.352+02:00 Publish                                    topics="waku lightpush client" tid=4807406 myPeerId=16U*Tp1aUr peerId= msgHash=0xc3c83ab18a81b8c0f848732a5b68faf90afbeb7f5ee967ed20683869803ff738 sentTime=1791112785352087040
[2026-10-04 13:19:45.352] [out] [delivery_module] DBG 2026-10-04 13:19:45.352+02:00 Destination data                           tid=4807406 destination=MixDestination[MixNode](16Uiu2HAm8Y9kgBNtjxvCnf1X6gnZJW5EGE4UwwCL3CCm55TwqBiH)
[2026-10-04 13:19:45.352] [out] [delivery_module] DBG 2026-10-04 13:19:45.352+02:00 Selected mix node:                         tid=4807406 indexInPath=0 peerId=16U*P1S397
[2026-10-04 13:19:45.352] [out] [delivery_module] DBG 2026-10-04 13:19:45.352+02:00 Selected mix node:                         tid=4807406 indexInPath=1 peerId=16U*kGyuEP
[2026-10-04 13:19:45.352] [out] [delivery_module] DBG 2026-10-04 13:19:45.352+02:00 Selected mix node:                         tid=4807406 indexInPath=2 peerId=16U*TwqBiH
[2026-10-04 13:19:45.352] [out] [delivery_module] DBG 2026-10-04 13:19:45.352+02:00 Selected mix node for surbs:               tid=4807406 indexInPath=0 peerId=16U*kGyuEP
[2026-10-04 13:19:45.352] [out] [delivery_module] DBG 2026-10-04 13:19:45.352+02:00 Selected mix node for surbs:               tid=4807406 indexInPath=1 peerId=16U*CtL71W
[2026-10-04 13:19:46.147] [out] [delivery_module] DBG 2026-10-04 13:19:46.147+02:00 Dialing failed                             topics="libp2p dialer" tid=4807406 description="quic dial timed out after 3s" peerId=16U*EyjWVs address=/ip4/172.20.10.14/udp/60294/quic-v1 hostname=172.20.10.14
[2026-10-04 13:19:46.147] [out] [delivery_module] DBG 2026-10-04 13:19:46.147+02:00 Expanded address and hostname              topics="libp2p dialer" tid=4807406 expandedAddress=/ip4/109.41.112.89/tcp/48444 hostname=109.41.112.89 resolvedAddresses="[/ip4/109.41.112.89/tcp/48444]"
[2026-10-04 13:19:46.459] [out] [delivery_module] DBG 2026-10-04 13:19:46.459+02:00 Kad lookup: RPC error                      topics="kad-dht find" tid=4807406 peer=16U*bERhF5 msg="dialStage: timed out dialing the peer"
[2026-10-04 13:19:46.459] [out] [delivery_module] DBG 2026-10-04 13:19:46.459+02:00 Kad lookup: RPC error                      topics="kad-dht find" tid=4807406 peer=16U*FMCSLG msg="dialStage: timed out dialing the peer"
[2026-10-04 13:19:46.459] [out] [delivery_module] DBG 2026-10-04 13:19:46.459+02:00 Kad lookup: RPC error                      topics="kad-dht find" tid=4807406 peer=16U*EyjWVs msg="dialStage: timed out dialing the peer"
[2026-10-04 13:19:46.459] [out] [delivery_module] DBG 2026-10-04 13:19:46.459+02:00 Kad lookup: RPC error                      topics="kad-dht find" tid=4807406 peer=16U*Yn2Pww msg="dialStage: timed out dialing the peer"
[2026-10-04 13:19:46.460] [out] [delivery_module] DBG 2026-10-04 13:19:46.459+02:00 Kad lookup: RPC error                      topics="kad-dht find" tid=4807406 peer=16U*cef9mW msg="dialStage: timed out dialing the peer"
[2026-10-04 13:19:46.460] [out] [delivery_module] DBG 2026-10-04 13:19:46.460+02:00 Lookup query                               topics="kad-dht find" tid=4807406 peer=16U*FMCSLG
[2026-10-04 13:19:46.460] [out] [delivery_module] DBG 2026-10-04 13:19:46.460+02:00 Lookup query                               topics="kad-dht find" tid=4807406 peer=16U*bERhF5
[2026-10-04 13:19:46.460] [out] [delivery_module] DBG 2026-10-04 13:19:46.460+02:00 Lookup query                               topics="kad-dht find" tid=4807406 peer=16U*EyjWVs
[2026-10-04 13:19:46.460] [out] [delivery_module] DBG 2026-10-04 13:19:46.460+02:00 Lookup query                               topics="kad-dht find" tid=4807406 peer=16U*Yn2Pww
[2026-10-04 13:19:46.461] [out] [delivery_module] DBG 2026-10-04 13:19:46.460+02:00 Lookup query                               topics="kad-dht find" tid=4807406 peer=16U*cef9mW
[2026-10-04 13:19:46.461] [out] [delivery_module] DBG 2026-10-04 13:19:46.460+02:00 Lookup query                               topics="kad-dht find" tid=4807406 peer=16U*2pfeoX
[2026-10-04 13:19:46.461] [out] [delivery_module] DBG 2026-10-04 13:19:46.460+02:00 Kad lookup: RPC error                      topics="kad-dht find" tid=4807406 peer=16U*2pfeoX msg="dialStage: timed out dialing the peer"
[2026-10-04 13:19:46.534] [out] [delivery_module] DBG 2026-10-04 13:19:46.533+02:00 Lookup query                               topics="kad-dht find" tid=4807406 peer=16U*FMCSLG
[2026-10-04 13:19:46.534] [out] [delivery_module] DBG 2026-10-04 13:19:46.533+02:00 Lookup query                               topics="kad-dht find" tid=4807406 peer=16U*bERhF5
[2026-10-04 13:19:46.534] [out] [delivery_module] DBG 2026-10-04 13:19:46.534+02:00 Lookup query                               topics="kad-dht find" tid=4807406 peer=16U*oeaQi3
[2026-10-04 13:19:46.534] [out] [delivery_module] DBG 2026-10-04 13:19:46.534+02:00 Lookup query                               topics="kad-dht find" tid=4807406 peer=16U*6M7AnR
[2026-10-04 13:19:46.534] [out] [delivery_module] DBG 2026-10-04 13:19:46.534+02:00 Lookup query                               topics="kad-dht find" tid=4807406 peer=16U*Yn2Pww
[2026-10-04 13:19:46.534] [out] [delivery_module] DBG 2026-10-04 13:19:46.534+02:00 Kad lookup: RPC error                      topics="kad-dht find" tid=4807406 peer=16U*FMCSLG msg="dialStage: timed out dialing the peer"
[2026-10-04 13:19:46.534] [out] [delivery_module] DBG 2026-10-04 13:19:46.534+02:00 Kad lookup: RPC error                      topics="kad-dht find" tid=4807406 peer=16U*oeaQi3 msg="dialStage: timed out dialing the peer"
[2026-10-04 13:19:46.534] [out] [delivery_module] DBG 2026-10-04 13:19:46.534+02:00 Kad lookup: RPC error                      topics="kad-dht find" tid=4807406 peer=16U*Yn2Pww msg="dialStage: timed out dialing the peer"
[2026-10-04 13:19:46.534] [out] [delivery_module] DBG 2026-10-04 13:19:46.534+02:00 Kad lookup: RPC error                      topics="kad-dht find" tid=4807406 peer=16U*6M7AnR msg="dialStage: timed out dialing the peer"
[2026-10-04 13:19:46.534] [out] [delivery_module] DBG 2026-10-04 13:19:46.534+02:00 Kad lookup: RPC error                      topics="kad-dht find" tid=4807406 peer=16U*bERhF5 msg="dialStage: timed out dialing the peer"
[2026-10-04 13:19:46.558] [out] [delivery_module] DBG 2026-10-04 13:19:46.558+02:00 Lookup query                               topics="kad-dht find" tid=4807406 peer=16U*cef9mW
[2026-10-04 13:19:46.558] [out] [delivery_module] DBG 2026-10-04 13:19:46.558+02:00 Lookup query                               topics="kad-dht find" tid=4807406 peer=16U*2pfeoX
[2026-10-04 13:19:46.558] [out] [delivery_module] DBG 2026-10-04 13:19:46.558+02:00 Kad lookup: RPC error                      topics="kad-dht find" tid=4807406 peer=16U*cef9mW msg="dialStage: timed out dialing the peer"
[2026-10-04 13:19:46.558] [out] [delivery_module] DBG 2026-10-04 13:19:46.558+02:00 Kad lookup: RPC error                      topics="kad-dht find" tid=4807406 peer=16U*2pfeoX msg="dialStage: timed out dialing the peer"
[2026-10-04 13:19:46.559] [out] [delivery_module] DBG 2026-10-04 13:19:46.559+02:00 Lookup query                               topics="kad-dht find" tid=4807406 peer=16U*oeaQi3
[2026-10-04 13:19:46.559] [out] [delivery_module] DBG 2026-10-04 13:19:46.559+02:00 Lookup query                               topics="kad-dht find" tid=4807406 peer=16U*6M7AnR
[2026-10-04 13:19:46.559] [out] [delivery_module] DBG 2026-10-04 13:19:46.559+02:00 Lookup query                               topics="kad-dht find" tid=4807406 peer=16U*Yn2Pww
[2026-10-04 13:19:46.560] [out] [delivery_module] DBG 2026-10-04 13:19:46.560+02:00 Kad lookup: RPC error                      topics="kad-dht find" tid=4807406 peer=16U*6M7AnR msg="dialStage: timed out dialing the peer"
[2026-10-04 13:19:46.560] [out] [delivery_module] DBG 2026-10-04 13:19:46.560+02:00 Kad lookup: RPC error                      topics="kad-dht find" tid=4807406 peer=16U*oeaQi3 msg="dialStage: timed out dialing the peer"
[2026-10-04 13:19:46.560] [out] [delivery_module] DBG 2026-10-04 13:19:46.560+02:00 Kad lookup: RPC error                      topics="kad-dht find" tid=4807406 peer=16U*Yn2Pww msg="dialStage: timed out dialing the peer"
[2026-10-04 13:19:46.560] [out] [delivery_module] DBG 2026-10-04 13:19:46.560+02:00 Lookup query                               topics="kad-dht find" tid=4807406 peer=16U*oeaQi3
[2026-10-04 13:19:46.560] [out] [delivery_module] DBG 2026-10-04 13:19:46.560+02:00 Lookup query                               topics="kad-dht find" tid=4807406 peer=16U*6M7AnR
[2026-10-04 13:19:46.560] [out] [delivery_module] DBG 2026-10-04 13:19:46.560+02:00 Kad lookup: RPC error                      topics="kad-dht find" tid=4807406 peer=16U*oeaQi3 msg="waitStage: timed out before dialing"
[2026-10-04 13:19:46.561] [out] [delivery_module] DBG 2026-10-04 13:19:46.561+02:00 Kad lookup: RPC error                      topics="kad-dht find" tid=4807406 peer=16U*6M7AnR msg="dialStage: timed out dialing the peer"
[2026-10-04 13:19:46.645] [out] [delivery_module] DBG 2026-10-04 13:19:46.645+02:00 MixSendProcessor.sendImpl failed           topics="send service mix processor" tid=4807406 error="No peers for topic, skipping publish"
[2026-10-04 13:19:46.650] [out] [delivery_module] DBG 2026-10-04 13:19:46.650+02:00 Lookup query                               topics="kad-dht find" tid=4807406 peer=16U*FMCSLG
[2026-10-04 13:19:46.650] [out] [delivery_module] DBG 2026-10-04 13:19:46.650+02:00 Lookup query                               topics="kad-dht find" tid=4807406 peer=16U*bERhF5
[2026-10-04 13:19:46.650] [out] [delivery_module] DBG 2026-10-04 13:19:46.650+02:00 Lookup query                               topics="kad-dht find" tid=4807406 peer=16U*6M7AnR
[2026-10-04 13:19:46.650] [out] [delivery_module] DBG 2026-10-04 13:19:46.650+02:00 Lookup query                               topics="kad-dht find" tid=4807406 peer=16U*oeaQi3
[2026-10-04 13:19:46.650] [out] [delivery_module] DBG 2026-10-04 13:19:46.650+02:00 Lookup query                               topics="kad-dht find" tid=4807406 peer=16U*Yn2Pww
[2026-10-04 13:19:46.651] [out] [delivery_module] DBG 2026-10-04 13:19:46.651+02:00 Kad lookup: RPC error                      topics="kad-dht find" tid=4807406 peer=16U*6M7AnR msg="dialStage: timed out dialing the peer"
[2026-10-04 13:19:46.651] [out] [delivery_module] DBG 2026-10-04 13:19:46.651+02:00 Kad lookup: RPC error                      topics="kad-dht find" tid=4807406 peer=16U*Yn2Pww msg="dialStage: timed out dialing the peer"
[2026-10-04 13:19:46.651] [out] [delivery_module] DBG 2026-10-04 13:19:46.651+02:00 Kad lookup: RPC error                      topics="kad-dht find" tid=4807406 peer=16U*FMCSLG msg="dialStage: timed out dialing the peer"
[2026-10-04 13:19:46.651] [out] [delivery_module] DBG 2026-10-04 13:19:46.651+02:00 Kad lookup: RPC error                      topics="kad-dht find" tid=4807406 peer=16U*bERhF5 msg="dialStage: timed out dialing the peer"
[2026-10-04 13:19:46.651] [out] [delivery_module] DBG 2026-10-04 13:19:46.651+02:00 Kad lookup: RPC error                      topics="kad-dht find" tid=4807406 peer=16U*oeaQi3 msg="dialStage: timed out dialing the peer"
[2026-10-04 13:19:46.667] [out] [delivery_module] DBG 2026-10-04 13:19:46.667+02:00 Kad lookup: RPC error                      topics="kad-dht find" tid=4807406 peer=16U*Yn2Pww msg="dialStage: timed out dialing the peer"
[2026-10-04 13:19:46.667] [out] [delivery_module] DBG 2026-10-04 13:19:46.667+02:00 Kad lookup: RPC error                      topics="kad-dht find" tid=4807406 peer=16U*P6Hipt msg="dialStage: timed out dialing the peer"
[2026-10-04 13:19:46.667] [out] [delivery_module] DBG 2026-10-04 13:19:46.667+02:00 Kad lookup: RPC error                      topics="kad-dht find" tid=4807406 peer=16U*EivbVz msg="dialStage: timed out dialing the peer"
[2026-10-04 13:19:46.667] [out] [delivery_module] DBG 2026-10-04 13:19:46.667+02:00 Kad lookup: RPC error                      topics="kad-dht find" tid=4807406 peer=16U*oeaQi3 msg="dialStage: timed out dialing the peer"
[2026-10-04 13:19:46.667] [out] [delivery_module] DBG 2026-10-04 13:19:46.667+02:00 Kad lookup: RPC error                      topics="kad-dht find" tid=4807406 peer=16U*2pfeoX msg="dialStage: timed out dialing the peer"
[2026-10-04 13:19:46.667] [out] [delivery_module] DBG 2026-10-04 13:19:46.667+02:00 Kad lookup: RPC error                      topics="kad-dht find" tid=4807406 peer=16U*6M7AnR msg="dialStage: timed out dialing the peer"
[2026-10-04 13:19:46.667] [out] [delivery_module] DBG 2026-10-04 13:19:46.667+02:00 Kad lookup: RPC error                      topics="kad-dht find" tid=4807406 peer=16U*cef9mW msg="dialStage: timed out dialing the peer"
[2026-10-04 13:19:46.667] [out] [delivery_module] DBG 2026-10-04 13:19:46.667+02:00 Lookup query                               topics="kad-dht find" tid=4807406 peer=16U*Yn2Pww
[2026-10-04 13:19:46.667] [out] [delivery_module] DBG 2026-10-04 13:19:46.667+02:00 Lookup query                               topics="kad-dht find" tid=4807406 peer=16U*oeaQi3
[2026-10-04 13:19:46.667] [out] [delivery_module] DBG 2026-10-04 13:19:46.667+02:00 Lookup query                               topics="kad-dht find" tid=4807406 peer=16U*6M7AnR
[2026-10-04 13:19:46.667] [out] [delivery_module] DBG 2026-10-04 13:19:46.667+02:00 Lookup query                               topics="kad-dht find" tid=4807406 peer=16U*cef9mW
[2026-10-04 13:19:46.667] [out] [delivery_module] DBG 2026-10-04 13:19:46.667+02:00 Lookup query                               topics="kad-dht find" tid=4807406 peer=16U*2pfeoX
[2026-10-04 13:19:46.667] [out] [delivery_module] DBG 2026-10-04 13:19:46.667+02:00 Lookup query                               topics="kad-dht find" tid=4807406 peer=16U*EyjWVs
[2026-10-04 13:19:46.740] [out] [delivery_module] DBG 2026-10-04 13:19:46.740+02:00 Kad lookup: RPC error                      topics="kad-dht find" tid=4807406 peer=16U*oeaQi3 msg="dialStage: timed out dialing the peer"
[2026-10-04 13:19:46.741] [out] [delivery_module] DBG 2026-10-04 13:19:46.740+02:00 Kad lookup: RPC error                      topics="kad-dht find" tid=4807406 peer=16U*pJJk4V msg="dialStage: timed out dialing the peer"
[2026-10-04 13:19:46.741] [out] [delivery_module] DBG 2026-10-04 13:19:46.740+02:00 Kad lookup: RPC error                      topics="kad-dht find" tid=4807406 peer=16U*6M7AnR msg="dialStage: timed out dialing the peer"
[2026-10-04 13:19:46.741] [out] [delivery_module] DBG 2026-10-04 13:19:46.740+02:00 Kad lookup: RPC error                      topics="kad-dht find" tid=4807406 peer=16U*cef9mW msg="dialStage: timed out dialing the peer"
[2026-10-04 13:19:46.741] [out] [delivery_module] DBG 2026-10-04 13:19:46.740+02:00 Kad lookup: RPC error                      topics="kad-dht find" tid=4807406 peer=16U*2pfeoX msg="dialStage: timed out dialing the peer"
[2026-10-04 13:19:46.741] [out] [delivery_module] DBG 2026-10-04 13:19:46.740+02:00 Kad lookup: RPC error                      topics="kad-dht find" tid=4807406 peer=16U*P6Hipt msg="dialStage: timed out dialing the peer"
[2026-10-04 13:19:46.741] [out] [delivery_module] DBG 2026-10-04 13:19:46.740+02:00 Kad lookup: RPC error                      topics="kad-dht find" tid=4807406 peer=16U*Yn2Pww msg="dialStage: timed out dialing the peer"
[2026-10-04 13:19:46.741] [out] [delivery_module] DBG 2026-10-04 13:19:46.740+02:00 Kad lookup: RPC error                      topics="kad-dht find" tid=4807406 peer=16U*EivbVz msg="dialStage: timed out dialing the peer"
[2026-10-04 13:19:46.741] [out] [delivery_module] DBG 2026-10-04 13:19:46.741+02:00 Lookup query                               topics="kad-dht find" tid=4807406 peer=16U*oeaQi3
[2026-10-04 13:19:46.741] [out] [delivery_module] DBG 2026-10-04 13:19:46.741+02:00 Lookup query                               topics="kad-dht find" tid=4807406 peer=16U*6M7AnR
[2026-10-04 13:19:46.741] [out] [delivery_module] DBG 2026-10-04 13:19:46.741+02:00 Lookup query                               topics="kad-dht find" tid=4807406 peer=16U*cef9mW
[2026-10-04 13:19:46.741] [out] [delivery_module] DBG 2026-10-04 13:19:46.741+02:00 Lookup query                               topics="kad-dht find" tid=4807406 peer=16U*2pfeoX
[2026-10-04 13:19:46.741] [out] [delivery_module] DBG 2026-10-04 13:19:46.741+02:00 Lookup query                               topics="kad-dht find" tid=4807406 peer=16U*Yn2Pww
[2026-10-04 13:19:46.741] [out] [delivery_module] DBG 2026-10-04 13:19:46.741+02:00 Lookup query                               topics="kad-dht find" tid=4807406 peer=16U*FMCSLG
[2026-10-04 13:19:46.804] [out] [delivery_module] DBG 2026-10-04 13:19:46.804+02:00 Kad lookup: RPC error                      topics="kad-dht find" tid=4807406 peer=16U*EyjWVs msg="dialStage: timed out dialing the peer"
[2026-10-04 13:19:46.804] [out] [delivery_module] DBG 2026-10-04 13:19:46.804+02:00 Kad lookup: RPC error                      topics="kad-dht find" tid=4807406 peer=16U*FMCSLG msg="dialStage: timed out dialing the peer"
[2026-10-04 13:19:46.804] [out] [delivery_module] DBG 2026-10-04 13:19:46.804+02:00 Kad lookup: RPC error                      topics="kad-dht find" tid=4807406 peer=16U*pJJk4V msg="dialStage: timed out dialing the peer"
[2026-10-04 13:19:46.804] [out] [delivery_module] DBG 2026-10-04 13:19:46.804+02:00 Kad lookup: RPC error                      topics="kad-dht find" tid=4807406 peer=16U*bERhF5 msg="dialStage: timed out dialing the peer"
[2026-10-04 13:19:46.804] [out] [delivery_module] DBG 2026-10-04 13:19:46.804+02:00 Kad lookup: RPC error                      topics="kad-dht find" tid=4807406 peer=16U*6M7AnR msg="dialStage: timed out dialing the peer"
[2026-10-04 13:19:46.805] [out] [delivery_module] DBG 2026-10-04 13:19:46.804+02:00 Kad lookup: RPC error                      topics="kad-dht find" tid=4807406 peer=16U*2pfeoX msg="dialStage: timed out dialing the peer"
[2026-10-04 13:19:46.805] [out] [delivery_module] DBG 2026-10-04 13:19:46.804+02:00 Kad lookup: RPC error                      topics="kad-dht find" tid=4807406 peer=16U*cef9mW msg="dialStage: timed out dialing the peer"
[2026-10-04 13:19:46.805] [out] [delivery_module] DBG 2026-10-04 13:19:46.804+02:00 Kad lookup: RPC error                      topics="kad-dht find" tid=4807406 peer=16U*Yn2Pww msg="dialStage: timed out dialing the peer"
[2026-10-04 13:19:46.805] [out] [delivery_module] DBG 2026-10-04 13:19:46.804+02:00 Kad lookup: RPC error                      topics="kad-dht find" tid=4807406 peer=16U*oeaQi3 msg="dialStage: timed out dialing the peer"
[2026-10-04 13:19:46.805] [out] [delivery_module] DBG 2026-10-04 13:19:46.805+02:00 Lookup query                               topics="kad-dht find" tid=4807406 peer=16U*EyjWVs
[2026-10-04 13:19:46.805] [out] [delivery_module] DBG 2026-10-04 13:19:46.805+02:00 Lookup query                               topics="kad-dht find" tid=4807406 peer=16U*bERhF5
[2026-10-04 13:19:46.805] [out] [delivery_module] DBG 2026-10-04 13:19:46.805+02:00 Lookup query                               topics="kad-dht find" tid=4807406 peer=16U*FMCSLG
[2026-10-04 13:19:46.805] [out] [delivery_module] DBG 2026-10-04 13:19:46.805+02:00 Lookup query                               topics="kad-dht find" tid=4807406 peer=16U*6M7AnR
[2026-10-04 13:19:46.805] [out] [delivery_module] DBG 2026-10-04 13:19:46.805+02:00 Lookup query                               topics="kad-dht find" tid=4807406 peer=16U*oeaQi3
[2026-10-04 13:19:46.805] [out] [delivery_module] DBG 2026-10-04 13:19:46.805+02:00 Lookup query                               topics="kad-dht find" tid=4807406 peer=16U*2pfeoX
[2026-10-04 13:19:46.805] [out] [delivery_module] DBG 2026-10-04 13:19:46.805+02:00 Lookup query                               topics="kad-dht find" tid=4807406 peer=16U*cef9mW
[2026-10-04 13:19:46.805] [out] [delivery_module] DBG 2026-10-04 13:19:46.805+02:00 Lookup query                               topics="kad-dht find" tid=4807406 peer=16U*Yn2Pww
[2026-10-04 13:19:46.805] [out] [delivery_module] DBG 2026-10-04 13:19:46.805+02:00 Lookup query                               topics="kad-dht find" tid=4807406 peer=16U*oN8hgK
[2026-10-04 13:19:46.866] [out] [delivery_module] DBG 2026-10-04 13:19:46.866+02:00 Lookup query                               topics="kad-dht find" tid=4807406 peer=16U*oeaQi3
[2026-10-04 13:19:46.866] [out] [delivery_module] DBG 2026-10-04 13:19:46.866+02:00 Lookup query                               topics="kad-dht find" tid=4807406 peer=16U*6M7AnR
[2026-10-04 13:19:46.866] [out] [delivery_module] DBG 2026-10-04 13:19:46.866+02:00 Kad lookup: RPC error                      topics="kad-dht find" tid=4807406 peer=16U*oeaQi3 msg="dialStage: timed out dialing the peer"
[2026-10-04 13:19:46.866] [out] [delivery_module] DBG 2026-10-04 13:19:46.866+02:00 Kad lookup: RPC error                      topics="kad-dht find" tid=4807406 peer=16U*6M7AnR msg="dialStage: timed out dialing the peer"
[2026-10-04 13:19:46.937] [out] [delivery_module] DBG 2026-10-04 13:19:46.937+02:00 Kad lookup: RPC error                      topics="kad-dht find" tid=4807406 peer=16U*Yn2Pww msg="dialStage: timed out dialing the peer"
[2026-10-04 13:19:46.938] [out] [delivery_module] DBG 2026-10-04 13:19:46.937+02:00 Kad lookup: RPC error                      topics="kad-dht find" tid=4807406 peer=16U*FMCSLG msg="dialStage: timed out dialing the peer"
[2026-10-04 13:19:46.938] [out] [delivery_module] DBG 2026-10-04 13:19:46.937+02:00 Kad lookup: RPC error                      topics="kad-dht find" tid=4807406 peer=16U*EivbVz msg="dialStage: timed out dialing the peer"
[2026-10-04 13:19:46.938] [out] [delivery_module] DBG 2026-10-04 13:19:46.937+02:00 Kad lookup: RPC error                      topics="kad-dht find" tid=4807406 peer=16U*P6Hipt msg="dialStage: timed out dialing the peer"
[2026-10-04 13:19:46.938] [out] [delivery_module] DBG 2026-10-04 13:19:46.937+02:00 Kad lookup: RPC error                      topics="kad-dht find" tid=4807406 peer=16U*bERhF5 msg="dialStage: timed out dialing the peer"
[2026-10-04 13:19:46.938] [out] [delivery_module] DBG 2026-10-04 13:19:46.937+02:00 Kad lookup: RPC error                      topics="kad-dht find" tid=4807406 peer=16U*EyjWVs msg="dialStage: timed out dialing the peer"
[2026-10-04 13:19:46.938] [out] [delivery_module] DBG 2026-10-04 13:19:46.937+02:00 Kad lookup: RPC error                      topics="kad-dht find" tid=4807406 peer=16U*pJJk4V msg="dialStage: timed out dialing the peer"
[2026-10-04 13:19:46.938] [out] [delivery_module] DBG 2026-10-04 13:19:46.937+02:00 Kad lookup: RPC error                      topics="kad-dht find" tid=4807406 peer=16U*oeaQi3 msg="dialStage: timed out dialing the peer"
[2026-10-04 13:19:46.938] [out] [delivery_module] DBG 2026-10-04 13:19:46.937+02:00 Kad lookup: RPC error                      topics="kad-dht find" tid=4807406 peer=16U*6M7AnR msg="dialStage: timed out dialing the peer"
[2026-10-04 13:19:46.938] [out] [delivery_module] DBG 2026-10-04 13:19:46.937+02:00 Lookup query                               topics="kad-dht find" tid=4807406 peer=16U*bERhF5
[2026-10-04 13:19:46.938] [out] [delivery_module] DBG 2026-10-04 13:19:46.937+02:00 Lookup query                               topics="kad-dht find" tid=4807406 peer=16U*FMCSLG
[2026-10-04 13:19:46.938] [out] [delivery_module] DBG 2026-10-04 13:19:46.937+02:00 Lookup query                               topics="kad-dht find" tid=4807406 peer=16U*EyjWVs
[2026-10-04 13:19:46.938] [out] [delivery_module] DBG 2026-10-04 13:19:46.937+02:00 Lookup query                               topics="kad-dht find" tid=4807406 peer=16U*Yn2Pww
[2026-10-04 13:19:46.938] [out] [delivery_module] DBG 2026-10-04 13:19:46.937+02:00 Lookup query                               topics="kad-dht find" tid=4807406 peer=16U*6M7AnR
[2026-10-04 13:19:46.938] [out] [delivery_module] DBG 2026-10-04 13:19:46.937+02:00 Lookup query                               topics="kad-dht find" tid=4807406 peer=16U*oeaQi3
[2026-10-04 13:19:46.938] [out] [delivery_module] DBG 2026-10-04 13:19:46.937+02:00 Lookup query                               topics="kad-dht find" tid=4807406 peer=16U*iSrhve
[2026-10-04 13:19:46.938] [out] [delivery_module] DBG 2026-10-04 13:19:46.938+02:00 Lookup query                               topics="kad-dht find" tid=4807406 peer=16U*cef9mW
[2026-10-04 13:19:47.304] [out] [delivery_module] DBG 2026-10-04 13:19:47.303+02:00 Lookup query                               topics="kad-dht find" tid=4807406 peer=16U*oeaQi3
[2026-10-04 13:19:47.304] [out] [delivery_module] DBG 2026-10-04 13:19:47.304+02:00 Kad lookup: RPC error                      topics="kad-dht find" tid=4807406 peer=16U*oeaQi3 msg="dialStage: timed out dialing the peer"
[2026-10-04 13:19:47.465] [out] [delivery_module] DBG 2026-10-04 13:19:47.465+02:00 Dialing failed                             topics="libp2p dialer" tid=4807406 description="quic dial timed out after 3s" peerId=16U*P6Hipt address=/ip4/172.20.10.14/udp/52573/quic-v1 hostname=172.20.10.14
[2026-10-04 13:19:47.466] [out] [delivery_module] DBG 2026-10-04 13:19:47.465+02:00 Dialing failed                             topics="libp2p dialer" tid=4807406 description="quic dial timed out after 3s" peerId=16U*EivbVz address=/ip4/172.20.10.14/udp/63966/quic-v1 hostname=172.20.10.14
[2026-10-04 13:19:47.466] [out] [delivery_module] DBG 2026-10-04 13:19:47.465+02:00 Expanded address and hostname              topics="libp2p dialer" tid=4807406 expandedAddress=/ip4/172.20.10.14/tcp/57390 hostname=172.20.10.14 resolvedAddresses="[/ip4/172.20.10.14/tcp/57390]"
[2026-10-04 13:19:47.466] [out] [delivery_module] DBG 2026-10-04 13:19:47.466+02:00 Expanded address and hostname              topics="libp2p dialer" tid=4807406 expandedAddress=/ip4/172.20.10.14/tcp/60485 hostname=172.20.10.14 resolvedAddresses="[/ip4/172.20.10.14/tcp/60485]"
[2026-10-04 13:19:47.467] [out] [delivery_module] DBG 2026-10-04 13:19:47.467+02:00 Dialing failed                             topics="libp2p dialer" tid=4807406 description="TcpTransport dial error: (61) Connection refused" peerId=16U*P6Hipt address=/ip4/172.20.10.14/tcp/57390 hostname=172.20.10.14
[2026-10-04 13:19:47.467] [out] [delivery_module] DBG 2026-10-04 13:19:47.467+02:00 Dialing failed                             topics="libp2p dialer" tid=4807406 description="TcpTransport dial error: (61) Connection refused" peerId=16U*EivbVz address=/ip4/172.20.10.14/tcp/60485 hostname=172.20.10.14
[2026-10-04 13:19:47.467] [out] [delivery_module] DBG 2026-10-04 13:19:47.467+02:00 Error dialing                              topics="libp2p dialer" tid=4807406 conn=nil peerId=16U*P6Hipt protos="[/logos/service-discovery/1.0.0]" addrs="[/ip4/172.20.10.14/udp/52573/quic-v1, /ip4/172.20.10.14/tcp/57390]" description="Unable to establish outgoing link in establishConnection: peer_id=16U*P6Hipt addrs=@[/ip4/172.20.10.14/udp/52573/quic-v1, /ip4/172.20.10.14/tcp/57390]"
[2026-10-04 13:19:47.467] [out] [delivery_module] DBG 2026-10-04 13:19:47.467+02:00 Error dialing                              topics="libp2p dialer" tid=4807406 conn=nil peerId=16U*EivbVz protos="[/logos/service-discovery/1.0.0]" addrs="[/ip4/172.20.10.14/udp/63966/quic-v1, /ip4/172.20.10.14/tcp/60485]" description="Unable to establish outgoing link in establishConnection: peer_id=16U*EivbVz addrs=@[/ip4/172.20.10.14/udp/63966/quic-v1, /ip4/172.20.10.14/tcp/60485]"
[2026-10-04 13:19:47.467] [out] [delivery_module] DBG 2026-10-04 13:19:47.467+02:00 Dialing peer                               topics="libp2p dialer" tid=4807406 peerId=16U*P6Hipt addrs="[/ip4/172.20.10.14/udp/52573/quic-v1, /ip4/172.20.10.14/tcp/57390]"
[2026-10-04 13:19:47.467] [out] [delivery_module] DBG 2026-10-04 13:19:47.467+02:00 Expanded address and hostname              topics="libp2p dialer" tid=4807406 expandedAddress=/ip4/172.20.10.14/udp/52573/quic-v1 hostname=172.20.10.14 resolvedAddresses="[/ip4/172.20.10.14/udp/52573/quic-v1]"
[2026-10-04 13:19:47.467] [out] [delivery_module] DBG 2026-10-04 13:19:47.467+02:00 New connection established: client         tid=4807406
[2026-10-04 13:19:47.468] [out] [delivery_module] DBG 2026-10-04 13:19:47.468+02:00 Dialing peer                               topics="libp2p dialer" tid=4807406 peerId=16U*EivbVz addrs="[/ip4/172.20.10.14/udp/63966/quic-v1, /ip4/172.20.10.14/tcp/60485]"
[2026-10-04 13:19:47.468] [out] [delivery_module] DBG 2026-10-04 13:19:47.468+02:00 Expanded address and hostname              topics="libp2p dialer" tid=4807406 expandedAddress=/ip4/172.20.10.14/udp/63966/quic-v1 hostname=172.20.10.14 resolvedAddresses="[/ip4/172.20.10.14/udp/63966/quic-v1]"
[2026-10-04 13:19:47.468] [out] [delivery_module] DBG 2026-10-04 13:19:47.468+02:00 New connection established: client         tid=4807406
[2026-10-04 13:19:47.564] [out] [delivery_module] DBG 2026-10-04 13:19:47.564+02:00 Dialing failed                             topics="libp2p dialer" tid=4807406 description="quic dial timed out after 3s" peerId=16U*pJJk4V address=/ip4/172.20.10.14/udp/51325/quic-v1 hostname=172.20.10.14
[2026-10-04 13:19:47.564] [out] [delivery_module] DBG 2026-10-04 13:19:47.564+02:00 Expanded address and hostname              topics="libp2p dialer" tid=4807406 expandedAddress=/ip4/172.20.10.14/tcp/60486 hostname=172.20.10.14 resolvedAddresses="[/ip4/172.20.10.14/tcp/60486]"
[2026-10-04 13:19:47.565] [out] [delivery_module] DBG 2026-10-04 13:19:47.565+02:00 Dialing failed                             topics="libp2p dialer" tid=4807406 description="TcpTransport dial error: (61) Connection refused" peerId=16U*pJJk4V address=/ip4/172.20.10.14/tcp/60486 hostname=172.20.10.14
[2026-10-04 13:19:47.565] [out] [delivery_module] DBG 2026-10-04 13:19:47.565+02:00 Error dialing                              topics="libp2p dialer" tid=4807406 conn=nil peerId=16U*pJJk4V protos="[/logos/service-discovery/1.0.0]" addrs="[/ip4/172.20.10.14/udp/51325/quic-v1, /ip4/172.20.10.14/tcp/60486]" description="Unable to establish outgoing link in establishConnection: peer_id=16U*pJJk4V addrs=@[/ip4/172.20.10.14/udp/51325/quic-v1, /ip4/172.20.10.14/tcp/60486]"
[2026-10-04 13:19:47.565] [out] [delivery_module] DBG 2026-10-04 13:19:47.565+02:00 Dialing peer                               topics="libp2p dialer" tid=4807406 peerId=16U*pJJk4V addrs="[/ip4/172.20.10.14/udp/51325/quic-v1, /ip4/172.20.10.14/tcp/60486]"
[2026-10-04 13:19:47.565] [out] [delivery_module] DBG 2026-10-04 13:19:47.565+02:00 Expanded address and hostname              topics="libp2p dialer" tid=4807406 expandedAddress=/ip4/172.20.10.14/udp/51325/quic-v1 hostname=172.20.10.14 resolvedAddresses="[/ip4/172.20.10.14/udp/51325/quic-v1]"
[2026-10-04 13:19:47.565] [out] [delivery_module] DBG 2026-10-04 13:19:47.565+02:00 New connection established: client         tid=4807406
[2026-10-04 13:19:47.647] [out] [delivery_module] DBG 2026-10-04 13:19:47.647+02:00 Trying message delivery via Mix            topics="send service mix processor" tid=4807406 requestId=eae94d37387a23a82fd6 msgHash=0xc3c83ab18a81b8c0f848732a5b68faf90afbeb7f5ee967ed20683869803ff738 tryCount=12
[2026-10-04 13:19:47.647] [out] [delivery_module] DBG 2026-10-04 13:19:47.647+02:00 Publishing message without RLN proof       tid=4807406
[2026-10-04 13:19:47.647] [out] [delivery_module] DBG 2026-10-04 13:19:47.647+02:00 Publishing message with lightpush          topics="waku node lightpush api" tid=4807406 pubsubTopic=/waku/2/rs/3/7 contentTopic=/lp0026forum/1/general/text target_peer_id=16U*VpJprH msg_hash=0xc3c83ab18a81b8c0f848732a5b68faf90afbeb7f5ee967ed20683869803ff738 mixify=true
[2026-10-04 13:19:47.647] [out] [delivery_module] DBG 2026-10-04 13:19:47.647+02:00 Publish                                    topics="waku lightpush client" tid=4807406 myPeerId=16U*Tp1aUr peerId= msgHash=0xc3c83ab18a81b8c0f848732a5b68faf90afbeb7f5ee967ed20683869803ff738 sentTime=1791112787647310848
[2026-10-04 13:19:47.647] [out] [delivery_module] DBG 2026-10-04 13:19:47.647+02:00 Destination data                           tid=4807406 destination=MixDestination[MixNode](16Uiu2HAmMK7PYygBtKUQ8EHp7EfaD3bCEsJrkFooK8RQ2PVpJprH)
[2026-10-04 13:19:47.647] [out] [delivery_module] DBG 2026-10-04 13:19:47.647+02:00 Selected mix node:                         tid=4807406 indexInPath=0 peerId=16U*TwqBiH
[2026-10-04 13:19:47.647] [out] [delivery_module] DBG 2026-10-04 13:19:47.647+02:00 Selected mix node:                         tid=4807406 indexInPath=1 peerId=16U*T3UNSE
[2026-10-04 13:19:47.647] [out] [delivery_module] DBG 2026-10-04 13:19:47.647+02:00 Selected mix node:                         tid=4807406 indexInPath=2 peerId=16U*VpJprH
[2026-10-04 13:19:47.647] [out] [delivery_module] DBG 2026-10-04 13:19:47.647+02:00 Selected mix node for surbs:               tid=4807406 indexInPath=0 peerId=16U*NSkuby
[2026-10-04 13:19:47.647] [out] [delivery_module] DBG 2026-10-04 13:19:47.647+02:00 Selected mix node for surbs:               tid=4807406 indexInPath=1 peerId=16U*kGyuEP
[2026-10-04 13:19:47.653] [out] [delivery_module] DBG 2026-10-04 13:19:47.653+02:00 Lookup query                               topics="kad-dht find" tid=4807406 peer=16U*EyjWVs
[2026-10-04 13:19:47.653] [out] [delivery_module] DBG 2026-10-04 13:19:47.653+02:00 Kad lookup: RPC error                      topics="kad-dht find" tid=4807406 peer=16U*EyjWVs msg="dialStage: timed out dialing the peer"
[2026-10-04 13:19:47.827] [out] [delivery_module] DBG 2026-10-04 13:19:47.827+02:00 Lookup query                               topics="kad-dht find" tid=4807406 peer=16U*FMCSLG
[2026-10-04 13:19:47.827] [out] [delivery_module] DBG 2026-10-04 13:19:47.827+02:00 Kad lookup: RPC error                      topics="kad-dht find" tid=4807406 peer=16U*FMCSLG msg="dialStage: timed out dialing the peer"
[2026-10-04 13:19:48.169] [out] [delivery_module] DBG 2026-10-04 13:19:48.169+02:00 Lookup query                               topics="kad-dht find" tid=4807406 peer=16U*bERhF5
[2026-10-04 13:19:48.170] [out] [delivery_module] DBG 2026-10-04 13:19:48.170+02:00 Kad lookup: RPC error                      topics="kad-dht find" tid=4807406 peer=16U*bERhF5 msg="dialStage: timed out dialing the peer"
[2026-10-04 13:19:48.278] [out] [delivery_module] DBG 2026-10-04 13:19:48.278+02:00 Lookup query                               topics="kad-dht find" tid=4807406 peer=16U*FMCSLG
[2026-10-04 13:19:48.278] [out] [delivery_module] DBG 2026-10-04 13:19:48.278+02:00 Kad lookup: RPC error                      topics="kad-dht find" tid=4807406 peer=16U*FMCSLG msg="dialStage: timed out dialing the peer"
[2026-10-04 13:19:48.427] [out] [delivery_module] DBG 2026-10-04 13:19:48.427+02:00 Lookup query                               topics="kad-dht find" tid=4807406 peer=16U*EyjWVs
[2026-10-04 13:19:48.428] [out] [delivery_module] DBG 2026-10-04 13:19:48.427+02:00 Kad lookup: RPC error                      topics="kad-dht find" tid=4807406 peer=16U*EyjWVs msg="dialStage: timed out dialing the peer"
[2026-10-04 13:19:48.555] [out] [delivery_module] DBG 2026-10-04 13:19:48.555+02:00 MixSendProcessor.sendImpl failed           topics="send service mix processor" tid=4807406 error="No peers for topic, skipping publish"
[2026-10-04 13:19:48.589] [out] [delivery_module] DBG 2026-10-04 13:19:48.589+02:00 Lookup query                               topics="kad-dht find" tid=4807406 peer=16U*bERhF5
[2026-10-04 13:19:48.590] [out] [delivery_module] DBG 2026-10-04 13:19:48.590+02:00 Kad lookup: RPC error                      topics="kad-dht find" tid=4807406 peer=16U*bERhF5 msg="dialStage: timed out dialing the peer"
[2026-10-04 13:19:49.006] [out] [delivery_module] DBG 2026-10-04 13:19:49.006+02:00 Lookup query                               topics="kad-dht find" tid=4807406 peer=16U*2pfeoX
[2026-10-04 13:19:49.006] [out] [delivery_module] DBG 2026-10-04 13:19:49.006+02:00 Kad lookup: RPC error                      topics="kad-dht find" tid=4807406 peer=16U*2pfeoX msg="dialStage: timed out dialing the peer"
[2026-10-04 13:19:49.466] [out] [delivery_module] DBG 2026-10-04 13:19:49.466+02:00 Lookup query                               topics="kad-dht find" tid=4807406 peer=16U*6M7AnR
[2026-10-04 13:19:49.466] [out] [delivery_module] DBG 2026-10-04 13:19:49.466+02:00 Kad lookup: RPC error                      topics="kad-dht find" tid=4807406 peer=16U*6M7AnR msg="dialStage: timed out dialing the peer"
[2026-10-04 13:19:49.557] [out] [delivery_module] DBG 2026-10-04 13:19:49.557+02:00 Trying message delivery via Mix            topics="send service mix processor" tid=4807406 requestId=eae94d37387a23a82fd6 msgHash=0xc3c83ab18a81b8c0f848732a5b68faf90afbeb7f5ee967ed20683869803ff738 tryCount=13
[2026-10-04 13:19:49.557] [out] [delivery_module] DBG 2026-10-04 13:19:49.557+02:00 Publishing message without RLN proof       tid=4807406
[2026-10-04 13:19:49.557] [out] [delivery_module] DBG 2026-10-04 13:19:49.557+02:00 Publishing message with lightpush          topics="waku node lightpush api" tid=4807406 pubsubTopic=/waku/2/rs/3/7 contentTopic=/lp0026forum/1/general/text target_peer_id=16U*kGyuEP msg_hash=0xc3c83ab18a81b8c0f848732a5b68faf90afbeb7f5ee967ed20683869803ff738 mixify=true
[2026-10-04 13:19:49.557] [out] [delivery_module] DBG 2026-10-04 13:19:49.557+02:00 Publish                                    topics="waku lightpush client" tid=4807406 myPeerId=16U*Tp1aUr peerId= msgHash=0xc3c83ab18a81b8c0f848732a5b68faf90afbeb7f5ee967ed20683869803ff738 sentTime=1791112789557490176
[2026-10-04 13:19:49.557] [out] [delivery_module] DBG 2026-10-04 13:19:49.557+02:00 Destination data                           tid=4807406 destination=MixDestination[MixNode](16Uiu2HAm8YokiNun9BkeA1ZRmhLbtNUvcwRr64F69tYj9fkGyuEP)
[2026-10-04 13:19:49.557] [out] [delivery_module] DBG 2026-10-04 13:19:49.557+02:00 Selected mix node:                         tid=4807406 indexInPath=0 peerId=16U*P1S397
[2026-10-04 13:19:49.557] [out] [delivery_module] DBG 2026-10-04 13:19:49.557+02:00 Selected mix node:                         tid=4807406 indexInPath=1 peerId=16U*VpJprH
[2026-10-04 13:19:49.557] [out] [delivery_module] DBG 2026-10-04 13:19:49.557+02:00 Selected mix node:                         tid=4807406 indexInPath=2 peerId=16U*kGyuEP
[2026-10-04 13:19:49.557] [out] [delivery_module] DBG 2026-10-04 13:19:49.557+02:00 Selected mix node for surbs:               tid=4807406 indexInPath=0 peerId=16U*VpJprH
[2026-10-04 13:19:49.557] [out] [delivery_module] DBG 2026-10-04 13:19:49.557+02:00 Selected mix node for surbs:               tid=4807406 indexInPath=1 peerId=16U*NSkuby
[2026-10-04 13:19:49.564] [out] [delivery_module] DBG 2026-10-04 13:19:49.564+02:00 Lookup query                               topics="kad-dht find" tid=4807406 peer=16U*bERhF5
[2026-10-04 13:19:49.564] [out] [delivery_module] DBG 2026-10-04 13:19:49.564+02:00 Kad lookup: RPC error                      topics="kad-dht find" tid=4807406 peer=16U*bERhF5 msg="dialStage: timed out dialing the peer"
[2026-10-04 13:19:49.758] [out] [delivery_module] DBG 2026-10-04 13:19:49.758+02:00 calculateConnectionState                   tid=4807406 relayCount=9 storeClientCount=6 lightpushCount=9 filterCount=9
[2026-10-04 13:19:50.350] [out] [delivery_module] DBG 2026-10-04 13:19:50.350+02:00 MixSendProcessor.sendImpl failed           topics="send service mix processor" tid=4807406 error="No peers for topic, skipping publish"
[2026-10-04 13:19:50.469] [out] [delivery_module] DBG 2026-10-04 13:19:50.469+02:00 Dialing failed                             topics="libp2p dialer" tid=4807406 description="quic dial timed out after 3s" peerId=16U*P6Hipt address=/ip4/172.20.10.14/udp/52573/quic-v1 hostname=172.20.10.14
[2026-10-04 13:19:50.469] [out] [delivery_module] DBG 2026-10-04 13:19:50.469+02:00 Dialing failed                             topics="libp2p dialer" tid=4807406 description="quic dial timed out after 3s" peerId=16U*EivbVz address=/ip4/172.20.10.14/udp/63966/quic-v1 hostname=172.20.10.14
[2026-10-04 13:19:50.469] [out] [delivery_module] DBG 2026-10-04 13:19:50.469+02:00 Expanded address and hostname              topics="libp2p dialer" tid=4807406 expandedAddress=/ip4/172.20.10.14/tcp/57390 hostname=172.20.10.14 resolvedAddresses="[/ip4/172.20.10.14/tcp/57390]"
[2026-10-04 13:19:50.470] [out] [delivery_module] DBG 2026-10-04 13:19:50.470+02:00 Expanded address and hostname              topics="libp2p dialer" tid=4807406 expandedAddress=/ip4/172.20.10.14/tcp/60485 hostname=172.20.10.14 resolvedAddresses="[/ip4/172.20.10.14/tcp/60485]"
[2026-10-04 13:19:50.473] [out] [delivery_module] DBG 2026-10-04 13:19:50.470+02:00 Dialing failed                             topics="libp2p dialer" tid=4807406 description="TcpTransport dial error: (61) Connection refused" peerId=16U*P6Hipt address=/ip4/172.20.10.14/tcp/57390 hostname=172.20.10.14
[2026-10-04 13:19:50.473] [out] [delivery_module] DBG 2026-10-04 13:19:50.470+02:00 Dialing failed                             topics="libp2p dialer" tid=4807406 description="TcpTransport dial error: (61) Connection refused" peerId=16U*EivbVz address=/ip4/172.20.10.14/tcp/60485 hostname=172.20.10.14
[2026-10-04 13:19:50.473] [out] [delivery_module] DBG 2026-10-04 13:19:50.470+02:00 Error dialing                              topics="libp2p dialer" tid=4807406 conn=nil peerId=16U*P6Hipt protos="[/logos/service-discovery/1.0.0]" addrs="[/ip4/172.20.10.14/udp/52573/quic-v1, /ip4/172.20.10.14/tcp/57390]" description="Unable to establish outgoing link in establishConnection: peer_id=16U*P6Hipt addrs=@[/ip4/172.20.10.14/udp/52573/quic-v1, /ip4/172.20.10.14/tcp/57390]"
[2026-10-04 13:19:50.473] [out] [delivery_module] DBG 2026-10-04 13:19:50.470+02:00 Dialing peer                               topics="libp2p dialer" tid=4807406 peerId=16U*P6Hipt addrs="[/ip4/172.20.10.14/udp/52573/quic-v1, /ip4/172.20.10.14/tcp/57390]"
[2026-10-04 13:19:50.473] [out] [delivery_module] DBG 2026-10-04 13:19:50.470+02:00 Expanded address and hostname              topics="libp2p dialer" tid=4807406 expandedAddress=/ip4/172.20.10.14/udp/52573/quic-v1 hostname=172.20.10.14 resolvedAddresses="[/ip4/172.20.10.14/udp/52573/quic-v1]"
[2026-10-04 13:19:50.473] [out] [delivery_module] DBG 2026-10-04 13:19:50.471+02:00 New connection established: client         tid=4807406
[2026-10-04 13:19:50.473] [out] [delivery_module] DBG 2026-10-04 13:19:50.471+02:00 Error dialing                              topics="libp2p dialer" tid=4807406 conn=nil peerId=16U*EivbVz protos="[/logos/service-discovery/1.0.0]" addrs="[/ip4/172.20.10.14/udp/63966/quic-v1, /ip4/172.20.10.14/tcp/60485]" description="Unable to establish outgoing link in establishConnection: peer_id=16U*EivbVz addrs=@[/ip4/172.20.10.14/udp/63966/quic-v1, /ip4/172.20.10.14/tcp/60485]"
[2026-10-04 13:19:50.473] [out] [delivery_module] DBG 2026-10-04 13:19:50.471+02:00 Dialing peer                               topics="libp2p dialer" tid=4807406 peerId=16U*EivbVz addrs="[/ip4/172.20.10.14/udp/63966/quic-v1, /ip4/172.20.10.14/tcp/60485]"
[2026-10-04 13:19:50.473] [out] [delivery_module] DBG 2026-10-04 13:19:50.471+02:00 Expanded address and hostname              topics="libp2p dialer" tid=4807406 expandedAddress=/ip4/172.20.10.14/udp/63966/quic-v1 hostname=172.20.10.14 resolvedAddresses="[/ip4/172.20.10.14/udp/63966/quic-v1]"
[2026-10-04 13:19:50.473] [out] [delivery_module] DBG 2026-10-04 13:19:50.471+02:00 New connection established: client         tid=4807406
[2026-10-04 13:19:50.567] [out] [delivery_module] DBG 2026-10-04 13:19:50.567+02:00 Dialing failed                             topics="libp2p dialer" tid=4807406 description="quic dial timed out after 3s" peerId=16U*pJJk4V address=/ip4/172.20.10.14/udp/51325/quic-v1 hostname=172.20.10.14
[2026-10-04 13:19:50.567] [out] [delivery_module] DBG 2026-10-04 13:19:50.567+02:00 Expanded address and hostname              topics="libp2p dialer" tid=4807406 expandedAddress=/ip4/172.20.10.14/tcp/60486 hostname=172.20.10.14 resolvedAddresses="[/ip4/172.20.10.14/tcp/60486]"
[2026-10-04 13:19:50.568] [out] [delivery_module] DBG 2026-10-04 13:19:50.567+02:00 Dialing failed                             topics="libp2p dialer" tid=4807406 description="TcpTransport dial error: (61) Connection refused" peerId=16U*pJJk4V address=/ip4/172.20.10.14/tcp/60486 hostname=172.20.10.14
[2026-10-04 13:19:50.568] [out] [delivery_module] DBG 2026-10-04 13:19:50.568+02:00 Error dialing                              topics="libp2p dialer" tid=4807406 conn=nil peerId=16U*pJJk4V protos="[/logos/service-discovery/1.0.0]" addrs="[/ip4/172.20.10.14/udp/51325/quic-v1, /ip4/172.20.10.14/tcp/60486]" description="Unable to establish outgoing link in establishConnection: peer_id=16U*pJJk4V addrs=@[/ip4/172.20.10.14/udp/51325/quic-v1, /ip4/172.20.10.14/tcp/60486]"
[2026-10-04 13:19:50.568] [out] [delivery_module] DBG 2026-10-04 13:19:50.568+02:00 Dialing peer                               topics="libp2p dialer" tid=4807406 peerId=16U*pJJk4V addrs="[/ip4/172.20.10.14/udp/51325/quic-v1, /ip4/172.20.10.14/tcp/60486]"
[2026-10-04 13:19:50.568] [out] [delivery_module] DBG 2026-10-04 13:19:50.568+02:00 Expanded address and hostname              topics="libp2p dialer" tid=4807406 expandedAddress=/ip4/172.20.10.14/udp/51325/quic-v1 hostname=172.20.10.14 resolvedAddresses="[/ip4/172.20.10.14/udp/51325/quic-v1]"
[2026-10-04 13:19:50.568] [out] [delivery_module] DBG 2026-10-04 13:19:50.568+02:00 New connection established: client         tid=4807406
[2026-10-04 13:19:51.023] [out] [delivery_module] DBG 2026-10-04 13:19:51.016+02:00 dialMe answer is not reachable             topics="libp2p autonatservice" tid=4807406 description="Peer could not dial us back: Dial timeout" peerId=16Uiu2HAmTUbnxLGT9JvV6mu9oPyDjqHK4Phs1VDJNUgESgNSkuby
[2026-10-04 13:19:51.023] [out] [delivery_module] DBG 2026-10-04 13:19:51.016+02:00 Current status                             topics="libp2p autonatservice" tid=4807406 currentStats=Unknown confidence=none() answers=[NotReachable]
[2026-10-04 13:19:51.352] [out] [delivery_module] DBG 2026-10-04 13:19:51.352+02:00 Trying message delivery via Mix            topics="send service mix processor" tid=4807406 requestId=eae94d37387a23a82fd6 msgHash=0xc3c83ab18a81b8c0f848732a5b68faf90afbeb7f5ee967ed20683869803ff738 tryCount=14
[2026-10-04 13:19:51.353] [out] [delivery_module] DBG 2026-10-04 13:19:51.353+02:00 Publishing message without RLN proof       tid=4807406
[2026-10-04 13:19:51.353] [out] [delivery_module] DBG 2026-10-04 13:19:51.353+02:00 Publishing message with lightpush          topics="waku node lightpush api" tid=4807406 pubsubTopic=/waku/2/rs/3/7 contentTopic=/lp0026forum/1/general/text target_peer_id=16U*NSkuby msg_hash=0xc3c83ab18a81b8c0f848732a5b68faf90afbeb7f5ee967ed20683869803ff738 mixify=true
[2026-10-04 13:19:51.353] [out] [delivery_module] DBG 2026-10-04 13:19:51.353+02:00 Publish                                    topics="waku lightpush client" tid=4807406 myPeerId=16U*Tp1aUr peerId= msgHash=0xc3c83ab18a81b8c0f848732a5b68faf90afbeb7f5ee967ed20683869803ff738 sentTime=1791112791353115136
[2026-10-04 13:19:51.353] [out] [delivery_module] DBG 2026-10-04 13:19:51.353+02:00 Destination data                           tid=4807406 destination=MixDestination[MixNode](16Uiu2HAmTUbnxLGT9JvV6mu9oPyDjqHK4Phs1VDJNUgESgNSkuby)
[2026-10-04 13:19:51.353] [out] [delivery_module] DBG 2026-10-04 13:19:51.353+02:00 Selected mix node:                         tid=4807406 indexInPath=0 peerId=16U*T3UNSE
[2026-10-04 13:19:51.353] [out] [delivery_module] DBG 2026-10-04 13:19:51.353+02:00 Selected mix node:                         tid=4807406 indexInPath=1 peerId=16U*TwqBiH
[2026-10-04 13:19:51.353] [out] [delivery_module] DBG 2026-10-04 13:19:51.353+02:00 Selected mix node:                         tid=4807406 indexInPath=2 peerId=16U*NSkuby
[2026-10-04 13:19:51.353] [out] [delivery_module] DBG 2026-10-04 13:19:51.353+02:00 Selected mix node for surbs:               tid=4807406 indexInPath=0 peerId=16U*T3UNSE
[2026-10-04 13:19:51.353] [out] [delivery_module] DBG 2026-10-04 13:19:51.353+02:00 Selected mix node for surbs:               tid=4807406 indexInPath=1 peerId=16U*CtL71W
[2026-10-04 13:19:51.461] [out] [delivery_module] DBG 2026-10-04 13:19:51.461+02:00 Lookup query                               topics="kad-dht find" tid=4807406 peer=16U*FMCSLG
[2026-10-04 13:19:51.461] [out] [delivery_module] DBG 2026-10-04 13:19:51.461+02:00 Lookup query                               topics="kad-dht find" tid=4807406 peer=16U*bERhF5
[2026-10-04 13:19:51.461] [out] [delivery_module] DBG 2026-10-04 13:19:51.461+02:00 Lookup query                               topics="kad-dht find" tid=4807406 peer=16U*EyjWVs
[2026-10-04 13:19:51.461] [out] [delivery_module] DBG 2026-10-04 13:19:51.461+02:00 Lookup query                               topics="kad-dht find" tid=4807406 peer=16U*Yn2Pww
[2026-10-04 13:19:51.461] [out] [delivery_module] DBG 2026-10-04 13:19:51.461+02:00 Lookup query                               topics="kad-dht find" tid=4807406 peer=16U*cef9mW
[2026-10-04 13:19:51.461] [out] [delivery_module] DBG 2026-10-04 13:19:51.461+02:00 Lookup query                               topics="kad-dht find" tid=4807406 peer=16U*2pfeoX
[2026-10-04 13:19:51.462] [out] [delivery_module] DBG 2026-10-04 13:19:51.462+02:00 Kad lookup: RPC error                      topics="kad-dht find" tid=4807406 peer=16U*bERhF5 msg="dialStage: timed out dialing the peer"
[2026-10-04 13:19:51.462] [out] [delivery_module] DBG 2026-10-04 13:19:51.462+02:00 Kad lookup: RPC error                      topics="kad-dht find" tid=4807406 peer=16U*Yn2Pww msg="dialStage: timed out dialing the peer"
[2026-10-04 13:19:51.462] [out] [delivery_module] DBG 2026-10-04 13:19:51.462+02:00 Kad lookup: RPC error                      topics="kad-dht find" tid=4807406 peer=16U*FMCSLG msg="dialStage: timed out dialing the peer"
[2026-10-04 13:19:51.462] [out] [delivery_module] DBG 2026-10-04 13:19:51.462+02:00 Kad lookup: RPC error                      topics="kad-dht find" tid=4807406 peer=16U*EyjWVs msg="dialStage: timed out dialing the peer"
[2026-10-04 13:19:51.462] [out] [delivery_module] DBG 2026-10-04 13:19:51.462+02:00 Kad lookup: RPC error                      topics="kad-dht find" tid=4807406 peer=16U*cef9mW msg="dialStage: timed out dialing the peer"
[2026-10-04 13:19:51.462] [out] [delivery_module] DBG 2026-10-04 13:19:51.462+02:00 Kad lookup: RPC error                      topics="kad-dht find" tid=4807406 peer=16U*2pfeoX msg="dialStage: timed out dialing the peer"
[2026-10-04 13:19:51.535] [out] [delivery_module] DBG 2026-10-04 13:19:51.535+02:00 Kad lookup: RPC error                      topics="kad-dht find" tid=4807406 peer=16U*FMCSLG msg="dialStage: timed out dialing the peer"
[2026-10-04 13:19:51.536] [out] [delivery_module] DBG 2026-10-04 13:19:51.535+02:00 Kad lookup: RPC error                      topics="kad-dht find" tid=4807406 peer=16U*bERhF5 msg="dialStage: timed out dialing the peer"
[2026-10-04 13:19:51.536] [out] [delivery_module] DBG 2026-10-04 13:19:51.535+02:00 Kad lookup: RPC error                      topics="kad-dht find" tid=4807406 peer=16U*oeaQi3 msg="dialStage: timed out dialing the peer"
[2026-10-04 13:19:51.536] [out] [delivery_module] DBG 2026-10-04 13:19:51.535+02:00 Kad lookup: RPC error                      topics="kad-dht find" tid=4807406 peer=16U*6M7AnR msg="dialStage: timed out dialing the peer"
[2026-10-04 13:19:51.536] [out] [delivery_module] DBG 2026-10-04 13:19:51.535+02:00 Kad lookup: RPC error                      topics="kad-dht find" tid=4807406 peer=16U*Yn2Pww msg="dialStage: timed out dialing the peer"
[2026-10-04 13:19:51.536] [out] [delivery_module] DBG 2026-10-04 13:19:51.536+02:00 Lookup query                               topics="kad-dht find" tid=4807406 peer=16U*FMCSLG
[2026-10-04 13:19:51.536] [out] [delivery_module] DBG 2026-10-04 13:19:51.536+02:00 Lookup query                               topics="kad-dht find" tid=4807406 peer=16U*bERhF5
[2026-10-04 13:19:51.536] [out] [delivery_module] DBG 2026-10-04 13:19:51.536+02:00 Lookup query                               topics="kad-dht find" tid=4807406 peer=16U*Yn2Pww
[2026-10-04 13:19:51.560] [out] [delivery_module] DBG 2026-10-04 13:19:51.560+02:00 Lookup query                               topics="kad-dht find" tid=4807406 peer=16U*cef9mW
[2026-10-04 13:19:51.560] [out] [delivery_module] DBG 2026-10-04 13:19:51.560+02:00 Lookup query                               topics="kad-dht find" tid=4807406 peer=16U*2pfeoX
[2026-10-04 13:19:51.560] [out] [delivery_module] DBG 2026-10-04 13:19:51.560+02:00 Kad lookup: RPC error                      topics="kad-dht find" tid=4807406 peer=16U*cef9mW msg="dialStage: timed out dialing the peer"
[2026-10-04 13:19:51.560] [out] [delivery_module] DBG 2026-10-04 13:19:51.560+02:00 Kad lookup: RPC error                      topics="kad-dht find" tid=4807406 peer=16U*2pfeoX msg="dialStage: timed out dialing the peer"
[2026-10-04 13:19:51.560] [out] [delivery_module] DBG 2026-10-04 13:19:51.560+02:00 Kad lookup: RPC error                      topics="kad-dht find" tid=4807406 peer=16U*oeaQi3 msg="dialStage: timed out dialing the peer"
[2026-10-04 13:19:51.560] [out] [delivery_module] DBG 2026-10-04 13:19:51.560+02:00 Kad lookup: RPC error                      topics="kad-dht find" tid=4807406 peer=16U*Yn2Pww msg="dialStage: timed out dialing the peer"
[2026-10-04 13:19:51.560] [out] [delivery_module] DBG 2026-10-04 13:19:51.560+02:00 Kad lookup: RPC error                      topics="kad-dht find" tid=4807406 peer=16U*6M7AnR msg="dialStage: timed out dialing the peer"
[2026-10-04 13:19:51.560] [out] [delivery_module] DBG 2026-10-04 13:19:51.560+02:00 Lookup query                               topics="kad-dht find" tid=4807406 peer=16U*Yn2Pww
[2026-10-04 13:19:51.561] [out] [delivery_module] DBG 2026-10-04 13:19:51.561+02:00 Kad lookup: RPC error                      topics="kad-dht find" tid=4807406 peer=16U*oeaQi3 msg="dialStage: timed out dialing the peer"
[2026-10-04 13:19:51.561] [out] [delivery_module] DBG 2026-10-04 13:19:51.561+02:00 Lookup query                               topics="kad-dht find" tid=4807406 peer=16U*FMCSLG
[2026-10-04 13:19:51.561] [out] [delivery_module] DBG 2026-10-04 13:19:51.561+02:00 Lookup query                               topics="kad-dht find" tid=4807406 peer=16U*bERhF5
[2026-10-04 13:19:51.561] [out] [delivery_module] DBG 2026-10-04 13:19:51.561+02:00 Lookup query                               topics="kad-dht find" tid=4807406 peer=16U*EyjWVs
[2026-10-04 13:19:51.561] [out] [delivery_module] DBG 2026-10-04 13:19:51.561+02:00 Lookup query                               topics="kad-dht find" tid=4807406 peer=16U*oN8hgK
[2026-10-04 13:19:51.561] [out] [delivery_module] DBG 2026-10-04 13:19:51.561+02:00 Lookup query                               topics="kad-dht find" tid=4807406 peer=16U*Yn2Pww
[2026-10-04 13:19:51.561] [out] [delivery_module] DBG 2026-10-04 13:19:51.561+02:00 Lookup query                               topics="kad-dht find" tid=4807406 peer=16U*cef9mW
[2026-10-04 13:19:51.561] [out] [delivery_module] DBG 2026-10-04 13:19:51.561+02:00 Lookup query                               topics="kad-dht find" tid=4807406 peer=16U*iSrhve
[2026-10-04 13:19:51.561] [out] [delivery_module] DBG 2026-10-04 13:19:51.561+02:00 Lookup query                               topics="kad-dht find" tid=4807406 peer=16U*2pfeoX
[2026-10-04 13:19:51.652] [out] [delivery_module] DBG 2026-10-04 13:19:51.652+02:00 Kad lookup: RPC error                      topics="kad-dht find" tid=4807406 peer=16U*bERhF5 msg="dialStage: timed out dialing the peer"
[2026-10-04 13:19:51.652] [out] [delivery_module] DBG 2026-10-04 13:19:51.652+02:00 Kad lookup: RPC error                      topics="kad-dht find" tid=4807406 peer=16U*oeaQi3 msg="dialStage: timed out dialing the peer"
[2026-10-04 13:19:51.652] [out] [delivery_module] DBG 2026-10-04 13:19:51.652+02:00 Kad lookup: RPC error                      topics="kad-dht find" tid=4807406 peer=16U*Yn2Pww msg="dialStage: timed out dialing the peer"
[2026-10-04 13:19:51.652] [out] [delivery_module] DBG 2026-10-04 13:19:51.652+02:00 Kad lookup: RPC error                      topics="kad-dht find" tid=4807406 peer=16U*FMCSLG msg="dialStage: timed out dialing the peer"
[2026-10-04 13:19:51.652] [out] [delivery_module] DBG 2026-10-04 13:19:51.652+02:00 Kad lookup: RPC error                      topics="kad-dht find" tid=4807406 peer=16U*6M7AnR msg="dialStage: timed out dialing the peer"
[2026-10-04 13:19:51.652] [out] [delivery_module] DBG 2026-10-04 13:19:51.652+02:00 Lookup query                               topics="kad-dht find" tid=4807406 peer=16U*FMCSLG
[2026-10-04 13:19:51.652] [out] [delivery_module] DBG 2026-10-04 13:19:51.652+02:00 Lookup query                               topics="kad-dht find" tid=4807406 peer=16U*bERhF5
[2026-10-04 13:19:51.652] [out] [delivery_module] DBG 2026-10-04 13:19:51.652+02:00 Lookup query                               topics="kad-dht find" tid=4807406 peer=16U*Yn2Pww
[2026-10-04 13:19:51.669] [out] [delivery_module] DBG 2026-10-04 13:19:51.669+02:00 Kad lookup: RPC error                      topics="kad-dht find" tid=4807406 peer=16U*Yn2Pww msg="dialStage: timed out dialing the peer"
[2026-10-04 13:19:51.669] [out] [delivery_module] DBG 2026-10-04 13:19:51.669+02:00 Kad lookup: RPC error                      topics="kad-dht find" tid=4807406 peer=16U*oeaQi3 msg="dialStage: timed out dialing the peer"
[2026-10-04 13:19:51.669] [out] [delivery_module] DBG 2026-10-04 13:19:51.669+02:00 Kad lookup: RPC error                      topics="kad-dht find" tid=4807406 peer=16U*6M7AnR msg="dialStage: timed out dialing the peer"
[2026-10-04 13:19:51.669] [out] [delivery_module] DBG 2026-10-04 13:19:51.669+02:00 Kad lookup: RPC error                      topics="kad-dht find" tid=4807406 peer=16U*cef9mW msg="dialStage: timed out dialing the peer"
[2026-10-04 13:19:51.669] [out] [delivery_module] DBG 2026-10-04 13:19:51.669+02:00 Kad lookup: RPC error                      topics="kad-dht find" tid=4807406 peer=16U*2pfeoX msg="dialStage: timed out dialing the peer"
[2026-10-04 13:19:51.669] [out] [delivery_module] DBG 2026-10-04 13:19:51.669+02:00 Kad lookup: RPC error                      topics="kad-dht find" tid=4807406 peer=16U*EyjWVs msg="dialStage: timed out dialing the peer"
[2026-10-04 13:19:51.669] [out] [delivery_module] DBG 2026-10-04 13:19:51.669+02:00 Lookup query                               topics="kad-dht find" tid=4807406 peer=16U*Yn2Pww
[2026-10-04 13:19:51.669] [out] [delivery_module] DBG 2026-10-04 13:19:51.669+02:00 Lookup query                               topics="kad-dht find" tid=4807406 peer=16U*cef9mW
[2026-10-04 13:19:51.669] [out] [delivery_module] DBG 2026-10-04 13:19:51.669+02:00 Lookup query                               topics="kad-dht find" tid=4807406 peer=16U*2pfeoX
[2026-10-04 13:19:51.669] [out] [delivery_module] DBG 2026-10-04 13:19:51.669+02:00 Lookup query                               topics="kad-dht find" tid=4807406 peer=16U*EyjWVs
[2026-10-04 13:19:51.742] [out] [delivery_module] DBG 2026-10-04 13:19:51.742+02:00 Kad lookup: RPC error                      topics="kad-dht find" tid=4807406 peer=16U*oeaQi3 msg="dialStage: timed out dialing the peer"
[2026-10-04 13:19:51.742] [out] [delivery_module] DBG 2026-10-04 13:19:51.742+02:00 Kad lookup: RPC error                      topics="kad-dht find" tid=4807406 peer=16U*cef9mW msg="dialStage: timed out dialing the peer"
[2026-10-04 13:19:51.743] [out] [delivery_module] DBG 2026-10-04 13:19:51.742+02:00 Kad lookup: RPC error                      topics="kad-dht find" tid=4807406 peer=16U*2pfeoX msg="dialStage: timed out dialing the peer"
[2026-10-04 13:19:51.743] [out] [delivery_module] DBG 2026-10-04 13:19:51.742+02:00 Kad lookup: RPC error                      topics="kad-dht find" tid=4807406 peer=16U*6M7AnR msg="dialStage: timed out dialing the peer"
[2026-10-04 13:19:51.743] [out] [delivery_module] DBG 2026-10-04 13:19:51.742+02:00 Kad lookup: RPC error                      topics="kad-dht find" tid=4807406 peer=16U*FMCSLG msg="dialStage: timed out dialing the peer"
[2026-10-04 13:19:51.743] [out] [delivery_module] DBG 2026-10-04 13:19:51.742+02:00 Kad lookup: RPC error                      topics="kad-dht find" tid=4807406 peer=16U*Yn2Pww msg="dialStage: timed out dialing the peer"
[2026-10-04 13:19:51.743] [out] [delivery_module] DBG 2026-10-04 13:19:51.743+02:00 Lookup query                               topics="kad-dht find" tid=4807406 peer=16U*cef9mW
[2026-10-04 13:19:51.743] [out] [delivery_module] DBG 2026-10-04 13:19:51.743+02:00 Lookup query                               topics="kad-dht find" tid=4807406 peer=16U*2pfeoX
[2026-10-04 13:19:51.743] [out] [delivery_module] DBG 2026-10-04 13:19:51.743+02:00 Lookup query                               topics="kad-dht find" tid=4807406 peer=16U*Yn2Pww
[2026-10-04 13:19:51.743] [out] [delivery_module] DBG 2026-10-04 13:19:51.743+02:00 Lookup query                               topics="kad-dht find" tid=4807406 peer=16U*FMCSLG
[2026-10-04 13:19:51.808] [out] [delivery_module] DBG 2026-10-04 13:19:51.807+02:00 Kad lookup: RPC error                      topics="kad-dht find" tid=4807406 peer=16U*EyjWVs msg="dialStage: timed out dialing the peer"
[2026-10-04 13:19:51.808] [out] [delivery_module] DBG 2026-10-04 13:19:51.808+02:00 Kad lookup: RPC error                      topics="kad-dht find" tid=4807406 peer=16U*FMCSLG msg="dialStage: timed out dialing the peer"
[2026-10-04 13:19:51.808] [out] [delivery_module] DBG 2026-10-04 13:19:51.808+02:00 Kad lookup: RPC error                      topics="kad-dht find" tid=4807406 peer=16U*6M7AnR msg="dialStage: timed out dialing the peer"
[2026-10-04 13:19:51.808] [out] [delivery_module] DBG 2026-10-04 13:19:51.808+02:00 Kad lookup: RPC error                      topics="kad-dht find" tid=4807406 peer=16U*oeaQi3 msg="dialStage: timed out dialing the peer"
[2026-10-04 13:19:51.808] [out] [delivery_module] DBG 2026-10-04 13:19:51.808+02:00 Kad lookup: RPC error                      topics="kad-dht find" tid=4807406 peer=16U*bERhF5 msg="dialStage: timed out dialing the peer"
[2026-10-04 13:19:51.808] [out] [delivery_module] DBG 2026-10-04 13:19:51.808+02:00 Kad lookup: RPC error                      topics="kad-dht find" tid=4807406 peer=16U*cef9mW msg="dialStage: timed out dialing the peer"
[2026-10-04 13:19:51.808] [out] [delivery_module] DBG 2026-10-04 13:19:51.808+02:00 Kad lookup: RPC error                      topics="kad-dht find" tid=4807406 peer=16U*2pfeoX msg="dialStage: timed out dialing the peer"
[2026-10-04 13:19:51.808] [out] [delivery_module] DBG 2026-10-04 13:19:51.808+02:00 Kad lookup: RPC error                      topics="kad-dht find" tid=4807406 peer=16U*Yn2Pww msg="dialStage: timed out dialing the peer"
[2026-10-04 13:19:51.808] [out] [delivery_module] DBG 2026-10-04 13:19:51.808+02:00 Lookup query                               topics="kad-dht find" tid=4807406 peer=16U*EyjWVs
[2026-10-04 13:19:51.808] [out] [delivery_module] DBG 2026-10-04 13:19:51.808+02:00 Lookup query                               topics="kad-dht find" tid=4807406 peer=16U*bERhF5
[2026-10-04 13:19:51.808] [out] [delivery_module] DBG 2026-10-04 13:19:51.808+02:00 Lookup query                               topics="kad-dht find" tid=4807406 peer=16U*FMCSLG
[2026-10-04 13:19:51.808] [out] [delivery_module] DBG 2026-10-04 13:19:51.808+02:00 Lookup query                               topics="kad-dht find" tid=4807406 peer=16U*2pfeoX
[2026-10-04 13:19:51.808] [out] [delivery_module] DBG 2026-10-04 13:19:51.808+02:00 Lookup query                               topics="kad-dht find" tid=4807406 peer=16U*cef9mW
[2026-10-04 13:19:51.808] [out] [delivery_module] DBG 2026-10-04 13:19:51.808+02:00 Lookup query                               topics="kad-dht find" tid=4807406 peer=16U*Yn2Pww
[2026-10-04 13:19:51.868] [out] [delivery_module] DBG 2026-10-04 13:19:51.868+02:00 Kad lookup: RPC error                      topics="kad-dht find" tid=4807406 peer=16U*oeaQi3 msg="dialStage: timed out dialing the peer"
[2026-10-04 13:19:51.868] [out] [delivery_module] DBG 2026-10-04 13:19:51.868+02:00 Kad lookup: RPC error                      topics="kad-dht find" tid=4807406 peer=16U*6M7AnR msg="dialStage: timed out dialing the peer"
[2026-10-04 13:19:51.869] [out] [delivery_module] DBG 2026-10-04 13:19:51.869+02:00 Lookup query                               topics="kad-dht find" tid=4807406 peer=16U*oN8hgK
[2026-10-04 13:19:51.869] [out] [delivery_module] DBG 2026-10-04 13:19:51.869+02:00 Lookup query                               topics="kad-dht find" tid=4807406 peer=16U*Yn2Pww
[2026-10-04 13:19:51.869] [out] [delivery_module] DBG 2026-10-04 13:19:51.869+02:00 Lookup query                               topics="kad-dht find" tid=4807406 peer=16U*iSrhve
[2026-10-04 13:19:51.869] [out] [delivery_module] DBG 2026-10-04 13:19:51.869+02:00 Lookup query                               topics="kad-dht find" tid=4807406 peer=16U*cef9mW
[2026-10-04 13:19:51.869] [out] [delivery_module] DBG 2026-10-04 13:19:51.869+02:00 Lookup query                               topics="kad-dht find" tid=4807406 peer=16U*2pfeoX
[2026-10-04 13:19:51.869] [out] [delivery_module] DBG 2026-10-04 13:19:51.869+02:00 Lookup query                               topics="kad-dht find" tid=4807406 peer=16U*FMCSLG
[2026-10-04 13:19:51.869] [out] [delivery_module] DBG 2026-10-04 13:19:51.869+02:00 Lookup query                               topics="kad-dht find" tid=4807406 peer=16U*bERhF5
[2026-10-04 13:19:51.869] [out] [delivery_module] DBG 2026-10-04 13:19:51.869+02:00 Lookup query                               topics="kad-dht find" tid=4807406 peer=16U*EyjWVs
[2026-10-04 13:19:51.940] [out] [delivery_module] DBG 2026-10-04 13:19:51.940+02:00 Kad lookup: RPC error                      topics="kad-dht find" tid=4807406 peer=16U*bERhF5 msg="dialStage: timed out dialing the peer"
[2026-10-04 13:19:51.940] [out] [delivery_module] DBG 2026-10-04 13:19:51.940+02:00 Kad lookup: RPC error                      topics="kad-dht find" tid=4807406 peer=16U*Yn2Pww msg="dialStage: timed out dialing the peer"
[2026-10-04 13:19:51.941] [out] [delivery_module] DBG 2026-10-04 13:19:51.940+02:00 Kad lookup: RPC error                      topics="kad-dht find" tid=4807406 peer=16U*EyjWVs msg="dialStage: timed out dialing the peer"
[2026-10-04 13:19:51.941] [out] [delivery_module] DBG 2026-10-04 13:19:51.940+02:00 Kad lookup: RPC error                      topics="kad-dht find" tid=4807406 peer=16U*6M7AnR msg="dialStage: timed out dialing the peer"
[2026-10-04 13:19:51.941] [out] [delivery_module] DBG 2026-10-04 13:19:51.940+02:00 Kad lookup: RPC error                      topics="kad-dht find" tid=4807406 peer=16U*FMCSLG msg="dialStage: timed out dialing the peer"
[2026-10-04 13:19:51.941] [out] [delivery_module] DBG 2026-10-04 13:19:51.940+02:00 Kad lookup: RPC error                      topics="kad-dht find" tid=4807406 peer=16U*cef9mW msg="dialStage: timed out dialing the peer"
[2026-10-04 13:19:51.941] [out] [delivery_module] DBG 2026-10-04 13:19:51.940+02:00 Kad lookup: RPC error                      topics="kad-dht find" tid=4807406 peer=16U*oeaQi3 msg="dialStage: timed out dialing the peer"
[2026-10-04 13:19:51.941] [out] [delivery_module] DBG 2026-10-04 13:19:51.941+02:00 Lookup query                               topics="kad-dht find" tid=4807406 peer=16U*bERhF5
[2026-10-04 13:19:51.941] [out] [delivery_module] DBG 2026-10-04 13:19:51.941+02:00 Lookup query                               topics="kad-dht find" tid=4807406 peer=16U*FMCSLG
[2026-10-04 13:19:51.941] [out] [delivery_module] DBG 2026-10-04 13:19:51.941+02:00 Lookup query                               topics="kad-dht find" tid=4807406 peer=16U*EyjWVs
[2026-10-04 13:19:51.941] [out] [delivery_module] DBG 2026-10-04 13:19:51.941+02:00 Lookup query                               topics="kad-dht find" tid=4807406 peer=16U*Yn2Pww
[2026-10-04 13:19:51.941] [out] [delivery_module] DBG 2026-10-04 13:19:51.941+02:00 Lookup query                               topics="kad-dht find" tid=4807406 peer=16U*cef9mW
[2026-10-04 13:19:52.307] [out] [delivery_module] DBG 2026-10-04 13:19:52.306+02:00 Kad lookup: RPC error                      topics="kad-dht find" tid=4807406 peer=16U*oeaQi3 msg="dialStage: timed out dialing the peer"
[2026-10-04 13:19:52.655] [out] [delivery_module] DBG 2026-10-04 13:19:52.655+02:00 Lookup query                               topics="kad-dht find" tid=4807406 peer=16U*EyjWVs
[2026-10-04 13:19:52.655] [out] [delivery_module] DBG 2026-10-04 13:19:52.655+02:00 Kad lookup: RPC error                      topics="kad-dht find" tid=4807406 peer=16U*EyjWVs msg="dialStage: timed out dialing the peer"
[2026-10-04 13:19:52.785] [out] [delivery_module] DBG 2026-10-04 13:19:52.785+02:00 MixSendProcessor.sendImpl failed           topics="send service mix processor" tid=4807406 error="No peers for topic, skipping publish"
[2026-10-04 13:19:52.829] [out] [delivery_module] DBG 2026-10-04 13:19:52.828+02:00 Lookup query                               topics="kad-dht find" tid=4807406 peer=16U*FMCSLG
[2026-10-04 13:19:52.829] [out] [delivery_module] DBG 2026-10-04 13:19:52.829+02:00 Kad lookup: RPC error                      topics="kad-dht find" tid=4807406 peer=16U*FMCSLG msg="dialStage: timed out dialing the peer"
[2026-10-04 13:19:53.018] [out] [delivery_module] WRN 2026-10-04 13:19:53.018+02:00 NAT port mapping failed                    topics="libp2p natservice" tid=4807406 port=56317 proto=mpTcp err="plum: mapping 0 failed"
[2026-10-04 13:19:53.170] [out] [delivery_module] DBG 2026-10-04 13:19:53.170+02:00 Kad lookup: RPC error                      topics="kad-dht find" tid=4807406 peer=16U*bERhF5 msg="dialStage: timed out dialing the peer"
[2026-10-04 13:19:53.280] [out] [delivery_module] DBG 2026-10-04 13:19:53.280+02:00 Kad lookup: RPC error                      topics="kad-dht find" tid=4807406 peer=16U*FMCSLG msg="dialStage: timed out dialing the peer"
[2026-10-04 13:19:53.429] [out] [delivery_module] DBG 2026-10-04 13:19:53.429+02:00 Lookup query                               topics="kad-dht find" tid=4807406 peer=16U*EyjWVs
[2026-10-04 13:19:53.429] [out] [delivery_module] DBG 2026-10-04 13:19:53.429+02:00 Kad lookup: RPC error                      topics="kad-dht find" tid=4807406 peer=16U*EyjWVs msg="dialStage: timed out dialing the peer"
[2026-10-04 13:19:53.471] [out] [delivery_module] DBG 2026-10-04 13:19:53.471+02:00 Dialing failed                             topics="libp2p dialer" tid=4807406 description="quic dial timed out after 3s" peerId=16U*P6Hipt address=/ip4/172.20.10.14/udp/52573/quic-v1 hostname=172.20.10.14
[2026-10-04 13:19:53.471] [out] [delivery_module] DBG 2026-10-04 13:19:53.471+02:00 Expanded address and hostname              topics="libp2p dialer" tid=4807406 expandedAddress=/ip4/172.20.10.14/tcp/57390 hostname=172.20.10.14 resolvedAddresses="[/ip4/172.20.10.14/tcp/57390]"
[2026-10-04 13:19:53.472] [out] [delivery_module] DBG 2026-10-04 13:19:53.472+02:00 Dialing failed                             topics="libp2p dialer" tid=4807406 description="TcpTransport dial error: (61) Connection refused" peerId=16U*P6Hipt address=/ip4/172.20.10.14/tcp/57390 hostname=172.20.10.14
[2026-10-04 13:19:53.472] [out] [delivery_module] DBG 2026-10-04 13:19:53.472+02:00 Dialing failed                             topics="libp2p dialer" tid=4807406 description="quic dial timed out after 3s" peerId=16U*EivbVz address=/ip4/172.20.10.14/udp/63966/quic-v1 hostname=172.20.10.14
[2026-10-04 13:19:53.472] [out] [delivery_module] DBG 2026-10-04 13:19:53.472+02:00 Expanded address and hostname              topics="libp2p dialer" tid=4807406 expandedAddress=/ip4/172.20.10.14/tcp/60485 hostname=172.20.10.14 resolvedAddresses="[/ip4/172.20.10.14/tcp/60485]"
[2026-10-04 13:19:53.472] [out] [delivery_module] DBG 2026-10-04 13:19:53.472+02:00 Error dialing                              topics="libp2p dialer" tid=4807406 conn=nil peerId=16U*P6Hipt protos="[/logos/service-discovery/1.0.0]" addrs="[/ip4/172.20.10.14/udp/52573/quic-v1, /ip4/172.20.10.14/tcp/57390]" description="Unable to establish outgoing link in establishConnection: peer_id=16U*P6Hipt addrs=@[/ip4/172.20.10.14/udp/52573/quic-v1, /ip4/172.20.10.14/tcp/57390]"
[2026-10-04 13:19:53.472] [out] [delivery_module] DBG 2026-10-04 13:19:53.472+02:00 Dialing peer                               topics="libp2p dialer" tid=4807406 peerId=16U*P6Hipt addrs="[/ip4/172.20.10.14/udp/52573/quic-v1, /ip4/172.20.10.14/tcp/57390]"
[2026-10-04 13:19:53.472] [out] [delivery_module] DBG 2026-10-04 13:19:53.472+02:00 Expanded address and hostname              topics="libp2p dialer" tid=4807406 expandedAddress=/ip4/172.20.10.14/udp/52573/quic-v1 hostname=172.20.10.14 resolvedAddresses="[/ip4/172.20.10.14/udp/52573/quic-v1]"
[2026-10-04 13:19:53.472] [out] [delivery_module] DBG 2026-10-04 13:19:53.472+02:00 New connection established: client         tid=4807406
[2026-10-04 13:19:53.472] [out] [delivery_module] DBG 2026-10-04 13:19:53.472+02:00 Dialing failed                             topics="libp2p dialer" tid=4807406 description="TcpTransport dial error: (61) Connection refused" peerId=16U*EivbVz address=/ip4/172.20.10.14/tcp/60485 hostname=172.20.10.14
[2026-10-04 13:19:53.472] [out] [delivery_module] DBG 2026-10-04 13:19:53.472+02:00 Error dialing                              topics="libp2p dialer" tid=4807406 conn=nil peerId=16U*EivbVz protos="[/logos/service-discovery/1.0.0]" addrs="[/ip4/172.20.10.14/udp/63966/quic-v1, /ip4/172.20.10.14/tcp/60485]" description="Unable to establish outgoing link in establishConnection: peer_id=16U*EivbVz addrs=@[/ip4/172.20.10.14/udp/63966/quic-v1, /ip4/172.20.10.14/tcp/60485]"
[2026-10-04 13:19:53.472] [out] [delivery_module] DBG 2026-10-04 13:19:53.472+02:00 Dialing peer                               topics="libp2p dialer" tid=4807406 peerId=16U*EivbVz addrs="[/ip4/172.20.10.14/udp/63966/quic-v1, /ip4/172.20.10.14/tcp/60485]"
[2026-10-04 13:19:53.472] [out] [delivery_module] DBG 2026-10-04 13:19:53.472+02:00 Expanded address and hostname              topics="libp2p dialer" tid=4807406 expandedAddress=/ip4/172.20.10.14/udp/63966/quic-v1 hostname=172.20.10.14 resolvedAddresses="[/ip4/172.20.10.14/udp/63966/quic-v1]"
[2026-10-04 13:19:53.473] [out] [delivery_module] DBG 2026-10-04 13:19:53.472+02:00 New connection established: client         tid=4807406
[2026-10-04 13:19:53.569] [out] [delivery_module] DBG 2026-10-04 13:19:53.569+02:00 Dialing failed                             topics="libp2p dialer" tid=4807406 description="quic dial timed out after 3s" peerId=16U*pJJk4V address=/ip4/172.20.10.14/udp/51325/quic-v1 hostname=172.20.10.14
[2026-10-04 13:19:53.569] [out] [delivery_module] DBG 2026-10-04 13:19:53.569+02:00 Expanded address and hostname              topics="libp2p dialer" tid=4807406 expandedAddress=/ip4/172.20.10.14/tcp/60486 hostname=172.20.10.14 resolvedAddresses="[/ip4/172.20.10.14/tcp/60486]"
[2026-10-04 13:19:53.569] [out] [delivery_module] DBG 2026-10-04 13:19:53.569+02:00 Dialing failed                             topics="libp2p dialer" tid=4807406 description="TcpTransport dial error: (61) Connection refused" peerId=16U*pJJk4V address=/ip4/172.20.10.14/tcp/60486 hostname=172.20.10.14
[2026-10-04 13:19:53.570] [out] [delivery_module] DBG 2026-10-04 13:19:53.569+02:00 Error dialing                              topics="libp2p dialer" tid=4807406 conn=nil peerId=16U*pJJk4V protos="[/logos/service-discovery/1.0.0]" addrs="[/ip4/172.20.10.14/udp/51325/quic-v1, /ip4/172.20.10.14/tcp/60486]" description="Unable to establish outgoing link in establishConnection: peer_id=16U*pJJk4V addrs=@[/ip4/172.20.10.14/udp/51325/quic-v1, /ip4/172.20.10.14/tcp/60486]"
[2026-10-04 13:19:53.570] [out] [delivery_module] DBG 2026-10-04 13:19:53.570+02:00 Dialing peer                               topics="libp2p dialer" tid=4807406 peerId=16U*pJJk4V addrs="[/ip4/172.20.10.14/udp/51325/quic-v1, /ip4/172.20.10.14/tcp/60486]"
[2026-10-04 13:19:53.570] [out] [delivery_module] DBG 2026-10-04 13:19:53.570+02:00 Expanded address and hostname              topics="libp2p dialer" tid=4807406 expandedAddress=/ip4/172.20.10.14/udp/51325/quic-v1 hostname=172.20.10.14 resolvedAddresses="[/ip4/172.20.10.14/udp/51325/quic-v1]"
[2026-10-04 13:19:53.570] [out] [delivery_module] DBG 2026-10-04 13:19:53.570+02:00 New connection established: client         tid=4807406
[2026-10-04 13:19:53.592] [out] [delivery_module] DBG 2026-10-04 13:19:53.592+02:00 Lookup query                               topics="kad-dht find" tid=4807406 peer=16U*bERhF5
[2026-10-04 13:19:53.592] [out] [delivery_module] DBG 2026-10-04 13:19:53.592+02:00 Kad lookup: RPC error                      topics="kad-dht find" tid=4807406 peer=16U*bERhF5 msg="dialStage: timed out dialing the peer"
[2026-10-04 13:19:53.787] [out] [delivery_module] DBG 2026-10-04 13:19:53.787+02:00 Trying message delivery via Mix            topics="send service mix processor" tid=4807406 requestId=eae94d37387a23a82fd6 msgHash=0xc3c83ab18a81b8c0f848732a5b68faf90afbeb7f5ee967ed20683869803ff738 tryCount=15
[2026-10-04 13:19:53.788] [out] [delivery_module] DBG 2026-10-04 13:19:53.788+02:00 Publishing message without RLN proof       tid=4807406
[2026-10-04 13:19:53.788] [out] [delivery_module] DBG 2026-10-04 13:19:53.788+02:00 Publishing message with lightpush          topics="waku node lightpush api" tid=4807406 pubsubTopic=/waku/2/rs/3/7 contentTopic=/lp0026forum/1/general/text target_peer_id=16U*NSkuby msg_hash=0xc3c83ab18a81b8c0f848732a5b68faf90afbeb7f5ee967ed20683869803ff738 mixify=true
[2026-10-04 13:19:53.788] [out] [delivery_module] DBG 2026-10-04 13:19:53.788+02:00 Publish                                    topics="waku lightpush client" tid=4807406 myPeerId=16U*Tp1aUr peerId= msgHash=0xc3c83ab18a81b8c0f848732a5b68faf90afbeb7f5ee967ed20683869803ff738 sentTime=1791112793788094976
[2026-10-04 13:19:53.788] [out] [delivery_module] DBG 2026-10-04 13:19:53.788+02:00 Destination data                           tid=4807406 destination=MixDestination[MixNode](16Uiu2HAmTUbnxLGT9JvV6mu9oPyDjqHK4Phs1VDJNUgESgNSkuby)
[2026-10-04 13:19:53.788] [out] [delivery_module] DBG 2026-10-04 13:19:53.788+02:00 Selected mix node:                         tid=4807406 indexInPath=0 peerId=16U*CtL71W
[2026-10-04 13:19:53.788] [out] [delivery_module] DBG 2026-10-04 13:19:53.788+02:00 Selected mix node:                         tid=4807406 indexInPath=1 peerId=16U*VpJprH
[2026-10-04 13:19:53.788] [out] [delivery_module] DBG 2026-10-04 13:19:53.788+02:00 Selected mix node:                         tid=4807406 indexInPath=2 peerId=16U*NSkuby
[2026-10-04 13:19:53.788] [out] [delivery_module] DBG 2026-10-04 13:19:53.788+02:00 Selected mix node for surbs:               tid=4807406 indexInPath=0 peerId=16U*CtL71W
[2026-10-04 13:19:53.788] [out] [delivery_module] DBG 2026-10-04 13:19:53.788+02:00 Selected mix node for surbs:               tid=4807406 indexInPath=1 peerId=16U*TwqBiH
[2026-10-04 13:19:53.790] [out] [delivery_module] DBG 2026-10-04 13:19:53.790+02:00 Creating stream                            tid=4807406
[2026-10-04 13:19:53.790] [out] [delivery_module] DBG 2026-10-04 13:19:53.790+02:00 New stream created                         tid=4807406
[2026-10-04 13:19:54.008] [out] [delivery_module] DBG 2026-10-04 13:19:54.008+02:00 Kad lookup: RPC error                      topics="kad-dht find" tid=4807406 peer=16U*2pfeoX msg="dialStage: timed out dialing the peer"
[2026-10-04 13:19:54.018] [out] [delivery_module] WRN 2026-10-04 13:19:54.018+02:00 NAT port mapping failed                    topics="libp2p natservice" tid=4807406 port=58501 proto=mpUdp err="plum: mapping 0 failed"
[2026-10-04 13:19:54.018] [out] [delivery_module] DBG 2026-10-04 13:19:54.018+02:00 Creating stream                            tid=4807406
[2026-10-04 13:19:54.019] [out] [delivery_module] DBG 2026-10-04 13:19:54.018+02:00 New stream created                         tid=4807406
[2026-10-04 13:19:54.022] [out] [delivery_module] DBG 2026-10-04 13:19:54.022+02:00 Accepted an incoming connection            topics="libp2p switch" tid=4807406 conn=:6ac2365a95f494e68e9b04e1
[2026-10-04 13:19:54.022] [out] [delivery_module] DBG 2026-10-04 13:19:54.022+02:00 About to accept incoming connection        topics="libp2p switch" tid=4807406
[2026-10-04 13:19:54.023] [out] [delivery_module] DBG 2026-10-04 13:19:54.023+02:00 New connection established: server         tid=4807406
[2026-10-04 13:19:54.023] [out] [delivery_module] DBG 2026-10-04 13:19:54.023+02:00 Connection closed: server                  tid=4807406 status=8 statelessReset=false reason=
[2026-10-04 13:19:54.023] [out] [delivery_module] DBG 2026-10-04 13:19:54.023+02:00 Dropping already closed incoming connection tid=4807406
[2026-10-04 13:19:54.023] [out] [delivery_module] DBG 2026-10-04 13:19:54.023+02:00 dialMe answer is reachable                 topics="libp2p autonatservice" tid=4807406 peerId=16Uiu2HAkvsWzm5LemGFj6LUbwARYjWiv2g1bDF3N98dEq2CtL71W
[2026-10-04 13:19:54.023] [out] [delivery_module] DBG 2026-10-04 13:19:54.023+02:00 Current status                             topics="libp2p autonatservice" tid=4807406 currentStats=Unknown confidence=none() answers=[NotReachable, Reachable]
[2026-10-04 13:19:54.121] [out] [delivery_module] DBG 2026-10-04 13:19:54.121+02:00 New stream created                         tid=4807406
[2026-10-04 13:19:54.430] [out] [delivery_module] DBG 2026-10-04 13:19:54.430+02:00 Creating stream                            tid=4807406
[2026-10-04 13:19:54.430] [out] [delivery_module] DBG 2026-10-04 13:19:54.430+02:00 New stream created                         tid=4807406
[2026-10-04 13:19:54.433] [out] [delivery_module] DBG 2026-10-04 13:19:54.433+02:00 MixSendProcessor.sendImpl failed           topics="send service mix processor" tid=4807406 error="No peers for topic, skipping publish"
[2026-10-04 13:19:54.467] [out] [delivery_module] DBG 2026-10-04 13:19:54.467+02:00 Kad lookup: RPC error                      topics="kad-dht find" tid=4807406 peer=16U*6M7AnR msg="dialStage: timed out dialing the peer"
[2026-10-04 13:19:54.565] [out] [delivery_module] DBG 2026-10-04 13:19:54.565+02:00 Lookup query                               topics="kad-dht find" tid=4807406 peer=16U*bERhF5
[2026-10-04 13:19:54.566] [out] [delivery_module] DBG 2026-10-04 13:19:54.566+02:00 Kad lookup: RPC error                      topics="kad-dht find" tid=4807406 peer=16U*bERhF5 msg="dialStage: timed out dialing the peer"
[2026-10-04 13:19:55.435] [out] [delivery_module] DBG 2026-10-04 13:19:55.435+02:00 Trying message delivery via Mix            topics="send service mix processor" tid=4807406 requestId=eae94d37387a23a82fd6 msgHash=0xc3c83ab18a81b8c0f848732a5b68faf90afbeb7f5ee967ed20683869803ff738 tryCount=16
[2026-10-04 13:19:55.435] [out] [delivery_module] DBG 2026-10-04 13:19:55.435+02:00 Publishing message without RLN proof       tid=4807406
[2026-10-04 13:19:55.435] [out] [delivery_module] DBG 2026-10-04 13:19:55.435+02:00 Publishing message with lightpush          topics="waku node lightpush api" tid=4807406 pubsubTopic=/waku/2/rs/3/7 contentTopic=/lp0026forum/1/general/text target_peer_id=16U*T3UNSE msg_hash=0xc3c83ab18a81b8c0f848732a5b68faf90afbeb7f5ee967ed20683869803ff738 mixify=true
[2026-10-04 13:19:55.435] [out] [delivery_module] DBG 2026-10-04 13:19:55.435+02:00 Publish                                    topics="waku lightpush client" tid=4807406 myPeerId=16U*Tp1aUr peerId= msgHash=0xc3c83ab18a81b8c0f848732a5b68faf90afbeb7f5ee967ed20683869803ff738 sentTime=1791112795435627008
[2026-10-04 13:19:55.435] [out] [delivery_module] DBG 2026-10-04 13:19:55.435+02:00 Destination data                           tid=4807406 destination=MixDestination[MixNode](16Uiu2HAkvwhGHKNry6LACrB8TmEFoCJKEX29XR5dDUzk3UT3UNSE)
[2026-10-04 13:19:55.435] [out] [delivery_module] DBG 2026-10-04 13:19:55.435+02:00 Selected mix node:                         tid=4807406 indexInPath=0 peerId=16U*NSkuby
[2026-10-04 13:19:55.435] [out] [delivery_module] DBG 2026-10-04 13:19:55.435+02:00 Selected mix node:                         tid=4807406 indexInPath=1 peerId=16U*kGyuEP
[2026-10-04 13:19:55.435] [out] [delivery_module] DBG 2026-10-04 13:19:55.435+02:00 Selected mix node:                         tid=4807406 indexInPath=2 peerId=16U*T3UNSE
[2026-10-04 13:19:55.435] [out] [delivery_module] DBG 2026-10-04 13:19:55.435+02:00 Selected mix node for surbs:               tid=4807406 indexInPath=0 peerId=16U*P1S397
[2026-10-04 13:19:55.436] [out] [delivery_module] DBG 2026-10-04 13:19:55.436+02:00 Selected mix node for surbs:               tid=4807406 indexInPath=1 peerId=16U*CtL71W
[2026-10-04 13:19:55.950] [out] [delivery_module] DBG 2026-10-04 13:19:55.950+02:00 MixSendProcessor.sendImpl failed           topics="send service mix processor" tid=4807406 error="No peers for topic, skipping publish"
[2026-10-04 13:19:56.022] [out] [delivery_module] WRN 2026-10-04 13:19:56.022+02:00 NAT port mapping failed                    topics="libp2p natservice" tid=4807406 port=56317 proto=mpTcp err="plum: mapping 0 failed"
[2026-10-04 13:19:56.463] [out] [delivery_module] DBG 2026-10-04 13:19:56.463+02:00 Kad lookup: RPC error                      topics="kad-dht find" tid=4807406 peer=16U*bERhF5 msg="dialStage: timed out dialing the peer"
[2026-10-04 13:19:56.463] [out] [delivery_module] DBG 2026-10-04 13:19:56.463+02:00 Kad lookup: RPC error                      topics="kad-dht find" tid=4807406 peer=16U*Yn2Pww msg="dialStage: timed out dialing the peer"
[2026-10-04 13:19:56.463] [out] [delivery_module] DBG 2026-10-04 13:19:56.463+02:00 Kad lookup: RPC error                      topics="kad-dht find" tid=4807406 peer=16U*EyjWVs msg="dialStage: timed out dialing the peer"
[2026-10-04 13:19:56.463] [out] [delivery_module] DBG 2026-10-04 13:19:56.463+02:00 Kad lookup: RPC error                      topics="kad-dht find" tid=4807406 peer=16U*cef9mW msg="dialStage: timed out dialing the peer"
[2026-10-04 13:19:56.463] [out] [delivery_module] DBG 2026-10-04 13:19:56.463+02:00 Kad lookup: RPC error                      topics="kad-dht find" tid=4807406 peer=16U*2pfeoX msg="dialStage: timed out dialing the peer"
[2026-10-04 13:19:56.463] [out] [delivery_module] DBG 2026-10-04 13:19:56.463+02:00 Kad lookup: RPC error                      topics="kad-dht find" tid=4807406 peer=16U*FMCSLG msg="dialStage: timed out dialing the peer"
[2026-10-04 13:19:56.463] [out] [delivery_module] DBG 2026-10-04 13:19:56.463+02:00 Lookup query                               topics="kad-dht find" tid=4807406 peer=16U*EyjWVs
[2026-10-04 13:19:56.463] [out] [delivery_module] DBG 2026-10-04 13:19:56.463+02:00 Lookup query                               topics="kad-dht find" tid=4807406 peer=16U*cef9mW
[2026-10-04 13:19:56.463] [out] [delivery_module] DBG 2026-10-04 13:19:56.463+02:00 Lookup query                               topics="kad-dht find" tid=4807406 peer=16U*2pfeoX
[2026-10-04 13:19:56.474] [out] [delivery_module] DBG 2026-10-04 13:19:56.474+02:00 Dialing failed                             topics="libp2p dialer" tid=4807406 description="quic dial timed out after 3s" peerId=16U*P6Hipt address=/ip4/172.20.10.14/udp/52573/quic-v1 hostname=172.20.10.14
[2026-10-04 13:19:56.474] [out] [delivery_module] DBG 2026-10-04 13:19:56.474+02:00 Dialing failed                             topics="libp2p dialer" tid=4807406 description="quic dial timed out after 3s" peerId=16U*EivbVz address=/ip4/172.20.10.14/udp/63966/quic-v1 hostname=172.20.10.14
[2026-10-04 13:19:56.474] [out] [delivery_module] DBG 2026-10-04 13:19:56.474+02:00 Expanded address and hostname              topics="libp2p dialer" tid=4807406 expandedAddress=/ip4/172.20.10.14/tcp/57390 hostname=172.20.10.14 resolvedAddresses="[/ip4/172.20.10.14/tcp/57390]"
[2026-10-04 13:19:56.474] [out] [delivery_module] DBG 2026-10-04 13:19:56.474+02:00 Expanded address and hostname              topics="libp2p dialer" tid=4807406 expandedAddress=/ip4/172.20.10.14/tcp/60485 hostname=172.20.10.14 resolvedAddresses="[/ip4/172.20.10.14/tcp/60485]"
[2026-10-04 13:19:56.474] [out] [delivery_module] DBG 2026-10-04 13:19:56.474+02:00 Dialing failed                             topics="libp2p dialer" tid=4807406 description="TcpTransport dial error: (61) Connection refused" peerId=16U*P6Hipt address=/ip4/172.20.10.14/tcp/57390 hostname=172.20.10.14
[2026-10-04 13:19:56.474] [out] [delivery_module] DBG 2026-10-04 13:19:56.474+02:00 Dialing failed                             topics="libp2p dialer" tid=4807406 description="TcpTransport dial error: (61) Connection refused" peerId=16U*EivbVz address=/ip4/172.20.10.14/tcp/60485 hostname=172.20.10.14
[2026-10-04 13:19:56.474] [out] [delivery_module] DBG 2026-10-04 13:19:56.474+02:00 Error dialing                              topics="libp2p dialer" tid=4807406 conn=nil peerId=16U*P6Hipt protos="[/logos/service-discovery/1.0.0]" addrs="[/ip4/172.20.10.14/udp/52573/quic-v1, /ip4/172.20.10.14/tcp/57390]" description="Unable to establish outgoing link in establishConnection: peer_id=16U*P6Hipt addrs=@[/ip4/172.20.10.14/udp/52573/quic-v1, /ip4/172.20.10.14/tcp/57390]"
[2026-10-04 13:19:56.474] [out] [delivery_module] DBG 2026-10-04 13:19:56.474+02:00 Error dialing                              topics="libp2p dialer" tid=4807406 conn=nil peerId=16U*EivbVz protos="[/logos/service-discovery/1.0.0]" addrs="[/ip4/172.20.10.14/udp/63966/quic-v1, /ip4/172.20.10.14/tcp/60485]" description="Unable to establish outgoing link in establishConnection: peer_id=16U*EivbVz addrs=@[/ip4/172.20.10.14/udp/63966/quic-v1, /ip4/172.20.10.14/tcp/60485]"
[2026-10-04 13:19:56.537] [out] [delivery_module] DBG 2026-10-04 13:19:56.537+02:00 Kad lookup: RPC error                      topics="kad-dht find" tid=4807406 peer=16U*FMCSLG msg="dialStage: timed out dialing the peer"
[2026-10-04 13:19:56.537] [out] [delivery_module] DBG 2026-10-04 13:19:56.537+02:00 Kad lookup: RPC error                      topics="kad-dht find" tid=4807406 peer=16U*Yn2Pww msg="dialStage: timed out dialing the peer"
[2026-10-04 13:19:56.537] [out] [delivery_module] DBG 2026-10-04 13:19:56.537+02:00 Kad lookup: RPC error                      topics="kad-dht find" tid=4807406 peer=16U*bERhF5 msg="dialStage: timed out dialing the peer"
[2026-10-04 13:19:56.538] [out] [delivery_module] DBG 2026-10-04 13:19:56.538+02:00 Lookup query                               topics="kad-dht find" tid=4807406 peer=16U*EyjWVs
[2026-10-04 13:19:56.538] [out] [delivery_module] DBG 2026-10-04 13:19:56.538+02:00 Lookup query                               topics="kad-dht find" tid=4807406 peer=16U*cef9mW
[2026-10-04 13:19:56.538] [out] [delivery_module] DBG 2026-10-04 13:19:56.538+02:00 Lookup query                               topics="kad-dht find" tid=4807406 peer=16U*iSrhve
[2026-10-04 13:19:56.538] [out] [delivery_module] DBG 2026-10-04 13:19:56.538+02:00 Lookup query                               topics="kad-dht find" tid=4807406 peer=16U*2pfeoX
[2026-10-04 13:19:56.538] [out] [delivery_module] DBG 2026-10-04 13:19:56.538+02:00 Lookup query                               topics="kad-dht find" tid=4807406 peer=16U*oN8hgK
[2026-10-04 13:19:56.560] [out] [delivery_module] DBG 2026-10-04 13:19:56.560+02:00 Lookup query                               topics="kad-dht find" tid=4807406 peer=16U*cef9mW
[2026-10-04 13:19:56.560] [out] [delivery_module] DBG 2026-10-04 13:19:56.560+02:00 Lookup query                               topics="kad-dht find" tid=4807406 peer=16U*2pfeoX
[2026-10-04 13:19:56.561] [out] [delivery_module] DBG 2026-10-04 13:19:56.561+02:00 Kad lookup: RPC error                      topics="kad-dht find" tid=4807406 peer=16U*2pfeoX msg="dialStage: timed out dialing the peer"
[2026-10-04 13:19:56.561] [out] [delivery_module] DBG 2026-10-04 13:19:56.561+02:00 Kad lookup: RPC error                      topics="kad-dht find" tid=4807406 peer=16U*cef9mW msg="dialStage: timed out dialing the peer"
[2026-10-04 13:19:56.561] [out] [delivery_module] DBG 2026-10-04 13:19:56.561+02:00 Kad lookup: RPC error                      topics="kad-dht find" tid=4807406 peer=16U*Yn2Pww msg="dialStage: timed out dialing the peer"
[2026-10-04 13:19:56.562] [out] [delivery_module] DBG 2026-10-04 13:19:56.562+02:00 Lookup query                               topics="kad-dht find" tid=4807406 peer=16U*FMCSLG
[2026-10-04 13:19:56.562] [out] [delivery_module] DBG 2026-10-04 13:19:56.562+02:00 Lookup query                               topics="kad-dht find" tid=4807406 peer=16U*bERhF5
[2026-10-04 13:19:56.562] [out] [delivery_module] DBG 2026-10-04 13:19:56.562+02:00 Lookup query                               topics="kad-dht find" tid=4807406 peer=16U*EyjWVs
[2026-10-04 13:19:56.562] [out] [delivery_module] DBG 2026-10-04 13:19:56.562+02:00 Lookup query                               topics="kad-dht find" tid=4807406 peer=16U*Yn2Pww
[2026-10-04 13:19:56.563] [out] [delivery_module] DBG 2026-10-04 13:19:56.562+02:00 Lookup query                               topics="kad-dht find" tid=4807406 peer=16U*cef9mW
[2026-10-04 13:19:56.563] [out] [delivery_module] DBG 2026-10-04 13:19:56.562+02:00 Lookup query                               topics="kad-dht find" tid=4807406 peer=16U*2pfeoX
[2026-10-04 13:19:56.563] [out] [delivery_module] DBG 2026-10-04 13:19:56.563+02:00 Kad lookup: RPC error                      topics="kad-dht find" tid=4807406 peer=16U*EyjWVs msg="dialStage: timed out dialing the peer"
[2026-10-04 13:19:56.563] [out] [delivery_module] DBG 2026-10-04 13:19:56.563+02:00 Kad lookup: RPC error                      topics="kad-dht find" tid=4807406 peer=16U*bERhF5 msg="dialStage: timed out dialing the peer"
[2026-10-04 13:19:56.563] [out] [delivery_module] DBG 2026-10-04 13:19:56.563+02:00 Kad lookup: RPC error                      topics="kad-dht find" tid=4807406 peer=16U*FMCSLG msg="dialStage: timed out dialing the peer"
[2026-10-04 13:19:56.563] [out] [delivery_module] DBG 2026-10-04 13:19:56.563+02:00 Kad lookup: RPC error                      topics="kad-dht find" tid=4807406 peer=16U*Yn2Pww msg="dialStage: timed out dialing the peer"
[2026-10-04 13:19:56.563] [out] [delivery_module] DBG 2026-10-04 13:19:56.563+02:00 Kad lookup: RPC error                      topics="kad-dht find" tid=4807406 peer=16U*cef9mW msg="dialStage: timed out dialing the peer"
[2026-10-04 13:19:56.563] [out] [delivery_module] DBG 2026-10-04 13:19:56.563+02:00 Kad lookup: RPC error                      topics="kad-dht find" tid=4807406 peer=16U*2pfeoX msg="dialStage: timed out dialing the peer"
[2026-10-04 13:19:56.571] [out] [delivery_module] DBG 2026-10-04 13:19:56.571+02:00 Dialing failed                             topics="libp2p dialer" tid=4807406 description="quic dial timed out after 3s" peerId=16U*pJJk4V address=/ip4/172.20.10.14/udp/51325/quic-v1 hostname=172.20.10.14
[2026-10-04 13:19:56.571] [out] [delivery_module] DBG 2026-10-04 13:19:56.571+02:00 Expanded address and hostname              topics="libp2p dialer" tid=4807406 expandedAddress=/ip4/172.20.10.14/tcp/60486 hostname=172.20.10.14 resolvedAddresses="[/ip4/172.20.10.14/tcp/60486]"
[2026-10-04 13:19:56.571] [out] [delivery_module] DBG 2026-10-04 13:19:56.571+02:00 Dialing failed                             topics="libp2p dialer" tid=4807406 description="TcpTransport dial error: (61) Connection refused" peerId=16U*pJJk4V address=/ip4/172.20.10.14/tcp/60486 hostname=172.20.10.14
[2026-10-04 13:19:56.572] [out] [delivery_module] DBG 2026-10-04 13:19:56.572+02:00 Error dialing                              topics="libp2p dialer" tid=4807406 conn=nil peerId=16U*pJJk4V protos="[/logos/service-discovery/1.0.0]" addrs="[/ip4/172.20.10.14/udp/51325/quic-v1, /ip4/172.20.10.14/tcp/60486]" description="Unable to establish outgoing link in establishConnection: peer_id=16U*pJJk4V addrs=@[/ip4/172.20.10.14/udp/51325/quic-v1, /ip4/172.20.10.14/tcp/60486]"
[2026-10-04 13:19:56.654] [out] [delivery_module] DBG 2026-10-04 13:19:56.654+02:00 Kad lookup: RPC error                      topics="kad-dht find" tid=4807406 peer=16U*FMCSLG msg="dialStage: timed out dialing the peer"
[2026-10-04 13:19:56.654] [out] [delivery_module] DBG 2026-10-04 13:19:56.654+02:00 Kad lookup: RPC error                      topics="kad-dht find" tid=4807406 peer=16U*bERhF5 msg="dialStage: timed out dialing the peer"
[2026-10-04 13:19:56.654] [out] [delivery_module] DBG 2026-10-04 13:19:56.654+02:00 Kad lookup: RPC error                      topics="kad-dht find" tid=4807406 peer=16U*Yn2Pww msg="dialStage: timed out dialing the peer"
[2026-10-04 13:19:56.654] [out] [delivery_module] DBG 2026-10-04 13:19:56.654+02:00 Lookup query                               topics="kad-dht find" tid=4807406 peer=16U*EyjWVs
[2026-10-04 13:19:56.654] [out] [delivery_module] DBG 2026-10-04 13:19:56.654+02:00 Lookup query                               topics="kad-dht find" tid=4807406 peer=16U*2pfeoX
[2026-10-04 13:19:56.654] [out] [delivery_module] DBG 2026-10-04 13:19:56.654+02:00 Lookup query                               topics="kad-dht find" tid=4807406 peer=16U*iSrhve
[2026-10-04 13:19:56.654] [out] [delivery_module] DBG 2026-10-04 13:19:56.654+02:00 Lookup query                               topics="kad-dht find" tid=4807406 peer=16U*cef9mW
[2026-10-04 13:19:56.654] [out] [delivery_module] DBG 2026-10-04 13:19:56.654+02:00 Lookup query                               topics="kad-dht find" tid=4807406 peer=16U*oN8hgK
[2026-10-04 13:19:56.670] [out] [delivery_module] DBG 2026-10-04 13:19:56.670+02:00 Kad lookup: RPC error                      topics="kad-dht find" tid=4807406 peer=16U*Yn2Pww msg="dialStage: timed out dialing the peer"
[2026-10-04 13:19:56.671] [out] [delivery_module] DBG 2026-10-04 13:19:56.670+02:00 Kad lookup: RPC error                      topics="kad-dht find" tid=4807406 peer=16U*cef9mW msg="dialStage: timed out dialing the peer"
[2026-10-04 13:19:56.671] [out] [delivery_module] DBG 2026-10-04 13:19:56.670+02:00 Kad lookup: RPC error                      topics="kad-dht find" tid=4807406 peer=16U*2pfeoX msg="dialStage: timed out dialing the peer"
[2026-10-04 13:19:56.671] [out] [delivery_module] DBG 2026-10-04 13:19:56.670+02:00 Kad lookup: RPC error                      topics="kad-dht find" tid=4807406 peer=16U*EyjWVs msg="dialStage: timed out dialing the peer"
[2026-10-04 13:19:56.671] [out] [delivery_module] DBG 2026-10-04 13:19:56.671+02:00 Lookup query                               topics="kad-dht find" tid=4807406 peer=16U*cef9mW
[2026-10-04 13:19:56.671] [out] [delivery_module] DBG 2026-10-04 13:19:56.671+02:00 Lookup query                               topics="kad-dht find" tid=4807406 peer=16U*2pfeoX
[2026-10-04 13:19:56.671] [out] [delivery_module] DBG 2026-10-04 13:19:56.671+02:00 Lookup query                               topics="kad-dht find" tid=4807406 peer=16U*bERhF5
[2026-10-04 13:19:56.671] [out] [delivery_module] DBG 2026-10-04 13:19:56.671+02:00 Lookup query                               topics="kad-dht find" tid=4807406 peer=16U*FMCSLG
[2026-10-04 13:19:56.671] [out] [delivery_module] DBG 2026-10-04 13:19:56.671+02:00 Lookup query                               topics="kad-dht find" tid=4807406 peer=16U*EyjWVs
[2026-10-04 13:19:56.744] [out] [delivery_module] DBG 2026-10-04 13:19:56.744+02:00 Kad lookup: RPC error                      topics="kad-dht find" tid=4807406 peer=16U*2pfeoX msg="dialStage: timed out dialing the peer"
[2026-10-04 13:19:56.744] [out] [delivery_module] DBG 2026-10-04 13:19:56.744+02:00 Kad lookup: RPC error                      topics="kad-dht find" tid=4807406 peer=16U*Yn2Pww msg="dialStage: timed out dialing the peer"
[2026-10-04 13:19:56.744] [out] [delivery_module] DBG 2026-10-04 13:19:56.744+02:00 Kad lookup: RPC error                      topics="kad-dht find" tid=4807406 peer=16U*cef9mW msg="dialStage: timed out dialing the peer"
[2026-10-04 13:19:56.744] [out] [delivery_module] DBG 2026-10-04 13:19:56.744+02:00 Kad lookup: RPC error                      topics="kad-dht find" tid=4807406 peer=16U*FMCSLG msg="dialStage: timed out dialing the peer"
[2026-10-04 13:19:56.744] [out] [delivery_module] DBG 2026-10-04 13:19:56.744+02:00 Lookup query                               topics="kad-dht find" tid=4807406 peer=16U*cef9mW
[2026-10-04 13:19:56.744] [out] [delivery_module] DBG 2026-10-04 13:19:56.744+02:00 Lookup query                               topics="kad-dht find" tid=4807406 peer=16U*2pfeoX
[2026-10-04 13:19:56.744] [out] [delivery_module] DBG 2026-10-04 13:19:56.744+02:00 Lookup query                               topics="kad-dht find" tid=4807406 peer=16U*FMCSLG
[2026-10-04 13:19:56.810] [out] [delivery_module] DBG 2026-10-04 13:19:56.810+02:00 Kad lookup: RPC error                      topics="kad-dht find" tid=4807406 peer=16U*EyjWVs msg="dialStage: timed out dialing the peer"
[2026-10-04 13:19:56.810] [out] [delivery_module] DBG 2026-10-04 13:19:56.810+02:00 Kad lookup: RPC error                      topics="kad-dht find" tid=4807406 peer=16U*FMCSLG msg="dialStage: timed out dialing the peer"
[2026-10-04 13:19:56.810] [out] [delivery_module] DBG 2026-10-04 13:19:56.810+02:00 Kad lookup: RPC error                      topics="kad-dht find" tid=4807406 peer=16U*bERhF5 msg="dialStage: timed out dialing the peer"
[2026-10-04 13:19:56.810] [out] [delivery_module] DBG 2026-10-04 13:19:56.810+02:00 Kad lookup: RPC error                      topics="kad-dht find" tid=4807406 peer=16U*cef9mW msg="dialStage: timed out dialing the peer"
[2026-10-04 13:19:56.810] [out] [delivery_module] DBG 2026-10-04 13:19:56.810+02:00 Kad lookup: RPC error                      topics="kad-dht find" tid=4807406 peer=16U*2pfeoX msg="dialStage: timed out dialing the peer"
[2026-10-04 13:19:56.810] [out] [delivery_module] DBG 2026-10-04 13:19:56.810+02:00 Kad lookup: RPC error                      topics="kad-dht find" tid=4807406 peer=16U*Yn2Pww msg="dialStage: timed out dialing the peer"
[2026-10-04 13:19:56.810] [out] [delivery_module] DBG 2026-10-04 13:19:56.810+02:00 Lookup query                               topics="kad-dht find" tid=4807406 peer=16U*2pfeoX
[2026-10-04 13:19:56.810] [out] [delivery_module] DBG 2026-10-04 13:19:56.810+02:00 Lookup query                               topics="kad-dht find" tid=4807406 peer=16U*cef9mW
[2026-10-04 13:19:56.870] [out] [delivery_module] DBG 2026-10-04 13:19:56.870+02:00 Lookup query                               topics="kad-dht find" tid=4807406 peer=16U*Yn2Pww
[2026-10-04 13:19:56.870] [out] [delivery_module] DBG 2026-10-04 13:19:56.870+02:00 Lookup query                               topics="kad-dht find" tid=4807406 peer=16U*cef9mW
[2026-10-04 13:19:56.870] [out] [delivery_module] DBG 2026-10-04 13:19:56.870+02:00 Lookup query                               topics="kad-dht find" tid=4807406 peer=16U*2pfeoX
[2026-10-04 13:19:56.870] [out] [delivery_module] DBG 2026-10-04 13:19:56.870+02:00 Lookup query                               topics="kad-dht find" tid=4807406 peer=16U*FMCSLG
[2026-10-04 13:19:56.871] [out] [delivery_module] DBG 2026-10-04 13:19:56.870+02:00 Lookup query                               topics="kad-dht find" tid=4807406 peer=16U*bERhF5
[2026-10-04 13:19:56.871] [out] [delivery_module] DBG 2026-10-04 13:19:56.870+02:00 Lookup query                               topics="kad-dht find" tid=4807406 peer=16U*EyjWVs
[2026-10-04 13:19:56.871] [out] [delivery_module] DBG 2026-10-04 13:19:56.871+02:00 Kad lookup: RPC error                      topics="kad-dht find" tid=4807406 peer=16U*Yn2Pww msg="dialStage: timed out dialing the peer"
[2026-10-04 13:19:56.871] [out] [delivery_module] DBG 2026-10-04 13:19:56.871+02:00 Kad lookup: RPC error                      topics="kad-dht find" tid=4807406 peer=16U*2pfeoX msg="dialStage: timed out dialing the peer"
[2026-10-04 13:19:56.871] [out] [delivery_module] DBG 2026-10-04 13:19:56.871+02:00 Kad lookup: RPC error                      topics="kad-dht find" tid=4807406 peer=16U*cef9mW msg="dialStage: timed out dialing the peer"
[2026-10-04 13:19:56.871] [out] [delivery_module] DBG 2026-10-04 13:19:56.871+02:00 Kad lookup: RPC error                      topics="kad-dht find" tid=4807406 peer=16U*FMCSLG msg="dialStage: timed out dialing the peer"
[2026-10-04 13:19:56.871] [out] [delivery_module] DBG 2026-10-04 13:19:56.871+02:00 Kad lookup: RPC error                      topics="kad-dht find" tid=4807406 peer=16U*bERhF5 msg="dialStage: timed out dialing the peer"
[2026-10-04 13:19:56.871] [out] [delivery_module] DBG 2026-10-04 13:19:56.871+02:00 Kad lookup: RPC error                      topics="kad-dht find" tid=4807406 peer=16U*EyjWVs msg="dialStage: timed out dialing the peer"
[2026-10-04 13:19:56.943] [out] [delivery_module] DBG 2026-10-04 13:19:56.943+02:00 Kad lookup: RPC error                      topics="kad-dht find" tid=4807406 peer=16U*bERhF5 msg="dialStage: timed out dialing the peer"
[2026-10-04 13:19:56.943] [out] [delivery_module] DBG 2026-10-04 13:19:56.943+02:00 Kad lookup: RPC error                      topics="kad-dht find" tid=4807406 peer=16U*EyjWVs msg="dialStage: timed out dialing the peer"
[2026-10-04 13:19:56.943] [out] [delivery_module] DBG 2026-10-04 13:19:56.943+02:00 Kad lookup: RPC error                      topics="kad-dht find" tid=4807406 peer=16U*FMCSLG msg="dialStage: timed out dialing the peer"
[2026-10-04 13:19:56.943] [out] [delivery_module] DBG 2026-10-04 13:19:56.943+02:00 Kad lookup: RPC error                      topics="kad-dht find" tid=4807406 peer=16U*Yn2Pww msg="dialStage: timed out dialing the peer"
[2026-10-04 13:19:56.943] [out] [delivery_module] DBG 2026-10-04 13:19:56.943+02:00 Kad lookup: RPC error                      topics="kad-dht find" tid=4807406 peer=16U*cef9mW msg="dialStage: timed out dialing the peer"
[2026-10-04 13:19:56.944] [out] [delivery_module] DBG 2026-10-04 13:19:56.944+02:00 Lookup query                               topics="kad-dht find" tid=4807406 peer=16U*2pfeoX
[2026-10-04 13:19:56.944] [out] [delivery_module] DBG 2026-10-04 13:19:56.944+02:00 Lookup query                               topics="kad-dht find" tid=4807406 peer=16U*cef9mW
[2026-10-04 13:19:56.951] [out] [delivery_module] DBG 2026-10-04 13:19:56.951+02:00 Trying message delivery via Mix            topics="send service mix processor" tid=4807406 requestId=eae94d37387a23a82fd6 msgHash=0xc3c83ab18a81b8c0f848732a5b68faf90afbeb7f5ee967ed20683869803ff738 tryCount=17
[2026-10-04 13:19:56.951] [out] [delivery_module] DBG 2026-10-04 13:19:56.951+02:00 Publishing message without RLN proof       tid=4807406
[2026-10-04 13:19:56.951] [out] [delivery_module] DBG 2026-10-04 13:19:56.951+02:00 Publishing message with lightpush          topics="waku node lightpush api" tid=4807406 pubsubTopic=/waku/2/rs/3/7 contentTopic=/lp0026forum/1/general/text target_peer_id=16U*T3UNSE msg_hash=0xc3c83ab18a81b8c0f848732a5b68faf90afbeb7f5ee967ed20683869803ff738 mixify=true
[2026-10-04 13:19:56.951] [out] [delivery_module] DBG 2026-10-04 13:19:56.951+02:00 Publish                                    topics="waku lightpush client" tid=4807406 myPeerId=16U*Tp1aUr peerId= msgHash=0xc3c83ab18a81b8c0f848732a5b68faf90afbeb7f5ee967ed20683869803ff738 sentTime=1791112796951627008
[2026-10-04 13:19:56.951] [out] [delivery_module] DBG 2026-10-04 13:19:56.951+02:00 Destination data                           tid=4807406 destination=MixDestination[MixNode](16Uiu2HAkvwhGHKNry6LACrB8TmEFoCJKEX29XR5dDUzk3UT3UNSE)
[2026-10-04 13:19:56.951] [out] [delivery_module] DBG 2026-10-04 13:19:56.951+02:00 Selected mix node:                         tid=4807406 indexInPath=0 peerId=16U*NSkuby
[2026-10-04 13:19:56.951] [out] [delivery_module] DBG 2026-10-04 13:19:56.951+02:00 Selected mix node:                         tid=4807406 indexInPath=1 peerId=16U*kGyuEP
[2026-10-04 13:19:56.951] [out] [delivery_module] DBG 2026-10-04 13:19:56.951+02:00 Selected mix node:                         tid=4807406 indexInPath=2 peerId=16U*T3UNSE
[2026-10-04 13:19:56.951] [out] [delivery_module] DBG 2026-10-04 13:19:56.951+02:00 Selected mix node for surbs:               tid=4807406 indexInPath=0 peerId=16U*P1S397
[2026-10-04 13:19:56.951] [out] [delivery_module] DBG 2026-10-04 13:19:56.951+02:00 Selected mix node for surbs:               tid=4807406 indexInPath=1 peerId=16U*NSkuby
[2026-10-04 13:19:57.641] [out] [delivery_module] DBG 2026-10-04 13:19:57.641+02:00 MixSendProcessor.sendImpl failed           topics="send service mix processor" tid=4807406 error="No peers for topic, skipping publish"
[2026-10-04 13:19:57.658] [out] [delivery_module] DBG 2026-10-04 13:19:57.658+02:00 Lookup query                               topics="kad-dht find" tid=4807406 peer=16U*EyjWVs
[2026-10-04 13:19:57.658] [out] [delivery_module] DBG 2026-10-04 13:19:57.658+02:00 Kad lookup: RPC error                      topics="kad-dht find" tid=4807406 peer=16U*EyjWVs msg="dialStage: timed out dialing the peer"
[2026-10-04 13:19:57.829] [out] [delivery_module] DBG 2026-10-04 13:19:57.829+02:00 Kad lookup: RPC error                      topics="kad-dht find" tid=4807406 peer=16U*FMCSLG msg="dialStage: timed out dialing the peer"
[2026-10-04 13:19:58.024] [out] [delivery_module] WRN 2026-10-04 13:19:58.024+02:00 NAT port mapping failed                    topics="libp2p natservice" tid=4807406 port=58501 proto=mpUdp err="plum: mapping 0 failed"
[2026-10-04 13:19:58.430] [out] [delivery_module] DBG 2026-10-04 13:19:58.430+02:00 Kad lookup: RPC error                      topics="kad-dht find" tid=4807406 peer=16U*EyjWVs msg="dialStage: timed out dialing the peer"
[2026-10-04 13:19:58.596] [out] [delivery_module] DBG 2026-10-04 13:19:58.593+02:00 Kad lookup: RPC error                      topics="kad-dht find" tid=4807406 peer=16U*bERhF5 msg="dialStage: timed out dialing the peer"
[2026-10-04 13:19:58.642] [out] [delivery_module] DBG 2026-10-04 13:19:58.642+02:00 Trying message delivery via Mix            topics="send service mix processor" tid=4807406 requestId=eae94d37387a23a82fd6 msgHash=0xc3c83ab18a81b8c0f848732a5b68faf90afbeb7f5ee967ed20683869803ff738 tryCount=18
[2026-10-04 13:19:58.642] [out] [delivery_module] DBG 2026-10-04 13:19:58.642+02:00 Publishing message without RLN proof       tid=4807406
[2026-10-04 13:19:58.642] [out] [delivery_module] DBG 2026-10-04 13:19:58.642+02:00 Publishing message with lightpush          topics="waku node lightpush api" tid=4807406 pubsubTopic=/waku/2/rs/3/7 contentTopic=/lp0026forum/1/general/text target_peer_id=16U*CtL71W msg_hash=0xc3c83ab18a81b8c0f848732a5b68faf90afbeb7f5ee967ed20683869803ff738 mixify=true
[2026-10-04 13:19:58.643] [out] [delivery_module] DBG 2026-10-04 13:19:58.642+02:00 Publish                                    topics="waku lightpush client" tid=4807406 myPeerId=16U*Tp1aUr peerId= msgHash=0xc3c83ab18a81b8c0f848732a5b68faf90afbeb7f5ee967ed20683869803ff738 sentTime=1791112798642978048
[2026-10-04 13:19:58.643] [out] [delivery_module] DBG 2026-10-04 13:19:58.643+02:00 Destination data                           tid=4807406 destination=MixDestination[MixNode](16Uiu2HAkvsWzm5LemGFj6LUbwARYjWiv2g1bDF3N98dEq2CtL71W)
[2026-10-04 13:19:58.643] [out] [delivery_module] DBG 2026-10-04 13:19:58.643+02:00 Selected mix node:                         tid=4807406 indexInPath=0 peerId=16U*kGyuEP
[2026-10-04 13:19:58.643] [out] [delivery_module] DBG 2026-10-04 13:19:58.643+02:00 Selected mix node:                         tid=4807406 indexInPath=1 peerId=16U*TwqBiH
[2026-10-04 13:19:58.643] [out] [delivery_module] DBG 2026-10-04 13:19:58.643+02:00 Selected mix node:                         tid=4807406 indexInPath=2 peerId=16U*CtL71W
[2026-10-04 13:19:58.643] [out] [delivery_module] DBG 2026-10-04 13:19:58.643+02:00 Selected mix node for surbs:               tid=4807406 indexInPath=0 peerId=16U*P1S397
[2026-10-04 13:19:58.643] [out] [delivery_module] DBG 2026-10-04 13:19:58.643+02:00 Selected mix node for surbs:               tid=4807406 indexInPath=1 peerId=16U*TwqBiH
[2026-10-04 13:19:59.386] [out] [delivery_module] DBG 2026-10-04 13:19:59.385+02:00 MixSendProcessor.sendImpl failed           topics="send service mix processor" tid=4807406 error="No peers for topic, skipping publish"
[2026-10-04 13:19:59.534] [out] [delivery_module] DBG 2026-10-04 13:19:59.534+02:00 New stream created                         tid=4807406
[2026-10-04 13:19:59.566] [out] [delivery_module] DBG 2026-10-04 13:19:59.566+02:00 Kad lookup: RPC error                      topics="kad-dht find" tid=4807406 peer=16U*bERhF5 msg="dialStage: timed out dialing the peer"
[2026-10-04 13:20:00.172] [out] [delivery_module] DBG 2026-10-04 13:20:00.172+02:00 calculateConnectionState                   tid=4807406 relayCount=9 storeClientCount=6 lightpushCount=9 filterCount=9
[2026-10-04 13:20:00.387] [out] [delivery_module] DBG 2026-10-04 13:20:00.387+02:00 Trying message delivery via Mix            topics="send service mix processor" tid=4807406 requestId=eae94d37387a23a82fd6 msgHash=0xc3c83ab18a81b8c0f848732a5b68faf90afbeb7f5ee967ed20683869803ff738 tryCount=19
[2026-10-04 13:20:00.387] [out] [delivery_module] DBG 2026-10-04 13:20:00.387+02:00 Publishing message without RLN proof       tid=4807406
[2026-10-04 13:20:00.387] [out] [delivery_module] DBG 2026-10-04 13:20:00.387+02:00 Publishing message with lightpush          topics="waku node lightpush api" tid=4807406 pubsubTopic=/waku/2/rs/3/7 contentTopic=/lp0026forum/1/general/text target_peer_id=16U*NSkuby msg_hash=0xc3c83ab18a81b8c0f848732a5b68faf90afbeb7f5ee967ed20683869803ff738 mixify=true
[2026-10-04 13:20:00.387] [out] [delivery_module] DBG 2026-10-04 13:20:00.387+02:00 Publish                                    topics="waku lightpush client" tid=4807406 myPeerId=16U*Tp1aUr peerId= msgHash=0xc3c83ab18a81b8c0f848732a5b68faf90afbeb7f5ee967ed20683869803ff738 sentTime=1791112800387454976
[2026-10-04 13:20:00.387] [out] [delivery_module] DBG 2026-10-04 13:20:00.387+02:00 Destination data                           tid=4807406 destination=MixDestination[MixNode](16Uiu2HAmTUbnxLGT9JvV6mu9oPyDjqHK4Phs1VDJNUgESgNSkuby)
[2026-10-04 13:20:00.387] [out] [delivery_module] DBG 2026-10-04 13:20:00.387+02:00 Selected mix node:                         tid=4807406 indexInPath=0 peerId=16U*T3UNSE
[2026-10-04 13:20:00.387] [out] [delivery_module] DBG 2026-10-04 13:20:00.387+02:00 Selected mix node:                         tid=4807406 indexInPath=1 peerId=16U*CtL71W
[2026-10-04 13:20:00.387] [out] [delivery_module] DBG 2026-10-04 13:20:00.387+02:00 Selected mix node:                         tid=4807406 indexInPath=2 peerId=16U*NSkuby
[2026-10-04 13:20:00.387] [out] [delivery_module] DBG 2026-10-04 13:20:00.387+02:00 Selected mix node for surbs:               tid=4807406 indexInPath=0 peerId=16U*TwqBiH
[2026-10-04 13:20:00.387] [out] [delivery_module] DBG 2026-10-04 13:20:00.387+02:00 Selected mix node for surbs:               tid=4807406 indexInPath=1 peerId=16U*VpJprH
[2026-10-04 13:20:01.361] [out] [delivery_module] DBG 2026-10-04 13:20:01.361+02:00 MixSendProcessor.sendImpl failed           topics="send service mix processor" tid=4807406 error="No peers for topic, skipping publish"
[2026-10-04 13:20:01.464] [out] [delivery_module] DBG 2026-10-04 13:20:01.464+02:00 Kad lookup: RPC error                      topics="kad-dht find" tid=4807406 peer=16U*cef9mW msg="dialStage: timed out dialing the peer"
[2026-10-04 13:20:01.465] [out] [delivery_module] DBG 2026-10-04 13:20:01.464+02:00 Kad lookup: RPC error                      topics="kad-dht find" tid=4807406 peer=16U*EyjWVs msg="dialStage: timed out dialing the peer"
[2026-10-04 13:20:01.465] [out] [delivery_module] DBG 2026-10-04 13:20:01.464+02:00 Kad lookup: RPC error                      topics="kad-dht find" tid=4807406 peer=16U*2pfeoX msg="dialStage: timed out dialing the peer"
[2026-10-04 13:20:01.465] [out] [delivery_module] DBG 2026-10-04 13:20:01.465+02:00 Lookup query                               topics="kad-dht find" tid=4807406 peer=16U*2pfeoX
[2026-10-04 13:20:01.539] [out] [delivery_module] DBG 2026-10-04 13:20:01.539+02:00 Lookup query                               topics="kad-dht find" tid=4807406 peer=16U*EyjWVs
[2026-10-04 13:20:01.539] [out] [delivery_module] DBG 2026-10-04 13:20:01.539+02:00 Lookup query                               topics="kad-dht find" tid=4807406 peer=16U*cef9mW
[2026-10-04 13:20:01.539] [out] [delivery_module] DBG 2026-10-04 13:20:01.539+02:00 Lookup query                               topics="kad-dht find" tid=4807406 peer=16U*2pfeoX
[2026-10-04 13:20:01.539] [out] [delivery_module] DBG 2026-10-04 13:20:01.539+02:00 Kad lookup: RPC error                      topics="kad-dht find" tid=4807406 peer=16U*cef9mW msg="dialStage: timed out dialing the peer"
[2026-10-04 13:20:01.539] [out] [delivery_module] DBG 2026-10-04 13:20:01.539+02:00 Kad lookup: RPC error                      topics="kad-dht find" tid=4807406 peer=16U*2pfeoX msg="dialStage: timed out dialing the peer"
[2026-10-04 13:20:01.539] [out] [delivery_module] DBG 2026-10-04 13:20:01.539+02:00 Kad lookup: RPC error                      topics="kad-dht find" tid=4807406 peer=16U*EyjWVs msg="dialStage: timed out dialing the peer"
[2026-10-04 13:20:01.561] [out] [delivery_module] DBG 2026-10-04 13:20:01.561+02:00 Kad lookup: RPC error                      topics="kad-dht find" tid=4807406 peer=16U*2pfeoX msg="dialStage: timed out dialing the peer"
[2026-10-04 13:20:01.561] [out] [delivery_module] DBG 2026-10-04 13:20:01.561+02:00 Kad lookup: RPC error                      topics="kad-dht find" tid=4807406 peer=16U*cef9mW msg="dialStage: timed out dialing the peer"
[2026-10-04 13:20:01.562] [out] [delivery_module] DBG 2026-10-04 13:20:01.562+02:00 Lookup query                               topics="kad-dht find" tid=4807406 peer=16U*2pfeoX
[2026-10-04 13:20:01.563] [out] [delivery_module] DBG 2026-10-04 13:20:01.563+02:00 Lookup query                               topics="kad-dht find" tid=4807406 peer=16U*FMCSLG
[2026-10-04 13:20:01.563] [out] [delivery_module] DBG 2026-10-04 13:20:01.563+02:00 Lookup query                               topics="kad-dht find" tid=4807406 peer=16U*bERhF5
[2026-10-04 13:20:01.563] [out] [delivery_module] DBG 2026-10-04 13:20:01.563+02:00 Lookup query                               topics="kad-dht find" tid=4807406 peer=16U*EyjWVs
[2026-10-04 13:20:01.563] [out] [delivery_module] DBG 2026-10-04 13:20:01.563+02:00 Lookup query                               topics="kad-dht find" tid=4807406 peer=16U*Yn2Pww
[2026-10-04 13:20:01.563] [out] [delivery_module] DBG 2026-10-04 13:20:01.563+02:00 Lookup query                               topics="kad-dht find" tid=4807406 peer=16U*cef9mW
[2026-10-04 13:20:01.563] [out] [delivery_module] DBG 2026-10-04 13:20:01.563+02:00 Lookup query                               topics="kad-dht find" tid=4807406 peer=16U*2pfeoX
[2026-10-04 13:20:01.564] [out] [delivery_module] DBG 2026-10-04 13:20:01.564+02:00 Kad lookup: RPC error                      topics="kad-dht find" tid=4807406 peer=16U*Yn2Pww msg="dialStage: timed out dialing the peer"
[2026-10-04 13:20:01.564] [out] [delivery_module] DBG 2026-10-04 13:20:01.564+02:00 Kad lookup: RPC error                      topics="kad-dht find" tid=4807406 peer=16U*bERhF5 msg="dialStage: timed out dialing the peer"
[2026-10-04 13:20:01.564] [out] [delivery_module] DBG 2026-10-04 13:20:01.564+02:00 Kad lookup: RPC error                      topics="kad-dht find" tid=4807406 peer=16U*cef9mW msg="dialStage: timed out dialing the peer"
[2026-10-04 13:20:01.564] [out] [delivery_module] DBG 2026-10-04 13:20:01.564+02:00 Kad lookup: RPC error                      topics="kad-dht find" tid=4807406 peer=16U*EyjWVs msg="dialStage: timed out dialing the peer"
[2026-10-04 13:20:01.564] [out] [delivery_module] DBG 2026-10-04 13:20:01.564+02:00 Kad lookup: RPC error                      topics="kad-dht find" tid=4807406 peer=16U*2pfeoX msg="dialStage: timed out dialing the peer"
[2026-10-04 13:20:01.564] [out] [delivery_module] DBG 2026-10-04 13:20:01.564+02:00 Kad lookup: RPC error                      topics="kad-dht find" tid=4807406 peer=16U*FMCSLG msg="dialStage: timed out dialing the peer"
[2026-10-04 13:20:01.655] [out] [delivery_module] DBG 2026-10-04 13:20:01.655+02:00 Lookup query                               topics="kad-dht find" tid=4807406 peer=16U*EyjWVs
[2026-10-04 13:20:01.656] [out] [delivery_module] DBG 2026-10-04 13:20:01.656+02:00 Lookup query                               topics="kad-dht find" tid=4807406 peer=16U*2pfeoX
[2026-10-04 13:20:01.656] [out] [delivery_module] DBG 2026-10-04 13:20:01.656+02:00 Lookup query                               topics="kad-dht find" tid=4807406 peer=16U*cef9mW
[2026-10-04 13:20:01.656] [out] [delivery_module] DBG 2026-10-04 13:20:01.656+02:00 Kad lookup: RPC error                      topics="kad-dht find" tid=4807406 peer=16U*2pfeoX msg="dialStage: timed out dialing the peer"
[2026-10-04 13:20:01.656] [out] [delivery_module] DBG 2026-10-04 13:20:01.656+02:00 Kad lookup: RPC error                      topics="kad-dht find" tid=4807406 peer=16U*EyjWVs msg="dialStage: timed out dialing the peer"
[2026-10-04 13:20:01.656] [out] [delivery_module] DBG 2026-10-04 13:20:01.656+02:00 Kad lookup: RPC error                      topics="kad-dht find" tid=4807406 peer=16U*cef9mW msg="dialStage: timed out dialing the peer"
[2026-10-04 13:20:01.672] [out] [delivery_module] DBG 2026-10-04 13:20:01.672+02:00 Kad lookup: RPC error                      topics="kad-dht find" tid=4807406 peer=16U*cef9mW msg="dialStage: timed out dialing the peer"
[2026-10-04 13:20:01.672] [out] [delivery_module] DBG 2026-10-04 13:20:01.672+02:00 Kad lookup: RPC error                      topics="kad-dht find" tid=4807406 peer=16U*2pfeoX msg="dialStage: timed out dialing the peer"
[2026-10-04 13:20:01.672] [out] [delivery_module] DBG 2026-10-04 13:20:01.672+02:00 Kad lookup: RPC error                      topics="kad-dht find" tid=4807406 peer=16U*FMCSLG msg="dialStage: timed out dialing the peer"
[2026-10-04 13:20:01.672] [out] [delivery_module] DBG 2026-10-04 13:20:01.672+02:00 Kad lookup: RPC error                      topics="kad-dht find" tid=4807406 peer=16U*EyjWVs msg="dialStage: timed out dialing the peer"
[2026-10-04 13:20:01.672] [out] [delivery_module] DBG 2026-10-04 13:20:01.672+02:00 Kad lookup: RPC error                      topics="kad-dht find" tid=4807406 peer=16U*bERhF5 msg="dialStage: timed out dialing the peer"
[2026-10-04 13:20:01.673] [out] [delivery_module] DBG 2026-10-04 13:20:01.672+02:00 Lookup query                               topics="kad-dht find" tid=4807406 peer=16U*2pfeoX
[2026-10-04 13:20:01.673] [out] [delivery_module] DBG 2026-10-04 13:20:01.673+02:00 Lookup query                               topics="kad-dht find" tid=4807406 peer=16U*EyjWVs
[2026-10-04 13:20:01.745] [out] [delivery_module] DBG 2026-10-04 13:20:01.745+02:00 Kad lookup: RPC error                      topics="kad-dht find" tid=4807406 peer=16U*2pfeoX msg="dialStage: timed out dialing the peer"
[2026-10-04 13:20:01.745] [out] [delivery_module] DBG 2026-10-04 13:20:01.745+02:00 Kad lookup: RPC error                      topics="kad-dht find" tid=4807406 peer=16U*FMCSLG msg="dialStage: timed out dialing the peer"
[2026-10-04 13:20:01.745] [out] [delivery_module] DBG 2026-10-04 13:20:01.745+02:00 Kad lookup: RPC error                      topics="kad-dht find" tid=4807406 peer=16U*cef9mW msg="dialStage: timed out dialing the peer"
[2026-10-04 13:20:01.745] [out] [delivery_module] DBG 2026-10-04 13:20:01.745+02:00 Lookup query                               topics="kad-dht find" tid=4807406 peer=16U*2pfeoX
[2026-10-04 13:20:01.812] [out] [delivery_module] DBG 2026-10-04 13:20:01.812+02:00 Kad lookup: RPC error                      topics="kad-dht find" tid=4807406 peer=16U*cef9mW msg="dialStage: timed out dialing the peer"
[2026-10-04 13:20:01.812] [out] [delivery_module] DBG 2026-10-04 13:20:01.812+02:00 Kad lookup: RPC error                      topics="kad-dht find" tid=4807406 peer=16U*2pfeoX msg="dialStage: timed out dialing the peer"
[2026-10-04 13:20:01.812] [out] [delivery_module] DBG 2026-10-04 13:20:01.812+02:00 Lookup query                               topics="kad-dht find" tid=4807406 peer=16U*2pfeoX
[2026-10-04 13:20:01.871] [out] [delivery_module] DBG 2026-10-04 13:20:01.871+02:00 Lookup query                               topics="kad-dht find" tid=4807406 peer=16U*Yn2Pww
[2026-10-04 13:20:01.871] [out] [delivery_module] DBG 2026-10-04 13:20:01.871+02:00 Lookup query                               topics="kad-dht find" tid=4807406 peer=16U*cef9mW
[2026-10-04 13:20:01.871] [out] [delivery_module] DBG 2026-10-04 13:20:01.871+02:00 Lookup query                               topics="kad-dht find" tid=4807406 peer=16U*2pfeoX
[2026-10-04 13:20:01.871] [out] [delivery_module] DBG 2026-10-04 13:20:01.871+02:00 Lookup query                               topics="kad-dht find" tid=4807406 peer=16U*FMCSLG
[2026-10-04 13:20:01.872] [out] [delivery_module] DBG 2026-10-04 13:20:01.871+02:00 Lookup query                               topics="kad-dht find" tid=4807406 peer=16U*bERhF5
[2026-10-04 13:20:01.872] [out] [delivery_module] DBG 2026-10-04 13:20:01.871+02:00 Lookup query                               topics="kad-dht find" tid=4807406 peer=16U*EyjWVs
[2026-10-04 13:20:01.872] [out] [delivery_module] DBG 2026-10-04 13:20:01.872+02:00 Kad lookup: RPC error                      topics="kad-dht find" tid=4807406 peer=16U*Yn2Pww msg="dialStage: timed out dialing the peer"
[2026-10-04 13:20:01.872] [out] [delivery_module] DBG 2026-10-04 13:20:01.872+02:00 Kad lookup: RPC error                      topics="kad-dht find" tid=4807406 peer=16U*2pfeoX msg="dialStage: timed out dialing the peer"
[2026-10-04 13:20:01.872] [out] [delivery_module] DBG 2026-10-04 13:20:01.872+02:00 Kad lookup: RPC error                      topics="kad-dht find" tid=4807406 peer=16U*bERhF5 msg="dialStage: timed out dialing the peer"
[2026-10-04 13:20:01.872] [out] [delivery_module] DBG 2026-10-04 13:20:01.872+02:00 Kad lookup: RPC error                      topics="kad-dht find" tid=4807406 peer=16U*cef9mW msg="dialStage: timed out dialing the peer"
[2026-10-04 13:20:01.872] [out] [delivery_module] DBG 2026-10-04 13:20:01.872+02:00 Kad lookup: RPC error                      topics="kad-dht find" tid=4807406 peer=16U*FMCSLG msg="dialStage: timed out dialing the peer"
[2026-10-04 13:20:01.872] [out] [delivery_module] DBG 2026-10-04 13:20:01.872+02:00 Kad lookup: RPC error                      topics="kad-dht find" tid=4807406 peer=16U*EyjWVs msg="dialStage: timed out dialing the peer"
[2026-10-04 13:20:01.944] [out] [delivery_module] DBG 2026-10-04 13:20:01.944+02:00 Lookup query                               topics="kad-dht find" tid=4807406 peer=16U*2pfeoX
[2026-10-04 13:20:01.945] [out] [delivery_module] DBG 2026-10-04 13:20:01.944+02:00 Lookup query                               topics="kad-dht find" tid=4807406 peer=16U*cef9mW
[2026-10-04 13:20:01.945] [out] [delivery_module] DBG 2026-10-04 13:20:01.945+02:00 Kad lookup: RPC error                      topics="kad-dht find" tid=4807406 peer=16U*2pfeoX msg="dialStage: timed out dialing the peer"
[2026-10-04 13:20:01.945] [out] [delivery_module] DBG 2026-10-04 13:20:01.945+02:00 Kad lookup: RPC error                      topics="kad-dht find" tid=4807406 peer=16U*cef9mW msg="dialStage: timed out dialing the peer"
[2026-10-04 13:20:02.363] [out] [delivery_module] DBG 2026-10-04 13:20:02.363+02:00 Trying message delivery via Mix            topics="send service mix processor" tid=4807406 requestId=eae94d37387a23a82fd6 msgHash=0xc3c83ab18a81b8c0f848732a5b68faf90afbeb7f5ee967ed20683869803ff738 tryCount=20
[2026-10-04 13:20:02.363] [out] [delivery_module] DBG 2026-10-04 13:20:02.363+02:00 Publishing message without RLN proof       tid=4807406
[2026-10-04 13:20:02.363] [out] [delivery_module] DBG 2026-10-04 13:20:02.363+02:00 Publishing message with lightpush          topics="waku node lightpush api" tid=4807406 pubsubTopic=/waku/2/rs/3/7 contentTopic=/lp0026forum/1/general/text target_peer_id=16U*NSkuby msg_hash=0xc3c83ab18a81b8c0f848732a5b68faf90afbeb7f5ee967ed20683869803ff738 mixify=true
[2026-10-04 13:20:02.363] [out] [delivery_module] DBG 2026-10-04 13:20:02.363+02:00 Publish                                    topics="waku lightpush client" tid=4807406 myPeerId=16U*Tp1aUr peerId= msgHash=0xc3c83ab18a81b8c0f848732a5b68faf90afbeb7f5ee967ed20683869803ff738 sentTime=1791112802363392000
[2026-10-04 13:20:02.363] [out] [delivery_module] DBG 2026-10-04 13:20:02.363+02:00 Destination data                           tid=4807406 destination=MixDestination[MixNode](16Uiu2HAmTUbnxLGT9JvV6mu9oPyDjqHK4Phs1VDJNUgESgNSkuby)
[2026-10-04 13:20:02.363] [out] [delivery_module] DBG 2026-10-04 13:20:02.363+02:00 Selected mix node:                         tid=4807406 indexInPath=0 peerId=16U*VpJprH
[2026-10-04 13:20:02.363] [out] [delivery_module] DBG 2026-10-04 13:20:02.363+02:00 Selected mix node:                         tid=4807406 indexInPath=1 peerId=16U*T3UNSE
[2026-10-04 13:20:02.363] [out] [delivery_module] DBG 2026-10-04 13:20:02.363+02:00 Selected mix node:                         tid=4807406 indexInPath=2 peerId=16U*NSkuby
[2026-10-04 13:20:02.363] [out] [delivery_module] DBG 2026-10-04 13:20:02.363+02:00 Selected mix node for surbs:               tid=4807406 indexInPath=0 peerId=16U*TwqBiH
[2026-10-04 13:20:02.363] [out] [delivery_module] DBG 2026-10-04 13:20:02.363+02:00 Selected mix node for surbs:               tid=4807406 indexInPath=1 peerId=16U*VpJprH
[2026-10-04 13:20:02.660] [out] [delivery_module] DBG 2026-10-04 13:20:02.660+02:00 Kad lookup: RPC error                      topics="kad-dht find" tid=4807406 peer=16U*EyjWVs msg="dialStage: timed out dialing the peer"
[2026-10-04 13:20:03.306] [out] [delivery_module] DBG 2026-10-04 13:20:03.306+02:00 MixSendProcessor.sendImpl failed           topics="send service mix processor" tid=4807406 error="No peers for topic, skipping publish"
[2026-10-04 13:20:04.308] [out] [delivery_module] DBG 2026-10-04 13:20:04.308+02:00 Trying message delivery via Mix            topics="send service mix processor" tid=4807406 requestId=eae94d37387a23a82fd6 msgHash=0xc3c83ab18a81b8c0f848732a5b68faf90afbeb7f5ee967ed20683869803ff738 tryCount=21
[2026-10-04 13:20:04.308] [out] [delivery_module] DBG 2026-10-04 13:20:04.308+02:00 Publishing message without RLN proof       tid=4807406
[2026-10-04 13:20:04.308] [out] [delivery_module] DBG 2026-10-04 13:20:04.308+02:00 Publishing message with lightpush          topics="waku node lightpush api" tid=4807406 pubsubTopic=/waku/2/rs/3/7 contentTopic=/lp0026forum/1/general/text target_peer_id=16U*NSkuby msg_hash=0xc3c83ab18a81b8c0f848732a5b68faf90afbeb7f5ee967ed20683869803ff738 mixify=true
[2026-10-04 13:20:04.308] [out] [delivery_module] DBG 2026-10-04 13:20:04.308+02:00 Publish                                    topics="waku lightpush client" tid=4807406 myPeerId=16U*Tp1aUr peerId= msgHash=0xc3c83ab18a81b8c0f848732a5b68faf90afbeb7f5ee967ed20683869803ff738 sentTime=1791112804308770048
[2026-10-04 13:20:04.308] [out] [delivery_module] DBG 2026-10-04 13:20:04.308+02:00 Destination data                           tid=4807406 destination=MixDestination[MixNode](16Uiu2HAmTUbnxLGT9JvV6mu9oPyDjqHK4Phs1VDJNUgESgNSkuby)
[2026-10-04 13:20:04.308] [out] [delivery_module] DBG 2026-10-04 13:20:04.308+02:00 Selected mix node:                         tid=4807406 indexInPath=0 peerId=16U*CtL71W
[2026-10-04 13:20:04.309] [out] [delivery_module] DBG 2026-10-04 13:20:04.308+02:00 Selected mix node:                         tid=4807406 indexInPath=1 peerId=16U*kGyuEP
[2026-10-04 13:20:04.309] [out] [delivery_module] DBG 2026-10-04 13:20:04.309+02:00 Selected mix node:                         tid=4807406 indexInPath=2 peerId=16U*NSkuby
[2026-10-04 13:20:04.309] [out] [delivery_module] DBG 2026-10-04 13:20:04.309+02:00 Selected mix node for surbs:               tid=4807406 indexInPath=0 peerId=16U*CtL71W
[2026-10-04 13:20:04.309] [out] [delivery_module] DBG 2026-10-04 13:20:04.309+02:00 Selected mix node for surbs:               tid=4807406 indexInPath=1 peerId=16U*P1S397
[2026-10-04 13:20:04.704] [out] [delivery_module] DBG 2026-10-04 13:20:04.704+02:00 New stream created                         tid=4807406
[2026-10-04 13:20:05.123] [out] [delivery_module] DBG 2026-10-04 13:20:05.123+02:00 Creating stream                            tid=4807406
[2026-10-04 13:20:05.123] [out] [delivery_module] DBG 2026-10-04 13:20:05.123+02:00 New stream created                         tid=4807406
[2026-10-04 13:20:05.450] [out] [delivery_module] DBG 2026-10-04 13:20:05.450+02:00 Maintaining subscriptions                  topics="waku filter" tid=4807406
[2026-10-04 13:20:05.450] [out] [delivery_module] DBG 2026-10-04 13:20:05.450+02:00 Cleanup                                    topics="waku filter subscriptions" tid=4807406 currentPeerIds=[]
[2026-10-04 13:20:05.450] [out] [delivery_module] DBG 2026-10-04 13:20:05.450+02:00 After cleanup                              topics="waku filter subscriptions" tid=4807406 currentPeerIds=[]
[2026-10-04 13:20:05.458] [out] [delivery_module] DBG 2026-10-04 13:20:05.458+02:00 Routing table below minimum, re-seeding    topics="kad-dht" tid=4807406 peers=7 minimum=10
[2026-10-04 13:20:05.461] [out] [delivery_module] DBG 2026-10-04 13:20:05.461+02:00 Lookup query                               topics="kad-dht find" tid=4807406 peer=16U*NSkuby
[2026-10-04 13:20:05.462] [out] [delivery_module] DBG 2026-10-04 13:20:05.462+02:00 Lookup query                               topics="kad-dht find" tid=4807406 peer=16U*CtL71W
[2026-10-04 13:20:05.462] [out] [delivery_module] DBG 2026-10-04 13:20:05.462+02:00 Lookup query                               topics="kad-dht find" tid=4807406 peer=16U*TwqBiH
[2026-10-04 13:20:05.462] [out] [delivery_module] DBG 2026-10-04 13:20:05.462+02:00 Lookup query                               topics="kad-dht find" tid=4807406 peer=16U*VpJprH
[2026-10-04 13:20:05.462] [out] [delivery_module] DBG 2026-10-04 13:20:05.462+02:00 Lookup query                               topics="kad-dht find" tid=4807406 peer=16U*P1S397
[2026-10-04 13:20:05.462] [out] [delivery_module] DBG 2026-10-04 13:20:05.462+02:00 Lookup query                               topics="kad-dht find" tid=4807406 peer=16U*T3UNSE
[2026-10-04 13:20:05.462] [out] [delivery_module] DBG 2026-10-04 13:20:05.462+02:00 Lookup query                               topics="kad-dht find" tid=4807406 peer=16U*kGyuEP
[2026-10-04 13:20:05.773] [out] [delivery_module] DBG 2026-10-04 13:20:05.773+02:00 Lookup query                               topics="kad-dht find" tid=4807406 peer=16U*cef9mW
[2026-10-04 13:20:05.774] [out] [delivery_module] DBG 2026-10-04 13:20:05.773+02:00 Lookup query                               topics="kad-dht find" tid=4807406 peer=16U*iSrhve
[2026-10-04 13:20:05.774] [out] [delivery_module] DBG 2026-10-04 13:20:05.773+02:00 Lookup query                               topics="kad-dht find" tid=4807406 peer=16U*2pfeoX
[2026-10-04 13:20:05.774] [out] [delivery_module] DBG 2026-10-04 13:20:05.773+02:00 Lookup query                               topics="kad-dht find" tid=4807406 peer=16U*oeaQi3
[2026-10-04 13:20:05.774] [out] [delivery_module] DBG 2026-10-04 13:20:05.773+02:00 Lookup query                               topics="kad-dht find" tid=4807406 peer=16U*6M7AnR
[2026-10-04 13:20:05.778] [out] [delivery_module] DBG 2026-10-04 13:20:05.778+02:00 Lookup query                               topics="kad-dht find" tid=4807406 peer=16U*oN8hgK
[2026-10-04 13:20:05.778] [out] [delivery_module] DBG 2026-10-04 13:20:05.778+02:00 MixSendProcessor.sendImpl failed           topics="send service mix processor" tid=4807406 error="No peers for topic, skipping publish"
[2026-10-04 13:20:05.798] [out] [delivery_module] DBG 2026-10-04 13:20:05.798+02:00 Lookup query                               topics="kad-dht find" tid=4807406 peer=16U*Yn2Pww
[2026-10-04 13:20:05.798] [out] [delivery_module] DBG 2026-10-04 13:20:05.798+02:00 Lookup query                               topics="kad-dht find" tid=4807406 peer=16U*EyjWVs
[2026-10-04 13:20:05.810] [out] [delivery_module] DBG 2026-10-04 13:20:05.810+02:00 Lookup query                               topics="kad-dht find" tid=4807406 peer=16U*FMCSLG
[2026-10-04 13:20:05.810] [out] [delivery_module] DBG 2026-10-04 13:20:05.810+02:00 Lookup query                               topics="kad-dht find" tid=4807406 peer=16U*bERhF5
[2026-10-04 13:20:06.466] [out] [delivery_module] DBG 2026-10-04 13:20:06.466+02:00 Lookup query                               topics="kad-dht find" tid=4807406 peer=16U*2pfeoX
[2026-10-04 13:20:06.466] [out] [delivery_module] DBG 2026-10-04 13:20:06.466+02:00 Kad lookup: RPC error                      topics="kad-dht find" tid=4807406 peer=16U*2pfeoX msg="dialStage: timed out dialing the peer"
[2026-10-04 13:20:06.540] [out] [delivery_module] DBG 2026-10-04 13:20:06.540+02:00 Lookup query                               topics="kad-dht find" tid=4807406 peer=16U*EyjWVs
[2026-10-04 13:20:06.540] [out] [delivery_module] DBG 2026-10-04 13:20:06.540+02:00 Lookup query                               topics="kad-dht find" tid=4807406 peer=16U*cef9mW
[2026-10-04 13:20:06.541] [out] [delivery_module] DBG 2026-10-04 13:20:06.540+02:00 Lookup query                               topics="kad-dht find" tid=4807406 peer=16U*2pfeoX
[2026-10-04 13:20:06.541] [out] [delivery_module] DBG 2026-10-04 13:20:06.541+02:00 Kad lookup: RPC error                      topics="kad-dht find" tid=4807406 peer=16U*EyjWVs msg="dialStage: timed out dialing the peer"
[2026-10-04 13:20:06.541] [out] [delivery_module] DBG 2026-10-04 13:20:06.541+02:00 Kad lookup: RPC error                      topics="kad-dht find" tid=4807406 peer=16U*2pfeoX msg="dialStage: timed out dialing the peer"
[2026-10-04 13:20:06.541] [out] [delivery_module] DBG 2026-10-04 13:20:06.541+02:00 Kad lookup: RPC error                      topics="kad-dht find" tid=4807406 peer=16U*cef9mW msg="dialStage: timed out dialing the peer"
[2026-10-04 13:20:06.563] [out] [delivery_module] DBG 2026-10-04 13:20:06.563+02:00 Lookup query                               topics="kad-dht find" tid=4807406 peer=16U*2pfeoX
[2026-10-04 13:20:06.563] [out] [delivery_module] DBG 2026-10-04 13:20:06.563+02:00 Kad lookup: RPC error                      topics="kad-dht find" tid=4807406 peer=16U*2pfeoX msg="dialStage: timed out dialing the peer"
[2026-10-04 13:20:06.565] [out] [delivery_module] DBG 2026-10-04 13:20:06.565+02:00 Lookup query                               topics="kad-dht find" tid=4807406 peer=16U*FMCSLG
[2026-10-04 13:20:06.565] [out] [delivery_module] DBG 2026-10-04 13:20:06.565+02:00 Lookup query                               topics="kad-dht find" tid=4807406 peer=16U*bERhF5
[2026-10-04 13:20:06.565] [out] [delivery_module] DBG 2026-10-04 13:20:06.565+02:00 Lookup query                               topics="kad-dht find" tid=4807406 peer=16U*EyjWVs
[2026-10-04 13:20:06.565] [out] [delivery_module] DBG 2026-10-04 13:20:06.565+02:00 Lookup query                               topics="kad-dht find" tid=4807406 peer=16U*Yn2Pww
[2026-10-04 13:20:06.565] [out] [delivery_module] DBG 2026-10-04 13:20:06.565+02:00 Lookup query                               topics="kad-dht find" tid=4807406 peer=16U*cef9mW
[2026-10-04 13:20:06.565] [out] [delivery_module] DBG 2026-10-04 13:20:06.565+02:00 Lookup query                               topics="kad-dht find" tid=4807406 peer=16U*2pfeoX
[2026-10-04 13:20:06.565] [out] [delivery_module] DBG 2026-10-04 13:20:06.565+02:00 Kad lookup: RPC error                      topics="kad-dht find" tid=4807406 peer=16U*FMCSLG msg="dialStage: timed out dialing the peer"
[2026-10-04 13:20:06.565] [out] [delivery_module] DBG 2026-10-04 13:20:06.565+02:00 Kad lookup: RPC error                      topics="kad-dht find" tid=4807406 peer=16U*cef9mW msg="dialStage: timed out dialing the peer"
[2026-10-04 13:20:06.565] [out] [delivery_module] DBG 2026-10-04 13:20:06.565+02:00 Kad lookup: RPC error                      topics="kad-dht find" tid=4807406 peer=16U*Yn2Pww msg="dialStage: timed out dialing the peer"
[2026-10-04 13:20:06.566] [out] [delivery_module] DBG 2026-10-04 13:20:06.565+02:00 Kad lookup: RPC error                      topics="kad-dht find" tid=4807406 peer=16U*2pfeoX msg="dialStage: timed out dialing the peer"
[2026-10-04 13:20:06.566] [out] [delivery_module] DBG 2026-10-04 13:20:06.565+02:00 Kad lookup: RPC error                      topics="kad-dht find" tid=4807406 peer=16U*bERhF5 msg="dialStage: timed out dialing the peer"
[2026-10-04 13:20:06.566] [out] [delivery_module] DBG 2026-10-04 13:20:06.565+02:00 Kad lookup: RPC error                      topics="kad-dht find" tid=4807406 peer=16U*EyjWVs msg="dialStage: timed out dialing the peer"
[2026-10-04 13:20:06.657] [out] [delivery_module] DBG 2026-10-04 13:20:06.657+02:00 Lookup query                               topics="kad-dht find" tid=4807406 peer=16U*EyjWVs
[2026-10-04 13:20:06.657] [out] [delivery_module] DBG 2026-10-04 13:20:06.657+02:00 Lookup query                               topics="kad-dht find" tid=4807406 peer=16U*2pfeoX
[2026-10-04 13:20:06.657] [out] [delivery_module] DBG 2026-10-04 13:20:06.657+02:00 Lookup query                               topics="kad-dht find" tid=4807406 peer=16U*cef9mW
[2026-10-04 13:20:06.658] [out] [delivery_module] DBG 2026-10-04 13:20:06.658+02:00 Kad lookup: RPC error                      topics="kad-dht find" tid=4807406 peer=16U*EyjWVs msg="dialStage: timed out dialing the peer"
[2026-10-04 13:20:06.658] [out] [delivery_module] DBG 2026-10-04 13:20:06.658+02:00 Kad lookup: RPC error                      topics="kad-dht find" tid=4807406 peer=16U*cef9mW msg="dialStage: timed out dialing the peer"
[2026-10-04 13:20:06.658] [out] [delivery_module] DBG 2026-10-04 13:20:06.658+02:00 Kad lookup: RPC error                      topics="kad-dht find" tid=4807406 peer=16U*2pfeoX msg="dialStage: timed out dialing the peer"
[2026-10-04 13:20:06.674] [out] [delivery_module] DBG 2026-10-04 13:20:06.674+02:00 Kad lookup: RPC error                      topics="kad-dht find" tid=4807406 peer=16U*2pfeoX msg="dialStage: timed out dialing the peer"
[2026-10-04 13:20:06.674] [out] [delivery_module] DBG 2026-10-04 13:20:06.674+02:00 Kad lookup: RPC error                      topics="kad-dht find" tid=4807406 peer=16U*EyjWVs msg="dialStage: timed out dialing the peer"
[2026-10-04 13:20:06.674] [out] [delivery_module] DBG 2026-10-04 13:20:06.674+02:00 Lookup query                               topics="kad-dht find" tid=4807406 peer=16U*2pfeoX
[2026-10-04 13:20:06.747] [out] [delivery_module] DBG 2026-10-04 13:20:06.747+02:00 Lookup query                               topics="kad-dht find" tid=4807406 peer=16U*2pfeoX
[2026-10-04 13:20:06.748] [out] [delivery_module] DBG 2026-10-04 13:20:06.747+02:00 Kad lookup: RPC error                      topics="kad-dht find" tid=4807406 peer=16U*2pfeoX msg="dialStage: timed out dialing the peer"
[2026-10-04 13:20:06.782] [out] [delivery_module] DBG 2026-10-04 13:20:06.779+02:00 Trying message delivery via Mix            topics="send service mix processor" tid=4807406 requestId=eae94d37387a23a82fd6 msgHash=0xc3c83ab18a81b8c0f848732a5b68faf90afbeb7f5ee967ed20683869803ff738 tryCount=22
[2026-10-04 13:20:06.782] [out] [delivery_module] DBG 2026-10-04 13:20:06.780+02:00 Publishing message without RLN proof       tid=4807406
[2026-10-04 13:20:06.782] [out] [delivery_module] DBG 2026-10-04 13:20:06.780+02:00 Publishing message with lightpush          topics="waku node lightpush api" tid=4807406 pubsubTopic=/waku/2/rs/3/7 contentTopic=/lp0026forum/1/general/text target_peer_id=16U*TwqBiH msg_hash=0xc3c83ab18a81b8c0f848732a5b68faf90afbeb7f5ee967ed20683869803ff738 mixify=true
[2026-10-04 13:20:06.782] [out] [delivery_module] DBG 2026-10-04 13:20:06.780+02:00 Publish                                    topics="waku lightpush client" tid=4807406 myPeerId=16U*Tp1aUr peerId= msgHash=0xc3c83ab18a81b8c0f848732a5b68faf90afbeb7f5ee967ed20683869803ff738 sentTime=1791112806780397824
[2026-10-04 13:20:06.782] [out] [delivery_module] DBG 2026-10-04 13:20:06.780+02:00 Destination data                           tid=4807406 destination=MixDestination[MixNode](16Uiu2HAm8Y9kgBNtjxvCnf1X6gnZJW5EGE4UwwCL3CCm55TwqBiH)
[2026-10-04 13:20:06.782] [out] [delivery_module] DBG 2026-10-04 13:20:06.780+02:00 Selected mix node:                         tid=4807406 indexInPath=0 peerId=16U*NSkuby
[2026-10-04 13:20:06.782] [out] [delivery_module] DBG 2026-10-04 13:20:06.780+02:00 Selected mix node:                         tid=4807406 indexInPath=1 peerId=16U*VpJprH
[2026-10-04 13:20:06.782] [out] [delivery_module] DBG 2026-10-04 13:20:06.780+02:00 Selected mix node:                         tid=4807406 indexInPath=2 peerId=16U*TwqBiH
[2026-10-04 13:20:06.782] [out] [delivery_module] DBG 2026-10-04 13:20:06.780+02:00 Selected mix node for surbs:               tid=4807406 indexInPath=0 peerId=16U*T3UNSE
[2026-10-04 13:20:06.782] [out] [delivery_module] DBG 2026-10-04 13:20:06.781+02:00 Selected mix node for surbs:               tid=4807406 indexInPath=1 peerId=16U*CtL71W
[2026-10-04 13:20:06.813] [out] [delivery_module] DBG 2026-10-04 13:20:06.813+02:00 Lookup query                               topics="kad-dht find" tid=4807406 peer=16U*2pfeoX
[2026-10-04 13:20:06.813] [out] [delivery_module] DBG 2026-10-04 13:20:06.813+02:00 Kad lookup: RPC error                      topics="kad-dht find" tid=4807406 peer=16U*2pfeoX msg="dialStage: timed out dialing the peer"
[2026-10-04 13:20:06.873] [out] [delivery_module] DBG 2026-10-04 13:20:06.873+02:00 Lookup query                               topics="kad-dht find" tid=4807406 peer=16U*Yn2Pww
[2026-10-04 13:20:06.873] [out] [delivery_module] DBG 2026-10-04 13:20:06.873+02:00 Lookup query                               topics="kad-dht find" tid=4807406 peer=16U*cef9mW
[2026-10-04 13:20:06.873] [out] [delivery_module] DBG 2026-10-04 13:20:06.873+02:00 Lookup query                               topics="kad-dht find" tid=4807406 peer=16U*2pfeoX
[2026-10-04 13:20:06.873] [out] [delivery_module] DBG 2026-10-04 13:20:06.873+02:00 Lookup query                               topics="kad-dht find" tid=4807406 peer=16U*FMCSLG
[2026-10-04 13:20:06.873] [out] [delivery_module] DBG 2026-10-04 13:20:06.873+02:00 Lookup query                               topics="kad-dht find" tid=4807406 peer=16U*bERhF5
[2026-10-04 13:20:06.873] [out] [delivery_module] DBG 2026-10-04 13:20:06.873+02:00 Lookup query                               topics="kad-dht find" tid=4807406 peer=16U*EyjWVs
[2026-10-04 13:20:06.874] [out] [delivery_module] DBG 2026-10-04 13:20:06.874+02:00 Kad lookup: RPC error                      topics="kad-dht find" tid=4807406 peer=16U*Yn2Pww msg="dialStage: timed out dialing the peer"
[2026-10-04 13:20:06.874] [out] [delivery_module] DBG 2026-10-04 13:20:06.874+02:00 Kad lookup: RPC error                      topics="kad-dht find" tid=4807406 peer=16U*2pfeoX msg="dialStage: timed out dialing the peer"
[2026-10-04 13:20:06.874] [out] [delivery_module] DBG 2026-10-04 13:20:06.874+02:00 Kad lookup: RPC error                      topics="kad-dht find" tid=4807406 peer=16U*bERhF5 msg="dialStage: timed out dialing the peer"
[2026-10-04 13:20:06.874] [out] [delivery_module] DBG 2026-10-04 13:20:06.874+02:00 Kad lookup: RPC error                      topics="kad-dht find" tid=4807406 peer=16U*EyjWVs msg="dialStage: timed out dialing the peer"
[2026-10-04 13:20:06.874] [out] [delivery_module] DBG 2026-10-04 13:20:06.874+02:00 Kad lookup: RPC error                      topics="kad-dht find" tid=4807406 peer=16U*cef9mW msg="dialStage: timed out dialing the peer"
[2026-10-04 13:20:06.874] [out] [delivery_module] DBG 2026-10-04 13:20:06.874+02:00 Kad lookup: RPC error                      topics="kad-dht find" tid=4807406 peer=16U*FMCSLG msg="dialStage: timed out dialing the peer"
[2026-10-04 13:20:06.946] [out] [delivery_module] DBG 2026-10-04 13:20:06.946+02:00 Kad lookup: RPC error                      topics="kad-dht find" tid=4807406 peer=16U*2pfeoX msg="dialStage: timed out dialing the peer"
[2026-10-04 13:20:06.946] [out] [delivery_module] DBG 2026-10-04 13:20:06.946+02:00 Kad lookup: RPC error                      topics="kad-dht find" tid=4807406 peer=16U*cef9mW msg="dialStage: timed out dialing the peer"
[2026-10-04 13:20:06.946] [out] [delivery_module] DBG 2026-10-04 13:20:06.946+02:00 Lookup query                               topics="kad-dht find" tid=4807406 peer=16U*2pfeoX
[2026-10-04 13:20:07.562] [out] [delivery_module] DBG 2026-10-04 13:20:07.562+02:00 MixSendProcessor.sendImpl failed           topics="send service mix processor" tid=4807406 error="No peers for topic, skipping publish"
[2026-10-04 13:20:08.563] [out] [delivery_module] DBG 2026-10-04 13:20:08.563+02:00 Trying message delivery via Mix            topics="send service mix processor" tid=4807406 requestId=eae94d37387a23a82fd6 msgHash=0xc3c83ab18a81b8c0f848732a5b68faf90afbeb7f5ee967ed20683869803ff738 tryCount=23
[2026-10-04 13:20:08.564] [out] [delivery_module] DBG 2026-10-04 13:20:08.564+02:00 Publishing message without RLN proof       tid=4807406
[2026-10-04 13:20:08.564] [out] [delivery_module] DBG 2026-10-04 13:20:08.564+02:00 Publishing message with lightpush          topics="waku node lightpush api" tid=4807406 pubsubTopic=/waku/2/rs/3/7 contentTopic=/lp0026forum/1/general/text target_peer_id=16U*TwqBiH msg_hash=0xc3c83ab18a81b8c0f848732a5b68faf90afbeb7f5ee967ed20683869803ff738 mixify=true
[2026-10-04 13:20:08.564] [out] [delivery_module] DBG 2026-10-04 13:20:08.564+02:00 Publish                                    topics="waku lightpush client" tid=4807406 myPeerId=16U*Tp1aUr peerId= msgHash=0xc3c83ab18a81b8c0f848732a5b68faf90afbeb7f5ee967ed20683869803ff738 sentTime=1791112808564153856
[2026-10-04 13:20:08.564] [out] [delivery_module] DBG 2026-10-04 13:20:08.564+02:00 Destination data                           tid=4807406 destination=MixDestination[MixNode](16Uiu2HAm8Y9kgBNtjxvCnf1X6gnZJW5EGE4UwwCL3CCm55TwqBiH)
[2026-10-04 13:20:08.564] [out] [delivery_module] DBG 2026-10-04 13:20:08.564+02:00 Selected mix node:                         tid=4807406 indexInPath=0 peerId=16U*CtL71W
[2026-10-04 13:20:08.564] [out] [delivery_module] DBG 2026-10-04 13:20:08.564+02:00 Selected mix node:                         tid=4807406 indexInPath=1 peerId=16U*P1S397
[2026-10-04 13:20:08.564] [out] [delivery_module] DBG 2026-10-04 13:20:08.564+02:00 Selected mix node:                         tid=4807406 indexInPath=2 peerId=16U*TwqBiH
[2026-10-04 13:20:08.564] [out] [delivery_module] DBG 2026-10-04 13:20:08.564+02:00 Selected mix node for surbs:               tid=4807406 indexInPath=0 peerId=16U*kGyuEP
[2026-10-04 13:20:08.564] [out] [delivery_module] DBG 2026-10-04 13:20:08.564+02:00 Selected mix node for surbs:               tid=4807406 indexInPath=1 peerId=16U*NSkuby
[2026-10-04 13:20:09.821] [out] [delivery_module] DBG 2026-10-04 13:20:09.820+02:00 MixSendProcessor.sendImpl failed           topics="send service mix processor" tid=4807406 error="No peers for topic, skipping publish"
[2026-10-04 13:20:10.174] [out] [delivery_module] DBG 2026-10-04 13:20:10.174+02:00 Creating stream                            tid=4807406
[2026-10-04 13:20:10.174] [out] [delivery_module] DBG 2026-10-04 13:20:10.174+02:00 New stream created                         tid=4807406
[2026-10-04 13:20:10.180] [out] [delivery_module] DBG 2026-10-04 13:20:10.180+02:00 calculateConnectionState                   tid=4807406 relayCount=9 storeClientCount=6 lightpushCount=9 filterCount=9
[2026-10-04 13:20:10.775] [out] [delivery_module] DBG 2026-10-04 13:20:10.775+02:00 Kad lookup: RPC error                      topics="kad-dht find" tid=4807406 peer=16U*2pfeoX msg="dialStage: timed out dialing the peer"
[2026-10-04 13:20:10.775] [out] [delivery_module] DBG 2026-10-04 13:20:10.775+02:00 Kad lookup: RPC error                      topics="kad-dht find" tid=4807406 peer=16U*oeaQi3 msg="dialStage: timed out dialing the peer"
[2026-10-04 13:20:10.775] [out] [delivery_module] DBG 2026-10-04 13:20:10.775+02:00 Kad lookup: RPC error                      topics="kad-dht find" tid=4807406 peer=16U*cef9mW msg="dialStage: timed out dialing the peer"
[2026-10-04 13:20:10.775] [out] [delivery_module] DBG 2026-10-04 13:20:10.775+02:00 Kad lookup: RPC error                      topics="kad-dht find" tid=4807406 peer=16U*6M7AnR msg="dialStage: timed out dialing the peer"
[2026-10-04 13:20:10.775] [out] [delivery_module] DBG 2026-10-04 13:20:10.775+02:00 Lookup query                               topics="kad-dht find" tid=4807406 peer=16U*oeaQi3
[2026-10-04 13:20:10.776] [out] [delivery_module] DBG 2026-10-04 13:20:10.776+02:00 Lookup query                               topics="kad-dht find" tid=4807406 peer=16U*6M7AnR
[2026-10-04 13:20:10.819] [out] [delivery_module] DBG 2026-10-04 13:20:10.806+02:00 Lookup query                               topics="kad-dht find" tid=4807406 peer=16U*Yn2Pww
[2026-10-04 13:20:10.819] [out] [delivery_module] DBG 2026-10-04 13:20:10.806+02:00 Lookup query                               topics="kad-dht find" tid=4807406 peer=16U*EyjWVs
[2026-10-04 13:20:10.839] [out] [delivery_module] DBG 2026-10-04 13:20:10.839+02:00 Kad lookup: RPC error                      topics="kad-dht find" tid=4807406 peer=16U*EyjWVs msg="dialStage: timed out dialing the peer"
[2026-10-04 13:20:10.839] [out] [delivery_module] DBG 2026-10-04 13:20:10.839+02:00 Kad lookup: RPC error                      topics="kad-dht find" tid=4807406 peer=16U*Yn2Pww msg="dialStage: timed out dialing the peer"
[2026-10-04 13:20:10.842] [out] [delivery_module] DBG 2026-10-04 13:20:10.839+02:00 Lookup query                               topics="kad-dht find" tid=4807406 peer=16U*FMCSLG
[2026-10-04 13:20:10.842] [out] [delivery_module] DBG 2026-10-04 13:20:10.839+02:00 Lookup query                               topics="kad-dht find" tid=4807406 peer=16U*bERhF5
[2026-10-04 13:20:10.842] [out] [delivery_module] DBG 2026-10-04 13:20:10.841+02:00 Trying message delivery via Mix            topics="send service mix processor" tid=4807406 requestId=eae94d37387a23a82fd6 msgHash=0xc3c83ab18a81b8c0f848732a5b68faf90afbeb7f5ee967ed20683869803ff738 tryCount=24
[2026-10-04 13:20:10.842] [out] [delivery_module] DBG 2026-10-04 13:20:10.842+02:00 Publishing message without RLN proof       tid=4807406
[2026-10-04 13:20:10.842] [out] [delivery_module] DBG 2026-10-04 13:20:10.842+02:00 Publishing message with lightpush          topics="waku node lightpush api" tid=4807406 pubsubTopic=/waku/2/rs/3/7 contentTopic=/lp0026forum/1/general/text target_peer_id=16U*NSkuby msg_hash=0xc3c83ab18a81b8c0f848732a5b68faf90afbeb7f5ee967ed20683869803ff738 mixify=true
[2026-10-04 13:20:10.862] [out] [delivery_module] DBG 2026-10-04 13:20:10.844+02:00 Publish                                    topics="waku lightpush client" tid=4807406 myPeerId=16U*Tp1aUr peerId= msgHash=0xc3c83ab18a81b8c0f848732a5b68faf90afbeb7f5ee967ed20683869803ff738 sentTime=1791112810845391104
[2026-10-04 13:20:10.862] [out] [delivery_module] DBG 2026-10-04 13:20:10.845+02:00 Destination data                           tid=4807406 destination=MixDestination[MixNode](16Uiu2HAmTUbnxLGT9JvV6mu9oPyDjqHK4Phs1VDJNUgESgNSkuby)
[2026-10-04 13:20:10.862] [out] [delivery_module] DBG 2026-10-04 13:20:10.845+02:00 Selected mix node:                         tid=4807406 indexInPath=0 peerId=16U*CtL71W
[2026-10-04 13:20:10.862] [out] [delivery_module] DBG 2026-10-04 13:20:10.846+02:00 Selected mix node:                         tid=4807406 indexInPath=1 peerId=16U*kGyuEP
[2026-10-04 13:20:10.862] [out] [delivery_module] DBG 2026-10-04 13:20:10.849+02:00 Selected mix node:                         tid=4807406 indexInPath=2 peerId=16U*NSkuby
[2026-10-04 13:20:10.862] [out] [delivery_module] DBG 2026-10-04 13:20:10.850+02:00 Selected mix node for surbs:               tid=4807406 indexInPath=0 peerId=16U*T3UNSE
[2026-10-04 13:20:10.862] [out] [delivery_module] DBG 2026-10-04 13:20:10.850+02:00 Selected mix node for surbs:               tid=4807406 indexInPath=1 peerId=16U*CtL71W
[2026-10-04 13:20:10.908] [out] [delivery_module] DBG 2026-10-04 13:20:10.908+02:00 Kad lookup: RPC error                      topics="kad-dht find" tid=4807406 peer=16U*FMCSLG msg="dialStage: timed out dialing the peer"
[2026-10-04 13:20:10.908] [out] [delivery_module] DBG 2026-10-04 13:20:10.908+02:00 Kad lookup: RPC error                      topics="kad-dht find" tid=4807406 peer=16U*bERhF5 msg="dialStage: timed out dialing the peer"
[2026-10-04 13:20:11.395] [out] [delivery_module] DBG 2026-10-04 13:20:11.395+02:00 Dialing failed                             topics="libp2p dialer" tid=4807406 description="Timeout exceeded!" peerId=16U*cef9mW address=/ip4/109.41.112.89/tcp/35703 hostname=109.41.112.89
[2026-10-04 13:20:11.395] [out] [delivery_module] DBG 2026-10-04 13:20:11.395+02:00 Dialing failed                             topics="libp2p dialer" tid=4807406 description="Timeout exceeded!" peerId=16U*2pfeoX address=/ip4/192.168.68.53/tcp/27431 hostname=192.168.68.53
[2026-10-04 13:20:11.395] [out] [delivery_module] DBG 2026-10-04 13:20:11.395+02:00 Error dialing                              topics="libp2p dialer" tid=4807406 conn=nil peerId=16U*cef9mW protos="[/logos/service-discovery/1.0.0]" addrs="[/ip4/172.20.10.14/udp/50706/quic-v1, /ip4/172.20.10.14/tcp/63817, /ip4/109.41.112.89/tcp/35703]" description="Unable to establish outgoing link in establishConnection: peer_id=16U*cef9mW addrs=@[/ip4/172.20.10.14/udp/50706/quic-v1, /ip4/172.20.10.14/tcp/63817, /ip4/109.41.112.89/tcp/35703]"
[2026-10-04 13:20:11.396] [out] [delivery_module] DBG 2026-10-04 13:20:11.396+02:00 Error dialing                              topics="libp2p dialer" tid=4807406 conn=nil peerId=16U*2pfeoX protos="[/logos/service-discovery/1.0.0]" addrs="[/ip4/192.168.68.53/udp/16011/quic-v1, /ip4/192.168.68.53/tcp/27431]" description="Unable to establish outgoing link in establishConnection: peer_id=16U*2pfeoX addrs=@[/ip4/192.168.68.53/udp/16011/quic-v1, /ip4/192.168.68.53/tcp/27431]"
[2026-10-04 13:20:11.396] [out] [delivery_module] DBG 2026-10-04 13:20:11.396+02:00 Dialing peer                               topics="libp2p dialer" tid=4807406 peerId=16U*cef9mW addrs="[/ip4/172.20.10.14/udp/50706/quic-v1, /ip4/172.20.10.14/tcp/63817, /ip4/109.41.112.89/tcp/35703]"
[2026-10-04 13:20:11.396] [out] [delivery_module] DBG 2026-10-04 13:20:11.396+02:00 Expanded address and hostname              topics="libp2p dialer" tid=4807406 expandedAddress=/ip4/172.20.10.14/udp/50706/quic-v1 hostname=172.20.10.14 resolvedAddresses="[/ip4/172.20.10.14/udp/50706/quic-v1]"
[2026-10-04 13:20:11.396] [out] [delivery_module] DBG 2026-10-04 13:20:11.396+02:00 New connection established: client         tid=4807406
[2026-10-04 13:20:11.396] [out] [delivery_module] DBG 2026-10-04 13:20:11.396+02:00 Dialing peer                               topics="libp2p dialer" tid=4807406 peerId=16U*2pfeoX addrs="[/ip4/192.168.68.53/udp/16011/quic-v1, /ip4/192.168.68.53/tcp/27431]"
[2026-10-04 13:20:11.396] [out] [delivery_module] DBG 2026-10-04 13:20:11.396+02:00 Expanded address and hostname              topics="libp2p dialer" tid=4807406 expandedAddress=/ip4/192.168.68.53/udp/16011/quic-v1 hostname=192.168.68.53 resolvedAddresses="[/ip4/192.168.68.53/udp/16011/quic-v1]"
[2026-10-04 13:20:11.396] [out] [delivery_module] DBG 2026-10-04 13:20:11.396+02:00 New connection established: client         tid=4807406
[2026-10-04 13:20:11.398] [out] [delivery_module] DBG 2026-10-04 13:20:11.398+02:00 Dialing failed                             topics="libp2p dialer" tid=4807406 description="Timeout exceeded!" peerId=16U*oeaQi3 address=/ip4/109.41.112.89/tcp/43059 hostname=109.41.112.89
[2026-10-04 13:20:11.398] [out] [delivery_module] DBG 2026-10-04 13:20:11.398+02:00 Out of time for the remaining addresses    topics="libp2p dialer" tid=4807406 peerId=16U*oeaQi3 addrs="[/ip4/172.20.10.14/udp/49672/quic-v1, /ip4/109.41.112.89/tcp/43059, /ip4/172.20.10.14/tcp/62348]"
[2026-10-04 13:20:11.398] [out] [delivery_module] DBG 2026-10-04 13:20:11.398+02:00 Error dialing                              topics="libp2p dialer" tid=4807406 conn=nil peerId=16U*oeaQi3 protos="[/logos/service-discovery/1.0.0]" addrs="[/ip4/172.20.10.14/udp/49672/quic-v1, /ip4/109.41.112.89/tcp/43059, /ip4/172.20.10.14/tcp/62348]" description="Unable to establish outgoing link in establishConnection: peer_id=16U*oeaQi3 addrs=@[/ip4/172.20.10.14/udp/49672/quic-v1, /ip4/109.41.112.89/tcp/43059, /ip4/172.20.10.14/tcp/62348]"
[2026-10-04 13:20:11.399] [out] [delivery_module] DBG 2026-10-04 13:20:11.399+02:00 Dialing peer                               topics="libp2p dialer" tid=4807406 peerId=16U*oeaQi3 addrs="[/ip4/172.20.10.14/udp/49672/quic-v1, /ip4/109.41.112.89/tcp/43059, /ip4/172.20.10.14/tcp/62348]"
[2026-10-04 13:20:11.399] [out] [delivery_module] DBG 2026-10-04 13:20:11.399+02:00 Expanded address and hostname              topics="libp2p dialer" tid=4807406 expandedAddress=/ip4/172.20.10.14/udp/49672/quic-v1 hostname=172.20.10.14 resolvedAddresses="[/ip4/172.20.10.14/udp/49672/quic-v1]"
[2026-10-04 13:20:11.399] [out] [delivery_module] DBG 2026-10-04 13:20:11.399+02:00 New connection established: client         tid=4807406
[2026-10-04 13:20:11.399] [out] [delivery_module] DBG 2026-10-04 13:20:11.399+02:00 Dialing failed                             topics="libp2p dialer" tid=4807406 description="Timeout exceeded!" peerId=16U*6M7AnR address=/ip4/109.41.112.89/tcp/37945 hostname=109.41.112.89
[2026-10-04 13:20:11.399] [out] [delivery_module] DBG 2026-10-04 13:20:11.399+02:00 Out of time for the remaining addresses    topics="libp2p dialer" tid=4807406 peerId=16U*6M7AnR addrs="[/ip4/109.41.112.89/tcp/37945, /ip4/109.41.112.89/tcp/46883, /ip4/109.41.112.89/tcp/47111, /ip4/109.41.112.89/tcp/44597, /ip4/109.41.112.89/tcp/38249]"
[2026-10-04 13:20:11.400] [out] [delivery_module] DBG 2026-10-04 13:20:11.400+02:00 Error dialing                              topics="libp2p dialer" tid=4807406 conn=nil peerId=16U*6M7AnR protos="[/logos/service-discovery/1.0.0]" addrs="[/ip4/109.41.112.89/tcp/37945, /ip4/109.41.112.89/tcp/46883, /ip4/109.41.112.89/tcp/47111, /ip4/109.41.112.89/tcp/44597, /ip4/109.41.112.89/tcp/38249]" description="Unable to establish outgoing link in establishConnection: peer_id=16U*6M7AnR addrs=@[/ip4/109.41.112.89/tcp/37945, /ip4/109.41.112.89/tcp/46883, /ip4/109.41.112.89/tcp/47111, /ip4/109.41.112.89/tcp/44597, /ip4/109.41.112.89/tcp/38249]"
[2026-10-04 13:20:11.400] [out] [delivery_module] DBG 2026-10-04 13:20:11.400+02:00 Dialing peer                               topics="libp2p dialer" tid=4807406 peerId=16U*6M7AnR addrs="[/ip4/109.41.112.89/tcp/37945, /ip4/109.41.112.89/tcp/46883, /ip4/109.41.112.89/tcp/47111, /ip4/109.41.112.89/tcp/44597, /ip4/109.41.112.89/tcp/38249]"
[2026-10-04 13:20:11.400] [out] [delivery_module] DBG 2026-10-04 13:20:11.400+02:00 Expanded address and hostname              topics="libp2p dialer" tid=4807406 expandedAddress=/ip4/109.41.112.89/tcp/37945 hostname=109.41.112.89 resolvedAddresses="[/ip4/109.41.112.89/tcp/37945]"
[2026-10-04 13:20:11.402] [out] [delivery_module] DBG 2026-10-04 13:20:11.402+02:00 Dialing failed                             topics="libp2p dialer" tid=4807406 description="Timeout exceeded!" peerId=16U*Yn2Pww address=/ip4/109.41.112.89/tcp/40538 hostname=109.41.112.89
[2026-10-04 13:20:11.403] [out] [delivery_module] DBG 2026-10-04 13:20:11.402+02:00 Out of time for the remaining addresses    topics="libp2p dialer" tid=4807406 peerId=16U*Yn2Pww addrs="[/ip4/109.41.112.89/tcp/40538, /ip4/109.41.112.89/tcp/36677]"
[2026-10-04 13:20:11.403] [out] [delivery_module] DBG 2026-10-04 13:20:11.403+02:00 Error dialing                              topics="libp2p dialer" tid=4807406 conn=nil peerId=16U*Yn2Pww protos="[/logos/service-discovery/1.0.0]" addrs="[/ip4/109.41.112.89/tcp/40538, /ip4/109.41.112.89/tcp/36677]" description="Unable to establish outgoing link in establishConnection: peer_id=16U*Yn2Pww addrs=@[/ip4/109.41.112.89/tcp/40538, /ip4/109.41.112.89/tcp/36677]"
[2026-10-04 13:20:11.403] [out] [delivery_module] DBG 2026-10-04 13:20:11.403+02:00 Dialing peer                               topics="libp2p dialer" tid=4807406 peerId=16U*Yn2Pww addrs="[/ip4/109.41.112.89/tcp/40538, /ip4/109.41.112.89/tcp/36677]"
[2026-10-04 13:20:11.403] [out] [delivery_module] DBG 2026-10-04 13:20:11.403+02:00 Expanded address and hostname              topics="libp2p dialer" tid=4807406 expandedAddress=/ip4/109.41.112.89/tcp/40538 hostname=109.41.112.89 resolvedAddresses="[/ip4/109.41.112.89/tcp/40538]"
[2026-10-04 13:20:11.421] [out] [delivery_module] DBG 2026-10-04 13:20:11.421+02:00 Local table insertion                      tid=4807406 key=key:00250802122102157AA1677F95C8794BE670F909DAEECC00B5280A2A08B4472CDB22FE7795E73D value=key:0A250802122102157AA1677F95C8794BE670F909DAEECC00B5280A2A08B4472CDB22FE7795E73D120203011A480A2700250802122102157AA1677F95C8794BE670F909DAEECC00B5280A2A08B4472CDB22FE7795E73D10E9E6061A0A0A0804AC140A0E06DBFC1A0D0A0B04AC140A0E9102F8BECD032A473045022100BD5FE1B6648AD4905D0263125577E0D3B8280D8A891F4A9AE50ED050292A571F022057D835AD488EB580A06CB58DDE961CC69B7261DF7E3E976AD8629EA267E015D1
[2026-10-04 13:20:11.467] [out] [delivery_module] DBG 2026-10-04 13:20:11.467+02:00 Kad lookup: RPC error                      topics="kad-dht find" tid=4807406 peer=16U*2pfeoX msg="dialStage: timed out dialing the peer"
[2026-10-04 13:20:11.543] [out] [delivery_module] DBG 2026-10-04 13:20:11.542+02:00 Kad lookup: RPC error                      topics="kad-dht find" tid=4807406 peer=16U*cef9mW msg="dialStage: timed out dialing the peer"
[2026-10-04 13:20:11.543] [out] [delivery_module] DBG 2026-10-04 13:20:11.543+02:00 Kad lookup: RPC error                      topics="kad-dht find" tid=4807406 peer=16U*2pfeoX msg="dialStage: timed out dialing the peer"
[2026-10-04 13:20:11.543] [out] [delivery_module] DBG 2026-10-04 13:20:11.543+02:00 Kad lookup: RPC error                      topics="kad-dht find" tid=4807406 peer=16U*EyjWVs msg="dialStage: timed out dialing the peer"
[2026-10-04 13:20:11.543] [out] [delivery_module] DBG 2026-10-04 13:20:11.543+02:00 Lookup query                               topics="kad-dht find" tid=4807406 peer=16U*EyjWVs
[2026-10-04 13:20:11.564] [out] [delivery_module] DBG 2026-10-04 13:20:11.564+02:00 Kad lookup: RPC error                      topics="kad-dht find" tid=4807406 peer=16U*2pfeoX msg="dialStage: timed out dialing the peer"
[2026-10-04 13:20:11.567] [out] [delivery_module] DBG 2026-10-04 13:20:11.567+02:00 Kad lookup: RPC error                      topics="kad-dht find" tid=4807406 peer=16U*EyjWVs msg="dialStage: timed out dialing the peer"
[2026-10-04 13:20:11.567] [out] [delivery_module] DBG 2026-10-04 13:20:11.567+02:00 Kad lookup: RPC error                      topics="kad-dht find" tid=4807406 peer=16U*Yn2Pww msg="dialStage: timed out dialing the peer"
[2026-10-04 13:20:11.567] [out] [delivery_module] DBG 2026-10-04 13:20:11.567+02:00 Kad lookup: RPC error                      topics="kad-dht find" tid=4807406 peer=16U*FMCSLG msg="dialStage: timed out dialing the peer"
[2026-10-04 13:20:11.567] [out] [delivery_module] DBG 2026-10-04 13:20:11.567+02:00 Kad lookup: RPC error                      topics="kad-dht find" tid=4807406 peer=16U*2pfeoX msg="dialStage: timed out dialing the peer"
[2026-10-04 13:20:11.567] [out] [delivery_module] DBG 2026-10-04 13:20:11.567+02:00 Kad lookup: RPC error                      topics="kad-dht find" tid=4807406 peer=16U*cef9mW msg="dialStage: timed out dialing the peer"
[2026-10-04 13:20:11.567] [out] [delivery_module] DBG 2026-10-04 13:20:11.567+02:00 Kad lookup: RPC error                      topics="kad-dht find" tid=4807406 peer=16U*bERhF5 msg="dialStage: timed out dialing the peer"
[2026-10-04 13:20:11.568] [out] [delivery_module] DBG 2026-10-04 13:20:11.568+02:00 Lookup query                               topics="kad-dht find" tid=4807406 peer=16U*FMCSLG
[2026-10-04 13:20:11.568] [out] [delivery_module] DBG 2026-10-04 13:20:11.568+02:00 Lookup query                               topics="kad-dht find" tid=4807406 peer=16U*bERhF5
[2026-10-04 13:20:11.568] [out] [delivery_module] DBG 2026-10-04 13:20:11.568+02:00 Lookup query                               topics="kad-dht find" tid=4807406 peer=16U*EyjWVs
[2026-10-04 13:20:11.568] [out] [delivery_module] DBG 2026-10-04 13:20:11.568+02:00 Lookup query                               topics="kad-dht find" tid=4807406 peer=16U*Yn2Pww
[2026-10-04 13:20:11.646] [out] [delivery_module] DBG 2026-10-04 13:20:11.646+02:00 MixSendProcessor.sendImpl failed           topics="send service mix processor" tid=4807406 error="No peers for topic, skipping publish"
[2026-10-04 13:20:11.659] [out] [delivery_module] DBG 2026-10-04 13:20:11.659+02:00 Kad lookup: RPC error                      topics="kad-dht find" tid=4807406 peer=16U*2pfeoX msg="dialStage: timed out dialing the peer"
[2026-10-04 13:20:11.659] [out] [delivery_module] DBG 2026-10-04 13:20:11.659+02:00 Kad lookup: RPC error                      topics="kad-dht find" tid=4807406 peer=16U*EyjWVs msg="dialStage: timed out dialing the peer"
[2026-10-04 13:20:11.659] [out] [delivery_module] DBG 2026-10-04 13:20:11.659+02:00 Kad lookup: RPC error                      topics="kad-dht find" tid=4807406 peer=16U*cef9mW msg="dialStage: timed out dialing the peer"
[2026-10-04 13:20:11.659] [out] [delivery_module] DBG 2026-10-04 13:20:11.659+02:00 Lookup query                               topics="kad-dht find" tid=4807406 peer=16U*EyjWVs
[2026-10-04 13:20:11.674] [out] [delivery_module] DBG 2026-10-04 13:20:11.674+02:00 New stream created                         tid=4807406
[2026-10-04 13:20:11.676] [out] [delivery_module] DBG 2026-10-04 13:20:11.676+02:00 New stream created                         tid=4807406
[2026-10-04 13:20:11.749] [out] [delivery_module] DBG 2026-10-04 13:20:11.749+02:00 Kad lookup: RPC error                      topics="kad-dht find" tid=4807406 peer=16U*2pfeoX msg="dialStage: timed out dialing the peer"
[2026-10-04 13:20:11.814] [out] [delivery_module] DBG 2026-10-04 13:20:11.814+02:00 Kad lookup: RPC error                      topics="kad-dht find" tid=4807406 peer=16U*2pfeoX msg="dialStage: timed out dialing the peer"
[2026-10-04 13:20:11.875] [out] [delivery_module] DBG 2026-10-04 13:20:11.875+02:00 Kad lookup: RPC error                      topics="kad-dht find" tid=4807406 peer=16U*Yn2Pww msg="dialStage: timed out dialing the peer"
[2026-10-04 13:20:11.875] [out] [delivery_module] DBG 2026-10-04 13:20:11.875+02:00 Kad lookup: RPC error                      topics="kad-dht find" tid=4807406 peer=16U*cef9mW msg="dialStage: timed out dialing the peer"
[2026-10-04 13:20:11.875] [out] [delivery_module] DBG 2026-10-04 13:20:11.875+02:00 Kad lookup: RPC error                      topics="kad-dht find" tid=4807406 peer=16U*2pfeoX msg="dialStage: timed out dialing the peer"
[2026-10-04 13:20:11.875] [out] [delivery_module] DBG 2026-10-04 13:20:11.875+02:00 Kad lookup: RPC error                      topics="kad-dht find" tid=4807406 peer=16U*bERhF5 msg="dialStage: timed out dialing the peer"
[2026-10-04 13:20:11.875] [out] [delivery_module] DBG 2026-10-04 13:20:11.875+02:00 Kad lookup: RPC error                      topics="kad-dht find" tid=4807406 peer=16U*FMCSLG msg="dialStage: timed out dialing the peer"
[2026-10-04 13:20:11.875] [out] [delivery_module] DBG 2026-10-04 13:20:11.875+02:00 Kad lookup: RPC error                      topics="kad-dht find" tid=4807406 peer=16U*EyjWVs msg="dialStage: timed out dialing the peer"
[2026-10-04 13:20:11.876] [out] [delivery_module] DBG 2026-10-04 13:20:11.876+02:00 Lookup query                               topics="kad-dht find" tid=4807406 peer=16U*Yn2Pww
[2026-10-04 13:20:11.876] [out] [delivery_module] DBG 2026-10-04 13:20:11.876+02:00 Lookup query                               topics="kad-dht find" tid=4807406 peer=16U*FMCSLG
[2026-10-04 13:20:11.876] [out] [delivery_module] DBG 2026-10-04 13:20:11.876+02:00 Lookup query                               topics="kad-dht find" tid=4807406 peer=16U*bERhF5
[2026-10-04 13:20:11.876] [out] [delivery_module] DBG 2026-10-04 13:20:11.876+02:00 Lookup query                               topics="kad-dht find" tid=4807406 peer=16U*EyjWVs
[2026-10-04 13:20:11.948] [out] [delivery_module] DBG 2026-10-04 13:20:11.948+02:00 Kad lookup: RPC error                      topics="kad-dht find" tid=4807406 peer=16U*2pfeoX msg="dialStage: timed out dialing the peer"
[2026-10-04 13:20:11.948] [out] [delivery_module] DBG 2026-10-04 13:20:11.948+02:00 Service table bootstrap complete           topics="service-discovery" tid=4807406 serviceId=key:913B5C5DBE691438693215140388EC0C7DE80DE328BDE5BD7FC06F90568CEA40
[2026-10-04 13:20:12.647] [out] [delivery_module] DBG 2026-10-04 13:20:12.647+02:00 Trying message delivery via Mix            topics="send service mix processor" tid=4807406 requestId=eae94d37387a23a82fd6 msgHash=0xc3c83ab18a81b8c0f848732a5b68faf90afbeb7f5ee967ed20683869803ff738 tryCount=25
[2026-10-04 13:20:12.647] [out] [delivery_module] DBG 2026-10-04 13:20:12.647+02:00 Publishing message without RLN proof       tid=4807406
[2026-10-04 13:20:12.647] [out] [delivery_module] DBG 2026-10-04 13:20:12.647+02:00 Publishing message with lightpush          topics="waku node lightpush api" tid=4807406 pubsubTopic=/waku/2/rs/3/7 contentTopic=/lp0026forum/1/general/text target_peer_id=16U*VpJprH msg_hash=0xc3c83ab18a81b8c0f848732a5b68faf90afbeb7f5ee967ed20683869803ff738 mixify=true
[2026-10-04 13:20:12.647] [out] [delivery_module] DBG 2026-10-04 13:20:12.647+02:00 Publish                                    topics="waku lightpush client" tid=4807406 myPeerId=16U*Tp1aUr peerId= msgHash=0xc3c83ab18a81b8c0f848732a5b68faf90afbeb7f5ee967ed20683869803ff738 sentTime=1791112812647557120
[2026-10-04 13:20:12.647] [out] [delivery_module] DBG 2026-10-04 13:20:12.647+02:00 Destination data                           tid=4807406 destination=MixDestination[MixNode](16Uiu2HAmMK7PYygBtKUQ8EHp7EfaD3bCEsJrkFooK8RQ2PVpJprH)
[2026-10-04 13:20:12.647] [out] [delivery_module] DBG 2026-10-04 13:20:12.647+02:00 Selected mix node:                         tid=4807406 indexInPath=0 peerId=16U*kGyuEP
[2026-10-04 13:20:12.647] [out] [delivery_module] DBG 2026-10-04 13:20:12.647+02:00 Selected mix node:                         tid=4807406 indexInPath=1 peerId=16U*T3UNSE
[2026-10-04 13:20:12.647] [out] [delivery_module] DBG 2026-10-04 13:20:12.647+02:00 Selected mix node:                         tid=4807406 indexInPath=2 peerId=16U*VpJprH
[2026-10-04 13:20:12.647] [out] [delivery_module] DBG 2026-10-04 13:20:12.647+02:00 Selected mix node for surbs:               tid=4807406 indexInPath=0 peerId=16U*kGyuEP
[2026-10-04 13:20:12.647] [out] [delivery_module] DBG 2026-10-04 13:20:12.647+02:00 Selected mix node for surbs:               tid=4807406 indexInPath=1 peerId=16U*CtL71W
[2026-10-04 13:20:13.147] [out] [delivery_module] DBG 2026-10-04 13:20:13.147+02:00 Dialing failed                             topics="libp2p dialer" tid=4807406 description="Timeout exceeded!" peerId=16U*EyjWVs address=/ip4/109.41.112.89/tcp/48444 hostname=109.41.112.89
[2026-10-04 13:20:13.147] [out] [delivery_module] DBG 2026-10-04 13:20:13.147+02:00 Out of time for the remaining addresses    topics="libp2p dialer" tid=4807406 peerId=16U*EyjWVs addrs="[/ip4/172.20.10.14/udp/60294/quic-v1, /ip4/109.41.112.89/tcp/48444, /ip4/172.20.10.14/tcp/53422, /ip4/109.41.112.89/tcp/36473, /ip4/109.41.112.89/tcp/41820]"
[2026-10-04 13:20:13.147] [out] [delivery_module] DBG 2026-10-04 13:20:13.147+02:00 Error dialing                              topics="libp2p dialer" tid=4807406 conn=nil peerId=16U*EyjWVs protos="[/logos/service-discovery/1.0.0]" addrs="[/ip4/172.20.10.14/udp/60294/quic-v1, /ip4/109.41.112.89/tcp/48444, /ip4/172.20.10.14/tcp/53422, /ip4/109.41.112.89/tcp/36473, /ip4/109.41.112.89/tcp/41820]" description="Unable to establish outgoing link in establishConnection: peer_id=16U*EyjWVs addrs=@[/ip4/172.20.10.14/udp/60294/quic-v1, /ip4/109.41.112.89/tcp/48444, /ip4/172.20.10.14/tcp/53422, /ip4/109.41.112.89/tcp/36473, /ip4/109.41.112.89/tcp/41820]"
[2026-10-04 13:20:13.147] [out] [delivery_module] DBG 2026-10-04 13:20:13.147+02:00 Dialing peer                               topics="libp2p dialer" tid=4807406 peerId=16U*EyjWVs addrs="[/ip4/172.20.10.14/udp/60294/quic-v1, /ip4/109.41.112.89/tcp/48444, /ip4/172.20.10.14/tcp/53422, /ip4/109.41.112.89/tcp/36473, /ip4/109.41.112.89/tcp/41820]"
[2026-10-04 13:20:13.147] [out] [delivery_module] DBG 2026-10-04 13:20:13.147+02:00 Expanded address and hostname              topics="libp2p dialer" tid=4807406 expandedAddress=/ip4/172.20.10.14/udp/60294/quic-v1 hostname=172.20.10.14 resolvedAddresses="[/ip4/172.20.10.14/udp/60294/quic-v1]"
[2026-10-04 13:20:13.147] [out] [delivery_module] DBG 2026-10-04 13:20:13.147+02:00 New connection established: client         tid=4807406
[2026-10-04 13:20:13.148] [out] [delivery_module] DBG 2026-10-04 13:20:13.147+02:00 Dialing failed                             topics="libp2p dialer" tid=4807406 description="Timeout exceeded!" peerId=16U*FMCSLG address=/ip4/109.41.112.89/tcp/40248 hostname=109.41.112.89
[2026-10-04 13:20:13.148] [out] [delivery_module] DBG 2026-10-04 13:20:13.148+02:00 Out of time for the remaining addresses    topics="libp2p dialer" tid=4807406 peerId=16U*FMCSLG addrs="[/ip4/109.41.112.89/tcp/40248, /ip4/109.41.112.89/tcp/39428, /ip4/109.41.112.89/tcp/47641, /ip4/109.41.112.89/tcp/42623, /ip4/109.41.112.89/tcp/41583, /ip4/109.41.112.89/tcp/38916]"
[2026-10-04 13:20:13.148] [out] [delivery_module] DBG 2026-10-04 13:20:13.148+02:00 Error dialing                              topics="libp2p dialer" tid=4807406 conn=nil peerId=16U*FMCSLG protos="[/logos/service-discovery/1.0.0]" addrs="[/ip4/109.41.112.89/tcp/40248, /ip4/109.41.112.89/tcp/39428, /ip4/109.41.112.89/tcp/47641, /ip4/109.41.112.89/tcp/42623, /ip4/109.41.112.89/tcp/41583, /ip4/109.41.112.89/tcp/38916]" description="Unable to establish outgoing link in establishConnection: peer_id=16U*FMCSLG addrs=@[/ip4/109.41.112.89/tcp/40248, /ip4/109.41.112.89/tcp/39428, /ip4/109.41.112.89/tcp/47641, /ip4/109.41.112.89/tcp/42623, /ip4/109.41.112.89/tcp/41583, /ip4/109.41.112.89/tcp/38916]"
[2026-10-04 13:20:13.148] [out] [delivery_module] DBG 2026-10-04 13:20:13.148+02:00 Dialing peer                               topics="libp2p dialer" tid=4807406 peerId=16U*FMCSLG addrs="[/ip4/109.41.112.89/tcp/40248, /ip4/109.41.112.89/tcp/39428, /ip4/109.41.112.89/tcp/47641, /ip4/109.41.112.89/tcp/42623, /ip4/109.41.112.89/tcp/41583, /ip4/109.41.112.89/tcp/38916]"
[2026-10-04 13:20:13.148] [out] [delivery_module] DBG 2026-10-04 13:20:13.148+02:00 Expanded address and hostname              topics="libp2p dialer" tid=4807406 expandedAddress=/ip4/109.41.112.89/tcp/40248 hostname=109.41.112.89 resolvedAddresses="[/ip4/109.41.112.89/tcp/40248]"
[2026-10-04 13:20:13.149] [out] [delivery_module] DBG 2026-10-04 13:20:13.149+02:00 Dialing failed                             topics="libp2p dialer" tid=4807406 description="Timeout exceeded!" peerId=16U*bERhF5 address=/ip4/109.41.112.89/tcp/48180 hostname=109.41.112.89
[2026-10-04 13:20:13.149] [out] [delivery_module] DBG 2026-10-04 13:20:13.149+02:00 Out of time for the remaining addresses    topics="libp2p dialer" tid=4807406 peerId=16U*bERhF5 addrs="[/ip4/109.41.112.89/tcp/48180, /ip4/109.41.112.89/tcp/48653, /ip4/109.41.112.89/tcp/42529, /ip4/109.41.112.89/tcp/38712, /ip4/109.41.112.89/tcp/42001, /ip4/109.41.112.89/tcp/48948]"
[2026-10-04 13:20:13.149] [out] [delivery_module] DBG 2026-10-04 13:20:13.149+02:00 Error dialing                              topics="libp2p dialer" tid=4807406 conn=nil peerId=16U*bERhF5 protos="[/logos/service-discovery/1.0.0]" addrs="[/ip4/109.41.112.89/tcp/48180, /ip4/109.41.112.89/tcp/48653, /ip4/109.41.112.89/tcp/42529, /ip4/109.41.112.89/tcp/38712, /ip4/109.41.112.89/tcp/42001, /ip4/109.41.112.89/tcp/48948]" description="Unable to establish outgoing link in establishConnection: peer_id=16U*bERhF5 addrs=@[/ip4/109.41.112.89/tcp/48180, /ip4/109.41.112.89/tcp/48653, /ip4/109.41.112.89/tcp/42529, /ip4/109.41.112.89/tcp/38712, /ip4/109.41.112.89/tcp/42001, /ip4/109.41.112.89/tcp/48948]"
[2026-10-04 13:20:13.150] [out] [delivery_module] DBG 2026-10-04 13:20:13.150+02:00 Dialing peer                               topics="libp2p dialer" tid=4807406 peerId=16U*bERhF5 addrs="[/ip4/109.41.112.89/tcp/48180, /ip4/109.41.112.89/tcp/48653, /ip4/109.41.112.89/tcp/42529, /ip4/109.41.112.89/tcp/38712, /ip4/109.41.112.89/tcp/42001, /ip4/109.41.112.89/tcp/48948]"
[2026-10-04 13:20:13.150] [out] [delivery_module] DBG 2026-10-04 13:20:13.150+02:00 Expanded address and hostname              topics="libp2p dialer" tid=4807406 expandedAddress=/ip4/109.41.112.89/tcp/48180 hostname=109.41.112.89 resolvedAddresses="[/ip4/109.41.112.89/tcp/48180]"
[2026-10-04 13:20:13.414] [out] [delivery_module] DBG 2026-10-04 13:20:13.413+02:00 dialMe answer is not reachable             topics="libp2p autonatservice" tid=4807406 description="Peer could not dial us back: Dial timeout" peerId=16Uiu2HAmMK7PYygBtKUQ8EHp7EfaD3bCEsJrkFooK8RQ2PVpJprH
[2026-10-04 13:20:13.418] [out] [delivery_module] DBG 2026-10-04 13:20:13.413+02:00 Current status                             topics="libp2p autonatservice" tid=4807406 currentStats=Unknown confidence=none() answers=[NotReachable, Reachable, NotReachable]
[2026-10-04 13:20:13.885] [out] [delivery_module] DBG 2026-10-04 13:20:13.885+02:00 MixSendProcessor.sendImpl failed           topics="send service mix processor" tid=4807406 error="No peers for topic, skipping publish"
[2026-10-04 13:20:13.886] [out] [delivery_module] ERR 2026-10-04 13:20:13.886+02:00 Failed to send message                     topics="send service" tid=4807406 requestId=eae94d37387a23a82fd6 msgHash=withheld error="Unable to send within retry time window" age=1m2s109ms958us166ns
[2026-10-04 13:20:14.398] [out] [delivery_module] DBG 2026-10-04 13:20:14.398+02:00 Dialing failed                             topics="libp2p dialer" tid=4807406 description="quic dial timed out after 3s" peerId=16U*cef9mW address=/ip4/172.20.10.14/udp/50706/quic-v1 hostname=172.20.10.14
[2026-10-04 13:20:14.398] [out] [delivery_module] DBG 2026-10-04 13:20:14.398+02:00 Dialing failed                             topics="libp2p dialer" tid=4807406 description="quic dial timed out after 3s" peerId=16U*2pfeoX address=/ip4/192.168.68.53/udp/16011/quic-v1 hostname=192.168.68.53
[2026-10-04 13:20:14.398] [out] [delivery_module] DBG 2026-10-04 13:20:14.398+02:00 Expanded address and hostname              topics="libp2p dialer" tid=4807406 expandedAddress=/ip4/172.20.10.14/tcp/63817 hostname=172.20.10.14 resolvedAddresses="[/ip4/172.20.10.14/tcp/63817]"
[2026-10-04 13:20:14.398] [out] [delivery_module] DBG 2026-10-04 13:20:14.398+02:00 Expanded address and hostname              topics="libp2p dialer" tid=4807406 expandedAddress=/ip4/192.168.68.53/tcp/27431 hostname=192.168.68.53 resolvedAddresses="[/ip4/192.168.68.53/tcp/27431]"
[2026-10-04 13:20:14.398] [out] [delivery_module] DBG 2026-10-04 13:20:14.398+02:00 Dialing failed                             topics="libp2p dialer" tid=4807406 description="TcpTransport dial error: (61) Connection refused" peerId=16U*cef9mW address=/ip4/172.20.10.14/tcp/63817 hostname=172.20.10.14
[2026-10-04 13:20:14.399] [out] [delivery_module] DBG 2026-10-04 13:20:14.398+02:00 Expanded address and hostname              topics="libp2p dialer" tid=4807406 expandedAddress=/ip4/109.41.112.89/tcp/35703 hostname=109.41.112.89 resolvedAddresses="[/ip4/109.41.112.89/tcp/35703]"
[2026-10-04 13:20:14.400] [out] [delivery_module] DBG 2026-10-04 13:20:14.400+02:00 Dialing failed                             topics="libp2p dialer" tid=4807406 description="quic dial timed out after 3s" peerId=16U*oeaQi3 address=/ip4/172.20.10.14/udp/49672/quic-v1 hostname=172.20.10.14
[2026-10-04 13:20:14.400] [out] [delivery_module] DBG 2026-10-04 13:20:14.400+02:00 Expanded address and hostname              topics="libp2p dialer" tid=4807406 expandedAddress=/ip4/109.41.112.89/tcp/43059 hostname=109.41.112.89 resolvedAddresses="[/ip4/109.41.112.89/tcp/43059]"
[2026-10-04 13:20:15.416] [out] [delivery_module] WRN 2026-10-04 13:20:15.416+02:00 NAT port mapping failed                    topics="libp2p natservice" tid=4807406 port=56317 proto=mpTcp err="plum: mapping 0 failed"
[2026-10-04 13:20:15.450] [out] [delivery_module] DBG 2026-10-04 13:20:15.450+02:00 New stream created                         tid=4807406
[2026-10-04 13:20:15.778] [out] [delivery_module] DBG 2026-10-04 13:20:15.778+02:00 Lookup query                               topics="kad-dht find" tid=4807406 peer=16U*oeaQi3
[2026-10-04 13:20:15.778] [out] [delivery_module] DBG 2026-10-04 13:20:15.778+02:00 Lookup query                               topics="kad-dht find" tid=4807406 peer=16U*6M7AnR
[2026-10-04 13:20:15.778] [out] [delivery_module] DBG 2026-10-04 13:20:15.778+02:00 Kad lookup: RPC error                      topics="kad-dht find" tid=4807406 peer=16U*oeaQi3 msg="dialStage: timed out dialing the peer"
[2026-10-04 13:20:15.778] [out] [delivery_module] DBG 2026-10-04 13:20:15.778+02:00 Kad lookup: RPC error                      topics="kad-dht find" tid=4807406 peer=16U*6M7AnR msg="dialStage: timed out dialing the peer"
[2026-10-04 13:20:15.808] [out] [delivery_module] DBG 2026-10-04 13:20:15.808+02:00 Lookup query                               topics="kad-dht find" tid=4807406 peer=16U*Yn2Pww
[2026-10-04 13:20:15.808] [out] [delivery_module] DBG 2026-10-04 13:20:15.808+02:00 Lookup query                               topics="kad-dht find" tid=4807406 peer=16U*EyjWVs
[2026-10-04 13:20:15.808] [out] [delivery_module] DBG 2026-10-04 13:20:15.808+02:00 Kad lookup: RPC error                      topics="kad-dht find" tid=4807406 peer=16U*Yn2Pww msg="dialStage: timed out dialing the peer"
[2026-10-04 13:20:15.808] [out] [delivery_module] DBG 2026-10-04 13:20:15.808+02:00 Kad lookup: RPC error                      topics="kad-dht find" tid=4807406 peer=16U*EyjWVs msg="dialStage: timed out dialing the peer"
[2026-10-04 13:20:15.841] [out] [delivery_module] DBG 2026-10-04 13:20:15.841+02:00 Lookup query                               topics="kad-dht find" tid=4807406 peer=16U*FMCSLG
[2026-10-04 13:20:15.841] [out] [delivery_module] DBG 2026-10-04 13:20:15.841+02:00 Lookup query                               topics="kad-dht find" tid=4807406 peer=16U*bERhF5
[2026-10-04 13:20:15.841] [out] [delivery_module] DBG 2026-10-04 13:20:15.841+02:00 Kad lookup: RPC error                      topics="kad-dht find" tid=4807406 peer=16U*bERhF5 msg="dialStage: timed out dialing the peer"
[2026-10-04 13:20:15.841] [out] [delivery_module] DBG 2026-10-04 13:20:15.841+02:00 Kad lookup: RPC error                      topics="kad-dht find" tid=4807406 peer=16U*FMCSLG msg="dialStage: timed out dialing the peer"
[2026-10-04 13:20:15.947] [out] [delivery_module] DBG 2026-10-04 13:20:15.947+02:00 Creating stream                            tid=4807406
[2026-10-04 13:20:15.947] [out] [delivery_module] DBG 2026-10-04 13:20:15.947+02:00 New stream created                         tid=4807406
[2026-10-04 13:20:16.149] [out] [delivery_module] DBG 2026-10-04 13:20:16.149+02:00 Dialing failed                             topics="libp2p dialer" tid=4807406 description="quic dial timed out after 3s" peerId=16U*EyjWVs address=/ip4/172.20.10.14/udp/60294/quic-v1 hostname=172.20.10.14
[2026-10-04 13:20:16.149] [out] [delivery_module] DBG 2026-10-04 13:20:16.149+02:00 Expanded address and hostname              topics="libp2p dialer" tid=4807406 expandedAddress=/ip4/109.41.112.89/tcp/48444 hostname=109.41.112.89 resolvedAddresses="[/ip4/109.41.112.89/tcp/48444]"
[2026-10-04 13:20:16.545] [out] [delivery_module] DBG 2026-10-04 13:20:16.545+02:00 Lookup query                               topics="kad-dht find" tid=4807406 peer=16U*EyjWVs
[2026-10-04 13:20:16.545] [out] [delivery_module] DBG 2026-10-04 13:20:16.545+02:00 Kad lookup: RPC error                      topics="kad-dht find" tid=4807406 peer=16U*EyjWVs msg="dialStage: timed out dialing the peer"
[2026-10-04 13:20:16.570] [out] [delivery_module] DBG 2026-10-04 13:20:16.570+02:00 Lookup query                               topics="kad-dht find" tid=4807406 peer=16U*FMCSLG
[2026-10-04 13:20:16.570] [out] [delivery_module] DBG 2026-10-04 13:20:16.570+02:00 Lookup query                               topics="kad-dht find" tid=4807406 peer=16U*bERhF5
[2026-10-04 13:20:16.570] [out] [delivery_module] DBG 2026-10-04 13:20:16.570+02:00 Lookup query                               topics="kad-dht find" tid=4807406 peer=16U*EyjWVs
[2026-10-04 13:20:16.570] [out] [delivery_module] DBG 2026-10-04 13:20:16.570+02:00 Lookup query                               topics="kad-dht find" tid=4807406 peer=16U*Yn2Pww
[2026-10-04 13:20:16.570] [out] [delivery_module] DBG 2026-10-04 13:20:16.570+02:00 Kad lookup: RPC error                      topics="kad-dht find" tid=4807406 peer=16U*FMCSLG msg="dialStage: timed out dialing the peer"
[2026-10-04 13:20:16.570] [out] [delivery_module] DBG 2026-10-04 13:20:16.570+02:00 Kad lookup: RPC error                      topics="kad-dht find" tid=4807406 peer=16U*Yn2Pww msg="dialStage: timed out dialing the peer"
[2026-10-04 13:20:16.570] [out] [delivery_module] DBG 2026-10-04 13:20:16.570+02:00 Kad lookup: RPC error                      topics="kad-dht find" tid=4807406 peer=16U*bERhF5 msg="dialStage: timed out dialing the peer"
[2026-10-04 13:20:16.570] [out] [delivery_module] DBG 2026-10-04 13:20:16.570+02:00 Kad lookup: RPC error                      topics="kad-dht find" tid=4807406 peer=16U*EyjWVs msg="dialStage: timed out dialing the peer"
[2026-10-04 13:20:16.661] [out] [delivery_module] DBG 2026-10-04 13:20:16.661+02:00 Lookup query                               topics="kad-dht find" tid=4807406 peer=16U*EyjWVs
[2026-10-04 13:20:16.662] [out] [delivery_module] DBG 2026-10-04 13:20:16.661+02:00 Kad lookup: RPC error                      topics="kad-dht find" tid=4807406 peer=16U*EyjWVs msg="dialStage: timed out dialing the peer"
[2026-10-04 13:20:16.877] [out] [delivery_module] DBG 2026-10-04 13:20:16.877+02:00 Lookup query                               topics="kad-dht find" tid=4807406 peer=16U*Yn2Pww
[2026-10-04 13:20:16.877] [out] [delivery_module] DBG 2026-10-04 13:20:16.877+02:00 Lookup query                               topics="kad-dht find" tid=4807406 peer=16U*FMCSLG
[2026-10-04 13:20:16.877] [out] [delivery_module] DBG 2026-10-04 13:20:16.877+02:00 Lookup query                               topics="kad-dht find" tid=4807406 peer=16U*bERhF5
[2026-10-04 13:20:16.877] [out] [delivery_module] DBG 2026-10-04 13:20:16.877+02:00 Lookup query                               topics="kad-dht find" tid=4807406 peer=16U*EyjWVs
[2026-10-04 13:20:16.878] [out] [delivery_module] DBG 2026-10-04 13:20:16.878+02:00 Kad lookup: RPC error                      topics="kad-dht find" tid=4807406 peer=16U*Yn2Pww msg="dialStage: timed out dialing the peer"
[2026-10-04 13:20:16.878] [out] [delivery_module] DBG 2026-10-04 13:20:16.878+02:00 Kad lookup: RPC error                      topics="kad-dht find" tid=4807406 peer=16U*FMCSLG msg="dialStage: timed out dialing the peer"
[2026-10-04 13:20:16.878] [out] [delivery_module] DBG 2026-10-04 13:20:16.878+02:00 Kad lookup: RPC error                      topics="kad-dht find" tid=4807406 peer=16U*bERhF5 msg="dialStage: timed out dialing the peer"
[2026-10-04 13:20:16.878] [out] [delivery_module] DBG 2026-10-04 13:20:16.878+02:00 Kad lookup: RPC error                      topics="kad-dht find" tid=4807406 peer=16U*EyjWVs msg="dialStage: timed out dialing the peer"
[2026-10-04 13:20:17.419] [out] [delivery_module] WRN 2026-10-04 13:20:17.419+02:00 NAT port mapping failed                    topics="libp2p natservice" tid=4807406 port=58501 proto=mpUdp err="plum: mapping 0 failed"
[2026-10-04 13:20:17.419] [out] [delivery_module] DBG 2026-10-04 13:20:17.419+02:00 Missed heartbeat                           topics="libp2p autonatservice" tid=4807406 heartbeat="Scheduling AutonatService run" delay=11s966ms193us250ns hinterval=30s
[2026-10-04 13:20:20.780] [out] [delivery_module] DBG 2026-10-04 13:20:20.780+02:00 Lookup query                               topics="kad-dht find" tid=4807406 peer=16U*oeaQi3
[2026-10-04 13:20:20.780] [out] [delivery_module] DBG 2026-10-04 13:20:20.780+02:00 Lookup query                               topics="kad-dht find" tid=4807406 peer=16U*6M7AnR
[2026-10-04 13:20:20.780] [out] [delivery_module] DBG 2026-10-04 13:20:20.780+02:00 Kad lookup: RPC error                      topics="kad-dht find" tid=4807406 peer=16U*oeaQi3 msg="dialStage: timed out dialing the peer"
[2026-10-04 13:20:20.780] [out] [delivery_module] DBG 2026-10-04 13:20:20.780+02:00 Kad lookup: RPC error                      topics="kad-dht find" tid=4807406 peer=16U*6M7AnR msg="dialStage: timed out dialing the peer"
[2026-10-04 13:20:20.810] [out] [delivery_module] DBG 2026-10-04 13:20:20.810+02:00 Lookup query                               topics="kad-dht find" tid=4807406 peer=16U*Yn2Pww
[2026-10-04 13:20:20.810] [out] [delivery_module] DBG 2026-10-04 13:20:20.810+02:00 Lookup query                               topics="kad-dht find" tid=4807406 peer=16U*EyjWVs
[2026-10-04 13:20:20.810] [out] [delivery_module] DBG 2026-10-04 13:20:20.810+02:00 Kad lookup: RPC error                      topics="kad-dht find" tid=4807406 peer=16U*Yn2Pww msg="dialStage: timed out dialing the peer"
[2026-10-04 13:20:20.810] [out] [delivery_module] DBG 2026-10-04 13:20:20.810+02:00 Kad lookup: RPC error                      topics="kad-dht find" tid=4807406 peer=16U*EyjWVs msg="dialStage: timed out dialing the peer"
[2026-10-04 13:20:20.843] [out] [delivery_module] DBG 2026-10-04 13:20:20.843+02:00 Lookup query                               topics="kad-dht find" tid=4807406 peer=16U*FMCSLG
[2026-10-04 13:20:20.843] [out] [delivery_module] DBG 2026-10-04 13:20:20.843+02:00 Lookup query                               topics="kad-dht find" tid=4807406 peer=16U*bERhF5
[2026-10-04 13:20:20.844] [out] [delivery_module] DBG 2026-10-04 13:20:20.844+02:00 Kad lookup: RPC error                      topics="kad-dht find" tid=4807406 peer=16U*bERhF5 msg="dialStage: timed out dialing the peer"
[2026-10-04 13:20:20.844] [out] [delivery_module] DBG 2026-10-04 13:20:20.844+02:00 Kad lookup: RPC error                      topics="kad-dht find" tid=4807406 peer=16U*FMCSLG msg="dialStage: timed out dialing the peer"
[2026-10-04 13:20:20.887] [out] [delivery_module] DBG 2026-10-04 13:20:20.887+02:00 New stream created                         tid=4807406
[2026-10-04 13:20:20.888] [out] [delivery_module] DBG 2026-10-04 13:20:20.888+02:00 New stream created                         tid=4807406
[2026-10-04 13:20:21.547] [out] [delivery_module] DBG 2026-10-04 13:20:21.547+02:00 Lookup query                               topics="kad-dht find" tid=4807406 peer=16U*EyjWVs
[2026-10-04 13:20:21.548] [out] [delivery_module] DBG 2026-10-04 13:20:21.548+02:00 Kad lookup: RPC error                      topics="kad-dht find" tid=4807406 peer=16U*EyjWVs msg="dialStage: timed out dialing the peer"
[2026-10-04 13:20:21.550] [out] [delivery_module] DBG 2026-10-04 13:20:21.550+02:00 getting adverts                            topics="service-disco discoverer" tid=4807406 serviceId=key:913B5C5DBE691438693215140388EC0C7DE80DE328BDE5BD7FC06F90568CEA40 registrar=16U*NSkuby
[2026-10-04 13:20:21.550] [out] [delivery_module] DBG 2026-10-04 13:20:21.550+02:00 getting adverts                            topics="service-disco discoverer" tid=4807406 serviceId=key:913B5C5DBE691438693215140388EC0C7DE80DE328BDE5BD7FC06F90568CEA40 registrar=16U*TwqBiH
[2026-10-04 13:20:21.551] [out] [delivery_module] DBG 2026-10-04 13:20:21.550+02:00 getting adverts                            topics="service-disco discoverer" tid=4807406 serviceId=key:913B5C5DBE691438693215140388EC0C7DE80DE328BDE5BD7FC06F90568CEA40 registrar=16U*CtL71W
[2026-10-04 13:20:21.551] [out] [delivery_module] DBG 2026-10-04 13:20:21.551+02:00 Creating stream                            tid=4807406
[2026-10-04 13:20:21.551] [out] [delivery_module] DBG 2026-10-04 13:20:21.551+02:00 New stream created                         tid=4807406
[2026-10-04 13:20:21.551] [out] [delivery_module] DBG 2026-10-04 13:20:21.551+02:00 getting adverts                            topics="service-disco discoverer" tid=4807406 serviceId=key:913B5C5DBE691438693215140388EC0C7DE80DE328BDE5BD7FC06F90568CEA40 registrar=16U*Tp1aUr
[2026-10-04 13:20:21.551] [out] [delivery_module] DBG 2026-10-04 13:20:21.551+02:00 Cannot insert self in routing table        topics="kad-dht rtable" tid=4807406 nodeId=key:00250802122102B693FDB98739C8AF42B3C1F5D20EA77B5EB79688E93F98AC6E74D1D393961EE3
[2026-10-04 13:20:21.551] [out] [delivery_module] DBG 2026-10-04 13:20:21.551+02:00 adverts found                              topics="service-disco discoverer" tid=4807406 serviceId=key:913B5C5DBE691438693215140388EC0C7DE80DE328BDE5BD7FC06F90568CEA40 remote=16U*Tp1aUr count=0
[2026-10-04 13:20:21.551] [out] [delivery_module] DBG 2026-10-04 13:20:21.551+02:00 getting adverts                            topics="service-disco discoverer" tid=4807406 serviceId=key:E6738033B5D413D13CF58622CEB4EF8F392E8D4EB073B56A5486CB0431B2F5D8 registrar=16U*CtL71W
[2026-10-04 13:20:21.551] [out] [delivery_module] DBG 2026-10-04 13:20:21.551+02:00 Creating stream                            tid=4807406
[2026-10-04 13:20:21.552] [out] [delivery_module] DBG 2026-10-04 13:20:21.551+02:00 New stream created                         tid=4807406
[2026-10-04 13:20:21.552] [out] [delivery_module] DBG 2026-10-04 13:20:21.552+02:00 getting adverts                            topics="service-disco discoverer" tid=4807406 serviceId=key:E6738033B5D413D13CF58622CEB4EF8F392E8D4EB073B56A5486CB0431B2F5D8 registrar=16U*NSkuby
[2026-10-04 13:20:21.552] [out] [delivery_module] DBG 2026-10-04 13:20:21.552+02:00 getting adverts                            topics="service-disco discoverer" tid=4807406 serviceId=key:E6738033B5D413D13CF58622CEB4EF8F392E8D4EB073B56A5486CB0431B2F5D8 registrar=16U*TwqBiH
[2026-10-04 13:20:21.552] [out] [delivery_module] DBG 2026-10-04 13:20:21.552+02:00 getting adverts                            topics="service-disco discoverer" tid=4807406 serviceId=key:E6738033B5D413D13CF58622CEB4EF8F392E8D4EB073B56A5486CB0431B2F5D8 registrar=16U*oN8hgK
[2026-10-04 13:20:21.552] [out] [delivery_module] DBG 2026-10-04 13:20:21.552+02:00 getting adverts                            topics="service-disco discoverer" tid=4807406 serviceId=key:E6738033B5D413D13CF58622CEB4EF8F392E8D4EB073B56A5486CB0431B2F5D8 registrar=16U*Tp1aUr
[2026-10-04 13:20:21.552] [out] [delivery_module] DBG 2026-10-04 13:20:21.552+02:00 Cannot insert self in routing table        topics="kad-dht rtable" tid=4807406 nodeId=key:00250802122102B693FDB98739C8AF42B3C1F5D20EA77B5EB79688E93F98AC6E74D1D393961EE3
[2026-10-04 13:20:21.552] [out] [delivery_module] DBG 2026-10-04 13:20:21.552+02:00 adverts found                              topics="service-disco discoverer" tid=4807406 serviceId=key:E6738033B5D413D13CF58622CEB4EF8F392E8D4EB073B56A5486CB0431B2F5D8 remote=16U*Tp1aUr count=1
[2026-10-04 13:20:21.554] [out] [delivery_module] DBG 2026-10-04 13:20:21.554+02:00 adverts found                              topics="service-disco discoverer" tid=4807406 serviceId=key:913B5C5DBE691438693215140388EC0C7DE80DE328BDE5BD7FC06F90568CEA40 remote=16U*CtL71W count=0
[2026-10-04 13:20:21.555] [out] [delivery_module] DBG 2026-10-04 13:20:21.555+02:00 adverts found                              topics="service-disco discoverer" tid=4807406 serviceId=key:E6738033B5D413D13CF58622CEB4EF8F392E8D4EB073B56A5486CB0431B2F5D8 remote=16U*CtL71W count=1
[2026-10-04 13:20:21.572] [out] [delivery_module] DBG 2026-10-04 13:20:21.572+02:00 Kad lookup: RPC error                      topics="kad-dht find" tid=4807406 peer=16U*Yn2Pww msg="dialStage: timed out dialing the peer"
[2026-10-04 13:20:21.572] [out] [delivery_module] DBG 2026-10-04 13:20:21.572+02:00 Kad lookup: RPC error                      topics="kad-dht find" tid=4807406 peer=16U*FMCSLG msg="dialStage: timed out dialing the peer"
[2026-10-04 13:20:21.572] [out] [delivery_module] DBG 2026-10-04 13:20:21.572+02:00 Kad lookup: RPC error                      topics="kad-dht find" tid=4807406 peer=16U*bERhF5 msg="dialStage: timed out dialing the peer"
[2026-10-04 13:20:21.572] [out] [delivery_module] DBG 2026-10-04 13:20:21.572+02:00 Kad lookup: RPC error                      topics="kad-dht find" tid=4807406 peer=16U*EyjWVs msg="dialStage: timed out dialing the peer"
[2026-10-04 13:20:21.663] [out] [delivery_module] DBG 2026-10-04 13:20:21.663+02:00 Lookup query                               topics="kad-dht find" tid=4807406 peer=16U*EyjWVs
[2026-10-04 13:20:21.664] [out] [delivery_module] DBG 2026-10-04 13:20:21.664+02:00 Kad lookup: RPC error                      topics="kad-dht find" tid=4807406 peer=16U*EyjWVs msg="dialStage: timed out dialing the peer"
[2026-10-04 13:20:21.879] [out] [delivery_module] DBG 2026-10-04 13:20:21.879+02:00 Kad lookup: RPC error                      topics="kad-dht find" tid=4807406 peer=16U*Yn2Pww msg="dialStage: timed out dialing the peer"
[2026-10-04 13:20:21.879] [out] [delivery_module] DBG 2026-10-04 13:20:21.879+02:00 Kad lookup: RPC error                      topics="kad-dht find" tid=4807406 peer=16U*bERhF5 msg="dialStage: timed out dialing the peer"
[2026-10-04 13:20:21.879] [out] [delivery_module] DBG 2026-10-04 13:20:21.879+02:00 Kad lookup: RPC error                      topics="kad-dht find" tid=4807406 peer=16U*EyjWVs msg="dialStage: timed out dialing the peer"
[2026-10-04 13:20:21.879] [out] [delivery_module] DBG 2026-10-04 13:20:21.879+02:00 Kad lookup: RPC error                      topics="kad-dht find" tid=4807406 peer=16U*FMCSLG msg="dialStage: timed out dialing the peer"
[2026-10-04 13:20:21.879] [out] [delivery_module] DBG 2026-10-04 13:20:21.879+02:00 Bootstrap complete                         topics="kad-dht" tid=4807406
[2026-10-04 13:20:22.027] [out] [delivery_module] DBG 2026-10-04 13:20:22.027+02:00 calculateConnectionState                   tid=4807406 relayCount=9 storeClientCount=6 lightpushCount=9 filterCount=9
[2026-10-04 13:20:22.935] [out] [delivery_module] DBG 2026-10-04 13:20:22.934+02:00 adverts found                              topics="service-disco discoverer" tid=4807406 serviceId=key:913B5C5DBE691438693215140388EC0C7DE80DE328BDE5BD7FC06F90568CEA40 remote=16U*NSkuby count=1
[2026-10-04 13:20:22.937] [out] [delivery_module] DBG 2026-10-04 13:20:22.937+02:00 adverts found                              topics="service-disco discoverer" tid=4807406 serviceId=key:E6738033B5D413D13CF58622CEB4EF8F392E8D4EB073B56A5486CB0431B2F5D8 remote=16U*NSkuby count=3
[2026-10-04 13:20:23.007] [out] [delivery_module] DBG 2026-10-04 13:20:23.007+02:00 adverts found                              topics="service-disco discoverer" tid=4807406 serviceId=key:913B5C5DBE691438693215140388EC0C7DE80DE328BDE5BD7FC06F90568CEA40 remote=16U*TwqBiH count=3
[2026-10-04 13:20:23.007] [out] [delivery_module] DBG 2026-10-04 13:20:23.007+02:00 adverts found                              topics="service-disco discoverer" tid=4807406 serviceId=key:E6738033B5D413D13CF58622CEB4EF8F392E8D4EB073B56A5486CB0431B2F5D8 remote=16U*TwqBiH count=3
[2026-10-04 13:20:23.011] [out] [delivery_module] DBG 2026-10-04 13:20:23.011+02:00 getting adverts                            topics="service-disco discoverer" tid=4807406 serviceId=key:913B5C5DBE691438693215140388EC0C7DE80DE328BDE5BD7FC06F90568CEA40 registrar=16U*VpJprH
[2026-10-04 13:20:23.012] [out] [delivery_module] DBG 2026-10-04 13:20:23.011+02:00 getting adverts                            topics="service-disco discoverer" tid=4807406 serviceId=key:913B5C5DBE691438693215140388EC0C7DE80DE328BDE5BD7FC06F90568CEA40 registrar=16U*P1S397
[2026-10-04 13:20:23.012] [out] [delivery_module] DBG 2026-10-04 13:20:23.012+02:00 getting adverts                            topics="service-disco discoverer" tid=4807406 serviceId=key:913B5C5DBE691438693215140388EC0C7DE80DE328BDE5BD7FC06F90568CEA40 registrar=16U*T3UNSE
[2026-10-04 13:20:23.114] [out] [delivery_module] DBG 2026-10-04 13:20:23.113+02:00 adverts found                              topics="service-disco discoverer" tid=4807406 serviceId=key:E6738033B5D413D13CF58622CEB4EF8F392E8D4EB073B56A5486CB0431B2F5D8 remote=16U*oN8hgK count=4
[2026-10-04 13:20:23.115] [out] [delivery_module] DBG 2026-10-04 13:20:23.115+02:00 getting adverts                            topics="service-disco discoverer" tid=4807406 serviceId=key:E6738033B5D413D13CF58622CEB4EF8F392E8D4EB073B56A5486CB0431B2F5D8 registrar=16U*kGyuEP
[2026-10-04 13:20:23.946] [out] [delivery_module] DBG 2026-10-04 13:20:23.946+02:00 adverts found                              topics="service-disco discoverer" tid=4807406 serviceId=key:913B5C5DBE691438693215140388EC0C7DE80DE328BDE5BD7FC06F90568CEA40 remote=16U*VpJprH count=4
[2026-10-04 13:20:24.183] [out] [delivery_module] DBG 2026-10-04 13:20:24.182+02:00 adverts found                              topics="service-disco discoverer" tid=4807406 serviceId=key:913B5C5DBE691438693215140388EC0C7DE80DE328BDE5BD7FC06F90568CEA40 remote=16U*P1S397 count=5
[2026-10-04 13:20:24.329] [out] [delivery_module] DBG 2026-10-04 13:20:24.329+02:00 adverts found                              topics="service-disco discoverer" tid=4807406 serviceId=key:913B5C5DBE691438693215140388EC0C7DE80DE328BDE5BD7FC06F90568CEA40 remote=16U*T3UNSE count=4
[2026-10-04 13:20:24.330] [out] [delivery_module] DBG 2026-10-04 13:20:24.330+02:00 getting adverts                            topics="service-disco discoverer" tid=4807406 serviceId=key:913B5C5DBE691438693215140388EC0C7DE80DE328BDE5BD7FC06F90568CEA40 registrar=16U*kGyuEP
[2026-10-04 13:20:24.442] [out] [delivery_module] DBG 2026-10-04 13:20:24.442+02:00 adverts found                              topics="service-disco discoverer" tid=4807406 serviceId=key:E6738033B5D413D13CF58622CEB4EF8F392E8D4EB073B56A5486CB0431B2F5D8 remote=16U*kGyuEP count=4
[2026-10-04 13:20:24.443] [out] [delivery_module] DBG 2026-10-04 13:20:24.443+02:00 getting adverts                            topics="service-disco discoverer" tid=4807406 serviceId=key:E6738033B5D413D13CF58622CEB4EF8F392E8D4EB073B56A5486CB0431B2F5D8 registrar=16U*VpJprH
[2026-10-04 13:20:25.227] [out] [delivery_module] DBG 2026-10-04 13:20:25.227+02:00 adverts found                              topics="service-disco discoverer" tid=4807406 serviceId=key:E6738033B5D413D13CF58622CEB4EF8F392E8D4EB073B56A5486CB0431B2F5D8 remote=16U*VpJprH count=7
[2026-10-04 13:20:25.229] [out] [delivery_module] DBG 2026-10-04 13:20:25.229+02:00 getting adverts                            topics="service-disco discoverer" tid=4807406 serviceId=key:E6738033B5D413D13CF58622CEB4EF8F392E8D4EB073B56A5486CB0431B2F5D8 registrar=16U*T3UNSE
[2026-10-04 13:20:25.229] [out] [delivery_module] DBG 2026-10-04 13:20:25.229+02:00 getting adverts                            topics="service-disco discoverer" tid=4807406 serviceId=key:E6738033B5D413D13CF58622CEB4EF8F392E8D4EB073B56A5486CB0431B2F5D8 registrar=16U*P1S397
[2026-10-04 13:20:25.596] [out] [delivery_module] DBG 2026-10-04 13:20:25.596+02:00 adverts found                              topics="service-disco discoverer" tid=4807406 serviceId=key:913B5C5DBE691438693215140388EC0C7DE80DE328BDE5BD7FC06F90568CEA40 remote=16U*kGyuEP count=2
[2026-10-04 13:20:25.597] [out] [delivery_module] DBG 2026-10-04 13:20:25.597+02:00 Peer added via service discovery           topics="waku service discovery" tid=4807406 source="service lookup" peerId=16Uiu2HAm8Y9kgBNtjxvCnf1X6gnZJW5EGE4UwwCL3CCm55TwqBiH addresses="[/ip4/34.123.201.25/tcp/30303, /ip4/34.123.201.25/udp/30303/quic-v1, /dns4/delivery-02.gc-us-central1-a.logos.dev.status.im/tcp/30303]" protocols="[/mix/1.0.0]"
[2026-10-04 13:20:25.597] [out] [delivery_module] DBG 2026-10-04 13:20:25.597+02:00 Peer added via service discovery           topics="waku service discovery" tid=4807406 source="service lookup" peerId=16Uiu2HAkvwhGHKNry6LACrB8TmEFoCJKEX29XR5dDUzk3UT3UNSE addresses="[/ip4/43.99.103.10/tcp/30303, /ip4/43.99.103.10/udp/30303/quic-v1, /dns4/delivery-02.ac-cn-hongkong-c.logos.dev.status.im/tcp/30303]" protocols="[/mix/1.0.0]"
[2026-10-04 13:20:25.598] [out] [delivery_module] DBG 2026-10-04 13:20:25.598+02:00 Peer added via service discovery           topics="waku service discovery" tid=4807406 source="service lookup" peerId=16Uiu2HAm8YokiNun9BkeA1ZRmhLbtNUvcwRr64F69tYj9fkGyuEP addresses="[/ip4/47.242.130.189/tcp/30303, /ip4/47.242.130.189/udp/30303/quic-v1, /dns4/delivery-01.ac-cn-hongkong-c.logos.dev.status.im/tcp/30303]" protocols="[/mix/1.0.0]"
[2026-10-04 13:20:25.598] [out] [delivery_module] DBG 2026-10-04 13:20:25.598+02:00 Peer added via service discovery           topics="waku service discovery" tid=4807406 source="service lookup" peerId=16Uiu2HAm4S1JYkuzDKLKQvwgAhZKs9otxXqt8SCGtB4hoJP1S397 addresses="[/ip4/136.119.156.87/tcp/30303, /ip4/136.119.156.87/udp/30303/quic-v1, /dns4/delivery-01.gc-us-central1-a.logos.dev.status.im/tcp/30303]" protocols="[/mix/1.0.0]"
[2026-10-04 13:20:25.598] [out] [delivery_module] DBG 2026-10-04 13:20:25.598+02:00 Peer added via service discovery           topics="waku service discovery" tid=4807406 source="service lookup" peerId=16Uiu2HAmMK7PYygBtKUQ8EHp7EfaD3bCEsJrkFooK8RQ2PVpJprH addresses="[/ip4/174.138.106.244/tcp/30303, /ip4/174.138.106.244/udp/30303/quic-v1, /dns4/delivery-02.do-ams3.logos.dev.status.im/tcp/30303]" protocols="[/mix/1.0.0]"
[2026-10-04 13:20:25.598] [out] [delivery_module] DBG 2026-10-04 13:20:25.598+02:00 Peer added via service discovery           topics="waku service discovery" tid=4807406 source="service lookup" peerId=16Uiu2HAmTUbnxLGT9JvV6mu9oPyDjqHK4Phs1VDJNUgESgNSkuby addresses="[/ip4/138.68.122.137/tcp/30303, /ip4/138.68.122.137/udp/30303/quic-v1, /dns4/delivery-01.do-ams3.logos.dev.status.im/tcp/30303]" protocols="[/mix/1.0.0]"
[2026-10-04 13:20:25.598] [out] [delivery_module] DBG 2026-10-04 13:20:25.598+02:00 Service lookup complete                    topics="waku service discovery" tid=4807406 service=/mix/1.0.0 found=6
[2026-10-04 13:20:25.601] [out] [delivery_module] DBG 2026-10-04 13:20:25.599+02:00 calculateConnectionState                   tid=4807406 relayCount=9 storeClientCount=6 lightpushCount=9 filterCount=9
[2026-10-04 13:20:25.781] [out] [delivery_module] DBG 2026-10-04 13:20:25.781+02:00 Lookup query                               topics="kad-dht find" tid=4807406 peer=16U*oeaQi3
[2026-10-04 13:20:25.781] [out] [delivery_module] DBG 2026-10-04 13:20:25.781+02:00 Lookup query                               topics="kad-dht find" tid=4807406 peer=16U*pJJk4V
[2026-10-04 13:20:25.781] [out] [delivery_module] DBG 2026-10-04 13:20:25.781+02:00 Dialing peer                               topics="libp2p dialer" tid=4807406 peerId=16U*pJJk4V addrs="[/ip4/172.20.10.14/udp/51325/quic-v1, /ip4/172.20.10.14/tcp/60486]"
[2026-10-04 13:20:25.781] [out] [delivery_module] DBG 2026-10-04 13:20:25.781+02:00 Expanded address and hostname              topics="libp2p dialer" tid=4807406 expandedAddress=/ip4/172.20.10.14/udp/51325/quic-v1 hostname=172.20.10.14 resolvedAddresses="[/ip4/172.20.10.14/udp/51325/quic-v1]"
[2026-10-04 13:20:25.781] [out] [delivery_module] DBG 2026-10-04 13:20:25.781+02:00 New connection established: client         tid=4807406
[2026-10-04 13:20:25.782] [out] [delivery_module] DBG 2026-10-04 13:20:25.781+02:00 Lookup query                               topics="kad-dht find" tid=4807406 peer=16U*6M7AnR
[2026-10-04 13:20:25.782] [out] [delivery_module] DBG 2026-10-04 13:20:25.781+02:00 Lookup query                               topics="kad-dht find" tid=4807406 peer=16U*P6Hipt
[2026-10-04 13:20:25.782] [out] [delivery_module] DBG 2026-10-04 13:20:25.782+02:00 Dialing peer                               topics="libp2p dialer" tid=4807406 peerId=16U*P6Hipt addrs="[/ip4/172.20.10.14/udp/52573/quic-v1, /ip4/172.20.10.14/tcp/57390]"
[2026-10-04 13:20:25.782] [out] [delivery_module] DBG 2026-10-04 13:20:25.782+02:00 Expanded address and hostname              topics="libp2p dialer" tid=4807406 expandedAddress=/ip4/172.20.10.14/udp/52573/quic-v1 hostname=172.20.10.14 resolvedAddresses="[/ip4/172.20.10.14/udp/52573/quic-v1]"
[2026-10-04 13:20:25.782] [out] [delivery_module] DBG 2026-10-04 13:20:25.782+02:00 New connection established: client         tid=4807406
[2026-10-04 13:20:25.782] [out] [delivery_module] DBG 2026-10-04 13:20:25.782+02:00 Lookup query                               topics="kad-dht find" tid=4807406 peer=16U*EivbVz
[2026-10-04 13:20:25.782] [out] [delivery_module] DBG 2026-10-04 13:20:25.782+02:00 Dialing peer                               topics="libp2p dialer" tid=4807406 peerId=16U*EivbVz addrs="[/ip4/172.20.10.14/udp/63966/quic-v1, /ip4/172.20.10.14/tcp/60485]"
[2026-10-04 13:20:25.782] [out] [delivery_module] DBG 2026-10-04 13:20:25.782+02:00 Expanded address and hostname              topics="libp2p dialer" tid=4807406 expandedAddress=/ip4/172.20.10.14/udp/63966/quic-v1 hostname=172.20.10.14 resolvedAddresses="[/ip4/172.20.10.14/udp/63966/quic-v1]"
[2026-10-04 13:20:25.782] [out] [delivery_module] DBG 2026-10-04 13:20:25.782+02:00 New connection established: client         tid=4807406
[2026-10-04 13:20:25.783] [out] [delivery_module] DBG 2026-10-04 13:20:25.783+02:00 Kad lookup: RPC error                      topics="kad-dht find" tid=4807406 peer=16U*oeaQi3 msg="dialStage: timed out dialing the peer"
[2026-10-04 13:20:25.783] [out] [delivery_module] DBG 2026-10-04 13:20:25.783+02:00 Kad lookup: RPC error                      topics="kad-dht find" tid=4807406 peer=16U*6M7AnR msg="dialStage: timed out dialing the peer"
[2026-10-04 13:20:25.812] [out] [delivery_module] DBG 2026-10-04 13:20:25.812+02:00 Lookup query                               topics="kad-dht find" tid=4807406 peer=16U*Yn2Pww
[2026-10-04 13:20:25.812] [out] [delivery_module] DBG 2026-10-04 13:20:25.812+02:00 Lookup query                               topics="kad-dht find" tid=4807406 peer=16U*EyjWVs
[2026-10-04 13:20:25.812] [out] [delivery_module] DBG 2026-10-04 13:20:25.812+02:00 Kad lookup: RPC error                      topics="kad-dht find" tid=4807406 peer=16U*Yn2Pww msg="dialStage: timed out dialing the peer"
[2026-10-04 13:20:25.812] [out] [delivery_module] DBG 2026-10-04 13:20:25.812+02:00 Kad lookup: RPC error                      topics="kad-dht find" tid=4807406 peer=16U*EyjWVs msg="dialStage: timed out dialing the peer"
[2026-10-04 13:20:25.844] [out] [delivery_module] DBG 2026-10-04 13:20:25.844+02:00 Lookup query                               topics="kad-dht find" tid=4807406 peer=16U*FMCSLG
[2026-10-04 13:20:25.845] [out] [delivery_module] DBG 2026-10-04 13:20:25.844+02:00 Lookup query                               topics="kad-dht find" tid=4807406 peer=16U*bERhF5
[2026-10-04 13:20:25.845] [out] [delivery_module] DBG 2026-10-04 13:20:25.845+02:00 Kad lookup: RPC error                      topics="kad-dht find" tid=4807406 peer=16U*FMCSLG msg="dialStage: timed out dialing the peer"
[2026-10-04 13:20:25.845] [out] [delivery_module] DBG 2026-10-04 13:20:25.845+02:00 Kad lookup: RPC error                      topics="kad-dht find" tid=4807406 peer=16U*bERhF5 msg="dialStage: timed out dialing the peer"
[2026-10-04 13:20:26.549] [out] [delivery_module] DBG 2026-10-04 13:20:26.549+02:00 Kad lookup: RPC error                      topics="kad-dht find" tid=4807406 peer=16U*EyjWVs msg="dialStage: timed out dialing the peer"
[2026-10-04 13:20:26.550] [out] [delivery_module] DBG 2026-10-04 13:20:26.550+02:00 Lookup query                               topics="kad-dht find" tid=4807406 peer=16U*pJJk4V
[2026-10-04 13:20:26.550] [out] [delivery_module] DBG 2026-10-04 13:20:26.550+02:00 Lookup query                               topics="kad-dht find" tid=4807406 peer=16U*P6Hipt
[2026-10-04 13:20:26.550] [out] [delivery_module] DBG 2026-10-04 13:20:26.550+02:00 Lookup query                               topics="kad-dht find" tid=4807406 peer=16U*EivbVz
[2026-10-04 13:20:26.622] [out] [delivery_module] DBG 2026-10-04 13:20:26.622+02:00 adverts found                              topics="service-disco discoverer" tid=4807406 serviceId=key:E6738033B5D413D13CF58622CEB4EF8F392E8D4EB073B56A5486CB0431B2F5D8 remote=16U*P1S397 count=8
[2026-10-04 13:20:26.623] [out] [delivery_module] DBG 2026-10-04 13:20:26.623+02:00 New stream created                         tid=4807406
[2026-10-04 13:20:26.667] [out] [delivery_module] DBG 2026-10-04 13:20:26.665+02:00 Kad lookup: RPC error                      topics="kad-dht find" tid=4807406 peer=16U*EyjWVs msg="dialStage: timed out dialing the peer"
[2026-10-04 13:20:26.669] [out] [delivery_module] DBG 2026-10-04 13:20:26.666+02:00 Lookup query                               topics="kad-dht find" tid=4807406 peer=16U*pJJk4V
[2026-10-04 13:20:26.669] [out] [delivery_module] DBG 2026-10-04 13:20:26.666+02:00 Lookup query                               topics="kad-dht find" tid=4807406 peer=16U*EivbVz
[2026-10-04 13:20:26.669] [out] [delivery_module] DBG 2026-10-04 13:20:26.666+02:00 Lookup query                               topics="kad-dht find" tid=4807406 peer=16U*P6Hipt
[2026-10-04 13:20:26.728] [out] [delivery_module] DBG 2026-10-04 13:20:26.728+02:00 adverts found                              topics="service-disco discoverer" tid=4807406 serviceId=key:E6738033B5D413D13CF58622CEB4EF8F392E8D4EB073B56A5486CB0431B2F5D8 remote=16U*T3UNSE count=4
[2026-10-04 13:20:26.729] [out] [delivery_module] DBG 2026-10-04 13:20:26.729+02:00 Peer added via service discovery           topics="waku service discovery" tid=4807406 source="service lookup" peerId=16Uiu2HAm4S1JYkuzDKLKQvwgAhZKs9otxXqt8SCGtB4hoJP1S397 addresses="[/ip4/136.119.156.87/tcp/30303, /ip4/136.119.156.87/udp/30303/quic-v1, /dns4/delivery-01.gc-us-central1-a.logos.dev.status.im/tcp/30303]" protocols="[/logos/delivery]"
[2026-10-04 13:20:26.729] [out] [delivery_module] DBG 2026-10-04 13:20:26.729+02:00 Peer added via service discovery           topics="waku service discovery" tid=4807406 source="service lookup" peerId=16Uiu2HAmMK7PYygBtKUQ8EHp7EfaD3bCEsJrkFooK8RQ2PVpJprH addresses="[/ip4/174.138.106.244/tcp/30303, /ip4/174.138.106.244/udp/30303/quic-v1, /dns4/delivery-02.do-ams3.logos.dev.status.im/tcp/30303]" protocols="[/logos/delivery]"
[2026-10-04 13:20:26.730] [out] [delivery_module] DBG 2026-10-04 13:20:26.729+02:00 Peer added via service discovery           topics="waku service discovery" tid=4807406 source="service lookup" peerId=16Uiu2HAm75mHYCn97YHQ3auieTYohvJU9d3WGyGBAjnVc32pfeoX addresses="[/ip4/192.168.68.53/tcp/27431, /ip4/192.168.68.53/udp/16011/quic-v1]" protocols="[/logos/delivery]"
[2026-10-04 13:20:26.730] [out] [delivery_module] DBG 2026-10-04 13:20:26.730+02:00 Peer added via service discovery           topics="waku service discovery" tid=4807406 source="service lookup" peerId=16Uiu2HAkvwhGHKNry6LACrB8TmEFoCJKEX29XR5dDUzk3UT3UNSE addresses="[/ip4/43.99.103.10/tcp/30303, /ip4/43.99.103.10/udp/30303/quic-v1, /dns4/delivery-02.ac-cn-hongkong-c.logos.dev.status.im/tcp/30303]" protocols="[/logos/delivery]"
[2026-10-04 13:20:26.730] [out] [delivery_module] DBG 2026-10-04 13:20:26.730+02:00 Peer added via service discovery           topics="waku service discovery" tid=4807406 source="service lookup" peerId=16Uiu2HAm8Y9kgBNtjxvCnf1X6gnZJW5EGE4UwwCL3CCm55TwqBiH addresses="[/ip4/34.123.201.25/tcp/30303, /ip4/34.123.201.25/udp/30303/quic-v1, /dns4/delivery-02.gc-us-central1-a.logos.dev.status.im/tcp/30303]" protocols="[/logos/delivery]"
[2026-10-04 13:20:26.730] [out] [delivery_module] DBG 2026-10-04 13:20:26.730+02:00 Peer added via service discovery           topics="waku service discovery" tid=4807406 source="service lookup" peerId=16Uiu2HAm8YokiNun9BkeA1ZRmhLbtNUvcwRr64F69tYj9fkGyuEP addresses="[/ip4/47.242.130.189/tcp/30303, /ip4/47.242.130.189/udp/30303/quic-v1, /dns4/delivery-01.ac-cn-hongkong-c.logos.dev.status.im/tcp/30303]" protocols="[/logos/delivery]"
[2026-10-04 13:20:26.730] [out] [delivery_module] DBG 2026-10-04 13:20:26.730+02:00 Peer added via service discovery           topics="waku service discovery" tid=4807406 source="service lookup" peerId=16Uiu2HAm3XojbQ67ChLTeUQZTu57mWiDTgESFyXwRec86doN8hgK addresses="[/ip4/173.42.114.210/tcp/45583]" protocols="[/logos/delivery]"
[2026-10-04 13:20:26.730] [out] [delivery_module] DBG 2026-10-04 13:20:26.730+02:00 Peer added via service discovery           topics="waku service discovery" tid=4807406 source="service lookup" peerId=16Uiu2HAmTUbnxLGT9JvV6mu9oPyDjqHK4Phs1VDJNUgESgNSkuby addresses="[/ip4/138.68.122.137/tcp/30303, /ip4/138.68.122.137/udp/30303/quic-v1, /dns4/delivery-01.do-ams3.logos.dev.status.im/tcp/30303]" protocols="[/logos/delivery]"
[2026-10-04 13:20:26.730] [out] [delivery_module] DBG 2026-10-04 13:20:26.730+02:00 Peer added via service discovery           topics="waku service discovery" tid=4807406 source="service lookup" peerId=16Uiu2HAm5hiDKtofKsaY3hNNyzzhFagoKo8uMWTFJ2huwMiSrhve addresses="[/ip4/173.42.114.210/tcp/37795]" protocols="[/logos/delivery]"
[2026-10-04 13:20:26.730] [out] [delivery_module] DBG 2026-10-04 13:20:26.730+02:00 Peer added via service discovery           topics="waku service discovery" tid=4807406 source="service lookup" peerId=16Uiu2HAkvsWzm5LemGFj6LUbwARYjWiv2g1bDF3N98dEq2CtL71W addresses="[/ip4/172.20.10.14/tcp/56316, /ip4/172.20.10.14/udp/63678/quic-v1]" protocols="[/logos/delivery]"
[2026-10-04 13:20:26.730] [out] [delivery_module] DBG 2026-10-04 13:20:26.730+02:00 Peer added via service discovery           topics="waku service discovery" tid=4807406 source="service lookup" peerId=16Uiu2HAm7iP4jCEuUzj5BoF7uJjLCVjGSSdQ2dgSeHWKLvTp1aUr addresses="[/ip4/172.20.10.14/tcp/56317, /ip4/172.20.10.14/udp/58501/quic-v1]" protocols="[/logos/delivery]"
[2026-10-04 13:20:26.730] [out] [delivery_module] DBG 2026-10-04 13:20:26.730+02:00 Service lookup complete                    topics="waku service discovery" tid=4807406 service=/logos/delivery found=11
[2026-10-04 13:20:26.732] [out] [delivery_module] DBG 2026-10-04 13:20:26.732+02:00 calculateConnectionState                   tid=4807406 relayCount=9 storeClientCount=6 lightpushCount=9 filterCount=9
[2026-10-04 13:20:27.008] [out] [delivery_module] DBG 2026-10-04 13:20:27.008+02:00 Creating stream                            tid=4807406
[2026-10-04 13:20:27.008] [out] [delivery_module] DBG 2026-10-04 13:20:27.008+02:00 New stream created                         tid=4807406
[2026-10-04 13:20:28.783] [out] [delivery_module] DBG 2026-10-04 13:20:28.783+02:00 Dialing failed                             topics="libp2p dialer" tid=4807406 description="quic dial timed out after 3s" peerId=16U*pJJk4V address=/ip4/172.20.10.14/udp/51325/quic-v1 hostname=172.20.10.14
[2026-10-04 13:20:28.783] [out] [delivery_module] DBG 2026-10-04 13:20:28.783+02:00 Dialing failed                             topics="libp2p dialer" tid=4807406 description="quic dial timed out after 3s" peerId=16U*P6Hipt address=/ip4/172.20.10.14/udp/52573/quic-v1 hostname=172.20.10.14
[2026-10-04 13:20:28.783] [out] [delivery_module] DBG 2026-10-04 13:20:28.783+02:00 Dialing failed                             topics="libp2p dialer" tid=4807406 description="quic dial timed out after 3s" peerId=16U*EivbVz address=/ip4/172.20.10.14/udp/63966/quic-v1 hostname=172.20.10.14
[2026-10-04 13:20:28.783] [out] [delivery_module] DBG 2026-10-04 13:20:28.783+02:00 Expanded address and hostname              topics="libp2p dialer" tid=4807406 expandedAddress=/ip4/172.20.10.14/tcp/60486 hostname=172.20.10.14 resolvedAddresses="[/ip4/172.20.10.14/tcp/60486]"
[2026-10-04 13:20:28.783] [out] [delivery_module] DBG 2026-10-04 13:20:28.783+02:00 Expanded address and hostname              topics="libp2p dialer" tid=4807406 expandedAddress=/ip4/172.20.10.14/tcp/57390 hostname=172.20.10.14 resolvedAddresses="[/ip4/172.20.10.14/tcp/57390]"
[2026-10-04 13:20:28.783] [out] [delivery_module] DBG 2026-10-04 13:20:28.783+02:00 Expanded address and hostname              topics="libp2p dialer" tid=4807406 expandedAddress=/ip4/172.20.10.14/tcp/60485 hostname=172.20.10.14 resolvedAddresses="[/ip4/172.20.10.14/tcp/60485]"
[2026-10-04 13:20:28.784] [out] [delivery_module] DBG 2026-10-04 13:20:28.783+02:00 Dialing failed                             topics="libp2p dialer" tid=4807406 description="TcpTransport dial error: (61) Connection refused" peerId=16U*pJJk4V address=/ip4/172.20.10.14/tcp/60486 hostname=172.20.10.14
[2026-10-04 13:20:28.784] [out] [delivery_module] DBG 2026-10-04 13:20:28.783+02:00 Dialing failed                             topics="libp2p dialer" tid=4807406 description="TcpTransport dial error: (61) Connection refused" peerId=16U*P6Hipt address=/ip4/172.20.10.14/tcp/57390 hostname=172.20.10.14
[2026-10-04 13:20:28.784] [out] [delivery_module] DBG 2026-10-04 13:20:28.784+02:00 Dialing failed                             topics="libp2p dialer" tid=4807406 description="TcpTransport dial error: (61) Connection refused" peerId=16U*EivbVz address=/ip4/172.20.10.14/tcp/60485 hostname=172.20.10.14
[2026-10-04 13:20:28.784] [out] [delivery_module] DBG 2026-10-04 13:20:28.784+02:00 Error dialing                              topics="libp2p dialer" tid=4807406 conn=nil peerId=16U*pJJk4V protos="[/logos/service-discovery/1.0.0]" addrs="[/ip4/172.20.10.14/udp/51325/quic-v1, /ip4/172.20.10.14/tcp/60486]" description="Unable to establish outgoing link in establishConnection: peer_id=16U*pJJk4V addrs=@[/ip4/172.20.10.14/udp/51325/quic-v1, /ip4/172.20.10.14/tcp/60486]"
[2026-10-04 13:20:28.784] [out] [delivery_module] DBG 2026-10-04 13:20:28.784+02:00 Error dialing                              topics="libp2p dialer" tid=4807406 conn=nil peerId=16U*P6Hipt protos="[/logos/service-discovery/1.0.0]" addrs="[/ip4/172.20.10.14/udp/52573/quic-v1, /ip4/172.20.10.14/tcp/57390]" description="Unable to establish outgoing link in establishConnection: peer_id=16U*P6Hipt addrs=@[/ip4/172.20.10.14/udp/52573/quic-v1, /ip4/172.20.10.14/tcp/57390]"
[2026-10-04 13:20:28.784] [out] [delivery_module] DBG 2026-10-04 13:20:28.784+02:00 Error dialing                              topics="libp2p dialer" tid=4807406 conn=nil peerId=16U*EivbVz protos="[/logos/service-discovery/1.0.0]" addrs="[/ip4/172.20.10.14/udp/63966/quic-v1, /ip4/172.20.10.14/tcp/60485]" description="Unable to establish outgoing link in establishConnection: peer_id=16U*EivbVz addrs=@[/ip4/172.20.10.14/udp/63966/quic-v1, /ip4/172.20.10.14/tcp/60485]"
[2026-10-04 13:20:28.784] [out] [delivery_module] DBG 2026-10-04 13:20:28.784+02:00 Dialing peer                               topics="libp2p dialer" tid=4807406 peerId=16U*pJJk4V addrs="[/ip4/172.20.10.14/udp/51325/quic-v1, /ip4/172.20.10.14/tcp/60486]"
[2026-10-04 13:20:28.784] [out] [delivery_module] DBG 2026-10-04 13:20:28.784+02:00 Expanded address and hostname              topics="libp2p dialer" tid=4807406 expandedAddress=/ip4/172.20.10.14/udp/51325/quic-v1 hostname=172.20.10.14 resolvedAddresses="[/ip4/172.20.10.14/udp/51325/quic-v1]"
[2026-10-04 13:20:28.784] [out] [delivery_module] DBG 2026-10-04 13:20:28.784+02:00 New connection established: client         tid=4807406
[2026-10-04 13:20:28.784] [out] [delivery_module] DBG 2026-10-04 13:20:28.784+02:00 Dialing peer                               topics="libp2p dialer" tid=4807406 peerId=16U*P6Hipt addrs="[/ip4/172.20.10.14/udp/52573/quic-v1, /ip4/172.20.10.14/tcp/57390]"
[2026-10-04 13:20:28.784] [out] [delivery_module] DBG 2026-10-04 13:20:28.784+02:00 Expanded address and hostname              topics="libp2p dialer" tid=4807406 expandedAddress=/ip4/172.20.10.14/udp/52573/quic-v1 hostname=172.20.10.14 resolvedAddresses="[/ip4/172.20.10.14/udp/52573/quic-v1]"
[2026-10-04 13:20:28.784] [out] [delivery_module] DBG 2026-10-04 13:20:28.784+02:00 New connection established: client         tid=4807406
[2026-10-04 13:20:28.785] [out] [delivery_module] DBG 2026-10-04 13:20:28.785+02:00 Dialing peer                               topics="libp2p dialer" tid=4807406 peerId=16U*EivbVz addrs="[/ip4/172.20.10.14/udp/63966/quic-v1, /ip4/172.20.10.14/tcp/60485]"
[2026-10-04 13:20:28.785] [out] [delivery_module] DBG 2026-10-04 13:20:28.785+02:00 Expanded address and hostname              topics="libp2p dialer" tid=4807406 expandedAddress=/ip4/172.20.10.14/udp/63966/quic-v1 hostname=172.20.10.14 resolvedAddresses="[/ip4/172.20.10.14/udp/63966/quic-v1]"
[2026-10-04 13:20:28.785] [out] [delivery_module] DBG 2026-10-04 13:20:28.785+02:00 New connection established: client         tid=4807406
[2026-10-04 13:20:28.978] [info] [logos] [delivery_module] DeliveryModuleImpl::send called with contentTopic: /lp0026forum/1/general/text
[2026-10-04 13:20:28.978] [out] [delivery_module] DBG 2026-10-04 13:20:28.978+02:00 SendService.send: processing delivery task topics="send service" tid=4807406 requestId=67676d379394a3a98e4b msgHash=0x9cd1cfe6502694aa94de377f1bb54b51214fb1f55b5d37c2d14ee2e35a0510a9
[2026-10-04 13:20:28.978] [info] [logos] [delivery_module] DeliveryModuleImpl: Send initiated for topic: /lp0026forum/1/general/text, with success, requestId: 67676d379394a3a98e4b
[2026-10-04 13:20:28.978] [out] [delivery_module] DBG 2026-10-04 13:20:28.978+02:00 Trying message delivery via Mix            topics="send service mix processor" tid=4807406 requestId=67676d379394a3a98e4b msgHash=0x9cd1cfe6502694aa94de377f1bb54b51214fb1f55b5d37c2d14ee2e35a0510a9 tryCount=1
[2026-10-04 13:20:28.978] [out] [delivery_module] DBG 2026-10-04 13:20:28.978+02:00 Publishing message without RLN proof       tid=4807406
[2026-10-04 13:20:28.979] [out] [delivery_module] DBG 2026-10-04 13:20:28.978+02:00 Publishing message with lightpush          topics="waku node lightpush api" tid=4807406 pubsubTopic=/waku/2/rs/3/7 contentTopic=/lp0026forum/1/general/text target_peer_id=16U*T3UNSE msg_hash=0x9cd1cfe6502694aa94de377f1bb54b51214fb1f55b5d37c2d14ee2e35a0510a9 mixify=true
[2026-10-04 13:20:28.979] [out] [delivery_module] DBG 2026-10-04 13:20:28.978+02:00 Publish                                    topics="waku lightpush client" tid=4807406 myPeerId=16U*Tp1aUr peerId= msgHash=0x9cd1cfe6502694aa94de377f1bb54b51214fb1f55b5d37c2d14ee2e35a0510a9 sentTime=1791112828979002112
[2026-10-04 13:20:28.979] [out] [delivery_module] DBG 2026-10-04 13:20:28.979+02:00 Destination data                           tid=4807406 destination=MixDestination[MixNode](16Uiu2HAkvwhGHKNry6LACrB8TmEFoCJKEX29XR5dDUzk3UT3UNSE)
[2026-10-04 13:20:28.979] [out] [delivery_module] DBG 2026-10-04 13:20:28.979+02:00 Selected mix node:                         tid=4807406 indexInPath=0 peerId=16U*TwqBiH
[2026-10-04 13:20:28.979] [out] [delivery_module] DBG 2026-10-04 13:20:28.979+02:00 Selected mix node:                         tid=4807406 indexInPath=1 peerId=16U*kGyuEP
[2026-10-04 13:20:28.979] [out] [delivery_module] DBG 2026-10-04 13:20:28.979+02:00 Selected mix node:                         tid=4807406 indexInPath=2 peerId=16U*T3UNSE
[2026-10-04 13:20:28.979] [out] [delivery_module] DBG 2026-10-04 13:20:28.979+02:00 Selected mix node for surbs:               tid=4807406 indexInPath=0 peerId=16U*P1S397
[2026-10-04 13:20:28.979] [out] [delivery_module] DBG 2026-10-04 13:20:28.979+02:00 Selected mix node for surbs:               tid=4807406 indexInPath=1 peerId=16U*kGyuEP
[2026-10-04 13:20:29.984] [out] [delivery_module] INF 2026-10-04 13:20:29.984+02:00 Message received                           tid=4807406 msg_hash=0x9cd1cfe6502694aa94de377f1bb54b51214fb1f55b5d37c2d14ee2e35a0510a9 contentTopic=/lp0026forum/1/general/text pubsubTopic=/waku/2/rs/3/7 source=live
[2026-10-04 13:20:30.309] [out] [delivery_module] DBG 2026-10-04 13:20:30.307+02:00 Message propagated via Mix                 topics="send service mix processor" tid=4807406 requestId=67676d379394a3a98e4b msgHash=0x9cd1cfe6502694aa94de377f1bb54b51214fb1f55b5d37c2d14ee2e35a0510a9
[2026-10-04 13:20:30.309] [out] [delivery_module] INF 2026-10-04 13:20:30.307+02:00 Message successfully propagated            topics="send service" tid=4807406 requestId=67676d379394a3a98e4b msgHash=withheld
[2026-10-04 13:20:30.309] [out] [delivery_module] INF 2026-10-04 13:20:30.307+02:00 Message successfully sent over mix         topics="send service" tid=4807406 requestId=67676d379394a3a98e4b
[QmlInspector] Client disconnected
[2026-10-04 13:20:30.783] [out] [delivery_module] DBG 2026-10-04 13:20:30.783+02:00 Lookup query                               topics="kad-dht find" tid=4807406 peer=16U*cef9mW
[2026-10-04 13:20:30.783] [out] [delivery_module] DBG 2026-10-04 13:20:30.783+02:00 Lookup query                               topics="kad-dht find" tid=4807406 peer=16U*oeaQi3
[2026-10-04 13:20:30.783] [out] [delivery_module] DBG 2026-10-04 13:20:30.783+02:00 Lookup query                               topics="kad-dht find" tid=4807406 peer=16U*6M7AnR
[2026-10-04 13:20:30.783] [out] [delivery_module] DBG 2026-10-04 13:20:30.783+02:00 Kad lookup: RPC error                      topics="kad-dht find" tid=4807406 peer=16U*oeaQi3 msg="dialStage: timed out dialing the peer"
[2026-10-04 13:20:30.783] [out] [delivery_module] DBG 2026-10-04 13:20:30.783+02:00 Kad lookup: RPC error                      topics="kad-dht find" tid=4807406 peer=16U*6M7AnR msg="dialStage: timed out dialing the peer"
