run-logos-standalone-ui: hot-reloading QML from <repo>/src/qml
  (export DEV_QML_PATH to override, or LOGOS_QML_HOT_RELOAD=0 to disable)
Session directory: "~/Library/Application Support/Logos/LogosStandalone"
[2026-10-04 18:59:10.974] [info] [logos] Granting host services to 'capability_module': token_registry,token_delivery
[2026-10-04 18:59:10.998] [out] [capability_module] [2026-10-04 18:59:10.998] [info] Granting host services to capability_module: ["token_registry","token_delivery"]
RemoteTransportConnection: Connecting to registry: "local:logos_capability_module_81741a2fc449" at "18:59:10.999"
RemoteTransportConnection: Registry connect attempt started (no peer contact yet): "local:logos_capability_module_81741a2fc449"
LogosAPIConsumer: Informing module token for module: "capability_module" with token: "redacted:f83b8774…"
RemoteTransportConnection: Requesting object: "capability_module" at "18:59:10.999"
[LogosObject] RemoteTransportConnection: returning RemoteLogosObject for: "capability_module"
[LogosObject] Created RemoteLogosObject wrapping QRemoteObjectReplica 105553157131968
[LogosObject] LogosAPIConsumer: calling LogosObject::informModuleToken for "capability_module"
LogosAPIConsumer: informModuleToken completed with result: true
[LogosObject] Destroying RemoteLogosObject 0
[2026-10-04 18:59:11.021] [info] [logos] Module loaded: capability_module
LogosAPIConsumer: Informing module token for module: "modules_state" with token: "redacted:33f1492d…"
RemoteTransportConnection: Requesting object: "capability_module" at "18:59:11.046"
[LogosObject] RemoteTransportConnection: returning RemoteLogosObject for: "capability_module"
[LogosObject] Created RemoteLogosObject wrapping QRemoteObjectReplica 105553157146176
[LogosObject] LogosAPIConsumer: calling LogosObject::informModuleToken for "modules_state"
LogosAPIConsumer: informModuleToken completed with result: true
[LogosObject] Destroying RemoteLogosObject 0
[2026-10-04 18:59:11.046] [info] [logos] Module loaded: modules_state
RemoteTransportConnection: Connecting to registry: "local:logos_modules_state_81741a2fc449" at "18:59:11.046"
RemoteTransportConnection: Registry connect attempt started (no peer contact yet): "local:logos_modules_state_81741a2fc449"
RemoteTransportConnection: Connecting to registry: "local:logos_capability_module_81741a2fc449" at "18:59:11.046"
RemoteTransportConnection: Registry connect attempt started (no peer contact yet): "local:logos_capability_module_81741a2fc449"
LogosAPIConsumer: '"modules_state"::""' deferred pending the module becoming reachable
LogosAPIConsumer: '"modules_state"::""' deferred pending the module becoming reachable
Logos Core started (modules dir: "/nix/store/4v2cj5cr5dlsjb9cl0blr0cds0qf07iv-logos-forum_module-plugin-dir-modules" )
Set app icon from metadata: "/nix/store/a520x5a79fn5a479j7jly13nzv3iln5x-logos-forum_module-plugin-dir/src/icons/icon.png"
[2026-10-04 18:59:11.078] [info] [logos] [delivery_module] DeliveryModuleImpl: Initializing...
LogosAPIConsumer: Informing module token for module: "delivery_module" with token: "redacted:48602a35…"
RemoteTransportConnection: Requesting object: "capability_module" at "18:59:11.079"
[LogosObject] RemoteTransportConnection: returning RemoteLogosObject for: "capability_module"
[LogosObject] Created RemoteLogosObject wrapping QRemoteObjectReplica 105553157003200
[LogosObject] LogosAPIConsumer: calling LogosObject::informModuleToken for "delivery_module"
LogosAPIConsumer: informModuleToken completed with result: true
[LogosObject] Destroying RemoteLogosObject 0
[2026-10-04 18:59:11.078] [info] [logos] Module loaded: delivery_module
RemoteTransportConnection: Connecting to registry: "local:logos_delivery_module_81741a2fc449" at "18:59:11.079"
RemoteTransportConnection: Registry connect attempt started (no peer contact yet): "local:logos_delivery_module_81741a2fc449"
RemoteTransportConnection: Connecting to registry: "local:logos_capability_module_81741a2fc449" at "18:59:11.079"
RemoteTransportConnection: Registry connect attempt started (no peer contact yet): "local:logos_capability_module_81741a2fc449"
LogosAPIConsumer: '"delivery_module"::""' deferred pending the module becoming reachable
LogosAPIClient: getToken for module: "modules_state"
LogosAPIClient: Found token for module: "modules_state"
RemoteTransportConnection: Requesting object: "modules_state" at "18:59:11.079"
[LogosObject] RemoteTransportConnection: returning RemoteLogosObject for: "modules_state"
[LogosObject] Created RemoteLogosObject wrapping QRemoteObjectReplica 105553157070048
[LogosObject] LogosAPIConsumer: async calling via LogosObject::callMethodAsync "note_transition"
[LogosObject] RemoteLogosObject::callMethodAsync "note_transition" args: 7
LogosAPIClient: getToken for module: "modules_state"
LogosAPIClient: Found token for module: "modules_state"
[LogosObject] LogosAPIConsumer: async calling via LogosObject::callMethodAsync "note_transition"
[LogosObject] RemoteLogosObject::callMethodAsync "note_transition" args: 7
Loaded dependency (with transitive deps): "delivery_module"
[2026-10-04 18:59:11.103] [info] [logos] [storage_module] StorageModuleImpl: Initializing...
LogosAPIConsumer: Informing module token for module: "storage_module" with token: "redacted:b46a1d6d…"
RemoteTransportConnection: Requesting object: "capability_module" at "18:59:11.103"
[LogosObject] Created RemoteLogosObject wrapping QRemoteObjectReplica 105553157148000
LogosAPIClient: invoking remote method "modules_state" "apply_snapshot" args_count: 1
LogosAPIClient: getToken for module: "modules_state"
LogosAPIClient: Found token for module: "modules_state"
LogosAPIConsumer: Calling invokeRemoteMethod: "modules_state" "apply_snapshot" args_count: 1 timeout: 20000
[LogosObject] LogosAPIConsumer: calling via LogosObject::callMethod "apply_snapshot"
[LogosObject] RemoteLogosObject::callMethod "apply_snapshot" args: 1
[LogosObject] Created RemoteLogosObject wrapping QRemoteObjectReplica 105553157069824
LogosAPIClient: getToken for module: "modules_state"
LogosAPIClient: Found token for module: "modules_state"
[LogosObject] LogosAPIConsumer: async calling via LogosObject::callMethodAsync "note_transition"
[LogosObject] RemoteLogosObject::callMethodAsync "note_transition" args: 7
LogosAPIClient: getToken for module: "modules_state"
LogosAPIClient: Found token for module: "modules_state"
[LogosObject] LogosAPIConsumer: async calling via LogosObject::callMethodAsync "note_transition"
[LogosObject] RemoteLogosObject::callMethodAsync "note_transition" args: 7
[2026-10-04 18:59:11.103] [info] [logos] Pushed module snapshot to modules_state
LogosAPIClient: getToken for module: "modules_state"
LogosAPIClient: Found token for module: "modules_state"
[LogosObject] LogosAPIConsumer: async calling via LogosObject::callMethodAsync "note_transition"
[LogosObject] RemoteLogosObject::callMethodAsync "note_transition" args: 7
[LogosObject] RemoteTransportConnection: returning RemoteLogosObject for: "capability_module"
[LogosObject] Created RemoteLogosObject wrapping QRemoteObjectReplica 105553157143584
[LogosObject] LogosAPIConsumer: calling LogosObject::informModuleToken for "storage_module"
LogosAPIConsumer: informModuleToken completed with result: true
[LogosObject] Destroying RemoteLogosObject 0
[2026-10-04 18:59:11.104] [info] [logos] Module loaded: storage_module
RemoteTransportConnection: Connecting to registry: "local:logos_storage_module_81741a2fc449" at "18:59:11.104"
RemoteTransportConnection: Registry connect attempt started (no peer contact yet): "local:logos_storage_module_81741a2fc449"
RemoteTransportConnection: Connecting to registry: "local:logos_capability_module_81741a2fc449" at "18:59:11.104"
RemoteTransportConnection: Registry connect attempt started (no peer contact yet): "local:logos_capability_module_81741a2fc449"
LogosAPIConsumer: '"storage_module"::""' deferred pending the module becoming reachable
LogosAPIClient: getToken for module: "modules_state"
LogosAPIClient: Found token for module: "modules_state"
[LogosObject] LogosAPIConsumer: async calling via LogosObject::callMethodAsync "note_transition"
[LogosObject] RemoteLogosObject::callMethodAsync "note_transition" args: 7
Loaded dependency (with transitive deps): "storage_module"
DEV_QML_PATH override active: <repo>/src/qml/Main.qml
RemoteTransportConnection: Connecting to registry: "local:logos_capability_module_81741a2fc449" at "18:59:11.104"
RemoteTransportConnection: Registry connect attempt started (no peer contact yet): "local:logos_capability_module_81741a2fc449"
LogosAPIConsumer: Informing module token for module: "forum_module" with token: "redacted:7629a08e…"
RemoteTransportConnection: Requesting object: "capability_module" at "18:59:11.104"
[LogosObject] Created RemoteLogosObject wrapping QRemoteObjectReplica 105553157148032
LogosAPIClient: getToken for module: "modules_state"
LogosAPIClient: Found token for module: "modules_state"
[LogosObject] LogosAPIConsumer: async calling via LogosObject::callMethodAsync "note_transition"
[LogosObject] RemoteLogosObject::callMethodAsync "note_transition" args: 7
[LogosObject] RemoteTransportConnection: returning RemoteLogosObject for: "capability_module"
[LogosObject] Created RemoteLogosObject wrapping QRemoteObjectReplica 105553157044672
[LogosObject] LogosAPIConsumer: calling LogosObject::informModuleToken for "forum_module"
LogosAPIConsumer: informModuleToken completed with result: true
[LogosObject] Destroying RemoteLogosObject 0
Loaded UI plugin: "/nix/store/a520x5a79fn5a479j7jly13nzv3iln5x-logos-forum_module-plugin-dir"
[QmlInspector] Inspector server listening on port 3768
[QmlInspector] Client connected from "::1"
[2026-10-04 18:59:18.935] [warning] [logos] [capability_module] Warning: QObject::connect: No such signal ::eventResponse(QString,QVariantList)
[2026-10-04 18:59:18.935] [info] [logos] [delivery_module] DeliveryModuleImpl::getNodeInfo called with nodeInfoId: MyPeerId
[2026-10-04 18:59:18.935] [info] [logos] [delivery_module] DeliveryModuleImpl: Cannot get node info - context not initialized. Call createNode first.
[2026-10-04 18:59:18.935] [info] [logos] [delivery_module] DeliveryModuleImpl::createNode called
[2026-10-04 18:59:18.941] [info] [logos] [delivery_module] DeliveryModuleImpl: Waiting for createNode callback...
[2026-10-04 18:59:18.942] [out] [delivery_module] DBG 2026-10-04 18:59:18.942+02:00 Whether to mount storeSync is not specified, defaulting to not mounting topics="waku conf builder" tid=6162740
[2026-10-04 18:59:18.942] [out] [delivery_module] NTC 2026-10-04 18:59:18.942+02:00 No node key provided, generated a new one; identity will not persist across restarts topics="waku conf builder" tid=6162740
[2026-10-04 18:59:18.942] [out] [delivery_module] INF 2026-10-04 18:59:18.942+02:00 Sharding configuration:                    topics="waku conf builder" tid=6162740 shardingConf="(kind: AutoSharding, numShardsInCluster: 8)" subscribeShards="@[0, 1, 2, 3, 4, 5, 6, 7]"
[2026-10-04 18:59:18.942] [out] [delivery_module] INF 2026-10-04 18:59:18.942+02:00 Configuration: Enabled protocols           topics="waku conf" tid=6162740 relay=true rlnRelay=false store=false filter=true lightPush=true peerExchange=true rendezvous=true
[2026-10-04 18:59:18.942] [out] [delivery_module] INF 2026-10-04 18:59:18.942+02:00 Configuration. Network                     topics="waku conf" tid=6162740 cluster=3
[2026-10-04 18:59:18.942] [out] [delivery_module] DBG 2026-10-04 18:59:18.942+02:00 Configuration. Active Relay Shards         topics="waku conf" tid=6162740 shard=0
[2026-10-04 18:59:18.942] [out] [delivery_module] DBG 2026-10-04 18:59:18.942+02:00 Configuration. Active Relay Shards         topics="waku conf" tid=6162740 shard=1
[2026-10-04 18:59:18.942] [out] [delivery_module] DBG 2026-10-04 18:59:18.942+02:00 Configuration. Active Relay Shards         topics="waku conf" tid=6162740 shard=2
[2026-10-04 18:59:18.942] [out] [delivery_module] DBG 2026-10-04 18:59:18.942+02:00 Configuration. Active Relay Shards         topics="waku conf" tid=6162740 shard=3
[2026-10-04 18:59:18.942] [out] [delivery_module] DBG 2026-10-04 18:59:18.942+02:00 Configuration. Active Relay Shards         topics="waku conf" tid=6162740 shard=4
[2026-10-04 18:59:18.942] [out] [delivery_module] DBG 2026-10-04 18:59:18.942+02:00 Configuration. Active Relay Shards         topics="waku conf" tid=6162740 shard=5
[2026-10-04 18:59:18.942] [out] [delivery_module] DBG 2026-10-04 18:59:18.942+02:00 Configuration. Active Relay Shards         topics="waku conf" tid=6162740 shard=6
[2026-10-04 18:59:18.942] [out] [delivery_module] DBG 2026-10-04 18:59:18.942+02:00 Configuration. Active Relay Shards         topics="waku conf" tid=6162740 shard=7
[2026-10-04 18:59:18.942] [out] [delivery_module] INF 2026-10-04 18:59:18.942+02:00 Setting up storage                         tid=6162740
[2026-10-04 18:59:18.942] [out] [delivery_module] INF 2026-10-04 18:59:18.942+02:00 Initializing node                          tid=6162740
[2026-10-04 18:59:18.942] [out] [delivery_module] DBG 2026-10-04 18:59:18.942+02:00 Setting up NATService                      topics="libp2p natservice" tid=6162740 portMapping=true reachability=false holePunching=false
[2026-10-04 18:59:18.942] [out] [delivery_module] INF 2026-10-04 18:59:18.942+02:00 Initializing networking                    tid=6162740 addrs="@[/ip4/0.0.0.0/tcp/0, /ip4/0.0.0.0/udp/0/quic-v1]"
[2026-10-04 18:59:18.942] [out] [delivery_module] INF 2026-10-04 18:59:18.942+02:00 Mounting protocols                         tid=6162740
[2026-10-04 18:59:18.942] [out] [delivery_module] INF 2026-10-04 18:59:18.942+02:00 Created WakuMetadata protocol              topics="waku node" tid=6162740 clusterId=3 shards="[0, 1, 2, 3, 4, 5, 6, 7]"
[2026-10-04 18:59:18.942] [out] [delivery_module] INF 2026-10-04 18:59:18.942+02:00 Mounting mix protocol                      topics="waku node" tid=6162740INF 2026-10-04 18:59:18.942+02:00 node info                                  topics="waku node" tid=6162740 wakuInfo="(listenAddresses: [/ip4/0.0.0.0/tcp/0/p2p/16Uiu2HAkvooEdaSR6vYVVULbyZeJMfPJkDAeFmR3LkCqXErnT3hk, /ip4/0.0.0.0/udp/0/quic-v1/p2p/16Uiu2HAkvooEdaSR6vYVVULbyZeJMfPJkDAeFmR3LkCqXErnT3hk], enrUri: enr:-JO4QOCHvmQ1dG4vEpo09fd21IgIGFL0Jsw4EevkiuQu72U2bPUywP0rDK5P2I6Vtq30KM_7aRTgUY1dAeMJk0iDHTIBgmlkgnY0gnJzkwADCAAAAAEAAgADAAQABQAGAAeJc2VjcDI1NmsxoQIUhqs-A-TUX4eA8yV_HpydJQ9UgyhGrtW0K0HrBt85Q4V3YWt1Mi0, mixPubKey: none())"
[2026-10-04 18:59:18.942] [out] [delivery_module]  nodeId="(listenAddresses: [/ip4/0.0.0.0/tcp/0/p2p/16Uiu2HAkvooEdaSR6vYVVULbyZeJMfPJkDAeFmR3LkCqXErnT3hk, /ip4/0.0.0.0/udp/0/quic-v1/p2p/16Uiu2HAkvooEdaSR6vYVVULbyZeJMfPJkDAeFmR3LkCqXErnT3hk], enrUri: enr:-JO4QOCHvmQ1dG4vEpo09fd21IgIGFL0Jsw4EevkiuQu72U2bPUywP0rDK5P2I6Vtq30KM_7aRTgUY1dAeMJk0iDHTIBgmlkgnY0gnJzkwADCAAAAAEAAgADAAQABQAGAAeJc2VjcDI1NmsxoQIUhqs-A-TUX4eA8yV_HpydJQ9UgyhGrtW0K0HrBt85Q4V3YWt1Mi0, mixPubKey: none())"
[2026-10-04 18:59:18.942] [out] [delivery_module] INF 2026-10-04 18:59:18.942+02:00 local addr                                 topics="waku node" tid=6162740 localaddr=/ip4/0.0.0.0/tcp/0
[2026-10-04 18:59:18.943] [out] [delivery_module] INF 2026-10-04 18:59:18.943+02:00 mixPubKey                                  topics="waku node" tid=6162740 mixPubKey="[127, 190, 227, 169, 104, 137, 139, 157, 91, 157, 239, 220, 236, 28, 226, 61, 41, 172, 88, 76, 225, 190, 199, 107, 24, 121, 189, 86, 197, 202, 158, 103]"
[2026-10-04 18:59:18.943] [out] [delivery_module] INF 2026-10-04 18:59:18.943+02:00 Using mix bootstrap nodes                  topics="waku mix" tid=6162740 entries=0 poolSize=0
[2026-10-04 18:59:18.943] [out] [delivery_module] INF 2026-10-04 18:59:18.943+02:00 Mix cannot publish yet, waiting for more mix nodes topics="waku node" tid=6162740 poolSize=0 required=4
[2026-10-04 18:59:18.943] [out] [delivery_module] INF 2026-10-04 18:59:18.943+02:00 mounting store client                      topics="waku node store api" tid=6162740
[2026-10-04 18:59:18.943] [out] [delivery_module] INF 2026-10-04 18:59:18.943+02:00 Mounting auto sharding                     topics="waku node" tid=6162740 clusterId=3 shardCount=8
[2026-10-04 18:59:18.943] [out] [delivery_module] DBG 2026-10-04 18:59:18.943+02:00 Shards created from content topics         tid=6162740 contentTopics=[] shards=[]
[2026-10-04 18:59:18.943] [out] [delivery_module] DBG 2026-10-04 18:59:18.943+02:00 Setting max message size                   tid=6162740 num_bytes=153600
[2026-10-04 18:59:18.943] [out] [delivery_module] INF 2026-10-04 18:59:18.943+02:00 mounting relay protocol                    topics="waku node relay api" tid=6162740
[2026-10-04 18:59:18.943] [out] [delivery_module] DBG 2026-10-04 18:59:18.943+02:00 relay mounted successfully                 topics="waku node relay api" tid=6162740
[2026-10-04 18:59:18.943] [out] [delivery_module] DBG 2026-10-04 18:59:18.943+02:00 Adding validator to signed shards          tid=6162740 protectedShards=[] clusterId=3
[2026-10-04 18:59:18.943] [out] [delivery_module] INF 2026-10-04 18:59:18.943+02:00 Mounting rendezvous discovery protocol     topics="waku node" tid=6162740
[2026-10-04 18:59:18.943] [out] [delivery_module] INF 2026-10-04 18:59:18.943+02:00 Waku rendezvous initialized                topics="waku node" tid=6162740 clusterId=3 shards="[0, 1, 2, 3, 4, 5, 6, 7]" capabilities="[Relay, Filter, Lightpush, Mix]" wakuPeerRecord="(peerId: 16U*rnT3hk, seqNo: 1791133158, addresses: [/ip4/0.0.0.0/tcp/0, /ip4/0.0.0.0/udp/0/quic-v1], mixKey: 0x7fbee3a968898b9d5b9defdcec1ce23d29ac584ce1bec76b1879bd56c5ca9e67)"
[2026-10-04 18:59:18.943] [out] [delivery_module] INF 2026-10-04 18:59:18.943+02:00 Mounting rendezvous client                 topics="waku node" tid=6162740
[2026-10-04 18:59:18.943] [out] [delivery_module] INF 2026-10-04 18:59:18.943+02:00 Waku rendezvous client initialized         topics="waku node" tid=6162740 clusterId=3
[2026-10-04 18:59:18.943] [out] [delivery_module] INF 2026-10-04 18:59:18.943+02:00 mounting libp2p ping protocol              topics="waku node ping api" tid=6162740
[2026-10-04 18:59:18.943] [out] [delivery_module] INF 2026-10-04 18:59:18.943+02:00 mounting light push                        topics="waku node lightpush api" tid=6162740
[2026-10-04 18:59:18.943] [out] [delivery_module] INF 2026-10-04 18:59:18.943+02:00 mounting lightpush with relay              topics="waku node lightpush api" tid=6162740
[2026-10-04 18:59:18.943] [out] [delivery_module] DBG 2026-10-04 18:59:18.943+02:00 lightpush mounted successfully             topics="waku node lightpush api" tid=6162740
[2026-10-04 18:59:18.943] [out] [delivery_module] INF 2026-10-04 18:59:18.943+02:00 mounting legacy light push                 topics="waku node lightpush api" tid=6162740
[2026-10-04 18:59:18.943] [out] [delivery_module] INF 2026-10-04 18:59:18.943+02:00 mounting legacy lightpush with relay       topics="waku node lightpush api" tid=6162740
[2026-10-04 18:59:18.943] [out] [delivery_module] DBG 2026-10-04 18:59:18.943+02:00 legacy lightpush mounted successfully      topics="waku node lightpush api" tid=6162740
[2026-10-04 18:59:18.943] [out] [delivery_module] INF 2026-10-04 18:59:18.943+02:00 mounting light push client                 topics="waku node lightpush api" tid=6162740
[2026-10-04 18:59:18.943] [out] [delivery_module] INF 2026-10-04 18:59:18.943+02:00 mounting legacy light push client          topics="waku node lightpush api" tid=6162740
[2026-10-04 18:59:18.943] [out] [delivery_module] INF 2026-10-04 18:59:18.943+02:00 mounting filter protocol                   topics="waku node filter api" tid=6162740
[2026-10-04 18:59:18.943] [out] [delivery_module] INF 2026-10-04 18:59:18.943+02:00 Starting filter protocol                   topics="waku filter" tid=6162740
[2026-10-04 18:59:18.943] [out] [delivery_module] DBG 2026-10-04 18:59:18.943+02:00 Starting to maintain subscriptions         topics="waku filter" tid=6162740
[2026-10-04 18:59:18.943] [out] [delivery_module] DBG 2026-10-04 18:59:18.943+02:00 Maintaining subscriptions                  topics="waku filter" tid=6162740
[2026-10-04 18:59:18.943] [out] [delivery_module] DBG 2026-10-04 18:59:18.943+02:00 Cleanup                                    topics="waku filter subscriptions" tid=6162740 currentPeerIds=[]
[2026-10-04 18:59:18.943] [out] [delivery_module] DBG 2026-10-04 18:59:18.943+02:00 After cleanup                              topics="waku filter subscriptions" tid=6162740 currentPeerIds=[]
[2026-10-04 18:59:18.943] [out] [delivery_module] INF 2026-10-04 18:59:18.943+02:00 mounting filter client                     topics="waku node filter api" tid=6162740
[2026-10-04 18:59:18.943] [out] [delivery_module] INF 2026-10-04 18:59:18.943+02:00 mounting waku peer exchange                topics="waku node peerexchange api" tid=6162740
[2026-10-04 18:59:18.943] [out] [delivery_module] INF 2026-10-04 18:59:18.943+02:00 mounting waku peer exchange client         topics="waku node peerexchange api" tid=6162740
[2026-10-04 18:59:18.943] [out] [delivery_module] INF 2026-10-04 18:59:18.943+02:00 No external callbacks to be set            topics="wakunode waku" tid=6162740
[2026-10-04 18:59:18.943] [out] [delivery_module] INF 2026-10-04 18:59:18.943+02:00 Setting up AutonatService                  topics="libp2p autonatservice" tid=6162740
[2026-10-04 18:59:18.944] [info] [logos] [delivery_module] DeliveryModuleImpl::createNode callback called with ret: 0
[2026-10-04 18:59:18.944] [info] [logos] [delivery_module] DeliveryModuleImpl: Delivery context created successfully
[2026-10-04 18:59:18.945] [info] [logos] [delivery_module] DeliveryModuleImpl::start called
[2026-10-04 18:59:18.945] [out] [delivery_module] INF 2026-10-04 18:59:18.945+02:00 Retrieve dynamic bootstrap nodes           topics="wakunode waku" tid=6162740
[2026-10-04 18:59:18.945] [info] [logos] [delivery_module] DeliveryModuleImpl::getNodeInfo called with nodeInfoId: MyPeerId
[2026-10-04 18:59:18.945] [out] [delivery_module] INF 2026-10-04 18:59:18.945+02:00 Running nwaku node                         tid=6162740 version=v0.39.0-gca2814
[2026-10-04 18:59:18.945] [out] [delivery_module] INF 2026-10-04 18:59:18.945+02:00 Starting Waku node                         topics="waku node" tid=6162740 version=v0.39.0-gca2814
[2026-10-04 18:59:18.945] [out] [delivery_module] DBG 2026-10-04 18:59:18.945+02:00 Waku rendezvous periodic requests started  topics="waku rendezvous client" tid=6162740 interval=10s
[2026-10-04 18:59:18.945] [out] [delivery_module] INF 2026-10-04 18:59:18.945+02:00 Waku rendezvous client started             topics="waku rendezvous client" tid=6162740
[2026-10-04 18:59:18.945] [out] [delivery_module] DBG 2026-10-04 18:59:18.945+02:00 starting switch for peer                   topics="libp2p switch" tid=6162740 peerInfo="(peerId: 16Uiu2HAkvooEdaSR6vYVVULbyZeJMfPJkDAeFmR3LkCqXErnT3hk, listenAddrs: [/ip4/0.0.0.0/tcp/0, /ip4/0.0.0.0/udp/0/quic-v1], addrs: [], protocols: [/ipfs/id/1.0.0, /libp2p/autonat/1.0.0, /libp2p/circuit/relay/0.2.0/hop, /vac/waku/metadata/1.0.0, /mix/1.0.0, /logos/service-discovery/1.0.0, /vac/waku/relay/2.0.0, /vac/waku/rendezvous/1.0.0, /ipfs/ping/1.0.0, /vac/waku/lightpush/3.0.0, /vac/waku/lightpush/2.0.0-beta1, /vac/waku/filter-subscribe/2.0.0-beta1, /vac/waku/filter-push/2.0.0-beta1, /vac/waku/peer-exchange/2.0.0-alpha1], protoVersion: ipfs/0.1.0, agentVersion: logos-delivery-v0.39.0-gca2814)"
[2026-10-04 18:59:18.945] [out] [delivery_module] DBG 2026-10-04 18:59:18.945+02:00 No private listen addresses to map; releasing any prior mappings topics="libp2p natservice" tid=6162740
[2026-10-04 18:59:18.945] [out] [delivery_module] DBG 2026-10-04 18:59:18.945+02:00 Configured QUIC UDP receive buffer         tid=6162740 requestedBytes=8388608 effectiveBytes=8388608
[2026-10-04 18:59:18.945] [out] [delivery_module] DBG 2026-10-04 18:59:18.945+02:00 About to accept incoming connection        topics="libp2p switch" tid=6162740
[2026-10-04 18:59:18.945] [out] [delivery_module] DBG 2026-10-04 18:59:18.945+02:00 About to accept incoming connection        topics="libp2p switch" tid=6162740
[2026-10-04 18:59:18.945] [out] [delivery_module] DBG 2026-10-04 18:59:18.945+02:00 No private listen addresses to map; releasing any prior mappings topics="libp2p natservice" tid=6162740
[2026-10-04 18:59:18.946] [out] [delivery_module] DBG 2026-10-04 18:59:18.946+02:00 Lookup query                               topics="kad-dht find" tid=6162740 peer=16U*kGyuEP
[2026-10-04 18:59:18.946] [out] [delivery_module] DBG 2026-10-04 18:59:18.946+02:00 Dialing peer                               topics="libp2p dialer" tid=6162740 peerId=16U*kGyuEP addrs="[/dns4/delivery-01.ac-cn-hongkong-c.logos.dev.status.im/tcp/30303]"
[2026-10-04 18:59:18.946] [out] [delivery_module] DBG 2026-10-04 18:59:18.946+02:00 resolved addresses                         topics="libp2p dialer" tid=6162740 originalAddresses=/dns4/delivery-01.ac-cn-hongkong-c.logos.dev.status.im/tcp/30303/p2p/16Uiu2HAm8YokiNun9BkeA1ZRmhLbtNUvcwRr64F69tYj9fkGyuEP resolvedAddresses="[/dns4/delivery-01.ac-cn-hongkong-c.logos.dev.status.im/tcp/30303/p2p/16Uiu2HAm8YokiNun9BkeA1ZRmhLbtNUvcwRr64F69tYj9fkGyuEP]"
[2026-10-04 18:59:18.946] [out] [delivery_module] DBG 2026-10-04 18:59:18.946+02:00 Lookup query                               topics="kad-dht find" tid=6162740 peer=16U*P1S397
[2026-10-04 18:59:18.946] [out] [delivery_module] DBG 2026-10-04 18:59:18.946+02:00 Dialing peer                               topics="libp2p dialer" tid=6162740 peerId=16U*P1S397 addrs="[/dns4/delivery-01.gc-us-central1-a.logos.dev.status.im/tcp/30303]"
[2026-10-04 18:59:18.946] [out] [delivery_module] DBG 2026-10-04 18:59:18.946+02:00 resolved addresses                         topics="libp2p dialer" tid=6162740 originalAddresses=/dns4/delivery-01.gc-us-central1-a.logos.dev.status.im/tcp/30303/p2p/16Uiu2HAm4S1JYkuzDKLKQvwgAhZKs9otxXqt8SCGtB4hoJP1S397 resolvedAddresses="[/dns4/delivery-01.gc-us-central1-a.logos.dev.status.im/tcp/30303/p2p/16Uiu2HAm4S1JYkuzDKLKQvwgAhZKs9otxXqt8SCGtB4hoJP1S397]"
[2026-10-04 18:59:18.946] [out] [delivery_module] DBG 2026-10-04 18:59:18.946+02:00 Lookup query                               topics="kad-dht find" tid=6162740 peer=16U*T3UNSE
[2026-10-04 18:59:18.946] [out] [delivery_module] DBG 2026-10-04 18:59:18.946+02:00 Dialing peer                               topics="libp2p dialer" tid=6162740 peerId=16U*T3UNSE addrs="[/dns4/delivery-02.ac-cn-hongkong-c.logos.dev.status.im/tcp/30303]"
[2026-10-04 18:59:18.946] [out] [delivery_module] DBG 2026-10-04 18:59:18.946+02:00 resolved addresses                         topics="libp2p dialer" tid=6162740 originalAddresses=/dns4/delivery-02.ac-cn-hongkong-c.logos.dev.status.im/tcp/30303/p2p/16Uiu2HAkvwhGHKNry6LACrB8TmEFoCJKEX29XR5dDUzk3UT3UNSE resolvedAddresses="[/dns4/delivery-02.ac-cn-hongkong-c.logos.dev.status.im/tcp/30303/p2p/16Uiu2HAkvwhGHKNry6LACrB8TmEFoCJKEX29XR5dDUzk3UT3UNSE]"
[2026-10-04 18:59:18.946] [out] [delivery_module] DBG 2026-10-04 18:59:18.946+02:00 Lookup query                               topics="kad-dht find" tid=6162740 peer=16U*VpJprH
[2026-10-04 18:59:18.946] [out] [delivery_module] DBG 2026-10-04 18:59:18.946+02:00 Dialing peer                               topics="libp2p dialer" tid=6162740 peerId=16U*VpJprH addrs="[/dns4/delivery-02.do-ams3.logos.dev.status.im/tcp/30303]"
[2026-10-04 18:59:18.946] [out] [delivery_module] DBG 2026-10-04 18:59:18.946+02:00 resolved addresses                         topics="libp2p dialer" tid=6162740 originalAddresses=/dns4/delivery-02.do-ams3.logos.dev.status.im/tcp/30303/p2p/16Uiu2HAmMK7PYygBtKUQ8EHp7EfaD3bCEsJrkFooK8RQ2PVpJprH resolvedAddresses="[/dns4/delivery-02.do-ams3.logos.dev.status.im/tcp/30303/p2p/16Uiu2HAmMK7PYygBtKUQ8EHp7EfaD3bCEsJrkFooK8RQ2PVpJprH]"
[2026-10-04 18:59:18.946] [out] [delivery_module] DBG 2026-10-04 18:59:18.946+02:00 Lookup query                               topics="kad-dht find" tid=6162740 peer=16U*TwqBiH
[2026-10-04 18:59:18.946] [out] [delivery_module] DBG 2026-10-04 18:59:18.946+02:00 Dialing peer                               topics="libp2p dialer" tid=6162740 peerId=16U*TwqBiH addrs="[/dns4/delivery-02.gc-us-central1-a.logos.dev.status.im/tcp/30303]"
[2026-10-04 18:59:18.946] [out] [delivery_module] DBG 2026-10-04 18:59:18.946+02:00 resolved addresses                         topics="libp2p dialer" tid=6162740 originalAddresses=/dns4/delivery-02.gc-us-central1-a.logos.dev.status.im/tcp/30303/p2p/16Uiu2HAm8Y9kgBNtjxvCnf1X6gnZJW5EGE4UwwCL3CCm55TwqBiH resolvedAddresses="[/dns4/delivery-02.gc-us-central1-a.logos.dev.status.im/tcp/30303/p2p/16Uiu2HAm8Y9kgBNtjxvCnf1X6gnZJW5EGE4UwwCL3CCm55TwqBiH]"
[2026-10-04 18:59:18.946] [out] [delivery_module] DBG 2026-10-04 18:59:18.946+02:00 Lookup query                               topics="kad-dht find" tid=6162740 peer=16U*NSkuby
[2026-10-04 18:59:18.946] [out] [delivery_module] DBG 2026-10-04 18:59:18.946+02:00 Dialing peer                               topics="libp2p dialer" tid=6162740 peerId=16U*NSkuby addrs="[/dns4/delivery-01.do-ams3.logos.dev.status.im/tcp/30303]"
[2026-10-04 18:59:18.947] [out] [delivery_module] DBG 2026-10-04 18:59:18.947+02:00 resolved addresses                         topics="libp2p dialer" tid=6162740 originalAddresses=/dns4/delivery-01.do-ams3.logos.dev.status.im/tcp/30303/p2p/16Uiu2HAmTUbnxLGT9JvV6mu9oPyDjqHK4Phs1VDJNUgESgNSkuby resolvedAddresses="[/dns4/delivery-01.do-ams3.logos.dev.status.im/tcp/30303/p2p/16Uiu2HAmTUbnxLGT9JvV6mu9oPyDjqHK4Phs1VDJNUgESgNSkuby]"
[2026-10-04 18:59:18.947] [out] [delivery_module] ERR 2026-10-04 18:59:18.947+02:00 Failed to create signed extended peer record topics="service-discovery" tid=6162740 error="no dialable address to publish yet"
[2026-10-04 18:59:18.947] [out] [delivery_module] INF 2026-10-04 18:59:18.947+02:00 Service Discovery started                  topics="service-discovery" tid=6162740
[2026-10-04 18:59:18.947] [out] [delivery_module] INF 2026-10-04 18:59:18.947+02:00 start                                      topics="waku relay" tid=6162740
[2026-10-04 18:59:18.947] [out] [delivery_module] DBG 2026-10-04 18:59:18.947+02:00 Waku rendezvous periodic registration started topics="waku rendezvous" tid=6162740 interval=10s
[2026-10-04 18:59:18.947] [out] [delivery_module] INF 2026-10-04 18:59:18.947+02:00 Waku rendezvous discovery started          topics="waku rendezvous" tid=6162740
[2026-10-04 18:59:18.947] [out] [delivery_module] DBG 2026-10-04 18:59:18.947+02:00 Started libp2p node                        topics="libp2p switch" tid=6162740 peer="(peerId: 16Uiu2HAkvooEdaSR6vYVVULbyZeJMfPJkDAeFmR3LkCqXErnT3hk, listenAddrs: [/ip4/0.0.0.0/tcp/57126, /ip4/0.0.0.0/udp/60229/quic-v1], addrs: [/ip4/0.0.0.0/tcp/57126, /ip4/0.0.0.0/udp/60229/quic-v1], protocols: [/ipfs/id/1.0.0, /libp2p/autonat/1.0.0, /libp2p/circuit/relay/0.2.0/hop, /vac/waku/metadata/1.0.0, /mix/1.0.0, /logos/service-discovery/1.0.0, /vac/waku/relay/2.0.0, /vac/waku/rendezvous/1.0.0, /ipfs/ping/1.0.0, /vac/waku/lightpush/3.0.0, /vac/waku/lightpush/2.0.0-beta1, /vac/waku/filter-subscribe/2.0.0-beta1, /vac/waku/filter-push/2.0.0-beta1, /vac/waku/peer-exchange/2.0.0-alpha1], protoVersion: ipfs/0.1.0, agentVersion: logos-delivery-v0.39.0-gca2814)"
[2026-10-04 18:59:18.948] [out] [delivery_module] INF 2026-10-04 18:59:18.948+02:00 Announced base resolved                    topics="waku node" tid=6162740 addrs="@[/ip4/172.20.10.14/tcp/57126, /ip4/172.20.10.14/udp/60229/quic-v1]" explicit=@[]
[2026-10-04 18:59:18.948] [info] [logos] [delivery_module] DeliveryModuleImpl::subscribe called with contentTopic: /lp0026forum/1/general/text
[2026-10-04 18:59:18.948] [out] [delivery_module] DBG 2026-10-04 18:59:18.948+02:00 Subscribing to pubsub topic                topics="waku relay" tid=6162740 pubsubTopic=/waku/2/rs/3/7
[2026-10-04 18:59:18.949] [out] [delivery_module] DBG 2026-10-04 18:59:18.949+02:00 No mesh peer for the given pubsub topic    topics="waku relay" tid=6162740 pubsubTopic=/waku/2/rs/3/7
[2026-10-04 18:59:18.949] [info] [logos] [delivery_module] DeliveryModuleImpl: Subscribe completed for topic: /lp0026forum/1/general/text with success
[2026-10-04 18:59:18.996] [out] [delivery_module] INF 2026-10-04 18:59:18.996+02:00 Using mix bootstrap nodes                  topics="waku mix" tid=6162740 entries=1 poolSize=1
[2026-10-04 18:59:18.996] [out] [delivery_module] INF 2026-10-04 18:59:18.996+02:00 Using mix bootstrap nodes                  topics="waku mix" tid=6162740 entries=1 poolSize=2
[2026-10-04 18:59:18.997] [out] [delivery_module] INF 2026-10-04 18:59:18.997+02:00 Using mix bootstrap nodes                  topics="waku mix" tid=6162740 entries=1 poolSize=3
[2026-10-04 18:59:18.997] [out] [delivery_module] INF 2026-10-04 18:59:18.997+02:00 Using mix bootstrap nodes                  topics="waku mix" tid=6162740 entries=1 poolSize=4
[2026-10-04 18:59:18.997] [out] [delivery_module] INF 2026-10-04 18:59:18.997+02:00 Using mix bootstrap nodes                  topics="waku mix" tid=6162740 entries=1 poolSize=5
[2026-10-04 18:59:18.997] [out] [delivery_module] DBG 2026-10-04 18:59:18.997+02:00 Expanded address and hostname              topics="libp2p dialer" tid=6162740 expandedAddress=/dns4/delivery-01.gc-us-central1-a.logos.dev.status.im/tcp/30303 hostname=delivery-01.gc-us-central1-a.logos.dev.status.im resolvedAddresses="[/ip4/136.119.156.87/tcp/30303]"
[2026-10-04 18:59:18.998] [out] [delivery_module] DBG 2026-10-04 18:59:18.998+02:00 Expanded address and hostname              topics="libp2p dialer" tid=6162740 expandedAddress=/dns4/delivery-02.ac-cn-hongkong-c.logos.dev.status.im/tcp/30303 hostname=delivery-02.ac-cn-hongkong-c.logos.dev.status.im resolvedAddresses="[/ip4/43.99.103.10/tcp/30303]"
[2026-10-04 18:59:18.998] [out] [delivery_module] DBG 2026-10-04 18:59:18.998+02:00 Expanded address and hostname              topics="libp2p dialer" tid=6162740 expandedAddress=/dns4/delivery-01.do-ams3.logos.dev.status.im/tcp/30303 hostname=delivery-01.do-ams3.logos.dev.status.im resolvedAddresses="[/ip4/138.68.122.137/tcp/30303]"
[2026-10-04 18:59:18.998] [out] [delivery_module] INF 2026-10-04 18:59:18.998+02:00 Using mix bootstrap nodes                  topics="waku mix" tid=6162740 entries=1 poolSize=6
[2026-10-04 18:59:18.998] [out] [delivery_module] DBG 2026-10-04 18:59:18.998+02:00 Expanded address and hostname              topics="libp2p dialer" tid=6162740 expandedAddress=/dns4/delivery-01.ac-cn-hongkong-c.logos.dev.status.im/tcp/30303 hostname=delivery-01.ac-cn-hongkong-c.logos.dev.status.im resolvedAddresses="[/ip4/47.242.130.189/tcp/30303]"
[2026-10-04 18:59:18.998] [out] [delivery_module] DBG 2026-10-04 18:59:18.998+02:00 Expanded address and hostname              topics="libp2p dialer" tid=6162740 expandedAddress=/dns4/delivery-02.gc-us-central1-a.logos.dev.status.im/tcp/30303 hostname=delivery-02.gc-us-central1-a.logos.dev.status.im resolvedAddresses="[/ip4/34.123.201.25/tcp/30303]"
[2026-10-04 18:59:18.998] [out] [delivery_module] DBG 2026-10-04 18:59:18.998+02:00 Expanded address and hostname              topics="libp2p dialer" tid=6162740 expandedAddress=/dns4/delivery-02.do-ams3.logos.dev.status.im/tcp/30303 hostname=delivery-02.do-ams3.logos.dev.status.im resolvedAddresses="[/ip4/174.138.106.244/tcp/30303]"
[2026-10-04 18:59:19.270] [out] [delivery_module] DBG 2026-10-04 18:59:19.270+02:00 Dial successful                            topics="libp2p dialer" tid=6162740 peerId=16U*NSkuby
[2026-10-04 18:59:19.270] [out] [delivery_module] DBG 2026-10-04 18:59:19.270+02:00 starting sendNonHighPriorityTask           topics="libp2p pubsubpeer" tid=6162740 p=16U*NSkuby
[2026-10-04 18:59:19.271] [out] [delivery_module] DBG 2026-10-04 18:59:19.270+02:00 created new pubsub peer                    topics="libp2p pubsub" tid=6162740 peerId=16U*NSkuby
[2026-10-04 18:59:19.271] [out] [delivery_module] DBG 2026-10-04 18:59:19.270+02:00 no listener registered                     tid=6162741 event=onConnectionChange
[2026-10-04 18:59:19.271] [out] [delivery_module] DBG 2026-10-04 18:59:19.271+02:00 Incoming WakuRelay connection              topics="waku relay" tid=6162740 connection=16U*NSkuby:6ac285e75abfbc5226a01096 protocol=/vac/waku/relay/2.0.0
[2026-10-04 18:59:19.271] [out] [delivery_module] DBG 2026-10-04 18:59:19.271+02:00 starting pubsub read loop                  topics="libp2p pubsubpeer" tid=6162740 stream=16U*NSkuby:6ac285e75abfbc5226a01096 peer=16U*NSkuby closed=false
[2026-10-04 18:59:19.277] [out] [delivery_module] DBG 2026-10-04 18:59:19.277+02:00 identify: info sent                        topics="libp2p identify" tid=6162740 stream=16U*NSkuby:6ac285e75abfbc5226a01097 info="(peerId: 16Uiu2HAkvooEdaSR6vYVVULbyZeJMfPJkDAeFmR3LkCqXErnT3hk, listenAddrs: [/ip4/0.0.0.0/tcp/57126, /ip4/0.0.0.0/udp/60229/quic-v1], addrs: [/ip4/0.0.0.0/tcp/57126, /ip4/0.0.0.0/udp/60229/quic-v1], protocols: [/ipfs/id/1.0.0, /libp2p/autonat/1.0.0, /libp2p/circuit/relay/0.2.0/hop, /vac/waku/metadata/1.0.0, /mix/1.0.0, /logos/service-discovery/1.0.0, /vac/waku/relay/2.0.0, /vac/waku/rendezvous/1.0.0, /ipfs/ping/1.0.0, /vac/waku/lightpush/3.0.0, /vac/waku/lightpush/2.0.0-beta1, /vac/waku/filter-subscribe/2.0.0-beta1, /vac/waku/filter-push/2.0.0-beta1, /vac/waku/peer-exchange/2.0.0-alpha1], protoVersion: ipfs/0.1.0, agentVersion: logos-delivery-v0.39.0-gca2814)"
[2026-10-04 18:59:19.347] [out] [delivery_module] DBG 2026-10-04 18:59:19.347+02:00 identify: info received                    topics="libp2p identify" tid=6162740 stream=16U*NSkuby:6ac285e75abfbc5226a01099 pubkey=ok(sec...9ab7)) addresses=/ip4/138.68.122.137/tcp/30303,/ip4/138.68.122.137/udp/30303/quic-v1,/dns4/delivery-01.do-ams3.logos.dev.status.im/tcp/30303 protocols=/ipfs/id/1.0.0,/libp2p/autonat/1.0.0,/libp2p/circuit/relay/0.2.0/hop,/vac/waku/metadata/1.0.0,/mix/1.0.0,/logos/service-discovery/1.0.0,/vac/waku/store-query/3.0.0,/vac/waku/relay/2.0.0,/vac/waku/rendezvous/1.0.0,/ipfs/ping/1.0.0,/vac/waku/lightpush/3.0.0,/vac/waku/lightpush/2.0.0-beta1,/vac/waku/filter-subscribe/2.0.0-beta1,/vac/waku/filter-push/2.0.0-beta1,/vac/waku/peer-exchange/2.0.0-alpha1 observable_address=ok(/ip4/109.41.112.89/tcp/46882) proto_version=ipfs/0.1.0 agent_version=logos-delivery-v0.39.0-gca2814 signedPeerRecord=None
[2026-10-04 18:59:19.348] [out] [delivery_module] DBG 2026-10-04 18:59:19.348+02:00 starting pubsub read loop                  topics="libp2p pubsubpeer" tid=6162740 stream=16U*NSkuby:6ac285e75abfbc5226a01098 peer=16U*NSkuby closed=false
[2026-10-04 18:59:19.348] [out] [delivery_module] DBG 2026-10-04 18:59:19.348+02:00 Event identified                           topics="waku node peer_manager" tid=6162740 peerId=16U*NSkuby
[2026-10-04 18:59:19.348] [out] [delivery_module] DBG 2026-10-04 18:59:19.348+02:00 no listener registered                     tid=6162741 event=onConnectionChange
[2026-10-04 18:59:19.427] [out] [delivery_module] DBG 2026-10-04 18:59:19.427+02:00 Received WakuMetadata request              topics="waku metadata" tid=6162740 remoteClusterId=ok(3) remoteShards="[5, 0, 2, 1, 4, 7, 3, 6]" localClusterId=3 localShards="[7]" peer=16U*NSkuby
[2026-10-04 18:59:19.494] [out] [delivery_module] DBG 2026-10-04 18:59:19.494+02:00 no listener registered                     tid=6162741 event=onConnectionChange
[2026-10-04 18:59:19.633] [out] [delivery_module] DBG 2026-10-04 18:59:19.633+02:00 Dialing peer                               topics="libp2p dialer" tid=6162740 peerId=16U*xpM86W addrs="[/ip4/172.20.10.14/udp/60461/quic-v1, /ip4/172.20.10.14/tcp/54478]"
[2026-10-04 18:59:19.634] [out] [delivery_module] DBG 2026-10-04 18:59:19.634+02:00 Expanded address and hostname              topics="libp2p dialer" tid=6162740 expandedAddress=/ip4/172.20.10.14/udp/60461/quic-v1 hostname=172.20.10.14 resolvedAddresses="[/ip4/172.20.10.14/udp/60461/quic-v1]"
[2026-10-04 18:59:19.634] [out] [delivery_module] DBG 2026-10-04 18:59:19.634+02:00 New connection established: client         tid=6162740
[2026-10-04 18:59:19.635] [out] [delivery_module] DBG 2026-10-04 18:59:19.635+02:00 Dialing peer                               topics="libp2p dialer" tid=6162740 peerId=16U*AknWwg addrs="[/ip4/172.20.10.14/udp/57016/quic-v1, /ip4/172.20.10.14/tcp/55373]"
[2026-10-04 18:59:19.635] [out] [delivery_module] DBG 2026-10-04 18:59:19.635+02:00 Expanded address and hostname              topics="libp2p dialer" tid=6162740 expandedAddress=/ip4/172.20.10.14/udp/57016/quic-v1 hostname=172.20.10.14 resolvedAddresses="[/ip4/172.20.10.14/udp/57016/quic-v1]"
[2026-10-04 18:59:19.635] [out] [delivery_module] DBG 2026-10-04 18:59:19.635+02:00 New connection established: client         tid=6162740
[2026-10-04 18:59:19.635] [out] [delivery_module] DBG 2026-10-04 18:59:19.635+02:00 Dialing peer                               topics="libp2p dialer" tid=6162740 peerId=16U*8rq3kg addrs="[/ip4/172.20.10.14/udp/49629/quic-v1, /ip4/172.20.10.14/tcp/50996]"
[2026-10-04 18:59:19.635] [out] [delivery_module] DBG 2026-10-04 18:59:19.635+02:00 Expanded address and hostname              topics="libp2p dialer" tid=6162740 expandedAddress=/ip4/172.20.10.14/udp/49629/quic-v1 hostname=172.20.10.14 resolvedAddresses="[/ip4/172.20.10.14/udp/49629/quic-v1]"
[2026-10-04 18:59:19.635] [out] [delivery_module] DBG 2026-10-04 18:59:19.635+02:00 New connection established: client         tid=6162740
[2026-10-04 18:59:19.636] [out] [delivery_module] DBG 2026-10-04 18:59:19.636+02:00 Dialing peer                               topics="libp2p dialer" tid=6162740 peerId=16U*GcpKMp addrs="[/ip4/172.20.10.14/udp/58226/quic-v1, /ip4/172.20.10.14/tcp/56648]"
[2026-10-04 18:59:19.636] [out] [delivery_module] DBG 2026-10-04 18:59:19.636+02:00 Expanded address and hostname              topics="libp2p dialer" tid=6162740 expandedAddress=/ip4/172.20.10.14/udp/58226/quic-v1 hostname=172.20.10.14 resolvedAddresses="[/ip4/172.20.10.14/udp/58226/quic-v1]"
[2026-10-04 18:59:19.636] [out] [delivery_module] DBG 2026-10-04 18:59:19.636+02:00 New connection established: client         tid=6162740
[2026-10-04 18:59:19.638] [out] [delivery_module] DBG 2026-10-04 18:59:19.638+02:00 Dialing peer                               topics="libp2p dialer" tid=6162740 peerId=16U*kpeu1j addrs="[/ip4/172.20.10.14/udp/62169/quic-v1, /ip4/109.41.112.89/tcp/38400, /ip4/172.20.10.14/tcp/53509, /ip4/109.41.112.89/tcp/36893, /ip4/109.41.112.89/tcp/46914, /ip4/109.41.112.89/tcp/36967, /ip4/109.41.112.89/tcp/43115]"
[2026-10-04 18:59:19.638] [out] [delivery_module] DBG 2026-10-04 18:59:19.638+02:00 Expanded address and hostname              topics="libp2p dialer" tid=6162740 expandedAddress=/ip4/172.20.10.14/udp/62169/quic-v1 hostname=172.20.10.14 resolvedAddresses="[/ip4/172.20.10.14/udp/62169/quic-v1]"
[2026-10-04 18:59:19.638] [out] [delivery_module] DBG 2026-10-04 18:59:19.638+02:00 New connection established: client         tid=6162740
[2026-10-04 18:59:19.638] [out] [delivery_module] DBG 2026-10-04 18:59:19.638+02:00 Dialing peer                               topics="libp2p dialer" tid=6162740 peerId=16U*UMrxyT addrs="[/ip4/172.20.10.14/udp/59518/quic-v1, /ip4/172.20.10.14/tcp/53863]"
[2026-10-04 18:59:19.638] [out] [delivery_module] DBG 2026-10-04 18:59:19.638+02:00 Expanded address and hostname              topics="libp2p dialer" tid=6162740 expandedAddress=/ip4/172.20.10.14/udp/59518/quic-v1 hostname=172.20.10.14 resolvedAddresses="[/ip4/172.20.10.14/udp/59518/quic-v1]"
[2026-10-04 18:59:19.638] [out] [delivery_module] DBG 2026-10-04 18:59:19.638+02:00 New connection established: client         tid=6162740
[2026-10-04 18:59:19.640] [out] [delivery_module] DBG 2026-10-04 18:59:19.640+02:00 Dialing peer                               topics="libp2p dialer" tid=6162740 peerId=16U*t5HAoy addrs="[/ip4/172.20.10.14/udp/55704/quic-v1, /ip4/109.41.112.89/tcp/45860, /ip4/109.41.112.89/tcp/44569, /ip4/109.41.112.89/tcp/45681, /ip4/172.20.10.14/tcp/52140, /ip4/109.41.112.89/tcp/45850, /ip4/109.41.112.89/tcp/35166]"
[2026-10-04 18:59:19.640] [out] [delivery_module] DBG 2026-10-04 18:59:19.640+02:00 Expanded address and hostname              topics="libp2p dialer" tid=6162740 expandedAddress=/ip4/172.20.10.14/udp/55704/quic-v1 hostname=172.20.10.14 resolvedAddresses="[/ip4/172.20.10.14/udp/55704/quic-v1]"
[2026-10-04 18:59:19.641] [out] [delivery_module] DBG 2026-10-04 18:59:19.641+02:00 New connection established: client         tid=6162740
[2026-10-04 18:59:19.642] [out] [delivery_module] DBG 2026-10-04 18:59:19.642+02:00 Dialing peer                               topics="libp2p dialer" tid=6162740 peerId=16U*UeND2x addrs="[/ip4/172.20.10.14/udp/51140/quic-v1, /ip4/172.20.10.14/tcp/55656]"
[2026-10-04 18:59:19.642] [out] [delivery_module] DBG 2026-10-04 18:59:19.642+02:00 Expanded address and hostname              topics="libp2p dialer" tid=6162740 expandedAddress=/ip4/172.20.10.14/udp/51140/quic-v1 hostname=172.20.10.14 resolvedAddresses="[/ip4/172.20.10.14/udp/51140/quic-v1]"
[2026-10-04 18:59:19.643] [out] [delivery_module] DBG 2026-10-04 18:59:19.643+02:00 New connection established: client         tid=6162740
[2026-10-04 18:59:19.646] [out] [delivery_module] DBG 2026-10-04 18:59:19.646+02:00 Dialing peer                               topics="libp2p dialer" tid=6162740 peerId=16U*CbKVbN addrs="[/ip4/172.20.10.14/udp/55956/quic-v1, /ip4/172.20.10.14/tcp/51685]"
[2026-10-04 18:59:19.646] [out] [delivery_module] DBG 2026-10-04 18:59:19.646+02:00 Expanded address and hostname              topics="libp2p dialer" tid=6162740 expandedAddress=/ip4/172.20.10.14/udp/55956/quic-v1 hostname=172.20.10.14 resolvedAddresses="[/ip4/172.20.10.14/udp/55956/quic-v1]"
[2026-10-04 18:59:19.646] [out] [delivery_module] DBG 2026-10-04 18:59:19.646+02:00 New connection established: client         tid=6162740
[2026-10-04 18:59:19.650] [out] [delivery_module] DBG 2026-10-04 18:59:19.650+02:00 Dialing peer                               topics="libp2p dialer" tid=6162740 peerId=16U*Hv8wAS addrs="[/ip4/172.20.10.14/udp/59448/quic-v1, /ip4/172.20.10.14/tcp/53510, /ip4/109.41.112.89/tcp/40797, /ip4/109.41.112.89/tcp/35334, /ip4/109.41.112.89/tcp/42823, /ip4/109.41.112.89/tcp/35864, /ip4/109.41.112.89/tcp/34888]"
[2026-10-04 18:59:19.650] [out] [delivery_module] DBG 2026-10-04 18:59:19.650+02:00 Expanded address and hostname              topics="libp2p dialer" tid=6162740 expandedAddress=/ip4/172.20.10.14/udp/59448/quic-v1 hostname=172.20.10.14 resolvedAddresses="[/ip4/172.20.10.14/udp/59448/quic-v1]"
[2026-10-04 18:59:19.650] [out] [delivery_module] DBG 2026-10-04 18:59:19.650+02:00 New connection established: client         tid=6162740
[2026-10-04 18:59:19.650] [out] [delivery_module] DBG 2026-10-04 18:59:19.650+02:00 Dialing peer                               topics="libp2p dialer" tid=6162740 peerId=16U*2pfeoX addrs="[/ip4/192.168.68.53/udp/16011/quic-v1, /ip4/192.168.68.53/tcp/27431]"
[2026-10-04 18:59:19.650] [out] [delivery_module] DBG 2026-10-04 18:59:19.650+02:00 Expanded address and hostname              topics="libp2p dialer" tid=6162740 expandedAddress=/ip4/192.168.68.53/udp/16011/quic-v1 hostname=192.168.68.53 resolvedAddresses="[/ip4/192.168.68.53/udp/16011/quic-v1]"
[2026-10-04 18:59:19.650] [out] [delivery_module] DBG 2026-10-04 18:59:19.650+02:00 New connection established: client         tid=6162740
[2026-10-04 18:59:19.653] [out] [delivery_module] DBG 2026-10-04 18:59:19.652+02:00 Dialing peer                               topics="libp2p dialer" tid=6162740 peerId=16U*oWQB23 addrs="[/ip4/88.160.11.28/udp/19925/quic-v1, /ip4/88.160.11.28/tcp/17981]"
[2026-10-04 18:59:19.653] [out] [delivery_module] DBG 2026-10-04 18:59:19.653+02:00 Expanded address and hostname              topics="libp2p dialer" tid=6162740 expandedAddress=/ip4/88.160.11.28/udp/19925/quic-v1 hostname=88.160.11.28 resolvedAddresses="[/ip4/88.160.11.28/udp/19925/quic-v1]"
[2026-10-04 18:59:19.653] [out] [delivery_module] DBG 2026-10-04 18:59:19.653+02:00 New connection established: client         tid=6162740
[2026-10-04 18:59:19.655] [out] [delivery_module] DBG 2026-10-04 18:59:19.655+02:00 Dialing peer                               topics="libp2p dialer" tid=6162740 peerId=16U*iSrhve addrs="[/ip4/173.42.114.210/tcp/37795]"
[2026-10-04 18:59:19.655] [out] [delivery_module] DBG 2026-10-04 18:59:19.655+02:00 Expanded address and hostname              topics="libp2p dialer" tid=6162740 expandedAddress=/ip4/173.42.114.210/tcp/37795 hostname=173.42.114.210 resolvedAddresses="[/ip4/173.42.114.210/tcp/37795]"
[2026-10-04 18:59:19.655] [out] [delivery_module] DBG 2026-10-04 18:59:19.655+02:00 Lookup query                               topics="kad-dht find" tid=6162740 peer=16U*xpM86W
[2026-10-04 18:59:19.655] [out] [delivery_module] DBG 2026-10-04 18:59:19.655+02:00 Lookup query                               topics="kad-dht find" tid=6162740 peer=16U*AknWwg
[2026-10-04 18:59:19.655] [out] [delivery_module] DBG 2026-10-04 18:59:19.655+02:00 Lookup query                               topics="kad-dht find" tid=6162740 peer=16U*8rq3kg
[2026-10-04 18:59:19.655] [out] [delivery_module] DBG 2026-10-04 18:59:19.655+02:00 Lookup query                               topics="kad-dht find" tid=6162740 peer=16U*GcpKMp
[2026-10-04 18:59:19.655] [out] [delivery_module] DBG 2026-10-04 18:59:19.655+02:00 Lookup query                               topics="kad-dht find" tid=6162740 peer=16U*kpeu1j
[2026-10-04 18:59:19.656] [out] [delivery_module] DBG 2026-10-04 18:59:19.656+02:00 Dial successful                            topics="libp2p dialer" tid=6162740 peerId=16U*P1S397
[2026-10-04 18:59:19.656] [out] [delivery_module] DBG 2026-10-04 18:59:19.656+02:00 starting sendNonHighPriorityTask           topics="libp2p pubsubpeer" tid=6162740 p=16U*P1S397
[2026-10-04 18:59:19.656] [out] [delivery_module] DBG 2026-10-04 18:59:19.656+02:00 created new pubsub peer                    topics="libp2p pubsub" tid=6162740 peerId=16U*P1S397
[2026-10-04 18:59:19.656] [out] [delivery_module] DBG 2026-10-04 18:59:19.656+02:00 no listener registered                     tid=6162741 event=onConnectionChange
[2026-10-04 18:59:19.656] [out] [delivery_module] DBG 2026-10-04 18:59:19.656+02:00 Incoming WakuRelay connection              topics="waku relay" tid=6162740 connection=16U*P1S397:6ac285e75abfbc5226a0109f protocol=/vac/waku/relay/2.0.0
[2026-10-04 18:59:19.656] [out] [delivery_module] DBG 2026-10-04 18:59:19.656+02:00 starting pubsub read loop                  topics="libp2p pubsubpeer" tid=6162740 stream=16U*P1S397:6ac285e75abfbc5226a0109f peer=16U*P1S397 closed=false
[2026-10-04 18:59:19.656] [out] [delivery_module] DBG 2026-10-04 18:59:19.656+02:00 identify: info sent                        topics="libp2p identify" tid=6162740 stream=16U*P1S397:6ac285e75abfbc5226a010a0 info="(peerId: 16Uiu2HAkvooEdaSR6vYVVULbyZeJMfPJkDAeFmR3LkCqXErnT3hk, listenAddrs: [/ip4/0.0.0.0/tcp/57126, /ip4/0.0.0.0/udp/60229/quic-v1], addrs: [/ip4/0.0.0.0/tcp/57126, /ip4/0.0.0.0/udp/60229/quic-v1], protocols: [/ipfs/id/1.0.0, /libp2p/autonat/1.0.0, /libp2p/circuit/relay/0.2.0/hop, /vac/waku/metadata/1.0.0, /mix/1.0.0, /logos/service-discovery/1.0.0, /vac/waku/relay/2.0.0, /vac/waku/rendezvous/1.0.0, /ipfs/ping/1.0.0, /vac/waku/lightpush/3.0.0, /vac/waku/lightpush/2.0.0-beta1, /vac/waku/filter-subscribe/2.0.0-beta1, /vac/waku/filter-push/2.0.0-beta1, /vac/waku/peer-exchange/2.0.0-alpha1], protoVersion: ipfs/0.1.0, agentVersion: logos-delivery-v0.39.0-gca2814)"
[2026-10-04 18:59:19.688] [out] [delivery_module] DBG 2026-10-04 18:59:19.688+02:00 Dial successful                            topics="libp2p dialer" tid=6162740 peerId=16U*TwqBiH
[2026-10-04 18:59:19.688] [out] [delivery_module] DBG 2026-10-04 18:59:19.688+02:00 starting sendNonHighPriorityTask           topics="libp2p pubsubpeer" tid=6162740 p=16U*TwqBiH
[2026-10-04 18:59:19.688] [out] [delivery_module] DBG 2026-10-04 18:59:19.688+02:00 created new pubsub peer                    topics="libp2p pubsub" tid=6162740 peerId=16U*TwqBiH
[2026-10-04 18:59:19.688] [out] [delivery_module] DBG 2026-10-04 18:59:19.688+02:00 no listener registered                     tid=6162741 event=onConnectionChange
[2026-10-04 18:59:19.688] [out] [delivery_module] DBG 2026-10-04 18:59:19.688+02:00 Incoming WakuRelay connection              topics="waku relay" tid=6162740 connection=16U*TwqBiH:6ac285e75abfbc5226a010a3 protocol=/vac/waku/relay/2.0.0
[2026-10-04 18:59:19.688] [out] [delivery_module] DBG 2026-10-04 18:59:19.688+02:00 starting pubsub read loop                  topics="libp2p pubsubpeer" tid=6162740 stream=16U*TwqBiH:6ac285e75abfbc5226a010a3 peer=16U*TwqBiH closed=false
[2026-10-04 18:59:19.688] [out] [delivery_module] DBG 2026-10-04 18:59:19.688+02:00 identify: info sent                        topics="libp2p identify" tid=6162740 stream=16U*TwqBiH:6ac285e75abfbc5226a010a4 info="(peerId: 16Uiu2HAkvooEdaSR6vYVVULbyZeJMfPJkDAeFmR3LkCqXErnT3hk, listenAddrs: [/ip4/0.0.0.0/tcp/57126, /ip4/0.0.0.0/udp/60229/quic-v1], addrs: [/ip4/0.0.0.0/tcp/57126, /ip4/0.0.0.0/udp/60229/quic-v1], protocols: [/ipfs/id/1.0.0, /libp2p/autonat/1.0.0, /libp2p/circuit/relay/0.2.0/hop, /vac/waku/metadata/1.0.0, /mix/1.0.0, /logos/service-discovery/1.0.0, /vac/waku/relay/2.0.0, /vac/waku/rendezvous/1.0.0, /ipfs/ping/1.0.0, /vac/waku/lightpush/3.0.0, /vac/waku/lightpush/2.0.0-beta1, /vac/waku/filter-subscribe/2.0.0-beta1, /vac/waku/filter-push/2.0.0-beta1, /vac/waku/peer-exchange/2.0.0-alpha1], protoVersion: ipfs/0.1.0, agentVersion: logos-delivery-v0.39.0-gca2814)"
[2026-10-04 18:59:19.941] [out] [delivery_module] DBG 2026-10-04 18:59:19.940+02:00 identify: info received                    topics="libp2p identify" tid=6162740 stream=16U*TwqBiH:6ac285e75abfbc5226a010a6 pubkey=ok(sec...fed6)) addresses=/ip4/34.123.201.25/tcp/30303,/ip4/34.123.201.25/udp/30303/quic-v1,/dns4/delivery-02.gc-us-central1-a.logos.dev.status.im/tcp/30303 protocols=/ipfs/id/1.0.0,/libp2p/autonat/1.0.0,/libp2p/circuit/relay/0.2.0/hop,/vac/waku/metadata/1.0.0,/mix/1.0.0,/logos/service-discovery/1.0.0,/vac/waku/store-query/3.0.0,/vac/waku/relay/2.0.0,/vac/waku/rendezvous/1.0.0,/ipfs/ping/1.0.0,/vac/waku/lightpush/3.0.0,/vac/waku/lightpush/2.0.0-beta1,/vac/waku/filter-subscribe/2.0.0-beta1,/vac/waku/filter-push/2.0.0-beta1,/vac/waku/peer-exchange/2.0.0-alpha1 observable_address=ok(/ip4/109.41.112.89/tcp/36640) proto_version=ipfs/0.1.0 agent_version=logos-delivery-v0.39.0-gca2814 signedPeerRecord=None
[2026-10-04 18:59:19.942] [out] [delivery_module] DBG 2026-10-04 18:59:19.942+02:00 starting pubsub read loop                  topics="libp2p pubsubpeer" tid=6162740 stream=16U*TwqBiH:6ac285e75abfbc5226a010a5 peer=16U*TwqBiH closed=false
[2026-10-04 18:59:19.943] [out] [delivery_module] DBG 2026-10-04 18:59:19.942+02:00 starting pubsub read loop                  topics="libp2p pubsubpeer" tid=6162740 stream=16U*P1S397:6ac285e75abfbc5226a010a1 peer=16U*P1S397 closed=false
[2026-10-04 18:59:19.943] [out] [delivery_module] DBG 2026-10-04 18:59:19.943+02:00 Event identified                           topics="waku node peer_manager" tid=6162740 peerId=16U*TwqBiH
[2026-10-04 18:59:19.943] [out] [delivery_module] DBG 2026-10-04 18:59:19.943+02:00 no listener registered                     tid=6162741 event=onConnectionChange
[2026-10-04 18:59:19.952] [out] [delivery_module] DBG 2026-10-04 18:59:19.952+02:00 identify: info received                    topics="libp2p identify" tid=6162740 stream=16U*P1S397:6ac285e75abfbc5226a010a2 pubkey=ok(sec...97dc)) addresses=/ip4/136.119.156.87/tcp/30303,/ip4/136.119.156.87/udp/30303/quic-v1,/dns4/delivery-01.gc-us-central1-a.logos.dev.status.im/tcp/30303 protocols=/ipfs/id/1.0.0,/libp2p/autonat/1.0.0,/libp2p/circuit/relay/0.2.0/hop,/vac/waku/metadata/1.0.0,/mix/1.0.0,/logos/service-discovery/1.0.0,/vac/waku/store-query/3.0.0,/vac/waku/relay/2.0.0,/vac/waku/rendezvous/1.0.0,/ipfs/ping/1.0.0,/vac/waku/lightpush/3.0.0,/vac/waku/lightpush/2.0.0-beta1,/vac/waku/filter-subscribe/2.0.0-beta1,/vac/waku/filter-push/2.0.0-beta1,/vac/waku/peer-exchange/2.0.0-alpha1 observable_address=ok(/ip4/109.41.112.89/tcp/32795) proto_version=ipfs/0.1.0 agent_version=logos-delivery-v0.39.0-gca2814 signedPeerRecord=None
[2026-10-04 18:59:19.953] [out] [delivery_module] DBG 2026-10-04 18:59:19.953+02:00 Event identified                           topics="waku node peer_manager" tid=6162740 peerId=16U*P1S397
[2026-10-04 18:59:19.953] [out] [delivery_module] DBG 2026-10-04 18:59:19.953+02:00 no listener registered                     tid=6162741 event=onConnectionChange
[2026-10-04 18:59:19.972] [out] [delivery_module] DBG 2026-10-04 18:59:19.972+02:00 Dial successful                            topics="libp2p dialer" tid=6162740 peerId=16U*kGyuEP
[2026-10-04 18:59:19.972] [out] [delivery_module] DBG 2026-10-04 18:59:19.972+02:00 Dial successful                            topics="libp2p dialer" tid=6162740 peerId=16U*T3UNSE
[2026-10-04 18:59:19.972] [out] [delivery_module] DBG 2026-10-04 18:59:19.972+02:00 starting sendNonHighPriorityTask           topics="libp2p pubsubpeer" tid=6162740 p=16U*kGyuEP
[2026-10-04 18:59:19.972] [out] [delivery_module] DBG 2026-10-04 18:59:19.972+02:00 created new pubsub peer                    topics="libp2p pubsub" tid=6162740 peerId=16U*kGyuEP
[2026-10-04 18:59:19.972] [out] [delivery_module] DBG 2026-10-04 18:59:19.972+02:00 no listener registered                     tid=6162741 event=onConnectionChange
[2026-10-04 18:59:19.973] [out] [delivery_module] DBG 2026-10-04 18:59:19.972+02:00 starting sendNonHighPriorityTask           topics="libp2p pubsubpeer" tid=6162740 p=16U*T3UNSE
[2026-10-04 18:59:19.973] [out] [delivery_module] DBG 2026-10-04 18:59:19.972+02:00 created new pubsub peer                    topics="libp2p pubsub" tid=6162740 peerId=16U*T3UNSE
[2026-10-04 18:59:19.973] [out] [delivery_module] DBG 2026-10-04 18:59:19.973+02:00 no listener registered                     tid=6162741 event=onConnectionChange
[2026-10-04 18:59:19.973] [out] [delivery_module] DBG 2026-10-04 18:59:19.973+02:00 Incoming WakuRelay connection              topics="waku relay" tid=6162740 connection=16U*kGyuEP:6ac285e75abfbc5226a010ae protocol=/vac/waku/relay/2.0.0
[2026-10-04 18:59:19.973] [out] [delivery_module] DBG 2026-10-04 18:59:19.973+02:00 starting pubsub read loop                  topics="libp2p pubsubpeer" tid=6162740 stream=16U*kGyuEP:6ac285e75abfbc5226a010ae peer=16U*kGyuEP closed=false
[2026-10-04 18:59:20.049] [out] [delivery_module] DBG 2026-10-04 18:59:20.049+02:00 identify: info sent                        topics="libp2p identify" tid=6162740 stream=16U*kGyuEP:6ac285e85abfbc5226a010b4 info="(peerId: 16Uiu2HAkvooEdaSR6vYVVULbyZeJMfPJkDAeFmR3LkCqXErnT3hk, listenAddrs: [/ip4/0.0.0.0/tcp/57126, /ip4/0.0.0.0/udp/60229/quic-v1], addrs: [/ip4/0.0.0.0/tcp/57126, /ip4/0.0.0.0/udp/60229/quic-v1], protocols: [/ipfs/id/1.0.0, /libp2p/autonat/1.0.0, /libp2p/circuit/relay/0.2.0/hop, /vac/waku/metadata/1.0.0, /mix/1.0.0, /logos/service-discovery/1.0.0, /vac/waku/relay/2.0.0, /vac/waku/rendezvous/1.0.0, /ipfs/ping/1.0.0, /vac/waku/lightpush/3.0.0, /vac/waku/lightpush/2.0.0-beta1, /vac/waku/filter-subscribe/2.0.0-beta1, /vac/waku/filter-push/2.0.0-beta1, /vac/waku/peer-exchange/2.0.0-alpha1], protoVersion: ipfs/0.1.0, agentVersion: logos-delivery-v0.39.0-gca2814)"
[2026-10-04 18:59:20.050] [out] [delivery_module] DBG 2026-10-04 18:59:20.050+02:00 Incoming WakuRelay connection              topics="waku relay" tid=6162740 connection=16U*T3UNSE:6ac285e75abfbc5226a010af protocol=/vac/waku/relay/2.0.0
[2026-10-04 18:59:20.050] [out] [delivery_module] DBG 2026-10-04 18:59:20.050+02:00 starting pubsub read loop                  topics="libp2p pubsubpeer" tid=6162740 stream=16U*T3UNSE:6ac285e75abfbc5226a010af peer=16U*T3UNSE closed=false
[2026-10-04 18:59:20.050] [out] [delivery_module] DBG 2026-10-04 18:59:20.050+02:00 identify: info sent                        topics="libp2p identify" tid=6162740 stream=16U*T3UNSE:6ac285e85abfbc5226a010b5 info="(peerId: 16Uiu2HAkvooEdaSR6vYVVULbyZeJMfPJkDAeFmR3LkCqXErnT3hk, listenAddrs: [/ip4/0.0.0.0/tcp/57126, /ip4/0.0.0.0/udp/60229/quic-v1], addrs: [/ip4/0.0.0.0/tcp/57126, /ip4/0.0.0.0/udp/60229/quic-v1], protocols: [/ipfs/id/1.0.0, /libp2p/autonat/1.0.0, /libp2p/circuit/relay/0.2.0/hop, /vac/waku/metadata/1.0.0, /mix/1.0.0, /logos/service-discovery/1.0.0, /vac/waku/relay/2.0.0, /vac/waku/rendezvous/1.0.0, /ipfs/ping/1.0.0, /vac/waku/lightpush/3.0.0, /vac/waku/lightpush/2.0.0-beta1, /vac/waku/filter-subscribe/2.0.0-beta1, /vac/waku/filter-push/2.0.0-beta1, /vac/waku/peer-exchange/2.0.0-alpha1], protoVersion: ipfs/0.1.0, agentVersion: logos-delivery-v0.39.0-gca2814)"
[2026-10-04 18:59:20.131] [out] [delivery_module] DBG 2026-10-04 18:59:20.131+02:00 Received WakuMetadata request              topics="waku metadata" tid=6162740 remoteClusterId=ok(3) remoteShards="[5, 0, 2, 1, 4, 7, 3, 6]" localClusterId=3 localShards="[7]" peer=16U*TwqBiH
[2026-10-04 18:59:20.132] [out] [delivery_module] DBG 2026-10-04 18:59:20.132+02:00 Received WakuMetadata request              topics="waku metadata" tid=6162740 remoteClusterId=ok(3) remoteShards="[5, 0, 2, 1, 4, 7, 3, 6]" localClusterId=3 localShards="[7]" peer=16U*P1S397
[2026-10-04 18:59:20.269] [out] [delivery_module] DBG 2026-10-04 18:59:20.269+02:00 identify: info received                    topics="libp2p identify" tid=6162740 stream=16U*kGyuEP:6ac285e75abfbc5226a010b1 pubkey=ok(sec...c56e)) addresses=/ip4/47.242.130.189/tcp/30303,/ip4/47.242.130.189/udp/30303/quic-v1,/dns4/delivery-01.ac-cn-hongkong-c.logos.dev.status.im/tcp/30303 protocols=/ipfs/id/1.0.0,/libp2p/autonat/1.0.0,/libp2p/circuit/relay/0.2.0/hop,/vac/waku/metadata/1.0.0,/mix/1.0.0,/logos/service-discovery/1.0.0,/vac/waku/store-query/3.0.0,/vac/waku/relay/2.0.0,/vac/waku/rendezvous/1.0.0,/ipfs/ping/1.0.0,/vac/waku/lightpush/3.0.0,/vac/waku/lightpush/2.0.0-beta1,/vac/waku/filter-subscribe/2.0.0-beta1,/vac/waku/filter-push/2.0.0-beta1,/vac/waku/peer-exchange/2.0.0-alpha1 observable_address=ok(/ip4/109.41.112.89/tcp/35454) proto_version=ipfs/0.1.0 agent_version=logos-delivery-v0.39.0-gca2814 signedPeerRecord=None
[2026-10-04 18:59:20.270] [out] [delivery_module] DBG 2026-10-04 18:59:20.270+02:00 identify: info received                    topics="libp2p identify" tid=6162740 stream=16U*T3UNSE:6ac285e75abfbc5226a010b3 pubkey=ok(sec...6d2a)) addresses=/ip4/43.99.103.10/tcp/30303,/ip4/43.99.103.10/udp/30303/quic-v1,/dns4/delivery-02.ac-cn-hongkong-c.logos.dev.status.im/tcp/30303 protocols=/ipfs/id/1.0.0,/libp2p/autonat/1.0.0,/libp2p/circuit/relay/0.2.0/hop,/vac/waku/metadata/1.0.0,/mix/1.0.0,/logos/service-discovery/1.0.0,/vac/waku/store-query/3.0.0,/vac/waku/relay/2.0.0,/vac/waku/rendezvous/1.0.0,/ipfs/ping/1.0.0,/vac/waku/lightpush/3.0.0,/vac/waku/lightpush/2.0.0-beta1,/vac/waku/filter-subscribe/2.0.0-beta1,/vac/waku/filter-push/2.0.0-beta1,/vac/waku/peer-exchange/2.0.0-alpha1 observable_address=ok(/ip4/109.41.112.89/tcp/35885) proto_version=ipfs/0.1.0 agent_version=logos-delivery-v0.39.0-gca2814 signedPeerRecord=None
[2026-10-04 18:59:20.270] [out] [delivery_module] DBG 2026-10-04 18:59:20.270+02:00 starting pubsub read loop                  topics="libp2p pubsubpeer" tid=6162740 stream=16U*kGyuEP:6ac285e75abfbc5226a010b0 peer=16U*kGyuEP closed=false
[2026-10-04 18:59:20.270] [out] [delivery_module] DBG 2026-10-04 18:59:20.270+02:00 Event identified                           topics="waku node peer_manager" tid=6162740 peerId=16U*kGyuEP
[2026-10-04 18:59:20.270] [out] [delivery_module] DBG 2026-10-04 18:59:20.270+02:00 no listener registered                     tid=6162741 event=onConnectionChange
[2026-10-04 18:59:20.270] [out] [delivery_module] DBG 2026-10-04 18:59:20.270+02:00 starting pubsub read loop                  topics="libp2p pubsubpeer" tid=6162740 stream=16U*T3UNSE:6ac285e75abfbc5226a010b2 peer=16U*T3UNSE closed=false
[2026-10-04 18:59:20.270] [out] [delivery_module] DBG 2026-10-04 18:59:20.270+02:00 Event identified                           topics="waku node peer_manager" tid=6162740 peerId=16U*T3UNSE
[2026-10-04 18:59:20.270] [out] [delivery_module] DBG 2026-10-04 18:59:20.270+02:00 no listener registered                     tid=6162741 event=onConnectionChange
[2026-10-04 18:59:20.403] [out] [delivery_module] DBG 2026-10-04 18:59:20.403+02:00 no listener registered                     tid=6162741 event=onConnectionChange
[2026-10-04 18:59:20.404] [out] [delivery_module] DBG 2026-10-04 18:59:20.404+02:00 no listener registered                     tid=6162741 event=onConnectionChange
[2026-10-04 18:59:20.568] [out] [delivery_module] DBG 2026-10-04 18:59:20.568+02:00 Dial successful                            topics="libp2p dialer" tid=6162740 peerId=16U*iSrhve
[2026-10-04 18:59:20.568] [out] [delivery_module] DBG 2026-10-04 18:59:20.568+02:00 starting sendNonHighPriorityTask           topics="libp2p pubsubpeer" tid=6162740 p=16U*iSrhve
[2026-10-04 18:59:20.568] [out] [delivery_module] DBG 2026-10-04 18:59:20.568+02:00 created new pubsub peer                    topics="libp2p pubsub" tid=6162740 peerId=16U*iSrhve
[2026-10-04 18:59:20.568] [out] [delivery_module] DBG 2026-10-04 18:59:20.568+02:00 no listener registered                     tid=6162741 event=onConnectionChange
[2026-10-04 18:59:20.569] [out] [delivery_module] DBG 2026-10-04 18:59:20.569+02:00 Incoming WakuRelay connection              topics="waku relay" tid=6162740 connection=16U*iSrhve:6ac285e85abfbc5226a010bd protocol=/vac/waku/relay/2.0.0
[2026-10-04 18:59:20.569] [out] [delivery_module] DBG 2026-10-04 18:59:20.569+02:00 starting pubsub read loop                  topics="libp2p pubsubpeer" tid=6162740 stream=16U*iSrhve:6ac285e85abfbc5226a010bd peer=16U*iSrhve closed=false
[2026-10-04 18:59:20.569] [out] [delivery_module] DBG 2026-10-04 18:59:20.569+02:00 identify: info sent                        topics="libp2p identify" tid=6162740 stream=16U*iSrhve:6ac285e85abfbc5226a010be info="(peerId: 16Uiu2HAkvooEdaSR6vYVVULbyZeJMfPJkDAeFmR3LkCqXErnT3hk, listenAddrs: [/ip4/0.0.0.0/tcp/57126, /ip4/0.0.0.0/udp/60229/quic-v1], addrs: [/ip4/0.0.0.0/tcp/57126, /ip4/0.0.0.0/udp/60229/quic-v1], protocols: [/ipfs/id/1.0.0, /libp2p/autonat/1.0.0, /libp2p/circuit/relay/0.2.0/hop, /vac/waku/metadata/1.0.0, /mix/1.0.0, /logos/service-discovery/1.0.0, /vac/waku/relay/2.0.0, /vac/waku/rendezvous/1.0.0, /ipfs/ping/1.0.0, /vac/waku/lightpush/3.0.0, /vac/waku/lightpush/2.0.0-beta1, /vac/waku/filter-subscribe/2.0.0-beta1, /vac/waku/filter-push/2.0.0-beta1, /vac/waku/peer-exchange/2.0.0-alpha1], protoVersion: ipfs/0.1.0, agentVersion: logos-delivery-v0.39.0-gca2814)"
[2026-10-04 18:59:20.667] [out] [delivery_module] DBG 2026-10-04 18:59:20.667+02:00 Received WakuMetadata request              topics="waku metadata" tid=6162740 remoteClusterId=ok(3) remoteShards="[5, 0, 2, 1, 4, 7, 3, 6]" localClusterId=3 localShards="[7]" peer=16U*kGyuEP
[2026-10-04 18:59:20.678] [out] [delivery_module] DBG 2026-10-04 18:59:20.678+02:00 Received WakuMetadata request              topics="waku metadata" tid=6162740 remoteClusterId=ok(3) remoteShards="[5, 0, 2, 1, 4, 7, 3, 6]" localClusterId=3 localShards="[7]" peer=16U*T3UNSE
[2026-10-04 18:59:20.843] [out] [delivery_module] DBG 2026-10-04 18:59:20.843+02:00 identify: info received                    topics="libp2p identify" tid=6162740 stream=16U*iSrhve:6ac285e85abfbc5226a010c0 pubkey=ok(sec...2232)) addresses=/ip4/173.42.114.210/tcp/37795 protocols=/ipfs/id/1.0.0,/libp2p/autonat/1.0.0,/libp2p/circuit/relay/0.2.0/hop,/vac/waku/metadata/1.0.0,/logos/service-discovery/1.0.0,/vac/waku/relay/2.0.0,/vac/waku/rendezvous/1.0.0,/ipfs/ping/1.0.0,/vac/waku/lightpush/3.0.0,/vac/waku/lightpush/2.0.0-beta1,/vac/waku/filter-subscribe/2.0.0-beta1,/vac/waku/filter-push/2.0.0-beta1,/vac/waku/peer-exchange/2.0.0-alpha1 observable_address=ok(/ip4/109.41.112.89/tcp/34332) proto_version=ipfs/0.1.0 agent_version=logos-delivery-v0.39.0-gca2814 signedPeerRecord=None
[2026-10-04 18:59:20.845] [out] [delivery_module] DBG 2026-10-04 18:59:20.845+02:00 starting pubsub read loop                  topics="libp2p pubsubpeer" tid=6162740 stream=16U*iSrhve:6ac285e85abfbc5226a010bf peer=16U*iSrhve closed=false
[2026-10-04 18:59:20.846] [out] [delivery_module] DBG 2026-10-04 18:59:20.846+02:00 Event identified                           topics="waku node peer_manager" tid=6162740 peerId=16U*iSrhve
[2026-10-04 18:59:20.847] [out] [delivery_module] DBG 2026-10-04 18:59:20.846+02:00 no listener registered                     tid=6162741 event=onConnectionChange
[2026-10-04 18:59:20.847] [out] [delivery_module] DBG 2026-10-04 18:59:20.846+02:00 no listener registered                     tid=6162741 event=onConnectionChange
[2026-10-04 18:59:20.847] [out] [delivery_module] DBG 2026-10-04 18:59:20.847+02:00 no listener registered                     tid=6162741 event=onConnectionChange
[2026-10-04 18:59:20.858] [out] [delivery_module] DBG 2026-10-04 18:59:20.858+02:00 Dialing peer                               topics="libp2p dialer" tid=6162740 peerId=16U*JXZN12 addrs="[/ip4/172.20.10.14/udp/62834/quic-v1, /ip4/172.20.10.14/tcp/49738]"
[2026-10-04 18:59:20.858] [out] [delivery_module] DBG 2026-10-04 18:59:20.858+02:00 Expanded address and hostname              topics="libp2p dialer" tid=6162740 expandedAddress=/ip4/172.20.10.14/udp/62834/quic-v1 hostname=172.20.10.14 resolvedAddresses="[/ip4/172.20.10.14/udp/62834/quic-v1]"
[2026-10-04 18:59:20.858] [out] [delivery_module] DBG 2026-10-04 18:59:20.858+02:00 New connection established: client         tid=6162740
[2026-10-04 18:59:20.867] [out] [delivery_module] DBG 2026-10-04 18:59:20.867+02:00 Lookup query                               topics="kad-dht find" tid=6162740 peer=16U*UMrxyT
[2026-10-04 18:59:20.867] [out] [delivery_module] DBG 2026-10-04 18:59:20.867+02:00 Lookup query                               topics="kad-dht find" tid=6162740 peer=16U*t5HAoy
[2026-10-04 18:59:20.951] [out] [delivery_module] WRN 2026-10-04 18:59:20.951+02:00 NAT port mapping failed                    topics="libp2p natservice" tid=6162740 port=57126 proto=mpTcp err="plum: mapping 0 failed"
[2026-10-04 18:59:21.065] [out] [delivery_module] DBG 2026-10-04 18:59:21.065+02:00 Received WakuMetadata request              topics="waku metadata" tid=6162740 remoteClusterId=ok(3) remoteShards="[5, 0, 2, 1, 4, 7, 3, 6]" localClusterId=3 localShards="[7]" peer=16U*iSrhve
[2026-10-04 18:59:21.179] [out] [delivery_module] DBG 2026-10-04 18:59:21.179+02:00 no listener registered                     tid=6162741 event=onConnectionChange
[2026-10-04 18:59:21.398] [out] [delivery_module] DBG 2026-10-04 18:59:21.398+02:00 Lookup query                               topics="kad-dht find" tid=6162740 peer=16U*UeND2x
[2026-10-04 18:59:21.398] [out] [delivery_module] DBG 2026-10-04 18:59:21.398+02:00 Lookup query                               topics="kad-dht find" tid=6162740 peer=16U*CbKVbN
[2026-10-04 18:59:22.636] [out] [delivery_module] DBG 2026-10-04 18:59:22.636+02:00 Dialing failed                             topics="libp2p dialer" tid=6162740 description="quic dial timed out after 3s" peerId=16U*xpM86W address=/ip4/172.20.10.14/udp/60461/quic-v1 hostname=172.20.10.14
[2026-10-04 18:59:22.636] [out] [delivery_module] DBG 2026-10-04 18:59:22.636+02:00 Dialing failed                             topics="libp2p dialer" tid=6162740 description="quic dial timed out after 3s" peerId=16U*AknWwg address=/ip4/172.20.10.14/udp/57016/quic-v1 hostname=172.20.10.14
[2026-10-04 18:59:22.636] [out] [delivery_module] DBG 2026-10-04 18:59:22.636+02:00 Expanded address and hostname              topics="libp2p dialer" tid=6162740 expandedAddress=/ip4/172.20.10.14/tcp/54478 hostname=172.20.10.14 resolvedAddresses="[/ip4/172.20.10.14/tcp/54478]"
[2026-10-04 18:59:22.636] [out] [delivery_module] DBG 2026-10-04 18:59:22.636+02:00 Expanded address and hostname              topics="libp2p dialer" tid=6162740 expandedAddress=/ip4/172.20.10.14/tcp/55373 hostname=172.20.10.14 resolvedAddresses="[/ip4/172.20.10.14/tcp/55373]"
[2026-10-04 18:59:22.636] [out] [delivery_module] DBG 2026-10-04 18:59:22.636+02:00 Dialing failed                             topics="libp2p dialer" tid=6162740 description="TcpTransport dial error: (61) Connection refused" peerId=16U*xpM86W address=/ip4/172.20.10.14/tcp/54478 hostname=172.20.10.14
[2026-10-04 18:59:22.637] [out] [delivery_module] DBG 2026-10-04 18:59:22.637+02:00 Dialing failed                             topics="libp2p dialer" tid=6162740 description="TcpTransport dial error: (61) Connection refused" peerId=16U*AknWwg address=/ip4/172.20.10.14/tcp/55373 hostname=172.20.10.14
[2026-10-04 18:59:22.637] [out] [delivery_module] DBG 2026-10-04 18:59:22.637+02:00 Dialing failed                             topics="libp2p dialer" tid=6162740 description="quic dial timed out after 3s" peerId=16U*8rq3kg address=/ip4/172.20.10.14/udp/49629/quic-v1 hostname=172.20.10.14
[2026-10-04 18:59:22.637] [out] [delivery_module] DBG 2026-10-04 18:59:22.637+02:00 Expanded address and hostname              topics="libp2p dialer" tid=6162740 expandedAddress=/ip4/172.20.10.14/tcp/50996 hostname=172.20.10.14 resolvedAddresses="[/ip4/172.20.10.14/tcp/50996]"
[2026-10-04 18:59:22.637] [out] [delivery_module] DBG 2026-10-04 18:59:22.637+02:00 Dialing failed                             topics="libp2p dialer" tid=6162740 description="quic dial timed out after 3s" peerId=16U*GcpKMp address=/ip4/172.20.10.14/udp/58226/quic-v1 hostname=172.20.10.14
[2026-10-04 18:59:22.637] [out] [delivery_module] DBG 2026-10-04 18:59:22.637+02:00 Error dialing                              topics="libp2p dialer" tid=6162740 conn=nil peerId=16U*xpM86W protos="[/logos/service-discovery/1.0.0]" addrs="[/ip4/172.20.10.14/udp/60461/quic-v1, /ip4/172.20.10.14/tcp/54478]" description="Unable to establish outgoing link in establishConnection: peer_id=16U*xpM86W addrs=@[/ip4/172.20.10.14/udp/60461/quic-v1, /ip4/172.20.10.14/tcp/54478]"
[2026-10-04 18:59:22.637] [out] [delivery_module] DBG 2026-10-04 18:59:22.637+02:00 Expanded address and hostname              topics="libp2p dialer" tid=6162740 expandedAddress=/ip4/172.20.10.14/tcp/56648 hostname=172.20.10.14 resolvedAddresses="[/ip4/172.20.10.14/tcp/56648]"
[2026-10-04 18:59:22.637] [out] [delivery_module] DBG 2026-10-04 18:59:22.637+02:00 Error dialing                              topics="libp2p dialer" tid=6162740 conn=nil peerId=16U*AknWwg protos="[/logos/service-discovery/1.0.0]" addrs="[/ip4/172.20.10.14/udp/57016/quic-v1, /ip4/172.20.10.14/tcp/55373]" description="Unable to establish outgoing link in establishConnection: peer_id=16U*AknWwg addrs=@[/ip4/172.20.10.14/udp/57016/quic-v1, /ip4/172.20.10.14/tcp/55373]"
[2026-10-04 18:59:22.637] [out] [delivery_module] DBG 2026-10-04 18:59:22.637+02:00 Dialing failed                             topics="libp2p dialer" tid=6162740 description="TcpTransport dial error: (61) Connection refused" peerId=16U*8rq3kg address=/ip4/172.20.10.14/tcp/50996 hostname=172.20.10.14
[2026-10-04 18:59:22.637] [out] [delivery_module] DBG 2026-10-04 18:59:22.637+02:00 Dialing failed                             topics="libp2p dialer" tid=6162740 description="TcpTransport dial error: (61) Connection refused" peerId=16U*GcpKMp address=/ip4/172.20.10.14/tcp/56648 hostname=172.20.10.14
[2026-10-04 18:59:22.638] [out] [delivery_module] DBG 2026-10-04 18:59:22.637+02:00 Dialing peer                               topics="libp2p dialer" tid=6162740 peerId=16U*xpM86W addrs="[/ip4/172.20.10.14/udp/60461/quic-v1, /ip4/172.20.10.14/tcp/54478]"
[2026-10-04 18:59:22.638] [out] [delivery_module] DBG 2026-10-04 18:59:22.638+02:00 Expanded address and hostname              topics="libp2p dialer" tid=6162740 expandedAddress=/ip4/172.20.10.14/udp/60461/quic-v1 hostname=172.20.10.14 resolvedAddresses="[/ip4/172.20.10.14/udp/60461/quic-v1]"
[2026-10-04 18:59:22.638] [out] [delivery_module] DBG 2026-10-04 18:59:22.638+02:00 New connection established: client         tid=6162740
[2026-10-04 18:59:22.638] [out] [delivery_module] DBG 2026-10-04 18:59:22.638+02:00 Error dialing                              topics="libp2p dialer" tid=6162740 conn=nil peerId=16U*8rq3kg protos="[/logos/service-discovery/1.0.0]" addrs="[/ip4/172.20.10.14/udp/49629/quic-v1, /ip4/172.20.10.14/tcp/50996]" description="Unable to establish outgoing link in establishConnection: peer_id=16U*8rq3kg addrs=@[/ip4/172.20.10.14/udp/49629/quic-v1, /ip4/172.20.10.14/tcp/50996]"
[2026-10-04 18:59:22.638] [out] [delivery_module] DBG 2026-10-04 18:59:22.638+02:00 Dialing peer                               topics="libp2p dialer" tid=6162740 peerId=16U*AknWwg addrs="[/ip4/172.20.10.14/udp/57016/quic-v1, /ip4/172.20.10.14/tcp/55373]"
[2026-10-04 18:59:22.638] [out] [delivery_module] DBG 2026-10-04 18:59:22.638+02:00 Expanded address and hostname              topics="libp2p dialer" tid=6162740 expandedAddress=/ip4/172.20.10.14/udp/57016/quic-v1 hostname=172.20.10.14 resolvedAddresses="[/ip4/172.20.10.14/udp/57016/quic-v1]"
[2026-10-04 18:59:22.639] [out] [delivery_module] DBG 2026-10-04 18:59:22.639+02:00 New connection established: client         tid=6162740
[2026-10-04 18:59:22.639] [out] [delivery_module] DBG 2026-10-04 18:59:22.639+02:00 Error dialing                              topics="libp2p dialer" tid=6162740 conn=nil peerId=16U*GcpKMp protos="[/logos/service-discovery/1.0.0]" addrs="[/ip4/172.20.10.14/udp/58226/quic-v1, /ip4/172.20.10.14/tcp/56648]" description="Unable to establish outgoing link in establishConnection: peer_id=16U*GcpKMp addrs=@[/ip4/172.20.10.14/udp/58226/quic-v1, /ip4/172.20.10.14/tcp/56648]"
[2026-10-04 18:59:22.639] [out] [delivery_module] DBG 2026-10-04 18:59:22.639+02:00 Dialing peer                               topics="libp2p dialer" tid=6162740 peerId=16U*8rq3kg addrs="[/ip4/172.20.10.14/udp/49629/quic-v1, /ip4/172.20.10.14/tcp/50996]"
[2026-10-04 18:59:22.639] [out] [delivery_module] DBG 2026-10-04 18:59:22.639+02:00 Expanded address and hostname              topics="libp2p dialer" tid=6162740 expandedAddress=/ip4/172.20.10.14/udp/49629/quic-v1 hostname=172.20.10.14 resolvedAddresses="[/ip4/172.20.10.14/udp/49629/quic-v1]"
[2026-10-04 18:59:22.639] [out] [delivery_module] DBG 2026-10-04 18:59:22.639+02:00 New connection established: client         tid=6162740
[2026-10-04 18:59:22.639] [out] [delivery_module] DBG 2026-10-04 18:59:22.639+02:00 Dialing failed                             topics="libp2p dialer" tid=6162740 description="quic dial timed out after 3s" peerId=16U*kpeu1j address=/ip4/172.20.10.14/udp/62169/quic-v1 hostname=172.20.10.14
[2026-10-04 18:59:22.640] [out] [delivery_module] DBG 2026-10-04 18:59:22.639+02:00 Expanded address and hostname              topics="libp2p dialer" tid=6162740 expandedAddress=/ip4/109.41.112.89/tcp/38400 hostname=109.41.112.89 resolvedAddresses="[/ip4/109.41.112.89/tcp/38400]"
[2026-10-04 18:59:22.640] [out] [delivery_module] DBG 2026-10-04 18:59:22.640+02:00 Dialing peer                               topics="libp2p dialer" tid=6162740 peerId=16U*GcpKMp addrs="[/ip4/172.20.10.14/udp/58226/quic-v1, /ip4/172.20.10.14/tcp/56648]"
[2026-10-04 18:59:22.640] [out] [delivery_module] DBG 2026-10-04 18:59:22.640+02:00 Expanded address and hostname              topics="libp2p dialer" tid=6162740 expandedAddress=/ip4/172.20.10.14/udp/58226/quic-v1 hostname=172.20.10.14 resolvedAddresses="[/ip4/172.20.10.14/udp/58226/quic-v1]"
[2026-10-04 18:59:22.640] [out] [delivery_module] DBG 2026-10-04 18:59:22.640+02:00 New connection established: client         tid=6162740
[2026-10-04 18:59:22.640] [out] [delivery_module] DBG 2026-10-04 18:59:22.640+02:00 Dialing failed                             topics="libp2p dialer" tid=6162740 description="quic dial timed out after 3s" peerId=16U*UMrxyT address=/ip4/172.20.10.14/udp/59518/quic-v1 hostname=172.20.10.14
[2026-10-04 18:59:22.640] [out] [delivery_module] DBG 2026-10-04 18:59:22.640+02:00 Expanded address and hostname              topics="libp2p dialer" tid=6162740 expandedAddress=/ip4/172.20.10.14/tcp/53863 hostname=172.20.10.14 resolvedAddresses="[/ip4/172.20.10.14/tcp/53863]"
[2026-10-04 18:59:22.641] [out] [delivery_module] DBG 2026-10-04 18:59:22.641+02:00 Dialing failed                             topics="libp2p dialer" tid=6162740 description="TcpTransport dial error: (61) Connection refused" peerId=16U*UMrxyT address=/ip4/172.20.10.14/tcp/53863 hostname=172.20.10.14
[2026-10-04 18:59:22.641] [out] [delivery_module] DBG 2026-10-04 18:59:22.641+02:00 Error dialing                              topics="libp2p dialer" tid=6162740 conn=nil peerId=16U*UMrxyT protos="[/logos/service-discovery/1.0.0]" addrs="[/ip4/172.20.10.14/udp/59518/quic-v1, /ip4/172.20.10.14/tcp/53863]" description="Unable to establish outgoing link in establishConnection: peer_id=16U*UMrxyT addrs=@[/ip4/172.20.10.14/udp/59518/quic-v1, /ip4/172.20.10.14/tcp/53863]"
[2026-10-04 18:59:22.641] [out] [delivery_module] DBG 2026-10-04 18:59:22.641+02:00 Dialing peer                               topics="libp2p dialer" tid=6162740 peerId=16U*UMrxyT addrs="[/ip4/172.20.10.14/udp/59518/quic-v1, /ip4/172.20.10.14/tcp/53863]"
[2026-10-04 18:59:22.641] [out] [delivery_module] DBG 2026-10-04 18:59:22.641+02:00 Expanded address and hostname              topics="libp2p dialer" tid=6162740 expandedAddress=/ip4/172.20.10.14/udp/59518/quic-v1 hostname=172.20.10.14 resolvedAddresses="[/ip4/172.20.10.14/udp/59518/quic-v1]"
[2026-10-04 18:59:22.641] [out] [delivery_module] DBG 2026-10-04 18:59:22.641+02:00 New connection established: client         tid=6162740
[2026-10-04 18:59:22.641] [out] [delivery_module] DBG 2026-10-04 18:59:22.641+02:00 Dialing failed                             topics="libp2p dialer" tid=6162740 description="quic dial timed out after 3s" peerId=16U*t5HAoy address=/ip4/172.20.10.14/udp/55704/quic-v1 hostname=172.20.10.14
[2026-10-04 18:59:22.641] [out] [delivery_module] DBG 2026-10-04 18:59:22.641+02:00 Expanded address and hostname              topics="libp2p dialer" tid=6162740 expandedAddress=/ip4/109.41.112.89/tcp/45860 hostname=109.41.112.89 resolvedAddresses="[/ip4/109.41.112.89/tcp/45860]"
[2026-10-04 18:59:22.644] [out] [delivery_module] DBG 2026-10-04 18:59:22.644+02:00 Dialing failed                             topics="libp2p dialer" tid=6162740 description="quic dial timed out after 3s" peerId=16U*UeND2x address=/ip4/172.20.10.14/udp/51140/quic-v1 hostname=172.20.10.14
[2026-10-04 18:59:22.644] [out] [delivery_module] DBG 2026-10-04 18:59:22.644+02:00 Expanded address and hostname              topics="libp2p dialer" tid=6162740 expandedAddress=/ip4/172.20.10.14/tcp/55656 hostname=172.20.10.14 resolvedAddresses="[/ip4/172.20.10.14/tcp/55656]"
[2026-10-04 18:59:22.645] [out] [delivery_module] DBG 2026-10-04 18:59:22.645+02:00 Dialing failed                             topics="libp2p dialer" tid=6162740 description="TcpTransport dial error: (61) Connection refused" peerId=16U*UeND2x address=/ip4/172.20.10.14/tcp/55656 hostname=172.20.10.14
[2026-10-04 18:59:22.645] [out] [delivery_module] DBG 2026-10-04 18:59:22.645+02:00 Error dialing                              topics="libp2p dialer" tid=6162740 conn=nil peerId=16U*UeND2x protos="[/logos/service-discovery/1.0.0]" addrs="[/ip4/172.20.10.14/udp/51140/quic-v1, /ip4/172.20.10.14/tcp/55656]" description="Unable to establish outgoing link in establishConnection: peer_id=16U*UeND2x addrs=@[/ip4/172.20.10.14/udp/51140/quic-v1, /ip4/172.20.10.14/tcp/55656]"
[2026-10-04 18:59:22.645] [out] [delivery_module] DBG 2026-10-04 18:59:22.645+02:00 Dialing peer                               topics="libp2p dialer" tid=6162740 peerId=16U*UeND2x addrs="[/ip4/172.20.10.14/udp/51140/quic-v1, /ip4/172.20.10.14/tcp/55656]"
[2026-10-04 18:59:22.645] [out] [delivery_module] DBG 2026-10-04 18:59:22.645+02:00 Expanded address and hostname              topics="libp2p dialer" tid=6162740 expandedAddress=/ip4/172.20.10.14/udp/51140/quic-v1 hostname=172.20.10.14 resolvedAddresses="[/ip4/172.20.10.14/udp/51140/quic-v1]"
[2026-10-04 18:59:22.645] [out] [delivery_module] DBG 2026-10-04 18:59:22.645+02:00 New connection established: client         tid=6162740
[2026-10-04 18:59:22.647] [out] [delivery_module] DBG 2026-10-04 18:59:22.647+02:00 Dialing failed                             topics="libp2p dialer" tid=6162740 description="quic dial timed out after 3s" peerId=16U*CbKVbN address=/ip4/172.20.10.14/udp/55956/quic-v1 hostname=172.20.10.14
[2026-10-04 18:59:22.647] [out] [delivery_module] DBG 2026-10-04 18:59:22.647+02:00 Expanded address and hostname              topics="libp2p dialer" tid=6162740 expandedAddress=/ip4/172.20.10.14/tcp/51685 hostname=172.20.10.14 resolvedAddresses="[/ip4/172.20.10.14/tcp/51685]"
[2026-10-04 18:59:22.647] [out] [delivery_module] DBG 2026-10-04 18:59:22.647+02:00 Dialing failed                             topics="libp2p dialer" tid=6162740 description="TcpTransport dial error: (61) Connection refused" peerId=16U*CbKVbN address=/ip4/172.20.10.14/tcp/51685 hostname=172.20.10.14
[2026-10-04 18:59:22.647] [out] [delivery_module] DBG 2026-10-04 18:59:22.647+02:00 Error dialing                              topics="libp2p dialer" tid=6162740 conn=nil peerId=16U*CbKVbN protos="[/logos/service-discovery/1.0.0]" addrs="[/ip4/172.20.10.14/udp/55956/quic-v1, /ip4/172.20.10.14/tcp/51685]" description="Unable to establish outgoing link in establishConnection: peer_id=16U*CbKVbN addrs=@[/ip4/172.20.10.14/udp/55956/quic-v1, /ip4/172.20.10.14/tcp/51685]"
[2026-10-04 18:59:22.647] [out] [delivery_module] DBG 2026-10-04 18:59:22.647+02:00 Dialing peer                               topics="libp2p dialer" tid=6162740 peerId=16U*CbKVbN addrs="[/ip4/172.20.10.14/udp/55956/quic-v1, /ip4/172.20.10.14/tcp/51685]"
[2026-10-04 18:59:22.647] [out] [delivery_module] DBG 2026-10-04 18:59:22.647+02:00 Expanded address and hostname              topics="libp2p dialer" tid=6162740 expandedAddress=/ip4/172.20.10.14/udp/55956/quic-v1 hostname=172.20.10.14 resolvedAddresses="[/ip4/172.20.10.14/udp/55956/quic-v1]"
[2026-10-04 18:59:22.647] [out] [delivery_module] DBG 2026-10-04 18:59:22.647+02:00 New connection established: client         tid=6162740
[2026-10-04 18:59:22.651] [out] [delivery_module] DBG 2026-10-04 18:59:22.651+02:00 Dialing failed                             topics="libp2p dialer" tid=6162740 description="quic dial timed out after 3s" peerId=16U*Hv8wAS address=/ip4/172.20.10.14/udp/59448/quic-v1 hostname=172.20.10.14
[2026-10-04 18:59:22.651] [out] [delivery_module] DBG 2026-10-04 18:59:22.651+02:00 Dialing failed                             topics="libp2p dialer" tid=6162740 description="quic dial timed out after 3s" peerId=16U*2pfeoX address=/ip4/192.168.68.53/udp/16011/quic-v1 hostname=192.168.68.53
[2026-10-04 18:59:22.651] [out] [delivery_module] DBG 2026-10-04 18:59:22.651+02:00 Expanded address and hostname              topics="libp2p dialer" tid=6162740 expandedAddress=/ip4/172.20.10.14/tcp/53510 hostname=172.20.10.14 resolvedAddresses="[/ip4/172.20.10.14/tcp/53510]"
[2026-10-04 18:59:22.652] [out] [delivery_module] DBG 2026-10-04 18:59:22.652+02:00 Expanded address and hostname              topics="libp2p dialer" tid=6162740 expandedAddress=/ip4/192.168.68.53/tcp/27431 hostname=192.168.68.53 resolvedAddresses="[/ip4/192.168.68.53/tcp/27431]"
[2026-10-04 18:59:22.652] [out] [delivery_module] DBG 2026-10-04 18:59:22.652+02:00 Dialing failed                             topics="libp2p dialer" tid=6162740 description="TcpTransport dial error: (61) Connection refused" peerId=16U*Hv8wAS address=/ip4/172.20.10.14/tcp/53510 hostname=172.20.10.14
[2026-10-04 18:59:22.652] [out] [delivery_module] DBG 2026-10-04 18:59:22.652+02:00 Expanded address and hostname              topics="libp2p dialer" tid=6162740 expandedAddress=/ip4/109.41.112.89/tcp/40797 hostname=109.41.112.89 resolvedAddresses="[/ip4/109.41.112.89/tcp/40797]"
[2026-10-04 18:59:22.653] [out] [delivery_module] DBG 2026-10-04 18:59:22.653+02:00 Dialing failed                             topics="libp2p dialer" tid=6162740 description="quic dial timed out after 3s" peerId=16U*oWQB23 address=/ip4/88.160.11.28/udp/19925/quic-v1 hostname=88.160.11.28
[2026-10-04 18:59:22.653] [out] [delivery_module] DBG 2026-10-04 18:59:22.653+02:00 Expanded address and hostname              topics="libp2p dialer" tid=6162740 expandedAddress=/ip4/88.160.11.28/tcp/17981 hostname=88.160.11.28 resolvedAddresses="[/ip4/88.160.11.28/tcp/17981]"
[2026-10-04 18:59:22.953] [out] [delivery_module] WRN 2026-10-04 18:59:22.953+02:00 NAT port mapping failed                    topics="libp2p natservice" tid=6162740 port=60229 proto=mpUdp err="plum: mapping 0 failed"
[2026-10-04 18:59:22.954] [out] [delivery_module] INF 2026-10-04 18:59:22.954+02:00 Mix self hop set                           topics="waku node" tid=6162740 hop=/ip4/172.20.10.14/tcp/57126 before=/ip4/0.0.0.0/tcp/0
[2026-10-04 18:59:22.954] [out] [delivery_module] DBG 2026-10-04 18:59:22.954+02:00 ENR addresses updated                      topics="waku enr" tid=6162740 retained=0 total=0
[2026-10-04 18:59:22.954] [out] [delivery_module] DBG 2026-10-04 18:59:22.954+02:00 ENR addresses updated                      topics="waku enr" tid=6162740 retained=0 total=0
[2026-10-04 18:59:22.954] [out] [delivery_module] INF 2026-10-04 18:59:22.954+02:00 Found previous WakuRelay peers. Reconnecting. topics="waku node" tid=6162740
[2026-10-04 18:59:22.954] [out] [delivery_module] DBG 2026-10-04 18:59:22.954+02:00 Reconnecting peers                         topics="waku node peer_manager" tid=6162740 proto=/vac/waku/relay/2.0.0
[2026-10-04 18:59:22.955] [out] [delivery_module] INF 2026-10-04 18:59:22.955+02:00 Random kademlia lookups disabled           topics="waku service discovery" tid=6162740
[2026-10-04 18:59:22.955] [out] [delivery_module] DBG 2026-10-04 18:59:22.955+02:00 Periodic service lookup started            topics="waku service discovery" tid=6162740 interval=1m services={}
[2026-10-04 18:59:22.955] [out] [delivery_module] INF 2026-10-04 18:59:22.955+02:00 Kademlia discovery started                 topics="waku service discovery" tid=6162740
[2026-10-04 18:59:22.955] [out] [delivery_module] INF 2026-10-04 18:59:22.955+02:00 Discovery ENR initialized                  topics="eth p2p discv5" tid=6162740 enrAutoUpdate=false seqNum=4 ip=none() tcpPort=none() udpPort=none() customEnrFields=@[] uri=enr:-Ka4QOHFQeLQtKSP0bM6P58058WPTK5ibAwqaXcfOeQs6dyMZuKy_ymZPfCA7gM24n09Wts8fkxkywgiv-XSfTdsmGEEgmlkgnY0im11bHRpYWRkcnOAgnJzkwADCAAAAAEAAgADAAQABQAGAAeJc2VjcDI1NmsxoQIUhqs-A-TUX4eA8yV_HpydJQ9UgyhGrtW0K0HrBt85Q4N0Y3CC3yaFd2FrdTIt
[2026-10-04 18:59:22.955] [out] [delivery_module] WRN 2026-10-04 18:59:22.955+02:00 No external IP provided for the ENR, this node will not be discoverable topics="eth p2p discv5" tid=6162740
[2026-10-04 18:59:22.955] [out] [delivery_module] DBG 2026-10-04 18:59:22.955+02:00 peer filtering updated                     topics="waku discv5" tid=6162740
[2026-10-04 18:59:22.955] [out] [delivery_module] INF 2026-10-04 18:59:22.955+02:00 Starting discovery v5 service              topics="waku discv5" tid=6162740
[2026-10-04 18:59:22.955] [out] [delivery_module] INF 2026-10-04 18:59:22.955+02:00 Start listening on udp port                topics="waku discv5" tid=6162740 address=0.0.0.0 port=58717
[2026-10-04 18:59:22.955] [out] [delivery_module] INF 2026-10-04 18:59:22.955+02:00 Starting discovery node                    topics="eth p2p discv5" tid=6162740 node=4c*55f8de:unaddressable bindAddress=0.0.0.0:58717
[2026-10-04 18:59:22.955] [out] [delivery_module] DBG 2026-10-04 18:59:22.955+02:00 Total nodes in routing table after populate topics="eth p2p discv5" tid=6162740 total=0
[2026-10-04 18:59:22.956] [out] [delivery_module] DBG 2026-10-04 18:59:22.955+02:00 Starting discovery v5 search               topics="waku discv5" tid=6162740
[2026-10-04 18:59:22.956] [out] [delivery_module] DBG 2026-10-04 18:59:22.956+02:00 Successfully started discovery v5 service  topics="waku discv5" tid=6162740
[2026-10-04 18:59:22.956] [out] [delivery_module] INF 2026-10-04 18:59:22.956+02:00 Discv5: discoverable ENR                   topics="waku discv5" tid=6162740 enrUri=enr:-Ka4QOHFQeLQtKSP0bM6P58058WPTK5ibAwqaXcfOeQs6dyMZuKy_ymZPfCA7gM24n09Wts8fkxkywgiv-XSfTdsmGEEgmlkgnY0im11bHRpYWRkcnOAgnJzkwADCAAAAAEAAgADAAQABQAGAAeJc2VjcDI1NmsxoQIUhqs-A-TUX4eA8yV_HpydJQ9UgyhGrtW0K0HrBt85Q4N0Y3CC3yaFd2FrdTIt enr="(4, id: \"v4\", multiaddrs: 0x, rs: 0x00030800000001000200030004000500060007, secp256k1: 0x021486AB3E03E4D45F8780F3257F1E9C9D250F54832846AED5B42B41EB06DF3943, tcp: 57126, waku2: 0x2D)"
[2026-10-04 18:59:22.956] [out] [delivery_module] INF 2026-10-04 18:59:22.956+02:00 Node started successfully                  topics="waku node" tid=6162740
[2026-10-04 18:59:22.956] [out] [delivery_module] DBG 2026-10-04 18:59:22.956+02:00 Publishing Signed XPR                      topics="service-discovery" tid=6162740 xpr="(envelope: (publicKey: secp256k1 key (041486ab3e03e4d45f8780f3257f1e9c9d250f54832846aed5b42b41eb06df394352a5ef23ab2f21b01f71587ea9eff7d0cfe7a0c4cfa8e30aa406e225570720a4), payloadType: @[3, 1], payload: @[10, 39, 0, 37, 8, 2, 18, 33, 2, 20, 134, 171, 62, 3, 228, 212, 95, 135, 128, 243, 37, 127, 30, 156, 157, 37, 15, 84, 131, 40, 70, 174, 213, 180, 43, 65, 235, 6, 223, 57, 67, 16, 167, 134, 8, 26, 10, 10, 8, 4, 172, 20, 10, 14, 6, 223, 38, 26, 13, 10, 11, 4, 172, 20, 10, 14, 145, 2, 235, 69, 205, 3], signature: 3045022100FE25876551193030873F2D45100D573F0747F44C8B6A31770B6617F7FB251C1F02204A8784F37F58F7283E3B5C2960EA940DC2C81B4E28C644F387444E4E280EEFC2), data: (peerId: 16Uiu2HAkvooEdaSR6vYVVULbyZeJMfPJkDAeFmR3LkCqXErnT3hk, seqNo: 131879, addresses: @[(address: /ip4/172.20.10.14/tcp/57126), (address: /ip4/172.20.10.14/udp/60229/quic-v1)], services: @[]))"
[2026-10-04 18:59:22.956] [out] [delivery_module] DBG 2026-10-04 18:59:22.956+02:00 Lookup query                               topics="kad-dht find" tid=6162740 peer=16U*kGyuEP
[2026-10-04 18:59:22.956] [out] [delivery_module] DBG 2026-10-04 18:59:22.956+02:00 Lookup query                               topics="kad-dht find" tid=6162740 peer=16U*P1S397
[2026-10-04 18:59:22.956] [out] [delivery_module] DBG 2026-10-04 18:59:22.956+02:00 Lookup query                               topics="kad-dht find" tid=6162740 peer=16U*T3UNSE
[2026-10-04 18:59:22.956] [out] [delivery_module] DBG 2026-10-04 18:59:22.956+02:00 Lookup query                               topics="kad-dht find" tid=6162740 peer=16U*VpJprH
[2026-10-04 18:59:22.956] [out] [delivery_module] DBG 2026-10-04 18:59:22.956+02:00 Lookup query                               topics="kad-dht find" tid=6162740 peer=16U*TwqBiH
[2026-10-04 18:59:22.956] [out] [delivery_module] DBG 2026-10-04 18:59:22.956+02:00 Lookup query                               topics="kad-dht find" tid=6162740 peer=16U*iSrhve
[2026-10-04 18:59:22.956] [out] [delivery_module] DBG 2026-10-04 18:59:22.956+02:00 Lookup query                               topics="kad-dht find" tid=6162740 peer=16U*NSkuby
[2026-10-04 18:59:22.957] [out] [delivery_module] DBG 2026-10-04 18:59:22.957+02:00 Dialing multiple peers                     tid=6162740 numOfPeers=6 nodes="@[\"/dns4/delivery-01.do-ams3.logos.dev.status.im/tcp/30303/p2p/16Uiu2HAmTUbnxLGT9JvV6mu9oPyDjqHK4Phs1VDJNUgESgNSkuby\", \"/dns4/delivery-02.do-ams3.logos.dev.status.im/tcp/30303/p2p/16Uiu2HAmMK7PYygBtKUQ8EHp7EfaD3bCEsJrkFooK8RQ2PVpJprH\", \"/dns4/delivery-01.gc-us-central1-a.logos.dev.status.im/tcp/30303/p2p/16Uiu2HAm4S1JYkuzDKLKQvwgAhZKs9otxXqt8SCGtB4hoJP1S397\", \"/dns4/delivery-02.gc-us-central1-a.logos.dev.status.im/tcp/30303/p2p/16Uiu2HAm8Y9kgBNtjxvCnf1X6gnZJW5EGE4UwwCL3CCm55TwqBiH\", \"/dns4/delivery-01.ac-cn-hongkong-c.logos.dev.status.im/tcp/30303/p2p/16Uiu2HAm8YokiNun9BkeA1ZRmhLbtNUvcwRr64F69tYj9fkGyuEP\", \"/dns4/delivery-02.ac-cn-hongkong-c.logos.dev.status.im/tcp/30303/p2p/16Uiu2HAkvwhGHKNry6LACrB8TmEFoCJKEX29XR5dDUzk3UT3UNSE\"]"
[2026-10-04 18:59:23.115] [out] [delivery_module] DBG 2026-10-04 18:59:23.115+02:00 Dialing peer                               topics="libp2p dialer" tid=6162740 peerId=16U*RZcwkN addrs="[/ip4/172.20.10.14/udp/49587/quic-v1, /ip4/172.20.10.14/tcp/51590, /ip4/109.41.112.89/tcp/47952, /ip4/109.41.112.89/tcp/38415]"
[2026-10-04 18:59:23.115] [out] [delivery_module] DBG 2026-10-04 18:59:23.115+02:00 Expanded address and hostname              topics="libp2p dialer" tid=6162740 expandedAddress=/ip4/172.20.10.14/udp/49587/quic-v1 hostname=172.20.10.14 resolvedAddresses="[/ip4/172.20.10.14/udp/49587/quic-v1]"
[2026-10-04 18:59:23.115] [out] [delivery_module] DBG 2026-10-04 18:59:23.115+02:00 New connection established: client         tid=6162740
[2026-10-04 18:59:23.121] [out] [delivery_module] DBG 2026-10-04 18:59:23.121+02:00 Lookup query                               topics="kad-dht find" tid=6162740 peer=16U*kpeu1j
[2026-10-04 18:59:23.121] [out] [delivery_module] DBG 2026-10-04 18:59:23.121+02:00 Lookup query                               topics="kad-dht find" tid=6162740 peer=16U*t5HAoy
[2026-10-04 18:59:23.121] [out] [delivery_module] DBG 2026-10-04 18:59:23.121+02:00 Lookup query                               topics="kad-dht find" tid=6162740 peer=16U*RZcwkN
[2026-10-04 18:59:23.121] [out] [delivery_module] DBG 2026-10-04 18:59:23.121+02:00 Lookup query                               topics="kad-dht find" tid=6162740 peer=16U*Hv8wAS
[2026-10-04 18:59:23.192] [out] [delivery_module] DBG 2026-10-04 18:59:23.192+02:00 Dialing peer                               topics="libp2p dialer" tid=6162740 peerId=16U*33uyAY addrs="[/ip4/172.20.10.14/udp/52840/quic-v1, /ip4/172.20.10.14/tcp/51591]"
[2026-10-04 18:59:23.192] [out] [delivery_module] DBG 2026-10-04 18:59:23.192+02:00 Expanded address and hostname              topics="libp2p dialer" tid=6162740 expandedAddress=/ip4/172.20.10.14/udp/52840/quic-v1 hostname=172.20.10.14 resolvedAddresses="[/ip4/172.20.10.14/udp/52840/quic-v1]"
[2026-10-04 18:59:23.192] [out] [delivery_module] DBG 2026-10-04 18:59:23.192+02:00 New connection established: client         tid=6162740
[2026-10-04 18:59:23.192] [out] [delivery_module] DBG 2026-10-04 18:59:23.192+02:00 Lookup query                               topics="kad-dht find" tid=6162740 peer=16U*33uyAY
[2026-10-04 18:59:23.216] [out] [delivery_module] DBG 2026-10-04 18:59:23.216+02:00 Lookup query                               topics="kad-dht find" tid=6162740 peer=16U*JXZN12
[2026-10-04 18:59:23.216] [out] [delivery_module] DBG 2026-10-04 18:59:23.216+02:00 Lookup query                               topics="kad-dht find" tid=6162740 peer=16U*2pfeoX
[2026-10-04 18:59:23.219] [out] [delivery_module] DBG 2026-10-04 18:59:23.219+02:00 Lookup query                               topics="kad-dht find" tid=6162740 peer=16U*oWQB23
[2026-10-04 18:59:23.861] [out] [delivery_module] DBG 2026-10-04 18:59:23.861+02:00 Dialing failed                             topics="libp2p dialer" tid=6162740 description="quic dial timed out after 3s" peerId=16U*JXZN12 address=/ip4/172.20.10.14/udp/62834/quic-v1 hostname=172.20.10.14
[2026-10-04 18:59:23.861] [out] [delivery_module] DBG 2026-10-04 18:59:23.861+02:00 Expanded address and hostname              topics="libp2p dialer" tid=6162740 expandedAddress=/ip4/172.20.10.14/tcp/49738 hostname=172.20.10.14 resolvedAddresses="[/ip4/172.20.10.14/tcp/49738]"
[2026-10-04 18:59:23.863] [out] [delivery_module] DBG 2026-10-04 18:59:23.863+02:00 Dialing failed                             topics="libp2p dialer" tid=6162740 description="TcpTransport dial error: (61) Connection refused" peerId=16U*JXZN12 address=/ip4/172.20.10.14/tcp/49738 hostname=172.20.10.14
[2026-10-04 18:59:23.863] [out] [delivery_module] DBG 2026-10-04 18:59:23.863+02:00 Error dialing                              topics="libp2p dialer" tid=6162740 conn=nil peerId=16U*JXZN12 protos="[/logos/service-discovery/1.0.0]" addrs="[/ip4/172.20.10.14/udp/62834/quic-v1, /ip4/172.20.10.14/tcp/49738]" description="Unable to establish outgoing link in establishConnection: peer_id=16U*JXZN12 addrs=@[/ip4/172.20.10.14/udp/62834/quic-v1, /ip4/172.20.10.14/tcp/49738]"
[2026-10-04 18:59:23.863] [out] [delivery_module] DBG 2026-10-04 18:59:23.863+02:00 Dialing peer                               topics="libp2p dialer" tid=6162740 peerId=16U*JXZN12 addrs="[/ip4/172.20.10.14/udp/62834/quic-v1, /ip4/172.20.10.14/tcp/49738]"
[2026-10-04 18:59:23.864] [out] [delivery_module] DBG 2026-10-04 18:59:23.864+02:00 Expanded address and hostname              topics="libp2p dialer" tid=6162740 expandedAddress=/ip4/172.20.10.14/udp/62834/quic-v1 hostname=172.20.10.14 resolvedAddresses="[/ip4/172.20.10.14/udp/62834/quic-v1]"
[2026-10-04 18:59:23.864] [out] [delivery_module] DBG 2026-10-04 18:59:23.864+02:00 New connection established: client         tid=6162740
[2026-10-04 18:59:23.947] [out] [delivery_module] DBG 2026-10-04 18:59:23.947+02:00 Kad lookup: RPC error                      topics="kad-dht find" tid=6162740 peer=16U*VpJprH msg="dialStage: timed out dialing the peer"
[2026-10-04 18:59:23.948] [out] [delivery_module] DBG 2026-10-04 18:59:23.948+02:00 Lookup query                               topics="kad-dht find" tid=6162740 peer=16U*VpJprH
[2026-10-04 18:59:23.948] [out] [delivery_module] DBG 2026-10-04 18:59:23.948+02:00 Lookup query                               topics="kad-dht find" tid=6162740 peer=16U*Hv8wAS
[2026-10-04 18:59:23.948] [out] [delivery_module] DBG 2026-10-04 18:59:23.948+02:00 Lookup query                               topics="kad-dht find" tid=6162740 peer=16U*2pfeoX
[2026-10-04 18:59:23.948] [out] [delivery_module] DBG 2026-10-04 18:59:23.948+02:00 Lookup query                               topics="kad-dht find" tid=6162740 peer=16U*oWQB23
[2026-10-04 18:59:23.948] [out] [delivery_module] DBG 2026-10-04 18:59:23.948+02:00 Lookup query                               topics="kad-dht find" tid=6162740 peer=16U*iSrhve
[2026-10-04 18:59:23.949] [out] [delivery_module] WRN 2026-10-04 18:59:23.949+02:00 ffi request still in flight; caller notified via RET_STALE_WARN tid=6162740 reqId=LogosdeliveryStartNodeReq elapsedMs=5000
[2026-10-04 18:59:24.270] [out] [delivery_module] DBG 2026-10-04 18:59:24.270+02:00 Lookup query                               topics="kad-dht find" tid=6162740 peer=16U*RZcwkN
[2026-10-04 18:59:24.270] [out] [delivery_module] DBG 2026-10-04 18:59:24.270+02:00 Lookup query                               topics="kad-dht find" tid=6162740 peer=16U*33uyAY
[2026-10-04 18:59:25.639] [out] [delivery_module] DBG 2026-10-04 18:59:25.639+02:00 Dialing failed                             topics="libp2p dialer" tid=6162740 description="quic dial timed out after 3s" peerId=16U*xpM86W address=/ip4/172.20.10.14/udp/60461/quic-v1 hostname=172.20.10.14
[2026-10-04 18:59:25.639] [out] [delivery_module] DBG 2026-10-04 18:59:25.639+02:00 Expanded address and hostname              topics="libp2p dialer" tid=6162740 expandedAddress=/ip4/172.20.10.14/tcp/54478 hostname=172.20.10.14 resolvedAddresses="[/ip4/172.20.10.14/tcp/54478]"
[2026-10-04 18:59:25.640] [out] [delivery_module] DBG 2026-10-04 18:59:25.640+02:00 Dialing failed                             topics="libp2p dialer" tid=6162740 description="TcpTransport dial error: (61) Connection refused" peerId=16U*xpM86W address=/ip4/172.20.10.14/tcp/54478 hostname=172.20.10.14
[2026-10-04 18:59:25.640] [out] [delivery_module] DBG 2026-10-04 18:59:25.640+02:00 Dialing failed                             topics="libp2p dialer" tid=6162740 description="quic dial timed out after 3s" peerId=16U*AknWwg address=/ip4/172.20.10.14/udp/57016/quic-v1 hostname=172.20.10.14
[2026-10-04 18:59:25.640] [out] [delivery_module] DBG 2026-10-04 18:59:25.640+02:00 Expanded address and hostname              topics="libp2p dialer" tid=6162740 expandedAddress=/ip4/172.20.10.14/tcp/55373 hostname=172.20.10.14 resolvedAddresses="[/ip4/172.20.10.14/tcp/55373]"
[2026-10-04 18:59:25.640] [out] [delivery_module] DBG 2026-10-04 18:59:25.640+02:00 Error dialing                              topics="libp2p dialer" tid=6162740 conn=nil peerId=16U*xpM86W protos="[/logos/service-discovery/1.0.0]" addrs="[/ip4/172.20.10.14/udp/60461/quic-v1, /ip4/172.20.10.14/tcp/54478]" description="Unable to establish outgoing link in establishConnection: peer_id=16U*xpM86W addrs=@[/ip4/172.20.10.14/udp/60461/quic-v1, /ip4/172.20.10.14/tcp/54478]"
[2026-10-04 18:59:25.640] [out] [delivery_module] DBG 2026-10-04 18:59:25.640+02:00 Dialing failed                             topics="libp2p dialer" tid=6162740 description="quic dial timed out after 3s" peerId=16U*8rq3kg address=/ip4/172.20.10.14/udp/49629/quic-v1 hostname=172.20.10.14
[2026-10-04 18:59:25.640] [out] [delivery_module] DBG 2026-10-04 18:59:25.640+02:00 Expanded address and hostname              topics="libp2p dialer" tid=6162740 expandedAddress=/ip4/172.20.10.14/tcp/50996 hostname=172.20.10.14 resolvedAddresses="[/ip4/172.20.10.14/tcp/50996]"
[2026-10-04 18:59:25.640] [out] [delivery_module] DBG 2026-10-04 18:59:25.640+02:00 Dialing failed                             topics="libp2p dialer" tid=6162740 description="TcpTransport dial error: (61) Connection refused" peerId=16U*AknWwg address=/ip4/172.20.10.14/tcp/55373 hostname=172.20.10.14
[2026-10-04 18:59:25.640] [out] [delivery_module] DBG 2026-10-04 18:59:25.640+02:00 Dialing failed                             topics="libp2p dialer" tid=6162740 description="TcpTransport dial error: (61) Connection refused" peerId=16U*8rq3kg address=/ip4/172.20.10.14/tcp/50996 hostname=172.20.10.14
[2026-10-04 18:59:25.640] [out] [delivery_module] DBG 2026-10-04 18:59:25.640+02:00 Error dialing                              topics="libp2p dialer" tid=6162740 conn=nil peerId=16U*AknWwg protos="[/logos/service-discovery/1.0.0]" addrs="[/ip4/172.20.10.14/udp/57016/quic-v1, /ip4/172.20.10.14/tcp/55373]" description="Unable to establish outgoing link in establishConnection: peer_id=16U*AknWwg addrs=@[/ip4/172.20.10.14/udp/57016/quic-v1, /ip4/172.20.10.14/tcp/55373]"
[2026-10-04 18:59:25.641] [out] [delivery_module] DBG 2026-10-04 18:59:25.641+02:00 Error dialing                              topics="libp2p dialer" tid=6162740 conn=nil peerId=16U*8rq3kg protos="[/logos/service-discovery/1.0.0]" addrs="[/ip4/172.20.10.14/udp/49629/quic-v1, /ip4/172.20.10.14/tcp/50996]" description="Unable to establish outgoing link in establishConnection: peer_id=16U*8rq3kg addrs=@[/ip4/172.20.10.14/udp/49629/quic-v1, /ip4/172.20.10.14/tcp/50996]"
[2026-10-04 18:59:25.641] [out] [delivery_module] DBG 2026-10-04 18:59:25.641+02:00 Dialing failed                             topics="libp2p dialer" tid=6162740 description="quic dial timed out after 3s" peerId=16U*GcpKMp address=/ip4/172.20.10.14/udp/58226/quic-v1 hostname=172.20.10.14
[2026-10-04 18:59:25.641] [out] [delivery_module] DBG 2026-10-04 18:59:25.641+02:00 Expanded address and hostname              topics="libp2p dialer" tid=6162740 expandedAddress=/ip4/172.20.10.14/tcp/56648 hostname=172.20.10.14 resolvedAddresses="[/ip4/172.20.10.14/tcp/56648]"
[2026-10-04 18:59:25.641] [out] [delivery_module] DBG 2026-10-04 18:59:25.641+02:00 Dialing failed                             topics="libp2p dialer" tid=6162740 description="TcpTransport dial error: (61) Connection refused" peerId=16U*GcpKMp address=/ip4/172.20.10.14/tcp/56648 hostname=172.20.10.14
[2026-10-04 18:59:25.641] [out] [delivery_module] DBG 2026-10-04 18:59:25.641+02:00 Error dialing                              topics="libp2p dialer" tid=6162740 conn=nil peerId=16U*GcpKMp protos="[/logos/service-discovery/1.0.0]" addrs="[/ip4/172.20.10.14/udp/58226/quic-v1, /ip4/172.20.10.14/tcp/56648]" description="Unable to establish outgoing link in establishConnection: peer_id=16U*GcpKMp addrs=@[/ip4/172.20.10.14/udp/58226/quic-v1, /ip4/172.20.10.14/tcp/56648]"
[2026-10-04 18:59:25.643] [out] [delivery_module] DBG 2026-10-04 18:59:25.643+02:00 Dialing failed                             topics="libp2p dialer" tid=6162740 description="quic dial timed out after 3s" peerId=16U*UMrxyT address=/ip4/172.20.10.14/udp/59518/quic-v1 hostname=172.20.10.14
[2026-10-04 18:59:25.643] [out] [delivery_module] DBG 2026-10-04 18:59:25.643+02:00 Expanded address and hostname              topics="libp2p dialer" tid=6162740 expandedAddress=/ip4/172.20.10.14/tcp/53863 hostname=172.20.10.14 resolvedAddresses="[/ip4/172.20.10.14/tcp/53863]"
[2026-10-04 18:59:25.643] [out] [delivery_module] DBG 2026-10-04 18:59:25.643+02:00 Dialing failed                             topics="libp2p dialer" tid=6162740 description="TcpTransport dial error: (61) Connection refused" peerId=16U*UMrxyT address=/ip4/172.20.10.14/tcp/53863 hostname=172.20.10.14
[2026-10-04 18:59:25.643] [out] [delivery_module] DBG 2026-10-04 18:59:25.643+02:00 Error dialing                              topics="libp2p dialer" tid=6162740 conn=nil peerId=16U*UMrxyT protos="[/logos/service-discovery/1.0.0]" addrs="[/ip4/172.20.10.14/udp/59518/quic-v1, /ip4/172.20.10.14/tcp/53863]" description="Unable to establish outgoing link in establishConnection: peer_id=16U*UMrxyT addrs=@[/ip4/172.20.10.14/udp/59518/quic-v1, /ip4/172.20.10.14/tcp/53863]"
[2026-10-04 18:59:25.647] [out] [delivery_module] DBG 2026-10-04 18:59:25.647+02:00 Dialing failed                             topics="libp2p dialer" tid=6162740 description="quic dial timed out after 3s" peerId=16U*UeND2x address=/ip4/172.20.10.14/udp/51140/quic-v1 hostname=172.20.10.14
[2026-10-04 18:59:25.647] [out] [delivery_module] DBG 2026-10-04 18:59:25.647+02:00 Expanded address and hostname              topics="libp2p dialer" tid=6162740 expandedAddress=/ip4/172.20.10.14/tcp/55656 hostname=172.20.10.14 resolvedAddresses="[/ip4/172.20.10.14/tcp/55656]"
[2026-10-04 18:59:25.647] [out] [delivery_module] DBG 2026-10-04 18:59:25.647+02:00 Dialing failed                             topics="libp2p dialer" tid=6162740 description="TcpTransport dial error: (61) Connection refused" peerId=16U*UeND2x address=/ip4/172.20.10.14/tcp/55656 hostname=172.20.10.14
[2026-10-04 18:59:25.647] [out] [delivery_module] DBG 2026-10-04 18:59:25.647+02:00 Error dialing                              topics="libp2p dialer" tid=6162740 conn=nil peerId=16U*UeND2x protos="[/logos/service-discovery/1.0.0]" addrs="[/ip4/172.20.10.14/udp/51140/quic-v1, /ip4/172.20.10.14/tcp/55656]" description="Unable to establish outgoing link in establishConnection: peer_id=16U*UeND2x addrs=@[/ip4/172.20.10.14/udp/51140/quic-v1, /ip4/172.20.10.14/tcp/55656]"
[2026-10-04 18:59:25.649] [out] [delivery_module] DBG 2026-10-04 18:59:25.649+02:00 Dialing failed                             topics="libp2p dialer" tid=6162740 description="quic dial timed out after 3s" peerId=16U*CbKVbN address=/ip4/172.20.10.14/udp/55956/quic-v1 hostname=172.20.10.14
[2026-10-04 18:59:25.649] [out] [delivery_module] DBG 2026-10-04 18:59:25.649+02:00 Expanded address and hostname              topics="libp2p dialer" tid=6162740 expandedAddress=/ip4/172.20.10.14/tcp/51685 hostname=172.20.10.14 resolvedAddresses="[/ip4/172.20.10.14/tcp/51685]"
[2026-10-04 18:59:25.649] [out] [delivery_module] DBG 2026-10-04 18:59:25.649+02:00 Dialing failed                             topics="libp2p dialer" tid=6162740 description="TcpTransport dial error: (61) Connection refused" peerId=16U*CbKVbN address=/ip4/172.20.10.14/tcp/51685 hostname=172.20.10.14
[2026-10-04 18:59:25.649] [out] [delivery_module] DBG 2026-10-04 18:59:25.649+02:00 Error dialing                              topics="libp2p dialer" tid=6162740 conn=nil peerId=16U*CbKVbN protos="[/logos/service-discovery/1.0.0]" addrs="[/ip4/172.20.10.14/udp/55956/quic-v1, /ip4/172.20.10.14/tcp/51685]" description="Unable to establish outgoing link in establishConnection: peer_id=16U*CbKVbN addrs=@[/ip4/172.20.10.14/udp/55956/quic-v1, /ip4/172.20.10.14/tcp/51685]"
[2026-10-04 18:59:26.117] [out] [delivery_module] DBG 2026-10-04 18:59:26.117+02:00 Dialing failed                             topics="libp2p dialer" tid=6162740 description="quic dial timed out after 3s" peerId=16U*RZcwkN address=/ip4/172.20.10.14/udp/49587/quic-v1 hostname=172.20.10.14
[2026-10-04 18:59:26.117] [out] [delivery_module] DBG 2026-10-04 18:59:26.117+02:00 Expanded address and hostname              topics="libp2p dialer" tid=6162740 expandedAddress=/ip4/172.20.10.14/tcp/51590 hostname=172.20.10.14 resolvedAddresses="[/ip4/172.20.10.14/tcp/51590]"
[2026-10-04 18:59:26.117] [out] [delivery_module] DBG 2026-10-04 18:59:26.117+02:00 Dialing failed                             topics="libp2p dialer" tid=6162740 description="TcpTransport dial error: (61) Connection refused" peerId=16U*RZcwkN address=/ip4/172.20.10.14/tcp/51590 hostname=172.20.10.14
[2026-10-04 18:59:26.117] [out] [delivery_module] DBG 2026-10-04 18:59:26.117+02:00 Expanded address and hostname              topics="libp2p dialer" tid=6162740 expandedAddress=/ip4/109.41.112.89/tcp/47952 hostname=109.41.112.89 resolvedAddresses="[/ip4/109.41.112.89/tcp/47952]"
[2026-10-04 18:59:26.193] [out] [delivery_module] DBG 2026-10-04 18:59:26.193+02:00 Dialing failed                             topics="libp2p dialer" tid=6162740 description="quic dial timed out after 3s" peerId=16U*33uyAY address=/ip4/172.20.10.14/udp/52840/quic-v1 hostname=172.20.10.14
[2026-10-04 18:59:26.193] [out] [delivery_module] DBG 2026-10-04 18:59:26.193+02:00 Expanded address and hostname              topics="libp2p dialer" tid=6162740 expandedAddress=/ip4/172.20.10.14/tcp/51591 hostname=172.20.10.14 resolvedAddresses="[/ip4/172.20.10.14/tcp/51591]"
[2026-10-04 18:59:26.194] [out] [delivery_module] DBG 2026-10-04 18:59:26.193+02:00 Dialing failed                             topics="libp2p dialer" tid=6162740 description="TcpTransport dial error: (61) Connection refused" peerId=16U*33uyAY address=/ip4/172.20.10.14/tcp/51591 hostname=172.20.10.14
[2026-10-04 18:59:26.194] [out] [delivery_module] DBG 2026-10-04 18:59:26.194+02:00 Error dialing                              topics="libp2p dialer" tid=6162740 conn=nil peerId=16U*33uyAY protos="[/logos/service-discovery/1.0.0]" addrs="[/ip4/172.20.10.14/udp/52840/quic-v1, /ip4/172.20.10.14/tcp/51591]" description="Unable to establish outgoing link in establishConnection: peer_id=16U*33uyAY addrs=@[/ip4/172.20.10.14/udp/52840/quic-v1, /ip4/172.20.10.14/tcp/51591]"
[2026-10-04 18:59:26.194] [out] [delivery_module] DBG 2026-10-04 18:59:26.194+02:00 Dialing peer                               topics="libp2p dialer" tid=6162740 peerId=16U*33uyAY addrs="[/ip4/172.20.10.14/udp/52840/quic-v1, /ip4/172.20.10.14/tcp/51591]"
[2026-10-04 18:59:26.194] [out] [delivery_module] DBG 2026-10-04 18:59:26.194+02:00 Expanded address and hostname              topics="libp2p dialer" tid=6162740 expandedAddress=/ip4/172.20.10.14/udp/52840/quic-v1 hostname=172.20.10.14 resolvedAddresses="[/ip4/172.20.10.14/udp/52840/quic-v1]"
[2026-10-04 18:59:26.194] [out] [delivery_module] DBG 2026-10-04 18:59:26.194+02:00 New connection established: client         tid=6162740
[2026-10-04 18:59:26.867] [out] [delivery_module] DBG 2026-10-04 18:59:26.867+02:00 Dialing failed                             topics="libp2p dialer" tid=6162740 description="quic dial timed out after 3s" peerId=16U*JXZN12 address=/ip4/172.20.10.14/udp/62834/quic-v1 hostname=172.20.10.14
[2026-10-04 18:59:26.867] [out] [delivery_module] DBG 2026-10-04 18:59:26.867+02:00 Expanded address and hostname              topics="libp2p dialer" tid=6162740 expandedAddress=/ip4/172.20.10.14/tcp/49738 hostname=172.20.10.14 resolvedAddresses="[/ip4/172.20.10.14/tcp/49738]"
[2026-10-04 18:59:26.867] [out] [delivery_module] DBG 2026-10-04 18:59:26.867+02:00 Dialing failed                             topics="libp2p dialer" tid=6162740 description="TcpTransport dial error: (61) Connection refused" peerId=16U*JXZN12 address=/ip4/172.20.10.14/tcp/49738 hostname=172.20.10.14
[2026-10-04 18:59:26.867] [out] [delivery_module] DBG 2026-10-04 18:59:26.867+02:00 Error dialing                              topics="libp2p dialer" tid=6162740 conn=nil peerId=16U*JXZN12 protos="[/logos/service-discovery/1.0.0]" addrs="[/ip4/172.20.10.14/udp/62834/quic-v1, /ip4/172.20.10.14/tcp/49738]" description="Unable to establish outgoing link in establishConnection: peer_id=16U*JXZN12 addrs=@[/ip4/172.20.10.14/udp/62834/quic-v1, /ip4/172.20.10.14/tcp/49738]"
[2026-10-04 18:59:27.957] [out] [delivery_module] DBG 2026-10-04 18:59:27.957+02:00 Lookup query                               topics="kad-dht find" tid=6162740 peer=16U*xpM86W
[2026-10-04 18:59:27.957] [out] [delivery_module] DBG 2026-10-04 18:59:27.957+02:00 Dialing peer                               topics="libp2p dialer" tid=6162740 peerId=16U*xpM86W addrs="[/ip4/172.20.10.14/udp/60461/quic-v1, /ip4/172.20.10.14/tcp/54478]"
[2026-10-04 18:59:27.957] [out] [delivery_module] DBG 2026-10-04 18:59:27.957+02:00 Expanded address and hostname              topics="libp2p dialer" tid=6162740 expandedAddress=/ip4/172.20.10.14/udp/60461/quic-v1 hostname=172.20.10.14 resolvedAddresses="[/ip4/172.20.10.14/udp/60461/quic-v1]"
[2026-10-04 18:59:27.958] [out] [delivery_module] DBG 2026-10-04 18:59:27.958+02:00 New connection established: client         tid=6162740
[2026-10-04 18:59:27.958] [out] [delivery_module] DBG 2026-10-04 18:59:27.958+02:00 Lookup query                               topics="kad-dht find" tid=6162740 peer=16U*AknWwg
[2026-10-04 18:59:27.958] [out] [delivery_module] DBG 2026-10-04 18:59:27.958+02:00 Dialing peer                               topics="libp2p dialer" tid=6162740 peerId=16U*AknWwg addrs="[/ip4/172.20.10.14/udp/57016/quic-v1, /ip4/172.20.10.14/tcp/55373]"
[2026-10-04 18:59:27.958] [out] [delivery_module] DBG 2026-10-04 18:59:27.958+02:00 Expanded address and hostname              topics="libp2p dialer" tid=6162740 expandedAddress=/ip4/172.20.10.14/udp/57016/quic-v1 hostname=172.20.10.14 resolvedAddresses="[/ip4/172.20.10.14/udp/57016/quic-v1]"
[2026-10-04 18:59:27.958] [out] [delivery_module] DBG 2026-10-04 18:59:27.958+02:00 New connection established: client         tid=6162740
[2026-10-04 18:59:27.958] [out] [delivery_module] DBG 2026-10-04 18:59:27.958+02:00 Lookup query                               topics="kad-dht find" tid=6162740 peer=16U*8rq3kg
[2026-10-04 18:59:27.958] [out] [delivery_module] DBG 2026-10-04 18:59:27.958+02:00 Dialing peer                               topics="libp2p dialer" tid=6162740 peerId=16U*8rq3kg addrs="[/ip4/172.20.10.14/udp/49629/quic-v1, /ip4/172.20.10.14/tcp/50996]"
[2026-10-04 18:59:27.958] [out] [delivery_module] DBG 2026-10-04 18:59:27.958+02:00 Expanded address and hostname              topics="libp2p dialer" tid=6162740 expandedAddress=/ip4/172.20.10.14/udp/49629/quic-v1 hostname=172.20.10.14 resolvedAddresses="[/ip4/172.20.10.14/udp/49629/quic-v1]"
[2026-10-04 18:59:27.958] [out] [delivery_module] DBG 2026-10-04 18:59:27.958+02:00 New connection established: client         tid=6162740
[2026-10-04 18:59:27.958] [out] [delivery_module] DBG 2026-10-04 18:59:27.958+02:00 Lookup query                               topics="kad-dht find" tid=6162740 peer=16U*GcpKMp
[2026-10-04 18:59:27.958] [out] [delivery_module] DBG 2026-10-04 18:59:27.958+02:00 Dialing peer                               topics="libp2p dialer" tid=6162740 peerId=16U*GcpKMp addrs="[/ip4/172.20.10.14/udp/58226/quic-v1, /ip4/172.20.10.14/tcp/56648]"
[2026-10-04 18:59:27.958] [out] [delivery_module] DBG 2026-10-04 18:59:27.958+02:00 Expanded address and hostname              topics="libp2p dialer" tid=6162740 expandedAddress=/ip4/172.20.10.14/udp/58226/quic-v1 hostname=172.20.10.14 resolvedAddresses="[/ip4/172.20.10.14/udp/58226/quic-v1]"
[2026-10-04 18:59:27.958] [out] [delivery_module] DBG 2026-10-04 18:59:27.958+02:00 New connection established: client         tid=6162740
[2026-10-04 18:59:27.959] [out] [delivery_module] DBG 2026-10-04 18:59:27.959+02:00 Lookup query                               topics="kad-dht find" tid=6162740 peer=16U*UMrxyT
[2026-10-04 18:59:27.959] [out] [delivery_module] DBG 2026-10-04 18:59:27.959+02:00 Dialing peer                               topics="libp2p dialer" tid=6162740 peerId=16U*UMrxyT addrs="[/ip4/172.20.10.14/udp/59518/quic-v1, /ip4/172.20.10.14/tcp/53863]"
[2026-10-04 18:59:27.959] [out] [delivery_module] DBG 2026-10-04 18:59:27.959+02:00 Expanded address and hostname              topics="libp2p dialer" tid=6162740 expandedAddress=/ip4/172.20.10.14/udp/59518/quic-v1 hostname=172.20.10.14 resolvedAddresses="[/ip4/172.20.10.14/udp/59518/quic-v1]"
[2026-10-04 18:59:27.959] [out] [delivery_module] DBG 2026-10-04 18:59:27.959+02:00 New connection established: client         tid=6162740
[2026-10-04 18:59:27.959] [out] [delivery_module] DBG 2026-10-04 18:59:27.959+02:00 Lookup query                               topics="kad-dht find" tid=6162740 peer=16U*UeND2x
[2026-10-04 18:59:27.959] [out] [delivery_module] DBG 2026-10-04 18:59:27.959+02:00 Dialing peer                               topics="libp2p dialer" tid=6162740 peerId=16U*UeND2x addrs="[/ip4/172.20.10.14/udp/51140/quic-v1, /ip4/172.20.10.14/tcp/55656]"
[2026-10-04 18:59:27.959] [out] [delivery_module] DBG 2026-10-04 18:59:27.959+02:00 Expanded address and hostname              topics="libp2p dialer" tid=6162740 expandedAddress=/ip4/172.20.10.14/udp/51140/quic-v1 hostname=172.20.10.14 resolvedAddresses="[/ip4/172.20.10.14/udp/51140/quic-v1]"
[2026-10-04 18:59:27.959] [out] [delivery_module] DBG 2026-10-04 18:59:27.959+02:00 New connection established: client         tid=6162740
[2026-10-04 18:59:27.959] [out] [delivery_module] DBG 2026-10-04 18:59:27.959+02:00 Lookup query                               topics="kad-dht find" tid=6162740 peer=16U*CbKVbN
[2026-10-04 18:59:27.959] [out] [delivery_module] DBG 2026-10-04 18:59:27.959+02:00 Dialing peer                               topics="libp2p dialer" tid=6162740 peerId=16U*CbKVbN addrs="[/ip4/172.20.10.14/udp/55956/quic-v1, /ip4/172.20.10.14/tcp/51685]"
[2026-10-04 18:59:27.959] [out] [delivery_module] DBG 2026-10-04 18:59:27.959+02:00 Expanded address and hostname              topics="libp2p dialer" tid=6162740 expandedAddress=/ip4/172.20.10.14/udp/55956/quic-v1 hostname=172.20.10.14 resolvedAddresses="[/ip4/172.20.10.14/udp/55956/quic-v1]"
[2026-10-04 18:59:27.959] [out] [delivery_module] DBG 2026-10-04 18:59:27.959+02:00 New connection established: client         tid=6162740
[2026-10-04 18:59:27.959] [out] [delivery_module] DBG 2026-10-04 18:59:27.959+02:00 Lookup query                               topics="kad-dht find" tid=6162740 peer=16U*VpJprH
[2026-10-04 18:59:27.960] [out] [delivery_module] DBG 2026-10-04 18:59:27.960+02:00 Kad lookup: RPC error                      topics="kad-dht find" tid=6162740 peer=16U*VpJprH msg="dialStage: timed out dialing the peer"
[2026-10-04 18:59:28.124] [out] [delivery_module] DBG 2026-10-04 18:59:28.124+02:00 Kad lookup: RPC error                      topics="kad-dht find" tid=6162740 peer=16U*RZcwkN msg="dialStage: timed out dialing the peer"
[2026-10-04 18:59:28.949] [out] [delivery_module] DBG 2026-10-04 18:59:28.949+02:00 Kad lookup: RPC error                      topics="kad-dht find" tid=6162740 peer=16U*VpJprH msg="dialStage: timed out dialing the peer"
[2026-10-04 18:59:28.949] [out] [delivery_module] DBG 2026-10-04 18:59:28.949+02:00 Lookup query                               topics="kad-dht find" tid=6162740 peer=16U*xpM86W
[2026-10-04 18:59:28.949] [out] [delivery_module] DBG 2026-10-04 18:59:28.949+02:00 Lookup query                               topics="kad-dht find" tid=6162740 peer=16U*AknWwg
[2026-10-04 18:59:28.949] [out] [delivery_module] DBG 2026-10-04 18:59:28.949+02:00 Lookup query                               topics="kad-dht find" tid=6162740 peer=16U*8rq3kg
[2026-10-04 18:59:28.949] [out] [delivery_module] DBG 2026-10-04 18:59:28.949+02:00 Lookup query                               topics="kad-dht find" tid=6162740 peer=16U*GcpKMp
[2026-10-04 18:59:28.949] [out] [delivery_module] DBG 2026-10-04 18:59:28.949+02:00 Lookup query                               topics="kad-dht find" tid=6162740 peer=16U*UMrxyT
[2026-10-04 18:59:28.949] [out] [delivery_module] DBG 2026-10-04 18:59:28.949+02:00 Lookup query                               topics="kad-dht find" tid=6162740 peer=16U*UeND2x
[2026-10-04 18:59:28.949] [out] [delivery_module] DBG 2026-10-04 18:59:28.949+02:00 Lookup query                               topics="kad-dht find" tid=6162740 peer=16U*CbKVbN
[2026-10-04 18:59:28.950] [out] [delivery_module] DBG 2026-10-04 18:59:28.949+02:00 Lookup query                               topics="kad-dht find" tid=6162740 peer=16U*VpJprH
[2026-10-04 18:59:28.950] [out] [delivery_module] WRN 2026-10-04 18:59:28.950+02:00 ffi request still in flight; caller notified via RET_STALE_WARN tid=6162740 reqId=LogosdeliveryStartNodeReq elapsedMs=10000
[2026-10-04 18:59:29.196] [out] [delivery_module] DBG 2026-10-04 18:59:29.196+02:00 Dialing failed                             topics="libp2p dialer" tid=6162740 description="quic dial timed out after 3s" peerId=16U*33uyAY address=/ip4/172.20.10.14/udp/52840/quic-v1 hostname=172.20.10.14
[2026-10-04 18:59:29.196] [out] [delivery_module] DBG 2026-10-04 18:59:29.196+02:00 Expanded address and hostname              topics="libp2p dialer" tid=6162740 expandedAddress=/ip4/172.20.10.14/tcp/51591 hostname=172.20.10.14 resolvedAddresses="[/ip4/172.20.10.14/tcp/51591]"
[2026-10-04 18:59:29.196] [out] [delivery_module] DBG 2026-10-04 18:59:29.196+02:00 Dialing failed                             topics="libp2p dialer" tid=6162740 description="TcpTransport dial error: (61) Connection refused" peerId=16U*33uyAY address=/ip4/172.20.10.14/tcp/51591 hostname=172.20.10.14
[2026-10-04 18:59:29.196] [out] [delivery_module] DBG 2026-10-04 18:59:29.196+02:00 Error dialing                              topics="libp2p dialer" tid=6162740 conn=nil peerId=16U*33uyAY protos="[/logos/service-discovery/1.0.0]" addrs="[/ip4/172.20.10.14/udp/52840/quic-v1, /ip4/172.20.10.14/tcp/51591]" description="Unable to establish outgoing link in establishConnection: peer_id=16U*33uyAY addrs=@[/ip4/172.20.10.14/udp/52840/quic-v1, /ip4/172.20.10.14/tcp/51591]"
[2026-10-04 18:59:29.197] [out] [delivery_module] DBG 2026-10-04 18:59:29.197+02:00 Dialing peer                               topics="libp2p dialer" tid=6162740 peerId=16U*33uyAY addrs="[/ip4/172.20.10.14/udp/52840/quic-v1, /ip4/172.20.10.14/tcp/51591]"
[2026-10-04 18:59:29.197] [out] [delivery_module] DBG 2026-10-04 18:59:29.197+02:00 Expanded address and hostname              topics="libp2p dialer" tid=6162740 expandedAddress=/ip4/172.20.10.14/udp/52840/quic-v1 hostname=172.20.10.14 resolvedAddresses="[/ip4/172.20.10.14/udp/52840/quic-v1]"
[2026-10-04 18:59:29.197] [out] [delivery_module] DBG 2026-10-04 18:59:29.197+02:00 New connection established: client         tid=6162740
[2026-10-04 18:59:30.962] [out] [delivery_module] DBG 2026-10-04 18:59:30.960+02:00 Dialing failed                             topics="libp2p dialer" tid=6162740 description="quic dial timed out after 3s" peerId=16U*xpM86W address=/ip4/172.20.10.14/udp/60461/quic-v1 hostname=172.20.10.14
[2026-10-04 18:59:30.962] [out] [delivery_module] DBG 2026-10-04 18:59:30.962+02:00 Dialing failed                             topics="libp2p dialer" tid=6162740 description="quic dial timed out after 3s" peerId=16U*AknWwg address=/ip4/172.20.10.14/udp/57016/quic-v1 hostname=172.20.10.14
[2026-10-04 18:59:30.962] [out] [delivery_module] DBG 2026-10-04 18:59:30.962+02:00 Dialing failed                             topics="libp2p dialer" tid=6162740 description="quic dial timed out after 3s" peerId=16U*8rq3kg address=/ip4/172.20.10.14/udp/49629/quic-v1 hostname=172.20.10.14
[2026-10-04 18:59:30.963] [out] [delivery_module] DBG 2026-10-04 18:59:30.962+02:00 Dialing failed                             topics="libp2p dialer" tid=6162740 description="quic dial timed out after 3s" peerId=16U*GcpKMp address=/ip4/172.20.10.14/udp/58226/quic-v1 hostname=172.20.10.14
[2026-10-04 18:59:30.963] [out] [delivery_module] DBG 2026-10-04 18:59:30.962+02:00 Dialing failed                             topics="libp2p dialer" tid=6162740 description="quic dial timed out after 3s" peerId=16U*UMrxyT address=/ip4/172.20.10.14/udp/59518/quic-v1 hostname=172.20.10.14
[2026-10-04 18:59:30.963] [out] [delivery_module] DBG 2026-10-04 18:59:30.962+02:00 Expanded address and hostname              topics="libp2p dialer" tid=6162740 expandedAddress=/ip4/172.20.10.14/tcp/54478 hostname=172.20.10.14 resolvedAddresses="[/ip4/172.20.10.14/tcp/54478]"
[2026-10-04 18:59:30.963] [out] [delivery_module] DBG 2026-10-04 18:59:30.963+02:00 Expanded address and hostname              topics="libp2p dialer" tid=6162740 expandedAddress=/ip4/172.20.10.14/tcp/55373 hostname=172.20.10.14 resolvedAddresses="[/ip4/172.20.10.14/tcp/55373]"
[2026-10-04 18:59:30.964] [out] [delivery_module] DBG 2026-10-04 18:59:30.964+02:00 Expanded address and hostname              topics="libp2p dialer" tid=6162740 expandedAddress=/ip4/172.20.10.14/tcp/50996 hostname=172.20.10.14 resolvedAddresses="[/ip4/172.20.10.14/tcp/50996]"
[2026-10-04 18:59:30.965] [out] [delivery_module] DBG 2026-10-04 18:59:30.965+02:00 Expanded address and hostname              topics="libp2p dialer" tid=6162740 expandedAddress=/ip4/172.20.10.14/tcp/56648 hostname=172.20.10.14 resolvedAddresses="[/ip4/172.20.10.14/tcp/56648]"
[2026-10-04 18:59:30.965] [out] [delivery_module] DBG 2026-10-04 18:59:30.965+02:00 Expanded address and hostname              topics="libp2p dialer" tid=6162740 expandedAddress=/ip4/172.20.10.14/tcp/53863 hostname=172.20.10.14 resolvedAddresses="[/ip4/172.20.10.14/tcp/53863]"
[2026-10-04 18:59:30.966] [out] [delivery_module] DBG 2026-10-04 18:59:30.966+02:00 Dialing failed                             topics="libp2p dialer" tid=6162740 description="quic dial timed out after 3s" peerId=16U*UeND2x address=/ip4/172.20.10.14/udp/51140/quic-v1 hostname=172.20.10.14
[2026-10-04 18:59:30.966] [out] [delivery_module] DBG 2026-10-04 18:59:30.966+02:00 Expanded address and hostname              topics="libp2p dialer" tid=6162740 expandedAddress=/ip4/172.20.10.14/tcp/55656 hostname=172.20.10.14 resolvedAddresses="[/ip4/172.20.10.14/tcp/55656]"
[2026-10-04 18:59:30.967] [out] [delivery_module] DBG 2026-10-04 18:59:30.966+02:00 Dialing failed                             topics="libp2p dialer" tid=6162740 description="TcpTransport dial error: (61) Connection refused" peerId=16U*xpM86W address=/ip4/172.20.10.14/tcp/54478 hostname=172.20.10.14
[2026-10-04 18:59:30.967] [out] [delivery_module] DBG 2026-10-04 18:59:30.967+02:00 Dialing failed                             topics="libp2p dialer" tid=6162740 description="TcpTransport dial error: (61) Connection refused" peerId=16U*AknWwg address=/ip4/172.20.10.14/tcp/55373 hostname=172.20.10.14
[2026-10-04 18:59:30.967] [out] [delivery_module] DBG 2026-10-04 18:59:30.967+02:00 Dialing failed                             topics="libp2p dialer" tid=6162740 description="TcpTransport dial error: (61) Connection refused" peerId=16U*8rq3kg address=/ip4/172.20.10.14/tcp/50996 hostname=172.20.10.14
[2026-10-04 18:59:30.967] [out] [delivery_module] DBG 2026-10-04 18:59:30.967+02:00 Dialing failed                             topics="libp2p dialer" tid=6162740 description="TcpTransport dial error: (61) Connection refused" peerId=16U*GcpKMp address=/ip4/172.20.10.14/tcp/56648 hostname=172.20.10.14
[2026-10-04 18:59:30.967] [out] [delivery_module] DBG 2026-10-04 18:59:30.967+02:00 Dialing failed                             topics="libp2p dialer" tid=6162740 description="TcpTransport dial error: (61) Connection refused" peerId=16U*UMrxyT address=/ip4/172.20.10.14/tcp/53863 hostname=172.20.10.14
[2026-10-04 18:59:30.967] [out] [delivery_module] DBG 2026-10-04 18:59:30.967+02:00 Dialing failed                             topics="libp2p dialer" tid=6162740 description="quic dial timed out after 3s" peerId=16U*CbKVbN address=/ip4/172.20.10.14/udp/55956/quic-v1 hostname=172.20.10.14
[2026-10-04 18:59:30.967] [out] [delivery_module] DBG 2026-10-04 18:59:30.967+02:00 Expanded address and hostname              topics="libp2p dialer" tid=6162740 expandedAddress=/ip4/172.20.10.14/tcp/51685 hostname=172.20.10.14 resolvedAddresses="[/ip4/172.20.10.14/tcp/51685]"
[2026-10-04 18:59:30.967] [out] [delivery_module] DBG 2026-10-04 18:59:30.967+02:00 Error dialing                              topics="libp2p dialer" tid=6162740 conn=nil peerId=16U*xpM86W protos="[/logos/service-discovery/1.0.0]" addrs="[/ip4/172.20.10.14/udp/60461/quic-v1, /ip4/172.20.10.14/tcp/54478]" description="Unable to establish outgoing link in establishConnection: peer_id=16U*xpM86W addrs=@[/ip4/172.20.10.14/udp/60461/quic-v1, /ip4/172.20.10.14/tcp/54478]"
[2026-10-04 18:59:30.967] [out] [delivery_module] DBG 2026-10-04 18:59:30.967+02:00 Error dialing                              topics="libp2p dialer" tid=6162740 conn=nil peerId=16U*AknWwg protos="[/logos/service-discovery/1.0.0]" addrs="[/ip4/172.20.10.14/udp/57016/quic-v1, /ip4/172.20.10.14/tcp/55373]" description="Unable to establish outgoing link in establishConnection: peer_id=16U*AknWwg addrs=@[/ip4/172.20.10.14/udp/57016/quic-v1, /ip4/172.20.10.14/tcp/55373]"
[2026-10-04 18:59:30.968] [out] [delivery_module] DBG 2026-10-04 18:59:30.967+02:00 Error dialing                              topics="libp2p dialer" tid=6162740 conn=nil peerId=16U*8rq3kg protos="[/logos/service-discovery/1.0.0]" addrs="[/ip4/172.20.10.14/udp/49629/quic-v1, /ip4/172.20.10.14/tcp/50996]" description="Unable to establish outgoing link in establishConnection: peer_id=16U*8rq3kg addrs=@[/ip4/172.20.10.14/udp/49629/quic-v1, /ip4/172.20.10.14/tcp/50996]"
[2026-10-04 18:59:30.968] [out] [delivery_module] DBG 2026-10-04 18:59:30.967+02:00 Error dialing                              topics="libp2p dialer" tid=6162740 conn=nil peerId=16U*GcpKMp protos="[/logos/service-discovery/1.0.0]" addrs="[/ip4/172.20.10.14/udp/58226/quic-v1, /ip4/172.20.10.14/tcp/56648]" description="Unable to establish outgoing link in establishConnection: peer_id=16U*GcpKMp addrs=@[/ip4/172.20.10.14/udp/58226/quic-v1, /ip4/172.20.10.14/tcp/56648]"
[2026-10-04 18:59:30.968] [out] [delivery_module] DBG 2026-10-04 18:59:30.968+02:00 Error dialing                              topics="libp2p dialer" tid=6162740 conn=nil peerId=16U*UMrxyT protos="[/logos/service-discovery/1.0.0]" addrs="[/ip4/172.20.10.14/udp/59518/quic-v1, /ip4/172.20.10.14/tcp/53863]" description="Unable to establish outgoing link in establishConnection: peer_id=16U*UMrxyT addrs=@[/ip4/172.20.10.14/udp/59518/quic-v1, /ip4/172.20.10.14/tcp/53863]"
[2026-10-04 18:59:30.968] [out] [delivery_module] DBG 2026-10-04 18:59:30.968+02:00 Dialing failed                             topics="libp2p dialer" tid=6162740 description="TcpTransport dial error: (61) Connection refused" peerId=16U*UeND2x address=/ip4/172.20.10.14/tcp/55656 hostname=172.20.10.14
[2026-10-04 18:59:30.968] [out] [delivery_module] DBG 2026-10-04 18:59:30.968+02:00 Dialing failed                             topics="libp2p dialer" tid=6162740 description="TcpTransport dial error: (61) Connection refused" peerId=16U*CbKVbN address=/ip4/172.20.10.14/tcp/51685 hostname=172.20.10.14
[2026-10-04 18:59:30.968] [out] [delivery_module] DBG 2026-10-04 18:59:30.968+02:00 Error dialing                              topics="libp2p dialer" tid=6162740 conn=nil peerId=16U*UeND2x protos="[/logos/service-discovery/1.0.0]" addrs="[/ip4/172.20.10.14/udp/51140/quic-v1, /ip4/172.20.10.14/tcp/55656]" description="Unable to establish outgoing link in establishConnection: peer_id=16U*UeND2x addrs=@[/ip4/172.20.10.14/udp/51140/quic-v1, /ip4/172.20.10.14/tcp/55656]"
[2026-10-04 18:59:30.968] [out] [delivery_module] DBG 2026-10-04 18:59:30.968+02:00 Error dialing                              topics="libp2p dialer" tid=6162740 conn=nil peerId=16U*CbKVbN protos="[/logos/service-discovery/1.0.0]" addrs="[/ip4/172.20.10.14/udp/55956/quic-v1, /ip4/172.20.10.14/tcp/51685]" description="Unable to establish outgoing link in establishConnection: peer_id=16U*CbKVbN addrs=@[/ip4/172.20.10.14/udp/55956/quic-v1, /ip4/172.20.10.14/tcp/51685]"
[2026-10-04 18:59:30.968] [out] [delivery_module] DBG 2026-10-04 18:59:30.968+02:00 Dialing peer                               topics="libp2p dialer" tid=6162740 peerId=16U*xpM86W addrs="[/ip4/172.20.10.14/udp/60461/quic-v1, /ip4/172.20.10.14/tcp/54478]"
[2026-10-04 18:59:30.968] [out] [delivery_module] DBG 2026-10-04 18:59:30.968+02:00 Expanded address and hostname              topics="libp2p dialer" tid=6162740 expandedAddress=/ip4/172.20.10.14/udp/60461/quic-v1 hostname=172.20.10.14 resolvedAddresses="[/ip4/172.20.10.14/udp/60461/quic-v1]"
[2026-10-04 18:59:30.969] [out] [delivery_module] DBG 2026-10-04 18:59:30.969+02:00 New connection established: client         tid=6162740
[2026-10-04 18:59:30.969] [out] [delivery_module] DBG 2026-10-04 18:59:30.969+02:00 Dialing peer                               topics="libp2p dialer" tid=6162740 peerId=16U*AknWwg addrs="[/ip4/172.20.10.14/udp/57016/quic-v1, /ip4/172.20.10.14/tcp/55373]"
[2026-10-04 18:59:30.969] [out] [delivery_module] DBG 2026-10-04 18:59:30.969+02:00 Expanded address and hostname              topics="libp2p dialer" tid=6162740 expandedAddress=/ip4/172.20.10.14/udp/57016/quic-v1 hostname=172.20.10.14 resolvedAddresses="[/ip4/172.20.10.14/udp/57016/quic-v1]"
[2026-10-04 18:59:30.969] [out] [delivery_module] DBG 2026-10-04 18:59:30.969+02:00 New connection established: client         tid=6162740
[2026-10-04 18:59:30.970] [out] [delivery_module] DBG 2026-10-04 18:59:30.970+02:00 Dialing peer                               topics="libp2p dialer" tid=6162740 peerId=16U*8rq3kg addrs="[/ip4/172.20.10.14/udp/49629/quic-v1, /ip4/172.20.10.14/tcp/50996]"
[2026-10-04 18:59:30.970] [out] [delivery_module] DBG 2026-10-04 18:59:30.970+02:00 Expanded address and hostname              topics="libp2p dialer" tid=6162740 expandedAddress=/ip4/172.20.10.14/udp/49629/quic-v1 hostname=172.20.10.14 resolvedAddresses="[/ip4/172.20.10.14/udp/49629/quic-v1]"
[2026-10-04 18:59:30.970] [out] [delivery_module] DBG 2026-10-04 18:59:30.970+02:00 New connection established: client         tid=6162740
[2026-10-04 18:59:30.970] [out] [delivery_module] DBG 2026-10-04 18:59:30.970+02:00 Dialing peer                               topics="libp2p dialer" tid=6162740 peerId=16U*GcpKMp addrs="[/ip4/172.20.10.14/udp/58226/quic-v1, /ip4/172.20.10.14/tcp/56648]"
[2026-10-04 18:59:30.970] [out] [delivery_module] DBG 2026-10-04 18:59:30.970+02:00 Expanded address and hostname              topics="libp2p dialer" tid=6162740 expandedAddress=/ip4/172.20.10.14/udp/58226/quic-v1 hostname=172.20.10.14 resolvedAddresses="[/ip4/172.20.10.14/udp/58226/quic-v1]"
[2026-10-04 18:59:30.970] [out] [delivery_module] DBG 2026-10-04 18:59:30.970+02:00 New connection established: client         tid=6162740
[2026-10-04 18:59:30.971] [out] [delivery_module] DBG 2026-10-04 18:59:30.971+02:00 Dialing peer                               topics="libp2p dialer" tid=6162740 peerId=16U*UMrxyT addrs="[/ip4/172.20.10.14/udp/59518/quic-v1, /ip4/172.20.10.14/tcp/53863]"
[2026-10-04 18:59:30.971] [out] [delivery_module] DBG 2026-10-04 18:59:30.971+02:00 Expanded address and hostname              topics="libp2p dialer" tid=6162740 expandedAddress=/ip4/172.20.10.14/udp/59518/quic-v1 hostname=172.20.10.14 resolvedAddresses="[/ip4/172.20.10.14/udp/59518/quic-v1]"
[2026-10-04 18:59:30.971] [out] [delivery_module] DBG 2026-10-04 18:59:30.971+02:00 New connection established: client         tid=6162740
[2026-10-04 18:59:30.971] [out] [delivery_module] DBG 2026-10-04 18:59:30.971+02:00 Dialing peer                               topics="libp2p dialer" tid=6162740 peerId=16U*UeND2x addrs="[/ip4/172.20.10.14/udp/51140/quic-v1, /ip4/172.20.10.14/tcp/55656]"
[2026-10-04 18:59:30.971] [out] [delivery_module] DBG 2026-10-04 18:59:30.971+02:00 Expanded address and hostname              topics="libp2p dialer" tid=6162740 expandedAddress=/ip4/172.20.10.14/udp/51140/quic-v1 hostname=172.20.10.14 resolvedAddresses="[/ip4/172.20.10.14/udp/51140/quic-v1]"
[2026-10-04 18:59:30.972] [out] [delivery_module] DBG 2026-10-04 18:59:30.972+02:00 New connection established: client         tid=6162740
[2026-10-04 18:59:30.972] [out] [delivery_module] DBG 2026-10-04 18:59:30.972+02:00 Lookup query                               topics="kad-dht find" tid=6162740 peer=16U*kpeu1j
[2026-10-04 18:59:30.973] [out] [delivery_module] DBG 2026-10-04 18:59:30.973+02:00 Lookup query                               topics="kad-dht find" tid=6162740 peer=16U*t5HAoy
[2026-10-04 18:59:30.973] [out] [delivery_module] DBG 2026-10-04 18:59:30.973+02:00 Lookup query                               topics="kad-dht find" tid=6162740 peer=16U*Hv8wAS
[2026-10-04 18:59:30.973] [out] [delivery_module] DBG 2026-10-04 18:59:30.973+02:00 Lookup query                               topics="kad-dht find" tid=6162740 peer=16U*2pfeoX
[2026-10-04 18:59:30.973] [out] [delivery_module] DBG 2026-10-04 18:59:30.973+02:00 Lookup query                               topics="kad-dht find" tid=6162740 peer=16U*oWQB23
[2026-10-04 18:59:30.973] [out] [delivery_module] DBG 2026-10-04 18:59:30.973+02:00 Dialing peer                               topics="libp2p dialer" tid=6162740 peerId=16U*CbKVbN addrs="[/ip4/172.20.10.14/udp/55956/quic-v1, /ip4/172.20.10.14/tcp/51685]"
[2026-10-04 18:59:30.973] [out] [delivery_module] DBG 2026-10-04 18:59:30.973+02:00 Expanded address and hostname              topics="libp2p dialer" tid=6162740 expandedAddress=/ip4/172.20.10.14/udp/55956/quic-v1 hostname=172.20.10.14 resolvedAddresses="[/ip4/172.20.10.14/udp/55956/quic-v1]"
[2026-10-04 18:59:30.973] [out] [delivery_module] DBG 2026-10-04 18:59:30.973+02:00 New connection established: client         tid=6162740
[2026-10-04 18:59:32.199] [out] [delivery_module] DBG 2026-10-04 18:59:32.199+02:00 Dialing failed                             topics="libp2p dialer" tid=6162740 description="quic dial timed out after 3s" peerId=16U*33uyAY address=/ip4/172.20.10.14/udp/52840/quic-v1 hostname=172.20.10.14
[2026-10-04 18:59:32.199] [out] [delivery_module] DBG 2026-10-04 18:59:32.199+02:00 Expanded address and hostname              topics="libp2p dialer" tid=6162740 expandedAddress=/ip4/172.20.10.14/tcp/51591 hostname=172.20.10.14 resolvedAddresses="[/ip4/172.20.10.14/tcp/51591]"
[2026-10-04 18:59:32.199] [out] [delivery_module] DBG 2026-10-04 18:59:32.199+02:00 Dialing failed                             topics="libp2p dialer" tid=6162740 description="TcpTransport dial error: (61) Connection refused" peerId=16U*33uyAY address=/ip4/172.20.10.14/tcp/51591 hostname=172.20.10.14
[2026-10-04 18:59:32.200] [out] [delivery_module] DBG 2026-10-04 18:59:32.200+02:00 Error dialing                              topics="libp2p dialer" tid=6162740 conn=nil peerId=16U*33uyAY protos="[/logos/service-discovery/1.0.0]" addrs="[/ip4/172.20.10.14/udp/52840/quic-v1, /ip4/172.20.10.14/tcp/51591]" description="Unable to establish outgoing link in establishConnection: peer_id=16U*33uyAY addrs=@[/ip4/172.20.10.14/udp/52840/quic-v1, /ip4/172.20.10.14/tcp/51591]"
[2026-10-04 18:59:32.958] [out] [delivery_module] DBG 2026-10-04 18:59:32.958+02:00 Finished dialing multiple peers            tid=6162740 successfulConns=5 attempted=6
[2026-10-04 18:59:32.959] [out] [delivery_module] DBG 2026-10-04 18:59:32.959+02:00 Dialing multiple peers                     topics="waku node peer_manager" tid=6162740 numOfPeers=10 nodes="@[16Uiu2HAmMbCcrH3yM2S3FtAmrYi7iktvbvxujHFXagfUnj8rq3kg, 16Uiu2HAm1xxiN1EJgFE7buHWW6WVEWAofJ91YizfcAUU8PoWQB23, 16Uiu2HAmLDT687jSSK2WL9MbEeJDzEuZNzbJkFK91Rp8XoJXZN12, 16Uiu2HAm3FQwb18rWMNZfewr4JEc8wFfX3G4HowCg9nXrtRZcwkN, 16Uiu2HAmBakrHkuGSbxSX8WYGrqhNGFdTJnj8k5DBFEzaVUeND2x, 16Uiu2HAm4MoReuQe8j8tB6hFVFhSubjY6ovLiEmkynZaNhxpM86W, 16Uiu2HAm5DzGs7XiNofnBJfZVNY7C5Gc77MHtSbHAX3nXBAknWwg, 16Uiu2HAmKE2Wdpb45As7avtGroDXiTMHwHuFmcEmTUzaYwkpeu1j, 16Uiu2HAm5tUZ3UnzroDedb2R3y73dKdfWjUULQS8wnpq62CbKVbN, 16Uiu2HAmBpzzwFQ5uhxN8dq4Qzhjn1pJ6WcR7H6ABzq83LUMrxyT]"
[2026-10-04 18:59:32.959] [out] [delivery_module] DBG 2026-10-04 18:59:32.959+02:00 Dialing peer                               topics="libp2p dialer" tid=6162740 peerId=16U*JXZN12 addrs="[/ip4/172.20.10.14/udp/62834/quic-v1, /ip4/172.20.10.14/tcp/49738]"
[2026-10-04 18:59:32.959] [out] [delivery_module] DBG 2026-10-04 18:59:32.959+02:00 Expanded address and hostname              topics="libp2p dialer" tid=6162740 expandedAddress=/ip4/172.20.10.14/udp/62834/quic-v1 hostname=172.20.10.14 resolvedAddresses="[/ip4/172.20.10.14/udp/62834/quic-v1]"
[2026-10-04 18:59:32.959] [out] [delivery_module] DBG 2026-10-04 18:59:32.959+02:00 New connection established: client         tid=6162740
[2026-10-04 18:59:32.959] [out] [delivery_module] INF 2026-10-04 18:59:32.959+02:00 Relay peer connections                     topics="waku node peer_manager" tid=6162740 inRelayConns=0/50 outRelayConns=6/25 totalConnections=6/150 notConnectedPeers=16 outsideBackoffPeers=15
[2026-10-04 18:59:32.960] [out] [delivery_module] DBG 2026-10-04 18:59:32.960+02:00 ENR addresses updated                      topics="waku enr" tid=6162740 retained=0 total=0
[2026-10-04 18:59:32.960] [out] [delivery_module] DBG 2026-10-04 18:59:32.960+02:00 Subscribing to pubsub topic                topics="waku relay" tid=6162740 pubsubTopic=/waku/2/rs/3/0
[2026-10-04 18:59:32.960] [out] [delivery_module] DBG 2026-10-04 18:59:32.960+02:00 peer filtering updated                     topics="waku discv5" tid=6162740
[2026-10-04 18:59:32.960] [out] [delivery_module] DBG 2026-10-04 18:59:32.960+02:00 ENR shards updated                         topics="waku discv5" tid=6162740 enrUri=enr:-K24QI0q6QQlN6Sz4p1fUXHKoZ4KIyvOsi8J8drOWjOhIWCmWO3XmKGWODlDIi3ng6wdQlljzA6uJNMtBf-FL7nFd6QHgmlkgnY0im11bHRpYWRkcnOAgnJzkwADCAAAAAEAAgADAAQABQAGAAeJc2VjcDI1NmsxoQIUhqs-A-TUX4eA8yV_HpydJQ9UgyhGrtW0K0HrBt85Q4N0Y3CC3yaDdWRwguVdhXdha3UyLQ add=true
[2026-10-04 18:59:32.960] [out] [delivery_module] DBG 2026-10-04 18:59:32.960+02:00 Subscribing to pubsub topic                topics="waku relay" tid=6162740 pubsubTopic=/waku/2/rs/3/1
[2026-10-04 18:59:32.961] [out] [delivery_module] DBG 2026-10-04 18:59:32.961+02:00 peer filtering updated                     topics="waku discv5" tid=6162740
[2026-10-04 18:59:32.961] [out] [delivery_module] DBG 2026-10-04 18:59:32.961+02:00 ENR shards updated                         topics="waku discv5" tid=6162740 enrUri=enr:-K24QEoXTkqL5WHmXxspT3qM70lzuUuiwqMMl5xKKy386WpIBDUO9v07BHnHkbMVoOCx2zD97uLIc_9smsmnbx2-BeQIgmlkgnY0im11bHRpYWRkcnOAgnJzkwADCAAAAAEAAgADAAQABQAGAAeJc2VjcDI1NmsxoQIUhqs-A-TUX4eA8yV_HpydJQ9UgyhGrtW0K0HrBt85Q4N0Y3CC3yaDdWRwguVdhXdha3UyLQ add=true
[2026-10-04 18:59:32.961] [out] [delivery_module] DBG 2026-10-04 18:59:32.961+02:00 Subscribing to pubsub topic                topics="waku relay" tid=6162740 pubsubTopic=/waku/2/rs/3/2
[2026-10-04 18:59:32.961] [out] [delivery_module] DBG 2026-10-04 18:59:32.961+02:00 peer filtering updated                     topics="waku discv5" tid=6162740
[2026-10-04 18:59:32.961] [out] [delivery_module] DBG 2026-10-04 18:59:32.961+02:00 ENR shards updated                         topics="waku discv5" tid=6162740 enrUri=enr:-K24QNOBC3teb7YoG_zN3NQmpEx-NeeGBGqwk2gtqu0hDe0BfXaqFXtqYeY6fXV8XP1c9Wrbm0j222_-VyY3FFTmsp8JgmlkgnY0im11bHRpYWRkcnOAgnJzkwADCAAAAAEAAgADAAQABQAGAAeJc2VjcDI1NmsxoQIUhqs-A-TUX4eA8yV_HpydJQ9UgyhGrtW0K0HrBt85Q4N0Y3CC3yaDdWRwguVdhXdha3UyLQ add=true
[2026-10-04 18:59:32.961] [out] [delivery_module] DBG 2026-10-04 18:59:32.961+02:00 Subscribing to pubsub topic                topics="waku relay" tid=6162740 pubsubTopic=/waku/2/rs/3/3
[2026-10-04 18:59:32.961] [out] [delivery_module] DBG 2026-10-04 18:59:32.961+02:00 peer filtering updated                     topics="waku discv5" tid=6162740
[2026-10-04 18:59:32.961] [out] [delivery_module] DBG 2026-10-04 18:59:32.961+02:00 ENR shards updated                         topics="waku discv5" tid=6162740 enrUri=enr:-K24QKs-KysL2NVS9FzHIW2fhg_YJp-hsJUWSSmqw2aCxpoYesmeIdyncOqwA0Hae7rDMsUAsH62Qz19MpUyf3Jk2MIKgmlkgnY0im11bHRpYWRkcnOAgnJzkwADCAAAAAEAAgADAAQABQAGAAeJc2VjcDI1NmsxoQIUhqs-A-TUX4eA8yV_HpydJQ9UgyhGrtW0K0HrBt85Q4N0Y3CC3yaDdWRwguVdhXdha3UyLQ add=true
[2026-10-04 18:59:32.961] [out] [delivery_module] DBG 2026-10-04 18:59:32.961+02:00 Subscribing to pubsub topic                topics="waku relay" tid=6162740 pubsubTopic=/waku/2/rs/3/4
[2026-10-04 18:59:32.961] [out] [delivery_module] DBG 2026-10-04 18:59:32.961+02:00 peer filtering updated                     topics="waku discv5" tid=6162740
[2026-10-04 18:59:32.961] [out] [delivery_module] DBG 2026-10-04 18:59:32.961+02:00 ENR shards updated                         topics="waku discv5" tid=6162740 enrUri=enr:-K24QGvCq3TFvBkxf6fZ_C7DDLO1farS5dngdSEnYsSNqIApVsAI8_oxdrcug9nSjKLxtcz_RfLgcXriIrNKbTeHopULgmlkgnY0im11bHRpYWRkcnOAgnJzkwADCAAAAAEAAgADAAQABQAGAAeJc2VjcDI1NmsxoQIUhqs-A-TUX4eA8yV_HpydJQ9UgyhGrtW0K0HrBt85Q4N0Y3CC3yaDdWRwguVdhXdha3UyLQ add=true
[2026-10-04 18:59:32.961] [out] [delivery_module] DBG 2026-10-04 18:59:32.961+02:00 Subscribing to pubsub topic                topics="waku relay" tid=6162740 pubsubTopic=/waku/2/rs/3/5
[2026-10-04 18:59:32.961] [out] [delivery_module] DBG 2026-10-04 18:59:32.961+02:00 peer filtering updated                     topics="waku discv5" tid=6162740
[2026-10-04 18:59:32.961] [out] [delivery_module] DBG 2026-10-04 18:59:32.961+02:00 ENR shards updated                         topics="waku discv5" tid=6162740 enrUri=enr:-K24QMlXNsPLQHXR4IkfwDuq2M8qHz4uyrlF-vnrvlBSkntIZBenQdD3ygUb0GfZOqtu2_4X9NQMfmaKAJ97qRfKxcwMgmlkgnY0im11bHRpYWRkcnOAgnJzkwADCAAAAAEAAgADAAQABQAGAAeJc2VjcDI1NmsxoQIUhqs-A-TUX4eA8yV_HpydJQ9UgyhGrtW0K0HrBt85Q4N0Y3CC3yaDdWRwguVdhXdha3UyLQ add=true
[2026-10-04 18:59:32.961] [out] [delivery_module] DBG 2026-10-04 18:59:32.961+02:00 Subscribing to pubsub topic                topics="waku relay" tid=6162740 pubsubTopic=/waku/2/rs/3/6
[2026-10-04 18:59:32.962] [out] [delivery_module] DBG 2026-10-04 18:59:32.962+02:00 peer filtering updated                     topics="waku discv5" tid=6162740
[2026-10-04 18:59:32.962] [out] [delivery_module] DBG 2026-10-04 18:59:32.962+02:00 ENR shards updated                         topics="waku discv5" tid=6162740 enrUri=enr:-K24QPpPlmw2Ks6pzvOMSnuD_DKiRbpWXd2dSzRVmgqRCXsYbR7UnUKeFk2DUNnnLNu78j7ZmbrTDzqwalIscBbW9EwNgmlkgnY0im11bHRpYWRkcnOAgnJzkwADCAAAAAEAAgADAAQABQAGAAeJc2VjcDI1NmsxoQIUhqs-A-TUX4eA8yV_HpydJQ9UgyhGrtW0K0HrBt85Q4N0Y3CC3yaDdWRwguVdhXdha3UyLQ add=true
[2026-10-04 18:59:32.962] [out] [delivery_module] NTC 2026-10-04 18:59:32.962+02:00 ENR carries no reachable host, so peers cannot dial this node. Set --nat, --ext-ip, --dns4-domain-name or --ext-multiaddr to advertise one topics="wakunode waku" tid=6162740
[2026-10-04 18:59:32.962] [out] [delivery_module] DBG 2026-10-04 18:59:32.962+02:00 register interest                          topics="service-disco discoverer" tid=6162740 service=/logos/delivery serviceId=key:E6738033B5D413D13CF58622CEB4EF8F392E8D4EB073B56A5486CB0431B2F5D8
[2026-10-04 18:59:32.962] [out] [delivery_module] DBG 2026-10-04 18:59:32.962+02:00 Lookup query                               topics="kad-dht find" tid=6162740 peer=16U*P1S397
[2026-10-04 18:59:32.962] [out] [delivery_module] DBG 2026-10-04 18:59:32.962+02:00 Lookup query                               topics="kad-dht find" tid=6162740 peer=16U*T3UNSE
[2026-10-04 18:59:32.962] [out] [delivery_module] DBG 2026-10-04 18:59:32.962+02:00 Lookup query                               topics="kad-dht find" tid=6162740 peer=16U*VpJprH
[2026-10-04 18:59:32.962] [out] [delivery_module] DBG 2026-10-04 18:59:32.962+02:00 Lookup query                               topics="kad-dht find" tid=6162740 peer=16U*kGyuEP
[2026-10-04 18:59:32.962] [out] [delivery_module] DBG 2026-10-04 18:59:32.962+02:00 Lookup query                               topics="kad-dht find" tid=6162740 peer=16U*iSrhve
[2026-10-04 18:59:32.962] [out] [delivery_module] DBG 2026-10-04 18:59:32.962+02:00 Lookup query                               topics="kad-dht find" tid=6162740 peer=16U*NSkuby
[2026-10-04 18:59:32.962] [out] [delivery_module] DBG 2026-10-04 18:59:32.962+02:00 Lookup query                               topics="kad-dht find" tid=6162740 peer=16U*TwqBiH
[2026-10-04 18:59:32.962] [out] [delivery_module] DBG 2026-10-04 18:59:32.962+02:00 Added service to discover                  topics="waku service discovery" tid=6162740 service=/logos/delivery
[2026-10-04 18:59:32.962] [out] [delivery_module] DBG 2026-10-04 18:59:32.962+02:00 Added provided service                     topics="service-disco advertiser" tid=6162740 service=/logos/delivery serviceId=key:E6738033B5D413D13CF58622CEB4EF8F392E8D4EB073B56A5486CB0431B2F5D8
[2026-10-04 18:59:32.963] [out] [delivery_module] DBG 2026-10-04 18:59:32.963+02:00 Cannot insert self in routing table        topics="kad-dht rtable" tid=6162740 nodeId=key:002508021221021486AB3E03E4D45F8780F3257F1E9C9D250F54832846AED5B42B41EB06DF3943
[2026-10-04 18:59:32.963] [out] [delivery_module] DBG 2026-10-04 18:59:32.963+02:00 Cannot insert self in routing table        topics="kad-dht rtable" tid=6162740 nodeId=key:002508021221021486AB3E03E4D45F8780F3257F1E9C9D250F54832846AED5B42B41EB06DF3943
[2026-10-04 18:59:32.963] [out] [delivery_module] DBG 2026-10-04 18:59:32.963+02:00 Added service to advertise                 topics="waku service discovery" tid=6162740 service=/logos/delivery
[2026-10-04 18:59:32.963] [out] [delivery_module] INF 2026-10-04 18:59:32.963+02:00 advertising this node on the delivery network topics="waku discovery advertise" tid=6162740 backend=service protocols="[/vac/waku/relay/2.0.0, /vac/waku/filter-subscribe/2.0.0-beta1, /vac/waku/lightpush/3.0.0, /mix/1.0.0]"
[2026-10-04 18:59:32.963] [out] [delivery_module] DBG 2026-10-04 18:59:32.963+02:00 register interest                          topics="service-disco discoverer" tid=6162740 service=/mix/1.0.0 serviceId=key:913B5C5DBE691438693215140388EC0C7DE80DE328BDE5BD7FC06F90568CEA40
[2026-10-04 18:59:32.963] [out] [delivery_module] DBG 2026-10-04 18:59:32.963+02:00 Lookup query                               topics="kad-dht find" tid=6162740 peer=16U*kGyuEP
[2026-10-04 18:59:32.963] [out] [delivery_module] DBG 2026-10-04 18:59:32.963+02:00 Lookup query                               topics="kad-dht find" tid=6162740 peer=16U*T3UNSE
[2026-10-04 18:59:32.963] [out] [delivery_module] DBG 2026-10-04 18:59:32.963+02:00 Lookup query                               topics="kad-dht find" tid=6162740 peer=16U*P1S397
[2026-10-04 18:59:32.963] [out] [delivery_module] DBG 2026-10-04 18:59:32.963+02:00 Lookup query                               topics="kad-dht find" tid=6162740 peer=16U*VpJprH
[2026-10-04 18:59:32.963] [out] [delivery_module] DBG 2026-10-04 18:59:32.963+02:00 Lookup query                               topics="kad-dht find" tid=6162740 peer=16U*TwqBiH
[2026-10-04 18:59:32.963] [out] [delivery_module] DBG 2026-10-04 18:59:32.963+02:00 Lookup query                               topics="kad-dht find" tid=6162740 peer=16U*iSrhve
[2026-10-04 18:59:32.963] [out] [delivery_module] DBG 2026-10-04 18:59:32.963+02:00 Lookup query                               topics="kad-dht find" tid=6162740 peer=16U*NSkuby
[2026-10-04 18:59:32.963] [out] [delivery_module] DBG 2026-10-04 18:59:32.963+02:00 Added service to discover                  topics="waku service discovery" tid=6162740 service=/mix/1.0.0
[2026-10-04 18:59:32.964] [out] [delivery_module] DBG 2026-10-04 18:59:32.964+02:00 Added provided service                     topics="service-disco advertiser" tid=6162740 service=/mix/1.0.0 serviceId=key:913B5C5DBE691438693215140388EC0C7DE80DE328BDE5BD7FC06F90568CEA40
[2026-10-04 18:59:32.964] [out] [delivery_module] DBG 2026-10-04 18:59:32.964+02:00 Added service to advertise                 topics="waku service discovery" tid=6162740 service=/mix/1.0.0
[2026-10-04 18:59:32.964] [out] [delivery_module] INF 2026-10-04 18:59:32.964+02:00 advertising this node as a mix node        topics="waku discovery advertise" tid=6162740 backend=service
[2026-10-04 18:59:32.964] [out] [delivery_module] INF 2026-10-04 18:59:32.964+02:00 Node is online                             topics="waku online monitor" tid=6162740
[2026-10-04 18:59:32.964] [out] [delivery_module] INF 2026-10-04 18:59:32.964+02:00 Health monitor loop start                  tid=6162740
[2026-10-04 18:59:32.965] [out] [delivery_module] DBG 2026-10-04 18:59:32.965+02:00 calculateConnectionState                   tid=6162740 relayCount=6 storeClientCount=5 lightpushCount=6 filterCount=6
[2026-10-04 18:59:32.965] [out] [delivery_module] DBG 2026-10-04 18:59:32.965+02:00 connectionStatus change                    tid=6162740 oldstatus=Disconnected newstatus=Connected
[2026-10-04 18:59:32.965] [out] [delivery_module] INF 2026-10-04 18:59:32.965+02:00 starting keepalive                         tid=6162740 randomPeersKeepalive=10s allPeersKeepalive=2m
[2026-10-04 18:59:32.965] [out] [delivery_module] DBG 2026-10-04 18:59:32.965+02:00 no listener registered                     tid=6162741 event=onTopicHealthChange
[2026-10-04 18:59:32.965] [out] [delivery_module] DBG 2026-10-04 18:59:32.965+02:00 no listener registered                     tid=6162741 event=onTopicHealthChange
[2026-10-04 18:59:32.965] [out] [delivery_module] DBG 2026-10-04 18:59:32.965+02:00 no listener registered                     tid=6162741 event=onTopicHealthChange
[2026-10-04 18:59:32.965] [out] [delivery_module] DBG 2026-10-04 18:59:32.965+02:00 no listener registered                     tid=6162741 event=onTopicHealthChange
[2026-10-04 18:59:32.965] [out] [delivery_module] DBG 2026-10-04 18:59:32.965+02:00 no listener registered                     tid=6162741 event=onTopicHealthChange
[2026-10-04 18:59:32.965] [out] [delivery_module] DBG 2026-10-04 18:59:32.965+02:00 no listener registered                     tid=6162741 event=onTopicHealthChange
[2026-10-04 18:59:32.965] [out] [delivery_module] DBG 2026-10-04 18:59:32.965+02:00 no listener registered                     tid=6162741 event=onTopicHealthChange
[2026-10-04 18:59:32.969] [out] [delivery_module] DBG 2026-10-04 18:59:32.969+02:00 Lookup query                               topics="kad-dht find" tid=6162740 peer=16U*33uyAY
[2026-10-04 18:59:32.969] [out] [delivery_module] DBG 2026-10-04 18:59:32.969+02:00 Dialing peer                               topics="libp2p dialer" tid=6162740 peerId=16U*33uyAY addrs="[/ip4/172.20.10.14/udp/52840/quic-v1, /ip4/172.20.10.14/tcp/51591]"
[2026-10-04 18:59:32.969] [out] [delivery_module] DBG 2026-10-04 18:59:32.969+02:00 Expanded address and hostname              topics="libp2p dialer" tid=6162740 expandedAddress=/ip4/172.20.10.14/udp/52840/quic-v1 hostname=172.20.10.14 resolvedAddresses="[/ip4/172.20.10.14/udp/52840/quic-v1]"
[2026-10-04 18:59:32.970] [out] [delivery_module] DBG 2026-10-04 18:59:32.970+02:00 New connection established: client         tid=6162740
[2026-10-04 18:59:32.970] [out] [delivery_module] DBG 2026-10-04 18:59:32.970+02:00 Lookup query                               topics="kad-dht find" tid=6162740 peer=16U*VpJprH
[2026-10-04 18:59:32.970] [out] [delivery_module] DBG 2026-10-04 18:59:32.970+02:00 Kad lookup: RPC error                      topics="kad-dht find" tid=6162740 peer=16U*VpJprH msg="dialStage: timed out dialing the peer"
[2026-10-04 18:59:33.067] [out] [delivery_module] DBG 2026-10-04 18:59:33.067+02:00 calculateConnectionState                   tid=6162740 relayCount=6 storeClientCount=5 lightpushCount=6 filterCount=6
[2026-10-04 18:59:33.156] [out] [delivery_module] DBG 2026-10-04 18:59:33.156+02:00 Dialing peer                               topics="libp2p dialer" tid=6162740 peerId=16U*nd1vDS addrs="[/ip4/172.20.10.14/udp/52704/quic-v1, /ip4/109.41.112.89/tcp/44402, /ip4/109.41.112.89/tcp/43317, /ip4/109.41.112.89/tcp/35603, /ip4/172.20.10.14/tcp/50403, /ip4/109.41.112.89/tcp/48909, /ip4/109.41.112.89/tcp/48155]"
[2026-10-04 18:59:33.156] [out] [delivery_module] DBG 2026-10-04 18:59:33.156+02:00 Expanded address and hostname              topics="libp2p dialer" tid=6162740 expandedAddress=/ip4/172.20.10.14/udp/52704/quic-v1 hostname=172.20.10.14 resolvedAddresses="[/ip4/172.20.10.14/udp/52704/quic-v1]"
[2026-10-04 18:59:33.156] [out] [delivery_module] DBG 2026-10-04 18:59:33.156+02:00 New connection established: client         tid=6162740
[2026-10-04 18:59:33.165] [out] [delivery_module] DBG 2026-10-04 18:59:33.165+02:00 Lookup query                               topics="kad-dht find" tid=6162740 peer=16U*nd1vDS
[2026-10-04 18:59:33.165] [out] [delivery_module] DBG 2026-10-04 18:59:33.165+02:00 Lookup query                               topics="kad-dht find" tid=6162740 peer=16U*t5HAoy
[2026-10-04 18:59:33.165] [out] [delivery_module] DBG 2026-10-04 18:59:33.165+02:00 Lookup query                               topics="kad-dht find" tid=6162740 peer=16U*RZcwkN
[2026-10-04 18:59:33.165] [out] [delivery_module] DBG 2026-10-04 18:59:33.165+02:00 Lookup query                               topics="kad-dht find" tid=6162740 peer=16U*33uyAY
[2026-10-04 18:59:33.265] [out] [delivery_module] DBG 2026-10-04 18:59:33.265+02:00 Lookup query                               topics="kad-dht find" tid=6162740 peer=16U*kpeu1j
[2026-10-04 18:59:33.265] [out] [delivery_module] DBG 2026-10-04 18:59:33.265+02:00 Lookup query                               topics="kad-dht find" tid=6162740 peer=16U*2pfeoX
[2026-10-04 18:59:33.281] [out] [delivery_module] DBG 2026-10-04 18:59:33.281+02:00 Lookup query                               topics="kad-dht find" tid=6162740 peer=16U*kpeu1j
[2026-10-04 18:59:33.281] [out] [delivery_module] DBG 2026-10-04 18:59:33.281+02:00 Lookup query                               topics="kad-dht find" tid=6162740 peer=16U*t5HAoy
[2026-10-04 18:59:33.281] [out] [delivery_module] DBG 2026-10-04 18:59:33.281+02:00 Lookup query                               topics="kad-dht find" tid=6162740 peer=16U*RZcwkN
[2026-10-04 18:59:33.281] [out] [delivery_module] DBG 2026-10-04 18:59:33.281+02:00 Lookup query                               topics="kad-dht find" tid=6162740 peer=16U*33uyAY
[2026-10-04 18:59:33.293] [out] [delivery_module] DBG 2026-10-04 18:59:33.293+02:00 Lookup query                               topics="kad-dht find" tid=6162740 peer=16U*oWQB23
[2026-10-04 18:59:33.294] [out] [delivery_module] DBG 2026-10-04 18:59:33.294+02:00 Lookup query                               topics="kad-dht find" tid=6162740 peer=16U*Hv8wAS
[2026-10-04 18:59:33.419] [out] [delivery_module] DBG 2026-10-04 18:59:33.419+02:00 Lookup query                               topics="kad-dht find" tid=6162740 peer=16U*nd1vDS
[2026-10-04 18:59:33.432] [out] [delivery_module] DBG 2026-10-04 18:59:33.432+02:00 Lookup query                               topics="kad-dht find" tid=6162740 peer=16U*Hv8wAS
[2026-10-04 18:59:33.462] [out] [delivery_module] DBG 2026-10-04 18:59:33.462+02:00 Lookup query                               topics="kad-dht find" tid=6162740 peer=16U*oWQB23
[2026-10-04 18:59:33.521] [out] [delivery_module] DBG 2026-10-04 18:59:33.521+02:00 Lookup query                               topics="kad-dht find" tid=6162740 peer=16U*2pfeoX
[2026-10-04 18:59:33.575] [out] [delivery_module] INF 2026-10-04 18:59:33.575+02:00 Message received                           tid=6162740 msg_hash=0x2ef3f34f5de9f54919b427d50a70d3b44213845592afb558593721110048429f contentTopic=/lp0026forum/1/general/text pubsubTopic=/waku/2/rs/3/7 source=history
[2026-10-04 18:59:33.575] [out] [delivery_module] INF 2026-10-04 18:59:33.575+02:00 Message received                           tid=6162740 msg_hash=0xf1d8d2491051f1890d0eda1f7916a5658c6d23389139346dc9cd7edcf3321203 contentTopic=/lp0026forum/1/general/text pubsubTopic=/waku/2/rs/3/7 source=history
[2026-10-04 18:59:33.951] [out] [delivery_module] DBG 2026-10-04 18:59:33.951+02:00 Kad lookup: RPC error                      topics="kad-dht find" tid=6162740 peer=16U*VpJprH msg="dialStage: timed out dialing the peer"
[2026-10-04 18:59:33.951] [out] [delivery_module] DBG 2026-10-04 18:59:33.951+02:00 Kad lookup: RPC error                      topics="kad-dht find" tid=6162740 peer=16U*8rq3kg msg="dialStage: timed out dialing the peer"
[2026-10-04 18:59:33.951] [out] [delivery_module] DBG 2026-10-04 18:59:33.951+02:00 Kad lookup: RPC error                      topics="kad-dht find" tid=6162740 peer=16U*GcpKMp msg="dialStage: timed out dialing the peer"
[2026-10-04 18:59:33.951] [out] [delivery_module] DBG 2026-10-04 18:59:33.951+02:00 Kad lookup: RPC error                      topics="kad-dht find" tid=6162740 peer=16U*AknWwg msg="dialStage: timed out dialing the peer"
[2026-10-04 18:59:33.951] [out] [delivery_module] DBG 2026-10-04 18:59:33.951+02:00 Kad lookup: RPC error                      topics="kad-dht find" tid=6162740 peer=16U*CbKVbN msg="dialStage: timed out dialing the peer"
[2026-10-04 18:59:33.951] [out] [delivery_module] DBG 2026-10-04 18:59:33.951+02:00 Kad lookup: RPC error                      topics="kad-dht find" tid=6162740 peer=16U*xpM86W msg="dialStage: timed out dialing the peer"
[2026-10-04 18:59:33.951] [out] [delivery_module] DBG 2026-10-04 18:59:33.951+02:00 Kad lookup: RPC error                      topics="kad-dht find" tid=6162740 peer=16U*UeND2x msg="dialStage: timed out dialing the peer"
[2026-10-04 18:59:33.951] [out] [delivery_module] DBG 2026-10-04 18:59:33.951+02:00 Kad lookup: RPC error                      topics="kad-dht find" tid=6162740 peer=16U*UMrxyT msg="dialStage: timed out dialing the peer"
[2026-10-04 18:59:33.951] [out] [delivery_module] DBG 2026-10-04 18:59:33.951+02:00 Lookup query                               topics="kad-dht find" tid=6162740 peer=16U*kpeu1j
[2026-10-04 18:59:33.952] [out] [delivery_module] DBG 2026-10-04 18:59:33.951+02:00 Lookup query                               topics="kad-dht find" tid=6162740 peer=16U*t5HAoy
[2026-10-04 18:59:33.952] [out] [delivery_module] DBG 2026-10-04 18:59:33.952+02:00 Lookup query                               topics="kad-dht find" tid=6162740 peer=16U*RZcwkN
[2026-10-04 18:59:33.952] [out] [delivery_module] DBG 2026-10-04 18:59:33.952+02:00 Lookup query                               topics="kad-dht find" tid=6162740 peer=16U*33uyAY
[2026-10-04 18:59:33.952] [out] [delivery_module] DBG 2026-10-04 18:59:33.952+02:00 Lookup query                               topics="kad-dht find" tid=6162740 peer=16U*VpJprH
[2026-10-04 18:59:33.952] [out] [delivery_module] DBG 2026-10-04 18:59:33.952+02:00 Lookup query                               topics="kad-dht find" tid=6162740 peer=16U*Hv8wAS
[2026-10-04 18:59:33.952] [out] [delivery_module] DBG 2026-10-04 18:59:33.952+02:00 Lookup query                               topics="kad-dht find" tid=6162740 peer=16U*2pfeoX
[2026-10-04 18:59:33.952] [out] [delivery_module] DBG 2026-10-04 18:59:33.952+02:00 Lookup query                               topics="kad-dht find" tid=6162740 peer=16U*oWQB23
[2026-10-04 18:59:33.971] [out] [delivery_module] DBG 2026-10-04 18:59:33.970+02:00 Dialing failed                             topics="libp2p dialer" tid=6162740 description="quic dial timed out after 3s" peerId=16U*xpM86W address=/ip4/172.20.10.14/udp/60461/quic-v1 hostname=172.20.10.14
[2026-10-04 18:59:33.971] [out] [delivery_module] DBG 2026-10-04 18:59:33.971+02:00 Dialing failed                             topics="libp2p dialer" tid=6162740 description="quic dial timed out after 3s" peerId=16U*AknWwg address=/ip4/172.20.10.14/udp/57016/quic-v1 hostname=172.20.10.14
[2026-10-04 18:59:33.971] [out] [delivery_module] DBG 2026-10-04 18:59:33.971+02:00 Expanded address and hostname              topics="libp2p dialer" tid=6162740 expandedAddress=/ip4/172.20.10.14/tcp/54478 hostname=172.20.10.14 resolvedAddresses="[/ip4/172.20.10.14/tcp/54478]"
[2026-10-04 18:59:33.972] [out] [delivery_module] DBG 2026-10-04 18:59:33.972+02:00 Expanded address and hostname              topics="libp2p dialer" tid=6162740 expandedAddress=/ip4/172.20.10.14/tcp/55373 hostname=172.20.10.14 resolvedAddresses="[/ip4/172.20.10.14/tcp/55373]"
[2026-10-04 18:59:33.973] [out] [delivery_module] DBG 2026-10-04 18:59:33.972+02:00 Dialing failed                             topics="libp2p dialer" tid=6162740 description="quic dial timed out after 3s" peerId=16U*8rq3kg address=/ip4/172.20.10.14/udp/49629/quic-v1 hostname=172.20.10.14
[2026-10-04 18:59:33.973] [out] [delivery_module] DBG 2026-10-04 18:59:33.973+02:00 Expanded address and hostname              topics="libp2p dialer" tid=6162740 expandedAddress=/ip4/172.20.10.14/tcp/50996 hostname=172.20.10.14 resolvedAddresses="[/ip4/172.20.10.14/tcp/50996]"
[2026-10-04 18:59:33.973] [out] [delivery_module] DBG 2026-10-04 18:59:33.973+02:00 Dialing failed                             topics="libp2p dialer" tid=6162740 description="TcpTransport dial error: (61) Connection refused" peerId=16U*xpM86W address=/ip4/172.20.10.14/tcp/54478 hostname=172.20.10.14
[2026-10-04 18:59:33.974] [out] [delivery_module] DBG 2026-10-04 18:59:33.973+02:00 Dialing failed                             topics="libp2p dialer" tid=6162740 description="TcpTransport dial error: (61) Connection refused" peerId=16U*AknWwg address=/ip4/172.20.10.14/tcp/55373 hostname=172.20.10.14
[2026-10-04 18:59:33.974] [out] [delivery_module] DBG 2026-10-04 18:59:33.974+02:00 Dialing failed                             topics="libp2p dialer" tid=6162740 description="TcpTransport dial error: (61) Connection refused" peerId=16U*8rq3kg address=/ip4/172.20.10.14/tcp/50996 hostname=172.20.10.14
[2026-10-04 18:59:33.974] [out] [delivery_module] DBG 2026-10-04 18:59:33.974+02:00 Dialing failed                             topics="libp2p dialer" tid=6162740 description="quic dial timed out after 3s" peerId=16U*GcpKMp address=/ip4/172.20.10.14/udp/58226/quic-v1 hostname=172.20.10.14
[2026-10-04 18:59:33.974] [out] [delivery_module] DBG 2026-10-04 18:59:33.974+02:00 Dialing failed                             topics="libp2p dialer" tid=6162740 description="quic dial timed out after 3s" peerId=16U*UMrxyT address=/ip4/172.20.10.14/udp/59518/quic-v1 hostname=172.20.10.14
[2026-10-04 18:59:33.974] [out] [delivery_module] DBG 2026-10-04 18:59:33.974+02:00 Dialing failed                             topics="libp2p dialer" tid=6162740 description="quic dial timed out after 3s" peerId=16U*UeND2x address=/ip4/172.20.10.14/udp/51140/quic-v1 hostname=172.20.10.14
[2026-10-04 18:59:33.974] [out] [delivery_module] DBG 2026-10-04 18:59:33.974+02:00 Error dialing                              topics="libp2p dialer" tid=6162740 conn=nil peerId=16U*xpM86W protos="[/logos/service-discovery/1.0.0]" addrs="[/ip4/172.20.10.14/udp/60461/quic-v1, /ip4/172.20.10.14/tcp/54478]" description="Unable to establish outgoing link in establishConnection: peer_id=16U*xpM86W addrs=@[/ip4/172.20.10.14/udp/60461/quic-v1, /ip4/172.20.10.14/tcp/54478]"
[2026-10-04 18:59:33.974] [out] [delivery_module] DBG 2026-10-04 18:59:33.974+02:00 Error dialing                              topics="libp2p dialer" tid=6162740 conn=nil peerId=16U*AknWwg protos="[/logos/service-discovery/1.0.0]" addrs="[/ip4/172.20.10.14/udp/57016/quic-v1, /ip4/172.20.10.14/tcp/55373]" description="Unable to establish outgoing link in establishConnection: peer_id=16U*AknWwg addrs=@[/ip4/172.20.10.14/udp/57016/quic-v1, /ip4/172.20.10.14/tcp/55373]"
[2026-10-04 18:59:33.974] [out] [delivery_module] DBG 2026-10-04 18:59:33.974+02:00 Expanded address and hostname              topics="libp2p dialer" tid=6162740 expandedAddress=/ip4/172.20.10.14/tcp/56648 hostname=172.20.10.14 resolvedAddresses="[/ip4/172.20.10.14/tcp/56648]"
[2026-10-04 18:59:33.974] [out] [delivery_module] DBG 2026-10-04 18:59:33.974+02:00 Expanded address and hostname              topics="libp2p dialer" tid=6162740 expandedAddress=/ip4/172.20.10.14/tcp/53863 hostname=172.20.10.14 resolvedAddresses="[/ip4/172.20.10.14/tcp/53863]"
[2026-10-04 18:59:33.975] [out] [delivery_module] DBG 2026-10-04 18:59:33.975+02:00 Expanded address and hostname              topics="libp2p dialer" tid=6162740 expandedAddress=/ip4/172.20.10.14/tcp/55656 hostname=172.20.10.14 resolvedAddresses="[/ip4/172.20.10.14/tcp/55656]"
[2026-10-04 18:59:33.975] [out] [delivery_module] DBG 2026-10-04 18:59:33.975+02:00 Dialing peer                               topics="libp2p dialer" tid=6162740 peerId=16U*xpM86W addrs="[/ip4/172.20.10.14/udp/60461/quic-v1, /ip4/172.20.10.14/tcp/54478]"
[2026-10-04 18:59:33.975] [out] [delivery_module] DBG 2026-10-04 18:59:33.975+02:00 Expanded address and hostname              topics="libp2p dialer" tid=6162740 expandedAddress=/ip4/172.20.10.14/udp/60461/quic-v1 hostname=172.20.10.14 resolvedAddresses="[/ip4/172.20.10.14/udp/60461/quic-v1]"
[2026-10-04 18:59:33.975] [out] [delivery_module] DBG 2026-10-04 18:59:33.975+02:00 New connection established: client         tid=6162740
[2026-10-04 18:59:33.975] [out] [delivery_module] DBG 2026-10-04 18:59:33.975+02:00 Dialing peer                               topics="libp2p dialer" tid=6162740 peerId=16U*AknWwg addrs="[/ip4/172.20.10.14/udp/57016/quic-v1, /ip4/172.20.10.14/tcp/55373]"
[2026-10-04 18:59:33.976] [out] [delivery_module] DBG 2026-10-04 18:59:33.975+02:00 Expanded address and hostname              topics="libp2p dialer" tid=6162740 expandedAddress=/ip4/172.20.10.14/udp/57016/quic-v1 hostname=172.20.10.14 resolvedAddresses="[/ip4/172.20.10.14/udp/57016/quic-v1]"
[2026-10-04 18:59:33.976] [out] [delivery_module] DBG 2026-10-04 18:59:33.976+02:00 New connection established: client         tid=6162740
[2026-10-04 18:59:33.976] [out] [delivery_module] DBG 2026-10-04 18:59:33.976+02:00 Error dialing                              topics="libp2p dialer" tid=6162740 conn=nil peerId=16U*8rq3kg protos="[/logos/service-discovery/1.0.0]" addrs="[/ip4/172.20.10.14/udp/49629/quic-v1, /ip4/172.20.10.14/tcp/50996]" description="Unable to establish outgoing link in establishConnection: peer_id=16U*8rq3kg addrs=@[/ip4/172.20.10.14/udp/49629/quic-v1, /ip4/172.20.10.14/tcp/50996]"
[2026-10-04 18:59:33.976] [out] [delivery_module] DBG 2026-10-04 18:59:33.976+02:00 Dialing peer                               topics="libp2p dialer" tid=6162740 peerId=16U*8rq3kg addrs="[/ip4/172.20.10.14/udp/49629/quic-v1, /ip4/172.20.10.14/tcp/50996]"
[2026-10-04 18:59:33.976] [out] [delivery_module] DBG 2026-10-04 18:59:33.976+02:00 Expanded address and hostname              topics="libp2p dialer" tid=6162740 expandedAddress=/ip4/172.20.10.14/udp/49629/quic-v1 hostname=172.20.10.14 resolvedAddresses="[/ip4/172.20.10.14/udp/49629/quic-v1]"
[2026-10-04 18:59:33.976] [out] [delivery_module] DBG 2026-10-04 18:59:33.976+02:00 New connection established: client         tid=6162740
[2026-10-04 18:59:33.977] [out] [delivery_module] DBG 2026-10-04 18:59:33.977+02:00 Dialing failed                             topics="libp2p dialer" tid=6162740 description="quic dial timed out after 3s" peerId=16U*CbKVbN address=/ip4/172.20.10.14/udp/55956/quic-v1 hostname=172.20.10.14
[2026-10-04 18:59:33.977] [out] [delivery_module] DBG 2026-10-04 18:59:33.977+02:00 Dialing failed                             topics="libp2p dialer" tid=6162740 description="TcpTransport dial error: (61) Connection refused" peerId=16U*GcpKMp address=/ip4/172.20.10.14/tcp/56648 hostname=172.20.10.14
[2026-10-04 18:59:33.977] [out] [delivery_module] DBG 2026-10-04 18:59:33.977+02:00 Dialing failed                             topics="libp2p dialer" tid=6162740 description="TcpTransport dial error: (61) Connection refused" peerId=16U*UMrxyT address=/ip4/172.20.10.14/tcp/53863 hostname=172.20.10.14
[2026-10-04 18:59:33.977] [out] [delivery_module] DBG 2026-10-04 18:59:33.977+02:00 Dialing failed                             topics="libp2p dialer" tid=6162740 description="TcpTransport dial error: (61) Connection refused" peerId=16U*UeND2x address=/ip4/172.20.10.14/tcp/55656 hostname=172.20.10.14
[2026-10-04 18:59:33.977] [out] [delivery_module] DBG 2026-10-04 18:59:33.977+02:00 Expanded address and hostname              topics="libp2p dialer" tid=6162740 expandedAddress=/ip4/172.20.10.14/tcp/51685 hostname=172.20.10.14 resolvedAddresses="[/ip4/172.20.10.14/tcp/51685]"
[2026-10-04 18:59:33.977] [out] [delivery_module] DBG 2026-10-04 18:59:33.977+02:00 Error dialing                              topics="libp2p dialer" tid=6162740 conn=nil peerId=16U*GcpKMp protos="[/logos/service-discovery/1.0.0]" addrs="[/ip4/172.20.10.14/udp/58226/quic-v1, /ip4/172.20.10.14/tcp/56648]" description="Unable to establish outgoing link in establishConnection: peer_id=16U*GcpKMp addrs=@[/ip4/172.20.10.14/udp/58226/quic-v1, /ip4/172.20.10.14/tcp/56648]"
[2026-10-04 18:59:33.977] [out] [delivery_module] DBG 2026-10-04 18:59:33.977+02:00 Error dialing                              topics="libp2p dialer" tid=6162740 conn=nil peerId=16U*UMrxyT protos="[/logos/service-discovery/1.0.0]" addrs="[/ip4/172.20.10.14/udp/59518/quic-v1, /ip4/172.20.10.14/tcp/53863]" description="Unable to establish outgoing link in establishConnection: peer_id=16U*UMrxyT addrs=@[/ip4/172.20.10.14/udp/59518/quic-v1, /ip4/172.20.10.14/tcp/53863]"
[2026-10-04 18:59:33.977] [out] [delivery_module] DBG 2026-10-04 18:59:33.977+02:00 Error dialing                              topics="libp2p dialer" tid=6162740 conn=nil peerId=16U*UeND2x protos="[/logos/service-discovery/1.0.0]" addrs="[/ip4/172.20.10.14/udp/51140/quic-v1, /ip4/172.20.10.14/tcp/55656]" description="Unable to establish outgoing link in establishConnection: peer_id=16U*UeND2x addrs=@[/ip4/172.20.10.14/udp/51140/quic-v1, /ip4/172.20.10.14/tcp/55656]"
[2026-10-04 18:59:33.977] [out] [delivery_module] DBG 2026-10-04 18:59:33.977+02:00 Dialing peer                               topics="libp2p dialer" tid=6162740 peerId=16U*UMrxyT addrs="[/ip4/172.20.10.14/udp/59518/quic-v1, /ip4/172.20.10.14/tcp/53863]"
[2026-10-04 18:59:33.977] [out] [delivery_module] DBG 2026-10-04 18:59:33.977+02:00 Expanded address and hostname              topics="libp2p dialer" tid=6162740 expandedAddress=/ip4/172.20.10.14/udp/59518/quic-v1 hostname=172.20.10.14 resolvedAddresses="[/ip4/172.20.10.14/udp/59518/quic-v1]"
[2026-10-04 18:59:33.978] [out] [delivery_module] DBG 2026-10-04 18:59:33.978+02:00 New connection established: client         tid=6162740
[2026-10-04 18:59:33.978] [out] [delivery_module] DBG 2026-10-04 18:59:33.978+02:00 Dialing peer                               topics="libp2p dialer" tid=6162740 peerId=16U*UeND2x addrs="[/ip4/172.20.10.14/udp/51140/quic-v1, /ip4/172.20.10.14/tcp/55656]"
[2026-10-04 18:59:33.978] [out] [delivery_module] DBG 2026-10-04 18:59:33.978+02:00 Expanded address and hostname              topics="libp2p dialer" tid=6162740 expandedAddress=/ip4/172.20.10.14/udp/51140/quic-v1 hostname=172.20.10.14 resolvedAddresses="[/ip4/172.20.10.14/udp/51140/quic-v1]"
[2026-10-04 18:59:33.978] [out] [delivery_module] DBG 2026-10-04 18:59:33.978+02:00 New connection established: client         tid=6162740
[2026-10-04 18:59:33.978] [out] [delivery_module] DBG 2026-10-04 18:59:33.978+02:00 Dialing failed                             topics="libp2p dialer" tid=6162740 description="TcpTransport dial error: (61) Connection refused" peerId=16U*CbKVbN address=/ip4/172.20.10.14/tcp/51685 hostname=172.20.10.14
[2026-10-04 18:59:33.978] [out] [delivery_module] DBG 2026-10-04 18:59:33.978+02:00 Error dialing                              topics="libp2p dialer" tid=6162740 conn=nil peerId=16U*CbKVbN protos="[/logos/service-discovery/1.0.0]" addrs="[/ip4/172.20.10.14/udp/55956/quic-v1, /ip4/172.20.10.14/tcp/51685]" description="Unable to establish outgoing link in establishConnection: peer_id=16U*CbKVbN addrs=@[/ip4/172.20.10.14/udp/55956/quic-v1, /ip4/172.20.10.14/tcp/51685]"
[2026-10-04 18:59:33.979] [out] [delivery_module] DBG 2026-10-04 18:59:33.979+02:00 Dialing peer                               topics="libp2p dialer" tid=6162740 peerId=16U*CbKVbN addrs="[/ip4/172.20.10.14/udp/55956/quic-v1, /ip4/172.20.10.14/tcp/51685]"
[2026-10-04 18:59:33.979] [out] [delivery_module] DBG 2026-10-04 18:59:33.979+02:00 Expanded address and hostname              topics="libp2p dialer" tid=6162740 expandedAddress=/ip4/172.20.10.14/udp/55956/quic-v1 hostname=172.20.10.14 resolvedAddresses="[/ip4/172.20.10.14/udp/55956/quic-v1]"
[2026-10-04 18:59:33.979] [out] [delivery_module] DBG 2026-10-04 18:59:33.979+02:00 New connection established: client         tid=6162740
[2026-10-04 18:59:35.961] [out] [delivery_module] DBG 2026-10-04 18:59:35.961+02:00 Dialing failed                             topics="libp2p dialer" tid=6162740 description="quic dial timed out after 3s" peerId=16U*JXZN12 address=/ip4/172.20.10.14/udp/62834/quic-v1 hostname=172.20.10.14
[2026-10-04 18:59:35.962] [out] [delivery_module] DBG 2026-10-04 18:59:35.961+02:00 Expanded address and hostname              topics="libp2p dialer" tid=6162740 expandedAddress=/ip4/172.20.10.14/tcp/49738 hostname=172.20.10.14 resolvedAddresses="[/ip4/172.20.10.14/tcp/49738]"
[2026-10-04 18:59:35.962] [out] [delivery_module] DBG 2026-10-04 18:59:35.962+02:00 Dialing failed                             topics="libp2p dialer" tid=6162740 description="TcpTransport dial error: (61) Connection refused" peerId=16U*JXZN12 address=/ip4/172.20.10.14/tcp/49738 hostname=172.20.10.14
[2026-10-04 18:59:35.971] [out] [delivery_module] DBG 2026-10-04 18:59:35.971+02:00 Dialing failed                             topics="libp2p dialer" tid=6162740 description="quic dial timed out after 3s" peerId=16U*33uyAY address=/ip4/172.20.10.14/udp/52840/quic-v1 hostname=172.20.10.14
[2026-10-04 18:59:35.972] [out] [delivery_module] DBG 2026-10-04 18:59:35.972+02:00 Expanded address and hostname              topics="libp2p dialer" tid=6162740 expandedAddress=/ip4/172.20.10.14/tcp/51591 hostname=172.20.10.14 resolvedAddresses="[/ip4/172.20.10.14/tcp/51591]"
[2026-10-04 18:59:35.972] [out] [delivery_module] DBG 2026-10-04 18:59:35.972+02:00 Dialing failed                             topics="libp2p dialer" tid=6162740 description="TcpTransport dial error: (61) Connection refused" peerId=16U*33uyAY address=/ip4/172.20.10.14/tcp/51591 hostname=172.20.10.14
[2026-10-04 18:59:35.973] [out] [delivery_module] DBG 2026-10-04 18:59:35.973+02:00 Error dialing                              topics="libp2p dialer" tid=6162740 conn=nil peerId=16U*33uyAY protos="[/logos/service-discovery/1.0.0]" addrs="[/ip4/172.20.10.14/udp/52840/quic-v1, /ip4/172.20.10.14/tcp/51591]" description="Unable to establish outgoing link in establishConnection: peer_id=16U*33uyAY addrs=@[/ip4/172.20.10.14/udp/52840/quic-v1, /ip4/172.20.10.14/tcp/51591]"
[2026-10-04 18:59:35.974] [out] [delivery_module] DBG 2026-10-04 18:59:35.974+02:00 Lookup query                               topics="kad-dht find" tid=6162740 peer=16U*kpeu1j
[2026-10-04 18:59:35.974] [out] [delivery_module] DBG 2026-10-04 18:59:35.974+02:00 Lookup query                               topics="kad-dht find" tid=6162740 peer=16U*t5HAoy
[2026-10-04 18:59:35.975] [out] [delivery_module] DBG 2026-10-04 18:59:35.974+02:00 Lookup query                               topics="kad-dht find" tid=6162740 peer=16U*RZcwkN
[2026-10-04 18:59:35.975] [out] [delivery_module] DBG 2026-10-04 18:59:35.974+02:00 Lookup query                               topics="kad-dht find" tid=6162740 peer=16U*Hv8wAS
[2026-10-04 18:59:35.975] [out] [delivery_module] DBG 2026-10-04 18:59:35.975+02:00 Lookup query                               topics="kad-dht find" tid=6162740 peer=16U*2pfeoX
[2026-10-04 18:59:35.975] [out] [delivery_module] DBG 2026-10-04 18:59:35.975+02:00 Dialing peer                               topics="libp2p dialer" tid=6162740 peerId=16U*33uyAY addrs="[/ip4/172.20.10.14/udp/52840/quic-v1, /ip4/172.20.10.14/tcp/51591]"
[2026-10-04 18:59:35.976] [out] [delivery_module] DBG 2026-10-04 18:59:35.975+02:00 Expanded address and hostname              topics="libp2p dialer" tid=6162740 expandedAddress=/ip4/172.20.10.14/udp/52840/quic-v1 hostname=172.20.10.14 resolvedAddresses="[/ip4/172.20.10.14/udp/52840/quic-v1]"
[2026-10-04 18:59:35.976] [out] [delivery_module] DBG 2026-10-04 18:59:35.976+02:00 New connection established: client         tid=6162740
[2026-10-04 18:59:35.978] [out] [delivery_module] DBG 2026-10-04 18:59:35.978+02:00 Lookup query                               topics="kad-dht find" tid=6162740 peer=16U*oWQB23
[2026-10-04 18:59:35.978] [out] [delivery_module] DBG 2026-10-04 18:59:35.978+02:00 Kad lookup: RPC error                      topics="kad-dht find" tid=6162740 peer=16U*kpeu1j msg="dialStage: timed out dialing the peer"
[2026-10-04 18:59:35.979] [out] [delivery_module] DBG 2026-10-04 18:59:35.979+02:00 Kad lookup: RPC error                      topics="kad-dht find" tid=6162740 peer=16U*t5HAoy msg="dialStage: timed out dialing the peer"
[2026-10-04 18:59:35.979] [out] [delivery_module] DBG 2026-10-04 18:59:35.979+02:00 Kad lookup: RPC error                      topics="kad-dht find" tid=6162740 peer=16U*Hv8wAS msg="dialStage: timed out dialing the peer"
[2026-10-04 18:59:35.980] [out] [delivery_module] DBG 2026-10-04 18:59:35.979+02:00 Kad lookup: RPC error                      topics="kad-dht find" tid=6162740 peer=16U*2pfeoX msg="dialStage: timed out dialing the peer"
[2026-10-04 18:59:35.980] [out] [delivery_module] DBG 2026-10-04 18:59:35.980+02:00 Kad lookup: RPC error                      topics="kad-dht find" tid=6162740 peer=16U*oWQB23 msg="dialStage: timed out dialing the peer"
[2026-10-04 18:59:36.159] [out] [delivery_module] DBG 2026-10-04 18:59:36.158+02:00 Dialing failed                             topics="libp2p dialer" tid=6162740 description="quic dial timed out after 3s" peerId=16U*nd1vDS address=/ip4/172.20.10.14/udp/52704/quic-v1 hostname=172.20.10.14
[2026-10-04 18:59:36.159] [out] [delivery_module] DBG 2026-10-04 18:59:36.159+02:00 Expanded address and hostname              topics="libp2p dialer" tid=6162740 expandedAddress=/ip4/109.41.112.89/tcp/44402 hostname=109.41.112.89 resolvedAddresses="[/ip4/109.41.112.89/tcp/44402]"
[2026-10-04 18:59:36.959] [out] [delivery_module] DBG 2026-10-04 18:59:36.959+02:00 getting adverts                            topics="service-disco discoverer" tid=6162740 serviceId=key:913B5C5DBE691438693215140388EC0C7DE80DE328BDE5BD7FC06F90568CEA40 registrar=16U*NSkuby
[2026-10-04 18:59:36.960] [out] [delivery_module] DBG 2026-10-04 18:59:36.960+02:00 getting adverts                            topics="service-disco discoverer" tid=6162740 serviceId=key:913B5C5DBE691438693215140388EC0C7DE80DE328BDE5BD7FC06F90568CEA40 registrar=16U*iSrhve
[2026-10-04 18:59:36.960] [out] [delivery_module] DBG 2026-10-04 18:59:36.960+02:00 getting adverts                            topics="service-disco discoverer" tid=6162740 serviceId=key:913B5C5DBE691438693215140388EC0C7DE80DE328BDE5BD7FC06F90568CEA40 registrar=16U*TwqBiH
[2026-10-04 18:59:36.961] [out] [delivery_module] DBG 2026-10-04 18:59:36.961+02:00 getting adverts                            topics="service-disco discoverer" tid=6162740 serviceId=key:913B5C5DBE691438693215140388EC0C7DE80DE328BDE5BD7FC06F90568CEA40 registrar=16U*rnT3hk
[2026-10-04 18:59:36.961] [out] [delivery_module] DBG 2026-10-04 18:59:36.961+02:00 Cannot insert self in routing table        topics="kad-dht rtable" tid=6162740 nodeId=key:002508021221021486AB3E03E4D45F8780F3257F1E9C9D250F54832846AED5B42B41EB06DF3943
[2026-10-04 18:59:36.961] [out] [delivery_module] DBG 2026-10-04 18:59:36.961+02:00 adverts found                              topics="service-disco discoverer" tid=6162740 serviceId=key:913B5C5DBE691438693215140388EC0C7DE80DE328BDE5BD7FC06F90568CEA40 remote=16U*rnT3hk count=0
[2026-10-04 18:59:36.963] [out] [delivery_module] DBG 2026-10-04 18:59:36.962+02:00 getting adverts                            topics="service-disco discoverer" tid=6162740 serviceId=key:E6738033B5D413D13CF58622CEB4EF8F392E8D4EB073B56A5486CB0431B2F5D8 registrar=16U*NSkuby
[2026-10-04 18:59:36.963] [out] [delivery_module] DBG 2026-10-04 18:59:36.963+02:00 getting adverts                            topics="service-disco discoverer" tid=6162740 serviceId=key:E6738033B5D413D13CF58622CEB4EF8F392E8D4EB073B56A5486CB0431B2F5D8 registrar=16U*TwqBiH
[2026-10-04 18:59:36.963] [out] [delivery_module] DBG 2026-10-04 18:59:36.963+02:00 getting adverts                            topics="service-disco discoverer" tid=6162740 serviceId=key:E6738033B5D413D13CF58622CEB4EF8F392E8D4EB073B56A5486CB0431B2F5D8 registrar=16U*iSrhve
[2026-10-04 18:59:36.963] [out] [delivery_module] DBG 2026-10-04 18:59:36.963+02:00 getting adverts                            topics="service-disco discoverer" tid=6162740 serviceId=key:E6738033B5D413D13CF58622CEB4EF8F392E8D4EB073B56A5486CB0431B2F5D8 registrar=16U*rnT3hk
[2026-10-04 18:59:36.963] [out] [delivery_module] DBG 2026-10-04 18:59:36.963+02:00 Cannot insert self in routing table        topics="kad-dht rtable" tid=6162740 nodeId=key:002508021221021486AB3E03E4D45F8780F3257F1E9C9D250F54832846AED5B42B41EB06DF3943
[2026-10-04 18:59:36.964] [out] [delivery_module] DBG 2026-10-04 18:59:36.964+02:00 adverts found                              topics="service-disco discoverer" tid=6162740 serviceId=key:E6738033B5D413D13CF58622CEB4EF8F392E8D4EB073B56A5486CB0431B2F5D8 remote=16U*rnT3hk count=1
[2026-10-04 18:59:36.977] [out] [delivery_module] DBG 2026-10-04 18:59:36.977+02:00 Dialing failed                             topics="libp2p dialer" tid=6162740 description="quic dial timed out after 3s" peerId=16U*xpM86W address=/ip4/172.20.10.14/udp/60461/quic-v1 hostname=172.20.10.14
[2026-10-04 18:59:36.977] [out] [delivery_module] DBG 2026-10-04 18:59:36.977+02:00 Dialing failed                             topics="libp2p dialer" tid=6162740 description="quic dial timed out after 3s" peerId=16U*AknWwg address=/ip4/172.20.10.14/udp/57016/quic-v1 hostname=172.20.10.14
[2026-10-04 18:59:36.977] [out] [delivery_module] DBG 2026-10-04 18:59:36.977+02:00 Dialing failed                             topics="libp2p dialer" tid=6162740 description="quic dial timed out after 3s" peerId=16U*8rq3kg address=/ip4/172.20.10.14/udp/49629/quic-v1 hostname=172.20.10.14
[2026-10-04 18:59:36.977] [out] [delivery_module] DBG 2026-10-04 18:59:36.977+02:00 Expanded address and hostname              topics="libp2p dialer" tid=6162740 expandedAddress=/ip4/172.20.10.14/tcp/54478 hostname=172.20.10.14 resolvedAddresses="[/ip4/172.20.10.14/tcp/54478]"
[2026-10-04 18:59:36.978] [out] [delivery_module] DBG 2026-10-04 18:59:36.978+02:00 Expanded address and hostname              topics="libp2p dialer" tid=6162740 expandedAddress=/ip4/172.20.10.14/tcp/55373 hostname=172.20.10.14 resolvedAddresses="[/ip4/172.20.10.14/tcp/55373]"
[2026-10-04 18:59:36.978] [out] [delivery_module] DBG 2026-10-04 18:59:36.978+02:00 Expanded address and hostname              topics="libp2p dialer" tid=6162740 expandedAddress=/ip4/172.20.10.14/tcp/50996 hostname=172.20.10.14 resolvedAddresses="[/ip4/172.20.10.14/tcp/50996]"
[2026-10-04 18:59:36.978] [out] [delivery_module] DBG 2026-10-04 18:59:36.978+02:00 Dialing failed                             topics="libp2p dialer" tid=6162740 description="TcpTransport dial error: (61) Connection refused" peerId=16U*xpM86W address=/ip4/172.20.10.14/tcp/54478 hostname=172.20.10.14
[2026-10-04 18:59:36.978] [out] [delivery_module] DBG 2026-10-04 18:59:36.978+02:00 Dialing failed                             topics="libp2p dialer" tid=6162740 description="TcpTransport dial error: (61) Connection refused" peerId=16U*AknWwg address=/ip4/172.20.10.14/tcp/55373 hostname=172.20.10.14
[2026-10-04 18:59:36.978] [out] [delivery_module] DBG 2026-10-04 18:59:36.978+02:00 Dialing failed                             topics="libp2p dialer" tid=6162740 description="TcpTransport dial error: (61) Connection refused" peerId=16U*8rq3kg address=/ip4/172.20.10.14/tcp/50996 hostname=172.20.10.14
[2026-10-04 18:59:36.978] [out] [delivery_module] DBG 2026-10-04 18:59:36.978+02:00 Dialing failed                             topics="libp2p dialer" tid=6162740 description="quic dial timed out after 3s" peerId=16U*UMrxyT address=/ip4/172.20.10.14/udp/59518/quic-v1 hostname=172.20.10.14
[2026-10-04 18:59:36.978] [out] [delivery_module] DBG 2026-10-04 18:59:36.978+02:00 Expanded address and hostname              topics="libp2p dialer" tid=6162740 expandedAddress=/ip4/172.20.10.14/tcp/53863 hostname=172.20.10.14 resolvedAddresses="[/ip4/172.20.10.14/tcp/53863]"
[2026-10-04 18:59:36.979] [out] [delivery_module] DBG 2026-10-04 18:59:36.979+02:00 Dialing failed                             topics="libp2p dialer" tid=6162740 description="TcpTransport dial error: (61) Connection refused" peerId=16U*UMrxyT address=/ip4/172.20.10.14/tcp/53863 hostname=172.20.10.14
[2026-10-04 18:59:36.979] [out] [delivery_module] DBG 2026-10-04 18:59:36.979+02:00 Dialing failed                             topics="libp2p dialer" tid=6162740 description="quic dial timed out after 3s" peerId=16U*UeND2x address=/ip4/172.20.10.14/udp/51140/quic-v1 hostname=172.20.10.14
[2026-10-04 18:59:36.979] [out] [delivery_module] DBG 2026-10-04 18:59:36.979+02:00 Expanded address and hostname              topics="libp2p dialer" tid=6162740 expandedAddress=/ip4/172.20.10.14/tcp/55656 hostname=172.20.10.14 resolvedAddresses="[/ip4/172.20.10.14/tcp/55656]"
[2026-10-04 18:59:36.979] [out] [delivery_module] DBG 2026-10-04 18:59:36.979+02:00 Dialing failed                             topics="libp2p dialer" tid=6162740 description="quic dial timed out after 3s" peerId=16U*CbKVbN address=/ip4/172.20.10.14/udp/55956/quic-v1 hostname=172.20.10.14
[2026-10-04 18:59:36.979] [out] [delivery_module] DBG 2026-10-04 18:59:36.979+02:00 Expanded address and hostname              topics="libp2p dialer" tid=6162740 expandedAddress=/ip4/172.20.10.14/tcp/51685 hostname=172.20.10.14 resolvedAddresses="[/ip4/172.20.10.14/tcp/51685]"
[2026-10-04 18:59:36.980] [out] [delivery_module] DBG 2026-10-04 18:59:36.980+02:00 Dialing failed                             topics="libp2p dialer" tid=6162740 description="TcpTransport dial error: (61) Connection refused" peerId=16U*UeND2x address=/ip4/172.20.10.14/tcp/55656 hostname=172.20.10.14
[2026-10-04 18:59:36.980] [out] [delivery_module] DBG 2026-10-04 18:59:36.980+02:00 Dialing peer                               topics="libp2p dialer" tid=6162740 peerId=16U*UeND2x addrs="[/ip4/172.20.10.14/udp/51140/quic-v1, /ip4/172.20.10.14/tcp/55656]"
[2026-10-04 18:59:36.980] [out] [delivery_module] DBG 2026-10-04 18:59:36.980+02:00 Expanded address and hostname              topics="libp2p dialer" tid=6162740 expandedAddress=/ip4/172.20.10.14/udp/51140/quic-v1 hostname=172.20.10.14 resolvedAddresses="[/ip4/172.20.10.14/udp/51140/quic-v1]"
[2026-10-04 18:59:36.980] [out] [delivery_module] DBG 2026-10-04 18:59:36.980+02:00 New connection established: client         tid=6162740
[2026-10-04 18:59:36.980] [out] [delivery_module] DBG 2026-10-04 18:59:36.980+02:00 Dialing failed                             topics="libp2p dialer" tid=6162740 description="TcpTransport dial error: (61) Connection refused" peerId=16U*CbKVbN address=/ip4/172.20.10.14/tcp/51685 hostname=172.20.10.14
[2026-10-04 18:59:37.078] [out] [delivery_module] DBG 2026-10-04 18:59:37.078+02:00 adverts found                              topics="service-disco discoverer" tid=6162740 serviceId=key:913B5C5DBE691438693215140388EC0C7DE80DE328BDE5BD7FC06F90568CEA40 remote=16U*NSkuby count=3
[2026-10-04 18:59:37.106] [out] [delivery_module] DBG 2026-10-04 18:59:37.106+02:00 adverts found                              topics="service-disco discoverer" tid=6162740 serviceId=key:E6738033B5D413D13CF58622CEB4EF8F392E8D4EB073B56A5486CB0431B2F5D8 remote=16U*NSkuby count=4
[2026-10-04 18:59:37.275] [out] [delivery_module] DBG 2026-10-04 18:59:37.275+02:00 adverts found                              topics="service-disco discoverer" tid=6162740 serviceId=key:913B5C5DBE691438693215140388EC0C7DE80DE328BDE5BD7FC06F90568CEA40 remote=16U*iSrhve count=3
[2026-10-04 18:59:37.301] [out] [delivery_module] DBG 2026-10-04 18:59:37.301+02:00 adverts found                              topics="service-disco discoverer" tid=6162740 serviceId=key:E6738033B5D413D13CF58622CEB4EF8F392E8D4EB073B56A5486CB0431B2F5D8 remote=16U*iSrhve count=2
[2026-10-04 18:59:37.312] [out] [delivery_module] DBG 2026-10-04 18:59:37.312+02:00 adverts found                              topics="service-disco discoverer" tid=6162740 serviceId=key:913B5C5DBE691438693215140388EC0C7DE80DE328BDE5BD7FC06F90568CEA40 remote=16U*TwqBiH count=3
[2026-10-04 18:59:37.312] [out] [delivery_module] DBG 2026-10-04 18:59:37.312+02:00 adverts found                              topics="service-disco discoverer" tid=6162740 serviceId=key:E6738033B5D413D13CF58622CEB4EF8F392E8D4EB073B56A5486CB0431B2F5D8 remote=16U*TwqBiH count=5
[2026-10-04 18:59:37.323] [out] [delivery_module] DBG 2026-10-04 18:59:37.323+02:00 getting adverts                            topics="service-disco discoverer" tid=6162740 serviceId=key:913B5C5DBE691438693215140388EC0C7DE80DE328BDE5BD7FC06F90568CEA40 registrar=16U*P1S397
[2026-10-04 18:59:37.323] [out] [delivery_module] DBG 2026-10-04 18:59:37.323+02:00 getting adverts                            topics="service-disco discoverer" tid=6162740 serviceId=key:913B5C5DBE691438693215140388EC0C7DE80DE328BDE5BD7FC06F90568CEA40 registrar=16U*VpJprH
[2026-10-04 18:59:37.323] [out] [delivery_module] DBG 2026-10-04 18:59:37.323+02:00 getting adverts                            topics="service-disco discoverer" tid=6162740 serviceId=key:913B5C5DBE691438693215140388EC0C7DE80DE328BDE5BD7FC06F90568CEA40 registrar=16U*T3UNSE
[2026-10-04 18:59:37.323] [out] [delivery_module] DBG 2026-10-04 18:59:37.323+02:00 getting adverts                            topics="service-disco discoverer" tid=6162740 serviceId=key:E6738033B5D413D13CF58622CEB4EF8F392E8D4EB073B56A5486CB0431B2F5D8 registrar=16U*kGyuEP
[2026-10-04 18:59:37.648] [out] [delivery_module] DBG 2026-10-04 18:59:37.648+02:00 adverts found                              topics="service-disco discoverer" tid=6162740 serviceId=key:913B5C5DBE691438693215140388EC0C7DE80DE328BDE5BD7FC06F90568CEA40 remote=16U*P1S397 count=0
[2026-10-04 18:59:37.797] [out] [delivery_module] DBG 2026-10-04 18:59:37.797+02:00 adverts found                              topics="service-disco discoverer" tid=6162740 serviceId=key:913B5C5DBE691438693215140388EC0C7DE80DE328BDE5BD7FC06F90568CEA40 remote=16U*T3UNSE count=1
[2026-10-04 18:59:37.907] [out] [delivery_module] DBG 2026-10-04 18:59:37.907+02:00 adverts found                              topics="service-disco discoverer" tid=6162740 serviceId=key:E6738033B5D413D13CF58622CEB4EF8F392E8D4EB073B56A5486CB0431B2F5D8 remote=16U*kGyuEP count=7
[2026-10-04 18:59:37.917] [out] [delivery_module] DBG 2026-10-04 18:59:37.917+02:00 getting adverts                            topics="service-disco discoverer" tid=6162740 serviceId=key:E6738033B5D413D13CF58622CEB4EF8F392E8D4EB073B56A5486CB0431B2F5D8 registrar=16U*VpJprH
[2026-10-04 18:59:37.963] [out] [delivery_module] DBG 2026-10-04 18:59:37.963+02:00 ENR addresses updated                      topics="waku enr" tid=6162740 retained=0 total=0
[2026-10-04 18:59:37.963] [out] [delivery_module] INF 2026-10-04 18:59:37.963+02:00 ENR reconciled with the discv5 record      topics="wakunode waku" tid=6162740 enr=enr:-K24QNE-0bwQCVoO75DSIZQbJzGREqkiaNvj2kPtMvidL6g8VgCCKuVWx3GT-ksN09W_GVMm96zeqAeqVbWtsD-qHNEOgmlkgnY0im11bHRpYWRkcnOAgnJzkwADCAAAAAEAAgADAAQABQAGAAeJc2VjcDI1NmsxoQIUhqs-A-TUX4eA8yV_HpydJQ9UgyhGrtW0K0HrBt85Q4N0Y3CC3yaDdWRwguVdhXdha3UyLQ
[2026-10-04 18:59:37.964] [out] [delivery_module] DBG 2026-10-04 18:59:37.964+02:00 Kad lookup: RPC error                      topics="kad-dht find" tid=6162740 peer=16U*VpJprH msg="dialStage: timed out dialing the peer"
[2026-10-04 18:59:37.965] [out] [delivery_module] DBG 2026-10-04 18:59:37.965+02:00 Lookup query                               topics="kad-dht find" tid=6162740 peer=16U*JXZN12
[2026-10-04 18:59:37.965] [out] [delivery_module] DBG 2026-10-04 18:59:37.965+02:00 Dialing peer                               topics="libp2p dialer" tid=6162740 peerId=16U*JXZN12 addrs="[/ip4/172.20.10.14/udp/62834/quic-v1, /ip4/172.20.10.14/tcp/49738]"
[2026-10-04 18:59:37.965] [out] [delivery_module] DBG 2026-10-04 18:59:37.965+02:00 Expanded address and hostname              topics="libp2p dialer" tid=6162740 expandedAddress=/ip4/172.20.10.14/udp/62834/quic-v1 hostname=172.20.10.14 resolvedAddresses="[/ip4/172.20.10.14/udp/62834/quic-v1]"
[2026-10-04 18:59:37.965] [out] [delivery_module] DBG 2026-10-04 18:59:37.965+02:00 New connection established: client         tid=6162740
[2026-10-04 18:59:37.965] [out] [delivery_module] DBG 2026-10-04 18:59:37.965+02:00 Lookup query                               topics="kad-dht find" tid=6162740 peer=16U*VpJprH
[2026-10-04 18:59:37.966] [out] [delivery_module] DBG 2026-10-04 18:59:37.966+02:00 Kad lookup: RPC error                      topics="kad-dht find" tid=6162740 peer=16U*VpJprH msg="dialStage: timed out dialing the peer"
[2026-10-04 18:59:37.967] [out] [delivery_module] DBG 2026-10-04 18:59:37.967+02:00 Lookup query                               topics="kad-dht find" tid=6162740 peer=16U*JXZN12
[2026-10-04 18:59:37.967] [out] [delivery_module] DBG 2026-10-04 18:59:37.967+02:00 Lookup query                               topics="kad-dht find" tid=6162740 peer=16U*VpJprH
[2026-10-04 18:59:37.971] [out] [delivery_module] DBG 2026-10-04 18:59:37.971+02:00 Lookup query                               topics="kad-dht find" tid=6162740 peer=16U*JXZN12
[2026-10-04 18:59:37.971] [out] [delivery_module] DBG 2026-10-04 18:59:37.971+02:00 Lookup query                               topics="kad-dht find" tid=6162740 peer=16U*VpJprH
[2026-10-04 18:59:37.972] [out] [delivery_module] DBG 2026-10-04 18:59:37.972+02:00 Kad lookup: RPC error                      topics="kad-dht find" tid=6162740 peer=16U*VpJprH msg="dialStage: timed out dialing the peer"
[2026-10-04 18:59:38.167] [out] [delivery_module] DBG 2026-10-04 18:59:38.167+02:00 Kad lookup: RPC error                      topics="kad-dht find" tid=6162740 peer=16U*nd1vDS msg="dialStage: timed out dialing the peer"
[2026-10-04 18:59:38.167] [out] [delivery_module] DBG 2026-10-04 18:59:38.167+02:00 Kad lookup: RPC error                      topics="kad-dht find" tid=6162740 peer=16U*t5HAoy msg="dialStage: timed out dialing the peer"
[2026-10-04 18:59:38.167] [out] [delivery_module] DBG 2026-10-04 18:59:38.167+02:00 Kad lookup: RPC error                      topics="kad-dht find" tid=6162740 peer=16U*RZcwkN msg="dialStage: timed out dialing the peer"
[2026-10-04 18:59:38.282] [out] [delivery_module] DBG 2026-10-04 18:59:38.282+02:00 Kad lookup: RPC error                      topics="kad-dht find" tid=6162740 peer=16U*RZcwkN msg="dialStage: timed out dialing the peer"
[2026-10-04 18:59:38.294] [out] [delivery_module] DBG 2026-10-04 18:59:38.294+02:00 Kad lookup: RPC error                      topics="kad-dht find" tid=6162740 peer=16U*oWQB23 msg="dialStage: timed out dialing the peer"
[2026-10-04 18:59:38.295] [out] [delivery_module] DBG 2026-10-04 18:59:38.295+02:00 Lookup query                               topics="kad-dht find" tid=6162740 peer=16U*oWQB23
[2026-10-04 18:59:38.465] [out] [delivery_module] DBG 2026-10-04 18:59:38.465+02:00 Lookup query                               topics="kad-dht find" tid=6162740 peer=16U*oWQB23
[2026-10-04 18:59:38.466] [out] [delivery_module] DBG 2026-10-04 18:59:38.465+02:00 Kad lookup: RPC error                      topics="kad-dht find" tid=6162740 peer=16U*oWQB23 msg="dialStage: timed out dialing the peer"
[2026-10-04 18:59:38.955] [out] [delivery_module] DBG 2026-10-04 18:59:38.955+02:00 Kad lookup: RPC error                      topics="kad-dht find" tid=6162740 peer=16U*RZcwkN msg="dialStage: timed out dialing the peer"
[2026-10-04 18:59:38.955] [out] [delivery_module] DBG 2026-10-04 18:59:38.955+02:00 Kad lookup: RPC error                      topics="kad-dht find" tid=6162740 peer=16U*33uyAY msg="dialStage: timed out dialing the peer"
[2026-10-04 18:59:38.955] [out] [delivery_module] DBG 2026-10-04 18:59:38.955+02:00 Kad lookup: RPC error                      topics="kad-dht find" tid=6162740 peer=16U*kpeu1j msg="dialStage: timed out dialing the peer"
[2026-10-04 18:59:38.955] [out] [delivery_module] DBG 2026-10-04 18:59:38.955+02:00 Kad lookup: RPC error                      topics="kad-dht find" tid=6162740 peer=16U*VpJprH msg="dialStage: timed out dialing the peer"
[2026-10-04 18:59:38.955] [out] [delivery_module] DBG 2026-10-04 18:59:38.955+02:00 Kad lookup: RPC error                      topics="kad-dht find" tid=6162740 peer=16U*t5HAoy msg="dialStage: timed out dialing the peer"
[2026-10-04 18:59:38.955] [out] [delivery_module] DBG 2026-10-04 18:59:38.955+02:00 Kad lookup: RPC error                      topics="kad-dht find" tid=6162740 peer=16U*2pfeoX msg="dialStage: timed out dialing the peer"
[2026-10-04 18:59:38.955] [out] [delivery_module] DBG 2026-10-04 18:59:38.955+02:00 Kad lookup: RPC error                      topics="kad-dht find" tid=6162740 peer=16U*Hv8wAS msg="dialStage: timed out dialing the peer"
[2026-10-04 18:59:38.955] [out] [delivery_module] DBG 2026-10-04 18:59:38.955+02:00 Kad lookup: RPC error                      topics="kad-dht find" tid=6162740 peer=16U*oWQB23 msg="dialStage: timed out dialing the peer"
[2026-10-04 18:59:38.956] [out] [delivery_module] DBG 2026-10-04 18:59:38.956+02:00 Lookup query                               topics="kad-dht find" tid=6162740 peer=16U*UeND2x
[2026-10-04 18:59:38.956] [out] [delivery_module] DBG 2026-10-04 18:59:38.956+02:00 Lookup query                               topics="kad-dht find" tid=6162740 peer=16U*JXZN12
[2026-10-04 18:59:38.956] [out] [delivery_module] DBG 2026-10-04 18:59:38.956+02:00 Lookup query                               topics="kad-dht find" tid=6162740 peer=16U*VpJprH
[2026-10-04 18:59:38.956] [out] [delivery_module] DBG 2026-10-04 18:59:38.956+02:00 Lookup query                               topics="kad-dht find" tid=6162740 peer=16U*oWQB23
[2026-10-04 18:59:38.979] [out] [delivery_module] DBG 2026-10-04 18:59:38.979+02:00 Dialing failed                             topics="libp2p dialer" tid=6162740 description="quic dial timed out after 3s" peerId=16U*33uyAY address=/ip4/172.20.10.14/udp/52840/quic-v1 hostname=172.20.10.14
[2026-10-04 18:59:38.979] [out] [delivery_module] DBG 2026-10-04 18:59:38.979+02:00 Expanded address and hostname              topics="libp2p dialer" tid=6162740 expandedAddress=/ip4/172.20.10.14/tcp/51591 hostname=172.20.10.14 resolvedAddresses="[/ip4/172.20.10.14/tcp/51591]"
[2026-10-04 18:59:38.979] [out] [delivery_module] DBG 2026-10-04 18:59:38.979+02:00 Dialing failed                             topics="libp2p dialer" tid=6162740 description="TcpTransport dial error: (61) Connection refused" peerId=16U*33uyAY address=/ip4/172.20.10.14/tcp/51591 hostname=172.20.10.14
[2026-10-04 18:59:38.979] [out] [delivery_module] DBG 2026-10-04 18:59:38.979+02:00 Error dialing                              topics="libp2p dialer" tid=6162740 conn=nil peerId=16U*33uyAY protos="[/logos/service-discovery/1.0.0]" addrs="[/ip4/172.20.10.14/udp/52840/quic-v1, /ip4/172.20.10.14/tcp/51591]" description="Unable to establish outgoing link in establishConnection: peer_id=16U*33uyAY addrs=@[/ip4/172.20.10.14/udp/52840/quic-v1, /ip4/172.20.10.14/tcp/51591]"
[2026-10-04 18:59:38.980] [out] [delivery_module] DBG 2026-10-04 18:59:38.980+02:00 Dialing peer                               topics="libp2p dialer" tid=6162740 peerId=16U*33uyAY addrs="[/ip4/172.20.10.14/udp/52840/quic-v1, /ip4/172.20.10.14/tcp/51591]"
[2026-10-04 18:59:38.980] [out] [delivery_module] DBG 2026-10-04 18:59:38.980+02:00 Expanded address and hostname              topics="libp2p dialer" tid=6162740 expandedAddress=/ip4/172.20.10.14/udp/52840/quic-v1 hostname=172.20.10.14 resolvedAddresses="[/ip4/172.20.10.14/udp/52840/quic-v1]"
[2026-10-04 18:59:38.980] [out] [delivery_module] DBG 2026-10-04 18:59:38.980+02:00 New connection established: client         tid=6162740
[2026-10-04 18:59:39.739] [out] [delivery_module] DBG 2026-10-04 18:59:39.739+02:00 calculateConnectionState                   tid=6162740 relayCount=6 storeClientCount=5 lightpushCount=6 filterCount=6
[2026-10-04 18:59:39.982] [out] [delivery_module] DBG 2026-10-04 18:59:39.982+02:00 Dialing failed                             topics="libp2p dialer" tid=6162740 description="quic dial timed out after 3s" peerId=16U*UeND2x address=/ip4/172.20.10.14/udp/51140/quic-v1 hostname=172.20.10.14
[2026-10-04 18:59:39.982] [out] [delivery_module] DBG 2026-10-04 18:59:39.982+02:00 Expanded address and hostname              topics="libp2p dialer" tid=6162740 expandedAddress=/ip4/172.20.10.14/tcp/55656 hostname=172.20.10.14 resolvedAddresses="[/ip4/172.20.10.14/tcp/55656]"
[2026-10-04 18:59:39.982] [out] [delivery_module] DBG 2026-10-04 18:59:39.982+02:00 Dialing failed                             topics="libp2p dialer" tid=6162740 description="TcpTransport dial error: (61) Connection refused" peerId=16U*UeND2x address=/ip4/172.20.10.14/tcp/55656 hostname=172.20.10.14
[2026-10-04 18:59:39.982] [out] [delivery_module] DBG 2026-10-04 18:59:39.982+02:00 Error dialing                              topics="libp2p dialer" tid=6162740 conn=nil peerId=16U*UeND2x protos="[/logos/service-discovery/1.0.0]" addrs="[/ip4/172.20.10.14/udp/51140/quic-v1, /ip4/172.20.10.14/tcp/55656]" description="Unable to establish outgoing link in establishConnection: peer_id=16U*UeND2x addrs=@[/ip4/172.20.10.14/udp/51140/quic-v1, /ip4/172.20.10.14/tcp/55656]"
[2026-10-04 18:59:39.982] [out] [delivery_module] DBG 2026-10-04 18:59:39.982+02:00 Dialing peer                               topics="libp2p dialer" tid=6162740 peerId=16U*UeND2x addrs="[/ip4/172.20.10.14/udp/51140/quic-v1, /ip4/172.20.10.14/tcp/55656]"
[2026-10-04 18:59:39.982] [out] [delivery_module] DBG 2026-10-04 18:59:39.982+02:00 Expanded address and hostname              topics="libp2p dialer" tid=6162740 expandedAddress=/ip4/172.20.10.14/udp/51140/quic-v1 hostname=172.20.10.14 resolvedAddresses="[/ip4/172.20.10.14/udp/51140/quic-v1]"
[2026-10-04 18:59:39.982] [out] [delivery_module] DBG 2026-10-04 18:59:39.982+02:00 New connection established: client         tid=6162740
[2026-10-04 18:59:40.966] [out] [delivery_module] DBG 2026-10-04 18:59:40.966+02:00 Dialing failed                             topics="libp2p dialer" tid=6162740 description="quic dial timed out after 3s" peerId=16U*JXZN12 address=/ip4/172.20.10.14/udp/62834/quic-v1 hostname=172.20.10.14
[2026-10-04 18:59:40.967] [out] [delivery_module] DBG 2026-10-04 18:59:40.967+02:00 Expanded address and hostname              topics="libp2p dialer" tid=6162740 expandedAddress=/ip4/172.20.10.14/tcp/49738 hostname=172.20.10.14 resolvedAddresses="[/ip4/172.20.10.14/tcp/49738]"
[2026-10-04 18:59:40.968] [out] [delivery_module] DBG 2026-10-04 18:59:40.968+02:00 Dialing failed                             topics="libp2p dialer" tid=6162740 description="TcpTransport dial error: (61) Connection refused" peerId=16U*JXZN12 address=/ip4/172.20.10.14/tcp/49738 hostname=172.20.10.14
[2026-10-04 18:59:40.968] [out] [delivery_module] DBG 2026-10-04 18:59:40.968+02:00 Error dialing                              topics="libp2p dialer" tid=6162740 conn=nil peerId=16U*JXZN12 protos="[/logos/service-discovery/1.0.0]" addrs="[/ip4/172.20.10.14/udp/62834/quic-v1, /ip4/172.20.10.14/tcp/49738]" description="Unable to establish outgoing link in establishConnection: peer_id=16U*JXZN12 addrs=@[/ip4/172.20.10.14/udp/62834/quic-v1, /ip4/172.20.10.14/tcp/49738]"
[2026-10-04 18:59:40.968] [out] [delivery_module] DBG 2026-10-04 18:59:40.968+02:00 Dialing peer                               topics="libp2p dialer" tid=6162740 peerId=16U*JXZN12 addrs="[/ip4/172.20.10.14/udp/62834/quic-v1, /ip4/172.20.10.14/tcp/49738]"
[2026-10-04 18:59:40.968] [out] [delivery_module] DBG 2026-10-04 18:59:40.968+02:00 Expanded address and hostname              topics="libp2p dialer" tid=6162740 expandedAddress=/ip4/172.20.10.14/udp/62834/quic-v1 hostname=172.20.10.14 resolvedAddresses="[/ip4/172.20.10.14/udp/62834/quic-v1]"
[2026-10-04 18:59:40.968] [out] [delivery_module] DBG 2026-10-04 18:59:40.968+02:00 New connection established: client         tid=6162740
[2026-10-04 18:59:40.969] [out] [delivery_module] DBG 2026-10-04 18:59:40.969+02:00 Lookup query                               topics="kad-dht find" tid=6162740 peer=16U*UeND2x
[2026-10-04 18:59:40.976] [out] [delivery_module] DBG 2026-10-04 18:59:40.976+02:00 Kad lookup: RPC error                      topics="kad-dht find" tid=6162740 peer=16U*kpeu1j msg="dialStage: timed out dialing the peer"
[2026-10-04 18:59:40.976] [out] [delivery_module] DBG 2026-10-04 18:59:40.976+02:00 Kad lookup: RPC error                      topics="kad-dht find" tid=6162740 peer=16U*t5HAoy msg="dialStage: timed out dialing the peer"
[2026-10-04 18:59:40.979] [out] [delivery_module] DBG 2026-10-04 18:59:40.979+02:00 Kad lookup: RPC error                      topics="kad-dht find" tid=6162740 peer=16U*oWQB23 msg="dialStage: timed out dialing the peer"
[2026-10-04 18:59:41.982] [out] [delivery_module] DBG 2026-10-04 18:59:41.982+02:00 Dialing failed                             topics="libp2p dialer" tid=6162740 description="quic dial timed out after 3s" peerId=16U*33uyAY address=/ip4/172.20.10.14/udp/52840/quic-v1 hostname=172.20.10.14
[2026-10-04 18:59:41.982] [out] [delivery_module] DBG 2026-10-04 18:59:41.982+02:00 Expanded address and hostname              topics="libp2p dialer" tid=6162740 expandedAddress=/ip4/172.20.10.14/tcp/51591 hostname=172.20.10.14 resolvedAddresses="[/ip4/172.20.10.14/tcp/51591]"
[2026-10-04 18:59:41.983] [out] [delivery_module] DBG 2026-10-04 18:59:41.983+02:00 Dialing failed                             topics="libp2p dialer" tid=6162740 description="TcpTransport dial error: (61) Connection refused" peerId=16U*33uyAY address=/ip4/172.20.10.14/tcp/51591 hostname=172.20.10.14
[2026-10-04 18:59:41.984] [out] [delivery_module] DBG 2026-10-04 18:59:41.984+02:00 Error dialing                              topics="libp2p dialer" tid=6162740 conn=nil peerId=16U*33uyAY protos="[/logos/service-discovery/1.0.0]" addrs="[/ip4/172.20.10.14/udp/52840/quic-v1, /ip4/172.20.10.14/tcp/51591]" description="Unable to establish outgoing link in establishConnection: peer_id=16U*33uyAY addrs=@[/ip4/172.20.10.14/udp/52840/quic-v1, /ip4/172.20.10.14/tcp/51591]"
[2026-10-04 18:59:41.984] [out] [delivery_module] DBG 2026-10-04 18:59:41.984+02:00 Dialing peer                               topics="libp2p dialer" tid=6162740 peerId=16U*33uyAY addrs="[/ip4/172.20.10.14/udp/52840/quic-v1, /ip4/172.20.10.14/tcp/51591]"
[2026-10-04 18:59:41.984] [out] [delivery_module] DBG 2026-10-04 18:59:41.984+02:00 Expanded address and hostname              topics="libp2p dialer" tid=6162740 expandedAddress=/ip4/172.20.10.14/udp/52840/quic-v1 hostname=172.20.10.14 resolvedAddresses="[/ip4/172.20.10.14/udp/52840/quic-v1]"
[2026-10-04 18:59:41.984] [out] [delivery_module] DBG 2026-10-04 18:59:41.984+02:00 New connection established: client         tid=6162740
[2026-10-04 18:59:42.325] [out] [delivery_module] DBG 2026-10-04 18:59:42.325+02:00 getting adverts                            topics="service-disco discoverer" tid=6162740 serviceId=key:913B5C5DBE691438693215140388EC0C7DE80DE328BDE5BD7FC06F90568CEA40 registrar=16U*kGyuEP
[2026-10-04 18:59:42.776] [out] [delivery_module] DBG 2026-10-04 18:59:42.776+02:00 adverts found                              topics="service-disco discoverer" tid=6162740 serviceId=key:913B5C5DBE691438693215140388EC0C7DE80DE328BDE5BD7FC06F90568CEA40 remote=16U*kGyuEP count=4
[2026-10-04 18:59:42.778] [out] [delivery_module] DBG 2026-10-04 18:59:42.778+02:00 Dialing peer                               topics="libp2p dialer" tid=6162740 peerId=16U*AknWwg addrs="[/ip4/172.20.10.14/udp/57016/quic-v1, /ip4/172.20.10.14/tcp/55373]"
[2026-10-04 18:59:42.778] [out] [delivery_module] DBG 2026-10-04 18:59:42.778+02:00 Expanded address and hostname              topics="libp2p dialer" tid=6162740 expandedAddress=/ip4/172.20.10.14/udp/57016/quic-v1 hostname=172.20.10.14 resolvedAddresses="[/ip4/172.20.10.14/udp/57016/quic-v1]"
[2026-10-04 18:59:42.778] [out] [delivery_module] DBG 2026-10-04 18:59:42.778+02:00 New connection established: client         tid=6162740
[2026-10-04 18:59:42.779] [out] [delivery_module] DBG 2026-10-04 18:59:42.779+02:00 Dialing peer                               topics="libp2p dialer" tid=6162740 peerId=16U*GcpKMp addrs="[/ip4/172.20.10.14/udp/58226/quic-v1, /ip4/172.20.10.14/tcp/56648]"
[2026-10-04 18:59:42.779] [out] [delivery_module] DBG 2026-10-04 18:59:42.779+02:00 Expanded address and hostname              topics="libp2p dialer" tid=6162740 expandedAddress=/ip4/172.20.10.14/udp/58226/quic-v1 hostname=172.20.10.14 resolvedAddresses="[/ip4/172.20.10.14/udp/58226/quic-v1]"
[2026-10-04 18:59:42.779] [out] [delivery_module] DBG 2026-10-04 18:59:42.779+02:00 New connection established: client         tid=6162740
[2026-10-04 18:59:42.785] [out] [delivery_module] DBG 2026-10-04 18:59:42.785+02:00 Peer added via service discovery           topics="waku service discovery" tid=6162740 source="service lookup" peerId=16Uiu2HAm8Y9kgBNtjxvCnf1X6gnZJW5EGE4UwwCL3CCm55TwqBiH addresses="[/ip4/34.123.201.25/tcp/30303, /ip4/34.123.201.25/udp/30303/quic-v1, /dns4/delivery-02.gc-us-central1-a.logos.dev.status.im/tcp/30303]" protocols="[/mix/1.0.0]"
[2026-10-04 18:59:42.785] [out] [delivery_module] DBG 2026-10-04 18:59:42.785+02:00 Peer added via service discovery           topics="waku service discovery" tid=6162740 source="service lookup" peerId=16Uiu2HAkvwhGHKNry6LACrB8TmEFoCJKEX29XR5dDUzk3UT3UNSE addresses="[/ip4/43.99.103.10/tcp/30303, /ip4/43.99.103.10/udp/30303/quic-v1, /dns4/delivery-02.ac-cn-hongkong-c.logos.dev.status.im/tcp/30303]" protocols="[/mix/1.0.0]"
[2026-10-04 18:59:42.785] [out] [delivery_module] DBG 2026-10-04 18:59:42.785+02:00 Peer added via service discovery           topics="waku service discovery" tid=6162740 source="service lookup" peerId=16Uiu2HAmBakrHkuGSbxSX8WYGrqhNGFdTJnj8k5DBFEzaVUeND2x addresses="[/ip4/172.20.10.14/tcp/55656, /ip4/172.20.10.14/udp/51140/quic-v1]" protocols="[/mix/1.0.0]"
[2026-10-04 18:59:42.786] [out] [delivery_module] DBG 2026-10-04 18:59:42.786+02:00 Peer added via service discovery           topics="waku service discovery" tid=6162740 source="service lookup" peerId=16Uiu2HAm8YokiNun9BkeA1ZRmhLbtNUvcwRr64F69tYj9fkGyuEP addresses="[/ip4/47.242.130.189/tcp/30303, /ip4/47.242.130.189/udp/30303/quic-v1, /dns4/delivery-01.ac-cn-hongkong-c.logos.dev.status.im/tcp/30303]" protocols="[/mix/1.0.0]"
[2026-10-04 18:59:42.786] [out] [delivery_module] DBG 2026-10-04 18:59:42.786+02:00 Peer added via service discovery           topics="waku service discovery" tid=6162740 source="service lookup" peerId=16Uiu2HAm4S1JYkuzDKLKQvwgAhZKs9otxXqt8SCGtB4hoJP1S397 addresses="[/ip4/136.119.156.87/tcp/30303, /ip4/136.119.156.87/udp/30303/quic-v1, /dns4/delivery-01.gc-us-central1-a.logos.dev.status.im/tcp/30303]" protocols="[/mix/1.0.0]"
[2026-10-04 18:59:42.786] [out] [delivery_module] DBG 2026-10-04 18:59:42.786+02:00 Peer added via service discovery           topics="waku service discovery" tid=6162740 source="service lookup" peerId=16Uiu2HAmTUbnxLGT9JvV6mu9oPyDjqHK4Phs1VDJNUgESgNSkuby addresses="[/ip4/138.68.122.137/tcp/30303, /ip4/138.68.122.137/udp/30303/quic-v1, /dns4/delivery-01.do-ams3.logos.dev.status.im/tcp/30303]" protocols="[/mix/1.0.0]"
[2026-10-04 18:59:42.786] [out] [delivery_module] DBG 2026-10-04 18:59:42.786+02:00 Service lookup complete                    topics="waku service discovery" tid=6162740 service=/mix/1.0.0 found=6
[2026-10-04 18:59:42.787] [out] [delivery_module] DBG 2026-10-04 18:59:42.787+02:00 calculateConnectionState                   tid=6162740 relayCount=6 storeClientCount=5 lightpushCount=6 filterCount=6
[2026-10-04 18:59:42.918] [out] [delivery_module] DBG 2026-10-04 18:59:42.918+02:00 getting adverts                            topics="service-disco discoverer" tid=6162740 serviceId=key:E6738033B5D413D13CF58622CEB4EF8F392E8D4EB073B56A5486CB0431B2F5D8 registrar=16U*T3UNSE
[2026-10-04 18:59:42.918] [out] [delivery_module] DBG 2026-10-04 18:59:42.918+02:00 getting adverts                            topics="service-disco discoverer" tid=6162740 serviceId=key:E6738033B5D413D13CF58622CEB4EF8F392E8D4EB073B56A5486CB0431B2F5D8 registrar=16U*P1S397
[2026-10-04 18:59:42.960] [out] [delivery_module] DBG 2026-10-04 18:59:42.960+02:00 Finished dialing multiple peers            topics="waku node peer_manager" tid=6162740 successfulConns=0 attempted=10
[2026-10-04 18:59:42.961] [out] [delivery_module] DBG 2026-10-04 18:59:42.960+02:00 Dialing multiple peers                     topics="waku node peer_manager" tid=6162740 numOfPeers=5 nodes="@[16Uiu2HAmJYciuT2s3xyGckraHNCKTU7chGjeW7zLcXVRoVHv8wAS, 16Uiu2HAm75mHYCn97YHQ3auieTYohvJU9d3WGyGBAjnVc32pfeoX, 16Uiu2HAm7u8dLdzqHYnpKoSyHP5oF1CLX25VXXmEQgsKMf33uyAY, 16Uiu2HAmB2SBuJn7wjYURyzHZ5Rxmos78S2BbDtXfk3LxBGcpKMp, 16Uiu2HAm4VNfzxywiPSZrEQDyaDTjafXXBN738mNV6XS3Ht5HAoy]"
[2026-10-04 18:59:42.970] [out] [delivery_module] DBG 2026-10-04 18:59:42.970+02:00 Kad lookup: RPC error                      topics="kad-dht find" tid=6162740 peer=16U*VpJprH msg="waitStage: timed out waiting for the peer's stream"
[2026-10-04 18:59:42.970] [out] [delivery_module] DBG 2026-10-04 18:59:42.970+02:00 Kad lookup: RPC error                      topics="kad-dht find" tid=6162740 peer=16U*VpJprH msg="dialStage: timed out dialing the peer"
[2026-10-04 18:59:42.970] [out] [delivery_module] DBG 2026-10-04 18:59:42.970+02:00 Kad lookup: RPC error                      topics="kad-dht find" tid=6162740 peer=16U*JXZN12 msg="dialStage: timed out dialing the peer"
[2026-10-04 18:59:42.971] [out] [delivery_module] DBG 2026-10-04 18:59:42.971+02:00 Lookup query                               topics="kad-dht find" tid=6162740 peer=16U*AknWwg
[2026-10-04 18:59:42.971] [out] [delivery_module] DBG 2026-10-04 18:59:42.971+02:00 Lookup query                               topics="kad-dht find" tid=6162740 peer=16U*xpM86W
[2026-10-04 18:59:42.971] [out] [delivery_module] DBG 2026-10-04 18:59:42.971+02:00 Dialing peer                               topics="libp2p dialer" tid=6162740 peerId=16U*xpM86W addrs="[/ip4/172.20.10.14/udp/60461/quic-v1, /ip4/172.20.10.14/tcp/54478]"
[2026-10-04 18:59:42.971] [out] [delivery_module] DBG 2026-10-04 18:59:42.971+02:00 Expanded address and hostname              topics="libp2p dialer" tid=6162740 expandedAddress=/ip4/172.20.10.14/udp/60461/quic-v1 hostname=172.20.10.14 resolvedAddresses="[/ip4/172.20.10.14/udp/60461/quic-v1]"
[2026-10-04 18:59:42.971] [out] [delivery_module] DBG 2026-10-04 18:59:42.971+02:00 New connection established: client         tid=6162740
[2026-10-04 18:59:42.972] [out] [delivery_module] DBG 2026-10-04 18:59:42.972+02:00 Lookup query                               topics="kad-dht find" tid=6162740 peer=16U*8rq3kg
[2026-10-04 18:59:42.972] [out] [delivery_module] DBG 2026-10-04 18:59:42.972+02:00 Dialing peer                               topics="libp2p dialer" tid=6162740 peerId=16U*8rq3kg addrs="[/ip4/172.20.10.14/udp/49629/quic-v1, /ip4/172.20.10.14/tcp/50996]"
[2026-10-04 18:59:42.972] [out] [delivery_module] DBG 2026-10-04 18:59:42.972+02:00 Expanded address and hostname              topics="libp2p dialer" tid=6162740 expandedAddress=/ip4/172.20.10.14/udp/49629/quic-v1 hostname=172.20.10.14 resolvedAddresses="[/ip4/172.20.10.14/udp/49629/quic-v1]"
[2026-10-04 18:59:42.972] [out] [delivery_module] DBG 2026-10-04 18:59:42.972+02:00 New connection established: client         tid=6162740
[2026-10-04 18:59:42.973] [out] [delivery_module] DBG 2026-10-04 18:59:42.973+02:00 Lookup query                               topics="kad-dht find" tid=6162740 peer=16U*GcpKMp
[2026-10-04 18:59:42.973] [out] [delivery_module] DBG 2026-10-04 18:59:42.973+02:00 Lookup query                               topics="kad-dht find" tid=6162740 peer=16U*UMrxyT
[2026-10-04 18:59:42.973] [out] [delivery_module] DBG 2026-10-04 18:59:42.973+02:00 Dialing peer                               topics="libp2p dialer" tid=6162740 peerId=16U*UMrxyT addrs="[/ip4/172.20.10.14/udp/59518/quic-v1, /ip4/172.20.10.14/tcp/53863]"
[2026-10-04 18:59:42.973] [out] [delivery_module] DBG 2026-10-04 18:59:42.973+02:00 Expanded address and hostname              topics="libp2p dialer" tid=6162740 expandedAddress=/ip4/172.20.10.14/udp/59518/quic-v1 hostname=172.20.10.14 resolvedAddresses="[/ip4/172.20.10.14/udp/59518/quic-v1]"
[2026-10-04 18:59:42.973] [out] [delivery_module] DBG 2026-10-04 18:59:42.973+02:00 New connection established: client         tid=6162740
[2026-10-04 18:59:42.974] [out] [delivery_module] DBG 2026-10-04 18:59:42.974+02:00 Lookup query                               topics="kad-dht find" tid=6162740 peer=16U*CbKVbN
[2026-10-04 18:59:42.974] [out] [delivery_module] DBG 2026-10-04 18:59:42.974+02:00 Dialing peer                               topics="libp2p dialer" tid=6162740 peerId=16U*CbKVbN addrs="[/ip4/172.20.10.14/udp/55956/quic-v1, /ip4/172.20.10.14/tcp/51685]"
[2026-10-04 18:59:42.974] [out] [delivery_module] DBG 2026-10-04 18:59:42.974+02:00 Expanded address and hostname              topics="libp2p dialer" tid=6162740 expandedAddress=/ip4/172.20.10.14/udp/55956/quic-v1 hostname=172.20.10.14 resolvedAddresses="[/ip4/172.20.10.14/udp/55956/quic-v1]"
[2026-10-04 18:59:42.974] [out] [delivery_module] DBG 2026-10-04 18:59:42.974+02:00 New connection established: client         tid=6162740
[2026-10-04 18:59:42.974] [out] [delivery_module] DBG 2026-10-04 18:59:42.974+02:00 Lookup query                               topics="kad-dht find" tid=6162740 peer=16U*VpJprH
[2026-10-04 18:59:42.975] [out] [delivery_module] DBG 2026-10-04 18:59:42.975+02:00 Lookup query                               topics="kad-dht find" tid=6162740 peer=16U*CbKVbN
[2026-10-04 18:59:42.975] [out] [delivery_module] DBG 2026-10-04 18:59:42.975+02:00 Lookup query                               topics="kad-dht find" tid=6162740 peer=16U*VpJprH
[2026-10-04 18:59:42.975] [out] [delivery_module] DBG 2026-10-04 18:59:42.975+02:00 Lookup query                               topics="kad-dht find" tid=6162740 peer=16U*UMrxyT
[2026-10-04 18:59:42.975] [out] [delivery_module] DBG 2026-10-04 18:59:42.975+02:00 Lookup query                               topics="kad-dht find" tid=6162740 peer=16U*GcpKMp
[2026-10-04 18:59:42.975] [out] [delivery_module] DBG 2026-10-04 18:59:42.975+02:00 Lookup query                               topics="kad-dht find" tid=6162740 peer=16U*AknWwg
[2026-10-04 18:59:42.975] [out] [delivery_module] DBG 2026-10-04 18:59:42.975+02:00 Lookup query                               topics="kad-dht find" tid=6162740 peer=16U*xpM86W
[2026-10-04 18:59:42.975] [out] [delivery_module] DBG 2026-10-04 18:59:42.975+02:00 Lookup query                               topics="kad-dht find" tid=6162740 peer=16U*8rq3kg
[2026-10-04 18:59:42.976] [out] [delivery_module] DBG 2026-10-04 18:59:42.976+02:00 Lookup query                               topics="kad-dht find" tid=6162740 peer=16U*xpM86W
[2026-10-04 18:59:42.976] [out] [delivery_module] DBG 2026-10-04 18:59:42.976+02:00 Lookup query                               topics="kad-dht find" tid=6162740 peer=16U*AknWwg
[2026-10-04 18:59:42.976] [out] [delivery_module] DBG 2026-10-04 18:59:42.976+02:00 Lookup query                               topics="kad-dht find" tid=6162740 peer=16U*8rq3kg
[2026-10-04 18:59:42.976] [out] [delivery_module] DBG 2026-10-04 18:59:42.976+02:00 Lookup query                               topics="kad-dht find" tid=6162740 peer=16U*GcpKMp
[2026-10-04 18:59:42.976] [out] [delivery_module] DBG 2026-10-04 18:59:42.976+02:00 Lookup query                               topics="kad-dht find" tid=6162740 peer=16U*UMrxyT
[2026-10-04 18:59:42.977] [out] [delivery_module] DBG 2026-10-04 18:59:42.976+02:00 Lookup query                               topics="kad-dht find" tid=6162740 peer=16U*CbKVbN
[2026-10-04 18:59:42.977] [out] [delivery_module] DBG 2026-10-04 18:59:42.977+02:00 Lookup query                               topics="kad-dht find" tid=6162740 peer=16U*VpJprH
[2026-10-04 18:59:42.977] [out] [delivery_module] DBG 2026-10-04 18:59:42.977+02:00 Lookup query                               topics="kad-dht find" tid=6162740 peer=16U*oWQB23
[2026-10-04 18:59:42.977] [out] [delivery_module] DBG 2026-10-04 18:59:42.977+02:00 Kad lookup: RPC error                      topics="kad-dht find" tid=6162740 peer=16U*VpJprH msg="dialStage: timed out dialing the peer"
[2026-10-04 18:59:42.984] [out] [delivery_module] DBG 2026-10-04 18:59:42.984+02:00 Dialing failed                             topics="libp2p dialer" tid=6162740 description="quic dial timed out after 3s" peerId=16U*UeND2x address=/ip4/172.20.10.14/udp/51140/quic-v1 hostname=172.20.10.14
[2026-10-04 18:59:42.984] [out] [delivery_module] DBG 2026-10-04 18:59:42.984+02:00 Expanded address and hostname              topics="libp2p dialer" tid=6162740 expandedAddress=/ip4/172.20.10.14/tcp/55656 hostname=172.20.10.14 resolvedAddresses="[/ip4/172.20.10.14/tcp/55656]"
[2026-10-04 18:59:42.984] [out] [delivery_module] DBG 2026-10-04 18:59:42.984+02:00 Dialing failed                             topics="libp2p dialer" tid=6162740 description="TcpTransport dial error: (61) Connection refused" peerId=16U*UeND2x address=/ip4/172.20.10.14/tcp/55656 hostname=172.20.10.14
[2026-10-04 18:59:42.985] [out] [delivery_module] DBG 2026-10-04 18:59:42.985+02:00 Error dialing                              topics="libp2p dialer" tid=6162740 conn=nil peerId=16U*UeND2x protos="[/logos/service-discovery/1.0.0]" addrs="[/ip4/172.20.10.14/udp/51140/quic-v1, /ip4/172.20.10.14/tcp/55656]" description="Unable to establish outgoing link in establishConnection: peer_id=16U*UeND2x addrs=@[/ip4/172.20.10.14/udp/51140/quic-v1, /ip4/172.20.10.14/tcp/55656]"
[2026-10-04 18:59:42.985] [out] [delivery_module] DBG 2026-10-04 18:59:42.985+02:00 Dialing peer                               topics="libp2p dialer" tid=6162740 peerId=16U*UeND2x addrs="[/ip4/172.20.10.14/udp/51140/quic-v1, /ip4/172.20.10.14/tcp/55656]"
[2026-10-04 18:59:42.985] [out] [delivery_module] DBG 2026-10-04 18:59:42.985+02:00 Expanded address and hostname              topics="libp2p dialer" tid=6162740 expandedAddress=/ip4/172.20.10.14/udp/51140/quic-v1 hostname=172.20.10.14 resolvedAddresses="[/ip4/172.20.10.14/udp/51140/quic-v1]"
[2026-10-04 18:59:42.985] [out] [delivery_module] DBG 2026-10-04 18:59:42.985+02:00 New connection established: client         tid=6162740
[2026-10-04 18:59:43.287] [out] [delivery_module] DBG 2026-10-04 18:59:43.287+02:00 adverts found                              topics="service-disco discoverer" tid=6162740 serviceId=key:E6738033B5D413D13CF58622CEB4EF8F392E8D4EB073B56A5486CB0431B2F5D8 remote=16U*P1S397 count=5
[2026-10-04 18:59:43.296] [out] [delivery_module] DBG 2026-10-04 18:59:43.295+02:00 Lookup query                               topics="kad-dht find" tid=6162740 peer=16U*nd1vDS
[2026-10-04 18:59:43.296] [out] [delivery_module] DBG 2026-10-04 18:59:43.296+02:00 Lookup query                               topics="kad-dht find" tid=6162740 peer=16U*UeND2x
[2026-10-04 18:59:43.296] [out] [delivery_module] DBG 2026-10-04 18:59:43.296+02:00 Lookup query                               topics="kad-dht find" tid=6162740 peer=16U*oWQB23
[2026-10-04 18:59:43.296] [out] [delivery_module] DBG 2026-10-04 18:59:43.296+02:00 Kad lookup: RPC error                      topics="kad-dht find" tid=6162740 peer=16U*oWQB23 msg="dialStage: timed out dialing the peer"
[2026-10-04 18:59:43.387] [out] [delivery_module] DBG 2026-10-04 18:59:43.387+02:00 adverts found                              topics="service-disco discoverer" tid=6162740 serviceId=key:E6738033B5D413D13CF58622CEB4EF8F392E8D4EB073B56A5486CB0431B2F5D8 remote=16U*T3UNSE count=1
[2026-10-04 18:59:43.392] [out] [delivery_module] DBG 2026-10-04 18:59:43.392+02:00 Peer added via service discovery           topics="waku service discovery" tid=6162740 source="service lookup" peerId=16Uiu2HAm4S1JYkuzDKLKQvwgAhZKs9otxXqt8SCGtB4hoJP1S397 addresses="[/ip4/136.119.156.87/tcp/30303, /ip4/136.119.156.87/udp/30303/quic-v1, /dns4/delivery-01.gc-us-central1-a.logos.dev.status.im/tcp/30303]" protocols="[/logos/delivery]"
[2026-10-04 18:59:43.392] [out] [delivery_module] DBG 2026-10-04 18:59:43.392+02:00 Peer added via service discovery           topics="waku service discovery" tid=6162740 source="service lookup" peerId=16Uiu2HAmBakrHkuGSbxSX8WYGrqhNGFdTJnj8k5DBFEzaVUeND2x addresses="[/ip4/172.20.10.14/tcp/55656, /ip4/172.20.10.14/udp/51140/quic-v1]" protocols="[/logos/delivery]"
[2026-10-04 18:59:43.392] [out] [delivery_module] DBG 2026-10-04 18:59:43.392+02:00 Peer added via service discovery           topics="waku service discovery" tid=6162740 source="service lookup" peerId=16Uiu2HAm75mHYCn97YHQ3auieTYohvJU9d3WGyGBAjnVc32pfeoX addresses="[/ip4/192.168.68.53/tcp/27431, /ip4/192.168.68.53/udp/16011/quic-v1]" protocols="[/logos/delivery]"
[2026-10-04 18:59:43.392] [out] [delivery_module] DBG 2026-10-04 18:59:43.392+02:00 Peer added via service discovery           topics="waku service discovery" tid=6162740 source="service lookup" peerId=16Uiu2HAkvwhGHKNry6LACrB8TmEFoCJKEX29XR5dDUzk3UT3UNSE addresses="[/ip4/43.99.103.10/tcp/30303, /ip4/43.99.103.10/udp/30303/quic-v1, /dns4/delivery-02.ac-cn-hongkong-c.logos.dev.status.im/tcp/30303]" protocols="[/logos/delivery]"
[2026-10-04 18:59:43.393] [out] [delivery_module] DBG 2026-10-04 18:59:43.393+02:00 Peer added via service discovery           topics="waku service discovery" tid=6162740 source="service lookup" peerId=16Uiu2HAm8Y9kgBNtjxvCnf1X6gnZJW5EGE4UwwCL3CCm55TwqBiH addresses="[/ip4/34.123.201.25/tcp/30303, /ip4/34.123.201.25/udp/30303/quic-v1, /dns4/delivery-02.gc-us-central1-a.logos.dev.status.im/tcp/30303]" protocols="[/logos/delivery]"
[2026-10-04 18:59:43.393] [out] [delivery_module] DBG 2026-10-04 18:59:43.393+02:00 Peer added via service discovery           topics="waku service discovery" tid=6162740 source="service lookup" peerId=16Uiu2HAm8YokiNun9BkeA1ZRmhLbtNUvcwRr64F69tYj9fkGyuEP addresses="[/ip4/47.242.130.189/tcp/30303, /ip4/47.242.130.189/udp/30303/quic-v1, /dns4/delivery-01.ac-cn-hongkong-c.logos.dev.status.im/tcp/30303]" protocols="[/logos/delivery]"
[2026-10-04 18:59:43.393] [out] [delivery_module] DBG 2026-10-04 18:59:43.393+02:00 Peer added via service discovery           topics="waku service discovery" tid=6162740 source="service lookup" peerId=16Uiu2HAm1xxiN1EJgFE7buHWW6WVEWAofJ91YizfcAUU8PoWQB23 addresses="[/ip4/88.160.11.28/tcp/17981, /ip4/88.160.11.28/udp/19925/quic-v1]" protocols="[/logos/delivery]"
[2026-10-04 18:59:43.393] [out] [delivery_module] DBG 2026-10-04 18:59:43.393+02:00 Peer added via service discovery           topics="waku service discovery" tid=6162740 source="service lookup" peerId=16Uiu2HAmTUbnxLGT9JvV6mu9oPyDjqHK4Phs1VDJNUgESgNSkuby addresses="[/ip4/138.68.122.137/tcp/30303, /ip4/138.68.122.137/udp/30303/quic-v1, /dns4/delivery-01.do-ams3.logos.dev.status.im/tcp/30303]" protocols="[/logos/delivery]"
[2026-10-04 18:59:43.393] [out] [delivery_module] DBG 2026-10-04 18:59:43.393+02:00 Peer added via service discovery           topics="waku service discovery" tid=6162740 source="service lookup" peerId=16Uiu2HAkvooEdaSR6vYVVULbyZeJMfPJkDAeFmR3LkCqXErnT3hk addresses="[/ip4/172.20.10.14/tcp/57126, /ip4/172.20.10.14/udp/60229/quic-v1]" protocols="[/logos/delivery]"
[2026-10-04 18:59:43.393] [out] [delivery_module] DBG 2026-10-04 18:59:43.393+02:00 Peer added via service discovery           topics="waku service discovery" tid=6162740 source="service lookup" peerId=16Uiu2HAm5hiDKtofKsaY3hNNyzzhFagoKo8uMWTFJ2huwMiSrhve addresses="[/ip4/173.42.114.210/tcp/37795]" protocols="[/logos/delivery]"
[2026-10-04 18:59:43.393] [out] [delivery_module] DBG 2026-10-04 18:59:43.393+02:00 Service lookup complete                    topics="waku service discovery" tid=6162740 service=/logos/delivery found=10
[2026-10-04 18:59:43.394] [out] [delivery_module] DBG 2026-10-04 18:59:43.394+02:00 calculateConnectionState                   tid=6162740 relayCount=6 storeClientCount=5 lightpushCount=6 filterCount=6
[2026-10-04 18:59:43.468] [out] [delivery_module] DBG 2026-10-04 18:59:43.468+02:00 Lookup query                               topics="kad-dht find" tid=6162740 peer=16U*nd1vDS
[2026-10-04 18:59:43.468] [out] [delivery_module] DBG 2026-10-04 18:59:43.468+02:00 Lookup query                               topics="kad-dht find" tid=6162740 peer=16U*oWQB23
[2026-10-04 18:59:43.469] [out] [delivery_module] DBG 2026-10-04 18:59:43.469+02:00 Kad lookup: RPC error                      topics="kad-dht find" tid=6162740 peer=16U*oWQB23 msg="dialStage: timed out dialing the peer"
[2026-10-04 18:59:43.958] [out] [delivery_module] DBG 2026-10-04 18:59:43.958+02:00 Kad lookup: RPC error                      topics="kad-dht find" tid=6162740 peer=16U*UeND2x msg="dialStage: timed out dialing the peer"
[2026-10-04 18:59:43.959] [out] [delivery_module] DBG 2026-10-04 18:59:43.958+02:00 Kad lookup: RPC error                      topics="kad-dht find" tid=6162740 peer=16U*JXZN12 msg="dialStage: timed out dialing the peer"
[2026-10-04 18:59:43.959] [out] [delivery_module] DBG 2026-10-04 18:59:43.958+02:00 Kad lookup: RPC error                      topics="kad-dht find" tid=6162740 peer=16U*VpJprH msg="dialStage: timed out dialing the peer"
[2026-10-04 18:59:43.959] [out] [delivery_module] DBG 2026-10-04 18:59:43.959+02:00 Kad lookup: RPC error                      topics="kad-dht find" tid=6162740 peer=16U*oWQB23 msg="dialStage: timed out dialing the peer"
[2026-10-04 18:59:43.960] [out] [delivery_module] DBG 2026-10-04 18:59:43.959+02:00 Lookup query                               topics="kad-dht find" tid=6162740 peer=16U*xpM86W
[2026-10-04 18:59:43.960] [out] [delivery_module] DBG 2026-10-04 18:59:43.960+02:00 Lookup query                               topics="kad-dht find" tid=6162740 peer=16U*AknWwg
[2026-10-04 18:59:43.960] [out] [delivery_module] DBG 2026-10-04 18:59:43.960+02:00 Lookup query                               topics="kad-dht find" tid=6162740 peer=16U*8rq3kg
[2026-10-04 18:59:43.960] [out] [delivery_module] DBG 2026-10-04 18:59:43.960+02:00 Lookup query                               topics="kad-dht find" tid=6162740 peer=16U*GcpKMp
[2026-10-04 18:59:43.960] [out] [delivery_module] DBG 2026-10-04 18:59:43.960+02:00 Lookup query                               topics="kad-dht find" tid=6162740 peer=16U*UMrxyT
[2026-10-04 18:59:43.960] [out] [delivery_module] DBG 2026-10-04 18:59:43.960+02:00 Lookup query                               topics="kad-dht find" tid=6162740 peer=16U*CbKVbN
[2026-10-04 18:59:43.960] [out] [delivery_module] DBG 2026-10-04 18:59:43.960+02:00 Lookup query                               topics="kad-dht find" tid=6162740 peer=16U*VpJprH
[2026-10-04 18:59:43.960] [out] [delivery_module] DBG 2026-10-04 18:59:43.960+02:00 Lookup query                               topics="kad-dht find" tid=6162740 peer=16U*oWQB23
[2026-10-04 18:59:43.971] [out] [delivery_module] DBG 2026-10-04 18:59:43.971+02:00 Dialing failed                             topics="libp2p dialer" tid=6162740 description="quic dial timed out after 3s" peerId=16U*JXZN12 address=/ip4/172.20.10.14/udp/62834/quic-v1 hostname=172.20.10.14
[2026-10-04 18:59:43.971] [out] [delivery_module] DBG 2026-10-04 18:59:43.971+02:00 Expanded address and hostname              topics="libp2p dialer" tid=6162740 expandedAddress=/ip4/172.20.10.14/tcp/49738 hostname=172.20.10.14 resolvedAddresses="[/ip4/172.20.10.14/tcp/49738]"
[2026-10-04 18:59:43.972] [out] [delivery_module] DBG 2026-10-04 18:59:43.972+02:00 Dialing failed                             topics="libp2p dialer" tid=6162740 description="TcpTransport dial error: (61) Connection refused" peerId=16U*JXZN12 address=/ip4/172.20.10.14/tcp/49738 hostname=172.20.10.14
[2026-10-04 18:59:43.972] [out] [delivery_module] DBG 2026-10-04 18:59:43.972+02:00 Error dialing                              topics="libp2p dialer" tid=6162740 conn=nil peerId=16U*JXZN12 protos="[/logos/service-discovery/1.0.0]" addrs="[/ip4/172.20.10.14/udp/62834/quic-v1, /ip4/172.20.10.14/tcp/49738]" description="Unable to establish outgoing link in establishConnection: peer_id=16U*JXZN12 addrs=@[/ip4/172.20.10.14/udp/62834/quic-v1, /ip4/172.20.10.14/tcp/49738]"
[2026-10-04 18:59:43.973] [out] [delivery_module] DBG 2026-10-04 18:59:43.973+02:00 Dialing peer                               topics="libp2p dialer" tid=6162740 peerId=16U*JXZN12 addrs="[/ip4/172.20.10.14/udp/62834/quic-v1, /ip4/172.20.10.14/tcp/49738]"
[2026-10-04 18:59:43.973] [out] [delivery_module] DBG 2026-10-04 18:59:43.973+02:00 Expanded address and hostname              topics="libp2p dialer" tid=6162740 expandedAddress=/ip4/172.20.10.14/udp/62834/quic-v1 hostname=172.20.10.14 resolvedAddresses="[/ip4/172.20.10.14/udp/62834/quic-v1]"
[2026-10-04 18:59:43.973] [out] [delivery_module] DBG 2026-10-04 18:59:43.973+02:00 New connection established: client         tid=6162740
[2026-10-04 18:59:44.987] [out] [delivery_module] DBG 2026-10-04 18:59:44.986+02:00 Dialing failed                             topics="libp2p dialer" tid=6162740 description="quic dial timed out after 3s" peerId=16U*33uyAY address=/ip4/172.20.10.14/udp/52840/quic-v1 hostname=172.20.10.14
[2026-10-04 18:59:44.987] [out] [delivery_module] DBG 2026-10-04 18:59:44.987+02:00 Expanded address and hostname              topics="libp2p dialer" tid=6162740 expandedAddress=/ip4/172.20.10.14/tcp/51591 hostname=172.20.10.14 resolvedAddresses="[/ip4/172.20.10.14/tcp/51591]"
[2026-10-04 18:59:44.988] [out] [delivery_module] DBG 2026-10-04 18:59:44.988+02:00 Dialing failed                             topics="libp2p dialer" tid=6162740 description="TcpTransport dial error: (61) Connection refused" peerId=16U*33uyAY address=/ip4/172.20.10.14/tcp/51591 hostname=172.20.10.14
[2026-10-04 18:59:44.989] [out] [delivery_module] DBG 2026-10-04 18:59:44.989+02:00 Error dialing                              topics="libp2p dialer" tid=6162740 conn=nil peerId=16U*33uyAY protos="[/logos/service-discovery/1.0.0]" addrs="[/ip4/172.20.10.14/udp/52840/quic-v1, /ip4/172.20.10.14/tcp/51591]" description="Unable to establish outgoing link in establishConnection: peer_id=16U*33uyAY addrs=@[/ip4/172.20.10.14/udp/52840/quic-v1, /ip4/172.20.10.14/tcp/51591]"
[2026-10-04 18:59:44.989] [out] [delivery_module] DBG 2026-10-04 18:59:44.989+02:00 Dialing peer                               topics="libp2p dialer" tid=6162740 peerId=16U*33uyAY addrs="[/ip4/172.20.10.14/udp/52840/quic-v1, /ip4/172.20.10.14/tcp/51591]"
[2026-10-04 18:59:44.989] [out] [delivery_module] DBG 2026-10-04 18:59:44.989+02:00 Expanded address and hostname              topics="libp2p dialer" tid=6162740 expandedAddress=/ip4/172.20.10.14/udp/52840/quic-v1 hostname=172.20.10.14 resolvedAddresses="[/ip4/172.20.10.14/udp/52840/quic-v1]"
[2026-10-04 18:59:44.989] [out] [delivery_module] DBG 2026-10-04 18:59:44.989+02:00 New connection established: client         tid=6162740
[2026-10-04 18:59:45.780] [out] [delivery_module] DBG 2026-10-04 18:59:45.780+02:00 Dialing failed                             topics="libp2p dialer" tid=6162740 description="quic dial timed out after 3s" peerId=16U*AknWwg address=/ip4/172.20.10.14/udp/57016/quic-v1 hostname=172.20.10.14
[2026-10-04 18:59:45.781] [out] [delivery_module] DBG 2026-10-04 18:59:45.780+02:00 Dialing failed                             topics="libp2p dialer" tid=6162740 description="quic dial timed out after 3s" peerId=16U*GcpKMp address=/ip4/172.20.10.14/udp/58226/quic-v1 hostname=172.20.10.14
[2026-10-04 18:59:45.781] [out] [delivery_module] DBG 2026-10-04 18:59:45.780+02:00 Expanded address and hostname              topics="libp2p dialer" tid=6162740 expandedAddress=/ip4/172.20.10.14/tcp/55373 hostname=172.20.10.14 resolvedAddresses="[/ip4/172.20.10.14/tcp/55373]"
[2026-10-04 18:59:45.781] [out] [delivery_module] DBG 2026-10-04 18:59:45.781+02:00 Expanded address and hostname              topics="libp2p dialer" tid=6162740 expandedAddress=/ip4/172.20.10.14/tcp/56648 hostname=172.20.10.14 resolvedAddresses="[/ip4/172.20.10.14/tcp/56648]"
[2026-10-04 18:59:45.781] [out] [delivery_module] DBG 2026-10-04 18:59:45.781+02:00 Dialing failed                             topics="libp2p dialer" tid=6162740 description="TcpTransport dial error: (61) Connection refused" peerId=16U*AknWwg address=/ip4/172.20.10.14/tcp/55373 hostname=172.20.10.14
[2026-10-04 18:59:45.781] [out] [delivery_module] DBG 2026-10-04 18:59:45.781+02:00 Dialing failed                             topics="libp2p dialer" tid=6162740 description="TcpTransport dial error: (61) Connection refused" peerId=16U*GcpKMp address=/ip4/172.20.10.14/tcp/56648 hostname=172.20.10.14
[2026-10-04 18:59:45.781] [out] [delivery_module] DBG 2026-10-04 18:59:45.781+02:00 Error dialing                              topics="libp2p dialer" tid=6162740 conn=nil peerId=16U*AknWwg protos="[/logos/service-discovery/1.0.0]" addrs="[/ip4/172.20.10.14/udp/57016/quic-v1, /ip4/172.20.10.14/tcp/55373]" description="Unable to establish outgoing link in establishConnection: peer_id=16U*AknWwg addrs=@[/ip4/172.20.10.14/udp/57016/quic-v1, /ip4/172.20.10.14/tcp/55373]"
[2026-10-04 18:59:45.781] [out] [delivery_module] DBG 2026-10-04 18:59:45.781+02:00 Error dialing                              topics="libp2p dialer" tid=6162740 conn=nil peerId=16U*GcpKMp protos="[/logos/service-discovery/1.0.0]" addrs="[/ip4/172.20.10.14/udp/58226/quic-v1, /ip4/172.20.10.14/tcp/56648]" description="Unable to establish outgoing link in establishConnection: peer_id=16U*GcpKMp addrs=@[/ip4/172.20.10.14/udp/58226/quic-v1, /ip4/172.20.10.14/tcp/56648]"
[2026-10-04 18:59:45.781] [out] [delivery_module] DBG 2026-10-04 18:59:45.781+02:00 Dialing peer                               topics="libp2p dialer" tid=6162740 peerId=16U*GcpKMp addrs="[/ip4/172.20.10.14/udp/58226/quic-v1, /ip4/172.20.10.14/tcp/56648]"
[2026-10-04 18:59:45.781] [out] [delivery_module] DBG 2026-10-04 18:59:45.781+02:00 Expanded address and hostname              topics="libp2p dialer" tid=6162740 expandedAddress=/ip4/172.20.10.14/udp/58226/quic-v1 hostname=172.20.10.14 resolvedAddresses="[/ip4/172.20.10.14/udp/58226/quic-v1]"
[2026-10-04 18:59:45.781] [out] [delivery_module] DBG 2026-10-04 18:59:45.781+02:00 New connection established: client         tid=6162740
[2026-10-04 18:59:45.781] [out] [delivery_module] DBG 2026-10-04 18:59:45.781+02:00 Dialing peer                               topics="libp2p dialer" tid=6162740 peerId=16U*AknWwg addrs="[/ip4/172.20.10.14/udp/57016/quic-v1, /ip4/172.20.10.14/tcp/55373]"
[2026-10-04 18:59:45.781] [out] [delivery_module] DBG 2026-10-04 18:59:45.781+02:00 Expanded address and hostname              topics="libp2p dialer" tid=6162740 expandedAddress=/ip4/172.20.10.14/udp/57016/quic-v1 hostname=172.20.10.14 resolvedAddresses="[/ip4/172.20.10.14/udp/57016/quic-v1]"
[2026-10-04 18:59:45.782] [out] [delivery_module] DBG 2026-10-04 18:59:45.782+02:00 New connection established: client         tid=6162740
[2026-10-04 18:59:45.974] [out] [delivery_module] DBG 2026-10-04 18:59:45.973+02:00 Dialing failed                             topics="libp2p dialer" tid=6162740 description="quic dial timed out after 3s" peerId=16U*xpM86W address=/ip4/172.20.10.14/udp/60461/quic-v1 hostname=172.20.10.14
[2026-10-04 18:59:45.974] [out] [delivery_module] DBG 2026-10-04 18:59:45.973+02:00 Dialing failed                             topics="libp2p dialer" tid=6162740 description="quic dial timed out after 3s" peerId=16U*8rq3kg address=/ip4/172.20.10.14/udp/49629/quic-v1 hostname=172.20.10.14
[2026-10-04 18:59:45.974] [out] [delivery_module] DBG 2026-10-04 18:59:45.974+02:00 Expanded address and hostname              topics="libp2p dialer" tid=6162740 expandedAddress=/ip4/172.20.10.14/tcp/54478 hostname=172.20.10.14 resolvedAddresses="[/ip4/172.20.10.14/tcp/54478]"
[2026-10-04 18:59:45.974] [out] [delivery_module] DBG 2026-10-04 18:59:45.974+02:00 Expanded address and hostname              topics="libp2p dialer" tid=6162740 expandedAddress=/ip4/172.20.10.14/tcp/50996 hostname=172.20.10.14 resolvedAddresses="[/ip4/172.20.10.14/tcp/50996]"
[2026-10-04 18:59:45.974] [out] [delivery_module] DBG 2026-10-04 18:59:45.974+02:00 Dialing failed                             topics="libp2p dialer" tid=6162740 description="TcpTransport dial error: (61) Connection refused" peerId=16U*xpM86W address=/ip4/172.20.10.14/tcp/54478 hostname=172.20.10.14
[2026-10-04 18:59:45.974] [out] [delivery_module] DBG 2026-10-04 18:59:45.974+02:00 Dialing failed                             topics="libp2p dialer" tid=6162740 description="TcpTransport dial error: (61) Connection refused" peerId=16U*8rq3kg address=/ip4/172.20.10.14/tcp/50996 hostname=172.20.10.14
[2026-10-04 18:59:45.974] [out] [delivery_module] DBG 2026-10-04 18:59:45.974+02:00 Dialing failed                             topics="libp2p dialer" tid=6162740 description="quic dial timed out after 3s" peerId=16U*UMrxyT address=/ip4/172.20.10.14/udp/59518/quic-v1 hostname=172.20.10.14
[2026-10-04 18:59:45.974] [out] [delivery_module] DBG 2026-10-04 18:59:45.974+02:00 Error dialing                              topics="libp2p dialer" tid=6162740 conn=nil peerId=16U*xpM86W protos="[/logos/service-discovery/1.0.0]" addrs="[/ip4/172.20.10.14/udp/60461/quic-v1, /ip4/172.20.10.14/tcp/54478]" description="Unable to establish outgoing link in establishConnection: peer_id=16U*xpM86W addrs=@[/ip4/172.20.10.14/udp/60461/quic-v1, /ip4/172.20.10.14/tcp/54478]"
[2026-10-04 18:59:45.974] [out] [delivery_module] DBG 2026-10-04 18:59:45.974+02:00 Expanded address and hostname              topics="libp2p dialer" tid=6162740 expandedAddress=/ip4/172.20.10.14/tcp/53863 hostname=172.20.10.14 resolvedAddresses="[/ip4/172.20.10.14/tcp/53863]"
[2026-10-04 18:59:45.974] [out] [delivery_module] DBG 2026-10-04 18:59:45.974+02:00 Error dialing                              topics="libp2p dialer" tid=6162740 conn=nil peerId=16U*8rq3kg protos="[/logos/service-discovery/1.0.0]" addrs="[/ip4/172.20.10.14/udp/49629/quic-v1, /ip4/172.20.10.14/tcp/50996]" description="Unable to establish outgoing link in establishConnection: peer_id=16U*8rq3kg addrs=@[/ip4/172.20.10.14/udp/49629/quic-v1, /ip4/172.20.10.14/tcp/50996]"
[2026-10-04 18:59:45.975] [out] [delivery_module] DBG 2026-10-04 18:59:45.975+02:00 Dialing failed                             topics="libp2p dialer" tid=6162740 description="TcpTransport dial error: (61) Connection refused" peerId=16U*UMrxyT address=/ip4/172.20.10.14/tcp/53863 hostname=172.20.10.14
[2026-10-04 18:59:45.975] [out] [delivery_module] DBG 2026-10-04 18:59:45.975+02:00 Dialing peer                               topics="libp2p dialer" tid=6162740 peerId=16U*xpM86W addrs="[/ip4/172.20.10.14/udp/60461/quic-v1, /ip4/172.20.10.14/tcp/54478]"
[2026-10-04 18:59:45.975] [out] [delivery_module] DBG 2026-10-04 18:59:45.975+02:00 Expanded address and hostname              topics="libp2p dialer" tid=6162740 expandedAddress=/ip4/172.20.10.14/udp/60461/quic-v1 hostname=172.20.10.14 resolvedAddresses="[/ip4/172.20.10.14/udp/60461/quic-v1]"
[2026-10-04 18:59:45.975] [out] [delivery_module] DBG 2026-10-04 18:59:45.975+02:00 New connection established: client         tid=6162740
[2026-10-04 18:59:45.975] [out] [delivery_module] DBG 2026-10-04 18:59:45.975+02:00 Dialing failed                             topics="libp2p dialer" tid=6162740 description="quic dial timed out after 3s" peerId=16U*CbKVbN address=/ip4/172.20.10.14/udp/55956/quic-v1 hostname=172.20.10.14
[2026-10-04 18:59:45.975] [out] [delivery_module] DBG 2026-10-04 18:59:45.975+02:00 Dialing peer                               topics="libp2p dialer" tid=6162740 peerId=16U*8rq3kg addrs="[/ip4/172.20.10.14/udp/49629/quic-v1, /ip4/172.20.10.14/tcp/50996]"
[2026-10-04 18:59:45.975] [out] [delivery_module] DBG 2026-10-04 18:59:45.975+02:00 Expanded address and hostname              topics="libp2p dialer" tid=6162740 expandedAddress=/ip4/172.20.10.14/udp/49629/quic-v1 hostname=172.20.10.14 resolvedAddresses="[/ip4/172.20.10.14/udp/49629/quic-v1]"
[2026-10-04 18:59:45.975] [out] [delivery_module] DBG 2026-10-04 18:59:45.975+02:00 New connection established: client         tid=6162740
[2026-10-04 18:59:45.975] [out] [delivery_module] DBG 2026-10-04 18:59:45.975+02:00 Expanded address and hostname              topics="libp2p dialer" tid=6162740 expandedAddress=/ip4/172.20.10.14/tcp/51685 hostname=172.20.10.14 resolvedAddresses="[/ip4/172.20.10.14/tcp/51685]"
[2026-10-04 18:59:45.975] [out] [delivery_module] DBG 2026-10-04 18:59:45.975+02:00 Error dialing                              topics="libp2p dialer" tid=6162740 conn=nil peerId=16U*UMrxyT protos="[/logos/service-discovery/1.0.0]" addrs="[/ip4/172.20.10.14/udp/59518/quic-v1, /ip4/172.20.10.14/tcp/53863]" description="Unable to establish outgoing link in establishConnection: peer_id=16U*UMrxyT addrs=@[/ip4/172.20.10.14/udp/59518/quic-v1, /ip4/172.20.10.14/tcp/53863]"
[2026-10-04 18:59:45.976] [out] [delivery_module] DBG 2026-10-04 18:59:45.976+02:00 Dialing peer                               topics="libp2p dialer" tid=6162740 peerId=16U*UMrxyT addrs="[/ip4/172.20.10.14/udp/59518/quic-v1, /ip4/172.20.10.14/tcp/53863]"
[2026-10-04 18:59:45.976] [out] [delivery_module] DBG 2026-10-04 18:59:45.976+02:00 Expanded address and hostname              topics="libp2p dialer" tid=6162740 expandedAddress=/ip4/172.20.10.14/udp/59518/quic-v1 hostname=172.20.10.14 resolvedAddresses="[/ip4/172.20.10.14/udp/59518/quic-v1]"
[2026-10-04 18:59:45.976] [out] [delivery_module] DBG 2026-10-04 18:59:45.976+02:00 New connection established: client         tid=6162740
[2026-10-04 18:59:45.976] [out] [delivery_module] DBG 2026-10-04 18:59:45.976+02:00 Dialing failed                             topics="libp2p dialer" tid=6162740 description="TcpTransport dial error: (61) Connection refused" peerId=16U*CbKVbN address=/ip4/172.20.10.14/tcp/51685 hostname=172.20.10.14
[2026-10-04 18:59:45.976] [out] [delivery_module] DBG 2026-10-04 18:59:45.976+02:00 Error dialing                              topics="libp2p dialer" tid=6162740 conn=nil peerId=16U*CbKVbN protos="[/logos/service-discovery/1.0.0]" addrs="[/ip4/172.20.10.14/udp/55956/quic-v1, /ip4/172.20.10.14/tcp/51685]" description="Unable to establish outgoing link in establishConnection: peer_id=16U*CbKVbN addrs=@[/ip4/172.20.10.14/udp/55956/quic-v1, /ip4/172.20.10.14/tcp/51685]"
[2026-10-04 18:59:45.977] [out] [delivery_module] DBG 2026-10-04 18:59:45.977+02:00 Dialing peer                               topics="libp2p dialer" tid=6162740 peerId=16U*CbKVbN addrs="[/ip4/172.20.10.14/udp/55956/quic-v1, /ip4/172.20.10.14/tcp/51685]"
[2026-10-04 18:59:45.977] [out] [delivery_module] DBG 2026-10-04 18:59:45.977+02:00 Expanded address and hostname              topics="libp2p dialer" tid=6162740 expandedAddress=/ip4/172.20.10.14/udp/55956/quic-v1 hostname=172.20.10.14 resolvedAddresses="[/ip4/172.20.10.14/udp/55956/quic-v1]"
[2026-10-04 18:59:45.977] [out] [delivery_module] DBG 2026-10-04 18:59:45.977+02:00 New connection established: client         tid=6162740
[2026-10-04 18:59:45.987] [out] [delivery_module] DBG 2026-10-04 18:59:45.986+02:00 Dialing failed                             topics="libp2p dialer" tid=6162740 description="quic dial timed out after 3s" peerId=16U*UeND2x address=/ip4/172.20.10.14/udp/51140/quic-v1 hostname=172.20.10.14
[2026-10-04 18:59:45.987] [out] [delivery_module] DBG 2026-10-04 18:59:45.987+02:00 Expanded address and hostname              topics="libp2p dialer" tid=6162740 expandedAddress=/ip4/172.20.10.14/tcp/55656 hostname=172.20.10.14 resolvedAddresses="[/ip4/172.20.10.14/tcp/55656]"
[2026-10-04 18:59:45.987] [out] [delivery_module] DBG 2026-10-04 18:59:45.987+02:00 Dialing failed                             topics="libp2p dialer" tid=6162740 description="TcpTransport dial error: (61) Connection refused" peerId=16U*UeND2x address=/ip4/172.20.10.14/tcp/55656 hostname=172.20.10.14
[2026-10-04 18:59:45.987] [out] [delivery_module] DBG 2026-10-04 18:59:45.987+02:00 Error dialing                              topics="libp2p dialer" tid=6162740 conn=nil peerId=16U*UeND2x protos="[/logos/service-discovery/1.0.0]" addrs="[/ip4/172.20.10.14/udp/51140/quic-v1, /ip4/172.20.10.14/tcp/55656]" description="Unable to establish outgoing link in establishConnection: peer_id=16U*UeND2x addrs=@[/ip4/172.20.10.14/udp/51140/quic-v1, /ip4/172.20.10.14/tcp/55656]"
[2026-10-04 18:59:45.987] [out] [delivery_module] DBG 2026-10-04 18:59:45.987+02:00 Dialing peer                               topics="libp2p dialer" tid=6162740 peerId=16U*UeND2x addrs="[/ip4/172.20.10.14/udp/51140/quic-v1, /ip4/172.20.10.14/tcp/55656]"
[2026-10-04 18:59:45.987] [out] [delivery_module] DBG 2026-10-04 18:59:45.987+02:00 Expanded address and hostname              topics="libp2p dialer" tid=6162740 expandedAddress=/ip4/172.20.10.14/udp/51140/quic-v1 hostname=172.20.10.14 resolvedAddresses="[/ip4/172.20.10.14/udp/51140/quic-v1]"
[2026-10-04 18:59:45.987] [out] [delivery_module] DBG 2026-10-04 18:59:45.987+02:00 New connection established: client         tid=6162740
[2026-10-04 18:59:46.975] [out] [delivery_module] DBG 2026-10-04 18:59:46.975+02:00 Dialing failed                             topics="libp2p dialer" tid=6162740 description="quic dial timed out after 3s" peerId=16U*JXZN12 address=/ip4/172.20.10.14/udp/62834/quic-v1 hostname=172.20.10.14
[2026-10-04 18:59:46.975] [out] [delivery_module] DBG 2026-10-04 18:59:46.975+02:00 Expanded address and hostname              topics="libp2p dialer" tid=6162740 expandedAddress=/ip4/172.20.10.14/tcp/49738 hostname=172.20.10.14 resolvedAddresses="[/ip4/172.20.10.14/tcp/49738]"
[2026-10-04 18:59:46.975] [out] [delivery_module] DBG 2026-10-04 18:59:46.975+02:00 Dialing failed                             topics="libp2p dialer" tid=6162740 description="TcpTransport dial error: (61) Connection refused" peerId=16U*JXZN12 address=/ip4/172.20.10.14/tcp/49738 hostname=172.20.10.14
[2026-10-04 18:59:46.976] [out] [delivery_module] DBG 2026-10-04 18:59:46.976+02:00 Error dialing                              topics="libp2p dialer" tid=6162740 conn=nil peerId=16U*JXZN12 protos="[/logos/service-discovery/1.0.0]" addrs="[/ip4/172.20.10.14/udp/62834/quic-v1, /ip4/172.20.10.14/tcp/49738]" description="Unable to establish outgoing link in establishConnection: peer_id=16U*JXZN12 addrs=@[/ip4/172.20.10.14/udp/62834/quic-v1, /ip4/172.20.10.14/tcp/49738]"
[2026-10-04 18:59:47.977] [out] [delivery_module] DBG 2026-10-04 18:59:47.977+02:00 Lookup query                               topics="kad-dht find" tid=6162740 peer=16U*UeND2x
[2026-10-04 18:59:47.977] [out] [delivery_module] DBG 2026-10-04 18:59:47.977+02:00 Lookup query                               topics="kad-dht find" tid=6162740 peer=16U*33uyAY
[2026-10-04 18:59:47.977] [out] [delivery_module] DBG 2026-10-04 18:59:47.977+02:00 Lookup query                               topics="kad-dht find" tid=6162740 peer=16U*VpJprH
[2026-10-04 18:59:47.977] [out] [delivery_module] DBG 2026-10-04 18:59:47.977+02:00 Kad lookup: RPC error                      topics="kad-dht find" tid=6162740 peer=16U*VpJprH msg="waitStage: timed out waiting for the peer's stream"
[2026-10-04 18:59:47.978] [out] [delivery_module] DBG 2026-10-04 18:59:47.978+02:00 Kad lookup: RPC error                      topics="kad-dht find" tid=6162740 peer=16U*VpJprH msg="dialStage: timed out dialing the peer"
[2026-10-04 18:59:47.978] [out] [delivery_module] DBG 2026-10-04 18:59:47.978+02:00 Kad lookup: RPC error                      topics="kad-dht find" tid=6162740 peer=16U*AknWwg msg="dialStage: timed out dialing the peer"
[2026-10-04 18:59:47.978] [out] [delivery_module] DBG 2026-10-04 18:59:47.978+02:00 Kad lookup: RPC error                      topics="kad-dht find" tid=6162740 peer=16U*CbKVbN msg="dialStage: timed out dialing the peer"
[2026-10-04 18:59:47.978] [out] [delivery_module] DBG 2026-10-04 18:59:47.978+02:00 Kad lookup: RPC error                      topics="kad-dht find" tid=6162740 peer=16U*UMrxyT msg="dialStage: timed out dialing the peer"
[2026-10-04 18:59:47.978] [out] [delivery_module] DBG 2026-10-04 18:59:47.978+02:00 Kad lookup: RPC error                      topics="kad-dht find" tid=6162740 peer=16U*GcpKMp msg="dialStage: timed out dialing the peer"
[2026-10-04 18:59:47.978] [out] [delivery_module] DBG 2026-10-04 18:59:47.978+02:00 Kad lookup: RPC error                      topics="kad-dht find" tid=6162740 peer=16U*xpM86W msg="dialStage: timed out dialing the peer"
[2026-10-04 18:59:47.978] [out] [delivery_module] DBG 2026-10-04 18:59:47.978+02:00 Kad lookup: RPC error                      topics="kad-dht find" tid=6162740 peer=16U*8rq3kg msg="dialStage: timed out dialing the peer"
[2026-10-04 18:59:47.978] [out] [delivery_module] DBG 2026-10-04 18:59:47.978+02:00 Kad lookup: RPC error                      topics="kad-dht find" tid=6162740 peer=16U*VpJprH msg="waitStage: timed out before dialing"
[2026-10-04 18:59:47.978] [out] [delivery_module] DBG 2026-10-04 18:59:47.978+02:00 Kad lookup: RPC error                      topics="kad-dht find" tid=6162740 peer=16U*AknWwg msg="waitStage: timed out before dialing"
[2026-10-04 18:59:47.978] [out] [delivery_module] DBG 2026-10-04 18:59:47.978+02:00 Kad lookup: RPC error                      topics="kad-dht find" tid=6162740 peer=16U*CbKVbN msg="waitStage: timed out before dialing"
[2026-10-04 18:59:47.978] [out] [delivery_module] DBG 2026-10-04 18:59:47.978+02:00 Kad lookup: RPC error                      topics="kad-dht find" tid=6162740 peer=16U*UMrxyT msg="waitStage: timed out before dialing"
[2026-10-04 18:59:47.978] [out] [delivery_module] DBG 2026-10-04 18:59:47.978+02:00 Kad lookup: RPC error                      topics="kad-dht find" tid=6162740 peer=16U*GcpKMp msg="waitStage: timed out before dialing"
[2026-10-04 18:59:47.978] [out] [delivery_module] DBG 2026-10-04 18:59:47.978+02:00 Kad lookup: RPC error                      topics="kad-dht find" tid=6162740 peer=16U*xpM86W msg="waitStage: timed out before dialing"
[2026-10-04 18:59:47.978] [out] [delivery_module] DBG 2026-10-04 18:59:47.978+02:00 Kad lookup: RPC error                      topics="kad-dht find" tid=6162740 peer=16U*8rq3kg msg="waitStage: timed out before dialing"
[2026-10-04 18:59:47.979] [out] [delivery_module] DBG 2026-10-04 18:59:47.979+02:00 Lookup query                               topics="kad-dht find" tid=6162740 peer=16U*VpJprH
[2026-10-04 18:59:47.979] [out] [delivery_module] DBG 2026-10-04 18:59:47.979+02:00 Lookup query                               topics="kad-dht find" tid=6162740 peer=16U*33uyAY
[2026-10-04 18:59:47.980] [out] [delivery_module] DBG 2026-10-04 18:59:47.980+02:00 Kad lookup: RPC error                      topics="kad-dht find" tid=6162740 peer=16U*oWQB23 msg="dialStage: timed out dialing the peer"
[2026-10-04 18:59:47.980] [out] [delivery_module] DBG 2026-10-04 18:59:47.980+02:00 Lookup query                               topics="kad-dht find" tid=6162740 peer=16U*VpJprH
[2026-10-04 18:59:47.980] [out] [delivery_module] DBG 2026-10-04 18:59:47.980+02:00 Lookup query                               topics="kad-dht find" tid=6162740 peer=16U*oWQB23
[2026-10-04 18:59:47.991] [out] [delivery_module] DBG 2026-10-04 18:59:47.991+02:00 Dialing failed                             topics="libp2p dialer" tid=6162740 description="quic dial timed out after 3s" peerId=16U*33uyAY address=/ip4/172.20.10.14/udp/52840/quic-v1 hostname=172.20.10.14
[2026-10-04 18:59:47.991] [out] [delivery_module] DBG 2026-10-04 18:59:47.991+02:00 Expanded address and hostname              topics="libp2p dialer" tid=6162740 expandedAddress=/ip4/172.20.10.14/tcp/51591 hostname=172.20.10.14 resolvedAddresses="[/ip4/172.20.10.14/tcp/51591]"
[2026-10-04 18:59:47.991] [out] [delivery_module] DBG 2026-10-04 18:59:47.991+02:00 Dialing failed                             topics="libp2p dialer" tid=6162740 description="TcpTransport dial error: (61) Connection refused" peerId=16U*33uyAY address=/ip4/172.20.10.14/tcp/51591 hostname=172.20.10.14
[2026-10-04 18:59:47.992] [out] [delivery_module] DBG 2026-10-04 18:59:47.992+02:00 Dialing peer                               topics="libp2p dialer" tid=6162740 peerId=16U*33uyAY addrs="[/ip4/172.20.10.14/udp/52840/quic-v1, /ip4/172.20.10.14/tcp/51591]"
[2026-10-04 18:59:47.992] [out] [delivery_module] DBG 2026-10-04 18:59:47.992+02:00 Expanded address and hostname              topics="libp2p dialer" tid=6162740 expandedAddress=/ip4/172.20.10.14/udp/52840/quic-v1 hostname=172.20.10.14 resolvedAddresses="[/ip4/172.20.10.14/udp/52840/quic-v1]"
[2026-10-04 18:59:47.992] [out] [delivery_module] DBG 2026-10-04 18:59:47.992+02:00 New connection established: client         tid=6162740
[2026-10-04 18:59:48.297] [out] [delivery_module] DBG 2026-10-04 18:59:48.297+02:00 Lookup query                               topics="kad-dht find" tid=6162740 peer=16U*nd1vDS
[2026-10-04 18:59:48.297] [out] [delivery_module] DBG 2026-10-04 18:59:48.297+02:00 Lookup query                               topics="kad-dht find" tid=6162740 peer=16U*UeND2x
[2026-10-04 18:59:48.298] [out] [delivery_module] DBG 2026-10-04 18:59:48.297+02:00 Lookup query                               topics="kad-dht find" tid=6162740 peer=16U*oWQB23
[2026-10-04 18:59:48.298] [out] [delivery_module] DBG 2026-10-04 18:59:48.297+02:00 Lookup query                               topics="kad-dht find" tid=6162740 peer=16U*Hv8wAS
[2026-10-04 18:59:48.298] [out] [delivery_module] DBG 2026-10-04 18:59:48.298+02:00 Kad lookup: RPC error                      topics="kad-dht find" tid=6162740 peer=16U*oWQB23 msg="waitStage: timed out before dialing"
[2026-10-04 18:59:48.299] [out] [delivery_module] DBG 2026-10-04 18:59:48.298+02:00 Kad lookup: RPC error                      topics="kad-dht find" tid=6162740 peer=16U*nd1vDS msg="dialStage: timed out dialing the peer"
[2026-10-04 18:59:48.299] [out] [delivery_module] DBG 2026-10-04 18:59:48.299+02:00 Kad lookup: RPC error                      topics="kad-dht find" tid=6162740 peer=16U*UeND2x msg="dialStage: timed out dialing the peer"
[2026-10-04 18:59:48.470] [out] [delivery_module] DBG 2026-10-04 18:59:48.470+02:00 Lookup query                               topics="kad-dht find" tid=6162740 peer=16U*nd1vDS
[2026-10-04 18:59:48.470] [out] [delivery_module] DBG 2026-10-04 18:59:48.470+02:00 Lookup query                               topics="kad-dht find" tid=6162740 peer=16U*Hv8wAS
[2026-10-04 18:59:48.470] [out] [delivery_module] DBG 2026-10-04 18:59:48.470+02:00 Lookup query                               topics="kad-dht find" tid=6162740 peer=16U*oWQB23
[2026-10-04 18:59:48.471] [out] [delivery_module] DBG 2026-10-04 18:59:48.471+02:00 Kad lookup: RPC error                      topics="kad-dht find" tid=6162740 peer=16U*oWQB23 msg="dialStage: timed out dialing the peer"
[2026-10-04 18:59:48.471] [out] [delivery_module] DBG 2026-10-04 18:59:48.471+02:00 Kad lookup: RPC error                      topics="kad-dht find" tid=6162740 peer=16U*nd1vDS msg="dialStage: timed out dialing the peer"
[2026-10-04 18:59:48.784] [out] [delivery_module] DBG 2026-10-04 18:59:48.784+02:00 Dialing failed                             topics="libp2p dialer" tid=6162740 description="quic dial timed out after 3s" peerId=16U*GcpKMp address=/ip4/172.20.10.14/udp/58226/quic-v1 hostname=172.20.10.14
[2026-10-04 18:59:48.784] [out] [delivery_module] DBG 2026-10-04 18:59:48.784+02:00 Dialing failed                             topics="libp2p dialer" tid=6162740 description="quic dial timed out after 3s" peerId=16U*AknWwg address=/ip4/172.20.10.14/udp/57016/quic-v1 hostname=172.20.10.14
[2026-10-04 18:59:48.784] [out] [delivery_module] DBG 2026-10-04 18:59:48.784+02:00 Expanded address and hostname              topics="libp2p dialer" tid=6162740 expandedAddress=/ip4/172.20.10.14/tcp/56648 hostname=172.20.10.14 resolvedAddresses="[/ip4/172.20.10.14/tcp/56648]"
[2026-10-04 18:59:48.785] [out] [delivery_module] DBG 2026-10-04 18:59:48.785+02:00 Expanded address and hostname              topics="libp2p dialer" tid=6162740 expandedAddress=/ip4/172.20.10.14/tcp/55373 hostname=172.20.10.14 resolvedAddresses="[/ip4/172.20.10.14/tcp/55373]"
[2026-10-04 18:59:48.786] [out] [delivery_module] DBG 2026-10-04 18:59:48.786+02:00 Dialing failed                             topics="libp2p dialer" tid=6162740 description="TcpTransport dial error: (61) Connection refused" peerId=16U*GcpKMp address=/ip4/172.20.10.14/tcp/56648 hostname=172.20.10.14
[2026-10-04 18:59:48.787] [out] [delivery_module] DBG 2026-10-04 18:59:48.786+02:00 Dialing failed                             topics="libp2p dialer" tid=6162740 description="TcpTransport dial error: (61) Connection refused" peerId=16U*AknWwg address=/ip4/172.20.10.14/tcp/55373 hostname=172.20.10.14
[2026-10-04 18:59:48.787] [out] [delivery_module] DBG 2026-10-04 18:59:48.787+02:00 Dialing peer                               topics="libp2p dialer" tid=6162740 peerId=16U*GcpKMp addrs="[/ip4/172.20.10.14/udp/58226/quic-v1, /ip4/172.20.10.14/tcp/56648]"
[2026-10-04 18:59:48.787] [out] [delivery_module] DBG 2026-10-04 18:59:48.787+02:00 Expanded address and hostname              topics="libp2p dialer" tid=6162740 expandedAddress=/ip4/172.20.10.14/udp/58226/quic-v1 hostname=172.20.10.14 resolvedAddresses="[/ip4/172.20.10.14/udp/58226/quic-v1]"
[2026-10-04 18:59:48.787] [out] [delivery_module] DBG 2026-10-04 18:59:48.787+02:00 New connection established: client         tid=6162740
[2026-10-04 18:59:48.788] [out] [delivery_module] DBG 2026-10-04 18:59:48.788+02:00 Error dialing                              topics="libp2p dialer" tid=6162740 conn=nil peerId=16U*AknWwg protos="[/logos/service-discovery/1.0.0]" addrs="[/ip4/172.20.10.14/udp/57016/quic-v1, /ip4/172.20.10.14/tcp/55373]" description="Unable to establish outgoing link in establishConnection: peer_id=16U*AknWwg addrs=@[/ip4/172.20.10.14/udp/57016/quic-v1, /ip4/172.20.10.14/tcp/55373]"
[2026-10-04 18:59:48.788] [out] [delivery_module] DBG 2026-10-04 18:59:48.788+02:00 Dialing peer                               topics="libp2p dialer" tid=6162740 peerId=16U*AknWwg addrs="[/ip4/172.20.10.14/udp/57016/quic-v1, /ip4/172.20.10.14/tcp/55373]"
[2026-10-04 18:59:48.789] [out] [delivery_module] DBG 2026-10-04 18:59:48.788+02:00 Expanded address and hostname              topics="libp2p dialer" tid=6162740 expandedAddress=/ip4/172.20.10.14/udp/57016/quic-v1 hostname=172.20.10.14 resolvedAddresses="[/ip4/172.20.10.14/udp/57016/quic-v1]"
[2026-10-04 18:59:48.789] [out] [delivery_module] DBG 2026-10-04 18:59:48.789+02:00 New connection established: client         tid=6162740
[2026-10-04 18:59:48.947] [out] [delivery_module] DBG 2026-10-04 18:59:48.947+02:00 Dialing failed                             topics="libp2p dialer" tid=6162740 description="Timeout exceeded!" peerId=16U*VpJprH address=/ip4/174.138.106.244/tcp/30303 hostname=delivery-02.do-ams3.logos.dev.status.im
[2026-10-04 18:59:48.949] [out] [delivery_module] DBG 2026-10-04 18:59:48.949+02:00 Error dialing                              topics="libp2p dialer" tid=6162740 conn=nil peerId=16U*VpJprH protos="[/logos/service-discovery/1.0.0]" addrs="[/dns4/delivery-02.do-ams3.logos.dev.status.im/tcp/30303]" description="Unable to establish outgoing link in establishConnection: peer_id=16U*VpJprH addrs=@[/dns4/delivery-02.do-ams3.logos.dev.status.im/tcp/30303]"
[2026-10-04 18:59:48.949] [out] [delivery_module] DBG 2026-10-04 18:59:48.949+02:00 Dialing peer                               topics="libp2p dialer" tid=6162740 peerId=16U*VpJprH addrs="[/ip4/174.138.106.244/tcp/30303, /dns4/delivery-02.do-ams3.logos.dev.status.im/tcp/30303]"
[2026-10-04 18:59:48.949] [out] [delivery_module] DBG 2026-10-04 18:59:48.949+02:00 Expanded address and hostname              topics="libp2p dialer" tid=6162740 expandedAddress=/ip4/174.138.106.244/tcp/30303 hostname=174.138.106.244 resolvedAddresses="[/ip4/174.138.106.244/tcp/30303]"
[2026-10-04 18:59:48.963] [out] [delivery_module] DBG 2026-10-04 18:59:48.963+02:00 Kad lookup: RPC error                      topics="kad-dht find" tid=6162740 peer=16U*xpM86W msg="dialStage: timed out dialing the peer"
[2026-10-04 18:59:48.963] [out] [delivery_module] DBG 2026-10-04 18:59:48.963+02:00 Kad lookup: RPC error                      topics="kad-dht find" tid=6162740 peer=16U*AknWwg msg="dialStage: timed out dialing the peer"
[2026-10-04 18:59:48.963] [out] [delivery_module] DBG 2026-10-04 18:59:48.963+02:00 Kad lookup: RPC error                      topics="kad-dht find" tid=6162740 peer=16U*8rq3kg msg="dialStage: timed out dialing the peer"
[2026-10-04 18:59:48.963] [out] [delivery_module] DBG 2026-10-04 18:59:48.963+02:00 Kad lookup: RPC error                      topics="kad-dht find" tid=6162740 peer=16U*UMrxyT msg="dialStage: timed out dialing the peer"
[2026-10-04 18:59:48.963] [out] [delivery_module] DBG 2026-10-04 18:59:48.963+02:00 Kad lookup: RPC error                      topics="kad-dht find" tid=6162740 peer=16U*GcpKMp msg="dialStage: timed out dialing the peer"
[2026-10-04 18:59:48.963] [out] [delivery_module] DBG 2026-10-04 18:59:48.963+02:00 Kad lookup: RPC error                      topics="kad-dht find" tid=6162740 peer=16U*VpJprH msg="dialStage: timed out dialing the peer"
[2026-10-04 18:59:48.963] [out] [delivery_module] DBG 2026-10-04 18:59:48.963+02:00 Kad lookup: RPC error                      topics="kad-dht find" tid=6162740 peer=16U*oWQB23 msg="dialStage: timed out dialing the peer"
[2026-10-04 18:59:48.963] [out] [delivery_module] DBG 2026-10-04 18:59:48.963+02:00 Kad lookup: RPC error                      topics="kad-dht find" tid=6162740 peer=16U*CbKVbN msg="dialStage: timed out dialing the peer"
[2026-10-04 18:59:48.964] [out] [delivery_module] DBG 2026-10-04 18:59:48.964+02:00 Lookup query                               topics="kad-dht find" tid=6162740 peer=16U*UeND2x
[2026-10-04 18:59:48.964] [out] [delivery_module] DBG 2026-10-04 18:59:48.964+02:00 Lookup query                               topics="kad-dht find" tid=6162740 peer=16U*33uyAY
[2026-10-04 18:59:48.964] [out] [delivery_module] DBG 2026-10-04 18:59:48.964+02:00 Lookup query                               topics="kad-dht find" tid=6162740 peer=16U*Hv8wAS
[2026-10-04 18:59:48.964] [out] [delivery_module] DBG 2026-10-04 18:59:48.964+02:00 Lookup query                               topics="kad-dht find" tid=6162740 peer=16U*oWQB23
[2026-10-04 18:59:48.977] [out] [delivery_module] DBG 2026-10-04 18:59:48.977+02:00 Dialing failed                             topics="libp2p dialer" tid=6162740 description="quic dial timed out after 3s" peerId=16U*xpM86W address=/ip4/172.20.10.14/udp/60461/quic-v1 hostname=172.20.10.14
[2026-10-04 18:59:48.977] [out] [delivery_module] DBG 2026-10-04 18:59:48.977+02:00 Dialing failed                             topics="libp2p dialer" tid=6162740 description="quic dial timed out after 3s" peerId=16U*8rq3kg address=/ip4/172.20.10.14/udp/49629/quic-v1 hostname=172.20.10.14
[2026-10-04 18:59:48.978] [out] [delivery_module] DBG 2026-10-04 18:59:48.977+02:00 Dialing failed                             topics="libp2p dialer" tid=6162740 description="quic dial timed out after 3s" peerId=16U*UMrxyT address=/ip4/172.20.10.14/udp/59518/quic-v1 hostname=172.20.10.14
[2026-10-04 18:59:48.978] [out] [delivery_module] DBG 2026-10-04 18:59:48.977+02:00 Expanded address and hostname              topics="libp2p dialer" tid=6162740 expandedAddress=/ip4/172.20.10.14/tcp/54478 hostname=172.20.10.14 resolvedAddresses="[/ip4/172.20.10.14/tcp/54478]"
[2026-10-04 18:59:48.979] [out] [delivery_module] DBG 2026-10-04 18:59:48.979+02:00 Expanded address and hostname              topics="libp2p dialer" tid=6162740 expandedAddress=/ip4/172.20.10.14/tcp/50996 hostname=172.20.10.14 resolvedAddresses="[/ip4/172.20.10.14/tcp/50996]"
[2026-10-04 18:59:48.979] [out] [delivery_module] DBG 2026-10-04 18:59:48.979+02:00 Expanded address and hostname              topics="libp2p dialer" tid=6162740 expandedAddress=/ip4/172.20.10.14/tcp/53863 hostname=172.20.10.14 resolvedAddresses="[/ip4/172.20.10.14/tcp/53863]"
[2026-10-04 18:59:48.980] [out] [delivery_module] DBG 2026-10-04 18:59:48.980+02:00 Dialing failed                             topics="libp2p dialer" tid=6162740 description="quic dial timed out after 3s" peerId=16U*CbKVbN address=/ip4/172.20.10.14/udp/55956/quic-v1 hostname=172.20.10.14
[2026-10-04 18:59:48.980] [out] [delivery_module] DBG 2026-10-04 18:59:48.980+02:00 Expanded address and hostname              topics="libp2p dialer" tid=6162740 expandedAddress=/ip4/172.20.10.14/tcp/51685 hostname=172.20.10.14 resolvedAddresses="[/ip4/172.20.10.14/tcp/51685]"
[2026-10-04 18:59:48.980] [out] [delivery_module] DBG 2026-10-04 18:59:48.980+02:00 Dialing failed                             topics="libp2p dialer" tid=6162740 description="TcpTransport dial error: (61) Connection refused" peerId=16U*xpM86W address=/ip4/172.20.10.14/tcp/54478 hostname=172.20.10.14
[2026-10-04 18:59:48.980] [out] [delivery_module] DBG 2026-10-04 18:59:48.980+02:00 Dialing failed                             topics="libp2p dialer" tid=6162740 description="TcpTransport dial error: (61) Connection refused" peerId=16U*8rq3kg address=/ip4/172.20.10.14/tcp/50996 hostname=172.20.10.14
[2026-10-04 18:59:48.980] [out] [delivery_module] DBG 2026-10-04 18:59:48.980+02:00 Dialing failed                             topics="libp2p dialer" tid=6162740 description="TcpTransport dial error: (61) Connection refused" peerId=16U*UMrxyT address=/ip4/172.20.10.14/tcp/53863 hostname=172.20.10.14
[2026-10-04 18:59:48.980] [out] [delivery_module] DBG 2026-10-04 18:59:48.980+02:00 Error dialing                              topics="libp2p dialer" tid=6162740 conn=nil peerId=16U*xpM86W protos="[/logos/service-discovery/1.0.0]" addrs="[/ip4/172.20.10.14/udp/60461/quic-v1, /ip4/172.20.10.14/tcp/54478]" description="Unable to establish outgoing link in establishConnection: peer_id=16U*xpM86W addrs=@[/ip4/172.20.10.14/udp/60461/quic-v1, /ip4/172.20.10.14/tcp/54478]"
[2026-10-04 18:59:48.980] [out] [delivery_module] DBG 2026-10-04 18:59:48.980+02:00 Error dialing                              topics="libp2p dialer" tid=6162740 conn=nil peerId=16U*8rq3kg protos="[/logos/service-discovery/1.0.0]" addrs="[/ip4/172.20.10.14/udp/49629/quic-v1, /ip4/172.20.10.14/tcp/50996]" description="Unable to establish outgoing link in establishConnection: peer_id=16U*8rq3kg addrs=@[/ip4/172.20.10.14/udp/49629/quic-v1, /ip4/172.20.10.14/tcp/50996]"
[2026-10-04 18:59:48.980] [out] [delivery_module] DBG 2026-10-04 18:59:48.980+02:00 Dialing failed                             topics="libp2p dialer" tid=6162740 description="TcpTransport dial error: (61) Connection refused" peerId=16U*CbKVbN address=/ip4/172.20.10.14/tcp/51685 hostname=172.20.10.14
[2026-10-04 18:59:48.980] [out] [delivery_module] DBG 2026-10-04 18:59:48.980+02:00 Dialing peer                               topics="libp2p dialer" tid=6162740 peerId=16U*xpM86W addrs="[/ip4/172.20.10.14/udp/60461/quic-v1, /ip4/172.20.10.14/tcp/54478]"
[2026-10-04 18:59:48.980] [out] [delivery_module] DBG 2026-10-04 18:59:48.980+02:00 Expanded address and hostname              topics="libp2p dialer" tid=6162740 expandedAddress=/ip4/172.20.10.14/udp/60461/quic-v1 hostname=172.20.10.14 resolvedAddresses="[/ip4/172.20.10.14/udp/60461/quic-v1]"
[2026-10-04 18:59:48.981] [out] [delivery_module] DBG 2026-10-04 18:59:48.981+02:00 New connection established: client         tid=6162740
[2026-10-04 18:59:48.981] [out] [delivery_module] DBG 2026-10-04 18:59:48.981+02:00 Dialing peer                               topics="libp2p dialer" tid=6162740 peerId=16U*8rq3kg addrs="[/ip4/172.20.10.14/udp/49629/quic-v1, /ip4/172.20.10.14/tcp/50996]"
[2026-10-04 18:59:48.981] [out] [delivery_module] DBG 2026-10-04 18:59:48.981+02:00 Expanded address and hostname              topics="libp2p dialer" tid=6162740 expandedAddress=/ip4/172.20.10.14/udp/49629/quic-v1 hostname=172.20.10.14 resolvedAddresses="[/ip4/172.20.10.14/udp/49629/quic-v1]"
[2026-10-04 18:59:48.981] [out] [delivery_module] DBG 2026-10-04 18:59:48.981+02:00 New connection established: client         tid=6162740
[2026-10-04 18:59:48.981] [out] [delivery_module] DBG 2026-10-04 18:59:48.981+02:00 Error dialing                              topics="libp2p dialer" tid=6162740 conn=nil peerId=16U*UMrxyT protos="[/logos/service-discovery/1.0.0]" addrs="[/ip4/172.20.10.14/udp/59518/quic-v1, /ip4/172.20.10.14/tcp/53863]" description="Unable to establish outgoing link in establishConnection: peer_id=16U*UMrxyT addrs=@[/ip4/172.20.10.14/udp/59518/quic-v1, /ip4/172.20.10.14/tcp/53863]"
[2026-10-04 18:59:48.981] [out] [delivery_module] DBG 2026-10-04 18:59:48.981+02:00 Dialing peer                               topics="libp2p dialer" tid=6162740 peerId=16U*UMrxyT addrs="[/ip4/172.20.10.14/udp/59518/quic-v1, /ip4/172.20.10.14/tcp/53863]"
[2026-10-04 18:59:48.981] [out] [delivery_module] DBG 2026-10-04 18:59:48.981+02:00 Expanded address and hostname              topics="libp2p dialer" tid=6162740 expandedAddress=/ip4/172.20.10.14/udp/59518/quic-v1 hostname=172.20.10.14 resolvedAddresses="[/ip4/172.20.10.14/udp/59518/quic-v1]"
[2026-10-04 18:59:48.981] [out] [delivery_module] DBG 2026-10-04 18:59:48.981+02:00 New connection established: client         tid=6162740
[2026-10-04 18:59:48.982] [out] [delivery_module] DBG 2026-10-04 18:59:48.982+02:00 Error dialing                              topics="libp2p dialer" tid=6162740 conn=nil peerId=16U*CbKVbN protos="[/logos/service-discovery/1.0.0]" addrs="[/ip4/172.20.10.14/udp/55956/quic-v1, /ip4/172.20.10.14/tcp/51685]" description="Unable to establish outgoing link in establishConnection: peer_id=16U*CbKVbN addrs=@[/ip4/172.20.10.14/udp/55956/quic-v1, /ip4/172.20.10.14/tcp/51685]"
[2026-10-04 18:59:48.982] [out] [delivery_module] DBG 2026-10-04 18:59:48.982+02:00 Dialing peer                               topics="libp2p dialer" tid=6162740 peerId=16U*CbKVbN addrs="[/ip4/172.20.10.14/udp/55956/quic-v1, /ip4/172.20.10.14/tcp/51685]"
[2026-10-04 18:59:48.982] [out] [delivery_module] DBG 2026-10-04 18:59:48.982+02:00 Expanded address and hostname              topics="libp2p dialer" tid=6162740 expandedAddress=/ip4/172.20.10.14/udp/55956/quic-v1 hostname=172.20.10.14 resolvedAddresses="[/ip4/172.20.10.14/udp/55956/quic-v1]"
[2026-10-04 18:59:48.982] [out] [delivery_module] DBG 2026-10-04 18:59:48.982+02:00 New connection established: client         tid=6162740
[2026-10-04 18:59:48.988] [out] [delivery_module] DBG 2026-10-04 18:59:48.988+02:00 Dialing failed                             topics="libp2p dialer" tid=6162740 description="quic dial timed out after 3s" peerId=16U*UeND2x address=/ip4/172.20.10.14/udp/51140/quic-v1 hostname=172.20.10.14
[2026-10-04 18:59:48.988] [out] [delivery_module] DBG 2026-10-04 18:59:48.988+02:00 Expanded address and hostname              topics="libp2p dialer" tid=6162740 expandedAddress=/ip4/172.20.10.14/tcp/55656 hostname=172.20.10.14 resolvedAddresses="[/ip4/172.20.10.14/tcp/55656]"
[2026-10-04 18:59:48.988] [out] [delivery_module] DBG 2026-10-04 18:59:48.988+02:00 Dialing failed                             topics="libp2p dialer" tid=6162740 description="TcpTransport dial error: (61) Connection refused" peerId=16U*UeND2x address=/ip4/172.20.10.14/tcp/55656 hostname=172.20.10.14
[2026-10-04 18:59:48.989] [out] [delivery_module] DBG 2026-10-04 18:59:48.989+02:00 Error dialing                              topics="libp2p dialer" tid=6162740 conn=nil peerId=16U*UeND2x protos="[/logos/service-discovery/1.0.0]" addrs="[/ip4/172.20.10.14/udp/51140/quic-v1, /ip4/172.20.10.14/tcp/55656]" description="Unable to establish outgoing link in establishConnection: peer_id=16U*UeND2x addrs=@[/ip4/172.20.10.14/udp/51140/quic-v1, /ip4/172.20.10.14/tcp/55656]"
[2026-10-04 18:59:48.989] [out] [delivery_module] DBG 2026-10-04 18:59:48.989+02:00 Dialing peer                               topics="libp2p dialer" tid=6162740 peerId=16U*UeND2x addrs="[/ip4/172.20.10.14/udp/51140/quic-v1, /ip4/172.20.10.14/tcp/55656]"
[2026-10-04 18:59:48.989] [out] [delivery_module] DBG 2026-10-04 18:59:48.989+02:00 Expanded address and hostname              topics="libp2p dialer" tid=6162740 expandedAddress=/ip4/172.20.10.14/udp/51140/quic-v1 hostname=172.20.10.14 resolvedAddresses="[/ip4/172.20.10.14/udp/51140/quic-v1]"
[2026-10-04 18:59:48.989] [out] [delivery_module] DBG 2026-10-04 18:59:48.989+02:00 New connection established: client         tid=6162740
[2026-10-04 18:59:49.640] [out] [delivery_module] DBG 2026-10-04 18:59:49.640+02:00 Dialing failed                             topics="libp2p dialer" tid=6162740 description="Timeout exceeded!" peerId=16U*kpeu1j address=/ip4/109.41.112.89/tcp/38400 hostname=109.41.112.89
[2026-10-04 18:59:49.640] [out] [delivery_module] DBG 2026-10-04 18:59:49.640+02:00 Out of time for the remaining addresses    topics="libp2p dialer" tid=6162740 peerId=16U*kpeu1j addrs="[/ip4/172.20.10.14/udp/62169/quic-v1, /ip4/109.41.112.89/tcp/38400, /ip4/172.20.10.14/tcp/53509, /ip4/109.41.112.89/tcp/36893, /ip4/109.41.112.89/tcp/46914, /ip4/109.41.112.89/tcp/36967, /ip4/109.41.112.89/tcp/43115]"
[2026-10-04 18:59:49.640] [out] [delivery_module] DBG 2026-10-04 18:59:49.640+02:00 Error dialing                              topics="libp2p dialer" tid=6162740 conn=nil peerId=16U*kpeu1j protos="[/logos/service-discovery/1.0.0]" addrs="[/ip4/172.20.10.14/udp/62169/quic-v1, /ip4/109.41.112.89/tcp/38400, /ip4/172.20.10.14/tcp/53509, /ip4/109.41.112.89/tcp/36893, /ip4/109.41.112.89/tcp/46914, /ip4/109.41.112.89/tcp/36967, /ip4/109.41.112.89/tcp/43115]" description="Unable to establish outgoing link in establishConnection: peer_id=16U*kpeu1j addrs=@[/ip4/172.20.10.14/udp/62169/quic-v1, /ip4/109.41.112.89/tcp/38400, /ip4/172.20.10.14/tcp/53509, /ip4/109.41.112.89/tcp/36893, /ip4/109.41.112.89/tcp/46914, /ip4/109.41.112.89/tcp/36967, /ip4/109.41.112.89/tcp/43115]"
[2026-10-04 18:59:49.640] [out] [delivery_module] DBG 2026-10-04 18:59:49.640+02:00 Dialing peer                               topics="libp2p dialer" tid=6162740 peerId=16U*kpeu1j addrs="[/ip4/172.20.10.14/udp/62169/quic-v1, /ip4/109.41.112.89/tcp/38400, /ip4/172.20.10.14/tcp/53509, /ip4/109.41.112.89/tcp/36893, /ip4/109.41.112.89/tcp/46914, /ip4/109.41.112.89/tcp/36967, /ip4/109.41.112.89/tcp/43115]"
[2026-10-04 18:59:49.641] [out] [delivery_module] DBG 2026-10-04 18:59:49.641+02:00 Expanded address and hostname              topics="libp2p dialer" tid=6162740 expandedAddress=/ip4/172.20.10.14/udp/62169/quic-v1 hostname=172.20.10.14 resolvedAddresses="[/ip4/172.20.10.14/udp/62169/quic-v1]"
[2026-10-04 18:59:49.641] [out] [delivery_module] DBG 2026-10-04 18:59:49.641+02:00 New connection established: client         tid=6162740
[2026-10-04 18:59:49.642] [out] [delivery_module] DBG 2026-10-04 18:59:49.642+02:00 Dialing failed                             topics="libp2p dialer" tid=6162740 description="Timeout exceeded!" peerId=16U*t5HAoy address=/ip4/109.41.112.89/tcp/45860 hostname=109.41.112.89
[2026-10-04 18:59:49.642] [out] [delivery_module] DBG 2026-10-04 18:59:49.642+02:00 Out of time for the remaining addresses    topics="libp2p dialer" tid=6162740 peerId=16U*t5HAoy addrs="[/ip4/172.20.10.14/udp/55704/quic-v1, /ip4/109.41.112.89/tcp/45860, /ip4/109.41.112.89/tcp/44569, /ip4/109.41.112.89/tcp/45681, /ip4/172.20.10.14/tcp/52140, /ip4/109.41.112.89/tcp/45850, /ip4/109.41.112.89/tcp/35166]"
[2026-10-04 18:59:49.642] [out] [delivery_module] DBG 2026-10-04 18:59:49.642+02:00 Error dialing                              topics="libp2p dialer" tid=6162740 conn=nil peerId=16U*t5HAoy protos="[/logos/service-discovery/1.0.0]" addrs="[/ip4/172.20.10.14/udp/55704/quic-v1, /ip4/109.41.112.89/tcp/45860, /ip4/109.41.112.89/tcp/44569, /ip4/109.41.112.89/tcp/45681, /ip4/172.20.10.14/tcp/52140, /ip4/109.41.112.89/tcp/45850, /ip4/109.41.112.89/tcp/35166]" description="Unable to establish outgoing link in establishConnection: peer_id=16U*t5HAoy addrs=@[/ip4/172.20.10.14/udp/55704/quic-v1, /ip4/109.41.112.89/tcp/45860, /ip4/109.41.112.89/tcp/44569, /ip4/109.41.112.89/tcp/45681, /ip4/172.20.10.14/tcp/52140, /ip4/109.41.112.89/tcp/45850, /ip4/109.41.112.89/tcp/35166]"
[2026-10-04 18:59:49.642] [out] [delivery_module] DBG 2026-10-04 18:59:49.642+02:00 Dialing peer                               topics="libp2p dialer" tid=6162740 peerId=16U*t5HAoy addrs="[/ip4/172.20.10.14/udp/55704/quic-v1, /ip4/109.41.112.89/tcp/45860, /ip4/109.41.112.89/tcp/44569, /ip4/109.41.112.89/tcp/45681, /ip4/172.20.10.14/tcp/52140, /ip4/109.41.112.89/tcp/45850, /ip4/109.41.112.89/tcp/35166]"
[2026-10-04 18:59:49.642] [out] [delivery_module] DBG 2026-10-04 18:59:49.642+02:00 Expanded address and hostname              topics="libp2p dialer" tid=6162740 expandedAddress=/ip4/172.20.10.14/udp/55704/quic-v1 hostname=172.20.10.14 resolvedAddresses="[/ip4/172.20.10.14/udp/55704/quic-v1]"
[2026-10-04 18:59:49.642] [out] [delivery_module] DBG 2026-10-04 18:59:49.642+02:00 New connection established: client         tid=6162740
[2026-10-04 18:59:49.651] [out] [delivery_module] DBG 2026-10-04 18:59:49.651+02:00 Dialing failed                             topics="libp2p dialer" tid=6162740 description="Timeout exceeded!" peerId=16U*Hv8wAS address=/ip4/109.41.112.89/tcp/40797 hostname=109.41.112.89
[2026-10-04 18:59:49.651] [out] [delivery_module] DBG 2026-10-04 18:59:49.651+02:00 Dialing failed                             topics="libp2p dialer" tid=6162740 description="Timeout exceeded!" peerId=16U*2pfeoX address=/ip4/192.168.68.53/tcp/27431 hostname=192.168.68.53
[2026-10-04 18:59:49.651] [out] [delivery_module] DBG 2026-10-04 18:59:49.651+02:00 Out of time for the remaining addresses    topics="libp2p dialer" tid=6162740 peerId=16U*Hv8wAS addrs="[/ip4/172.20.10.14/udp/59448/quic-v1, /ip4/172.20.10.14/tcp/53510, /ip4/109.41.112.89/tcp/40797, /ip4/109.41.112.89/tcp/35334, /ip4/109.41.112.89/tcp/42823, /ip4/109.41.112.89/tcp/35864, /ip4/109.41.112.89/tcp/34888]"
[2026-10-04 18:59:49.651] [out] [delivery_module] DBG 2026-10-04 18:59:49.651+02:00 Error dialing                              topics="libp2p dialer" tid=6162740 conn=nil peerId=16U*Hv8wAS protos="[/logos/service-discovery/1.0.0]" addrs="[/ip4/172.20.10.14/udp/59448/quic-v1, /ip4/172.20.10.14/tcp/53510, /ip4/109.41.112.89/tcp/40797, /ip4/109.41.112.89/tcp/35334, /ip4/109.41.112.89/tcp/42823, /ip4/109.41.112.89/tcp/35864, /ip4/109.41.112.89/tcp/34888]" description="Unable to establish outgoing link in establishConnection: peer_id=16U*Hv8wAS addrs=@[/ip4/172.20.10.14/udp/59448/quic-v1, /ip4/172.20.10.14/tcp/53510, /ip4/109.41.112.89/tcp/40797, /ip4/109.41.112.89/tcp/35334, /ip4/109.41.112.89/tcp/42823, /ip4/109.41.112.89/tcp/35864, /ip4/109.41.112.89/tcp/34888]"
[2026-10-04 18:59:49.651] [out] [delivery_module] DBG 2026-10-04 18:59:49.651+02:00 Error dialing                              topics="libp2p dialer" tid=6162740 conn=nil peerId=16U*2pfeoX protos="[/logos/service-discovery/1.0.0]" addrs="[/ip4/192.168.68.53/udp/16011/quic-v1, /ip4/192.168.68.53/tcp/27431]" description="Unable to establish outgoing link in establishConnection: peer_id=16U*2pfeoX addrs=@[/ip4/192.168.68.53/udp/16011/quic-v1, /ip4/192.168.68.53/tcp/27431]"
[2026-10-04 18:59:49.652] [out] [delivery_module] DBG 2026-10-04 18:59:49.652+02:00 Dialing peer                               topics="libp2p dialer" tid=6162740 peerId=16U*Hv8wAS addrs="[/ip4/172.20.10.14/udp/59448/quic-v1, /ip4/172.20.10.14/tcp/53510, /ip4/109.41.112.89/tcp/40797, /ip4/109.41.112.89/tcp/35334, /ip4/109.41.112.89/tcp/42823, /ip4/109.41.112.89/tcp/35864, /ip4/109.41.112.89/tcp/34888]"
[2026-10-04 18:59:49.652] [out] [delivery_module] DBG 2026-10-04 18:59:49.652+02:00 Expanded address and hostname              topics="libp2p dialer" tid=6162740 expandedAddress=/ip4/172.20.10.14/udp/59448/quic-v1 hostname=172.20.10.14 resolvedAddresses="[/ip4/172.20.10.14/udp/59448/quic-v1]"
[2026-10-04 18:59:49.652] [out] [delivery_module] DBG 2026-10-04 18:59:49.652+02:00 New connection established: client         tid=6162740
[2026-10-04 18:59:49.652] [out] [delivery_module] DBG 2026-10-04 18:59:49.652+02:00 Dialing peer                               topics="libp2p dialer" tid=6162740 peerId=16U*2pfeoX addrs="[/ip4/192.168.68.53/udp/16011/quic-v1, /ip4/192.168.68.53/tcp/27431]"
[2026-10-04 18:59:49.652] [out] [delivery_module] DBG 2026-10-04 18:59:49.652+02:00 Expanded address and hostname              topics="libp2p dialer" tid=6162740 expandedAddress=/ip4/192.168.68.53/udp/16011/quic-v1 hostname=192.168.68.53 resolvedAddresses="[/ip4/192.168.68.53/udp/16011/quic-v1]"
[2026-10-04 18:59:49.652] [out] [delivery_module] DBG 2026-10-04 18:59:49.652+02:00 New connection established: client         tid=6162740
[2026-10-04 18:59:49.654] [out] [delivery_module] DBG 2026-10-04 18:59:49.654+02:00 Dialing failed                             topics="libp2p dialer" tid=6162740 description="Timeout exceeded!" peerId=16U*oWQB23 address=/ip4/88.160.11.28/tcp/17981 hostname=88.160.11.28
[2026-10-04 18:59:49.654] [out] [delivery_module] DBG 2026-10-04 18:59:49.654+02:00 Error dialing                              topics="libp2p dialer" tid=6162740 conn=nil peerId=16U*oWQB23 protos="[/logos/service-discovery/1.0.0]" addrs="[/ip4/88.160.11.28/udp/19925/quic-v1, /ip4/88.160.11.28/tcp/17981]" description="Unable to establish outgoing link in establishConnection: peer_id=16U*oWQB23 addrs=@[/ip4/88.160.11.28/udp/19925/quic-v1, /ip4/88.160.11.28/tcp/17981]"
[2026-10-04 18:59:49.654] [out] [delivery_module] DBG 2026-10-04 18:59:49.654+02:00 Dialing peer                               topics="libp2p dialer" tid=6162740 peerId=16U*oWQB23 addrs="[/ip4/88.160.11.28/udp/19925/quic-v1, /ip4/88.160.11.28/tcp/17981]"
[2026-10-04 18:59:49.654] [out] [delivery_module] DBG 2026-10-04 18:59:49.654+02:00 Expanded address and hostname              topics="libp2p dialer" tid=6162740 expandedAddress=/ip4/88.160.11.28/udp/19925/quic-v1 hostname=88.160.11.28 resolvedAddresses="[/ip4/88.160.11.28/udp/19925/quic-v1]"
[2026-10-04 18:59:49.654] [out] [delivery_module] DBG 2026-10-04 18:59:49.654+02:00 New connection established: client         tid=6162740
[2026-10-04 18:59:50.073] [out] [delivery_module] DBG 2026-10-04 18:59:50.073+02:00 calculateConnectionState                   tid=6162740 relayCount=6 storeClientCount=5 lightpushCount=6 filterCount=6
[2026-10-04 18:59:50.993] [out] [delivery_module] DBG 2026-10-04 18:59:50.993+02:00 Dialing failed                             topics="libp2p dialer" tid=6162740 description="quic dial timed out after 3s" peerId=16U*33uyAY address=/ip4/172.20.10.14/udp/52840/quic-v1 hostname=172.20.10.14
[2026-10-04 18:59:50.993] [out] [delivery_module] DBG 2026-10-04 18:59:50.993+02:00 Expanded address and hostname              topics="libp2p dialer" tid=6162740 expandedAddress=/ip4/172.20.10.14/tcp/51591 hostname=172.20.10.14 resolvedAddresses="[/ip4/172.20.10.14/tcp/51591]"
[2026-10-04 18:59:50.994] [out] [delivery_module] DBG 2026-10-04 18:59:50.994+02:00 Dialing failed                             topics="libp2p dialer" tid=6162740 description="TcpTransport dial error: (61) Connection refused" peerId=16U*33uyAY address=/ip4/172.20.10.14/tcp/51591 hostname=172.20.10.14
[2026-10-04 18:59:50.994] [out] [delivery_module] DBG 2026-10-04 18:59:50.994+02:00 Error dialing                              topics="libp2p dialer" tid=6162740 conn=nil peerId=16U*33uyAY protos="[/logos/service-discovery/1.0.0]" addrs="[/ip4/172.20.10.14/udp/52840/quic-v1, /ip4/172.20.10.14/tcp/51591]" description="Unable to establish outgoing link in establishConnection: peer_id=16U*33uyAY addrs=@[/ip4/172.20.10.14/udp/52840/quic-v1, /ip4/172.20.10.14/tcp/51591]"
[2026-10-04 18:59:50.994] [out] [delivery_module] DBG 2026-10-04 18:59:50.994+02:00 Dialing peer                               topics="libp2p dialer" tid=6162740 peerId=16U*33uyAY addrs="[/ip4/172.20.10.14/udp/52840/quic-v1, /ip4/172.20.10.14/tcp/51591]"
[2026-10-04 18:59:50.994] [out] [delivery_module] DBG 2026-10-04 18:59:50.994+02:00 Expanded address and hostname              topics="libp2p dialer" tid=6162740 expandedAddress=/ip4/172.20.10.14/udp/52840/quic-v1 hostname=172.20.10.14 resolvedAddresses="[/ip4/172.20.10.14/udp/52840/quic-v1]"
[2026-10-04 18:59:50.994] [out] [delivery_module] DBG 2026-10-04 18:59:50.994+02:00 New connection established: client         tid=6162740
[2026-10-04 18:59:51.790] [out] [delivery_module] DBG 2026-10-04 18:59:51.789+02:00 Dialing failed                             topics="libp2p dialer" tid=6162740 description="quic dial timed out after 3s" peerId=16U*GcpKMp address=/ip4/172.20.10.14/udp/58226/quic-v1 hostname=172.20.10.14
[2026-10-04 18:59:51.790] [out] [delivery_module] DBG 2026-10-04 18:59:51.790+02:00 Expanded address and hostname              topics="libp2p dialer" tid=6162740 expandedAddress=/ip4/172.20.10.14/tcp/56648 hostname=172.20.10.14 resolvedAddresses="[/ip4/172.20.10.14/tcp/56648]"
[2026-10-04 18:59:51.790] [out] [delivery_module] DBG 2026-10-04 18:59:51.790+02:00 Dialing failed                             topics="libp2p dialer" tid=6162740 description="quic dial timed out after 3s" peerId=16U*AknWwg address=/ip4/172.20.10.14/udp/57016/quic-v1 hostname=172.20.10.14
[2026-10-04 18:59:51.791] [out] [delivery_module] DBG 2026-10-04 18:59:51.791+02:00 Expanded address and hostname              topics="libp2p dialer" tid=6162740 expandedAddress=/ip4/172.20.10.14/tcp/55373 hostname=172.20.10.14 resolvedAddresses="[/ip4/172.20.10.14/tcp/55373]"
[2026-10-04 18:59:51.791] [out] [delivery_module] DBG 2026-10-04 18:59:51.791+02:00 Dialing failed                             topics="libp2p dialer" tid=6162740 description="TcpTransport dial error: (61) Connection refused" peerId=16U*GcpKMp address=/ip4/172.20.10.14/tcp/56648 hostname=172.20.10.14
[2026-10-04 18:59:51.792] [out] [delivery_module] DBG 2026-10-04 18:59:51.791+02:00 Dialing failed                             topics="libp2p dialer" tid=6162740 description="TcpTransport dial error: (61) Connection refused" peerId=16U*AknWwg address=/ip4/172.20.10.14/tcp/55373 hostname=172.20.10.14
[2026-10-04 18:59:51.792] [out] [delivery_module] DBG 2026-10-04 18:59:51.792+02:00 Error dialing                              topics="libp2p dialer" tid=6162740 conn=nil peerId=16U*GcpKMp protos="[/logos/service-discovery/1.0.0]" addrs="[/ip4/172.20.10.14/udp/58226/quic-v1, /ip4/172.20.10.14/tcp/56648]" description="Unable to establish outgoing link in establishConnection: peer_id=16U*GcpKMp addrs=@[/ip4/172.20.10.14/udp/58226/quic-v1, /ip4/172.20.10.14/tcp/56648]"
[2026-10-04 18:59:51.792] [out] [delivery_module] DBG 2026-10-04 18:59:51.792+02:00 Dialing peer                               topics="libp2p dialer" tid=6162740 peerId=16U*GcpKMp addrs="[/ip4/172.20.10.14/udp/58226/quic-v1, /ip4/172.20.10.14/tcp/56648]"
[2026-10-04 18:59:51.792] [out] [delivery_module] DBG 2026-10-04 18:59:51.792+02:00 Expanded address and hostname              topics="libp2p dialer" tid=6162740 expandedAddress=/ip4/172.20.10.14/udp/58226/quic-v1 hostname=172.20.10.14 resolvedAddresses="[/ip4/172.20.10.14/udp/58226/quic-v1]"
[2026-10-04 18:59:51.792] [out] [delivery_module] DBG 2026-10-04 18:59:51.792+02:00 New connection established: client         tid=6162740
[2026-10-04 18:59:51.793] [out] [delivery_module] DBG 2026-10-04 18:59:51.793+02:00 Error dialing                              topics="libp2p dialer" tid=6162740 conn=nil peerId=16U*AknWwg protos="[/logos/service-discovery/1.0.0]" addrs="[/ip4/172.20.10.14/udp/57016/quic-v1, /ip4/172.20.10.14/tcp/55373]" description="Unable to establish outgoing link in establishConnection: peer_id=16U*AknWwg addrs=@[/ip4/172.20.10.14/udp/57016/quic-v1, /ip4/172.20.10.14/tcp/55373]"
[2026-10-04 18:59:51.794] [out] [delivery_module] DBG 2026-10-04 18:59:51.794+02:00 Dialing peer                               topics="libp2p dialer" tid=6162740 peerId=16U*AknWwg addrs="[/ip4/172.20.10.14/udp/57016/quic-v1, /ip4/172.20.10.14/tcp/55373]"
[2026-10-04 18:59:51.794] [out] [delivery_module] DBG 2026-10-04 18:59:51.794+02:00 Expanded address and hostname              topics="libp2p dialer" tid=6162740 expandedAddress=/ip4/172.20.10.14/udp/57016/quic-v1 hostname=172.20.10.14 resolvedAddresses="[/ip4/172.20.10.14/udp/57016/quic-v1]"
[2026-10-04 18:59:51.794] [out] [delivery_module] DBG 2026-10-04 18:59:51.794+02:00 New connection established: client         tid=6162740
[2026-10-04 18:59:51.983] [out] [delivery_module] DBG 2026-10-04 18:59:51.983+02:00 Dialing failed                             topics="libp2p dialer" tid=6162740 description="quic dial timed out after 3s" peerId=16U*xpM86W address=/ip4/172.20.10.14/udp/60461/quic-v1 hostname=172.20.10.14
[2026-10-04 18:59:51.983] [out] [delivery_module] DBG 2026-10-04 18:59:51.983+02:00 Dialing failed                             topics="libp2p dialer" tid=6162740 description="quic dial timed out after 3s" peerId=16U*8rq3kg address=/ip4/172.20.10.14/udp/49629/quic-v1 hostname=172.20.10.14
[2026-10-04 18:59:51.983] [out] [delivery_module] DBG 2026-10-04 18:59:51.983+02:00 Dialing failed                             topics="libp2p dialer" tid=6162740 description="quic dial timed out after 3s" peerId=16U*UMrxyT address=/ip4/172.20.10.14/udp/59518/quic-v1 hostname=172.20.10.14
[2026-10-04 18:59:51.983] [out] [delivery_module] DBG 2026-10-04 18:59:51.983+02:00 Dialing failed                             topics="libp2p dialer" tid=6162740 description="quic dial timed out after 3s" peerId=16U*CbKVbN address=/ip4/172.20.10.14/udp/55956/quic-v1 hostname=172.20.10.14
[2026-10-04 18:59:51.983] [out] [delivery_module] DBG 2026-10-04 18:59:51.983+02:00 Expanded address and hostname              topics="libp2p dialer" tid=6162740 expandedAddress=/ip4/172.20.10.14/tcp/54478 hostname=172.20.10.14 resolvedAddresses="[/ip4/172.20.10.14/tcp/54478]"
[2026-10-04 18:59:51.984] [out] [delivery_module] DBG 2026-10-04 18:59:51.984+02:00 Expanded address and hostname              topics="libp2p dialer" tid=6162740 expandedAddress=/ip4/172.20.10.14/tcp/50996 hostname=172.20.10.14 resolvedAddresses="[/ip4/172.20.10.14/tcp/50996]"
[2026-10-04 18:59:51.984] [out] [delivery_module] DBG 2026-10-04 18:59:51.984+02:00 Expanded address and hostname              topics="libp2p dialer" tid=6162740 expandedAddress=/ip4/172.20.10.14/tcp/53863 hostname=172.20.10.14 resolvedAddresses="[/ip4/172.20.10.14/tcp/53863]"
[2026-10-04 18:59:51.984] [out] [delivery_module] DBG 2026-10-04 18:59:51.984+02:00 Expanded address and hostname              topics="libp2p dialer" tid=6162740 expandedAddress=/ip4/172.20.10.14/tcp/51685 hostname=172.20.10.14 resolvedAddresses="[/ip4/172.20.10.14/tcp/51685]"
[2026-10-04 18:59:51.985] [out] [delivery_module] DBG 2026-10-04 18:59:51.985+02:00 Dialing failed                             topics="libp2p dialer" tid=6162740 description="TcpTransport dial error: (61) Connection refused" peerId=16U*xpM86W address=/ip4/172.20.10.14/tcp/54478 hostname=172.20.10.14
[2026-10-04 18:59:51.985] [out] [delivery_module] DBG 2026-10-04 18:59:51.985+02:00 Dialing failed                             topics="libp2p dialer" tid=6162740 description="TcpTransport dial error: (61) Connection refused" peerId=16U*8rq3kg address=/ip4/172.20.10.14/tcp/50996 hostname=172.20.10.14
[2026-10-04 18:59:51.985] [out] [delivery_module] DBG 2026-10-04 18:59:51.985+02:00 Dialing failed                             topics="libp2p dialer" tid=6162740 description="TcpTransport dial error: (61) Connection refused" peerId=16U*UMrxyT address=/ip4/172.20.10.14/tcp/53863 hostname=172.20.10.14
[2026-10-04 18:59:51.985] [out] [delivery_module] DBG 2026-10-04 18:59:51.985+02:00 Dialing failed                             topics="libp2p dialer" tid=6162740 description="TcpTransport dial error: (61) Connection refused" peerId=16U*CbKVbN address=/ip4/172.20.10.14/tcp/51685 hostname=172.20.10.14
[2026-10-04 18:59:51.985] [out] [delivery_module] DBG 2026-10-04 18:59:51.985+02:00 Error dialing                              topics="libp2p dialer" tid=6162740 conn=nil peerId=16U*xpM86W protos="[/logos/service-discovery/1.0.0]" addrs="[/ip4/172.20.10.14/udp/60461/quic-v1, /ip4/172.20.10.14/tcp/54478]" description="Unable to establish outgoing link in establishConnection: peer_id=16U*xpM86W addrs=@[/ip4/172.20.10.14/udp/60461/quic-v1, /ip4/172.20.10.14/tcp/54478]"
[2026-10-04 18:59:51.985] [out] [delivery_module] DBG 2026-10-04 18:59:51.985+02:00 Error dialing                              topics="libp2p dialer" tid=6162740 conn=nil peerId=16U*8rq3kg protos="[/logos/service-discovery/1.0.0]" addrs="[/ip4/172.20.10.14/udp/49629/quic-v1, /ip4/172.20.10.14/tcp/50996]" description="Unable to establish outgoing link in establishConnection: peer_id=16U*8rq3kg addrs=@[/ip4/172.20.10.14/udp/49629/quic-v1, /ip4/172.20.10.14/tcp/50996]"
[2026-10-04 18:59:51.985] [out] [delivery_module] DBG 2026-10-04 18:59:51.985+02:00 Error dialing                              topics="libp2p dialer" tid=6162740 conn=nil peerId=16U*UMrxyT protos="[/logos/service-discovery/1.0.0]" addrs="[/ip4/172.20.10.14/udp/59518/quic-v1, /ip4/172.20.10.14/tcp/53863]" description="Unable to establish outgoing link in establishConnection: peer_id=16U*UMrxyT addrs=@[/ip4/172.20.10.14/udp/59518/quic-v1, /ip4/172.20.10.14/tcp/53863]"
[2026-10-04 18:59:51.985] [out] [delivery_module] DBG 2026-10-04 18:59:51.985+02:00 Error dialing                              topics="libp2p dialer" tid=6162740 conn=nil peerId=16U*CbKVbN protos="[/logos/service-discovery/1.0.0]" addrs="[/ip4/172.20.10.14/udp/55956/quic-v1, /ip4/172.20.10.14/tcp/51685]" description="Unable to establish outgoing link in establishConnection: peer_id=16U*CbKVbN addrs=@[/ip4/172.20.10.14/udp/55956/quic-v1, /ip4/172.20.10.14/tcp/51685]"
[2026-10-04 18:59:51.990] [out] [delivery_module] DBG 2026-10-04 18:59:51.990+02:00 Dialing failed                             topics="libp2p dialer" tid=6162740 description="quic dial timed out after 3s" peerId=16U*UeND2x address=/ip4/172.20.10.14/udp/51140/quic-v1 hostname=172.20.10.14
[2026-10-04 18:59:51.990] [out] [delivery_module] DBG 2026-10-04 18:59:51.990+02:00 Expanded address and hostname              topics="libp2p dialer" tid=6162740 expandedAddress=/ip4/172.20.10.14/tcp/55656 hostname=172.20.10.14 resolvedAddresses="[/ip4/172.20.10.14/tcp/55656]"
[2026-10-04 18:59:51.990] [out] [delivery_module] DBG 2026-10-04 18:59:51.990+02:00 Dialing failed                             topics="libp2p dialer" tid=6162740 description="TcpTransport dial error: (61) Connection refused" peerId=16U*UeND2x address=/ip4/172.20.10.14/tcp/55656 hostname=172.20.10.14
[2026-10-04 18:59:51.991] [out] [delivery_module] DBG 2026-10-04 18:59:51.991+02:00 Error dialing                              topics="libp2p dialer" tid=6162740 conn=nil peerId=16U*UeND2x protos="[/logos/service-discovery/1.0.0]" addrs="[/ip4/172.20.10.14/udp/51140/quic-v1, /ip4/172.20.10.14/tcp/55656]" description="Unable to establish outgoing link in establishConnection: peer_id=16U*UeND2x addrs=@[/ip4/172.20.10.14/udp/51140/quic-v1, /ip4/172.20.10.14/tcp/55656]"
[2026-10-04 18:59:51.991] [out] [delivery_module] DBG 2026-10-04 18:59:51.991+02:00 Dialing peer                               topics="libp2p dialer" tid=6162740 peerId=16U*UeND2x addrs="[/ip4/172.20.10.14/udp/51140/quic-v1, /ip4/172.20.10.14/tcp/55656]"
[2026-10-04 18:59:51.991] [out] [delivery_module] DBG 2026-10-04 18:59:51.991+02:00 Expanded address and hostname              topics="libp2p dialer" tid=6162740 expandedAddress=/ip4/172.20.10.14/udp/51140/quic-v1 hostname=172.20.10.14 resolvedAddresses="[/ip4/172.20.10.14/udp/51140/quic-v1]"
[2026-10-04 18:59:51.991] [out] [delivery_module] DBG 2026-10-04 18:59:51.991+02:00 New connection established: client         tid=6162740
[2026-10-04 18:59:52.644] [out] [delivery_module] DBG 2026-10-04 18:59:52.644+02:00 Dialing failed                             topics="libp2p dialer" tid=6162740 description="quic dial timed out after 3s" peerId=16U*kpeu1j address=/ip4/172.20.10.14/udp/62169/quic-v1 hostname=172.20.10.14
[2026-10-04 18:59:52.644] [out] [delivery_module] DBG 2026-10-04 18:59:52.644+02:00 Dialing failed                             topics="libp2p dialer" tid=6162740 description="quic dial timed out after 3s" peerId=16U*t5HAoy address=/ip4/172.20.10.14/udp/55704/quic-v1 hostname=172.20.10.14
[2026-10-04 18:59:52.644] [out] [delivery_module] DBG 2026-10-04 18:59:52.644+02:00 Expanded address and hostname              topics="libp2p dialer" tid=6162740 expandedAddress=/ip4/109.41.112.89/tcp/38400 hostname=109.41.112.89 resolvedAddresses="[/ip4/109.41.112.89/tcp/38400]"
[2026-10-04 18:59:52.645] [out] [delivery_module] DBG 2026-10-04 18:59:52.645+02:00 Expanded address and hostname              topics="libp2p dialer" tid=6162740 expandedAddress=/ip4/109.41.112.89/tcp/45860 hostname=109.41.112.89 resolvedAddresses="[/ip4/109.41.112.89/tcp/45860]"
[2026-10-04 18:59:52.654] [out] [delivery_module] DBG 2026-10-04 18:59:52.653+02:00 Dialing failed                             topics="libp2p dialer" tid=6162740 description="quic dial timed out after 3s" peerId=16U*Hv8wAS address=/ip4/172.20.10.14/udp/59448/quic-v1 hostname=172.20.10.14
[2026-10-04 18:59:52.654] [out] [delivery_module] DBG 2026-10-04 18:59:52.654+02:00 Dialing failed                             topics="libp2p dialer" tid=6162740 description="quic dial timed out after 3s" peerId=16U*2pfeoX address=/ip4/192.168.68.53/udp/16011/quic-v1 hostname=192.168.68.53
[2026-10-04 18:59:52.654] [out] [delivery_module] DBG 2026-10-04 18:59:52.654+02:00 Expanded address and hostname              topics="libp2p dialer" tid=6162740 expandedAddress=/ip4/172.20.10.14/tcp/53510 hostname=172.20.10.14 resolvedAddresses="[/ip4/172.20.10.14/tcp/53510]"
[2026-10-04 18:59:52.654] [out] [delivery_module] DBG 2026-10-04 18:59:52.654+02:00 Expanded address and hostname              topics="libp2p dialer" tid=6162740 expandedAddress=/ip4/192.168.68.53/tcp/27431 hostname=192.168.68.53 resolvedAddresses="[/ip4/192.168.68.53/tcp/27431]"
[2026-10-04 18:59:52.655] [out] [delivery_module] DBG 2026-10-04 18:59:52.655+02:00 Dialing failed                             topics="libp2p dialer" tid=6162740 description="TcpTransport dial error: (61) Connection refused" peerId=16U*Hv8wAS address=/ip4/172.20.10.14/tcp/53510 hostname=172.20.10.14
[2026-10-04 18:59:52.655] [out] [delivery_module] DBG 2026-10-04 18:59:52.655+02:00 Expanded address and hostname              topics="libp2p dialer" tid=6162740 expandedAddress=/ip4/109.41.112.89/tcp/40797 hostname=109.41.112.89 resolvedAddresses="[/ip4/109.41.112.89/tcp/40797]"
[2026-10-04 18:59:52.656] [out] [delivery_module] DBG 2026-10-04 18:59:52.655+02:00 Dialing failed                             topics="libp2p dialer" tid=6162740 description="quic dial timed out after 3s" peerId=16U*oWQB23 address=/ip4/88.160.11.28/udp/19925/quic-v1 hostname=88.160.11.28
[2026-10-04 18:59:52.656] [out] [delivery_module] DBG 2026-10-04 18:59:52.656+02:00 Expanded address and hostname              topics="libp2p dialer" tid=6162740 expandedAddress=/ip4/88.160.11.28/tcp/17981 hostname=88.160.11.28 resolvedAddresses="[/ip4/88.160.11.28/tcp/17981]"
[2026-10-04 18:59:52.962] [out] [delivery_module] DBG 2026-10-04 18:59:52.962+02:00 Finished dialing multiple peers            topics="waku node peer_manager" tid=6162740 successfulConns=0 attempted=5
[2026-10-04 18:59:52.979] [out] [delivery_module] DBG 2026-10-04 18:59:52.979+02:00 Lookup query                               topics="kad-dht find" tid=6162740 peer=16U*UeND2x
[2026-10-04 18:59:52.979] [out] [delivery_module] DBG 2026-10-04 18:59:52.979+02:00 Lookup query                               topics="kad-dht find" tid=6162740 peer=16U*VpJprH
[2026-10-04 18:59:52.980] [out] [delivery_module] DBG 2026-10-04 18:59:52.980+02:00 Kad lookup: RPC error                      topics="kad-dht find" tid=6162740 peer=16U*UeND2x msg="dialStage: timed out dialing the peer"
[2026-10-04 18:59:52.980] [out] [delivery_module] DBG 2026-10-04 18:59:52.980+02:00 Kad lookup: RPC error                      topics="kad-dht find" tid=6162740 peer=16U*VpJprH msg="dialStage: timed out dialing the peer"
[2026-10-04 18:59:52.980] [out] [delivery_module] DBG 2026-10-04 18:59:52.980+02:00 Kad lookup: RPC error                      topics="kad-dht find" tid=6162740 peer=16U*VpJprH msg="waitStage: timed out before dialing"
[2026-10-04 18:59:52.982] [out] [delivery_module] DBG 2026-10-04 18:59:52.981+02:00 Kad lookup: RPC error                      topics="kad-dht find" tid=6162740 peer=16U*VpJprH msg="dialStage: timed out dialing the peer"
[2026-10-04 18:59:52.982] [out] [delivery_module] DBG 2026-10-04 18:59:52.982+02:00 Kad lookup: RPC error                      topics="kad-dht find" tid=6162740 peer=16U*oWQB23 msg="dialStage: timed out dialing the peer"
[2026-10-04 18:59:52.982] [out] [delivery_module] DBG 2026-10-04 18:59:52.982+02:00 Lookup query                               topics="kad-dht find" tid=6162740 peer=16U*VpJprH
[2026-10-04 18:59:52.983] [out] [delivery_module] DBG 2026-10-04 18:59:52.983+02:00 Lookup query                               topics="kad-dht find" tid=6162740 peer=16U*oWQB23
[2026-10-04 18:59:53.117] [out] [delivery_module] DBG 2026-10-04 18:59:53.117+02:00 Dialing failed                             topics="libp2p dialer" tid=6162740 description="Timeout exceeded!" peerId=16U*RZcwkN address=/ip4/109.41.112.89/tcp/47952 hostname=109.41.112.89
[2026-10-04 18:59:53.118] [out] [delivery_module] DBG 2026-10-04 18:59:53.117+02:00 Out of time for the remaining addresses    topics="libp2p dialer" tid=6162740 peerId=16U*RZcwkN addrs="[/ip4/172.20.10.14/udp/49587/quic-v1, /ip4/172.20.10.14/tcp/51590, /ip4/109.41.112.89/tcp/47952, /ip4/109.41.112.89/tcp/38415]"
[2026-10-04 18:59:53.118] [out] [delivery_module] DBG 2026-10-04 18:59:53.118+02:00 Error dialing                              topics="libp2p dialer" tid=6162740 conn=nil peerId=16U*RZcwkN protos="[/logos/service-discovery/1.0.0]" addrs="[/ip4/172.20.10.14/udp/49587/quic-v1, /ip4/172.20.10.14/tcp/51590, /ip4/109.41.112.89/tcp/47952, /ip4/109.41.112.89/tcp/38415]" description="Unable to establish outgoing link in establishConnection: peer_id=16U*RZcwkN addrs=@[/ip4/172.20.10.14/udp/49587/quic-v1, /ip4/172.20.10.14/tcp/51590, /ip4/109.41.112.89/tcp/47952, /ip4/109.41.112.89/tcp/38415]"
[2026-10-04 18:59:53.119] [out] [delivery_module] DBG 2026-10-04 18:59:53.118+02:00 Dialing peer                               topics="libp2p dialer" tid=6162740 peerId=16U*RZcwkN addrs="[/ip4/172.20.10.14/udp/49587/quic-v1, /ip4/172.20.10.14/tcp/51590, /ip4/109.41.112.89/tcp/47952, /ip4/109.41.112.89/tcp/38415]"
[2026-10-04 18:59:53.119] [out] [delivery_module] DBG 2026-10-04 18:59:53.119+02:00 Expanded address and hostname              topics="libp2p dialer" tid=6162740 expandedAddress=/ip4/172.20.10.14/udp/49587/quic-v1 hostname=172.20.10.14 resolvedAddresses="[/ip4/172.20.10.14/udp/49587/quic-v1]"
[2026-10-04 18:59:53.119] [out] [delivery_module] DBG 2026-10-04 18:59:53.119+02:00 New connection established: client         tid=6162740
[2026-10-04 18:59:53.300] [out] [delivery_module] DBG 2026-10-04 18:59:53.300+02:00 Lookup query                               topics="kad-dht find" tid=6162740 peer=16U*nd1vDS
[2026-10-04 18:59:53.300] [out] [delivery_module] DBG 2026-10-04 18:59:53.300+02:00 Lookup query                               topics="kad-dht find" tid=6162740 peer=16U*UeND2x
[2026-10-04 18:59:53.300] [out] [delivery_module] DBG 2026-10-04 18:59:53.300+02:00 Lookup query                               topics="kad-dht find" tid=6162740 peer=16U*oWQB23
[2026-10-04 18:59:53.300] [out] [delivery_module] DBG 2026-10-04 18:59:53.300+02:00 Lookup query                               topics="kad-dht find" tid=6162740 peer=16U*Hv8wAS
[2026-10-04 18:59:53.301] [out] [delivery_module] DBG 2026-10-04 18:59:53.301+02:00 Kad lookup: RPC error                      topics="kad-dht find" tid=6162740 peer=16U*nd1vDS msg="dialStage: timed out dialing the peer"
[2026-10-04 18:59:53.301] [out] [delivery_module] DBG 2026-10-04 18:59:53.301+02:00 Kad lookup: RPC error                      topics="kad-dht find" tid=6162740 peer=16U*UeND2x msg="dialStage: timed out dialing the peer"
[2026-10-04 18:59:53.301] [out] [delivery_module] DBG 2026-10-04 18:59:53.301+02:00 Kad lookup: RPC error                      topics="kad-dht find" tid=6162740 peer=16U*oWQB23 msg="dialStage: timed out dialing the peer"
[2026-10-04 18:59:53.301] [out] [delivery_module] DBG 2026-10-04 18:59:53.301+02:00 Kad lookup: RPC error                      topics="kad-dht find" tid=6162740 peer=16U*Hv8wAS msg="dialStage: timed out dialing the peer"
[2026-10-04 18:59:53.474] [out] [delivery_module] DBG 2026-10-04 18:59:53.473+02:00 Lookup query                               topics="kad-dht find" tid=6162740 peer=16U*nd1vDS
[2026-10-04 18:59:53.474] [out] [delivery_module] DBG 2026-10-04 18:59:53.474+02:00 Lookup query                               topics="kad-dht find" tid=6162740 peer=16U*Hv8wAS
[2026-10-04 18:59:53.475] [out] [delivery_module] DBG 2026-10-04 18:59:53.474+02:00 Lookup query                               topics="kad-dht find" tid=6162740 peer=16U*oWQB23
[2026-10-04 18:59:53.476] [out] [delivery_module] DBG 2026-10-04 18:59:53.476+02:00 Kad lookup: RPC error                      topics="kad-dht find" tid=6162740 peer=16U*oWQB23 msg="dialStage: timed out dialing the peer"
[2026-10-04 18:59:53.476] [out] [delivery_module] DBG 2026-10-04 18:59:53.476+02:00 Kad lookup: RPC error                      topics="kad-dht find" tid=6162740 peer=16U*Hv8wAS msg="dialStage: timed out dialing the peer"
[2026-10-04 18:59:53.476] [out] [delivery_module] DBG 2026-10-04 18:59:53.476+02:00 Kad lookup: RPC error                      topics="kad-dht find" tid=6162740 peer=16U*nd1vDS msg="dialStage: timed out dialing the peer"
[2026-10-04 18:59:53.967] [out] [delivery_module] DBG 2026-10-04 18:59:53.967+02:00 Kad lookup: RPC error                      topics="kad-dht find" tid=6162740 peer=16U*UeND2x msg="dialStage: timed out dialing the peer"
[2026-10-04 18:59:53.967] [out] [delivery_module] DBG 2026-10-04 18:59:53.967+02:00 Kad lookup: RPC error                      topics="kad-dht find" tid=6162740 peer=16U*33uyAY msg="dialStage: timed out dialing the peer"
[2026-10-04 18:59:53.967] [out] [delivery_module] DBG 2026-10-04 18:59:53.967+02:00 Kad lookup: RPC error                      topics="kad-dht find" tid=6162740 peer=16U*Hv8wAS msg="dialStage: timed out dialing the peer"
[2026-10-04 18:59:53.967] [out] [delivery_module] DBG 2026-10-04 18:59:53.967+02:00 Kad lookup: RPC error                      topics="kad-dht find" tid=6162740 peer=16U*oWQB23 msg="dialStage: timed out dialing the peer"
[2026-10-04 18:59:53.968] [out] [delivery_module] DBG 2026-10-04 18:59:53.968+02:00 Lookup query                               topics="kad-dht find" tid=6162740 peer=16U*UeND2x
[2026-10-04 18:59:53.968] [out] [delivery_module] DBG 2026-10-04 18:59:53.968+02:00 Lookup query                               topics="kad-dht find" tid=6162740 peer=16U*Hv8wAS
[2026-10-04 18:59:53.968] [out] [delivery_module] DBG 2026-10-04 18:59:53.968+02:00 Lookup query                               topics="kad-dht find" tid=6162740 peer=16U*oWQB23
[2026-10-04 18:59:53.996] [out] [delivery_module] DBG 2026-10-04 18:59:53.996+02:00 Dialing failed                             topics="libp2p dialer" tid=6162740 description="quic dial timed out after 3s" peerId=16U*33uyAY address=/ip4/172.20.10.14/udp/52840/quic-v1 hostname=172.20.10.14
[2026-10-04 18:59:53.996] [out] [delivery_module] DBG 2026-10-04 18:59:53.996+02:00 Expanded address and hostname              topics="libp2p dialer" tid=6162740 expandedAddress=/ip4/172.20.10.14/tcp/51591 hostname=172.20.10.14 resolvedAddresses="[/ip4/172.20.10.14/tcp/51591]"
[2026-10-04 18:59:53.998] [out] [delivery_module] DBG 2026-10-04 18:59:53.998+02:00 Dialing failed                             topics="libp2p dialer" tid=6162740 description="TcpTransport dial error: (61) Connection refused" peerId=16U*33uyAY address=/ip4/172.20.10.14/tcp/51591 hostname=172.20.10.14
[2026-10-04 18:59:53.998] [out] [delivery_module] DBG 2026-10-04 18:59:53.998+02:00 Error dialing                              topics="libp2p dialer" tid=6162740 conn=nil peerId=16U*33uyAY protos="[/logos/service-discovery/1.0.0]" addrs="[/ip4/172.20.10.14/udp/52840/quic-v1, /ip4/172.20.10.14/tcp/51591]" description="Unable to establish outgoing link in establishConnection: peer_id=16U*33uyAY addrs=@[/ip4/172.20.10.14/udp/52840/quic-v1, /ip4/172.20.10.14/tcp/51591]"
[2026-10-04 18:59:53.998] [out] [delivery_module] DBG 2026-10-04 18:59:53.998+02:00 Dialing peer                               topics="libp2p dialer" tid=6162740 peerId=16U*33uyAY addrs="[/ip4/172.20.10.14/udp/52840/quic-v1, /ip4/172.20.10.14/tcp/51591]"
[2026-10-04 18:59:53.999] [out] [delivery_module] DBG 2026-10-04 18:59:53.999+02:00 Expanded address and hostname              topics="libp2p dialer" tid=6162740 expandedAddress=/ip4/172.20.10.14/udp/52840/quic-v1 hostname=172.20.10.14 resolvedAddresses="[/ip4/172.20.10.14/udp/52840/quic-v1]"
[2026-10-04 18:59:53.999] [out] [delivery_module] DBG 2026-10-04 18:59:53.999+02:00 New connection established: client         tid=6162740
[2026-10-04 18:59:54.795] [out] [delivery_module] DBG 2026-10-04 18:59:54.795+02:00 Dialing failed                             topics="libp2p dialer" tid=6162740 description="quic dial timed out after 3s" peerId=16U*GcpKMp address=/ip4/172.20.10.14/udp/58226/quic-v1 hostname=172.20.10.14
[2026-10-04 18:59:54.795] [out] [delivery_module] DBG 2026-10-04 18:59:54.795+02:00 Expanded address and hostname              topics="libp2p dialer" tid=6162740 expandedAddress=/ip4/172.20.10.14/tcp/56648 hostname=172.20.10.14 resolvedAddresses="[/ip4/172.20.10.14/tcp/56648]"
[2026-10-04 18:59:54.796] [out] [delivery_module] DBG 2026-10-04 18:59:54.796+02:00 Dialing failed                             topics="libp2p dialer" tid=6162740 description="quic dial timed out after 3s" peerId=16U*AknWwg address=/ip4/172.20.10.14/udp/57016/quic-v1 hostname=172.20.10.14
[2026-10-04 18:59:54.796] [out] [delivery_module] DBG 2026-10-04 18:59:54.796+02:00 Expanded address and hostname              topics="libp2p dialer" tid=6162740 expandedAddress=/ip4/172.20.10.14/tcp/55373 hostname=172.20.10.14 resolvedAddresses="[/ip4/172.20.10.14/tcp/55373]"
[2026-10-04 18:59:54.797] [out] [delivery_module] DBG 2026-10-04 18:59:54.797+02:00 Dialing failed                             topics="libp2p dialer" tid=6162740 description="TcpTransport dial error: (61) Connection refused" peerId=16U*GcpKMp address=/ip4/172.20.10.14/tcp/56648 hostname=172.20.10.14
[2026-10-04 18:59:54.797] [out] [delivery_module] DBG 2026-10-04 18:59:54.797+02:00 Error dialing                              topics="libp2p dialer" tid=6162740 conn=nil peerId=16U*GcpKMp protos="[/logos/service-discovery/1.0.0]" addrs="[/ip4/172.20.10.14/udp/58226/quic-v1, /ip4/172.20.10.14/tcp/56648]" description="Unable to establish outgoing link in establishConnection: peer_id=16U*GcpKMp addrs=@[/ip4/172.20.10.14/udp/58226/quic-v1, /ip4/172.20.10.14/tcp/56648]"
[2026-10-04 18:59:54.797] [out] [delivery_module] DBG 2026-10-04 18:59:54.797+02:00 Dialing failed                             topics="libp2p dialer" tid=6162740 description="TcpTransport dial error: (61) Connection refused" peerId=16U*AknWwg address=/ip4/172.20.10.14/tcp/55373 hostname=172.20.10.14
[2026-10-04 18:59:54.798] [out] [delivery_module] DBG 2026-10-04 18:59:54.797+02:00 Dialing peer                               topics="libp2p dialer" tid=6162740 peerId=16U*GcpKMp addrs="[/ip4/172.20.10.14/udp/58226/quic-v1, /ip4/172.20.10.14/tcp/56648]"
[2026-10-04 18:59:54.798] [out] [delivery_module] DBG 2026-10-04 18:59:54.798+02:00 Expanded address and hostname              topics="libp2p dialer" tid=6162740 expandedAddress=/ip4/172.20.10.14/udp/58226/quic-v1 hostname=172.20.10.14 resolvedAddresses="[/ip4/172.20.10.14/udp/58226/quic-v1]"
[2026-10-04 18:59:54.798] [out] [delivery_module] DBG 2026-10-04 18:59:54.798+02:00 New connection established: client         tid=6162740
[2026-10-04 18:59:54.799] [out] [delivery_module] DBG 2026-10-04 18:59:54.799+02:00 Error dialing                              topics="libp2p dialer" tid=6162740 conn=nil peerId=16U*AknWwg protos="[/logos/service-discovery/1.0.0]" addrs="[/ip4/172.20.10.14/udp/57016/quic-v1, /ip4/172.20.10.14/tcp/55373]" description="Unable to establish outgoing link in establishConnection: peer_id=16U*AknWwg addrs=@[/ip4/172.20.10.14/udp/57016/quic-v1, /ip4/172.20.10.14/tcp/55373]"
[2026-10-04 18:59:54.799] [out] [delivery_module] DBG 2026-10-04 18:59:54.799+02:00 Dialing peer                               topics="libp2p dialer" tid=6162740 peerId=16U*AknWwg addrs="[/ip4/172.20.10.14/udp/57016/quic-v1, /ip4/172.20.10.14/tcp/55373]"
[2026-10-04 18:59:54.799] [out] [delivery_module] DBG 2026-10-04 18:59:54.799+02:00 Expanded address and hostname              topics="libp2p dialer" tid=6162740 expandedAddress=/ip4/172.20.10.14/udp/57016/quic-v1 hostname=172.20.10.14 resolvedAddresses="[/ip4/172.20.10.14/udp/57016/quic-v1]"
[2026-10-04 18:59:54.799] [out] [delivery_module] DBG 2026-10-04 18:59:54.799+02:00 New connection established: client         tid=6162740
[2026-10-04 18:59:54.992] [out] [delivery_module] DBG 2026-10-04 18:59:54.992+02:00 Dialing failed                             topics="libp2p dialer" tid=6162740 description="quic dial timed out after 3s" peerId=16U*UeND2x address=/ip4/172.20.10.14/udp/51140/quic-v1 hostname=172.20.10.14
[2026-10-04 18:59:54.993] [out] [delivery_module] DBG 2026-10-04 18:59:54.993+02:00 Expanded address and hostname              topics="libp2p dialer" tid=6162740 expandedAddress=/ip4/172.20.10.14/tcp/55656 hostname=172.20.10.14 resolvedAddresses="[/ip4/172.20.10.14/tcp/55656]"
[2026-10-04 18:59:54.993] [out] [delivery_module] DBG 2026-10-04 18:59:54.993+02:00 Dialing failed                             topics="libp2p dialer" tid=6162740 description="TcpTransport dial error: (61) Connection refused" peerId=16U*UeND2x address=/ip4/172.20.10.14/tcp/55656 hostname=172.20.10.14
[2026-10-04 18:59:54.994] [out] [delivery_module] DBG 2026-10-04 18:59:54.994+02:00 Error dialing                              topics="libp2p dialer" tid=6162740 conn=nil peerId=16U*UeND2x protos="[/logos/service-discovery/1.0.0]" addrs="[/ip4/172.20.10.14/udp/51140/quic-v1, /ip4/172.20.10.14/tcp/55656]" description="Unable to establish outgoing link in establishConnection: peer_id=16U*UeND2x addrs=@[/ip4/172.20.10.14/udp/51140/quic-v1, /ip4/172.20.10.14/tcp/55656]"
[2026-10-04 18:59:54.994] [out] [delivery_module] DBG 2026-10-04 18:59:54.994+02:00 Dialing peer                               topics="libp2p dialer" tid=6162740 peerId=16U*UeND2x addrs="[/ip4/172.20.10.14/udp/51140/quic-v1, /ip4/172.20.10.14/tcp/55656]"
[2026-10-04 18:59:54.994] [out] [delivery_module] DBG 2026-10-04 18:59:54.994+02:00 Expanded address and hostname              topics="libp2p dialer" tid=6162740 expandedAddress=/ip4/172.20.10.14/udp/51140/quic-v1 hostname=172.20.10.14 resolvedAddresses="[/ip4/172.20.10.14/udp/51140/quic-v1]"
[2026-10-04 18:59:54.994] [out] [delivery_module] DBG 2026-10-04 18:59:54.994+02:00 New connection established: client         tid=6162740
[2026-10-04 18:59:56.120] [out] [delivery_module] DBG 2026-10-04 18:59:56.120+02:00 Dialing failed                             topics="libp2p dialer" tid=6162740 description="quic dial timed out after 3s" peerId=16U*RZcwkN address=/ip4/172.20.10.14/udp/49587/quic-v1 hostname=172.20.10.14
[2026-10-04 18:59:56.120] [out] [delivery_module] DBG 2026-10-04 18:59:56.120+02:00 Expanded address and hostname              topics="libp2p dialer" tid=6162740 expandedAddress=/ip4/172.20.10.14/tcp/51590 hostname=172.20.10.14 resolvedAddresses="[/ip4/172.20.10.14/tcp/51590]"
[2026-10-04 18:59:56.121] [out] [delivery_module] DBG 2026-10-04 18:59:56.121+02:00 Dialing failed                             topics="libp2p dialer" tid=6162740 description="TcpTransport dial error: (61) Connection refused" peerId=16U*RZcwkN address=/ip4/172.20.10.14/tcp/51590 hostname=172.20.10.14
[2026-10-04 18:59:56.121] [out] [delivery_module] DBG 2026-10-04 18:59:56.121+02:00 Expanded address and hostname              topics="libp2p dialer" tid=6162740 expandedAddress=/ip4/109.41.112.89/tcp/47952 hostname=109.41.112.89 resolvedAddresses="[/ip4/109.41.112.89/tcp/47952]"
[2026-10-04 18:59:57.001] [out] [delivery_module] DBG 2026-10-04 18:59:57.001+02:00 Dialing failed                             topics="libp2p dialer" tid=6162740 description="quic dial timed out after 3s" peerId=16U*33uyAY address=/ip4/172.20.10.14/udp/52840/quic-v1 hostname=172.20.10.14
[2026-10-04 18:59:57.002] [out] [delivery_module] DBG 2026-10-04 18:59:57.002+02:00 Expanded address and hostname              topics="libp2p dialer" tid=6162740 expandedAddress=/ip4/172.20.10.14/tcp/51591 hostname=172.20.10.14 resolvedAddresses="[/ip4/172.20.10.14/tcp/51591]"
[2026-10-04 18:59:57.003] [out] [delivery_module] DBG 2026-10-04 18:59:57.003+02:00 Dialing failed                             topics="libp2p dialer" tid=6162740 description="TcpTransport dial error: (61) Connection refused" peerId=16U*33uyAY address=/ip4/172.20.10.14/tcp/51591 hostname=172.20.10.14
[2026-10-04 18:59:57.003] [out] [delivery_module] DBG 2026-10-04 18:59:57.003+02:00 Error dialing                              topics="libp2p dialer" tid=6162740 conn=nil peerId=16U*33uyAY protos="[/logos/service-discovery/1.0.0]" addrs="[/ip4/172.20.10.14/udp/52840/quic-v1, /ip4/172.20.10.14/tcp/51591]" description="Unable to establish outgoing link in establishConnection: peer_id=16U*33uyAY addrs=@[/ip4/172.20.10.14/udp/52840/quic-v1, /ip4/172.20.10.14/tcp/51591]"
[2026-10-04 18:59:57.800] [out] [delivery_module] DBG 2026-10-04 18:59:57.800+02:00 Dialing failed                             topics="libp2p dialer" tid=6162740 description="quic dial timed out after 3s" peerId=16U*GcpKMp address=/ip4/172.20.10.14/udp/58226/quic-v1 hostname=172.20.10.14
[2026-10-04 18:59:57.800] [out] [delivery_module] DBG 2026-10-04 18:59:57.800+02:00 Expanded address and hostname              topics="libp2p dialer" tid=6162740 expandedAddress=/ip4/172.20.10.14/tcp/56648 hostname=172.20.10.14 resolvedAddresses="[/ip4/172.20.10.14/tcp/56648]"
[2026-10-04 18:59:57.802] [out] [delivery_module] DBG 2026-10-04 18:59:57.802+02:00 Dialing failed                             topics="libp2p dialer" tid=6162740 description="TcpTransport dial error: (61) Connection refused" peerId=16U*GcpKMp address=/ip4/172.20.10.14/tcp/56648 hostname=172.20.10.14
[2026-10-04 18:59:57.802] [out] [delivery_module] DBG 2026-10-04 18:59:57.802+02:00 Dialing failed                             topics="libp2p dialer" tid=6162740 description="quic dial timed out after 3s" peerId=16U*AknWwg address=/ip4/172.20.10.14/udp/57016/quic-v1 hostname=172.20.10.14
[2026-10-04 18:59:57.802] [out] [delivery_module] DBG 2026-10-04 18:59:57.802+02:00 Expanded address and hostname              topics="libp2p dialer" tid=6162740 expandedAddress=/ip4/172.20.10.14/tcp/55373 hostname=172.20.10.14 resolvedAddresses="[/ip4/172.20.10.14/tcp/55373]"
[2026-10-04 18:59:57.803] [out] [delivery_module] DBG 2026-10-04 18:59:57.803+02:00 Error dialing                              topics="libp2p dialer" tid=6162740 conn=nil peerId=16U*GcpKMp protos="[/logos/service-discovery/1.0.0]" addrs="[/ip4/172.20.10.14/udp/58226/quic-v1, /ip4/172.20.10.14/tcp/56648]" description="Unable to establish outgoing link in establishConnection: peer_id=16U*GcpKMp addrs=@[/ip4/172.20.10.14/udp/58226/quic-v1, /ip4/172.20.10.14/tcp/56648]"
[2026-10-04 18:59:57.803] [out] [delivery_module] DBG 2026-10-04 18:59:57.803+02:00 Dialing peer                               topics="libp2p dialer" tid=6162740 peerId=16U*GcpKMp addrs="[/ip4/172.20.10.14/udp/58226/quic-v1, /ip4/172.20.10.14/tcp/56648]"
[2026-10-04 18:59:57.804] [out] [delivery_module] DBG 2026-10-04 18:59:57.803+02:00 Expanded address and hostname              topics="libp2p dialer" tid=6162740 expandedAddress=/ip4/172.20.10.14/udp/58226/quic-v1 hostname=172.20.10.14 resolvedAddresses="[/ip4/172.20.10.14/udp/58226/quic-v1]"
[2026-10-04 18:59:57.804] [out] [delivery_module] DBG 2026-10-04 18:59:57.804+02:00 New connection established: client         tid=6162740
[2026-10-04 18:59:57.805] [out] [delivery_module] DBG 2026-10-04 18:59:57.805+02:00 Dialing failed                             topics="libp2p dialer" tid=6162740 description="TcpTransport dial error: (61) Connection refused" peerId=16U*AknWwg address=/ip4/172.20.10.14/tcp/55373 hostname=172.20.10.14
[2026-10-04 18:59:57.805] [out] [delivery_module] DBG 2026-10-04 18:59:57.805+02:00 Error dialing                              topics="libp2p dialer" tid=6162740 conn=nil peerId=16U*AknWwg protos="[/logos/service-discovery/1.0.0]" addrs="[/ip4/172.20.10.14/udp/57016/quic-v1, /ip4/172.20.10.14/tcp/55373]" description="Unable to establish outgoing link in establishConnection: peer_id=16U*AknWwg addrs=@[/ip4/172.20.10.14/udp/57016/quic-v1, /ip4/172.20.10.14/tcp/55373]"
[2026-10-04 18:59:57.981] [out] [delivery_module] DBG 2026-10-04 18:59:57.981+02:00 Lookup query                               topics="kad-dht find" tid=6162740 peer=16U*UeND2x
[2026-10-04 18:59:57.981] [out] [delivery_module] DBG 2026-10-04 18:59:57.981+02:00 Lookup query                               topics="kad-dht find" tid=6162740 peer=16U*VpJprH
[2026-10-04 18:59:57.981] [out] [delivery_module] DBG 2026-10-04 18:59:57.981+02:00 Kad lookup: RPC error                      topics="kad-dht find" tid=6162740 peer=16U*VpJprH msg="dialStage: timed out dialing the peer"
[2026-10-04 18:59:57.981] [out] [delivery_module] DBG 2026-10-04 18:59:57.981+02:00 Kad lookup: RPC error                      topics="kad-dht find" tid=6162740 peer=16U*UeND2x msg="dialStage: timed out dialing the peer"
[2026-10-04 18:59:57.984] [out] [delivery_module] DBG 2026-10-04 18:59:57.984+02:00 Lookup query                               topics="kad-dht find" tid=6162740 peer=16U*VpJprH
[2026-10-04 18:59:57.984] [out] [delivery_module] DBG 2026-10-04 18:59:57.984+02:00 Kad lookup: RPC error                      topics="kad-dht find" tid=6162740 peer=16U*VpJprH msg="dialStage: timed out dialing the peer"
[2026-10-04 18:59:57.985] [out] [delivery_module] DBG 2026-10-04 18:59:57.985+02:00 Lookup query                               topics="kad-dht find" tid=6162740 peer=16U*UeND2x
[2026-10-04 18:59:57.985] [out] [delivery_module] DBG 2026-10-04 18:59:57.985+02:00 Lookup query                               topics="kad-dht find" tid=6162740 peer=16U*Hv8wAS
[2026-10-04 18:59:57.995] [out] [delivery_module] DBG 2026-10-04 18:59:57.995+02:00 Dialing failed                             topics="libp2p dialer" tid=6162740 description="quic dial timed out after 3s" peerId=16U*UeND2x address=/ip4/172.20.10.14/udp/51140/quic-v1 hostname=172.20.10.14
[2026-10-04 18:59:57.996] [out] [delivery_module] DBG 2026-10-04 18:59:57.996+02:00 Expanded address and hostname              topics="libp2p dialer" tid=6162740 expandedAddress=/ip4/172.20.10.14/tcp/55656 hostname=172.20.10.14 resolvedAddresses="[/ip4/172.20.10.14/tcp/55656]"
[2026-10-04 18:59:57.996] [info] [logos] [delivery_module] DeliveryModuleImpl::send called with contentTopic: /lp0026forum/1/general/text
[2026-10-04 18:59:57.996] [out] [delivery_module] DBG 2026-10-04 18:59:57.996+02:00 Dialing failed                             topics="libp2p dialer" tid=6162740 description="TcpTransport dial error: (61) Connection refused" peerId=16U*UeND2x address=/ip4/172.20.10.14/tcp/55656 hostname=172.20.10.14
[2026-10-04 18:59:57.996] [out] [delivery_module] DBG 2026-10-04 18:59:57.996+02:00 SendService.send: processing delivery task topics="send service" tid=6162740 requestId=872e7c4012eae2e068f7 msgHash=0xbccc41c76475dfbf751cb15fc6b12878aa05438be9167e4617d7cca04f9bee11
[2026-10-04 18:59:57.996] [info] [logos] [delivery_module] DeliveryModuleImpl: Send initiated for topic: /lp0026forum/1/general/text, with success, requestId: 872e7c4012eae2e068f7
[2026-10-04 18:59:57.997] [out] [delivery_module] DBG 2026-10-04 18:59:57.997+02:00 Trying message delivery via Mix            topics="send service mix processor" tid=6162740 requestId=872e7c4012eae2e068f7 msgHash=0xbccc41c76475dfbf751cb15fc6b12878aa05438be9167e4617d7cca04f9bee11 tryCount=1
[2026-10-04 18:59:57.997] [out] [delivery_module] DBG 2026-10-04 18:59:57.997+02:00 Publishing message without RLN proof       tid=6162740
[2026-10-04 18:59:57.997] [out] [delivery_module] DBG 2026-10-04 18:59:57.997+02:00 Publishing message with lightpush          topics="waku node lightpush api" tid=6162740 pubsubTopic=/waku/2/rs/3/7 contentTopic=/lp0026forum/1/general/text target_peer_id=16U*NSkuby msg_hash=0xbccc41c76475dfbf751cb15fc6b12878aa05438be9167e4617d7cca04f9bee11 mixify=true
[2026-10-04 18:59:57.997] [out] [delivery_module] DBG 2026-10-04 18:59:57.997+02:00 Publish                                    topics="waku lightpush client" tid=6162740 myPeerId=16U*rnT3hk peerId= msgHash=0xbccc41c76475dfbf751cb15fc6b12878aa05438be9167e4617d7cca04f9bee11 sentTime=1791133197997586944
[2026-10-04 18:59:57.997] [out] [delivery_module] DBG 2026-10-04 18:59:57.997+02:00 Destination data                           tid=6162740 destination=MixDestination[MixNode](16Uiu2HAmTUbnxLGT9JvV6mu9oPyDjqHK4Phs1VDJNUgESgNSkuby)
[2026-10-04 18:59:57.997] [out] [delivery_module] DBG 2026-10-04 18:59:57.997+02:00 Selected mix node:                         tid=6162740 indexInPath=0 peerId=16U*GcpKMp
[2026-10-04 18:59:57.997] [out] [delivery_module] DBG 2026-10-04 18:59:57.997+02:00 Selected mix node:                         tid=6162740 indexInPath=1 peerId=16U*kGyuEP
[2026-10-04 18:59:57.997] [out] [delivery_module] DBG 2026-10-04 18:59:57.997+02:00 Selected mix node:                         tid=6162740 indexInPath=2 peerId=16U*NSkuby
[2026-10-04 18:59:57.997] [out] [delivery_module] DBG 2026-10-04 18:59:57.997+02:00 Selected mix node for surbs:               tid=6162740 indexInPath=0 peerId=16U*TwqBiH
[2026-10-04 18:59:57.998] [out] [delivery_module] DBG 2026-10-04 18:59:57.998+02:00 Selected mix node for surbs:               tid=6162740 indexInPath=1 peerId=16U*P1S397
[2026-10-04 18:59:58.001] [out] [delivery_module] DBG 2026-10-04 18:59:58.001+02:00 Error dialing                              topics="libp2p dialer" tid=6162740 conn=nil peerId=16U*UeND2x protos="[/logos/service-discovery/1.0.0]" addrs="[/ip4/172.20.10.14/udp/51140/quic-v1, /ip4/172.20.10.14/tcp/55656]" description="Unable to establish outgoing link in establishConnection: peer_id=16U*UeND2x addrs=@[/ip4/172.20.10.14/udp/51140/quic-v1, /ip4/172.20.10.14/tcp/55656]"
[2026-10-04 18:59:58.001] [out] [delivery_module] DBG 2026-10-04 18:59:58.001+02:00 Dialing peer                               topics="libp2p dialer" tid=6162740 peerId=16U*UeND2x addrs="[/ip4/172.20.10.14/udp/51140/quic-v1, /ip4/172.20.10.14/tcp/55656]"
[2026-10-04 18:59:58.001] [out] [delivery_module] DBG 2026-10-04 18:59:58.001+02:00 Expanded address and hostname              topics="libp2p dialer" tid=6162740 expandedAddress=/ip4/172.20.10.14/udp/51140/quic-v1 hostname=172.20.10.14 resolvedAddresses="[/ip4/172.20.10.14/udp/51140/quic-v1]"
[2026-10-04 18:59:58.001] [out] [delivery_module] DBG 2026-10-04 18:59:58.001+02:00 New connection established: client         tid=6162740
[2026-10-04 18:59:58.301] [out] [delivery_module] DBG 2026-10-04 18:59:58.301+02:00 Lookup query                               topics="kad-dht find" tid=6162740 peer=16U*nd1vDS
[2026-10-04 18:59:58.301] [out] [delivery_module] DBG 2026-10-04 18:59:58.301+02:00 Lookup query                               topics="kad-dht find" tid=6162740 peer=16U*t5HAoy
[2026-10-04 18:59:58.301] [out] [delivery_module] DBG 2026-10-04 18:59:58.301+02:00 Lookup query                               topics="kad-dht find" tid=6162740 peer=16U*UeND2x
[2026-10-04 18:59:58.301] [out] [delivery_module] DBG 2026-10-04 18:59:58.301+02:00 Lookup query                               topics="kad-dht find" tid=6162740 peer=16U*RZcwkN
[2026-10-04 18:59:58.301] [out] [delivery_module] DBG 2026-10-04 18:59:58.301+02:00 Lookup query                               topics="kad-dht find" tid=6162740 peer=16U*kpeu1j
[2026-10-04 18:59:58.301] [out] [delivery_module] DBG 2026-10-04 18:59:58.301+02:00 Lookup query                               topics="kad-dht find" tid=6162740 peer=16U*oWQB23
[2026-10-04 18:59:58.301] [out] [delivery_module] DBG 2026-10-04 18:59:58.301+02:00 Lookup query                               topics="kad-dht find" tid=6162740 peer=16U*Hv8wAS
[2026-10-04 18:59:58.301] [out] [delivery_module] DBG 2026-10-04 18:59:58.301+02:00 Kad lookup: RPC error                      topics="kad-dht find" tid=6162740 peer=16U*UeND2x msg="dialStage: timed out dialing the peer"
[2026-10-04 18:59:58.301] [out] [delivery_module] DBG 2026-10-04 18:59:58.301+02:00 Kad lookup: RPC error                      topics="kad-dht find" tid=6162740 peer=16U*oWQB23 msg="dialStage: timed out dialing the peer"
[2026-10-04 18:59:58.301] [out] [delivery_module] DBG 2026-10-04 18:59:58.301+02:00 Kad lookup: RPC error                      topics="kad-dht find" tid=6162740 peer=16U*nd1vDS msg="dialStage: timed out dialing the peer"
[2026-10-04 18:59:58.301] [out] [delivery_module] DBG 2026-10-04 18:59:58.301+02:00 Kad lookup: RPC error                      topics="kad-dht find" tid=6162740 peer=16U*Hv8wAS msg="dialStage: timed out dialing the peer"
[2026-10-04 18:59:58.476] [out] [delivery_module] DBG 2026-10-04 18:59:58.476+02:00 Lookup query                               topics="kad-dht find" tid=6162740 peer=16U*kpeu1j
[2026-10-04 18:59:58.476] [out] [delivery_module] DBG 2026-10-04 18:59:58.476+02:00 Lookup query                               topics="kad-dht find" tid=6162740 peer=16U*t5HAoy
[2026-10-04 18:59:58.476] [out] [delivery_module] DBG 2026-10-04 18:59:58.476+02:00 Lookup query                               topics="kad-dht find" tid=6162740 peer=16U*RZcwkN
[2026-10-04 18:59:58.476] [out] [delivery_module] DBG 2026-10-04 18:59:58.476+02:00 Lookup query                               topics="kad-dht find" tid=6162740 peer=16U*nd1vDS
[2026-10-04 18:59:58.476] [out] [delivery_module] DBG 2026-10-04 18:59:58.476+02:00 Lookup query                               topics="kad-dht find" tid=6162740 peer=16U*Hv8wAS
[2026-10-04 18:59:58.476] [out] [delivery_module] DBG 2026-10-04 18:59:58.476+02:00 Lookup query                               topics="kad-dht find" tid=6162740 peer=16U*oWQB23
[2026-10-04 18:59:58.476] [out] [delivery_module] DBG 2026-10-04 18:59:58.476+02:00 Kad lookup: RPC error                      topics="kad-dht find" tid=6162740 peer=16U*nd1vDS msg="dialStage: timed out dialing the peer"
[2026-10-04 18:59:58.476] [out] [delivery_module] DBG 2026-10-04 18:59:58.476+02:00 Kad lookup: RPC error                      topics="kad-dht find" tid=6162740 peer=16U*Hv8wAS msg="dialStage: timed out dialing the peer"
[2026-10-04 18:59:58.476] [out] [delivery_module] DBG 2026-10-04 18:59:58.476+02:00 Kad lookup: RPC error                      topics="kad-dht find" tid=6162740 peer=16U*oWQB23 msg="dialStage: timed out dialing the peer"
[2026-10-04 18:59:58.971] [out] [delivery_module] DBG 2026-10-04 18:59:58.971+02:00 Kad lookup: RPC error                      topics="kad-dht find" tid=6162740 peer=16U*UeND2x msg="dialStage: timed out dialing the peer"
[2026-10-04 18:59:58.972] [out] [delivery_module] DBG 2026-10-04 18:59:58.971+02:00 Kad lookup: RPC error                      topics="kad-dht find" tid=6162740 peer=16U*oWQB23 msg="dialStage: timed out dialing the peer"
[2026-10-04 18:59:58.972] [out] [delivery_module] DBG 2026-10-04 18:59:58.971+02:00 Kad lookup: RPC error                      topics="kad-dht find" tid=6162740 peer=16U*Hv8wAS msg="dialStage: timed out dialing the peer"
[2026-10-04 18:59:58.972] [out] [delivery_module] DBG 2026-10-04 18:59:58.972+02:00 Lookup query                               topics="kad-dht find" tid=6162740 peer=16U*kpeu1j
[2026-10-04 18:59:58.972] [out] [delivery_module] DBG 2026-10-04 18:59:58.972+02:00 Lookup query                               topics="kad-dht find" tid=6162740 peer=16U*t5HAoy
[2026-10-04 18:59:58.972] [out] [delivery_module] DBG 2026-10-04 18:59:58.972+02:00 Lookup query                               topics="kad-dht find" tid=6162740 peer=16U*UeND2x
[2026-10-04 18:59:58.972] [out] [delivery_module] DBG 2026-10-04 18:59:58.972+02:00 Lookup query                               topics="kad-dht find" tid=6162740 peer=16U*RZcwkN
[2026-10-04 18:59:58.972] [out] [delivery_module] DBG 2026-10-04 18:59:58.972+02:00 Lookup query                               topics="kad-dht find" tid=6162740 peer=16U*Hv8wAS
[2026-10-04 18:59:59.965] [out] [delivery_module] DBG 2026-10-04 18:59:59.965+02:00 Dialing multiple peers                     topics="waku node peer_manager" tid=6162740 numOfPeers=1 nodes=@[16Uiu2HAm2bjkiKGPjsa8b61DVaX8yRgEu6TAnt5wdJDj94nd1vDS]
[2026-10-04 19:00:00.806] [out] [delivery_module] DBG 2026-10-04 19:00:00.806+02:00 Dialing failed                             topics="libp2p dialer" tid=6162740 description="quic dial timed out after 3s" peerId=16U*GcpKMp address=/ip4/172.20.10.14/udp/58226/quic-v1 hostname=172.20.10.14
[2026-10-04 19:00:00.806] [out] [delivery_module] DBG 2026-10-04 19:00:00.806+02:00 Expanded address and hostname              topics="libp2p dialer" tid=6162740 expandedAddress=/ip4/172.20.10.14/tcp/56648 hostname=172.20.10.14 resolvedAddresses="[/ip4/172.20.10.14/tcp/56648]"
[2026-10-04 19:00:00.806] [out] [delivery_module] DBG 2026-10-04 19:00:00.806+02:00 Dialing failed                             topics="libp2p dialer" tid=6162740 description="TcpTransport dial error: (61) Connection refused" peerId=16U*GcpKMp address=/ip4/172.20.10.14/tcp/56648 hostname=172.20.10.14
[2026-10-04 19:00:00.806] [out] [delivery_module] DBG 2026-10-04 19:00:00.806+02:00 Error dialing                              topics="libp2p dialer" tid=6162740 conn=nil peerId=16U*GcpKMp protos="[/logos/service-discovery/1.0.0]" addrs="[/ip4/172.20.10.14/udp/58226/quic-v1, /ip4/172.20.10.14/tcp/56648]" description="Unable to establish outgoing link in establishConnection: peer_id=16U*GcpKMp addrs=@[/ip4/172.20.10.14/udp/58226/quic-v1, /ip4/172.20.10.14/tcp/56648]"
[2026-10-04 19:00:00.806] [out] [delivery_module] DBG 2026-10-04 19:00:00.806+02:00 Dialing peer                               topics="libp2p dialer" tid=6162740 peerId=16U*GcpKMp addrs="[/ip4/172.20.10.14/tcp/56648]"
[2026-10-04 19:00:00.806] [out] [delivery_module] DBG 2026-10-04 19:00:00.806+02:00 Expanded address and hostname              topics="libp2p dialer" tid=6162740 expandedAddress=/ip4/172.20.10.14/tcp/56648 hostname=172.20.10.14 resolvedAddresses="[/ip4/172.20.10.14/tcp/56648]"
[2026-10-04 19:00:00.807] [out] [delivery_module] DBG 2026-10-04 19:00:00.807+02:00 Dialing failed                             topics="libp2p dialer" tid=6162740 description="TcpTransport dial error: (61) Connection refused" peerId=16U*GcpKMp address=/ip4/172.20.10.14/tcp/56648 hostname=172.20.10.14
[2026-10-04 19:00:00.807] [out] [delivery_module] DBG 2026-10-04 19:00:00.807+02:00 Error dialing                              topics="libp2p dialer" tid=6162740 conn=nil peerId=16U*GcpKMp protos="[/mix/1.0.0]" addrs="[/ip4/172.20.10.14/tcp/56648]" description="Unable to establish outgoing link in establishConnection: peer_id=16U*GcpKMp addrs=@[/ip4/172.20.10.14/tcp/56648]"
[2026-10-04 19:00:01.003] [out] [delivery_module] DBG 2026-10-04 19:00:01.003+02:00 Dialing failed                             topics="libp2p dialer" tid=6162740 description="quic dial timed out after 3s" peerId=16U*UeND2x address=/ip4/172.20.10.14/udp/51140/quic-v1 hostname=172.20.10.14
[2026-10-04 19:00:01.003] [out] [delivery_module] DBG 2026-10-04 19:00:01.003+02:00 Expanded address and hostname              topics="libp2p dialer" tid=6162740 expandedAddress=/ip4/172.20.10.14/tcp/55656 hostname=172.20.10.14 resolvedAddresses="[/ip4/172.20.10.14/tcp/55656]"
[2026-10-04 19:00:01.003] [out] [delivery_module] DBG 2026-10-04 19:00:01.003+02:00 Dialing failed                             topics="libp2p dialer" tid=6162740 description="TcpTransport dial error: (61) Connection refused" peerId=16U*UeND2x address=/ip4/172.20.10.14/tcp/55656 hostname=172.20.10.14
[2026-10-04 19:00:01.003] [out] [delivery_module] DBG 2026-10-04 19:00:01.003+02:00 Error dialing                              topics="libp2p dialer" tid=6162740 conn=nil peerId=16U*UeND2x protos="[/logos/service-discovery/1.0.0]" addrs="[/ip4/172.20.10.14/udp/51140/quic-v1, /ip4/172.20.10.14/tcp/55656]" description="Unable to establish outgoing link in establishConnection: peer_id=16U*UeND2x addrs=@[/ip4/172.20.10.14/udp/51140/quic-v1, /ip4/172.20.10.14/tcp/55656]"
[2026-10-04 19:00:01.003] [out] [delivery_module] DBG 2026-10-04 19:00:01.003+02:00 Dialing peer                               topics="libp2p dialer" tid=6162740 peerId=16U*UeND2x addrs="[/ip4/172.20.10.14/udp/51140/quic-v1, /ip4/172.20.10.14/tcp/55656]"
[2026-10-04 19:00:01.004] [out] [delivery_module] DBG 2026-10-04 19:00:01.003+02:00 Expanded address and hostname              topics="libp2p dialer" tid=6162740 expandedAddress=/ip4/172.20.10.14/udp/51140/quic-v1 hostname=172.20.10.14 resolvedAddresses="[/ip4/172.20.10.14/udp/51140/quic-v1]"
[2026-10-04 19:00:01.004] [out] [delivery_module] DBG 2026-10-04 19:00:01.004+02:00 New connection established: client         tid=6162740
[2026-10-04 19:00:02.983] [out] [delivery_module] DBG 2026-10-04 19:00:02.983+02:00 Kad lookup: RPC error                      topics="kad-dht find" tid=6162740 peer=16U*VpJprH msg="dialStage: timed out dialing the peer"
[2026-10-04 19:00:02.983] [out] [delivery_module] DBG 2026-10-04 19:00:02.983+02:00 Kad lookup: RPC error                      topics="kad-dht find" tid=6162740 peer=16U*UeND2x msg="dialStage: timed out dialing the peer"
[2026-10-04 19:00:02.983] [out] [delivery_module] DBG 2026-10-04 19:00:02.983+02:00 Lookup query                               topics="kad-dht find" tid=6162740 peer=16U*UeND2x
[2026-10-04 19:00:02.983] [out] [delivery_module] DBG 2026-10-04 19:00:02.983+02:00 Lookup query                               topics="kad-dht find" tid=6162740 peer=16U*JXZN12
[2026-10-04 19:00:02.984] [out] [delivery_module] DBG 2026-10-04 19:00:02.984+02:00 Dialing peer                               topics="libp2p dialer" tid=6162740 peerId=16U*JXZN12 addrs="[/ip4/172.20.10.14/udp/62834/quic-v1, /ip4/172.20.10.14/tcp/49738]"
[2026-10-04 19:00:02.984] [out] [delivery_module] DBG 2026-10-04 19:00:02.984+02:00 Expanded address and hostname              topics="libp2p dialer" tid=6162740 expandedAddress=/ip4/172.20.10.14/udp/62834/quic-v1 hostname=172.20.10.14 resolvedAddresses="[/ip4/172.20.10.14/udp/62834/quic-v1]"
[2026-10-04 19:00:02.984] [out] [delivery_module] DBG 2026-10-04 19:00:02.984+02:00 New connection established: client         tid=6162740
[2026-10-04 19:00:02.985] [out] [delivery_module] DBG 2026-10-04 19:00:02.985+02:00 Kad lookup: RPC error                      topics="kad-dht find" tid=6162740 peer=16U*VpJprH msg="dialStage: timed out dialing the peer"
[2026-10-04 19:00:02.985] [out] [delivery_module] DBG 2026-10-04 19:00:02.985+02:00 Lookup query                               topics="kad-dht find" tid=6162740 peer=16U*JXZN12
[2026-10-04 19:00:02.987] [out] [delivery_module] DBG 2026-10-04 19:00:02.987+02:00 Lookup query                               topics="kad-dht find" tid=6162740 peer=16U*UeND2x
[2026-10-04 19:00:02.987] [out] [delivery_module] DBG 2026-10-04 19:00:02.987+02:00 Lookup query                               topics="kad-dht find" tid=6162740 peer=16U*Hv8wAS
[2026-10-04 19:00:02.987] [out] [delivery_module] DBG 2026-10-04 19:00:02.987+02:00 Kad lookup: RPC error                      topics="kad-dht find" tid=6162740 peer=16U*Hv8wAS msg="dialStage: timed out dialing the peer"
[2026-10-04 19:00:02.987] [out] [delivery_module] DBG 2026-10-04 19:00:02.987+02:00 Kad lookup: RPC error                      topics="kad-dht find" tid=6162740 peer=16U*UeND2x msg="dialStage: timed out dialing the peer"
[2026-10-04 19:00:03.001] [out] [delivery_module] DBG 2026-10-04 19:00:03.001+02:00 Mix lightpush timed out                    topics="waku node lightpush api" tid=6162740 pubsubTopic=/waku/2/rs/3/7 timeout=5s
[2026-10-04 19:00:03.001] [out] [delivery_module] DBG 2026-10-04 19:00:03.001+02:00 MixSendProcessor.sendImpl failed           topics="send service mix processor" tid=6162740 error="Waku lightpush over mix timed out"
[2026-10-04 19:00:03.159] [out] [delivery_module] DBG 2026-10-04 19:00:03.159+02:00 Dialing failed                             topics="libp2p dialer" tid=6162740 description="Timeout exceeded!" peerId=16U*nd1vDS address=/ip4/109.41.112.89/tcp/44402 hostname=109.41.112.89
[2026-10-04 19:00:03.159] [out] [delivery_module] DBG 2026-10-04 19:00:03.159+02:00 Out of time for the remaining addresses    topics="libp2p dialer" tid=6162740 peerId=16U*nd1vDS addrs="[/ip4/172.20.10.14/udp/52704/quic-v1, /ip4/109.41.112.89/tcp/44402, /ip4/109.41.112.89/tcp/43317, /ip4/109.41.112.89/tcp/35603, /ip4/172.20.10.14/tcp/50403, /ip4/109.41.112.89/tcp/48909, /ip4/109.41.112.89/tcp/48155]"
[2026-10-04 19:00:03.160] [out] [delivery_module] DBG 2026-10-04 19:00:03.160+02:00 Error dialing                              topics="libp2p dialer" tid=6162740 conn=nil peerId=16U*nd1vDS protos="[/logos/service-discovery/1.0.0]" addrs="[/ip4/172.20.10.14/udp/52704/quic-v1, /ip4/109.41.112.89/tcp/44402, /ip4/109.41.112.89/tcp/43317, /ip4/109.41.112.89/tcp/35603, /ip4/172.20.10.14/tcp/50403, /ip4/109.41.112.89/tcp/48909, /ip4/109.41.112.89/tcp/48155]" description="Unable to establish outgoing link in establishConnection: peer_id=16U*nd1vDS addrs=@[/ip4/172.20.10.14/udp/52704/quic-v1, /ip4/109.41.112.89/tcp/44402, /ip4/109.41.112.89/tcp/43317, /ip4/109.41.112.89/tcp/35603, /ip4/172.20.10.14/tcp/50403, /ip4/109.41.112.89/tcp/48909, /ip4/109.41.112.89/tcp/48155]"
[2026-10-04 19:00:03.160] [out] [delivery_module] DBG 2026-10-04 19:00:03.160+02:00 Dialing peer                               topics="libp2p dialer" tid=6162740 peerId=16U*nd1vDS addrs="[/ip4/172.20.10.14/udp/52704/quic-v1, /ip4/109.41.112.89/tcp/44402, /ip4/109.41.112.89/tcp/43317, /ip4/109.41.112.89/tcp/35603, /ip4/172.20.10.14/tcp/50403, /ip4/109.41.112.89/tcp/48909, /ip4/109.41.112.89/tcp/48155]"
[2026-10-04 19:00:03.160] [out] [delivery_module] DBG 2026-10-04 19:00:03.160+02:00 Expanded address and hostname              topics="libp2p dialer" tid=6162740 expandedAddress=/ip4/172.20.10.14/udp/52704/quic-v1 hostname=172.20.10.14 resolvedAddresses="[/ip4/172.20.10.14/udp/52704/quic-v1]"
[2026-10-04 19:00:03.161] [out] [delivery_module] DBG 2026-10-04 19:00:03.161+02:00 New connection established: client         tid=6162740
[2026-10-04 19:00:03.303] [out] [delivery_module] DBG 2026-10-04 19:00:03.303+02:00 Kad lookup: RPC error                      topics="kad-dht find" tid=6162740 peer=16U*t5HAoy msg="dialStage: timed out dialing the peer"
[2026-10-04 19:00:03.304] [out] [delivery_module] DBG 2026-10-04 19:00:03.303+02:00 Kad lookup: RPC error                      topics="kad-dht find" tid=6162740 peer=16U*UeND2x msg="dialStage: timed out dialing the peer"
[2026-10-04 19:00:03.304] [out] [delivery_module] DBG 2026-10-04 19:00:03.303+02:00 Kad lookup: RPC error                      topics="kad-dht find" tid=6162740 peer=16U*RZcwkN msg="dialStage: timed out dialing the peer"
[2026-10-04 19:00:03.304] [out] [delivery_module] DBG 2026-10-04 19:00:03.303+02:00 Kad lookup: RPC error                      topics="kad-dht find" tid=6162740 peer=16U*nd1vDS msg="dialStage: timed out dialing the peer"
[2026-10-04 19:00:03.304] [out] [delivery_module] DBG 2026-10-04 19:00:03.303+02:00 Kad lookup: RPC error                      topics="kad-dht find" tid=6162740 peer=16U*kpeu1j msg="dialStage: timed out dialing the peer"
[2026-10-04 19:00:03.304] [out] [delivery_module] DBG 2026-10-04 19:00:03.303+02:00 Kad lookup: RPC error                      topics="kad-dht find" tid=6162740 peer=16U*Hv8wAS msg="dialStage: timed out dialing the peer"
[2026-10-04 19:00:03.304] [out] [delivery_module] DBG 2026-10-04 19:00:03.303+02:00 Kad lookup: RPC error                      topics="kad-dht find" tid=6162740 peer=16U*oWQB23 msg="dialStage: timed out dialing the peer"
[2026-10-04 19:00:03.304] [out] [delivery_module] DBG 2026-10-04 19:00:03.304+02:00 Lookup query                               topics="kad-dht find" tid=6162740 peer=16U*nd1vDS
[2026-10-04 19:00:03.304] [out] [delivery_module] DBG 2026-10-04 19:00:03.304+02:00 Lookup query                               topics="kad-dht find" tid=6162740 peer=16U*t5HAoy
[2026-10-04 19:00:03.304] [out] [delivery_module] DBG 2026-10-04 19:00:03.304+02:00 Lookup query                               topics="kad-dht find" tid=6162740 peer=16U*UeND2x
[2026-10-04 19:00:03.304] [out] [delivery_module] DBG 2026-10-04 19:00:03.304+02:00 Lookup query                               topics="kad-dht find" tid=6162740 peer=16U*RZcwkN
[2026-10-04 19:00:03.304] [out] [delivery_module] DBG 2026-10-04 19:00:03.304+02:00 Lookup query                               topics="kad-dht find" tid=6162740 peer=16U*kpeu1j
[2026-10-04 19:00:03.304] [out] [delivery_module] DBG 2026-10-04 19:00:03.304+02:00 Lookup query                               topics="kad-dht find" tid=6162740 peer=16U*Hv8wAS
[2026-10-04 19:00:03.477] [out] [delivery_module] DBG 2026-10-04 19:00:03.477+02:00 Kad lookup: RPC error                      topics="kad-dht find" tid=6162740 peer=16U*kpeu1j msg="dialStage: timed out dialing the peer"
[2026-10-04 19:00:03.477] [out] [delivery_module] DBG 2026-10-04 19:00:03.477+02:00 Kad lookup: RPC error                      topics="kad-dht find" tid=6162740 peer=16U*RZcwkN msg="dialStage: timed out dialing the peer"
[2026-10-04 19:00:03.477] [out] [delivery_module] DBG 2026-10-04 19:00:03.477+02:00 Kad lookup: RPC error                      topics="kad-dht find" tid=6162740 peer=16U*t5HAoy msg="dialStage: timed out dialing the peer"
[2026-10-04 19:00:03.478] [out] [delivery_module] DBG 2026-10-04 19:00:03.477+02:00 Kad lookup: RPC error                      topics="kad-dht find" tid=6162740 peer=16U*oWQB23 msg="dialStage: timed out dialing the peer"
[2026-10-04 19:00:03.478] [out] [delivery_module] DBG 2026-10-04 19:00:03.477+02:00 Kad lookup: RPC error                      topics="kad-dht find" tid=6162740 peer=16U*nd1vDS msg="dialStage: timed out dialing the peer"
[2026-10-04 19:00:03.478] [out] [delivery_module] DBG 2026-10-04 19:00:03.477+02:00 Kad lookup: RPC error                      topics="kad-dht find" tid=6162740 peer=16U*Hv8wAS msg="dialStage: timed out dialing the peer"
[2026-10-04 19:00:03.478] [out] [delivery_module] DBG 2026-10-04 19:00:03.478+02:00 Lookup query                               topics="kad-dht find" tid=6162740 peer=16U*kpeu1j
[2026-10-04 19:00:03.478] [out] [delivery_module] DBG 2026-10-04 19:00:03.478+02:00 Lookup query                               topics="kad-dht find" tid=6162740 peer=16U*t5HAoy
[2026-10-04 19:00:03.478] [out] [delivery_module] DBG 2026-10-04 19:00:03.478+02:00 Lookup query                               topics="kad-dht find" tid=6162740 peer=16U*RZcwkN
[2026-10-04 19:00:03.478] [out] [delivery_module] DBG 2026-10-04 19:00:03.478+02:00 Lookup query                               topics="kad-dht find" tid=6162740 peer=16U*nd1vDS
[2026-10-04 19:00:03.478] [out] [delivery_module] DBG 2026-10-04 19:00:03.478+02:00 Lookup query                               topics="kad-dht find" tid=6162740 peer=16U*Hv8wAS
[2026-10-04 19:00:03.974] [out] [delivery_module] DBG 2026-10-04 19:00:03.974+02:00 Kad lookup: RPC error                      topics="kad-dht find" tid=6162740 peer=16U*t5HAoy msg="dialStage: timed out dialing the peer"
[2026-10-04 19:00:03.974] [out] [delivery_module] DBG 2026-10-04 19:00:03.974+02:00 Kad lookup: RPC error                      topics="kad-dht find" tid=6162740 peer=16U*UeND2x msg="dialStage: timed out dialing the peer"
[2026-10-04 19:00:03.974] [out] [delivery_module] DBG 2026-10-04 19:00:03.974+02:00 Kad lookup: RPC error                      topics="kad-dht find" tid=6162740 peer=16U*RZcwkN msg="dialStage: timed out dialing the peer"
[2026-10-04 19:00:03.974] [out] [delivery_module] DBG 2026-10-04 19:00:03.974+02:00 Kad lookup: RPC error                      topics="kad-dht find" tid=6162740 peer=16U*Hv8wAS msg="dialStage: timed out dialing the peer"
[2026-10-04 19:00:03.974] [out] [delivery_module] DBG 2026-10-04 19:00:03.974+02:00 Kad lookup: RPC error                      topics="kad-dht find" tid=6162740 peer=16U*kpeu1j msg="dialStage: timed out dialing the peer"
[2026-10-04 19:00:03.975] [out] [delivery_module] DBG 2026-10-04 19:00:03.975+02:00 Lookup query                               topics="kad-dht find" tid=6162740 peer=16U*kpeu1j
[2026-10-04 19:00:03.975] [out] [delivery_module] DBG 2026-10-04 19:00:03.975+02:00 Lookup query                               topics="kad-dht find" tid=6162740 peer=16U*t5HAoy
[2026-10-04 19:00:03.975] [out] [delivery_module] DBG 2026-10-04 19:00:03.975+02:00 Lookup query                               topics="kad-dht find" tid=6162740 peer=16U*RZcwkN
[2026-10-04 19:00:03.975] [out] [delivery_module] DBG 2026-10-04 19:00:03.975+02:00 Lookup query                               topics="kad-dht find" tid=6162740 peer=16U*JXZN12
[2026-10-04 19:00:03.975] [out] [delivery_module] DBG 2026-10-04 19:00:03.975+02:00 Lookup query                               topics="kad-dht find" tid=6162740 peer=16U*Hv8wAS
[2026-10-04 19:00:04.003] [out] [delivery_module] DBG 2026-10-04 19:00:04.003+02:00 Trying message delivery via Mix            topics="send service mix processor" tid=6162740 requestId=872e7c4012eae2e068f7 msgHash=0xbccc41c76475dfbf751cb15fc6b12878aa05438be9167e4617d7cca04f9bee11 tryCount=2
[2026-10-04 19:00:04.003] [out] [delivery_module] DBG 2026-10-04 19:00:04.003+02:00 Publishing message without RLN proof       tid=6162740
[2026-10-04 19:00:04.004] [out] [delivery_module] DBG 2026-10-04 19:00:04.004+02:00 Publishing message with lightpush          topics="waku node lightpush api" tid=6162740 pubsubTopic=/waku/2/rs/3/7 contentTopic=/lp0026forum/1/general/text target_peer_id=16U*TwqBiH msg_hash=0xbccc41c76475dfbf751cb15fc6b12878aa05438be9167e4617d7cca04f9bee11 mixify=true
[2026-10-04 19:00:04.004] [out] [delivery_module] DBG 2026-10-04 19:00:04.004+02:00 Publish                                    topics="waku lightpush client" tid=6162740 myPeerId=16U*rnT3hk peerId= msgHash=0xbccc41c76475dfbf751cb15fc6b12878aa05438be9167e4617d7cca04f9bee11 sentTime=1791133204004094976
[2026-10-04 19:00:04.004] [out] [delivery_module] DBG 2026-10-04 19:00:04.004+02:00 Destination data                           tid=6162740 destination=MixDestination[MixNode](16Uiu2HAm8Y9kgBNtjxvCnf1X6gnZJW5EGE4UwwCL3CCm55TwqBiH)
[2026-10-04 19:00:04.004] [out] [delivery_module] DBG 2026-10-04 19:00:04.004+02:00 Selected mix node:                         tid=6162740 indexInPath=0 peerId=16U*UeND2x
[2026-10-04 19:00:04.004] [out] [delivery_module] DBG 2026-10-04 19:00:04.004+02:00 Selected mix node:                         tid=6162740 indexInPath=1 peerId=16U*NSkuby
[2026-10-04 19:00:04.004] [out] [delivery_module] DBG 2026-10-04 19:00:04.004+02:00 Selected mix node:                         tid=6162740 indexInPath=2 peerId=16U*TwqBiH
[2026-10-04 19:00:04.004] [out] [delivery_module] DBG 2026-10-04 19:00:04.004+02:00 Selected mix node for surbs:               tid=6162740 indexInPath=0 peerId=16U*T3UNSE
[2026-10-04 19:00:04.005] [out] [delivery_module] DBG 2026-10-04 19:00:04.004+02:00 Selected mix node for surbs:               tid=6162740 indexInPath=1 peerId=16U*UeND2x
[2026-10-04 19:00:04.009] [out] [delivery_module] DBG 2026-10-04 19:00:04.009+02:00 Dialing failed                             topics="libp2p dialer" tid=6162740 description="quic dial timed out after 3s" peerId=16U*UeND2x address=/ip4/172.20.10.14/udp/51140/quic-v1 hostname=172.20.10.14
[2026-10-04 19:00:04.009] [out] [delivery_module] DBG 2026-10-04 19:00:04.009+02:00 Expanded address and hostname              topics="libp2p dialer" tid=6162740 expandedAddress=/ip4/172.20.10.14/tcp/55656 hostname=172.20.10.14 resolvedAddresses="[/ip4/172.20.10.14/tcp/55656]"
[2026-10-04 19:00:04.010] [out] [delivery_module] DBG 2026-10-04 19:00:04.010+02:00 Dialing failed                             topics="libp2p dialer" tid=6162740 description="TcpTransport dial error: (61) Connection refused" peerId=16U*UeND2x address=/ip4/172.20.10.14/tcp/55656 hostname=172.20.10.14
[2026-10-04 19:00:04.010] [out] [delivery_module] DBG 2026-10-04 19:00:04.010+02:00 Error dialing                              topics="libp2p dialer" tid=6162740 conn=nil peerId=16U*UeND2x protos="[/logos/service-discovery/1.0.0]" addrs="[/ip4/172.20.10.14/udp/51140/quic-v1, /ip4/172.20.10.14/tcp/55656]" description="Unable to establish outgoing link in establishConnection: peer_id=16U*UeND2x addrs=@[/ip4/172.20.10.14/udp/51140/quic-v1, /ip4/172.20.10.14/tcp/55656]"
[2026-10-04 19:00:04.010] [out] [delivery_module] DBG 2026-10-04 19:00:04.010+02:00 Dialing peer                               topics="libp2p dialer" tid=6162740 peerId=16U*UeND2x addrs="[/ip4/172.20.10.14/udp/51140/quic-v1, /ip4/172.20.10.14/tcp/55656]"
[2026-10-04 19:00:04.010] [out] [delivery_module] DBG 2026-10-04 19:00:04.010+02:00 Expanded address and hostname              topics="libp2p dialer" tid=6162740 expandedAddress=/ip4/172.20.10.14/udp/51140/quic-v1 hostname=172.20.10.14 resolvedAddresses="[/ip4/172.20.10.14/udp/51140/quic-v1]"
[2026-10-04 19:00:04.010] [out] [delivery_module] DBG 2026-10-04 19:00:04.010+02:00 New connection established: client         tid=6162740
[2026-10-04 19:00:04.403] [out] [delivery_module] DBG 2026-10-04 19:00:04.403+02:00 dialMe answer is not reachable             topics="libp2p autonatservice" tid=6162740 description="Peer could not dial us back: Dial timeout" peerId=16Uiu2HAm8Y9kgBNtjxvCnf1X6gnZJW5EGE4UwwCL3CCm55TwqBiH
[2026-10-04 19:00:04.403] [out] [delivery_module] DBG 2026-10-04 19:00:04.403+02:00 Current status                             topics="libp2p autonatservice" tid=6162740 currentStats=Unknown confidence=none() answers=[NotReachable]
[2026-10-04 19:00:05.986] [out] [delivery_module] DBG 2026-10-04 19:00:05.986+02:00 Dialing failed                             topics="libp2p dialer" tid=6162740 description="quic dial timed out after 3s" peerId=16U*JXZN12 address=/ip4/172.20.10.14/udp/62834/quic-v1 hostname=172.20.10.14
[2026-10-04 19:00:05.986] [out] [delivery_module] DBG 2026-10-04 19:00:05.986+02:00 Expanded address and hostname              topics="libp2p dialer" tid=6162740 expandedAddress=/ip4/172.20.10.14/tcp/49738 hostname=172.20.10.14 resolvedAddresses="[/ip4/172.20.10.14/tcp/49738]"
[2026-10-04 19:00:05.987] [out] [delivery_module] DBG 2026-10-04 19:00:05.987+02:00 Dialing failed                             topics="libp2p dialer" tid=6162740 description="TcpTransport dial error: (61) Connection refused" peerId=16U*JXZN12 address=/ip4/172.20.10.14/tcp/49738 hostname=172.20.10.14
[2026-10-04 19:00:05.987] [out] [delivery_module] DBG 2026-10-04 19:00:05.987+02:00 Error dialing                              topics="libp2p dialer" tid=6162740 conn=nil peerId=16U*JXZN12 protos="[/logos/service-discovery/1.0.0]" addrs="[/ip4/172.20.10.14/udp/62834/quic-v1, /ip4/172.20.10.14/tcp/49738]" description="Unable to establish outgoing link in establishConnection: peer_id=16U*JXZN12 addrs=@[/ip4/172.20.10.14/udp/62834/quic-v1, /ip4/172.20.10.14/tcp/49738]"
[2026-10-04 19:00:05.988] [out] [delivery_module] DBG 2026-10-04 19:00:05.988+02:00 Dialing peer                               topics="libp2p dialer" tid=6162740 peerId=16U*JXZN12 addrs="[/ip4/172.20.10.14/udp/62834/quic-v1, /ip4/172.20.10.14/tcp/49738]"
[2026-10-04 19:00:05.988] [out] [delivery_module] DBG 2026-10-04 19:00:05.988+02:00 Expanded address and hostname              topics="libp2p dialer" tid=6162740 expandedAddress=/ip4/172.20.10.14/udp/62834/quic-v1 hostname=172.20.10.14 resolvedAddresses="[/ip4/172.20.10.14/udp/62834/quic-v1]"
[2026-10-04 19:00:05.988] [out] [delivery_module] DBG 2026-10-04 19:00:05.988+02:00 New connection established: client         tid=6162740
[2026-10-04 19:00:05.990] [out] [delivery_module] DBG 2026-10-04 19:00:05.990+02:00 Lookup query                               topics="kad-dht find" tid=6162740 peer=16U*xpM86W
[2026-10-04 19:00:05.991] [out] [delivery_module] DBG 2026-10-04 19:00:05.991+02:00 Dialing peer                               topics="libp2p dialer" tid=6162740 peerId=16U*xpM86W addrs="[/ip4/172.20.10.14/udp/60461/quic-v1, /ip4/172.20.10.14/tcp/54478]"
[2026-10-04 19:00:05.991] [out] [delivery_module] DBG 2026-10-04 19:00:05.991+02:00 Expanded address and hostname              topics="libp2p dialer" tid=6162740 expandedAddress=/ip4/172.20.10.14/udp/60461/quic-v1 hostname=172.20.10.14 resolvedAddresses="[/ip4/172.20.10.14/udp/60461/quic-v1]"
[2026-10-04 19:00:05.991] [out] [delivery_module] DBG 2026-10-04 19:00:05.991+02:00 New connection established: client         tid=6162740
[2026-10-04 19:00:05.992] [out] [delivery_module] DBG 2026-10-04 19:00:05.992+02:00 Lookup query                               topics="kad-dht find" tid=6162740 peer=16U*8rq3kg
[2026-10-04 19:00:05.992] [out] [delivery_module] DBG 2026-10-04 19:00:05.992+02:00 Dialing peer                               topics="libp2p dialer" tid=6162740 peerId=16U*8rq3kg addrs="[/ip4/172.20.10.14/udp/49629/quic-v1, /ip4/172.20.10.14/tcp/50996]"
[2026-10-04 19:00:05.992] [out] [delivery_module] DBG 2026-10-04 19:00:05.992+02:00 Expanded address and hostname              topics="libp2p dialer" tid=6162740 expandedAddress=/ip4/172.20.10.14/udp/49629/quic-v1 hostname=172.20.10.14 resolvedAddresses="[/ip4/172.20.10.14/udp/49629/quic-v1]"
[2026-10-04 19:00:05.992] [out] [delivery_module] DBG 2026-10-04 19:00:05.992+02:00 New connection established: client         tid=6162740
[2026-10-04 19:00:05.993] [out] [delivery_module] DBG 2026-10-04 19:00:05.993+02:00 Lookup query                               topics="kad-dht find" tid=6162740 peer=16U*UMrxyT
[2026-10-04 19:00:05.993] [out] [delivery_module] DBG 2026-10-04 19:00:05.993+02:00 Dialing peer                               topics="libp2p dialer" tid=6162740 peerId=16U*UMrxyT addrs="[/ip4/172.20.10.14/udp/59518/quic-v1, /ip4/172.20.10.14/tcp/53863]"
[2026-10-04 19:00:05.993] [out] [delivery_module] DBG 2026-10-04 19:00:05.993+02:00 Expanded address and hostname              topics="libp2p dialer" tid=6162740 expandedAddress=/ip4/172.20.10.14/udp/59518/quic-v1 hostname=172.20.10.14 resolvedAddresses="[/ip4/172.20.10.14/udp/59518/quic-v1]"
[2026-10-04 19:00:05.993] [out] [delivery_module] DBG 2026-10-04 19:00:05.993+02:00 New connection established: client         tid=6162740
[2026-10-04 19:00:05.993] [out] [delivery_module] DBG 2026-10-04 19:00:05.993+02:00 Lookup query                               topics="kad-dht find" tid=6162740 peer=16U*CbKVbN
[2026-10-04 19:00:05.994] [out] [delivery_module] DBG 2026-10-04 19:00:05.994+02:00 Dialing peer                               topics="libp2p dialer" tid=6162740 peerId=16U*CbKVbN addrs="[/ip4/172.20.10.14/udp/55956/quic-v1, /ip4/172.20.10.14/tcp/51685]"
[2026-10-04 19:00:05.994] [out] [delivery_module] DBG 2026-10-04 19:00:05.994+02:00 Expanded address and hostname              topics="libp2p dialer" tid=6162740 expandedAddress=/ip4/172.20.10.14/udp/55956/quic-v1 hostname=172.20.10.14 resolvedAddresses="[/ip4/172.20.10.14/udp/55956/quic-v1]"
[2026-10-04 19:00:05.994] [out] [delivery_module] DBG 2026-10-04 19:00:05.994+02:00 New connection established: client         tid=6162740
[2026-10-04 19:00:06.165] [out] [delivery_module] DBG 2026-10-04 19:00:06.164+02:00 Dialing failed                             topics="libp2p dialer" tid=6162740 description="quic dial timed out after 3s" peerId=16U*nd1vDS address=/ip4/172.20.10.14/udp/52704/quic-v1 hostname=172.20.10.14
[2026-10-04 19:00:06.165] [out] [delivery_module] DBG 2026-10-04 19:00:06.165+02:00 Expanded address and hostname              topics="libp2p dialer" tid=6162740 expandedAddress=/ip4/109.41.112.89/tcp/44402 hostname=109.41.112.89 resolvedAddresses="[/ip4/109.41.112.89/tcp/44402]"
[2026-10-04 19:00:06.407] [out] [delivery_module] WRN 2026-10-04 19:00:06.407+02:00 NAT port mapping failed                    topics="libp2p natservice" tid=6162740 port=57126 proto=mpTcp err="plum: mapping 0 failed"
[2026-10-04 19:00:07.013] [out] [delivery_module] DBG 2026-10-04 19:00:07.012+02:00 Dialing failed                             topics="libp2p dialer" tid=6162740 description="quic dial timed out after 3s" peerId=16U*UeND2x address=/ip4/172.20.10.14/udp/51140/quic-v1 hostname=172.20.10.14
[2026-10-04 19:00:07.013] [out] [delivery_module] DBG 2026-10-04 19:00:07.013+02:00 Expanded address and hostname              topics="libp2p dialer" tid=6162740 expandedAddress=/ip4/172.20.10.14/tcp/55656 hostname=172.20.10.14 resolvedAddresses="[/ip4/172.20.10.14/tcp/55656]"
[2026-10-04 19:00:07.013] [out] [delivery_module] DBG 2026-10-04 19:00:07.013+02:00 Dialing failed                             topics="libp2p dialer" tid=6162740 description="TcpTransport dial error: (61) Connection refused" peerId=16U*UeND2x address=/ip4/172.20.10.14/tcp/55656 hostname=172.20.10.14
[2026-10-04 19:00:07.013] [out] [delivery_module] DBG 2026-10-04 19:00:07.013+02:00 Error dialing                              topics="libp2p dialer" tid=6162740 conn=nil peerId=16U*UeND2x protos="[/logos/service-discovery/1.0.0]" addrs="[/ip4/172.20.10.14/udp/51140/quic-v1, /ip4/172.20.10.14/tcp/55656]" description="Unable to establish outgoing link in establishConnection: peer_id=16U*UeND2x addrs=@[/ip4/172.20.10.14/udp/51140/quic-v1, /ip4/172.20.10.14/tcp/55656]"
[2026-10-04 19:00:07.013] [out] [delivery_module] DBG 2026-10-04 19:00:07.013+02:00 Dialing peer                               topics="libp2p dialer" tid=6162740 peerId=16U*UeND2x addrs="[/ip4/172.20.10.14/udp/51140/quic-v1, /ip4/172.20.10.14/tcp/55656]"
[2026-10-04 19:00:07.013] [out] [delivery_module] DBG 2026-10-04 19:00:07.013+02:00 Expanded address and hostname              topics="libp2p dialer" tid=6162740 expandedAddress=/ip4/172.20.10.14/udp/51140/quic-v1 hostname=172.20.10.14 resolvedAddresses="[/ip4/172.20.10.14/udp/51140/quic-v1]"
[2026-10-04 19:00:07.013] [out] [delivery_module] DBG 2026-10-04 19:00:07.013+02:00 New connection established: client         tid=6162740
[2026-10-04 19:00:07.986] [out] [delivery_module] DBG 2026-10-04 19:00:07.986+02:00 Lookup query                               topics="kad-dht find" tid=6162740 peer=16U*UeND2x
[2026-10-04 19:00:07.986] [out] [delivery_module] DBG 2026-10-04 19:00:07.986+02:00 Kad lookup: RPC error                      topics="kad-dht find" tid=6162740 peer=16U*UeND2x msg="dialStage: timed out dialing the peer"
[2026-10-04 19:00:07.986] [out] [delivery_module] DBG 2026-10-04 19:00:07.986+02:00 Lookup query                               topics="kad-dht find" tid=6162740 peer=16U*CbKVbN
[2026-10-04 19:00:07.986] [out] [delivery_module] DBG 2026-10-04 19:00:07.986+02:00 Lookup query                               topics="kad-dht find" tid=6162740 peer=16U*UMrxyT
[2026-10-04 19:00:07.986] [out] [delivery_module] DBG 2026-10-04 19:00:07.986+02:00 Lookup query                               topics="kad-dht find" tid=6162740 peer=16U*xpM86W
[2026-10-04 19:00:07.986] [out] [delivery_module] DBG 2026-10-04 19:00:07.986+02:00 Lookup query                               topics="kad-dht find" tid=6162740 peer=16U*8rq3kg
[2026-10-04 19:00:07.988] [out] [delivery_module] DBG 2026-10-04 19:00:07.988+02:00 Lookup query                               topics="kad-dht find" tid=6162740 peer=16U*UeND2x
[2026-10-04 19:00:07.988] [out] [delivery_module] DBG 2026-10-04 19:00:07.988+02:00 Lookup query                               topics="kad-dht find" tid=6162740 peer=16U*Hv8wAS
[2026-10-04 19:00:07.988] [out] [delivery_module] DBG 2026-10-04 19:00:07.988+02:00 Kad lookup: RPC error                      topics="kad-dht find" tid=6162740 peer=16U*UeND2x msg="dialStage: timed out dialing the peer"
[2026-10-04 19:00:07.988] [out] [delivery_module] DBG 2026-10-04 19:00:07.988+02:00 Kad lookup: RPC error                      topics="kad-dht find" tid=6162740 peer=16U*Hv8wAS msg="dialStage: timed out dialing the peer"
[2026-10-04 19:00:08.309] [out] [delivery_module] DBG 2026-10-04 19:00:08.309+02:00 Kad lookup: RPC error                      topics="kad-dht find" tid=6162740 peer=16U*UeND2x msg="dialStage: timed out dialing the peer"
[2026-10-04 19:00:08.309] [out] [delivery_module] DBG 2026-10-04 19:00:08.309+02:00 Kad lookup: RPC error                      topics="kad-dht find" tid=6162740 peer=16U*nd1vDS msg="dialStage: timed out dialing the peer"
[2026-10-04 19:00:08.309] [out] [delivery_module] DBG 2026-10-04 19:00:08.309+02:00 Kad lookup: RPC error                      topics="kad-dht find" tid=6162740 peer=16U*RZcwkN msg="dialStage: timed out dialing the peer"
[2026-10-04 19:00:08.309] [out] [delivery_module] DBG 2026-10-04 19:00:08.309+02:00 Kad lookup: RPC error                      topics="kad-dht find" tid=6162740 peer=16U*t5HAoy msg="dialStage: timed out dialing the peer"
[2026-10-04 19:00:08.309] [out] [delivery_module] DBG 2026-10-04 19:00:08.309+02:00 Kad lookup: RPC error                      topics="kad-dht find" tid=6162740 peer=16U*kpeu1j msg="dialStage: timed out dialing the peer"
[2026-10-04 19:00:08.310] [out] [delivery_module] DBG 2026-10-04 19:00:08.309+02:00 Kad lookup: RPC error                      topics="kad-dht find" tid=6162740 peer=16U*Hv8wAS msg="dialStage: timed out dialing the peer"
[2026-10-04 19:00:08.313] [out] [delivery_module] DBG 2026-10-04 19:00:08.311+02:00 Lookup query                               topics="kad-dht find" tid=6162740 peer=16U*t5HAoy
[2026-10-04 19:00:08.313] [out] [delivery_module] DBG 2026-10-04 19:00:08.311+02:00 Lookup query                               topics="kad-dht find" tid=6162740 peer=16U*RZcwkN
[2026-10-04 19:00:08.313] [out] [delivery_module] DBG 2026-10-04 19:00:08.311+02:00 Lookup query                               topics="kad-dht find" tid=6162740 peer=16U*kpeu1j
[2026-10-04 19:00:08.313] [out] [delivery_module] DBG 2026-10-04 19:00:08.311+02:00 Lookup query                               topics="kad-dht find" tid=6162740 peer=16U*Hv8wAS
[2026-10-04 19:00:08.411] [out] [delivery_module] WRN 2026-10-04 19:00:08.411+02:00 NAT port mapping failed                    topics="libp2p natservice" tid=6162740 port=60229 proto=mpUdp err="plum: mapping 0 failed"
[2026-10-04 19:00:08.481] [out] [delivery_module] DBG 2026-10-04 19:00:08.481+02:00 Kad lookup: RPC error                      topics="kad-dht find" tid=6162740 peer=16U*t5HAoy msg="dialStage: timed out dialing the peer"
[2026-10-04 19:00:08.482] [out] [delivery_module] DBG 2026-10-04 19:00:08.481+02:00 Kad lookup: RPC error                      topics="kad-dht find" tid=6162740 peer=16U*kpeu1j msg="dialStage: timed out dialing the peer"
[2026-10-04 19:00:08.482] [out] [delivery_module] DBG 2026-10-04 19:00:08.481+02:00 Kad lookup: RPC error                      topics="kad-dht find" tid=6162740 peer=16U*nd1vDS msg="dialStage: timed out dialing the peer"
[2026-10-04 19:00:08.482] [out] [delivery_module] DBG 2026-10-04 19:00:08.481+02:00 Kad lookup: RPC error                      topics="kad-dht find" tid=6162740 peer=16U*RZcwkN msg="dialStage: timed out dialing the peer"
[2026-10-04 19:00:08.482] [out] [delivery_module] DBG 2026-10-04 19:00:08.481+02:00 Kad lookup: RPC error                      topics="kad-dht find" tid=6162740 peer=16U*Hv8wAS msg="dialStage: timed out dialing the peer"
[2026-10-04 19:00:08.482] [out] [delivery_module] DBG 2026-10-04 19:00:08.482+02:00 Lookup query                               topics="kad-dht find" tid=6162740 peer=16U*kpeu1j
[2026-10-04 19:00:08.482] [out] [delivery_module] DBG 2026-10-04 19:00:08.482+02:00 Lookup query                               topics="kad-dht find" tid=6162740 peer=16U*t5HAoy
[2026-10-04 19:00:08.482] [out] [delivery_module] DBG 2026-10-04 19:00:08.482+02:00 Lookup query                               topics="kad-dht find" tid=6162740 peer=16U*RZcwkN
[2026-10-04 19:00:08.482] [out] [delivery_module] DBG 2026-10-04 19:00:08.482+02:00 Lookup query                               topics="kad-dht find" tid=6162740 peer=16U*Hv8wAS
[2026-10-04 19:00:08.977] [out] [delivery_module] DBG 2026-10-04 19:00:08.977+02:00 Kad lookup: RPC error                      topics="kad-dht find" tid=6162740 peer=16U*JXZN12 msg="dialStage: timed out dialing the peer"
[2026-10-04 19:00:08.977] [out] [delivery_module] DBG 2026-10-04 19:00:08.977+02:00 Kad lookup: RPC error                      topics="kad-dht find" tid=6162740 peer=16U*RZcwkN msg="dialStage: timed out dialing the peer"
[2026-10-04 19:00:08.977] [out] [delivery_module] DBG 2026-10-04 19:00:08.977+02:00 Kad lookup: RPC error                      topics="kad-dht find" tid=6162740 peer=16U*Hv8wAS msg="dialStage: timed out dialing the peer"
[2026-10-04 19:00:08.977] [out] [delivery_module] DBG 2026-10-04 19:00:08.977+02:00 Kad lookup: RPC error                      topics="kad-dht find" tid=6162740 peer=16U*t5HAoy msg="dialStage: timed out dialing the peer"
[2026-10-04 19:00:08.977] [out] [delivery_module] DBG 2026-10-04 19:00:08.977+02:00 Kad lookup: RPC error                      topics="kad-dht find" tid=6162740 peer=16U*kpeu1j msg="dialStage: timed out dialing the peer"
[2026-10-04 19:00:08.977] [out] [delivery_module] DBG 2026-10-04 19:00:08.977+02:00 Lookup query                               topics="kad-dht find" tid=6162740 peer=16U*xpM86W
[2026-10-04 19:00:08.977] [out] [delivery_module] DBG 2026-10-04 19:00:08.977+02:00 Lookup query                               topics="kad-dht find" tid=6162740 peer=16U*8rq3kg
[2026-10-04 19:00:08.977] [out] [delivery_module] DBG 2026-10-04 19:00:08.977+02:00 Lookup query                               topics="kad-dht find" tid=6162740 peer=16U*kpeu1j
[2026-10-04 19:00:08.977] [out] [delivery_module] DBG 2026-10-04 19:00:08.977+02:00 Lookup query                               topics="kad-dht find" tid=6162740 peer=16U*UMrxyT
[2026-10-04 19:00:08.977] [out] [delivery_module] DBG 2026-10-04 19:00:08.977+02:00 Lookup query                               topics="kad-dht find" tid=6162740 peer=16U*t5HAoy
[2026-10-04 19:00:08.977] [out] [delivery_module] DBG 2026-10-04 19:00:08.977+02:00 Lookup query                               topics="kad-dht find" tid=6162740 peer=16U*RZcwkN
[2026-10-04 19:00:08.977] [out] [delivery_module] DBG 2026-10-04 19:00:08.977+02:00 Lookup query                               topics="kad-dht find" tid=6162740 peer=16U*CbKVbN
[2026-10-04 19:00:08.991] [out] [delivery_module] DBG 2026-10-04 19:00:08.991+02:00 Dialing failed                             topics="libp2p dialer" tid=6162740 description="quic dial timed out after 3s" peerId=16U*JXZN12 address=/ip4/172.20.10.14/udp/62834/quic-v1 hostname=172.20.10.14
[2026-10-04 19:00:08.991] [out] [delivery_module] DBG 2026-10-04 19:00:08.991+02:00 Expanded address and hostname              topics="libp2p dialer" tid=6162740 expandedAddress=/ip4/172.20.10.14/tcp/49738 hostname=172.20.10.14 resolvedAddresses="[/ip4/172.20.10.14/tcp/49738]"
[2026-10-04 19:00:08.992] [out] [delivery_module] DBG 2026-10-04 19:00:08.992+02:00 Dialing failed                             topics="libp2p dialer" tid=6162740 description="TcpTransport dial error: (61) Connection refused" peerId=16U*JXZN12 address=/ip4/172.20.10.14/tcp/49738 hostname=172.20.10.14
[2026-10-04 19:00:08.992] [out] [delivery_module] DBG 2026-10-04 19:00:08.992+02:00 Error dialing                              topics="libp2p dialer" tid=6162740 conn=nil peerId=16U*JXZN12 protos="[/logos/service-discovery/1.0.0]" addrs="[/ip4/172.20.10.14/udp/62834/quic-v1, /ip4/172.20.10.14/tcp/49738]" description="Unable to establish outgoing link in establishConnection: peer_id=16U*JXZN12 addrs=@[/ip4/172.20.10.14/udp/62834/quic-v1, /ip4/172.20.10.14/tcp/49738]"
[2026-10-04 19:00:08.992] [out] [delivery_module] DBG 2026-10-04 19:00:08.992+02:00 Dialing peer                               topics="libp2p dialer" tid=6162740 peerId=16U*JXZN12 addrs="[/ip4/172.20.10.14/udp/62834/quic-v1, /ip4/172.20.10.14/tcp/49738]"
[2026-10-04 19:00:08.992] [out] [delivery_module] DBG 2026-10-04 19:00:08.992+02:00 Expanded address and hostname              topics="libp2p dialer" tid=6162740 expandedAddress=/ip4/172.20.10.14/udp/62834/quic-v1 hostname=172.20.10.14 resolvedAddresses="[/ip4/172.20.10.14/udp/62834/quic-v1]"
[2026-10-04 19:00:08.992] [out] [delivery_module] DBG 2026-10-04 19:00:08.992+02:00 New connection established: client         tid=6162740
[2026-10-04 19:00:08.993] [out] [delivery_module] DBG 2026-10-04 19:00:08.993+02:00 Dialing failed                             topics="libp2p dialer" tid=6162740 description="quic dial timed out after 3s" peerId=16U*xpM86W address=/ip4/172.20.10.14/udp/60461/quic-v1 hostname=172.20.10.14
[2026-10-04 19:00:08.993] [out] [delivery_module] DBG 2026-10-04 19:00:08.993+02:00 Expanded address and hostname              topics="libp2p dialer" tid=6162740 expandedAddress=/ip4/172.20.10.14/tcp/54478 hostname=172.20.10.14 resolvedAddresses="[/ip4/172.20.10.14/tcp/54478]"
[2026-10-04 19:00:08.993] [out] [delivery_module] DBG 2026-10-04 19:00:08.993+02:00 Dialing failed                             topics="libp2p dialer" tid=6162740 description="TcpTransport dial error: (61) Connection refused" peerId=16U*xpM86W address=/ip4/172.20.10.14/tcp/54478 hostname=172.20.10.14
[2026-10-04 19:00:08.993] [out] [delivery_module] DBG 2026-10-04 19:00:08.993+02:00 Dialing failed                             topics="libp2p dialer" tid=6162740 description="quic dial timed out after 3s" peerId=16U*8rq3kg address=/ip4/172.20.10.14/udp/49629/quic-v1 hostname=172.20.10.14
[2026-10-04 19:00:08.993] [out] [delivery_module] DBG 2026-10-04 19:00:08.993+02:00 Expanded address and hostname              topics="libp2p dialer" tid=6162740 expandedAddress=/ip4/172.20.10.14/tcp/50996 hostname=172.20.10.14 resolvedAddresses="[/ip4/172.20.10.14/tcp/50996]"
[2026-10-04 19:00:08.993] [out] [delivery_module] DBG 2026-10-04 19:00:08.993+02:00 Error dialing                              topics="libp2p dialer" tid=6162740 conn=nil peerId=16U*xpM86W protos="[/logos/service-discovery/1.0.0]" addrs="[/ip4/172.20.10.14/udp/60461/quic-v1, /ip4/172.20.10.14/tcp/54478]" description="Unable to establish outgoing link in establishConnection: peer_id=16U*xpM86W addrs=@[/ip4/172.20.10.14/udp/60461/quic-v1, /ip4/172.20.10.14/tcp/54478]"
[2026-10-04 19:00:08.994] [out] [delivery_module] DBG 2026-10-04 19:00:08.993+02:00 Dialing failed                             topics="libp2p dialer" tid=6162740 description="TcpTransport dial error: (61) Connection refused" peerId=16U*8rq3kg address=/ip4/172.20.10.14/tcp/50996 hostname=172.20.10.14
[2026-10-04 19:00:08.994] [out] [delivery_module] DBG 2026-10-04 19:00:08.994+02:00 Dialing peer                               topics="libp2p dialer" tid=6162740 peerId=16U*xpM86W addrs="[/ip4/172.20.10.14/udp/60461/quic-v1, /ip4/172.20.10.14/tcp/54478]"
[2026-10-04 19:00:08.994] [out] [delivery_module] DBG 2026-10-04 19:00:08.994+02:00 Expanded address and hostname              topics="libp2p dialer" tid=6162740 expandedAddress=/ip4/172.20.10.14/udp/60461/quic-v1 hostname=172.20.10.14 resolvedAddresses="[/ip4/172.20.10.14/udp/60461/quic-v1]"
[2026-10-04 19:00:08.994] [out] [delivery_module] DBG 2026-10-04 19:00:08.994+02:00 New connection established: client         tid=6162740
[2026-10-04 19:00:08.994] [out] [delivery_module] DBG 2026-10-04 19:00:08.994+02:00 Error dialing                              topics="libp2p dialer" tid=6162740 conn=nil peerId=16U*8rq3kg protos="[/logos/service-discovery/1.0.0]" addrs="[/ip4/172.20.10.14/udp/49629/quic-v1, /ip4/172.20.10.14/tcp/50996]" description="Unable to establish outgoing link in establishConnection: peer_id=16U*8rq3kg addrs=@[/ip4/172.20.10.14/udp/49629/quic-v1, /ip4/172.20.10.14/tcp/50996]"
[2026-10-04 19:00:08.994] [out] [delivery_module] DBG 2026-10-04 19:00:08.994+02:00 Dialing failed                             topics="libp2p dialer" tid=6162740 description="quic dial timed out after 3s" peerId=16U*UMrxyT address=/ip4/172.20.10.14/udp/59518/quic-v1 hostname=172.20.10.14
[2026-10-04 19:00:08.995] [out] [delivery_module] DBG 2026-10-04 19:00:08.995+02:00 Expanded address and hostname              topics="libp2p dialer" tid=6162740 expandedAddress=/ip4/172.20.10.14/tcp/53863 hostname=172.20.10.14 resolvedAddresses="[/ip4/172.20.10.14/tcp/53863]"
[2026-10-04 19:00:08.995] [out] [delivery_module] DBG 2026-10-04 19:00:08.995+02:00 Dialing peer                               topics="libp2p dialer" tid=6162740 peerId=16U*8rq3kg addrs="[/ip4/172.20.10.14/udp/49629/quic-v1, /ip4/172.20.10.14/tcp/50996]"
[2026-10-04 19:00:08.995] [out] [delivery_module] DBG 2026-10-04 19:00:08.995+02:00 Expanded address and hostname              topics="libp2p dialer" tid=6162740 expandedAddress=/ip4/172.20.10.14/udp/49629/quic-v1 hostname=172.20.10.14 resolvedAddresses="[/ip4/172.20.10.14/udp/49629/quic-v1]"
[2026-10-04 19:00:08.995] [out] [delivery_module] DBG 2026-10-04 19:00:08.995+02:00 New connection established: client         tid=6162740
[2026-10-04 19:00:08.996] [out] [delivery_module] DBG 2026-10-04 19:00:08.996+02:00 Dialing failed                             topics="libp2p dialer" tid=6162740 description="quic dial timed out after 3s" peerId=16U*CbKVbN address=/ip4/172.20.10.14/udp/55956/quic-v1 hostname=172.20.10.14
[2026-10-04 19:00:08.996] [out] [delivery_module] DBG 2026-10-04 19:00:08.996+02:00 Expanded address and hostname              topics="libp2p dialer" tid=6162740 expandedAddress=/ip4/172.20.10.14/tcp/51685 hostname=172.20.10.14 resolvedAddresses="[/ip4/172.20.10.14/tcp/51685]"
[2026-10-04 19:00:08.996] [out] [delivery_module] DBG 2026-10-04 19:00:08.996+02:00 Dialing failed                             topics="libp2p dialer" tid=6162740 description="TcpTransport dial error: (61) Connection refused" peerId=16U*UMrxyT address=/ip4/172.20.10.14/tcp/53863 hostname=172.20.10.14
[2026-10-04 19:00:08.996] [out] [delivery_module] DBG 2026-10-04 19:00:08.996+02:00 Error dialing                              topics="libp2p dialer" tid=6162740 conn=nil peerId=16U*UMrxyT protos="[/logos/service-discovery/1.0.0]" addrs="[/ip4/172.20.10.14/udp/59518/quic-v1, /ip4/172.20.10.14/tcp/53863]" description="Unable to establish outgoing link in establishConnection: peer_id=16U*UMrxyT addrs=@[/ip4/172.20.10.14/udp/59518/quic-v1, /ip4/172.20.10.14/tcp/53863]"
[2026-10-04 19:00:08.996] [out] [delivery_module] DBG 2026-10-04 19:00:08.996+02:00 Dialing failed                             topics="libp2p dialer" tid=6162740 description="TcpTransport dial error: (61) Connection refused" peerId=16U*CbKVbN address=/ip4/172.20.10.14/tcp/51685 hostname=172.20.10.14
[2026-10-04 19:00:08.997] [out] [delivery_module] DBG 2026-10-04 19:00:08.997+02:00 Error dialing                              topics="libp2p dialer" tid=6162740 conn=nil peerId=16U*CbKVbN protos="[/logos/service-discovery/1.0.0]" addrs="[/ip4/172.20.10.14/udp/55956/quic-v1, /ip4/172.20.10.14/tcp/51685]" description="Unable to establish outgoing link in establishConnection: peer_id=16U*CbKVbN addrs=@[/ip4/172.20.10.14/udp/55956/quic-v1, /ip4/172.20.10.14/tcp/51685]"
[2026-10-04 19:00:08.997] [out] [delivery_module] DBG 2026-10-04 19:00:08.997+02:00 Dialing peer                               topics="libp2p dialer" tid=6162740 peerId=16U*UMrxyT addrs="[/ip4/172.20.10.14/udp/59518/quic-v1, /ip4/172.20.10.14/tcp/53863]"
[2026-10-04 19:00:08.997] [out] [delivery_module] DBG 2026-10-04 19:00:08.997+02:00 Expanded address and hostname              topics="libp2p dialer" tid=6162740 expandedAddress=/ip4/172.20.10.14/udp/59518/quic-v1 hostname=172.20.10.14 resolvedAddresses="[/ip4/172.20.10.14/udp/59518/quic-v1]"
[2026-10-04 19:00:08.997] [out] [delivery_module] DBG 2026-10-04 19:00:08.997+02:00 New connection established: client         tid=6162740
[2026-10-04 19:00:08.997] [out] [delivery_module] DBG 2026-10-04 19:00:08.997+02:00 Dialing peer                               topics="libp2p dialer" tid=6162740 peerId=16U*CbKVbN addrs="[/ip4/172.20.10.14/udp/55956/quic-v1, /ip4/172.20.10.14/tcp/51685]"
[2026-10-04 19:00:08.997] [out] [delivery_module] DBG 2026-10-04 19:00:08.997+02:00 Expanded address and hostname              topics="libp2p dialer" tid=6162740 expandedAddress=/ip4/172.20.10.14/udp/55956/quic-v1 hostname=172.20.10.14 resolvedAddresses="[/ip4/172.20.10.14/udp/55956/quic-v1]"
[2026-10-04 19:00:08.997] [out] [delivery_module] DBG 2026-10-04 19:00:08.997+02:00 New connection established: client         tid=6162740
[2026-10-04 19:00:09.010] [out] [delivery_module] DBG 2026-10-04 19:00:09.010+02:00 Mix lightpush timed out                    topics="waku node lightpush api" tid=6162740 pubsubTopic=/waku/2/rs/3/7 timeout=5s
[2026-10-04 19:00:09.011] [out] [delivery_module] DBG 2026-10-04 19:00:09.011+02:00 MixSendProcessor.sendImpl failed           topics="send service mix processor" tid=6162740 error="Waku lightpush over mix timed out"
[2026-10-04 19:00:09.968] [out] [delivery_module] DBG 2026-10-04 19:00:09.968+02:00 Finished dialing multiple peers            topics="waku node peer_manager" tid=6162740 successfulConns=0 attempted=1
[2026-10-04 19:00:10.014] [out] [delivery_module] DBG 2026-10-04 19:00:10.014+02:00 Trying message delivery via Mix            topics="send service mix processor" tid=6162740 requestId=872e7c4012eae2e068f7 msgHash=0xbccc41c76475dfbf751cb15fc6b12878aa05438be9167e4617d7cca04f9bee11 tryCount=3
[2026-10-04 19:00:10.014] [out] [delivery_module] DBG 2026-10-04 19:00:10.014+02:00 Publishing message without RLN proof       tid=6162740
[2026-10-04 19:00:10.014] [out] [delivery_module] DBG 2026-10-04 19:00:10.014+02:00 Publishing message with lightpush          topics="waku node lightpush api" tid=6162740 pubsubTopic=/waku/2/rs/3/7 contentTopic=/lp0026forum/1/general/text target_peer_id=16U*P1S397 msg_hash=0xbccc41c76475dfbf751cb15fc6b12878aa05438be9167e4617d7cca04f9bee11 mixify=true
[2026-10-04 19:00:10.014] [out] [delivery_module] DBG 2026-10-04 19:00:10.014+02:00 Publish                                    topics="waku lightpush client" tid=6162740 myPeerId=16U*rnT3hk peerId= msgHash=0xbccc41c76475dfbf751cb15fc6b12878aa05438be9167e4617d7cca04f9bee11 sentTime=1791133210014818048
[2026-10-04 19:00:10.015] [out] [delivery_module] DBG 2026-10-04 19:00:10.014+02:00 Destination data                           tid=6162740 destination=MixDestination[MixNode](16Uiu2HAm4S1JYkuzDKLKQvwgAhZKs9otxXqt8SCGtB4hoJP1S397)
[2026-10-04 19:00:10.015] [out] [delivery_module] DBG 2026-10-04 19:00:10.015+02:00 Selected mix node:                         tid=6162740 indexInPath=0 peerId=16U*kGyuEP
[2026-10-04 19:00:10.015] [out] [delivery_module] DBG 2026-10-04 19:00:10.015+02:00 Selected mix node:                         tid=6162740 indexInPath=1 peerId=16U*T3UNSE
[2026-10-04 19:00:10.015] [out] [delivery_module] DBG 2026-10-04 19:00:10.015+02:00 Selected mix node:                         tid=6162740 indexInPath=2 peerId=16U*P1S397
[2026-10-04 19:00:10.015] [out] [delivery_module] DBG 2026-10-04 19:00:10.015+02:00 Selected mix node for surbs:               tid=6162740 indexInPath=0 peerId=16U*kGyuEP
[2026-10-04 19:00:10.016] [out] [delivery_module] DBG 2026-10-04 19:00:10.015+02:00 Selected mix node for surbs:               tid=6162740 indexInPath=1 peerId=16U*T3UNSE
[2026-10-04 19:00:10.021] [out] [delivery_module] DBG 2026-10-04 19:00:10.021+02:00 Dialing failed                             topics="libp2p dialer" tid=6162740 description="quic dial timed out after 3s" peerId=16U*UeND2x address=/ip4/172.20.10.14/udp/51140/quic-v1 hostname=172.20.10.14
[2026-10-04 19:00:10.021] [out] [delivery_module] DBG 2026-10-04 19:00:10.021+02:00 Expanded address and hostname              topics="libp2p dialer" tid=6162740 expandedAddress=/ip4/172.20.10.14/tcp/55656 hostname=172.20.10.14 resolvedAddresses="[/ip4/172.20.10.14/tcp/55656]"
[2026-10-04 19:00:10.022] [out] [delivery_module] DBG 2026-10-04 19:00:10.022+02:00 Dialing failed                             topics="libp2p dialer" tid=6162740 description="TcpTransport dial error: (61) Connection refused" peerId=16U*UeND2x address=/ip4/172.20.10.14/tcp/55656 hostname=172.20.10.14
[2026-10-04 19:00:10.022] [out] [delivery_module] DBG 2026-10-04 19:00:10.022+02:00 Error dialing                              topics="libp2p dialer" tid=6162740 conn=nil peerId=16U*UeND2x protos="[/logos/service-discovery/1.0.0]" addrs="[/ip4/172.20.10.14/udp/51140/quic-v1, /ip4/172.20.10.14/tcp/55656]" description="Unable to establish outgoing link in establishConnection: peer_id=16U*UeND2x addrs=@[/ip4/172.20.10.14/udp/51140/quic-v1, /ip4/172.20.10.14/tcp/55656]"
[2026-10-04 19:00:10.022] [out] [delivery_module] DBG 2026-10-04 19:00:10.022+02:00 Dialing peer                               topics="libp2p dialer" tid=6162740 peerId=16U*UeND2x addrs="[/ip4/172.20.10.14/udp/51140/quic-v1, /ip4/172.20.10.14/tcp/55656]"
[2026-10-04 19:00:10.022] [out] [delivery_module] DBG 2026-10-04 19:00:10.022+02:00 Expanded address and hostname              topics="libp2p dialer" tid=6162740 expandedAddress=/ip4/172.20.10.14/udp/51140/quic-v1 hostname=172.20.10.14 resolvedAddresses="[/ip4/172.20.10.14/udp/51140/quic-v1]"
[2026-10-04 19:00:10.022] [out] [delivery_module] DBG 2026-10-04 19:00:10.022+02:00 New connection established: client         tid=6162740
[2026-10-04 19:00:10.877] [out] [delivery_module] INF 2026-10-04 19:00:10.877+02:00 Message received                           tid=6162740 msg_hash=0xbccc41c76475dfbf751cb15fc6b12878aa05438be9167e4617d7cca04f9bee11 contentTopic=/lp0026forum/1/general/text pubsubTopic=/waku/2/rs/3/7 source=live
[2026-10-04 19:00:10.905] [out] [delivery_module] DBG 2026-10-04 19:00:10.905+02:00 calculateConnectionState                   tid=6162740 relayCount=6 storeClientCount=5 lightpushCount=6 filterCount=6
[2026-10-04 19:00:11.524] [out] [delivery_module] DBG 2026-10-04 19:00:11.524+02:00 Message propagated via Mix                 topics="send service mix processor" tid=6162740 requestId=872e7c4012eae2e068f7 msgHash=0xbccc41c76475dfbf751cb15fc6b12878aa05438be9167e4617d7cca04f9bee11
[2026-10-04 19:00:11.524] [out] [delivery_module] INF 2026-10-04 19:00:11.524+02:00 Message successfully propagated            topics="send service" tid=6162740 requestId=872e7c4012eae2e068f7 msgHash=withheld
[2026-10-04 19:00:11.524] [out] [delivery_module] INF 2026-10-04 19:00:11.524+02:00 Message successfully sent over mix         topics="send service" tid=6162740 requestId=872e7c4012eae2e068f7
[2026-10-04 19:00:11.994] [out] [delivery_module] DBG 2026-10-04 19:00:11.994+02:00 Dialing failed                             topics="libp2p dialer" tid=6162740 description="quic dial timed out after 3s" peerId=16U*JXZN12 address=/ip4/172.20.10.14/udp/62834/quic-v1 hostname=172.20.10.14
[2026-10-04 19:00:11.995] [out] [delivery_module] DBG 2026-10-04 19:00:11.995+02:00 Expanded address and hostname              topics="libp2p dialer" tid=6162740 expandedAddress=/ip4/172.20.10.14/tcp/49738 hostname=172.20.10.14 resolvedAddresses="[/ip4/172.20.10.14/tcp/49738]"
[2026-10-04 19:00:11.996] [out] [delivery_module] DBG 2026-10-04 19:00:11.996+02:00 Dialing failed                             topics="libp2p dialer" tid=6162740 description="TcpTransport dial error: (61) Connection refused" peerId=16U*JXZN12 address=/ip4/172.20.10.14/tcp/49738 hostname=172.20.10.14
[2026-10-04 19:00:11.996] [out] [delivery_module] DBG 2026-10-04 19:00:11.996+02:00 Dialing failed                             topics="libp2p dialer" tid=6162740 description="quic dial timed out after 3s" peerId=16U*xpM86W address=/ip4/172.20.10.14/udp/60461/quic-v1 hostname=172.20.10.14
[2026-10-04 19:00:11.996] [out] [delivery_module] DBG 2026-10-04 19:00:11.996+02:00 Expanded address and hostname              topics="libp2p dialer" tid=6162740 expandedAddress=/ip4/172.20.10.14/tcp/54478 hostname=172.20.10.14 resolvedAddresses="[/ip4/172.20.10.14/tcp/54478]"
[2026-10-04 19:00:11.997] [out] [delivery_module] DBG 2026-10-04 19:00:11.997+02:00 Error dialing                              topics="libp2p dialer" tid=6162740 conn=nil peerId=16U*JXZN12 protos="[/logos/service-discovery/1.0.0]" addrs="[/ip4/172.20.10.14/udp/62834/quic-v1, /ip4/172.20.10.14/tcp/49738]" description="Unable to establish outgoing link in establishConnection: peer_id=16U*JXZN12 addrs=@[/ip4/172.20.10.14/udp/62834/quic-v1, /ip4/172.20.10.14/tcp/49738]"
[2026-10-04 19:00:11.997] [out] [delivery_module] DBG 2026-10-04 19:00:11.997+02:00 Dialing failed                             topics="libp2p dialer" tid=6162740 description="quic dial timed out after 3s" peerId=16U*8rq3kg address=/ip4/172.20.10.14/udp/49629/quic-v1 hostname=172.20.10.14
[2026-10-04 19:00:11.997] [out] [delivery_module] DBG 2026-10-04 19:00:11.997+02:00 Expanded address and hostname              topics="libp2p dialer" tid=6162740 expandedAddress=/ip4/172.20.10.14/tcp/50996 hostname=172.20.10.14 resolvedAddresses="[/ip4/172.20.10.14/tcp/50996]"
[2026-10-04 19:00:11.998] [out] [delivery_module] DBG 2026-10-04 19:00:11.998+02:00 Dialing failed                             topics="libp2p dialer" tid=6162740 description="TcpTransport dial error: (61) Connection refused" peerId=16U*xpM86W address=/ip4/172.20.10.14/tcp/54478 hostname=172.20.10.14
[2026-10-04 19:00:11.998] [out] [delivery_module] DBG 2026-10-04 19:00:11.998+02:00 Dialing failed                             topics="libp2p dialer" tid=6162740 description="TcpTransport dial error: (61) Connection refused" peerId=16U*8rq3kg address=/ip4/172.20.10.14/tcp/50996 hostname=172.20.10.14
[2026-10-04 19:00:11.998] [out] [delivery_module] DBG 2026-10-04 19:00:11.998+02:00 Error dialing                              topics="libp2p dialer" tid=6162740 conn=nil peerId=16U*xpM86W protos="[/logos/service-discovery/1.0.0]" addrs="[/ip4/172.20.10.14/udp/60461/quic-v1, /ip4/172.20.10.14/tcp/54478]" description="Unable to establish outgoing link in establishConnection: peer_id=16U*xpM86W addrs=@[/ip4/172.20.10.14/udp/60461/quic-v1, /ip4/172.20.10.14/tcp/54478]"
[2026-10-04 19:00:11.999] [out] [delivery_module] DBG 2026-10-04 19:00:11.998+02:00 Dialing failed                             topics="libp2p dialer" tid=6162740 description="quic dial timed out after 3s" peerId=16U*UMrxyT address=/ip4/172.20.10.14/udp/59518/quic-v1 hostname=172.20.10.14
[2026-10-04 19:00:11.999] [out] [delivery_module] DBG 2026-10-04 19:00:11.999+02:00 Expanded address and hostname              topics="libp2p dialer" tid=6162740 expandedAddress=/ip4/172.20.10.14/tcp/53863 hostname=172.20.10.14 resolvedAddresses="[/ip4/172.20.10.14/tcp/53863]"
[2026-10-04 19:00:11.999] [out] [delivery_module] DBG 2026-10-04 19:00:11.999+02:00 Dialing failed                             topics="libp2p dialer" tid=6162740 description="quic dial timed out after 3s" peerId=16U*CbKVbN address=/ip4/172.20.10.14/udp/55956/quic-v1 hostname=172.20.10.14
[2026-10-04 19:00:11.999] [out] [delivery_module] DBG 2026-10-04 19:00:11.999+02:00 Error dialing                              topics="libp2p dialer" tid=6162740 conn=nil peerId=16U*8rq3kg protos="[/logos/service-discovery/1.0.0]" addrs="[/ip4/172.20.10.14/udp/49629/quic-v1, /ip4/172.20.10.14/tcp/50996]" description="Unable to establish outgoing link in establishConnection: peer_id=16U*8rq3kg addrs=@[/ip4/172.20.10.14/udp/49629/quic-v1, /ip4/172.20.10.14/tcp/50996]"
[2026-10-04 19:00:11.999] [out] [delivery_module] DBG 2026-10-04 19:00:11.999+02:00 Expanded address and hostname              topics="libp2p dialer" tid=6162740 expandedAddress=/ip4/172.20.10.14/tcp/51685 hostname=172.20.10.14 resolvedAddresses="[/ip4/172.20.10.14/tcp/51685]"
[2026-10-04 19:00:12.000] [out] [delivery_module] DBG 2026-10-04 19:00:12.000+02:00 Dialing failed                             topics="libp2p dialer" tid=6162740 description="TcpTransport dial error: (61) Connection refused" peerId=16U*UMrxyT address=/ip4/172.20.10.14/tcp/53863 hostname=172.20.10.14
[2026-10-04 19:00:12.000] [out] [delivery_module] DBG 2026-10-04 19:00:12.000+02:00 Dialing peer                               topics="libp2p dialer" tid=6162740 peerId=16U*xpM86W addrs="[/ip4/172.20.10.14/udp/60461/quic-v1, /ip4/172.20.10.14/tcp/54478]"
[2026-10-04 19:00:12.000] [out] [delivery_module] DBG 2026-10-04 19:00:12.000+02:00 Expanded address and hostname              topics="libp2p dialer" tid=6162740 expandedAddress=/ip4/172.20.10.14/udp/60461/quic-v1 hostname=172.20.10.14 resolvedAddresses="[/ip4/172.20.10.14/udp/60461/quic-v1]"
[2026-10-04 19:00:12.000] [out] [delivery_module] DBG 2026-10-04 19:00:12.000+02:00 New connection established: client         tid=6162740
[2026-10-04 19:00:12.001] [out] [delivery_module] DBG 2026-10-04 19:00:12.001+02:00 Dialing failed                             topics="libp2p dialer" tid=6162740 description="TcpTransport dial error: (61) Connection refused" peerId=16U*CbKVbN address=/ip4/172.20.10.14/tcp/51685 hostname=172.20.10.14
[2026-10-04 19:00:12.001] [out] [delivery_module] DBG 2026-10-04 19:00:12.001+02:00 Dialing peer                               topics="libp2p dialer" tid=6162740 peerId=16U*8rq3kg addrs="[/ip4/172.20.10.14/udp/49629/quic-v1, /ip4/172.20.10.14/tcp/50996]"
[2026-10-04 19:00:12.001] [out] [delivery_module] DBG 2026-10-04 19:00:12.001+02:00 Expanded address and hostname              topics="libp2p dialer" tid=6162740 expandedAddress=/ip4/172.20.10.14/udp/49629/quic-v1 hostname=172.20.10.14 resolvedAddresses="[/ip4/172.20.10.14/udp/49629/quic-v1]"
[2026-10-04 19:00:12.001] [out] [delivery_module] DBG 2026-10-04 19:00:12.001+02:00 New connection established: client         tid=6162740
[2026-10-04 19:00:12.001] [out] [delivery_module] DBG 2026-10-04 19:00:12.001+02:00 Error dialing                              topics="libp2p dialer" tid=6162740 conn=nil peerId=16U*UMrxyT protos="[/logos/service-discovery/1.0.0]" addrs="[/ip4/172.20.10.14/udp/59518/quic-v1, /ip4/172.20.10.14/tcp/53863]" description="Unable to establish outgoing link in establishConnection: peer_id=16U*UMrxyT addrs=@[/ip4/172.20.10.14/udp/59518/quic-v1, /ip4/172.20.10.14/tcp/53863]"
[2026-10-04 19:00:12.002] [out] [delivery_module] DBG 2026-10-04 19:00:12.001+02:00 Error dialing                              topics="libp2p dialer" tid=6162740 conn=nil peerId=16U*CbKVbN protos="[/logos/service-discovery/1.0.0]" addrs="[/ip4/172.20.10.14/udp/55956/quic-v1, /ip4/172.20.10.14/tcp/51685]" description="Unable to establish outgoing link in establishConnection: peer_id=16U*CbKVbN addrs=@[/ip4/172.20.10.14/udp/55956/quic-v1, /ip4/172.20.10.14/tcp/51685]"
[2026-10-04 19:00:12.002] [out] [delivery_module] DBG 2026-10-04 19:00:12.002+02:00 Dialing peer                               topics="libp2p dialer" tid=6162740 peerId=16U*UMrxyT addrs="[/ip4/172.20.10.14/udp/59518/quic-v1, /ip4/172.20.10.14/tcp/53863]"
[2026-10-04 19:00:12.002] [out] [delivery_module] DBG 2026-10-04 19:00:12.002+02:00 Expanded address and hostname              topics="libp2p dialer" tid=6162740 expandedAddress=/ip4/172.20.10.14/udp/59518/quic-v1 hostname=172.20.10.14 resolvedAddresses="[/ip4/172.20.10.14/udp/59518/quic-v1]"
[2026-10-04 19:00:12.002] [out] [delivery_module] DBG 2026-10-04 19:00:12.002+02:00 New connection established: client         tid=6162740
[2026-10-04 19:00:12.002] [out] [delivery_module] DBG 2026-10-04 19:00:12.002+02:00 Dialing peer                               topics="libp2p dialer" tid=6162740 peerId=16U*CbKVbN addrs="[/ip4/172.20.10.14/udp/55956/quic-v1, /ip4/172.20.10.14/tcp/51685]"
[2026-10-04 19:00:12.003] [out] [delivery_module] DBG 2026-10-04 19:00:12.003+02:00 Expanded address and hostname              topics="libp2p dialer" tid=6162740 expandedAddress=/ip4/172.20.10.14/udp/55956/quic-v1 hostname=172.20.10.14 resolvedAddresses="[/ip4/172.20.10.14/udp/55956/quic-v1]"
[2026-10-04 19:00:12.003] [out] [delivery_module] DBG 2026-10-04 19:00:12.003+02:00 New connection established: client         tid=6162740
[2026-10-04 19:00:12.003] [out] [delivery_module] DBG 2026-10-04 19:00:12.003+02:00 Lookup query                               topics="kad-dht find" tid=6162740 peer=16U*33uyAY
[2026-10-04 19:00:12.003] [out] [delivery_module] DBG 2026-10-04 19:00:12.003+02:00 Dialing peer                               topics="libp2p dialer" tid=6162740 peerId=16U*33uyAY addrs="[/ip4/172.20.10.14/udp/52840/quic-v1, /ip4/172.20.10.14/tcp/51591]"
[2026-10-04 19:00:12.004] [out] [delivery_module] DBG 2026-10-04 19:00:12.003+02:00 Expanded address and hostname              topics="libp2p dialer" tid=6162740 expandedAddress=/ip4/172.20.10.14/udp/52840/quic-v1 hostname=172.20.10.14 resolvedAddresses="[/ip4/172.20.10.14/udp/52840/quic-v1]"
[2026-10-04 19:00:12.004] [out] [delivery_module] DBG 2026-10-04 19:00:12.004+02:00 New connection established: client         tid=6162740
[2026-10-04 19:00:12.986] [out] [delivery_module] DBG 2026-10-04 19:00:12.986+02:00 Lookup query                               topics="kad-dht find" tid=6162740 peer=16U*UeND2x
[2026-10-04 19:00:12.986] [out] [delivery_module] DBG 2026-10-04 19:00:12.986+02:00 Lookup query                               topics="kad-dht find" tid=6162740 peer=16U*33uyAY
[2026-10-04 19:00:12.987] [out] [delivery_module] DBG 2026-10-04 19:00:12.987+02:00 Kad lookup: RPC error                      topics="kad-dht find" tid=6162740 peer=16U*UeND2x msg="dialStage: timed out dialing the peer"
[2026-10-04 19:00:12.989] [out] [delivery_module] DBG 2026-10-04 19:00:12.989+02:00 Kad lookup: RPC error                      topics="kad-dht find" tid=6162740 peer=16U*UeND2x msg="dialStage: timed out dialing the peer"
[2026-10-04 19:00:12.989] [out] [delivery_module] DBG 2026-10-04 19:00:12.989+02:00 Kad lookup: RPC error                      topics="kad-dht find" tid=6162740 peer=16U*Hv8wAS msg="dialStage: timed out dialing the peer"
[2026-10-04 19:00:12.989] [out] [delivery_module] DBG 2026-10-04 19:00:12.989+02:00 Lookup query                               topics="kad-dht find" tid=6162740 peer=16U*UeND2x
[2026-10-04 19:00:13.025] [out] [delivery_module] DBG 2026-10-04 19:00:13.025+02:00 Dialing failed                             topics="libp2p dialer" tid=6162740 description="quic dial timed out after 3s" peerId=16U*UeND2x address=/ip4/172.20.10.14/udp/51140/quic-v1 hostname=172.20.10.14
[2026-10-04 19:00:13.025] [out] [delivery_module] DBG 2026-10-04 19:00:13.025+02:00 Expanded address and hostname              topics="libp2p dialer" tid=6162740 expandedAddress=/ip4/172.20.10.14/tcp/55656 hostname=172.20.10.14 resolvedAddresses="[/ip4/172.20.10.14/tcp/55656]"
[2026-10-04 19:00:13.025] [out] [delivery_module] DBG 2026-10-04 19:00:13.025+02:00 Dialing failed                             topics="libp2p dialer" tid=6162740 description="TcpTransport dial error: (61) Connection refused" peerId=16U*UeND2x address=/ip4/172.20.10.14/tcp/55656 hostname=172.20.10.14
[2026-10-04 19:00:13.025] [out] [delivery_module] DBG 2026-10-04 19:00:13.025+02:00 Error dialing                              topics="libp2p dialer" tid=6162740 conn=nil peerId=16U*UeND2x protos="[/logos/service-discovery/1.0.0]" addrs="[/ip4/172.20.10.14/udp/51140/quic-v1, /ip4/172.20.10.14/tcp/55656]" description="Unable to establish outgoing link in establishConnection: peer_id=16U*UeND2x addrs=@[/ip4/172.20.10.14/udp/51140/quic-v1, /ip4/172.20.10.14/tcp/55656]"
[2026-10-04 19:00:13.025] [out] [delivery_module] DBG 2026-10-04 19:00:13.025+02:00 Dialing peer                               topics="libp2p dialer" tid=6162740 peerId=16U*UeND2x addrs="[/ip4/172.20.10.14/udp/51140/quic-v1, /ip4/172.20.10.14/tcp/55656]"
[2026-10-04 19:00:13.026] [out] [delivery_module] DBG 2026-10-04 19:00:13.026+02:00 Expanded address and hostname              topics="libp2p dialer" tid=6162740 expandedAddress=/ip4/172.20.10.14/udp/51140/quic-v1 hostname=172.20.10.14 resolvedAddresses="[/ip4/172.20.10.14/udp/51140/quic-v1]"
[2026-10-04 19:00:13.026] [out] [delivery_module] DBG 2026-10-04 19:00:13.026+02:00 New connection established: client         tid=6162740
[2026-10-04 19:00:13.314] [out] [delivery_module] DBG 2026-10-04 19:00:13.314+02:00 Kad lookup: RPC error                      topics="kad-dht find" tid=6162740 peer=16U*t5HAoy msg="dialStage: timed out dialing the peer"
[2026-10-04 19:00:13.314] [out] [delivery_module] DBG 2026-10-04 19:00:13.314+02:00 Kad lookup: RPC error                      topics="kad-dht find" tid=6162740 peer=16U*RZcwkN msg="dialStage: timed out dialing the peer"
[2026-10-04 19:00:13.314] [out] [delivery_module] DBG 2026-10-04 19:00:13.314+02:00 Kad lookup: RPC error                      topics="kad-dht find" tid=6162740 peer=16U*kpeu1j msg="dialStage: timed out dialing the peer"
[2026-10-04 19:00:13.314] [out] [delivery_module] DBG 2026-10-04 19:00:13.314+02:00 Kad lookup: RPC error                      topics="kad-dht find" tid=6162740 peer=16U*Hv8wAS msg="dialStage: timed out dialing the peer"
[2026-10-04 19:00:13.314] [out] [delivery_module] DBG 2026-10-04 19:00:13.314+02:00 Lookup query                               topics="kad-dht find" tid=6162740 peer=16U*t5HAoy
[2026-10-04 19:00:13.314] [out] [delivery_module] DBG 2026-10-04 19:00:13.314+02:00 Lookup query                               topics="kad-dht find" tid=6162740 peer=16U*RZcwkN
[2026-10-04 19:00:13.314] [out] [delivery_module] DBG 2026-10-04 19:00:13.314+02:00 Lookup query                               topics="kad-dht find" tid=6162740 peer=16U*kpeu1j
[2026-10-04 19:00:13.381] [out] [delivery_module] DBG 2026-10-04 19:00:13.381+02:00 Local table insertion                      tid=6162740 key=key:00250802122103DC35FD6DD037DCD9C3C15C1504F95D627B23FA81197142C5E3B988E0607965E4 value=key:0A250802122103DC35FD6DD037DCD9C3C15C1504F95D627B23FA81197142C5E3B988E0607965E4120203011AC6010A2700250802122103DC35FD6DD037DCD9C3C15C1504F95D627B23FA81197142C5E3B988E0607965E410DDCAAC091A0A0A08048A447A8906765F1A0D0A0B048A447A899102765FCD031A2E0A2C362764656C69766572792D30312E646F2D616D73332E6C6F676F732E6465762E7374617475732E696D06765F222E0A0A2F6D69782F312E302E301220C288A425A6209C74EC07E2E8B6816E9B6995D1CD59B1AB482317C3DFB3BA200F221B0A0F2F6C6F676F732F64656C69766572791208415141444C2F383D2A473045022100B7B7B360360CAD39E71FD8B4641B6BDF0D9220423636A2663CF121C63D7467AE0220608631862E1E9939BAADE3B39EA69C6E713C3DD7559FA8D21D16D130D2C938BC
[2026-10-04 19:00:13.484] [out] [delivery_module] DBG 2026-10-04 19:00:13.484+02:00 Kad lookup: RPC error                      topics="kad-dht find" tid=6162740 peer=16U*kpeu1j msg="dialStage: timed out dialing the peer"
[2026-10-04 19:00:13.484] [out] [delivery_module] DBG 2026-10-04 19:00:13.484+02:00 Kad lookup: RPC error                      topics="kad-dht find" tid=6162740 peer=16U*RZcwkN msg="dialStage: timed out dialing the peer"
[2026-10-04 19:00:13.484] [out] [delivery_module] DBG 2026-10-04 19:00:13.484+02:00 Kad lookup: RPC error                      topics="kad-dht find" tid=6162740 peer=16U*Hv8wAS msg="dialStage: timed out dialing the peer"
[2026-10-04 19:00:13.484] [out] [delivery_module] DBG 2026-10-04 19:00:13.484+02:00 Kad lookup: RPC error                      topics="kad-dht find" tid=6162740 peer=16U*t5HAoy msg="dialStage: timed out dialing the peer"
[2026-10-04 19:00:13.485] [out] [delivery_module] DBG 2026-10-04 19:00:13.485+02:00 Lookup query                               topics="kad-dht find" tid=6162740 peer=16U*kpeu1j
[2026-10-04 19:00:13.485] [out] [delivery_module] DBG 2026-10-04 19:00:13.485+02:00 Lookup query                               topics="kad-dht find" tid=6162740 peer=16U*t5HAoy
[2026-10-04 19:00:13.485] [out] [delivery_module] DBG 2026-10-04 19:00:13.485+02:00 Lookup query                               topics="kad-dht find" tid=6162740 peer=16U*RZcwkN
[2026-10-04 19:00:13.980] [out] [delivery_module] DBG 2026-10-04 19:00:13.980+02:00 Kad lookup: RPC error                      topics="kad-dht find" tid=6162740 peer=16U*RZcwkN msg="dialStage: timed out dialing the peer"
[2026-10-04 19:00:13.980] [out] [delivery_module] DBG 2026-10-04 19:00:13.980+02:00 Kad lookup: RPC error                      topics="kad-dht find" tid=6162740 peer=16U*t5HAoy msg="dialStage: timed out dialing the peer"
[2026-10-04 19:00:13.980] [out] [delivery_module] DBG 2026-10-04 19:00:13.980+02:00 Kad lookup: RPC error                      topics="kad-dht find" tid=6162740 peer=16U*kpeu1j msg="dialStage: timed out dialing the peer"
[2026-10-04 19:00:13.980] [out] [delivery_module] DBG 2026-10-04 19:00:13.980+02:00 Kad lookup: RPC error                      topics="kad-dht find" tid=6162740 peer=16U*8rq3kg msg="dialStage: timed out dialing the peer"
[2026-10-04 19:00:13.980] [out] [delivery_module] DBG 2026-10-04 19:00:13.980+02:00 Kad lookup: RPC error                      topics="kad-dht find" tid=6162740 peer=16U*UMrxyT msg="dialStage: timed out dialing the peer"
[2026-10-04 19:00:13.980] [out] [delivery_module] DBG 2026-10-04 19:00:13.980+02:00 Kad lookup: RPC error                      topics="kad-dht find" tid=6162740 peer=16U*CbKVbN msg="dialStage: timed out dialing the peer"
[2026-10-04 19:00:13.980] [out] [delivery_module] DBG 2026-10-04 19:00:13.980+02:00 Kad lookup: RPC error                      topics="kad-dht find" tid=6162740 peer=16U*xpM86W msg="dialStage: timed out dialing the peer"
[2026-10-04 19:00:13.980] [out] [delivery_module] DBG 2026-10-04 19:00:13.980+02:00 Lookup query                               topics="kad-dht find" tid=6162740 peer=16U*kpeu1j
[2026-10-04 19:00:13.980] [out] [delivery_module] DBG 2026-10-04 19:00:13.980+02:00 Lookup query                               topics="kad-dht find" tid=6162740 peer=16U*t5HAoy
[2026-10-04 19:00:13.980] [out] [delivery_module] DBG 2026-10-04 19:00:13.980+02:00 Lookup query                               topics="kad-dht find" tid=6162740 peer=16U*RZcwkN
[2026-10-04 19:00:13.980] [out] [delivery_module] DBG 2026-10-04 19:00:13.980+02:00 Lookup query                               topics="kad-dht find" tid=6162740 peer=16U*33uyAY
[2026-10-04 19:00:15.003] [out] [delivery_module] DBG 2026-10-04 19:00:15.003+02:00 Dialing failed                             topics="libp2p dialer" tid=6162740 description="quic dial timed out after 3s" peerId=16U*xpM86W address=/ip4/172.20.10.14/udp/60461/quic-v1 hostname=172.20.10.14
[2026-10-04 19:00:15.003] [out] [delivery_module] DBG 2026-10-04 19:00:15.003+02:00 Dialing failed                             topics="libp2p dialer" tid=6162740 description="quic dial timed out after 3s" peerId=16U*8rq3kg address=/ip4/172.20.10.14/udp/49629/quic-v1 hostname=172.20.10.14
[2026-10-04 19:00:15.003] [out] [delivery_module] DBG 2026-10-04 19:00:15.003+02:00 Dialing failed                             topics="libp2p dialer" tid=6162740 description="quic dial timed out after 3s" peerId=16U*UMrxyT address=/ip4/172.20.10.14/udp/59518/quic-v1 hostname=172.20.10.14
[2026-10-04 19:00:15.003] [out] [delivery_module] DBG 2026-10-04 19:00:15.003+02:00 Expanded address and hostname              topics="libp2p dialer" tid=6162740 expandedAddress=/ip4/172.20.10.14/tcp/54478 hostname=172.20.10.14 resolvedAddresses="[/ip4/172.20.10.14/tcp/54478]"
[2026-10-04 19:00:15.004] [out] [delivery_module] DBG 2026-10-04 19:00:15.004+02:00 Expanded address and hostname              topics="libp2p dialer" tid=6162740 expandedAddress=/ip4/172.20.10.14/tcp/50996 hostname=172.20.10.14 resolvedAddresses="[/ip4/172.20.10.14/tcp/50996]"
[2026-10-04 19:00:15.004] [out] [delivery_module] DBG 2026-10-04 19:00:15.004+02:00 Expanded address and hostname              topics="libp2p dialer" tid=6162740 expandedAddress=/ip4/172.20.10.14/tcp/53863 hostname=172.20.10.14 resolvedAddresses="[/ip4/172.20.10.14/tcp/53863]"
[2026-10-04 19:00:15.004] [out] [delivery_module] DBG 2026-10-04 19:00:15.004+02:00 Dialing failed                             topics="libp2p dialer" tid=6162740 description="TcpTransport dial error: (61) Connection refused" peerId=16U*xpM86W address=/ip4/172.20.10.14/tcp/54478 hostname=172.20.10.14
[2026-10-04 19:00:15.004] [out] [delivery_module] DBG 2026-10-04 19:00:15.004+02:00 Dialing failed                             topics="libp2p dialer" tid=6162740 description="TcpTransport dial error: (61) Connection refused" peerId=16U*8rq3kg address=/ip4/172.20.10.14/tcp/50996 hostname=172.20.10.14
[2026-10-04 19:00:15.004] [out] [delivery_module] DBG 2026-10-04 19:00:15.004+02:00 Dialing failed                             topics="libp2p dialer" tid=6162740 description="TcpTransport dial error: (61) Connection refused" peerId=16U*UMrxyT address=/ip4/172.20.10.14/tcp/53863 hostname=172.20.10.14
[2026-10-04 19:00:15.005] [out] [delivery_module] DBG 2026-10-04 19:00:15.005+02:00 Dialing failed                             topics="libp2p dialer" tid=6162740 description="quic dial timed out after 3s" peerId=16U*CbKVbN address=/ip4/172.20.10.14/udp/55956/quic-v1 hostname=172.20.10.14
[2026-10-04 19:00:15.005] [out] [delivery_module] DBG 2026-10-04 19:00:15.005+02:00 Expanded address and hostname              topics="libp2p dialer" tid=6162740 expandedAddress=/ip4/172.20.10.14/tcp/51685 hostname=172.20.10.14 resolvedAddresses="[/ip4/172.20.10.14/tcp/51685]"
[2026-10-04 19:00:15.005] [out] [delivery_module] DBG 2026-10-04 19:00:15.005+02:00 Dialing failed                             topics="libp2p dialer" tid=6162740 description="quic dial timed out after 3s" peerId=16U*33uyAY address=/ip4/172.20.10.14/udp/52840/quic-v1 hostname=172.20.10.14
[2026-10-04 19:00:15.005] [out] [delivery_module] DBG 2026-10-04 19:00:15.005+02:00 Error dialing                              topics="libp2p dialer" tid=6162740 conn=nil peerId=16U*xpM86W protos="[/logos/service-discovery/1.0.0]" addrs="[/ip4/172.20.10.14/udp/60461/quic-v1, /ip4/172.20.10.14/tcp/54478]" description="Unable to establish outgoing link in establishConnection: peer_id=16U*xpM86W addrs=@[/ip4/172.20.10.14/udp/60461/quic-v1, /ip4/172.20.10.14/tcp/54478]"
[2026-10-04 19:00:15.005] [out] [delivery_module] DBG 2026-10-04 19:00:15.005+02:00 Error dialing                              topics="libp2p dialer" tid=6162740 conn=nil peerId=16U*8rq3kg protos="[/logos/service-discovery/1.0.0]" addrs="[/ip4/172.20.10.14/udp/49629/quic-v1, /ip4/172.20.10.14/tcp/50996]" description="Unable to establish outgoing link in establishConnection: peer_id=16U*8rq3kg addrs=@[/ip4/172.20.10.14/udp/49629/quic-v1, /ip4/172.20.10.14/tcp/50996]"
[2026-10-04 19:00:15.005] [out] [delivery_module] DBG 2026-10-04 19:00:15.005+02:00 Expanded address and hostname              topics="libp2p dialer" tid=6162740 expandedAddress=/ip4/172.20.10.14/tcp/51591 hostname=172.20.10.14 resolvedAddresses="[/ip4/172.20.10.14/tcp/51591]"
[2026-10-04 19:00:15.005] [out] [delivery_module] DBG 2026-10-04 19:00:15.005+02:00 Error dialing                              topics="libp2p dialer" tid=6162740 conn=nil peerId=16U*UMrxyT protos="[/logos/service-discovery/1.0.0]" addrs="[/ip4/172.20.10.14/udp/59518/quic-v1, /ip4/172.20.10.14/tcp/53863]" description="Unable to establish outgoing link in establishConnection: peer_id=16U*UMrxyT addrs=@[/ip4/172.20.10.14/udp/59518/quic-v1, /ip4/172.20.10.14/tcp/53863]"
[2026-10-04 19:00:15.005] [out] [delivery_module] DBG 2026-10-04 19:00:15.005+02:00 Dialing failed                             topics="libp2p dialer" tid=6162740 description="TcpTransport dial error: (61) Connection refused" peerId=16U*CbKVbN address=/ip4/172.20.10.14/tcp/51685 hostname=172.20.10.14
[2026-10-04 19:00:15.005] [out] [delivery_module] DBG 2026-10-04 19:00:15.005+02:00 Dialing failed                             topics="libp2p dialer" tid=6162740 description="TcpTransport dial error: (61) Connection refused" peerId=16U*33uyAY address=/ip4/172.20.10.14/tcp/51591 hostname=172.20.10.14
[2026-10-04 19:00:15.005] [out] [delivery_module] DBG 2026-10-04 19:00:15.005+02:00 Error dialing                              topics="libp2p dialer" tid=6162740 conn=nil peerId=16U*CbKVbN protos="[/logos/service-discovery/1.0.0]" addrs="[/ip4/172.20.10.14/udp/55956/quic-v1, /ip4/172.20.10.14/tcp/51685]" description="Unable to establish outgoing link in establishConnection: peer_id=16U*CbKVbN addrs=@[/ip4/172.20.10.14/udp/55956/quic-v1, /ip4/172.20.10.14/tcp/51685]"
[2026-10-04 19:00:15.005] [out] [delivery_module] DBG 2026-10-04 19:00:15.005+02:00 Error dialing                              topics="libp2p dialer" tid=6162740 conn=nil peerId=16U*33uyAY protos="[/logos/service-discovery/1.0.0]" addrs="[/ip4/172.20.10.14/udp/52840/quic-v1, /ip4/172.20.10.14/tcp/51591]" description="Unable to establish outgoing link in establishConnection: peer_id=16U*33uyAY addrs=@[/ip4/172.20.10.14/udp/52840/quic-v1, /ip4/172.20.10.14/tcp/51591]"
[2026-10-04 19:00:15.006] [out] [delivery_module] DBG 2026-10-04 19:00:15.006+02:00 Dialing peer                               topics="libp2p dialer" tid=6162740 peerId=16U*33uyAY addrs="[/ip4/172.20.10.14/udp/52840/quic-v1, /ip4/172.20.10.14/tcp/51591]"
[2026-10-04 19:00:15.006] [out] [delivery_module] DBG 2026-10-04 19:00:15.006+02:00 Expanded address and hostname              topics="libp2p dialer" tid=6162740 expandedAddress=/ip4/172.20.10.14/udp/52840/quic-v1 hostname=172.20.10.14 resolvedAddresses="[/ip4/172.20.10.14/udp/52840/quic-v1]"
[2026-10-04 19:00:15.006] [out] [delivery_module] DBG 2026-10-04 19:00:15.006+02:00 New connection established: client         tid=6162740
[2026-10-04 19:00:16.029] [out] [delivery_module] DBG 2026-10-04 19:00:16.028+02:00 Dialing failed                             topics="libp2p dialer" tid=6162740 description="quic dial timed out after 3s" peerId=16U*UeND2x address=/ip4/172.20.10.14/udp/51140/quic-v1 hostname=172.20.10.14
[2026-10-04 19:00:16.029] [out] [delivery_module] DBG 2026-10-04 19:00:16.029+02:00 Expanded address and hostname              topics="libp2p dialer" tid=6162740 expandedAddress=/ip4/172.20.10.14/tcp/55656 hostname=172.20.10.14 resolvedAddresses="[/ip4/172.20.10.14/tcp/55656]"
[2026-10-04 19:00:16.030] [out] [delivery_module] DBG 2026-10-04 19:00:16.030+02:00 Dialing failed                             topics="libp2p dialer" tid=6162740 description="TcpTransport dial error: (61) Connection refused" peerId=16U*UeND2x address=/ip4/172.20.10.14/tcp/55656 hostname=172.20.10.14
[2026-10-04 19:00:16.031] [out] [delivery_module] DBG 2026-10-04 19:00:16.031+02:00 Error dialing                              topics="libp2p dialer" tid=6162740 conn=nil peerId=16U*UeND2x protos="[/logos/service-discovery/1.0.0]" addrs="[/ip4/172.20.10.14/udp/51140/quic-v1, /ip4/172.20.10.14/tcp/55656]" description="Unable to establish outgoing link in establishConnection: peer_id=16U*UeND2x addrs=@[/ip4/172.20.10.14/udp/51140/quic-v1, /ip4/172.20.10.14/tcp/55656]"
[2026-10-04 19:00:16.031] [out] [delivery_module] DBG 2026-10-04 19:00:16.031+02:00 Dialing peer                               topics="libp2p dialer" tid=6162740 peerId=16U*UeND2x addrs="[/ip4/172.20.10.14/udp/51140/quic-v1, /ip4/172.20.10.14/tcp/55656]"
[2026-10-04 19:00:16.031] [out] [delivery_module] DBG 2026-10-04 19:00:16.031+02:00 Expanded address and hostname              topics="libp2p dialer" tid=6162740 expandedAddress=/ip4/172.20.10.14/udp/51140/quic-v1 hostname=172.20.10.14 resolvedAddresses="[/ip4/172.20.10.14/udp/51140/quic-v1]"
[2026-10-04 19:00:16.031] [out] [delivery_module] DBG 2026-10-04 19:00:16.031+02:00 New connection established: client         tid=6162740
[2026-10-04 19:00:17.988] [out] [delivery_module] DBG 2026-10-04 19:00:17.988+02:00 Kad lookup: RPC error                      topics="kad-dht find" tid=6162740 peer=16U*UeND2x msg="dialStage: timed out dialing the peer"
[2026-10-04 19:00:17.988] [out] [delivery_module] DBG 2026-10-04 19:00:17.988+02:00 Kad lookup: RPC error                      topics="kad-dht find" tid=6162740 peer=16U*33uyAY msg="dialStage: timed out dialing the peer"
[2026-10-04 19:00:17.990] [out] [delivery_module] DBG 2026-10-04 19:00:17.990+02:00 Lookup query                               topics="kad-dht find" tid=6162740 peer=16U*UeND2x
[2026-10-04 19:00:17.990] [out] [delivery_module] DBG 2026-10-04 19:00:17.990+02:00 Kad lookup: RPC error                      topics="kad-dht find" tid=6162740 peer=16U*UeND2x msg="dialStage: timed out dialing the peer"
[2026-10-04 19:00:18.008] [out] [delivery_module] DBG 2026-10-04 19:00:18.008+02:00 Dialing failed                             topics="libp2p dialer" tid=6162740 description="quic dial timed out after 3s" peerId=16U*33uyAY address=/ip4/172.20.10.14/udp/52840/quic-v1 hostname=172.20.10.14
[2026-10-04 19:00:18.008] [out] [delivery_module] DBG 2026-10-04 19:00:18.008+02:00 Expanded address and hostname              topics="libp2p dialer" tid=6162740 expandedAddress=/ip4/172.20.10.14/tcp/51591 hostname=172.20.10.14 resolvedAddresses="[/ip4/172.20.10.14/tcp/51591]"
[2026-10-04 19:00:18.009] [out] [delivery_module] DBG 2026-10-04 19:00:18.009+02:00 Dialing failed                             topics="libp2p dialer" tid=6162740 description="TcpTransport dial error: (61) Connection refused" peerId=16U*33uyAY address=/ip4/172.20.10.14/tcp/51591 hostname=172.20.10.14
[2026-10-04 19:00:18.009] [out] [delivery_module] DBG 2026-10-04 19:00:18.009+02:00 Error dialing                              topics="libp2p dialer" tid=6162740 conn=nil peerId=16U*33uyAY protos="[/logos/service-discovery/1.0.0]" addrs="[/ip4/172.20.10.14/udp/52840/quic-v1, /ip4/172.20.10.14/tcp/51591]" description="Unable to establish outgoing link in establishConnection: peer_id=16U*33uyAY addrs=@[/ip4/172.20.10.14/udp/52840/quic-v1, /ip4/172.20.10.14/tcp/51591]"
[2026-10-04 19:00:18.009] [out] [delivery_module] DBG 2026-10-04 19:00:18.009+02:00 Dialing peer                               topics="libp2p dialer" tid=6162740 peerId=16U*33uyAY addrs="[/ip4/172.20.10.14/udp/52840/quic-v1, /ip4/172.20.10.14/tcp/51591]"
[2026-10-04 19:00:18.009] [out] [delivery_module] DBG 2026-10-04 19:00:18.009+02:00 Expanded address and hostname              topics="libp2p dialer" tid=6162740 expandedAddress=/ip4/172.20.10.14/udp/52840/quic-v1 hostname=172.20.10.14 resolvedAddresses="[/ip4/172.20.10.14/udp/52840/quic-v1]"
[2026-10-04 19:00:18.009] [out] [delivery_module] DBG 2026-10-04 19:00:18.009+02:00 New connection established: client         tid=6162740
[2026-10-04 19:00:18.316] [out] [delivery_module] DBG 2026-10-04 19:00:18.316+02:00 Lookup query                               topics="kad-dht find" tid=6162740 peer=16U*t5HAoy
[2026-10-04 19:00:18.316] [out] [delivery_module] DBG 2026-10-04 19:00:18.316+02:00 Lookup query                               topics="kad-dht find" tid=6162740 peer=16U*RZcwkN
[2026-10-04 19:00:18.316] [out] [delivery_module] DBG 2026-10-04 19:00:18.316+02:00 Lookup query                               topics="kad-dht find" tid=6162740 peer=16U*kpeu1j
[2026-10-04 19:00:18.316] [out] [delivery_module] DBG 2026-10-04 19:00:18.316+02:00 Lookup query                               topics="kad-dht find" tid=6162740 peer=16U*2pfeoX
[2026-10-04 19:00:18.317] [out] [delivery_module] DBG 2026-10-04 19:00:18.317+02:00 Kad lookup: RPC error                      topics="kad-dht find" tid=6162740 peer=16U*t5HAoy msg="dialStage: timed out dialing the peer"
[2026-10-04 19:00:18.317] [out] [delivery_module] DBG 2026-10-04 19:00:18.317+02:00 Kad lookup: RPC error                      topics="kad-dht find" tid=6162740 peer=16U*kpeu1j msg="dialStage: timed out dialing the peer"
[2026-10-04 19:00:18.317] [out] [delivery_module] DBG 2026-10-04 19:00:18.317+02:00 Kad lookup: RPC error                      topics="kad-dht find" tid=6162740 peer=16U*RZcwkN msg="dialStage: timed out dialing the peer"
[2026-10-04 19:00:18.488] [out] [delivery_module] DBG 2026-10-04 19:00:18.488+02:00 Lookup query                               topics="kad-dht find" tid=6162740 peer=16U*kpeu1j
[2026-10-04 19:00:18.488] [out] [delivery_module] DBG 2026-10-04 19:00:18.488+02:00 Lookup query                               topics="kad-dht find" tid=6162740 peer=16U*t5HAoy
[2026-10-04 19:00:18.488] [out] [delivery_module] DBG 2026-10-04 19:00:18.488+02:00 Lookup query                               topics="kad-dht find" tid=6162740 peer=16U*RZcwkN
[2026-10-04 19:00:18.488] [out] [delivery_module] DBG 2026-10-04 19:00:18.488+02:00 Lookup query                               topics="kad-dht find" tid=6162740 peer=16U*2pfeoX
[2026-10-04 19:00:18.489] [out] [delivery_module] DBG 2026-10-04 19:00:18.489+02:00 Kad lookup: RPC error                      topics="kad-dht find" tid=6162740 peer=16U*RZcwkN msg="dialStage: timed out dialing the peer"
[2026-10-04 19:00:18.489] [out] [delivery_module] DBG 2026-10-04 19:00:18.489+02:00 Kad lookup: RPC error                      topics="kad-dht find" tid=6162740 peer=16U*kpeu1j msg="dialStage: timed out dialing the peer"
[2026-10-04 19:00:18.489] [out] [delivery_module] DBG 2026-10-04 19:00:18.489+02:00 Kad lookup: RPC error                      topics="kad-dht find" tid=6162740 peer=16U*t5HAoy msg="dialStage: timed out dialing the peer"
[2026-10-04 19:00:18.946] [out] [delivery_module] DBG 2026-10-04 19:00:18.946+02:00 Maintaining subscriptions                  topics="waku filter" tid=6162740
[2026-10-04 19:00:18.946] [out] [delivery_module] DBG 2026-10-04 19:00:18.946+02:00 Cleanup                                    topics="waku filter subscriptions" tid=6162740 currentPeerIds=[]
[2026-10-04 19:00:18.946] [out] [delivery_module] DBG 2026-10-04 19:00:18.946+02:00 After cleanup                              topics="waku filter subscriptions" tid=6162740 currentPeerIds=[]
[2026-10-04 19:00:18.949] [out] [delivery_module] DBG 2026-10-04 19:00:18.949+02:00 Routing table below minimum, re-seeding    topics="kad-dht" tid=6162740 peers=7 minimum=10
[2026-10-04 19:00:18.951] [out] [delivery_module] DBG 2026-10-04 19:00:18.951+02:00 Lookup query                               topics="kad-dht find" tid=6162740 peer=16U*kGyuEP
[2026-10-04 19:00:18.952] [out] [delivery_module] DBG 2026-10-04 19:00:18.952+02:00 Lookup query                               topics="kad-dht find" tid=6162740 peer=16U*P1S397
[2026-10-04 19:00:18.952] [out] [delivery_module] DBG 2026-10-04 19:00:18.952+02:00 Lookup query                               topics="kad-dht find" tid=6162740 peer=16U*T3UNSE
[2026-10-04 19:00:18.952] [out] [delivery_module] DBG 2026-10-04 19:00:18.952+02:00 Lookup query                               topics="kad-dht find" tid=6162740 peer=16U*VpJprH
[2026-10-04 19:00:18.953] [out] [delivery_module] DBG 2026-10-04 19:00:18.953+02:00 Lookup query                               topics="kad-dht find" tid=6162740 peer=16U*TwqBiH
[2026-10-04 19:00:18.953] [out] [delivery_module] DBG 2026-10-04 19:00:18.953+02:00 Lookup query                               topics="kad-dht find" tid=6162740 peer=16U*iSrhve
[2026-10-04 19:00:18.953] [out] [delivery_module] DBG 2026-10-04 19:00:18.953+02:00 Lookup query                               topics="kad-dht find" tid=6162740 peer=16U*NSkuby
[2026-10-04 19:00:18.955] [out] [delivery_module] DBG 2026-10-04 19:00:18.955+02:00 Dialing failed                             topics="libp2p dialer" tid=6162740 description="Timeout exceeded!" peerId=16U*VpJprH address=/ip4/174.138.106.244/tcp/30303 hostname=174.138.106.244
[2026-10-04 19:00:18.955] [out] [delivery_module] DBG 2026-10-04 19:00:18.955+02:00 Out of time for the remaining addresses    topics="libp2p dialer" tid=6162740 peerId=16U*VpJprH addrs="[/ip4/174.138.106.244/tcp/30303, /dns4/delivery-02.do-ams3.logos.dev.status.im/tcp/30303]"
[2026-10-04 19:00:18.955] [out] [delivery_module] DBG 2026-10-04 19:00:18.955+02:00 Error dialing                              topics="libp2p dialer" tid=6162740 conn=nil peerId=16U*VpJprH protos="[/logos/service-discovery/1.0.0]" addrs="[/ip4/174.138.106.244/tcp/30303, /dns4/delivery-02.do-ams3.logos.dev.status.im/tcp/30303]" description="Unable to establish outgoing link in establishConnection: peer_id=16U*VpJprH addrs=@[/ip4/174.138.106.244/tcp/30303, /dns4/delivery-02.do-ams3.logos.dev.status.im/tcp/30303]"
[2026-10-04 19:00:18.956] [out] [delivery_module] DBG 2026-10-04 19:00:18.956+02:00 Dialing peer                               topics="libp2p dialer" tid=6162740 peerId=16U*VpJprH addrs="[/ip4/174.138.106.244/tcp/30303, /dns4/delivery-02.do-ams3.logos.dev.status.im/tcp/30303]"
[2026-10-04 19:00:18.956] [out] [delivery_module] DBG 2026-10-04 19:00:18.956+02:00 Expanded address and hostname              topics="libp2p dialer" tid=6162740 expandedAddress=/ip4/174.138.106.244/tcp/30303 hostname=174.138.106.244 resolvedAddresses="[/ip4/174.138.106.244/tcp/30303]"
[2026-10-04 19:00:18.982] [out] [delivery_module] DBG 2026-10-04 19:00:18.982+02:00 Kad lookup: RPC error                      topics="kad-dht find" tid=6162740 peer=16U*kpeu1j msg="dialStage: timed out dialing the peer"
[2026-10-04 19:00:18.982] [out] [delivery_module] DBG 2026-10-04 19:00:18.982+02:00 Kad lookup: RPC error                      topics="kad-dht find" tid=6162740 peer=16U*33uyAY msg="dialStage: timed out dialing the peer"
[2026-10-04 19:00:18.982] [out] [delivery_module] DBG 2026-10-04 19:00:18.982+02:00 Kad lookup: RPC error                      topics="kad-dht find" tid=6162740 peer=16U*t5HAoy msg="dialStage: timed out dialing the peer"
[2026-10-04 19:00:18.982] [out] [delivery_module] DBG 2026-10-04 19:00:18.982+02:00 Kad lookup: RPC error                      topics="kad-dht find" tid=6162740 peer=16U*RZcwkN msg="dialStage: timed out dialing the peer"
[2026-10-04 19:00:18.982] [out] [delivery_module] DBG 2026-10-04 19:00:18.982+02:00 Lookup query                               topics="kad-dht find" tid=6162740 peer=16U*2pfeoX
[2026-10-04 19:00:19.034] [out] [delivery_module] DBG 2026-10-04 19:00:19.034+02:00 Dialing failed                             topics="libp2p dialer" tid=6162740 description="quic dial timed out after 3s" peerId=16U*UeND2x address=/ip4/172.20.10.14/udp/51140/quic-v1 hostname=172.20.10.14
[2026-10-04 19:00:19.034] [out] [delivery_module] DBG 2026-10-04 19:00:19.034+02:00 Expanded address and hostname              topics="libp2p dialer" tid=6162740 expandedAddress=/ip4/172.20.10.14/tcp/55656 hostname=172.20.10.14 resolvedAddresses="[/ip4/172.20.10.14/tcp/55656]"
[2026-10-04 19:00:19.035] [out] [delivery_module] DBG 2026-10-04 19:00:19.035+02:00 Dialing failed                             topics="libp2p dialer" tid=6162740 description="TcpTransport dial error: (61) Connection refused" peerId=16U*UeND2x address=/ip4/172.20.10.14/tcp/55656 hostname=172.20.10.14
[2026-10-04 19:00:19.035] [out] [delivery_module] DBG 2026-10-04 19:00:19.035+02:00 Error dialing                              topics="libp2p dialer" tid=6162740 conn=nil peerId=16U*UeND2x protos="[/logos/service-discovery/1.0.0]" addrs="[/ip4/172.20.10.14/udp/51140/quic-v1, /ip4/172.20.10.14/tcp/55656]" description="Unable to establish outgoing link in establishConnection: peer_id=16U*UeND2x addrs=@[/ip4/172.20.10.14/udp/51140/quic-v1, /ip4/172.20.10.14/tcp/55656]"
[2026-10-04 19:00:19.035] [out] [delivery_module] DBG 2026-10-04 19:00:19.035+02:00 Dialing peer                               topics="libp2p dialer" tid=6162740 peerId=16U*UeND2x addrs="[/ip4/172.20.10.14/udp/51140/quic-v1, /ip4/172.20.10.14/tcp/55656]"
[2026-10-04 19:00:19.035] [out] [delivery_module] DBG 2026-10-04 19:00:19.035+02:00 Expanded address and hostname              topics="libp2p dialer" tid=6162740 expandedAddress=/ip4/172.20.10.14/udp/51140/quic-v1 hostname=172.20.10.14 resolvedAddresses="[/ip4/172.20.10.14/udp/51140/quic-v1]"
[2026-10-04 19:00:19.035] [out] [delivery_module] DBG 2026-10-04 19:00:19.035+02:00 New connection established: client         tid=6162740
[2026-10-04 19:00:19.076] [out] [delivery_module] DBG 2026-10-04 19:00:19.076+02:00 Lookup query                               topics="kad-dht find" tid=6162740 peer=16U*kpeu1j
[2026-10-04 19:00:19.076] [out] [delivery_module] DBG 2026-10-04 19:00:19.076+02:00 Lookup query                               topics="kad-dht find" tid=6162740 peer=16U*t5HAoy
[2026-10-04 19:00:19.076] [out] [delivery_module] DBG 2026-10-04 19:00:19.076+02:00 Lookup query                               topics="kad-dht find" tid=6162740 peer=16U*RZcwkN
[2026-10-04 19:00:19.076] [out] [delivery_module] DBG 2026-10-04 19:00:19.076+02:00 Lookup query                               topics="kad-dht find" tid=6162740 peer=16U*nd1vDS
[2026-10-04 19:00:19.169] [out] [delivery_module] DBG 2026-10-04 19:00:19.169+02:00 Lookup query                               topics="kad-dht find" tid=6162740 peer=16U*Hv8wAS
[2026-10-04 19:00:19.169] [out] [delivery_module] DBG 2026-10-04 19:00:19.169+02:00 Lookup query                               topics="kad-dht find" tid=6162740 peer=16U*2pfeoX
[2026-10-04 19:00:19.170] [out] [delivery_module] DBG 2026-10-04 19:00:19.170+02:00 Lookup query                               topics="kad-dht find" tid=6162740 peer=16U*oWQB23
[2026-10-04 19:00:19.643] [out] [delivery_module] DBG 2026-10-04 19:00:19.642+02:00 Dialing failed                             topics="libp2p dialer" tid=6162740 description="Timeout exceeded!" peerId=16U*kpeu1j address=/ip4/109.41.112.89/tcp/38400 hostname=109.41.112.89
[2026-10-04 19:00:19.643] [out] [delivery_module] DBG 2026-10-04 19:00:19.643+02:00 Out of time for the remaining addresses    topics="libp2p dialer" tid=6162740 peerId=16U*kpeu1j addrs="[/ip4/172.20.10.14/udp/62169/quic-v1, /ip4/109.41.112.89/tcp/38400, /ip4/172.20.10.14/tcp/53509, /ip4/109.41.112.89/tcp/36893, /ip4/109.41.112.89/tcp/46914, /ip4/109.41.112.89/tcp/36967, /ip4/109.41.112.89/tcp/43115]"
[2026-10-04 19:00:19.644] [out] [delivery_module] DBG 2026-10-04 19:00:19.644+02:00 Error dialing                              topics="libp2p dialer" tid=6162740 conn=nil peerId=16U*kpeu1j protos="[/logos/service-discovery/1.0.0]" addrs="[/ip4/172.20.10.14/udp/62169/quic-v1, /ip4/109.41.112.89/tcp/38400, /ip4/172.20.10.14/tcp/53509, /ip4/109.41.112.89/tcp/36893, /ip4/109.41.112.89/tcp/46914, /ip4/109.41.112.89/tcp/36967, /ip4/109.41.112.89/tcp/43115]" description="Unable to establish outgoing link in establishConnection: peer_id=16U*kpeu1j addrs=@[/ip4/172.20.10.14/udp/62169/quic-v1, /ip4/109.41.112.89/tcp/38400, /ip4/172.20.10.14/tcp/53509, /ip4/109.41.112.89/tcp/36893, /ip4/109.41.112.89/tcp/46914, /ip4/109.41.112.89/tcp/36967, /ip4/109.41.112.89/tcp/43115]"
[2026-10-04 19:00:19.646] [out] [delivery_module] DBG 2026-10-04 19:00:19.645+02:00 Dialing peer                               topics="libp2p dialer" tid=6162740 peerId=16U*kpeu1j addrs="[/ip4/172.20.10.14/udp/62169/quic-v1, /ip4/109.41.112.89/tcp/38400, /ip4/172.20.10.14/tcp/53509, /ip4/109.41.112.89/tcp/36893, /ip4/109.41.112.89/tcp/46914, /ip4/109.41.112.89/tcp/36967, /ip4/109.41.112.89/tcp/43115]"
[2026-10-04 19:00:19.646] [out] [delivery_module] DBG 2026-10-04 19:00:19.646+02:00 Expanded address and hostname              topics="libp2p dialer" tid=6162740 expandedAddress=/ip4/172.20.10.14/udp/62169/quic-v1 hostname=172.20.10.14 resolvedAddresses="[/ip4/172.20.10.14/udp/62169/quic-v1]"
[2026-10-04 19:00:19.646] [out] [delivery_module] DBG 2026-10-04 19:00:19.646+02:00 New connection established: client         tid=6162740
[2026-10-04 19:00:19.647] [out] [delivery_module] DBG 2026-10-04 19:00:19.647+02:00 Dialing failed                             topics="libp2p dialer" tid=6162740 description="Timeout exceeded!" peerId=16U*t5HAoy address=/ip4/109.41.112.89/tcp/45860 hostname=109.41.112.89
[2026-10-04 19:00:19.647] [out] [delivery_module] DBG 2026-10-04 19:00:19.647+02:00 Out of time for the remaining addresses    topics="libp2p dialer" tid=6162740 peerId=16U*t5HAoy addrs="[/ip4/172.20.10.14/udp/55704/quic-v1, /ip4/109.41.112.89/tcp/45860, /ip4/109.41.112.89/tcp/44569, /ip4/109.41.112.89/tcp/45681, /ip4/172.20.10.14/tcp/52140, /ip4/109.41.112.89/tcp/45850, /ip4/109.41.112.89/tcp/35166]"
[2026-10-04 19:00:19.648] [out] [delivery_module] DBG 2026-10-04 19:00:19.647+02:00 Error dialing                              topics="libp2p dialer" tid=6162740 conn=nil peerId=16U*t5HAoy protos="[/logos/service-discovery/1.0.0]" addrs="[/ip4/172.20.10.14/udp/55704/quic-v1, /ip4/109.41.112.89/tcp/45860, /ip4/109.41.112.89/tcp/44569, /ip4/109.41.112.89/tcp/45681, /ip4/172.20.10.14/tcp/52140, /ip4/109.41.112.89/tcp/45850, /ip4/109.41.112.89/tcp/35166]" description="Unable to establish outgoing link in establishConnection: peer_id=16U*t5HAoy addrs=@[/ip4/172.20.10.14/udp/55704/quic-v1, /ip4/109.41.112.89/tcp/45860, /ip4/109.41.112.89/tcp/44569, /ip4/109.41.112.89/tcp/45681, /ip4/172.20.10.14/tcp/52140, /ip4/109.41.112.89/tcp/45850, /ip4/109.41.112.89/tcp/35166]"
[2026-10-04 19:00:19.648] [out] [delivery_module] DBG 2026-10-04 19:00:19.648+02:00 Dialing peer                               topics="libp2p dialer" tid=6162740 peerId=16U*t5HAoy addrs="[/ip4/172.20.10.14/udp/55704/quic-v1, /ip4/109.41.112.89/tcp/45860, /ip4/109.41.112.89/tcp/44569, /ip4/109.41.112.89/tcp/45681, /ip4/172.20.10.14/tcp/52140, /ip4/109.41.112.89/tcp/45850, /ip4/109.41.112.89/tcp/35166]"
[2026-10-04 19:00:19.648] [out] [delivery_module] DBG 2026-10-04 19:00:19.648+02:00 Expanded address and hostname              topics="libp2p dialer" tid=6162740 expandedAddress=/ip4/172.20.10.14/udp/55704/quic-v1 hostname=172.20.10.14 resolvedAddresses="[/ip4/172.20.10.14/udp/55704/quic-v1]"
[2026-10-04 19:00:19.648] [out] [delivery_module] DBG 2026-10-04 19:00:19.648+02:00 New connection established: client         tid=6162740
[2026-10-04 19:00:19.653] [out] [delivery_module] DBG 2026-10-04 19:00:19.653+02:00 Dialing failed                             topics="libp2p dialer" tid=6162740 description="Timeout exceeded!" peerId=16U*Hv8wAS address=/ip4/109.41.112.89/tcp/40797 hostname=109.41.112.89
[2026-10-04 19:00:19.653] [out] [delivery_module] DBG 2026-10-04 19:00:19.653+02:00 Dialing failed                             topics="libp2p dialer" tid=6162740 description="Timeout exceeded!" peerId=16U*2pfeoX address=/ip4/192.168.68.53/tcp/27431 hostname=192.168.68.53
[2026-10-04 19:00:19.653] [out] [delivery_module] DBG 2026-10-04 19:00:19.653+02:00 Out of time for the remaining addresses    topics="libp2p dialer" tid=6162740 peerId=16U*Hv8wAS addrs="[/ip4/172.20.10.14/udp/59448/quic-v1, /ip4/172.20.10.14/tcp/53510, /ip4/109.41.112.89/tcp/40797, /ip4/109.41.112.89/tcp/35334, /ip4/109.41.112.89/tcp/42823, /ip4/109.41.112.89/tcp/35864, /ip4/109.41.112.89/tcp/34888]"
[2026-10-04 19:00:19.653] [out] [delivery_module] DBG 2026-10-04 19:00:19.653+02:00 Error dialing                              topics="libp2p dialer" tid=6162740 conn=nil peerId=16U*Hv8wAS protos="[/logos/service-discovery/1.0.0]" addrs="[/ip4/172.20.10.14/udp/59448/quic-v1, /ip4/172.20.10.14/tcp/53510, /ip4/109.41.112.89/tcp/40797, /ip4/109.41.112.89/tcp/35334, /ip4/109.41.112.89/tcp/42823, /ip4/109.41.112.89/tcp/35864, /ip4/109.41.112.89/tcp/34888]" description="Unable to establish outgoing link in establishConnection: peer_id=16U*Hv8wAS addrs=@[/ip4/172.20.10.14/udp/59448/quic-v1, /ip4/172.20.10.14/tcp/53510, /ip4/109.41.112.89/tcp/40797, /ip4/109.41.112.89/tcp/35334, /ip4/109.41.112.89/tcp/42823, /ip4/109.41.112.89/tcp/35864, /ip4/109.41.112.89/tcp/34888]"
[2026-10-04 19:00:19.654] [out] [delivery_module] DBG 2026-10-04 19:00:19.653+02:00 Error dialing                              topics="libp2p dialer" tid=6162740 conn=nil peerId=16U*2pfeoX protos="[/logos/service-discovery/1.0.0]" addrs="[/ip4/192.168.68.53/udp/16011/quic-v1, /ip4/192.168.68.53/tcp/27431]" description="Unable to establish outgoing link in establishConnection: peer_id=16U*2pfeoX addrs=@[/ip4/192.168.68.53/udp/16011/quic-v1, /ip4/192.168.68.53/tcp/27431]"
[2026-10-04 19:00:19.654] [out] [delivery_module] DBG 2026-10-04 19:00:19.654+02:00 Dialing peer                               topics="libp2p dialer" tid=6162740 peerId=16U*Hv8wAS addrs="[/ip4/172.20.10.14/udp/59448/quic-v1, /ip4/172.20.10.14/tcp/53510, /ip4/109.41.112.89/tcp/40797, /ip4/109.41.112.89/tcp/35334, /ip4/109.41.112.89/tcp/42823, /ip4/109.41.112.89/tcp/35864, /ip4/109.41.112.89/tcp/34888]"
[2026-10-04 19:00:19.654] [out] [delivery_module] DBG 2026-10-04 19:00:19.654+02:00 Expanded address and hostname              topics="libp2p dialer" tid=6162740 expandedAddress=/ip4/172.20.10.14/udp/59448/quic-v1 hostname=172.20.10.14 resolvedAddresses="[/ip4/172.20.10.14/udp/59448/quic-v1]"
[2026-10-04 19:00:19.654] [out] [delivery_module] DBG 2026-10-04 19:00:19.654+02:00 New connection established: client         tid=6162740
[2026-10-04 19:00:19.655] [out] [delivery_module] DBG 2026-10-04 19:00:19.655+02:00 Dialing peer                               topics="libp2p dialer" tid=6162740 peerId=16U*2pfeoX addrs="[/ip4/192.168.68.53/udp/16011/quic-v1, /ip4/192.168.68.53/tcp/27431]"
[2026-10-04 19:00:19.655] [out] [delivery_module] DBG 2026-10-04 19:00:19.655+02:00 Expanded address and hostname              topics="libp2p dialer" tid=6162740 expandedAddress=/ip4/192.168.68.53/udp/16011/quic-v1 hostname=192.168.68.53 resolvedAddresses="[/ip4/192.168.68.53/udp/16011/quic-v1]"
[2026-10-04 19:00:19.655] [out] [delivery_module] DBG 2026-10-04 19:00:19.655+02:00 New connection established: client         tid=6162740
[2026-10-04 19:00:19.655] [out] [delivery_module] DBG 2026-10-04 19:00:19.655+02:00 Dialing failed                             topics="libp2p dialer" tid=6162740 description="Timeout exceeded!" peerId=16U*oWQB23 address=/ip4/88.160.11.28/tcp/17981 hostname=88.160.11.28
[2026-10-04 19:00:19.655] [out] [delivery_module] DBG 2026-10-04 19:00:19.655+02:00 Error dialing                              topics="libp2p dialer" tid=6162740 conn=nil peerId=16U*oWQB23 protos="[/logos/service-discovery/1.0.0]" addrs="[/ip4/88.160.11.28/udp/19925/quic-v1, /ip4/88.160.11.28/tcp/17981]" description="Unable to establish outgoing link in establishConnection: peer_id=16U*oWQB23 addrs=@[/ip4/88.160.11.28/udp/19925/quic-v1, /ip4/88.160.11.28/tcp/17981]"
[2026-10-04 19:00:19.655] [out] [delivery_module] DBG 2026-10-04 19:00:19.655+02:00 Dialing peer                               topics="libp2p dialer" tid=6162740 peerId=16U*oWQB23 addrs="[/ip4/88.160.11.28/udp/19925/quic-v1, /ip4/88.160.11.28/tcp/17981]"
[2026-10-04 19:00:19.655] [out] [delivery_module] DBG 2026-10-04 19:00:19.655+02:00 Expanded address and hostname              topics="libp2p dialer" tid=6162740 expandedAddress=/ip4/88.160.11.28/udp/19925/quic-v1 hostname=88.160.11.28 resolvedAddresses="[/ip4/88.160.11.28/udp/19925/quic-v1]"
[2026-10-04 19:00:19.656] [out] [delivery_module] DBG 2026-10-04 19:00:19.656+02:00 New connection established: client         tid=6162740
[2026-10-04 19:00:21.011] [out] [delivery_module] DBG 2026-10-04 19:00:21.011+02:00 Dialing failed                             topics="libp2p dialer" tid=6162740 description="quic dial timed out after 3s" peerId=16U*33uyAY address=/ip4/172.20.10.14/udp/52840/quic-v1 hostname=172.20.10.14
[2026-10-04 19:00:21.012] [out] [delivery_module] DBG 2026-10-04 19:00:21.012+02:00 Expanded address and hostname              topics="libp2p dialer" tid=6162740 expandedAddress=/ip4/172.20.10.14/tcp/51591 hostname=172.20.10.14 resolvedAddresses="[/ip4/172.20.10.14/tcp/51591]"
[2026-10-04 19:00:21.012] [out] [delivery_module] DBG 2026-10-04 19:00:21.012+02:00 Dialing failed                             topics="libp2p dialer" tid=6162740 description="TcpTransport dial error: (61) Connection refused" peerId=16U*33uyAY address=/ip4/172.20.10.14/tcp/51591 hostname=172.20.10.14
[2026-10-04 19:00:21.012] [out] [delivery_module] DBG 2026-10-04 19:00:21.012+02:00 Error dialing                              topics="libp2p dialer" tid=6162740 conn=nil peerId=16U*33uyAY protos="[/logos/service-discovery/1.0.0]" addrs="[/ip4/172.20.10.14/udp/52840/quic-v1, /ip4/172.20.10.14/tcp/51591]" description="Unable to establish outgoing link in establishConnection: peer_id=16U*33uyAY addrs=@[/ip4/172.20.10.14/udp/52840/quic-v1, /ip4/172.20.10.14/tcp/51591]"
[2026-10-04 19:00:22.042] [out] [delivery_module] DBG 2026-10-04 19:00:22.042+02:00 Dialing failed                             topics="libp2p dialer" tid=6162740 description="quic dial timed out after 3s" peerId=16U*UeND2x address=/ip4/172.20.10.14/udp/51140/quic-v1 hostname=172.20.10.14
[2026-10-04 19:00:22.042] [out] [delivery_module] DBG 2026-10-04 19:00:22.042+02:00 Expanded address and hostname              topics="libp2p dialer" tid=6162740 expandedAddress=/ip4/172.20.10.14/tcp/55656 hostname=172.20.10.14 resolvedAddresses="[/ip4/172.20.10.14/tcp/55656]"
[2026-10-04 19:00:22.043] [out] [delivery_module] DBG 2026-10-04 19:00:22.043+02:00 Dialing failed                             topics="libp2p dialer" tid=6162740 description="TcpTransport dial error: (61) Connection refused" peerId=16U*UeND2x address=/ip4/172.20.10.14/tcp/55656 hostname=172.20.10.14
[2026-10-04 19:00:22.043] [out] [delivery_module] DBG 2026-10-04 19:00:22.043+02:00 Error dialing                              topics="libp2p dialer" tid=6162740 conn=nil peerId=16U*UeND2x protos="[/logos/service-discovery/1.0.0]" addrs="[/ip4/172.20.10.14/udp/51140/quic-v1, /ip4/172.20.10.14/tcp/55656]" description="Unable to establish outgoing link in establishConnection: peer_id=16U*UeND2x addrs=@[/ip4/172.20.10.14/udp/51140/quic-v1, /ip4/172.20.10.14/tcp/55656]"
[2026-10-04 19:00:22.043] [out] [delivery_module] DBG 2026-10-04 19:00:22.043+02:00 Dialing peer                               topics="libp2p dialer" tid=6162740 peerId=16U*UeND2x addrs="[/ip4/172.20.10.14/udp/51140/quic-v1, /ip4/172.20.10.14/tcp/55656]"
[2026-10-04 19:00:22.043] [out] [delivery_module] DBG 2026-10-04 19:00:22.043+02:00 Expanded address and hostname              topics="libp2p dialer" tid=6162740 expandedAddress=/ip4/172.20.10.14/udp/51140/quic-v1 hostname=172.20.10.14 resolvedAddresses="[/ip4/172.20.10.14/udp/51140/quic-v1]"
[2026-10-04 19:00:22.044] [out] [delivery_module] DBG 2026-10-04 19:00:22.044+02:00 New connection established: client         tid=6162740
[2026-10-04 19:00:22.648] [out] [delivery_module] DBG 2026-10-04 19:00:22.648+02:00 Dialing failed                             topics="libp2p dialer" tid=6162740 description="quic dial timed out after 3s" peerId=16U*kpeu1j address=/ip4/172.20.10.14/udp/62169/quic-v1 hostname=172.20.10.14
[2026-10-04 19:00:22.648] [out] [delivery_module] DBG 2026-10-04 19:00:22.648+02:00 Expanded address and hostname              topics="libp2p dialer" tid=6162740 expandedAddress=/ip4/109.41.112.89/tcp/38400 hostname=109.41.112.89 resolvedAddresses="[/ip4/109.41.112.89/tcp/38400]"
[2026-10-04 19:00:22.650] [out] [delivery_module] DBG 2026-10-04 19:00:22.650+02:00 Dialing failed                             topics="libp2p dialer" tid=6162740 description="quic dial timed out after 3s" peerId=16U*t5HAoy address=/ip4/172.20.10.14/udp/55704/quic-v1 hostname=172.20.10.14
[2026-10-04 19:00:22.650] [out] [delivery_module] DBG 2026-10-04 19:00:22.650+02:00 Expanded address and hostname              topics="libp2p dialer" tid=6162740 expandedAddress=/ip4/109.41.112.89/tcp/45860 hostname=109.41.112.89 resolvedAddresses="[/ip4/109.41.112.89/tcp/45860]"
[2026-10-04 19:00:22.656] [out] [delivery_module] DBG 2026-10-04 19:00:22.655+02:00 Dialing failed                             topics="libp2p dialer" tid=6162740 description="quic dial timed out after 3s" peerId=16U*Hv8wAS address=/ip4/172.20.10.14/udp/59448/quic-v1 hostname=172.20.10.14
[2026-10-04 19:00:22.656] [out] [delivery_module] DBG 2026-10-04 19:00:22.656+02:00 Expanded address and hostname              topics="libp2p dialer" tid=6162740 expandedAddress=/ip4/172.20.10.14/tcp/53510 hostname=172.20.10.14 resolvedAddresses="[/ip4/172.20.10.14/tcp/53510]"
[2026-10-04 19:00:22.657] [out] [delivery_module] DBG 2026-10-04 19:00:22.657+02:00 Dialing failed                             topics="libp2p dialer" tid=6162740 description="quic dial timed out after 3s" peerId=16U*2pfeoX address=/ip4/192.168.68.53/udp/16011/quic-v1 hostname=192.168.68.53
[2026-10-04 19:00:22.657] [out] [delivery_module] DBG 2026-10-04 19:00:22.657+02:00 Expanded address and hostname              topics="libp2p dialer" tid=6162740 expandedAddress=/ip4/192.168.68.53/tcp/27431 hostname=192.168.68.53 resolvedAddresses="[/ip4/192.168.68.53/tcp/27431]"
[2026-10-04 19:00:22.658] [out] [delivery_module] DBG 2026-10-04 19:00:22.658+02:00 Dialing failed                             topics="libp2p dialer" tid=6162740 description="TcpTransport dial error: (61) Connection refused" peerId=16U*Hv8wAS address=/ip4/172.20.10.14/tcp/53510 hostname=172.20.10.14
[2026-10-04 19:00:22.658] [out] [delivery_module] DBG 2026-10-04 19:00:22.658+02:00 Expanded address and hostname              topics="libp2p dialer" tid=6162740 expandedAddress=/ip4/109.41.112.89/tcp/40797 hostname=109.41.112.89 resolvedAddresses="[/ip4/109.41.112.89/tcp/40797]"
[2026-10-04 19:00:22.659] [out] [delivery_module] DBG 2026-10-04 19:00:22.659+02:00 Dialing failed                             topics="libp2p dialer" tid=6162740 description="quic dial timed out after 3s" peerId=16U*oWQB23 address=/ip4/88.160.11.28/udp/19925/quic-v1 hostname=88.160.11.28
[2026-10-04 19:00:22.659] [out] [delivery_module] DBG 2026-10-04 19:00:22.659+02:00 Expanded address and hostname              topics="libp2p dialer" tid=6162740 expandedAddress=/ip4/88.160.11.28/tcp/17981 hostname=88.160.11.28 resolvedAddresses="[/ip4/88.160.11.28/tcp/17981]"
[2026-10-04 19:00:22.992] [out] [delivery_module] DBG 2026-10-04 19:00:22.992+02:00 Kad lookup: RPC error                      topics="kad-dht find" tid=6162740 peer=16U*UeND2x msg="dialStage: timed out dialing the peer"
[2026-10-04 19:00:22.994] [out] [delivery_module] DBG 2026-10-04 19:00:22.994+02:00 Lookup query                               topics="kad-dht find" tid=6162740 peer=16U*kpeu1j
[2026-10-04 19:00:22.994] [out] [delivery_module] DBG 2026-10-04 19:00:22.994+02:00 Lookup query                               topics="kad-dht find" tid=6162740 peer=16U*t5HAoy
[2026-10-04 19:00:22.994] [out] [delivery_module] DBG 2026-10-04 19:00:22.994+02:00 Lookup query                               topics="kad-dht find" tid=6162740 peer=16U*RZcwkN
[2026-10-04 19:00:22.994] [out] [delivery_module] DBG 2026-10-04 19:00:22.994+02:00 Lookup query                               topics="kad-dht find" tid=6162740 peer=16U*2pfeoX
[2026-10-04 19:00:23.121] [out] [delivery_module] DBG 2026-10-04 19:00:23.121+02:00 Dialing failed                             topics="libp2p dialer" tid=6162740 description="Timeout exceeded!" peerId=16U*RZcwkN address=/ip4/109.41.112.89/tcp/47952 hostname=109.41.112.89
[2026-10-04 19:00:23.122] [out] [delivery_module] DBG 2026-10-04 19:00:23.121+02:00 Out of time for the remaining addresses    topics="libp2p dialer" tid=6162740 peerId=16U*RZcwkN addrs="[/ip4/172.20.10.14/udp/49587/quic-v1, /ip4/172.20.10.14/tcp/51590, /ip4/109.41.112.89/tcp/47952, /ip4/109.41.112.89/tcp/38415]"
[2026-10-04 19:00:23.122] [out] [delivery_module] DBG 2026-10-04 19:00:23.122+02:00 Error dialing                              topics="libp2p dialer" tid=6162740 conn=nil peerId=16U*RZcwkN protos="[/logos/service-discovery/1.0.0]" addrs="[/ip4/172.20.10.14/udp/49587/quic-v1, /ip4/172.20.10.14/tcp/51590, /ip4/109.41.112.89/tcp/47952, /ip4/109.41.112.89/tcp/38415]" description="Unable to establish outgoing link in establishConnection: peer_id=16U*RZcwkN addrs=@[/ip4/172.20.10.14/udp/49587/quic-v1, /ip4/172.20.10.14/tcp/51590, /ip4/109.41.112.89/tcp/47952, /ip4/109.41.112.89/tcp/38415]"
[2026-10-04 19:00:23.122] [out] [delivery_module] DBG 2026-10-04 19:00:23.122+02:00 Dialing peer                               topics="libp2p dialer" tid=6162740 peerId=16U*RZcwkN addrs="[/ip4/172.20.10.14/udp/49587/quic-v1, /ip4/172.20.10.14/tcp/51590, /ip4/109.41.112.89/tcp/47952, /ip4/109.41.112.89/tcp/38415]"
[2026-10-04 19:00:23.122] [out] [delivery_module] DBG 2026-10-04 19:00:23.122+02:00 Expanded address and hostname              topics="libp2p dialer" tid=6162740 expandedAddress=/ip4/172.20.10.14/udp/49587/quic-v1 hostname=172.20.10.14 resolvedAddresses="[/ip4/172.20.10.14/udp/49587/quic-v1]"
[2026-10-04 19:00:23.122] [out] [delivery_module] DBG 2026-10-04 19:00:23.122+02:00 New connection established: client         tid=6162740
[2026-10-04 19:00:23.319] [out] [delivery_module] DBG 2026-10-04 19:00:23.319+02:00 Kad lookup: RPC error                      topics="kad-dht find" tid=6162740 peer=16U*RZcwkN msg="dialStage: timed out dialing the peer"
[2026-10-04 19:00:23.319] [out] [delivery_module] DBG 2026-10-04 19:00:23.319+02:00 Kad lookup: RPC error                      topics="kad-dht find" tid=6162740 peer=16U*t5HAoy msg="dialStage: timed out dialing the peer"
[2026-10-04 19:00:23.319] [out] [delivery_module] DBG 2026-10-04 19:00:23.319+02:00 Kad lookup: RPC error                      topics="kad-dht find" tid=6162740 peer=16U*2pfeoX msg="dialStage: timed out dialing the peer"
[2026-10-04 19:00:23.319] [out] [delivery_module] DBG 2026-10-04 19:00:23.319+02:00 Kad lookup: RPC error                      topics="kad-dht find" tid=6162740 peer=16U*kpeu1j msg="dialStage: timed out dialing the peer"
[2026-10-04 19:00:23.321] [out] [delivery_module] DBG 2026-10-04 19:00:23.320+02:00 Lookup query                               topics="kad-dht find" tid=6162740 peer=16U*2pfeoX
[2026-10-04 19:00:23.491] [out] [delivery_module] DBG 2026-10-04 19:00:23.490+02:00 Kad lookup: RPC error                      topics="kad-dht find" tid=6162740 peer=16U*kpeu1j msg="dialStage: timed out dialing the peer"
[2026-10-04 19:00:23.491] [out] [delivery_module] DBG 2026-10-04 19:00:23.491+02:00 Kad lookup: RPC error                      topics="kad-dht find" tid=6162740 peer=16U*2pfeoX msg="dialStage: timed out dialing the peer"
[2026-10-04 19:00:23.491] [out] [delivery_module] DBG 2026-10-04 19:00:23.491+02:00 Kad lookup: RPC error                      topics="kad-dht find" tid=6162740 peer=16U*RZcwkN msg="dialStage: timed out dialing the peer"
[2026-10-04 19:00:23.491] [out] [delivery_module] DBG 2026-10-04 19:00:23.491+02:00 Kad lookup: RPC error                      topics="kad-dht find" tid=6162740 peer=16U*t5HAoy msg="dialStage: timed out dialing the peer"
[2026-10-04 19:00:23.491] [out] [delivery_module] DBG 2026-10-04 19:00:23.491+02:00 Lookup query                               topics="kad-dht find" tid=6162740 peer=16U*2pfeoX
[2026-10-04 19:00:23.822] [out] [delivery_module] DBG 2026-10-04 19:00:23.822+02:00 dialMe answer is not reachable             topics="libp2p autonatservice" tid=6162740 description="Peer could not dial us back: Dial timeout" peerId=16Uiu2HAm5hiDKtofKsaY3hNNyzzhFagoKo8uMWTFJ2huwMiSrhve
[2026-10-04 19:00:23.823] [out] [delivery_module] DBG 2026-10-04 19:00:23.822+02:00 Current status                             topics="libp2p autonatservice" tid=6162740 currentStats=Unknown confidence=none() answers=[NotReachable, NotReachable]
[2026-10-04 19:00:23.956] [out] [delivery_module] DBG 2026-10-04 19:00:23.956+02:00 Lookup query                               topics="kad-dht find" tid=6162740 peer=16U*VpJprH
[2026-10-04 19:00:23.956] [out] [delivery_module] DBG 2026-10-04 19:00:23.956+02:00 Kad lookup: RPC error                      topics="kad-dht find" tid=6162740 peer=16U*VpJprH msg="dialStage: timed out dialing the peer"
[2026-10-04 19:00:23.987] [out] [delivery_module] DBG 2026-10-04 19:00:23.985+02:00 Lookup query                               topics="kad-dht find" tid=6162740 peer=16U*2pfeoX
[2026-10-04 19:00:23.990] [out] [delivery_module] DBG 2026-10-04 19:00:23.989+02:00 Kad lookup: RPC error                      topics="kad-dht find" tid=6162740 peer=16U*2pfeoX msg="dialStage: timed out dialing the peer"
[2026-10-04 19:00:24.079] [out] [delivery_module] DBG 2026-10-04 19:00:24.078+02:00 Kad lookup: RPC error                      topics="kad-dht find" tid=6162740 peer=16U*nd1vDS msg="dialStage: timed out dialing the peer"
[2026-10-04 19:00:25.046] [out] [delivery_module] DBG 2026-10-04 19:00:25.046+02:00 Dialing failed                             topics="libp2p dialer" tid=6162740 description="quic dial timed out after 3s" peerId=16U*UeND2x address=/ip4/172.20.10.14/udp/51140/quic-v1 hostname=172.20.10.14
[2026-10-04 19:00:25.047] [out] [delivery_module] DBG 2026-10-04 19:00:25.047+02:00 Expanded address and hostname              topics="libp2p dialer" tid=6162740 expandedAddress=/ip4/172.20.10.14/tcp/55656 hostname=172.20.10.14 resolvedAddresses="[/ip4/172.20.10.14/tcp/55656]"
[2026-10-04 19:00:25.048] [out] [delivery_module] DBG 2026-10-04 19:00:25.048+02:00 Dialing failed                             topics="libp2p dialer" tid=6162740 description="TcpTransport dial error: (61) Connection refused" peerId=16U*UeND2x address=/ip4/172.20.10.14/tcp/55656 hostname=172.20.10.14
[2026-10-04 19:00:25.048] [out] [delivery_module] DBG 2026-10-04 19:00:25.048+02:00 Error dialing                              topics="libp2p dialer" tid=6162740 conn=nil peerId=16U*UeND2x protos="[/logos/service-discovery/1.0.0]" addrs="[/ip4/172.20.10.14/udp/51140/quic-v1, /ip4/172.20.10.14/tcp/55656]" description="Unable to establish outgoing link in establishConnection: peer_id=16U*UeND2x addrs=@[/ip4/172.20.10.14/udp/51140/quic-v1, /ip4/172.20.10.14/tcp/55656]"
[2026-10-04 19:00:25.049] [out] [delivery_module] DBG 2026-10-04 19:00:25.048+02:00 Dialing peer                               topics="libp2p dialer" tid=6162740 peerId=16U*UeND2x addrs="[/ip4/172.20.10.14/udp/51140/quic-v1, /ip4/172.20.10.14/tcp/55656]"
[2026-10-04 19:00:25.049] [out] [delivery_module] DBG 2026-10-04 19:00:25.049+02:00 Expanded address and hostname              topics="libp2p dialer" tid=6162740 expandedAddress=/ip4/172.20.10.14/udp/51140/quic-v1 hostname=172.20.10.14 resolvedAddresses="[/ip4/172.20.10.14/udp/51140/quic-v1]"
[2026-10-04 19:00:25.049] [out] [delivery_module] DBG 2026-10-04 19:00:25.049+02:00 New connection established: client         tid=6162740
[2026-10-04 19:00:25.826] [out] [delivery_module] WRN 2026-10-04 19:00:25.826+02:00 NAT port mapping failed                    topics="libp2p natservice" tid=6162740 port=57126 proto=mpTcp err="plum: mapping 0 failed"
[2026-10-04 19:00:26.125] [out] [delivery_module] DBG 2026-10-04 19:00:26.125+02:00 Dialing failed                             topics="libp2p dialer" tid=6162740 description="quic dial timed out after 3s" peerId=16U*RZcwkN address=/ip4/172.20.10.14/udp/49587/quic-v1 hostname=172.20.10.14
[2026-10-04 19:00:26.126] [out] [delivery_module] DBG 2026-10-04 19:00:26.125+02:00 Expanded address and hostname              topics="libp2p dialer" tid=6162740 expandedAddress=/ip4/172.20.10.14/tcp/51590 hostname=172.20.10.14 resolvedAddresses="[/ip4/172.20.10.14/tcp/51590]"
[2026-10-04 19:00:26.128] [out] [delivery_module] DBG 2026-10-04 19:00:26.128+02:00 Dialing failed                             topics="libp2p dialer" tid=6162740 description="TcpTransport dial error: (61) Connection refused" peerId=16U*RZcwkN address=/ip4/172.20.10.14/tcp/51590 hostname=172.20.10.14
[2026-10-04 19:00:26.128] [out] [delivery_module] DBG 2026-10-04 19:00:26.128+02:00 Expanded address and hostname              topics="libp2p dialer" tid=6162740 expandedAddress=/ip4/109.41.112.89/tcp/47952 hostname=109.41.112.89 resolvedAddresses="[/ip4/109.41.112.89/tcp/47952]"
[QmlInspector] Client disconnected
