run-logos-standalone-ui: hot-reloading QML from <repo>/src/qml
  (export DEV_QML_PATH to override, or LOGOS_QML_HOT_RELOAD=0 to disable)
Session directory: "~/Library/Application Support/Logos/LogosStandalone"
[2026-10-04 17:43:51.251] [info] [logos] Granting host services to 'capability_module': token_registry,token_delivery
[2026-10-04 17:43:51.283] [out] [capability_module] [2026-10-04 17:43:51.283] [info] Granting host services to capability_module: ["token_registry","token_delivery"]
RemoteTransportConnection: Connecting to registry: "local:logos_capability_module_d9f0a8e8ee3b" at "17:43:51.284"
RemoteTransportConnection: Registry connect attempt started (no peer contact yet): "local:logos_capability_module_d9f0a8e8ee3b"
LogosAPIConsumer: Informing module token for module: "capability_module" with token: "redacted:37a9f9d2…"
RemoteTransportConnection: Requesting object: "capability_module" at "17:43:51.284"
[LogosObject] RemoteTransportConnection: returning RemoteLogosObject for: "capability_module"
[LogosObject] Created RemoteLogosObject wrapping QRemoteObjectReplica 105553165629280
[LogosObject] LogosAPIConsumer: calling LogosObject::informModuleToken for "capability_module"
LogosAPIConsumer: informModuleToken completed with result: true
[LogosObject] Destroying RemoteLogosObject 0
[2026-10-04 17:43:51.369] [info] [logos] Module loaded: capability_module
LogosAPIConsumer: Informing module token for module: "modules_state" with token: "redacted:5c13b0e3…"
RemoteTransportConnection: Requesting object: "capability_module" at "17:43:51.404"
[LogosObject] RemoteTransportConnection: returning RemoteLogosObject for: "capability_module"
[LogosObject] Created RemoteLogosObject wrapping QRemoteObjectReplica 105553165797152
[LogosObject] LogosAPIConsumer: calling LogosObject::informModuleToken for "modules_state"
LogosAPIConsumer: informModuleToken completed with result: true
[LogosObject] Destroying RemoteLogosObject 0
[2026-10-04 17:43:51.404] [info] [logos] Module loaded: modules_state
RemoteTransportConnection: Connecting to registry: "local:logos_modules_state_d9f0a8e8ee3b" at "17:43:51.405"
RemoteTransportConnection: Registry connect attempt started (no peer contact yet): "local:logos_modules_state_d9f0a8e8ee3b"
RemoteTransportConnection: Connecting to registry: "local:logos_capability_module_d9f0a8e8ee3b" at "17:43:51.405"
RemoteTransportConnection: Registry connect attempt started (no peer contact yet): "local:logos_capability_module_d9f0a8e8ee3b"
LogosAPIConsumer: '"modules_state"::""' deferred pending the module becoming reachable
LogosAPIConsumer: '"modules_state"::""' deferred pending the module becoming reachable
Logos Core started (modules dir: "/nix/store/4v2cj5cr5dlsjb9cl0blr0cds0qf07iv-logos-forum_module-plugin-dir-modules" )
Set app icon from metadata: "/nix/store/if6bi3rxgc9jbdnhzmxl1vbp9cxn3089-logos-forum_module-plugin-dir/src/icons/icon.png"
[2026-10-04 17:43:51.470] [info] [logos] [delivery_module] DeliveryModuleImpl: Initializing...
LogosAPIConsumer: Informing module token for module: "delivery_module" with token: "redacted:5089fb58…"
RemoteTransportConnection: Requesting object: "capability_module" at "17:43:51.471"
[LogosObject] RemoteTransportConnection: returning RemoteLogosObject for: "capability_module"
[LogosObject] Created RemoteLogosObject wrapping QRemoteObjectReplica 105553165648352
[LogosObject] LogosAPIConsumer: calling LogosObject::informModuleToken for "delivery_module"
LogosAPIConsumer: informModuleToken completed with result: true
[LogosObject] Destroying RemoteLogosObject 0
[2026-10-04 17:43:51.471] [info] [logos] Module loaded: delivery_module
RemoteTransportConnection: Connecting to registry: "local:logos_delivery_module_d9f0a8e8ee3b" at "17:43:51.472"
RemoteTransportConnection: Registry connect attempt started (no peer contact yet): "local:logos_delivery_module_d9f0a8e8ee3b"
RemoteTransportConnection: Connecting to registry: "local:logos_capability_module_d9f0a8e8ee3b" at "17:43:51.472"
RemoteTransportConnection: Registry connect attempt started (no peer contact yet): "local:logos_capability_module_d9f0a8e8ee3b"
LogosAPIConsumer: '"delivery_module"::""' deferred pending the module becoming reachable
LogosAPIClient: getToken for module: "modules_state"
LogosAPIClient: Found token for module: "modules_state"
RemoteTransportConnection: Requesting object: "modules_state" at "17:43:51.472"
[LogosObject] RemoteTransportConnection: returning RemoteLogosObject for: "modules_state"
[LogosObject] Created RemoteLogosObject wrapping QRemoteObjectReplica 105553165809664
[LogosObject] LogosAPIConsumer: async calling via LogosObject::callMethodAsync "note_transition"
[LogosObject] RemoteLogosObject::callMethodAsync "note_transition" args: 7
LogosAPIClient: getToken for module: "modules_state"
LogosAPIClient: Found token for module: "modules_state"
[LogosObject] LogosAPIConsumer: async calling via LogosObject::callMethodAsync "note_transition"
[LogosObject] RemoteLogosObject::callMethodAsync "note_transition" args: 7
Loaded dependency (with transitive deps): "delivery_module"
[2026-10-04 17:43:51.508] [info] [logos] [storage_module] StorageModuleImpl: Initializing...
LogosAPIConsumer: Informing module token for module: "storage_module" with token: "redacted:a363a947…"
RemoteTransportConnection: Requesting object: "capability_module" at "17:43:51.509"
[LogosObject] Created RemoteLogosObject wrapping QRemoteObjectReplica 105553165631104
LogosAPIClient: invoking remote method "modules_state" "apply_snapshot" args_count: 1
LogosAPIClient: getToken for module: "modules_state"
LogosAPIClient: Found token for module: "modules_state"
LogosAPIConsumer: Calling invokeRemoteMethod: "modules_state" "apply_snapshot" args_count: 1 timeout: 20000
[LogosObject] LogosAPIConsumer: calling via LogosObject::callMethod "apply_snapshot"
[LogosObject] RemoteLogosObject::callMethod "apply_snapshot" args: 1
[LogosObject] Created RemoteLogosObject wrapping QRemoteObjectReplica 105553165644352
LogosAPIClient: getToken for module: "modules_state"
LogosAPIClient: Found token for module: "modules_state"
[LogosObject] LogosAPIConsumer: async calling via LogosObject::callMethodAsync "note_transition"
[LogosObject] RemoteLogosObject::callMethodAsync "note_transition" args: 7
LogosAPIClient: getToken for module: "modules_state"
LogosAPIClient: Found token for module: "modules_state"
[LogosObject] LogosAPIConsumer: async calling via LogosObject::callMethodAsync "note_transition"
[LogosObject] RemoteLogosObject::callMethodAsync "note_transition" args: 7
[2026-10-04 17:43:51.510] [info] [logos] Pushed module snapshot to modules_state
LogosAPIClient: getToken for module: "modules_state"
LogosAPIClient: Found token for module: "modules_state"
[LogosObject] LogosAPIConsumer: async calling via LogosObject::callMethodAsync "note_transition"
[LogosObject] RemoteLogosObject::callMethodAsync "note_transition" args: 7
[LogosObject] RemoteTransportConnection: returning RemoteLogosObject for: "capability_module"
[LogosObject] Created RemoteLogosObject wrapping QRemoteObjectReplica 105553165551072
[LogosObject] LogosAPIConsumer: calling LogosObject::informModuleToken for "storage_module"
LogosAPIConsumer: informModuleToken completed with result: true
[LogosObject] Destroying RemoteLogosObject 0
[2026-10-04 17:43:51.510] [info] [logos] Module loaded: storage_module
RemoteTransportConnection: Connecting to registry: "local:logos_storage_module_d9f0a8e8ee3b" at "17:43:51.511"
RemoteTransportConnection: Registry connect attempt started (no peer contact yet): "local:logos_storage_module_d9f0a8e8ee3b"
RemoteTransportConnection: Connecting to registry: "local:logos_capability_module_d9f0a8e8ee3b" at "17:43:51.511"
RemoteTransportConnection: Registry connect attempt started (no peer contact yet): "local:logos_capability_module_d9f0a8e8ee3b"
LogosAPIConsumer: '"storage_module"::""' deferred pending the module becoming reachable
LogosAPIClient: getToken for module: "modules_state"
LogosAPIClient: Found token for module: "modules_state"
[LogosObject] LogosAPIConsumer: async calling via LogosObject::callMethodAsync "note_transition"
[LogosObject] RemoteLogosObject::callMethodAsync "note_transition" args: 7
Loaded dependency (with transitive deps): "storage_module"
DEV_QML_PATH override active: <repo>/src/qml/Main.qml
RemoteTransportConnection: Connecting to registry: "local:logos_capability_module_d9f0a8e8ee3b" at "17:43:51.511"
RemoteTransportConnection: Registry connect attempt started (no peer contact yet): "local:logos_capability_module_d9f0a8e8ee3b"
LogosAPIConsumer: Informing module token for module: "forum_module" with token: "redacted:ce7c766e…"
RemoteTransportConnection: Requesting object: "capability_module" at "17:43:51.511"
[LogosObject] RemoteTransportConnection: returning RemoteLogosObject for: "capability_module"
[LogosObject] Created RemoteLogosObject wrapping QRemoteObjectReplica 105553165993024
[LogosObject] LogosAPIConsumer: calling LogosObject::informModuleToken for "forum_module"
[LogosObject] Created RemoteLogosObject wrapping QRemoteObjectReplica 105553165554208
LogosAPIClient: getToken for module: "modules_state"
LogosAPIClient: Found token for module: "modules_state"
[LogosObject] LogosAPIConsumer: async calling via LogosObject::callMethodAsync "note_transition"
[LogosObject] RemoteLogosObject::callMethodAsync "note_transition" args: 7
LogosAPIConsumer: informModuleToken completed with result: true
[LogosObject] Destroying RemoteLogosObject 0
Loaded UI plugin: "/nix/store/if6bi3rxgc9jbdnhzmxl1vbp9cxn3089-logos-forum_module-plugin-dir"
[QmlInspector] Inspector server listening on port 3768
[QmlInspector] Client connected from "::1"
[2026-10-04 17:43:58.580] [warning] [logos] [capability_module] Warning: QObject::connect: No such signal ::eventResponse(QString,QVariantList)
[2026-10-04 17:43:58.581] [info] [logos] [delivery_module] DeliveryModuleImpl::getNodeInfo called with nodeInfoId: MyPeerId
[2026-10-04 17:43:58.581] [info] [logos] [delivery_module] DeliveryModuleImpl: Cannot get node info - context not initialized. Call createNode first.
[2026-10-04 17:43:58.582] [info] [logos] [delivery_module] DeliveryModuleImpl::createNode called
[2026-10-04 17:43:58.660] [info] [logos] [delivery_module] DeliveryModuleImpl: Waiting for createNode callback...
[2026-10-04 17:43:58.665] [out] [delivery_module] DBG 2026-10-04 17:43:58.665+02:00 Whether to mount storeSync is not specified, defaulting to not mounting topics="waku conf builder" tid=5880867
[2026-10-04 17:43:58.665] [out] [delivery_module] NTC 2026-10-04 17:43:58.665+02:00 No node key provided, generated a new one; identity will not persist across restarts topics="waku conf builder" tid=5880867
[2026-10-04 17:43:58.665] [out] [delivery_module] INF 2026-10-04 17:43:58.665+02:00 Sharding configuration:                    topics="waku conf builder" tid=5880867 shardingConf="(kind: AutoSharding, numShardsInCluster: 8)" subscribeShards="@[0, 1, 2, 3, 4, 5, 6, 7]"
[2026-10-04 17:43:58.666] [out] [delivery_module] INF 2026-10-04 17:43:58.666+02:00 Configuration: Enabled protocols           topics="waku conf" tid=5880867 relay=true rlnRelay=false store=false filter=true lightPush=true peerExchange=true rendezvous=true
[2026-10-04 17:43:58.666] [out] [delivery_module] INF 2026-10-04 17:43:58.666+02:00 Configuration. Network                     topics="waku conf" tid=5880867 cluster=3
[2026-10-04 17:43:58.666] [out] [delivery_module] DBG 2026-10-04 17:43:58.666+02:00 Configuration. Active Relay Shards         topics="waku conf" tid=5880867 shard=0
[2026-10-04 17:43:58.666] [out] [delivery_module] DBG 2026-10-04 17:43:58.666+02:00 Configuration. Active Relay Shards         topics="waku conf" tid=5880867 shard=1
[2026-10-04 17:43:58.666] [out] [delivery_module] DBG 2026-10-04 17:43:58.666+02:00 Configuration. Active Relay Shards         topics="waku conf" tid=5880867 shard=2
[2026-10-04 17:43:58.666] [out] [delivery_module] DBG 2026-10-04 17:43:58.666+02:00 Configuration. Active Relay Shards         topics="waku conf" tid=5880867 shard=3
[2026-10-04 17:43:58.666] [out] [delivery_module] DBG 2026-10-04 17:43:58.666+02:00 Configuration. Active Relay Shards         topics="waku conf" tid=5880867 shard=4
[2026-10-04 17:43:58.666] [out] [delivery_module] DBG 2026-10-04 17:43:58.666+02:00 Configuration. Active Relay Shards         topics="waku conf" tid=5880867 shard=5
[2026-10-04 17:43:58.666] [out] [delivery_module] DBG 2026-10-04 17:43:58.666+02:00 Configuration. Active Relay Shards         topics="waku conf" tid=5880867 shard=6
[2026-10-04 17:43:58.666] [out] [delivery_module] DBG 2026-10-04 17:43:58.666+02:00 Configuration. Active Relay Shards         topics="waku conf" tid=5880867 shard=7
[2026-10-04 17:43:58.667] [out] [delivery_module] INF 2026-10-04 17:43:58.667+02:00 Setting up storage                         tid=5880867
[2026-10-04 17:43:58.667] [out] [delivery_module] INF 2026-10-04 17:43:58.667+02:00 Initializing node                          tid=5880867
[2026-10-04 17:43:58.667] [out] [delivery_module] DBG 2026-10-04 17:43:58.667+02:00 Setting up NATService                      topics="libp2p natservice" tid=5880867 portMapping=true reachability=false holePunching=false
[2026-10-04 17:43:58.668] [out] [delivery_module] INF 2026-10-04 17:43:58.668+02:00 Initializing networking                    tid=5880867 addrs="@[/ip4/0.0.0.0/tcp/0, /ip4/0.0.0.0/udp/0/quic-v1]"
[2026-10-04 17:43:58.668] [out] [delivery_module] INF 2026-10-04 17:43:58.668+02:00 Mounting protocols                         tid=5880867
[2026-10-04 17:43:58.668] [out] [delivery_module] INF 2026-10-04 17:43:58.668+02:00 Created WakuMetadata protocol              topics="waku node" tid=5880867 clusterId=3 shards="[0, 1, 2, 3, 4, 5, 6, 7]"
[2026-10-04 17:43:58.668] [out] [delivery_module] INF 2026-10-04 17:43:58.668+02:00 Mounting mix protocol                      topics="waku node" tid=5880867INF 2026-10-04 17:43:58.668+02:00 node info                                  topics="waku node" tid=5880867 wakuInfo="(listenAddresses: [/ip4/0.0.0.0/tcp/0/p2p/16Uiu2HAmNkAqK5qpyC2yxPAhH1pngYWtmr7eSPggN9ucSDLqfd15, /ip4/0.0.0.0/udp/0/quic-v1/p2p/16Uiu2HAmNkAqK5qpyC2yxPAhH1pngYWtmr7eSPggN9ucSDLqfd15], enrUri: enr:-JO4QDg_MQsGsSrzb7JOU1Vjp9LVDca9NRoQYTIjz9xxL-BiduA0u4sQa0xQLqrdEQBoK4Su5WZD8zVf_Kt5KxiKr0YBgmlkgnY0gnJzkwADCAAAAAEAAgADAAQABQAGAAeJc2VjcDI1NmsxoQOV6KBrzFl0iFfki1kYhUeYNySsIb3HnAzSQPGN24LdZIV3YWt1Mi0, mixPubKey: none())"
[2026-10-04 17:43:58.668] [out] [delivery_module]  nodeId="(listenAddresses: [/ip4/0.0.0.0/tcp/0/p2p/16Uiu2HAmNkAqK5qpyC2yxPAhH1pngYWtmr7eSPggN9ucSDLqfd15, /ip4/0.0.0.0/udp/0/quic-v1/p2p/16Uiu2HAmNkAqK5qpyC2yxPAhH1pngYWtmr7eSPggN9ucSDLqfd15], enrUri: enr:-JO4QDg_MQsGsSrzb7JOU1Vjp9LVDca9NRoQYTIjz9xxL-BiduA0u4sQa0xQLqrdEQBoK4Su5WZD8zVf_Kt5KxiKr0YBgmlkgnY0gnJzkwADCAAAAAEAAgADAAQABQAGAAeJc2VjcDI1NmsxoQOV6KBrzFl0iFfki1kYhUeYNySsIb3HnAzSQPGN24LdZIV3YWt1Mi0, mixPubKey: none())"
[2026-10-04 17:43:58.668] [out] [delivery_module] INF 2026-10-04 17:43:58.668+02:00 local addr                                 topics="waku node" tid=5880867 localaddr=/ip4/0.0.0.0/tcp/0
[2026-10-04 17:43:58.669] [out] [delivery_module] INF 2026-10-04 17:43:58.669+02:00 mixPubKey                                  topics="waku node" tid=5880867 mixPubKey="[109, 213, 170, 76, 241, 115, 164, 236, 190, 15, 135, 224, 95, 166, 11, 150, 200, 66, 6, 21, 39, 144, 188, 233, 169, 114, 47, 76, 118, 175, 133, 31]"
[2026-10-04 17:43:58.669] [out] [delivery_module] INF 2026-10-04 17:43:58.669+02:00 Using mix bootstrap nodes                  topics="waku mix" tid=5880867 entries=0 poolSize=0
[2026-10-04 17:43:58.669] [out] [delivery_module] INF 2026-10-04 17:43:58.669+02:00 Mix cannot publish yet, waiting for more mix nodes topics="waku node" tid=5880867 poolSize=0 required=4
[2026-10-04 17:43:58.671] [out] [delivery_module] INF 2026-10-04 17:43:58.671+02:00 mounting store client                      topics="waku node store api" tid=5880867
[2026-10-04 17:43:58.671] [out] [delivery_module] INF 2026-10-04 17:43:58.671+02:00 Mounting auto sharding                     topics="waku node" tid=5880867 clusterId=3 shardCount=8
[2026-10-04 17:43:58.671] [out] [delivery_module] DBG 2026-10-04 17:43:58.671+02:00 Shards created from content topics         tid=5880867 contentTopics=[] shards=[]
[2026-10-04 17:43:58.671] [out] [delivery_module] DBG 2026-10-04 17:43:58.671+02:00 Setting max message size                   tid=5880867 num_bytes=153600
[2026-10-04 17:43:58.671] [out] [delivery_module] INF 2026-10-04 17:43:58.671+02:00 mounting relay protocol                    topics="waku node relay api" tid=5880867
[2026-10-04 17:43:58.672] [out] [delivery_module] DBG 2026-10-04 17:43:58.671+02:00 relay mounted successfully                 topics="waku node relay api" tid=5880867
[2026-10-04 17:43:58.672] [out] [delivery_module] DBG 2026-10-04 17:43:58.671+02:00 Adding validator to signed shards          tid=5880867 protectedShards=[] clusterId=3
[2026-10-04 17:43:58.672] [out] [delivery_module] INF 2026-10-04 17:43:58.672+02:00 Mounting rendezvous discovery protocol     topics="waku node" tid=5880867
[2026-10-04 17:43:58.673] [out] [delivery_module] INF 2026-10-04 17:43:58.672+02:00 Waku rendezvous initialized                topics="waku node" tid=5880867 clusterId=3 shards="[0, 1, 2, 3, 4, 5, 6, 7]" capabilities="[Relay, Filter, Lightpush, Mix]" wakuPeerRecord="(peerId: 16U*Lqfd15, seqNo: 1791128638, addresses: [/ip4/0.0.0.0/tcp/0, /ip4/0.0.0.0/udp/0/quic-v1], mixKey: 0x6dd5aa4cf173a4ecbe0f87e05fa60b96c84206152790bce9a9722f4c76af851f)"
[2026-10-04 17:43:58.673] [out] [delivery_module] INF 2026-10-04 17:43:58.673+02:00 Mounting rendezvous client                 topics="waku node" tid=5880867
[2026-10-04 17:43:58.673] [out] [delivery_module] INF 2026-10-04 17:43:58.673+02:00 Waku rendezvous client initialized         topics="waku node" tid=5880867 clusterId=3
[2026-10-04 17:43:58.673] [out] [delivery_module] INF 2026-10-04 17:43:58.673+02:00 mounting libp2p ping protocol              topics="waku node ping api" tid=5880867
[2026-10-04 17:43:58.673] [out] [delivery_module] INF 2026-10-04 17:43:58.673+02:00 mounting light push                        topics="waku node lightpush api" tid=5880867
[2026-10-04 17:43:58.673] [out] [delivery_module] INF 2026-10-04 17:43:58.673+02:00 mounting lightpush with relay              topics="waku node lightpush api" tid=5880867
[2026-10-04 17:43:58.673] [out] [delivery_module] DBG 2026-10-04 17:43:58.673+02:00 lightpush mounted successfully             topics="waku node lightpush api" tid=5880867
[2026-10-04 17:43:58.673] [out] [delivery_module] INF 2026-10-04 17:43:58.673+02:00 mounting legacy light push                 topics="waku node lightpush api" tid=5880867
[2026-10-04 17:43:58.673] [out] [delivery_module] INF 2026-10-04 17:43:58.673+02:00 mounting legacy lightpush with relay       topics="waku node lightpush api" tid=5880867
[2026-10-04 17:43:58.673] [out] [delivery_module] DBG 2026-10-04 17:43:58.673+02:00 legacy lightpush mounted successfully      topics="waku node lightpush api" tid=5880867
[2026-10-04 17:43:58.673] [out] [delivery_module] INF 2026-10-04 17:43:58.673+02:00 mounting light push client                 topics="waku node lightpush api" tid=5880867
[2026-10-04 17:43:58.673] [out] [delivery_module] INF 2026-10-04 17:43:58.673+02:00 mounting legacy light push client          topics="waku node lightpush api" tid=5880867
[2026-10-04 17:43:58.673] [out] [delivery_module] INF 2026-10-04 17:43:58.673+02:00 mounting filter protocol                   topics="waku node filter api" tid=5880867
[2026-10-04 17:43:58.673] [out] [delivery_module] INF 2026-10-04 17:43:58.673+02:00 Starting filter protocol                   topics="waku filter" tid=5880867
[2026-10-04 17:43:58.673] [out] [delivery_module] DBG 2026-10-04 17:43:58.673+02:00 Starting to maintain subscriptions         topics="waku filter" tid=5880867
[2026-10-04 17:43:58.673] [out] [delivery_module] DBG 2026-10-04 17:43:58.673+02:00 Maintaining subscriptions                  topics="waku filter" tid=5880867
[2026-10-04 17:43:58.673] [out] [delivery_module] DBG 2026-10-04 17:43:58.673+02:00 Cleanup                                    topics="waku filter subscriptions" tid=5880867 currentPeerIds=[]
[2026-10-04 17:43:58.673] [out] [delivery_module] DBG 2026-10-04 17:43:58.673+02:00 After cleanup                              topics="waku filter subscriptions" tid=5880867 currentPeerIds=[]
[2026-10-04 17:43:58.673] [out] [delivery_module] INF 2026-10-04 17:43:58.673+02:00 mounting filter client                     topics="waku node filter api" tid=5880867
[2026-10-04 17:43:58.673] [out] [delivery_module] INF 2026-10-04 17:43:58.673+02:00 mounting waku peer exchange                topics="waku node peerexchange api" tid=5880867
[2026-10-04 17:43:58.673] [out] [delivery_module] INF 2026-10-04 17:43:58.673+02:00 mounting waku peer exchange client         topics="waku node peerexchange api" tid=5880867
[2026-10-04 17:43:58.673] [out] [delivery_module] INF 2026-10-04 17:43:58.673+02:00 No external callbacks to be set            topics="wakunode waku" tid=5880867
[2026-10-04 17:43:58.673] [out] [delivery_module] INF 2026-10-04 17:43:58.673+02:00 Setting up AutonatService                  topics="libp2p autonatservice" tid=5880867
[2026-10-04 17:43:58.674] [info] [logos] [delivery_module] DeliveryModuleImpl::createNode callback called with ret: 0
[2026-10-04 17:43:58.676] [info] [logos] [delivery_module] DeliveryModuleImpl: Delivery context created successfully
[2026-10-04 17:43:58.677] [info] [logos] [delivery_module] DeliveryModuleImpl::start called
[2026-10-04 17:43:58.677] [out] [delivery_module] INF 2026-10-04 17:43:58.677+02:00 Retrieve dynamic bootstrap nodes           topics="wakunode waku" tid=5880867
[2026-10-04 17:43:58.677] [info] [logos] [delivery_module] DeliveryModuleImpl::getNodeInfo called with nodeInfoId: MyPeerId
[2026-10-04 17:43:58.677] [out] [delivery_module] INF 2026-10-04 17:43:58.677+02:00 Running nwaku node                         tid=5880867 version=v0.39.0-gca2814
[2026-10-04 17:43:58.677] [out] [delivery_module] INF 2026-10-04 17:43:58.677+02:00 Starting Waku node                         topics="waku node" tid=5880867 version=v0.39.0-gca2814
[2026-10-04 17:43:58.677] [out] [delivery_module] DBG 2026-10-04 17:43:58.677+02:00 Waku rendezvous periodic requests started  topics="waku rendezvous client" tid=5880867 interval=10s
[2026-10-04 17:43:58.677] [out] [delivery_module] INF 2026-10-04 17:43:58.677+02:00 Waku rendezvous client started             topics="waku rendezvous client" tid=5880867
[2026-10-04 17:43:58.677] [out] [delivery_module] DBG 2026-10-04 17:43:58.677+02:00 starting switch for peer                   topics="libp2p switch" tid=5880867 peerInfo="(peerId: 16Uiu2HAmNkAqK5qpyC2yxPAhH1pngYWtmr7eSPggN9ucSDLqfd15, listenAddrs: [/ip4/0.0.0.0/tcp/0, /ip4/0.0.0.0/udp/0/quic-v1], addrs: [], protocols: [/ipfs/id/1.0.0, /libp2p/autonat/1.0.0, /libp2p/circuit/relay/0.2.0/hop, /vac/waku/metadata/1.0.0, /mix/1.0.0, /logos/service-discovery/1.0.0, /vac/waku/relay/2.0.0, /vac/waku/rendezvous/1.0.0, /ipfs/ping/1.0.0, /vac/waku/lightpush/3.0.0, /vac/waku/lightpush/2.0.0-beta1, /vac/waku/filter-subscribe/2.0.0-beta1, /vac/waku/filter-push/2.0.0-beta1, /vac/waku/peer-exchange/2.0.0-alpha1], protoVersion: ipfs/0.1.0, agentVersion: logos-delivery-v0.39.0-gca2814)"
[2026-10-04 17:43:58.677] [out] [delivery_module] DBG 2026-10-04 17:43:58.677+02:00 No private listen addresses to map; releasing any prior mappings topics="libp2p natservice" tid=5880867
[2026-10-04 17:43:58.681] [out] [delivery_module] DBG 2026-10-04 17:43:58.681+02:00 Configured QUIC UDP receive buffer         tid=5880867 requestedBytes=8388608 effectiveBytes=8388608
[2026-10-04 17:43:58.682] [out] [delivery_module] DBG 2026-10-04 17:43:58.682+02:00 About to accept incoming connection        topics="libp2p switch" tid=5880867
[2026-10-04 17:43:58.682] [out] [delivery_module] DBG 2026-10-04 17:43:58.682+02:00 About to accept incoming connection        topics="libp2p switch" tid=5880867
[2026-10-04 17:43:58.682] [out] [delivery_module] DBG 2026-10-04 17:43:58.682+02:00 No private listen addresses to map; releasing any prior mappings topics="libp2p natservice" tid=5880867
[2026-10-04 17:43:58.684] [out] [delivery_module] DBG 2026-10-04 17:43:58.684+02:00 Lookup query                               topics="kad-dht find" tid=5880867 peer=16U*NSkuby
[2026-10-04 17:43:58.685] [out] [delivery_module] DBG 2026-10-04 17:43:58.685+02:00 Dialing peer                               topics="libp2p dialer" tid=5880867 peerId=16U*NSkuby addrs="[/dns4/delivery-01.do-ams3.logos.dev.status.im/tcp/30303]"
[2026-10-04 17:43:58.685] [out] [delivery_module] DBG 2026-10-04 17:43:58.685+02:00 resolved addresses                         topics="libp2p dialer" tid=5880867 originalAddresses=/dns4/delivery-01.do-ams3.logos.dev.status.im/tcp/30303/p2p/16Uiu2HAmTUbnxLGT9JvV6mu9oPyDjqHK4Phs1VDJNUgESgNSkuby resolvedAddresses="[/dns4/delivery-01.do-ams3.logos.dev.status.im/tcp/30303/p2p/16Uiu2HAmTUbnxLGT9JvV6mu9oPyDjqHK4Phs1VDJNUgESgNSkuby]"
[2026-10-04 17:43:58.685] [out] [delivery_module] DBG 2026-10-04 17:43:58.685+02:00 Lookup query                               topics="kad-dht find" tid=5880867 peer=16U*TwqBiH
[2026-10-04 17:43:58.685] [out] [delivery_module] DBG 2026-10-04 17:43:58.685+02:00 Dialing peer                               topics="libp2p dialer" tid=5880867 peerId=16U*TwqBiH addrs="[/dns4/delivery-02.gc-us-central1-a.logos.dev.status.im/tcp/30303]"
[2026-10-04 17:43:58.685] [out] [delivery_module] DBG 2026-10-04 17:43:58.685+02:00 resolved addresses                         topics="libp2p dialer" tid=5880867 originalAddresses=/dns4/delivery-02.gc-us-central1-a.logos.dev.status.im/tcp/30303/p2p/16Uiu2HAm8Y9kgBNtjxvCnf1X6gnZJW5EGE4UwwCL3CCm55TwqBiH resolvedAddresses="[/dns4/delivery-02.gc-us-central1-a.logos.dev.status.im/tcp/30303/p2p/16Uiu2HAm8Y9kgBNtjxvCnf1X6gnZJW5EGE4UwwCL3CCm55TwqBiH]"
[2026-10-04 17:43:58.685] [out] [delivery_module] DBG 2026-10-04 17:43:58.685+02:00 Lookup query                               topics="kad-dht find" tid=5880867 peer=16U*T3UNSE
[2026-10-04 17:43:58.685] [out] [delivery_module] DBG 2026-10-04 17:43:58.685+02:00 Dialing peer                               topics="libp2p dialer" tid=5880867 peerId=16U*T3UNSE addrs="[/dns4/delivery-02.ac-cn-hongkong-c.logos.dev.status.im/tcp/30303]"
[2026-10-04 17:43:58.685] [out] [delivery_module] DBG 2026-10-04 17:43:58.685+02:00 resolved addresses                         topics="libp2p dialer" tid=5880867 originalAddresses=/dns4/delivery-02.ac-cn-hongkong-c.logos.dev.status.im/tcp/30303/p2p/16Uiu2HAkvwhGHKNry6LACrB8TmEFoCJKEX29XR5dDUzk3UT3UNSE resolvedAddresses="[/dns4/delivery-02.ac-cn-hongkong-c.logos.dev.status.im/tcp/30303/p2p/16Uiu2HAkvwhGHKNry6LACrB8TmEFoCJKEX29XR5dDUzk3UT3UNSE]"
[2026-10-04 17:43:58.685] [out] [delivery_module] DBG 2026-10-04 17:43:58.685+02:00 Lookup query                               topics="kad-dht find" tid=5880867 peer=16U*P1S397
[2026-10-04 17:43:58.685] [out] [delivery_module] DBG 2026-10-04 17:43:58.685+02:00 Dialing peer                               topics="libp2p dialer" tid=5880867 peerId=16U*P1S397 addrs="[/dns4/delivery-01.gc-us-central1-a.logos.dev.status.im/tcp/30303]"
[2026-10-04 17:43:58.685] [out] [delivery_module] DBG 2026-10-04 17:43:58.685+02:00 resolved addresses                         topics="libp2p dialer" tid=5880867 originalAddresses=/dns4/delivery-01.gc-us-central1-a.logos.dev.status.im/tcp/30303/p2p/16Uiu2HAm4S1JYkuzDKLKQvwgAhZKs9otxXqt8SCGtB4hoJP1S397 resolvedAddresses="[/dns4/delivery-01.gc-us-central1-a.logos.dev.status.im/tcp/30303/p2p/16Uiu2HAm4S1JYkuzDKLKQvwgAhZKs9otxXqt8SCGtB4hoJP1S397]"
[2026-10-04 17:43:58.685] [out] [delivery_module] DBG 2026-10-04 17:43:58.685+02:00 Lookup query                               topics="kad-dht find" tid=5880867 peer=16U*VpJprH
[2026-10-04 17:43:58.685] [out] [delivery_module] DBG 2026-10-04 17:43:58.685+02:00 Dialing peer                               topics="libp2p dialer" tid=5880867 peerId=16U*VpJprH addrs="[/dns4/delivery-02.do-ams3.logos.dev.status.im/tcp/30303]"
[2026-10-04 17:43:58.685] [out] [delivery_module] DBG 2026-10-04 17:43:58.685+02:00 resolved addresses                         topics="libp2p dialer" tid=5880867 originalAddresses=/dns4/delivery-02.do-ams3.logos.dev.status.im/tcp/30303/p2p/16Uiu2HAmMK7PYygBtKUQ8EHp7EfaD3bCEsJrkFooK8RQ2PVpJprH resolvedAddresses="[/dns4/delivery-02.do-ams3.logos.dev.status.im/tcp/30303/p2p/16Uiu2HAmMK7PYygBtKUQ8EHp7EfaD3bCEsJrkFooK8RQ2PVpJprH]"
[2026-10-04 17:43:58.686] [out] [delivery_module] DBG 2026-10-04 17:43:58.686+02:00 Lookup query                               topics="kad-dht find" tid=5880867 peer=16U*kGyuEP
[2026-10-04 17:43:58.686] [out] [delivery_module] DBG 2026-10-04 17:43:58.686+02:00 Dialing peer                               topics="libp2p dialer" tid=5880867 peerId=16U*kGyuEP addrs="[/dns4/delivery-01.ac-cn-hongkong-c.logos.dev.status.im/tcp/30303]"
[2026-10-04 17:43:58.686] [out] [delivery_module] DBG 2026-10-04 17:43:58.686+02:00 resolved addresses                         topics="libp2p dialer" tid=5880867 originalAddresses=/dns4/delivery-01.ac-cn-hongkong-c.logos.dev.status.im/tcp/30303/p2p/16Uiu2HAm8YokiNun9BkeA1ZRmhLbtNUvcwRr64F69tYj9fkGyuEP resolvedAddresses="[/dns4/delivery-01.ac-cn-hongkong-c.logos.dev.status.im/tcp/30303/p2p/16Uiu2HAm8YokiNun9BkeA1ZRmhLbtNUvcwRr64F69tYj9fkGyuEP]"
[2026-10-04 17:43:58.686] [out] [delivery_module] ERR 2026-10-04 17:43:58.686+02:00 Failed to create signed extended peer record topics="service-discovery" tid=5880867 error="no dialable address to publish yet"
[2026-10-04 17:43:58.686] [out] [delivery_module] INF 2026-10-04 17:43:58.686+02:00 Service Discovery started                  topics="service-discovery" tid=5880867
[2026-10-04 17:43:58.686] [out] [delivery_module] INF 2026-10-04 17:43:58.686+02:00 start                                      topics="waku relay" tid=5880867
[2026-10-04 17:43:58.687] [out] [delivery_module] DBG 2026-10-04 17:43:58.687+02:00 Waku rendezvous periodic registration started topics="waku rendezvous" tid=5880867 interval=10s
[2026-10-04 17:43:58.687] [out] [delivery_module] INF 2026-10-04 17:43:58.687+02:00 Waku rendezvous discovery started          topics="waku rendezvous" tid=5880867
[2026-10-04 17:43:58.687] [out] [delivery_module] DBG 2026-10-04 17:43:58.687+02:00 Started libp2p node                        topics="libp2p switch" tid=5880867 peer="(peerId: 16Uiu2HAmNkAqK5qpyC2yxPAhH1pngYWtmr7eSPggN9ucSDLqfd15, listenAddrs: [/ip4/0.0.0.0/tcp/65350, /ip4/0.0.0.0/udp/62334/quic-v1], addrs: [/ip4/0.0.0.0/tcp/65350, /ip4/0.0.0.0/udp/62334/quic-v1], protocols: [/ipfs/id/1.0.0, /libp2p/autonat/1.0.0, /libp2p/circuit/relay/0.2.0/hop, /vac/waku/metadata/1.0.0, /mix/1.0.0, /logos/service-discovery/1.0.0, /vac/waku/relay/2.0.0, /vac/waku/rendezvous/1.0.0, /ipfs/ping/1.0.0, /vac/waku/lightpush/3.0.0, /vac/waku/lightpush/2.0.0-beta1, /vac/waku/filter-subscribe/2.0.0-beta1, /vac/waku/filter-push/2.0.0-beta1, /vac/waku/peer-exchange/2.0.0-alpha1], protoVersion: ipfs/0.1.0, agentVersion: logos-delivery-v0.39.0-gca2814)"
[2026-10-04 17:43:58.688] [out] [delivery_module] INF 2026-10-04 17:43:58.688+02:00 Announced base resolved                    topics="waku node" tid=5880867 addrs="@[/ip4/172.20.10.14/tcp/65350, /ip4/172.20.10.14/udp/62334/quic-v1]" explicit=@[]
[2026-10-04 17:43:58.691] [info] [logos] [delivery_module] DeliveryModuleImpl::subscribe called with contentTopic: /lp0026forum/1/general/text
[2026-10-04 17:43:58.691] [out] [delivery_module] DBG 2026-10-04 17:43:58.691+02:00 Subscribing to pubsub topic                topics="waku relay" tid=5880867 pubsubTopic=/waku/2/rs/3/7
[2026-10-04 17:43:58.692] [out] [delivery_module] DBG 2026-10-04 17:43:58.692+02:00 No mesh peer for the given pubsub topic    topics="waku relay" tid=5880867 pubsubTopic=/waku/2/rs/3/7
[2026-10-04 17:43:58.692] [info] [logos] [delivery_module] DeliveryModuleImpl: Subscribe completed for topic: /lp0026forum/1/general/text with success
[2026-10-04 17:43:58.804] [out] [delivery_module] INF 2026-10-04 17:43:58.804+02:00 Using mix bootstrap nodes                  topics="waku mix" tid=5880867 entries=1 poolSize=1
[2026-10-04 17:43:58.804] [out] [delivery_module] DBG 2026-10-04 17:43:58.804+02:00 Expanded address and hostname              topics="libp2p dialer" tid=5880867 expandedAddress=/dns4/delivery-02.gc-us-central1-a.logos.dev.status.im/tcp/30303 hostname=delivery-02.gc-us-central1-a.logos.dev.status.im resolvedAddresses="[/ip4/34.123.201.25/tcp/30303]"
[2026-10-04 17:43:58.804] [out] [delivery_module] INF 2026-10-04 17:43:58.804+02:00 Using mix bootstrap nodes                  topics="waku mix" tid=5880867 entries=1 poolSize=2
[2026-10-04 17:43:58.804] [out] [delivery_module] INF 2026-10-04 17:43:58.804+02:00 Using mix bootstrap nodes                  topics="waku mix" tid=5880867 entries=1 poolSize=3
[2026-10-04 17:43:58.805] [out] [delivery_module] INF 2026-10-04 17:43:58.805+02:00 Using mix bootstrap nodes                  topics="waku mix" tid=5880867 entries=1 poolSize=4
[2026-10-04 17:43:58.810] [out] [delivery_module] INF 2026-10-04 17:43:58.810+02:00 Using mix bootstrap nodes                  topics="waku mix" tid=5880867 entries=1 poolSize=5
[2026-10-04 17:43:58.810] [out] [delivery_module] DBG 2026-10-04 17:43:58.810+02:00 Expanded address and hostname              topics="libp2p dialer" tid=5880867 expandedAddress=/dns4/delivery-01.ac-cn-hongkong-c.logos.dev.status.im/tcp/30303 hostname=delivery-01.ac-cn-hongkong-c.logos.dev.status.im resolvedAddresses="[/ip4/47.242.130.189/tcp/30303]"
[2026-10-04 17:43:58.810] [out] [delivery_module] DBG 2026-10-04 17:43:58.810+02:00 Expanded address and hostname              topics="libp2p dialer" tid=5880867 expandedAddress=/dns4/delivery-01.gc-us-central1-a.logos.dev.status.im/tcp/30303 hostname=delivery-01.gc-us-central1-a.logos.dev.status.im resolvedAddresses="[/ip4/136.119.156.87/tcp/30303]"
[2026-10-04 17:43:58.821] [out] [delivery_module] DBG 2026-10-04 17:43:58.821+02:00 Expanded address and hostname              topics="libp2p dialer" tid=5880867 expandedAddress=/dns4/delivery-01.do-ams3.logos.dev.status.im/tcp/30303 hostname=delivery-01.do-ams3.logos.dev.status.im resolvedAddresses="[/ip4/138.68.122.137/tcp/30303]"
[2026-10-04 17:43:58.821] [out] [delivery_module] DBG 2026-10-04 17:43:58.821+02:00 Expanded address and hostname              topics="libp2p dialer" tid=5880867 expandedAddress=/dns4/delivery-02.ac-cn-hongkong-c.logos.dev.status.im/tcp/30303 hostname=delivery-02.ac-cn-hongkong-c.logos.dev.status.im resolvedAddresses="[/ip4/43.99.103.10/tcp/30303]"
[2026-10-04 17:43:58.821] [out] [delivery_module] DBG 2026-10-04 17:43:58.821+02:00 Expanded address and hostname              topics="libp2p dialer" tid=5880867 expandedAddress=/dns4/delivery-02.do-ams3.logos.dev.status.im/tcp/30303 hostname=delivery-02.do-ams3.logos.dev.status.im resolvedAddresses="[/ip4/174.138.106.244/tcp/30303]"
[2026-10-04 17:43:58.821] [out] [delivery_module] INF 2026-10-04 17:43:58.821+02:00 Using mix bootstrap nodes                  topics="waku mix" tid=5880867 entries=1 poolSize=6
[2026-10-04 17:43:59.437] [out] [delivery_module] DBG 2026-10-04 17:43:59.437+02:00 Dial successful                            topics="libp2p dialer" tid=5880867 peerId=16U*NSkuby
[2026-10-04 17:43:59.438] [out] [delivery_module] DBG 2026-10-04 17:43:59.438+02:00 starting sendNonHighPriorityTask           topics="libp2p pubsubpeer" tid=5880867 p=16U*NSkuby
[2026-10-04 17:43:59.438] [out] [delivery_module] DBG 2026-10-04 17:43:59.438+02:00 created new pubsub peer                    topics="libp2p pubsub" tid=5880867 peerId=16U*NSkuby
[2026-10-04 17:43:59.438] [out] [delivery_module] DBG 2026-10-04 17:43:59.438+02:00 no listener registered                     tid=5880868 event=onConnectionChange
[2026-10-04 17:43:59.439] [out] [delivery_module] DBG 2026-10-04 17:43:59.439+02:00 Incoming WakuRelay connection              topics="waku relay" tid=5880867 connection=16U*NSkuby:6ac2743f397f3cf7c9de899f protocol=/vac/waku/relay/2.0.0
[2026-10-04 17:43:59.439] [out] [delivery_module] DBG 2026-10-04 17:43:59.439+02:00 starting pubsub read loop                  topics="libp2p pubsubpeer" tid=5880867 stream=16U*NSkuby:6ac2743f397f3cf7c9de899f peer=16U*NSkuby closed=false
[2026-10-04 17:43:59.439] [out] [delivery_module] DBG 2026-10-04 17:43:59.439+02:00 identify: info sent                        topics="libp2p identify" tid=5880867 stream=16U*NSkuby:6ac2743f397f3cf7c9de89a0 info="(peerId: 16Uiu2HAmNkAqK5qpyC2yxPAhH1pngYWtmr7eSPggN9ucSDLqfd15, listenAddrs: [/ip4/0.0.0.0/tcp/65350, /ip4/0.0.0.0/udp/62334/quic-v1], addrs: [/ip4/0.0.0.0/tcp/65350, /ip4/0.0.0.0/udp/62334/quic-v1], protocols: [/ipfs/id/1.0.0, /libp2p/autonat/1.0.0, /libp2p/circuit/relay/0.2.0/hop, /vac/waku/metadata/1.0.0, /mix/1.0.0, /logos/service-discovery/1.0.0, /vac/waku/relay/2.0.0, /vac/waku/rendezvous/1.0.0, /ipfs/ping/1.0.0, /vac/waku/lightpush/3.0.0, /vac/waku/lightpush/2.0.0-beta1, /vac/waku/filter-subscribe/2.0.0-beta1, /vac/waku/filter-push/2.0.0-beta1, /vac/waku/peer-exchange/2.0.0-alpha1], protoVersion: ipfs/0.1.0, agentVersion: logos-delivery-v0.39.0-gca2814)"
[2026-10-04 17:43:59.560] [out] [delivery_module] DBG 2026-10-04 17:43:59.560+02:00 identify: info received                    topics="libp2p identify" tid=5880867 stream=16U*NSkuby:6ac2743f397f3cf7c9de89a2 pubkey=ok(sec...9ab7)) addresses=/ip4/138.68.122.137/tcp/30303,/ip4/138.68.122.137/udp/30303/quic-v1,/dns4/delivery-01.do-ams3.logos.dev.status.im/tcp/30303 protocols=/ipfs/id/1.0.0,/libp2p/autonat/1.0.0,/libp2p/circuit/relay/0.2.0/hop,/vac/waku/metadata/1.0.0,/mix/1.0.0,/logos/service-discovery/1.0.0,/vac/waku/store-query/3.0.0,/vac/waku/relay/2.0.0,/vac/waku/rendezvous/1.0.0,/ipfs/ping/1.0.0,/vac/waku/lightpush/3.0.0,/vac/waku/lightpush/2.0.0-beta1,/vac/waku/filter-subscribe/2.0.0-beta1,/vac/waku/filter-push/2.0.0-beta1,/vac/waku/peer-exchange/2.0.0-alpha1 observable_address=ok(/ip4/109.41.112.89/tcp/46426) proto_version=ipfs/0.1.0 agent_version=logos-delivery-v0.39.0-gca2814 signedPeerRecord=None
[2026-10-04 17:43:59.561] [out] [delivery_module] DBG 2026-10-04 17:43:59.561+02:00 starting pubsub read loop                  topics="libp2p pubsubpeer" tid=5880867 stream=16U*NSkuby:6ac2743f397f3cf7c9de89a1 peer=16U*NSkuby closed=false
[2026-10-04 17:43:59.561] [out] [delivery_module] DBG 2026-10-04 17:43:59.561+02:00 Event identified                           topics="waku node peer_manager" tid=5880867 peerId=16U*NSkuby
[2026-10-04 17:43:59.561] [out] [delivery_module] DBG 2026-10-04 17:43:59.561+02:00 no listener registered                     tid=5880868 event=onConnectionChange
[2026-10-04 17:43:59.789] [out] [delivery_module] DBG 2026-10-04 17:43:59.789+02:00 Received WakuMetadata request              topics="waku metadata" tid=5880867 remoteClusterId=ok(3) remoteShards="[5, 0, 2, 1, 4, 7, 3, 6]" localClusterId=3 localShards="[7]" peer=16U*NSkuby
[2026-10-04 17:43:59.917] [out] [delivery_module] DBG 2026-10-04 17:43:59.917+02:00 Dial successful                            topics="libp2p dialer" tid=5880867 peerId=16U*P1S397
[2026-10-04 17:43:59.917] [out] [delivery_module] DBG 2026-10-04 17:43:59.917+02:00 starting sendNonHighPriorityTask           topics="libp2p pubsubpeer" tid=5880867 p=16U*P1S397
[2026-10-04 17:43:59.918] [out] [delivery_module] DBG 2026-10-04 17:43:59.917+02:00 created new pubsub peer                    topics="libp2p pubsub" tid=5880867 peerId=16U*P1S397
[2026-10-04 17:43:59.918] [out] [delivery_module] DBG 2026-10-04 17:43:59.917+02:00 no listener registered                     tid=5880868 event=onConnectionChange
[2026-10-04 17:43:59.920] [out] [delivery_module] DBG 2026-10-04 17:43:59.920+02:00 Dial successful                            topics="libp2p dialer" tid=5880867 peerId=16U*TwqBiH
[2026-10-04 17:43:59.920] [out] [delivery_module] DBG 2026-10-04 17:43:59.920+02:00 Incoming WakuRelay connection              topics="waku relay" tid=5880867 connection=16U*P1S397:6ac2743f397f3cf7c9de89aa protocol=/vac/waku/relay/2.0.0
[2026-10-04 17:43:59.920] [out] [delivery_module] DBG 2026-10-04 17:43:59.920+02:00 starting pubsub read loop                  topics="libp2p pubsubpeer" tid=5880867 stream=16U*P1S397:6ac2743f397f3cf7c9de89aa peer=16U*P1S397 closed=false
[2026-10-04 17:43:59.921] [out] [delivery_module] DBG 2026-10-04 17:43:59.920+02:00 identify: info sent                        topics="libp2p identify" tid=5880867 stream=16U*P1S397:6ac2743f397f3cf7c9de89ab info="(peerId: 16Uiu2HAmNkAqK5qpyC2yxPAhH1pngYWtmr7eSPggN9ucSDLqfd15, listenAddrs: [/ip4/0.0.0.0/tcp/65350, /ip4/0.0.0.0/udp/62334/quic-v1], addrs: [/ip4/0.0.0.0/tcp/65350, /ip4/0.0.0.0/udp/62334/quic-v1], protocols: [/ipfs/id/1.0.0, /libp2p/autonat/1.0.0, /libp2p/circuit/relay/0.2.0/hop, /vac/waku/metadata/1.0.0, /mix/1.0.0, /logos/service-discovery/1.0.0, /vac/waku/relay/2.0.0, /vac/waku/rendezvous/1.0.0, /ipfs/ping/1.0.0, /vac/waku/lightpush/3.0.0, /vac/waku/lightpush/2.0.0-beta1, /vac/waku/filter-subscribe/2.0.0-beta1, /vac/waku/filter-push/2.0.0-beta1, /vac/waku/peer-exchange/2.0.0-alpha1], protoVersion: ipfs/0.1.0, agentVersion: logos-delivery-v0.39.0-gca2814)"
[2026-10-04 17:43:59.921] [out] [delivery_module] DBG 2026-10-04 17:43:59.921+02:00 starting sendNonHighPriorityTask           topics="libp2p pubsubpeer" tid=5880867 p=16U*TwqBiH
[2026-10-04 17:43:59.921] [out] [delivery_module] DBG 2026-10-04 17:43:59.921+02:00 created new pubsub peer                    topics="libp2p pubsub" tid=5880867 peerId=16U*TwqBiH
[2026-10-04 17:43:59.921] [out] [delivery_module] DBG 2026-10-04 17:43:59.921+02:00 no listener registered                     tid=5880868 event=onConnectionChange
[2026-10-04 17:43:59.924] [out] [delivery_module] DBG 2026-10-04 17:43:59.924+02:00 Incoming WakuRelay connection              topics="waku relay" tid=5880867 connection=16U*TwqBiH:6ac2743f397f3cf7c9de89ae protocol=/vac/waku/relay/2.0.0
[2026-10-04 17:43:59.924] [out] [delivery_module] DBG 2026-10-04 17:43:59.924+02:00 starting pubsub read loop                  topics="libp2p pubsubpeer" tid=5880867 stream=16U*TwqBiH:6ac2743f397f3cf7c9de89ae peer=16U*TwqBiH closed=false
[2026-10-04 17:43:59.924] [out] [delivery_module] DBG 2026-10-04 17:43:59.924+02:00 identify: info sent                        topics="libp2p identify" tid=5880867 stream=16U*TwqBiH:6ac2743f397f3cf7c9de89af info="(peerId: 16Uiu2HAmNkAqK5qpyC2yxPAhH1pngYWtmr7eSPggN9ucSDLqfd15, listenAddrs: [/ip4/0.0.0.0/tcp/65350, /ip4/0.0.0.0/udp/62334/quic-v1], addrs: [/ip4/0.0.0.0/tcp/65350, /ip4/0.0.0.0/udp/62334/quic-v1], protocols: [/ipfs/id/1.0.0, /libp2p/autonat/1.0.0, /libp2p/circuit/relay/0.2.0/hop, /vac/waku/metadata/1.0.0, /mix/1.0.0, /logos/service-discovery/1.0.0, /vac/waku/relay/2.0.0, /vac/waku/rendezvous/1.0.0, /ipfs/ping/1.0.0, /vac/waku/lightpush/3.0.0, /vac/waku/lightpush/2.0.0-beta1, /vac/waku/filter-subscribe/2.0.0-beta1, /vac/waku/filter-push/2.0.0-beta1, /vac/waku/peer-exchange/2.0.0-alpha1], protoVersion: ipfs/0.1.0, agentVersion: logos-delivery-v0.39.0-gca2814)"
[2026-10-04 17:43:59.946] [out] [delivery_module] DBG 2026-10-04 17:43:59.946+02:00 no listener registered                     tid=5880868 event=onConnectionChange
[2026-10-04 17:44:00.124] [out] [delivery_module] DBG 2026-10-04 17:44:00.124+02:00 starting pubsub read loop                  topics="libp2p pubsubpeer" tid=5880867 stream=16U*P1S397:6ac2743f397f3cf7c9de89a8 peer=16U*P1S397 closed=false
[2026-10-04 17:44:00.141] [out] [delivery_module] DBG 2026-10-04 17:44:00.141+02:00 identify: info received                    topics="libp2p identify" tid=5880867 stream=16U*P1S397:6ac2743f397f3cf7c9de89a9 pubkey=ok(sec...97dc)) addresses=/ip4/136.119.156.87/tcp/30303,/ip4/136.119.156.87/udp/30303/quic-v1,/dns4/delivery-01.gc-us-central1-a.logos.dev.status.im/tcp/30303 protocols=/ipfs/id/1.0.0,/libp2p/autonat/1.0.0,/libp2p/circuit/relay/0.2.0/hop,/vac/waku/metadata/1.0.0,/mix/1.0.0,/logos/service-discovery/1.0.0,/vac/waku/store-query/3.0.0,/vac/waku/relay/2.0.0,/vac/waku/rendezvous/1.0.0,/ipfs/ping/1.0.0,/vac/waku/lightpush/3.0.0,/vac/waku/lightpush/2.0.0-beta1,/vac/waku/filter-subscribe/2.0.0-beta1,/vac/waku/filter-push/2.0.0-beta1,/vac/waku/peer-exchange/2.0.0-alpha1 observable_address=ok(/ip4/109.41.112.89/tcp/43849) proto_version=ipfs/0.1.0 agent_version=logos-delivery-v0.39.0-gca2814 signedPeerRecord=None
[2026-10-04 17:44:00.141] [out] [delivery_module] DBG 2026-10-04 17:44:00.141+02:00 Event identified                           topics="waku node peer_manager" tid=5880867 peerId=16U*P1S397
[2026-10-04 17:44:00.141] [out] [delivery_module] DBG 2026-10-04 17:44:00.141+02:00 no listener registered                     tid=5880868 event=onConnectionChange
[2026-10-04 17:44:00.155] [out] [delivery_module] DBG 2026-10-04 17:44:00.155+02:00 identify: info received                    topics="libp2p identify" tid=5880867 stream=16U*TwqBiH:6ac2743f397f3cf7c9de89ad pubkey=ok(sec...fed6)) addresses=/ip4/34.123.201.25/tcp/30303,/ip4/34.123.201.25/udp/30303/quic-v1,/dns4/delivery-02.gc-us-central1-a.logos.dev.status.im/tcp/30303 protocols=/ipfs/id/1.0.0,/libp2p/autonat/1.0.0,/libp2p/circuit/relay/0.2.0/hop,/vac/waku/metadata/1.0.0,/mix/1.0.0,/logos/service-discovery/1.0.0,/vac/waku/store-query/3.0.0,/vac/waku/relay/2.0.0,/vac/waku/rendezvous/1.0.0,/ipfs/ping/1.0.0,/vac/waku/lightpush/3.0.0,/vac/waku/lightpush/2.0.0-beta1,/vac/waku/filter-subscribe/2.0.0-beta1,/vac/waku/filter-push/2.0.0-beta1,/vac/waku/peer-exchange/2.0.0-alpha1 observable_address=ok(/ip4/109.41.112.89/tcp/43279) proto_version=ipfs/0.1.0 agent_version=logos-delivery-v0.39.0-gca2814 signedPeerRecord=None
[2026-10-04 17:44:00.160] [out] [delivery_module] DBG 2026-10-04 17:44:00.155+02:00 starting pubsub read loop                  topics="libp2p pubsubpeer" tid=5880867 stream=16U*TwqBiH:6ac2743f397f3cf7c9de89ac peer=16U*TwqBiH closed=false
[2026-10-04 17:44:00.160] [out] [delivery_module] DBG 2026-10-04 17:44:00.155+02:00 Event identified                           topics="waku node peer_manager" tid=5880867 peerId=16U*TwqBiH
[2026-10-04 17:44:00.160] [out] [delivery_module] DBG 2026-10-04 17:44:00.155+02:00 no listener registered                     tid=5880868 event=onConnectionChange
[2026-10-04 17:44:00.178] [out] [delivery_module] DBG 2026-10-04 17:44:00.178+02:00 Dialing peer                               topics="libp2p dialer" tid=5880867 peerId=16U*2pfeoX addrs="[/ip4/192.168.68.53/udp/16011/quic-v1, /ip4/192.168.68.53/tcp/27431]"
[2026-10-04 17:44:00.178] [out] [delivery_module] DBG 2026-10-04 17:44:00.178+02:00 Expanded address and hostname              topics="libp2p dialer" tid=5880867 expandedAddress=/ip4/192.168.68.53/udp/16011/quic-v1 hostname=192.168.68.53 resolvedAddresses="[/ip4/192.168.68.53/udp/16011/quic-v1]"
[2026-10-04 17:44:00.179] [out] [delivery_module] DBG 2026-10-04 17:44:00.179+02:00 New connection established: client         tid=5880867
[2026-10-04 17:44:00.180] [out] [delivery_module] DBG 2026-10-04 17:44:00.180+02:00 Dialing peer                               topics="libp2p dialer" tid=5880867 peerId=16U*iSrhve addrs="[/ip4/173.42.114.210/tcp/37795]"
[2026-10-04 17:44:00.180] [out] [delivery_module] DBG 2026-10-04 17:44:00.180+02:00 Expanded address and hostname              topics="libp2p dialer" tid=5880867 expandedAddress=/ip4/173.42.114.210/tcp/37795 hostname=173.42.114.210 resolvedAddresses="[/ip4/173.42.114.210/tcp/37795]"
[2026-10-04 17:44:00.180] [out] [delivery_module] DBG 2026-10-04 17:44:00.180+02:00 Dialing peer                               topics="libp2p dialer" tid=5880867 peerId=16U*oN8hgK addrs="[/ip4/173.42.114.210/tcp/45583]"
[2026-10-04 17:44:00.180] [out] [delivery_module] DBG 2026-10-04 17:44:00.180+02:00 Expanded address and hostname              topics="libp2p dialer" tid=5880867 expandedAddress=/ip4/173.42.114.210/tcp/45583 hostname=173.42.114.210 resolvedAddresses="[/ip4/173.42.114.210/tcp/45583]"
[2026-10-04 17:44:00.180] [out] [delivery_module] DBG 2026-10-04 17:44:00.180+02:00 Lookup query                               topics="kad-dht find" tid=5880867 peer=16U*2pfeoX
[2026-10-04 17:44:00.180] [out] [delivery_module] DBG 2026-10-04 17:44:00.180+02:00 Lookup query                               topics="kad-dht find" tid=5880867 peer=16U*iSrhve
[2026-10-04 17:44:00.180] [out] [delivery_module] DBG 2026-10-04 17:44:00.180+02:00 Lookup query                               topics="kad-dht find" tid=5880867 peer=16U*oN8hgK
[2026-10-04 17:44:00.262] [out] [delivery_module] DBG 2026-10-04 17:44:00.262+02:00 Dial successful                            topics="libp2p dialer" tid=5880867 peerId=16U*kGyuEP
[2026-10-04 17:44:00.262] [out] [delivery_module] DBG 2026-10-04 17:44:00.262+02:00 starting sendNonHighPriorityTask           topics="libp2p pubsubpeer" tid=5880867 p=16U*kGyuEP
[2026-10-04 17:44:00.262] [out] [delivery_module] DBG 2026-10-04 17:44:00.262+02:00 created new pubsub peer                    topics="libp2p pubsub" tid=5880867 peerId=16U*kGyuEP
[2026-10-04 17:44:00.262] [out] [delivery_module] DBG 2026-10-04 17:44:00.262+02:00 no listener registered                     tid=5880868 event=onConnectionChange
[2026-10-04 17:44:00.262] [out] [delivery_module] DBG 2026-10-04 17:44:00.262+02:00 Incoming WakuRelay connection              topics="waku relay" tid=5880867 connection=16U*kGyuEP:6ac27440397f3cf7c9de89b7 protocol=/vac/waku/relay/2.0.0
[2026-10-04 17:44:00.262] [out] [delivery_module] DBG 2026-10-04 17:44:00.262+02:00 starting pubsub read loop                  topics="libp2p pubsubpeer" tid=5880867 stream=16U*kGyuEP:6ac27440397f3cf7c9de89b7 peer=16U*kGyuEP closed=false
[2026-10-04 17:44:00.267] [out] [delivery_module] DBG 2026-10-04 17:44:00.267+02:00 Dial successful                            topics="libp2p dialer" tid=5880867 peerId=16U*T3UNSE
[2026-10-04 17:44:00.267] [out] [delivery_module] DBG 2026-10-04 17:44:00.267+02:00 identify: info sent                        topics="libp2p identify" tid=5880867 stream=16U*kGyuEP:6ac27440397f3cf7c9de89b8 info="(peerId: 16Uiu2HAmNkAqK5qpyC2yxPAhH1pngYWtmr7eSPggN9ucSDLqfd15, listenAddrs: [/ip4/0.0.0.0/tcp/65350, /ip4/0.0.0.0/udp/62334/quic-v1], addrs: [/ip4/0.0.0.0/tcp/65350, /ip4/0.0.0.0/udp/62334/quic-v1], protocols: [/ipfs/id/1.0.0, /libp2p/autonat/1.0.0, /libp2p/circuit/relay/0.2.0/hop, /vac/waku/metadata/1.0.0, /mix/1.0.0, /logos/service-discovery/1.0.0, /vac/waku/relay/2.0.0, /vac/waku/rendezvous/1.0.0, /ipfs/ping/1.0.0, /vac/waku/lightpush/3.0.0, /vac/waku/lightpush/2.0.0-beta1, /vac/waku/filter-subscribe/2.0.0-beta1, /vac/waku/filter-push/2.0.0-beta1, /vac/waku/peer-exchange/2.0.0-alpha1], protoVersion: ipfs/0.1.0, agentVersion: logos-delivery-v0.39.0-gca2814)"
[2026-10-04 17:44:00.267] [out] [delivery_module] DBG 2026-10-04 17:44:00.267+02:00 no listener registered                     tid=5880868 event=onConnectionChange
[2026-10-04 17:44:00.267] [out] [delivery_module] DBG 2026-10-04 17:44:00.267+02:00 starting sendNonHighPriorityTask           topics="libp2p pubsubpeer" tid=5880867 p=16U*T3UNSE
[2026-10-04 17:44:00.267] [out] [delivery_module] DBG 2026-10-04 17:44:00.267+02:00 created new pubsub peer                    topics="libp2p pubsub" tid=5880867 peerId=16U*T3UNSE
[2026-10-04 17:44:00.268] [out] [delivery_module] DBG 2026-10-04 17:44:00.268+02:00 Incoming WakuRelay connection              topics="waku relay" tid=5880867 connection=16U*T3UNSE:6ac27440397f3cf7c9de89bb protocol=/vac/waku/relay/2.0.0
[2026-10-04 17:44:00.268] [out] [delivery_module] DBG 2026-10-04 17:44:00.268+02:00 starting pubsub read loop                  topics="libp2p pubsubpeer" tid=5880867 stream=16U*T3UNSE:6ac27440397f3cf7c9de89bb peer=16U*T3UNSE closed=false
[2026-10-04 17:44:00.268] [out] [delivery_module] DBG 2026-10-04 17:44:00.268+02:00 identify: info sent                        topics="libp2p identify" tid=5880867 stream=16U*T3UNSE:6ac27440397f3cf7c9de89bc info="(peerId: 16Uiu2HAmNkAqK5qpyC2yxPAhH1pngYWtmr7eSPggN9ucSDLqfd15, listenAddrs: [/ip4/0.0.0.0/tcp/65350, /ip4/0.0.0.0/udp/62334/quic-v1], addrs: [/ip4/0.0.0.0/tcp/65350, /ip4/0.0.0.0/udp/62334/quic-v1], protocols: [/ipfs/id/1.0.0, /libp2p/autonat/1.0.0, /libp2p/circuit/relay/0.2.0/hop, /vac/waku/metadata/1.0.0, /mix/1.0.0, /logos/service-discovery/1.0.0, /vac/waku/relay/2.0.0, /vac/waku/rendezvous/1.0.0, /ipfs/ping/1.0.0, /vac/waku/lightpush/3.0.0, /vac/waku/lightpush/2.0.0-beta1, /vac/waku/filter-subscribe/2.0.0-beta1, /vac/waku/filter-push/2.0.0-beta1, /vac/waku/peer-exchange/2.0.0-alpha1], protoVersion: ipfs/0.1.0, agentVersion: logos-delivery-v0.39.0-gca2814)"
[2026-10-04 17:44:00.476] [out] [delivery_module] DBG 2026-10-04 17:44:00.476+02:00 Received WakuMetadata request              topics="waku metadata" tid=5880867 remoteClusterId=ok(3) remoteShards="[5, 0, 2, 1, 4, 7, 3, 6]" localClusterId=3 localShards="[7]" peer=16U*P1S397
[2026-10-04 17:44:00.485] [out] [delivery_module] DBG 2026-10-04 17:44:00.485+02:00 Received WakuMetadata request              topics="waku metadata" tid=5880867 remoteClusterId=ok(3) remoteShards="[5, 0, 2, 1, 4, 7, 3, 6]" localClusterId=3 localShards="[7]" peer=16U*TwqBiH
[2026-10-04 17:44:00.539] [out] [delivery_module] DBG 2026-10-04 17:44:00.539+02:00 Dialing failed                             topics="libp2p dialer" tid=5880867 description="TcpTransport dial error: (61) Connection refused" peerId=16U*oN8hgK address=/ip4/173.42.114.210/tcp/45583 hostname=173.42.114.210
[2026-10-04 17:44:00.539] [out] [delivery_module] DBG 2026-10-04 17:44:00.539+02:00 Error dialing                              topics="libp2p dialer" tid=5880867 conn=nil peerId=16U*oN8hgK protos="[/logos/service-discovery/1.0.0]" addrs="[/ip4/173.42.114.210/tcp/45583]" description="Unable to establish outgoing link in establishConnection: peer_id=16U*oN8hgK addrs=@[/ip4/173.42.114.210/tcp/45583]"
[2026-10-04 17:44:00.539] [out] [delivery_module] DBG 2026-10-04 17:44:00.539+02:00 Dialing peer                               topics="libp2p dialer" tid=5880867 peerId=16U*oN8hgK addrs="[/ip4/173.42.114.210/tcp/45583]"
[2026-10-04 17:44:00.539] [out] [delivery_module] DBG 2026-10-04 17:44:00.539+02:00 Expanded address and hostname              topics="libp2p dialer" tid=5880867 expandedAddress=/ip4/173.42.114.210/tcp/45583 hostname=173.42.114.210 resolvedAddresses="[/ip4/173.42.114.210/tcp/45583]"
[2026-10-04 17:44:00.660] [out] [delivery_module] DBG 2026-10-04 17:44:00.660+02:00 identify: info received                    topics="libp2p identify" tid=5880867 stream=16U*kGyuEP:6ac27440397f3cf7c9de89ba pubkey=ok(sec...c56e)) addresses=/ip4/47.242.130.189/tcp/30303,/ip4/47.242.130.189/udp/30303/quic-v1,/dns4/delivery-01.ac-cn-hongkong-c.logos.dev.status.im/tcp/30303 protocols=/ipfs/id/1.0.0,/libp2p/autonat/1.0.0,/libp2p/circuit/relay/0.2.0/hop,/vac/waku/metadata/1.0.0,/mix/1.0.0,/logos/service-discovery/1.0.0,/vac/waku/store-query/3.0.0,/vac/waku/relay/2.0.0,/vac/waku/rendezvous/1.0.0,/ipfs/ping/1.0.0,/vac/waku/lightpush/3.0.0,/vac/waku/lightpush/2.0.0-beta1,/vac/waku/filter-subscribe/2.0.0-beta1,/vac/waku/filter-push/2.0.0-beta1,/vac/waku/peer-exchange/2.0.0-alpha1 observable_address=ok(/ip4/109.41.112.89/tcp/39536) proto_version=ipfs/0.1.0 agent_version=logos-delivery-v0.39.0-gca2814 signedPeerRecord=None
[2026-10-04 17:44:00.661] [out] [delivery_module] DBG 2026-10-04 17:44:00.661+02:00 identify: info received                    topics="libp2p identify" tid=5880867 stream=16U*T3UNSE:6ac27440397f3cf7c9de89be pubkey=ok(sec...6d2a)) addresses=/ip4/43.99.103.10/tcp/30303,/ip4/43.99.103.10/udp/30303/quic-v1,/dns4/delivery-02.ac-cn-hongkong-c.logos.dev.status.im/tcp/30303 protocols=/ipfs/id/1.0.0,/libp2p/autonat/1.0.0,/libp2p/circuit/relay/0.2.0/hop,/vac/waku/metadata/1.0.0,/mix/1.0.0,/logos/service-discovery/1.0.0,/vac/waku/store-query/3.0.0,/vac/waku/relay/2.0.0,/vac/waku/rendezvous/1.0.0,/ipfs/ping/1.0.0,/vac/waku/lightpush/3.0.0,/vac/waku/lightpush/2.0.0-beta1,/vac/waku/filter-subscribe/2.0.0-beta1,/vac/waku/filter-push/2.0.0-beta1,/vac/waku/peer-exchange/2.0.0-alpha1 observable_address=ok(/ip4/109.41.112.89/tcp/35093) proto_version=ipfs/0.1.0 agent_version=logos-delivery-v0.39.0-gca2814 signedPeerRecord=None
[2026-10-04 17:44:00.661] [out] [delivery_module] DBG 2026-10-04 17:44:00.661+02:00 starting pubsub read loop                  topics="libp2p pubsubpeer" tid=5880867 stream=16U*kGyuEP:6ac27440397f3cf7c9de89b9 peer=16U*kGyuEP closed=false
[2026-10-04 17:44:00.661] [out] [delivery_module] DBG 2026-10-04 17:44:00.661+02:00 Event identified                           topics="waku node peer_manager" tid=5880867 peerId=16U*kGyuEP
[2026-10-04 17:44:00.661] [out] [delivery_module] DBG 2026-10-04 17:44:00.661+02:00 no listener registered                     tid=5880868 event=onConnectionChange
[2026-10-04 17:44:00.661] [out] [delivery_module] DBG 2026-10-04 17:44:00.661+02:00 starting pubsub read loop                  topics="libp2p pubsubpeer" tid=5880867 stream=16U*T3UNSE:6ac27440397f3cf7c9de89bd peer=16U*T3UNSE closed=false
[2026-10-04 17:44:00.661] [out] [delivery_module] DBG 2026-10-04 17:44:00.661+02:00 Event identified                           topics="waku node peer_manager" tid=5880867 peerId=16U*T3UNSE
[2026-10-04 17:44:00.661] [out] [delivery_module] DBG 2026-10-04 17:44:00.661+02:00 no listener registered                     tid=5880868 event=onConnectionChange
[2026-10-04 17:44:00.691] [out] [delivery_module] WRN 2026-10-04 17:44:00.691+02:00 NAT port mapping failed                    topics="libp2p natservice" tid=5880867 port=65350 proto=mpTcp err="plum: mapping 0 failed"
[2026-10-04 17:44:00.745] [out] [delivery_module] DBG 2026-10-04 17:44:00.745+02:00 no listener registered                     tid=5880868 event=onConnectionChange
[2026-10-04 17:44:00.751] [out] [delivery_module] DBG 2026-10-04 17:44:00.751+02:00 Dialing failed                             topics="libp2p dialer" tid=5880867 description="TcpTransport dial error: (61) Connection refused" peerId=16U*oN8hgK address=/ip4/173.42.114.210/tcp/45583 hostname=173.42.114.210
[2026-10-04 17:44:00.751] [out] [delivery_module] DBG 2026-10-04 17:44:00.751+02:00 Error dialing                              topics="libp2p dialer" tid=5880867 conn=nil peerId=16U*oN8hgK protos="[/logos/service-discovery/1.0.0]" addrs="[/ip4/173.42.114.210/tcp/45583]" description="Unable to establish outgoing link in establishConnection: peer_id=16U*oN8hgK addrs=@[/ip4/173.42.114.210/tcp/45583]"
[2026-10-04 17:44:00.752] [out] [delivery_module] DBG 2026-10-04 17:44:00.752+02:00 no listener registered                     tid=5880868 event=onConnectionChange
[2026-10-04 17:44:00.957] [out] [delivery_module] DBG 2026-10-04 17:44:00.957+02:00 Received WakuMetadata request              topics="waku metadata" tid=5880867 remoteClusterId=ok(3) remoteShards="[5, 0, 2, 1, 4, 7, 3, 6]" localClusterId=3 localShards="[7]" peer=16U*kGyuEP
[2026-10-04 17:44:00.957] [out] [delivery_module] DBG 2026-10-04 17:44:00.957+02:00 Received WakuMetadata request              topics="waku metadata" tid=5880867 remoteClusterId=ok(3) remoteShards="[5, 0, 2, 1, 4, 7, 3, 6]" localClusterId=3 localShards="[7]" peer=16U*T3UNSE
[2026-10-04 17:44:01.070] [out] [delivery_module] DBG 2026-10-04 17:44:01.070+02:00 Dial successful                            topics="libp2p dialer" tid=5880867 peerId=16U*iSrhve
[2026-10-04 17:44:01.070] [out] [delivery_module] DBG 2026-10-04 17:44:01.070+02:00 starting sendNonHighPriorityTask           topics="libp2p pubsubpeer" tid=5880867 p=16U*iSrhve
[2026-10-04 17:44:01.070] [out] [delivery_module] DBG 2026-10-04 17:44:01.070+02:00 created new pubsub peer                    topics="libp2p pubsub" tid=5880867 peerId=16U*iSrhve
[2026-10-04 17:44:01.070] [out] [delivery_module] DBG 2026-10-04 17:44:01.070+02:00 no listener registered                     tid=5880868 event=onConnectionChange
[2026-10-04 17:44:01.075] [out] [delivery_module] DBG 2026-10-04 17:44:01.075+02:00 Incoming WakuRelay connection              topics="waku relay" tid=5880867 connection=16U*iSrhve:6ac27441397f3cf7c9de89c9 protocol=/vac/waku/relay/2.0.0
[2026-10-04 17:44:01.075] [out] [delivery_module] DBG 2026-10-04 17:44:01.075+02:00 starting pubsub read loop                  topics="libp2p pubsubpeer" tid=5880867 stream=16U*iSrhve:6ac27441397f3cf7c9de89c9 peer=16U*iSrhve closed=false
[2026-10-04 17:44:01.075] [out] [delivery_module] DBG 2026-10-04 17:44:01.075+02:00 identify: info sent                        topics="libp2p identify" tid=5880867 stream=16U*iSrhve:6ac27441397f3cf7c9de89ca info="(peerId: 16Uiu2HAmNkAqK5qpyC2yxPAhH1pngYWtmr7eSPggN9ucSDLqfd15, listenAddrs: [/ip4/0.0.0.0/tcp/65350, /ip4/0.0.0.0/udp/62334/quic-v1], addrs: [/ip4/0.0.0.0/tcp/65350, /ip4/0.0.0.0/udp/62334/quic-v1], protocols: [/ipfs/id/1.0.0, /libp2p/autonat/1.0.0, /libp2p/circuit/relay/0.2.0/hop, /vac/waku/metadata/1.0.0, /mix/1.0.0, /logos/service-discovery/1.0.0, /vac/waku/relay/2.0.0, /vac/waku/rendezvous/1.0.0, /ipfs/ping/1.0.0, /vac/waku/lightpush/3.0.0, /vac/waku/lightpush/2.0.0-beta1, /vac/waku/filter-subscribe/2.0.0-beta1, /vac/waku/filter-push/2.0.0-beta1, /vac/waku/peer-exchange/2.0.0-alpha1], protoVersion: ipfs/0.1.0, agentVersion: logos-delivery-v0.39.0-gca2814)"
[2026-10-04 17:44:01.227] [out] [delivery_module] DBG 2026-10-04 17:44:01.227+02:00 no listener registered                     tid=5880868 event=onConnectionChange
[2026-10-04 17:44:01.242] [out] [delivery_module] DBG 2026-10-04 17:44:01.242+02:00 no listener registered                     tid=5880868 event=onConnectionChange
[2026-10-04 17:44:01.259] [out] [delivery_module] DBG 2026-10-04 17:44:01.258+02:00 identify: info received                    topics="libp2p identify" tid=5880867 stream=16U*iSrhve:6ac27441397f3cf7c9de89c8 pubkey=ok(sec...2232)) addresses=/ip4/173.42.114.210/tcp/37795 protocols=/ipfs/id/1.0.0,/libp2p/autonat/1.0.0,/libp2p/circuit/relay/0.2.0/hop,/vac/waku/metadata/1.0.0,/logos/service-discovery/1.0.0,/vac/waku/relay/2.0.0,/vac/waku/rendezvous/1.0.0,/ipfs/ping/1.0.0,/vac/waku/lightpush/3.0.0,/vac/waku/lightpush/2.0.0-beta1,/vac/waku/filter-subscribe/2.0.0-beta1,/vac/waku/filter-push/2.0.0-beta1,/vac/waku/peer-exchange/2.0.0-alpha1 observable_address=ok(/ip4/109.41.112.89/tcp/34654) proto_version=ipfs/0.1.0 agent_version=logos-delivery-v0.39.0-gca2814 signedPeerRecord=None
[2026-10-04 17:44:01.259] [out] [delivery_module] DBG 2026-10-04 17:44:01.259+02:00 starting pubsub read loop                  topics="libp2p pubsubpeer" tid=5880867 stream=16U*iSrhve:6ac27441397f3cf7c9de89c7 peer=16U*iSrhve closed=false
[2026-10-04 17:44:01.259] [out] [delivery_module] DBG 2026-10-04 17:44:01.259+02:00 Event identified                           topics="waku node peer_manager" tid=5880867 peerId=16U*iSrhve
[2026-10-04 17:44:01.259] [out] [delivery_module] DBG 2026-10-04 17:44:01.259+02:00 no listener registered                     tid=5880868 event=onConnectionChange
[2026-10-04 17:44:01.478] [out] [delivery_module] DBG 2026-10-04 17:44:01.478+02:00 Received WakuMetadata request              topics="waku metadata" tid=5880867 remoteClusterId=ok(3) remoteShards="[5, 0, 2, 1, 4, 7, 3, 6]" localClusterId=3 localShards="[7]" peer=16U*iSrhve
[2026-10-04 17:44:01.703] [out] [delivery_module] DBG 2026-10-04 17:44:01.703+02:00 no listener registered                     tid=5880868 event=onConnectionChange
[2026-10-04 17:44:02.694] [out] [delivery_module] WRN 2026-10-04 17:44:02.694+02:00 NAT port mapping failed                    topics="libp2p natservice" tid=5880867 port=62334 proto=mpUdp err="plum: mapping 0 failed"
[2026-10-04 17:44:02.694] [out] [delivery_module] INF 2026-10-04 17:44:02.694+02:00 Mix self hop set                           topics="waku node" tid=5880867 hop=/ip4/172.20.10.14/tcp/65350 before=/ip4/0.0.0.0/tcp/0
[2026-10-04 17:44:02.694] [out] [delivery_module] DBG 2026-10-04 17:44:02.694+02:00 ENR addresses updated                      topics="waku enr" tid=5880867 retained=0 total=0
[2026-10-04 17:44:02.695] [out] [delivery_module] DBG 2026-10-04 17:44:02.695+02:00 ENR addresses updated                      topics="waku enr" tid=5880867 retained=0 total=0
[2026-10-04 17:44:02.695] [out] [delivery_module] INF 2026-10-04 17:44:02.695+02:00 Found previous WakuRelay peers. Reconnecting. topics="waku node" tid=5880867
[2026-10-04 17:44:02.695] [out] [delivery_module] DBG 2026-10-04 17:44:02.695+02:00 Reconnecting peers                         topics="waku node peer_manager" tid=5880867 proto=/vac/waku/relay/2.0.0
[2026-10-04 17:44:02.697] [out] [delivery_module] INF 2026-10-04 17:44:02.697+02:00 Random kademlia lookups disabled           topics="waku service discovery" tid=5880867
[2026-10-04 17:44:02.697] [out] [delivery_module] DBG 2026-10-04 17:44:02.697+02:00 Periodic service lookup started            topics="waku service discovery" tid=5880867 interval=1m services={}
[2026-10-04 17:44:02.697] [out] [delivery_module] INF 2026-10-04 17:44:02.697+02:00 Kademlia discovery started                 topics="waku service discovery" tid=5880867
[2026-10-04 17:44:02.697] [out] [delivery_module] INF 2026-10-04 17:44:02.697+02:00 Discovery ENR initialized                  topics="eth p2p discv5" tid=5880867 enrAutoUpdate=false seqNum=4 ip=none() tcpPort=none() udpPort=none() customEnrFields=@[] uri=enr:-Ka4QG38J57-XVGKhKpkuoUYtFrTZw_K1fz5OkvrAxcu7s3tcqpceIpJVCwN16VdusQGmHFp_UbqmyAxHb7qhGKP1RAEgmlkgnY0im11bHRpYWRkcnOAgnJzkwADCAAAAAEAAgADAAQABQAGAAeJc2VjcDI1NmsxoQOV6KBrzFl0iFfki1kYhUeYNySsIb3HnAzSQPGN24LdZIN0Y3CC_0aFd2FrdTIt
[2026-10-04 17:44:02.697] [out] [delivery_module] WRN 2026-10-04 17:44:02.697+02:00 No external IP provided for the ENR, this node will not be discoverable topics="eth p2p discv5" tid=5880867
[2026-10-04 17:44:02.697] [out] [delivery_module] DBG 2026-10-04 17:44:02.697+02:00 peer filtering updated                     topics="waku discv5" tid=5880867
[2026-10-04 17:44:02.697] [out] [delivery_module] INF 2026-10-04 17:44:02.697+02:00 Starting discovery v5 service              topics="waku discv5" tid=5880867
[2026-10-04 17:44:02.697] [out] [delivery_module] INF 2026-10-04 17:44:02.697+02:00 Start listening on udp port                topics="waku discv5" tid=5880867 address=0.0.0.0 port=50104
[2026-10-04 17:44:02.697] [out] [delivery_module] INF 2026-10-04 17:44:02.697+02:00 Starting discovery node                    topics="eth p2p discv5" tid=5880867 node=fe*366057:unaddressable bindAddress=0.0.0.0:50104
[2026-10-04 17:44:02.698] [out] [delivery_module] DBG 2026-10-04 17:44:02.698+02:00 Total nodes in routing table after populate topics="eth p2p discv5" tid=5880867 total=0
[2026-10-04 17:44:02.698] [out] [delivery_module] DBG 2026-10-04 17:44:02.698+02:00 Starting discovery v5 search               topics="waku discv5" tid=5880867
[2026-10-04 17:44:02.698] [out] [delivery_module] DBG 2026-10-04 17:44:02.698+02:00 Successfully started discovery v5 service  topics="waku discv5" tid=5880867
[2026-10-04 17:44:02.699] [out] [delivery_module] INF 2026-10-04 17:44:02.698+02:00 Discv5: discoverable ENR                   topics="waku discv5" tid=5880867 enrUri=enr:-Ka4QG38J57-XVGKhKpkuoUYtFrTZw_K1fz5OkvrAxcu7s3tcqpceIpJVCwN16VdusQGmHFp_UbqmyAxHb7qhGKP1RAEgmlkgnY0im11bHRpYWRkcnOAgnJzkwADCAAAAAEAAgADAAQABQAGAAeJc2VjcDI1NmsxoQOV6KBrzFl0iFfki1kYhUeYNySsIb3HnAzSQPGN24LdZIN0Y3CC_0aFd2FrdTIt enr="(4, id: \"v4\", multiaddrs: 0x, rs: 0x00030800000001000200030004000500060007, secp256k1: 0x0395E8A06BCC59748857E48B59188547983724AC21BDC79C0CD240F18DDB82DD64, tcp: 65350, waku2: 0x2D)"
[2026-10-04 17:44:02.699] [out] [delivery_module] INF 2026-10-04 17:44:02.699+02:00 Node started successfully                  topics="waku node" tid=5880867
[2026-10-04 17:44:02.699] [out] [delivery_module] DBG 2026-10-04 17:44:02.699+02:00 Publishing Signed XPR                      topics="service-discovery" tid=5880867 xpr="(envelope: (publicKey: secp256k1 key (0495e8a06bcc59748857e48b59188547983724ac21bdc79c0cd240f18ddb82dd64a29e10e0d4f5b19b199ad9539702db7f4b664a714e886885184e2ab17e1ae7d1), payloadType: @[3, 1], payload: @[10, 39, 0, 37, 8, 2, 18, 33, 3, 149, 232, 160, 107, 204, 89, 116, 136, 87, 228, 139, 89, 24, 133, 71, 152, 55, 36, 172, 33, 189, 199, 156, 12, 210, 64, 241, 141, 219, 130, 221, 100, 16, 255, 226, 7, 26, 10, 10, 8, 4, 172, 20, 10, 14, 6, 255, 70, 26, 13, 10, 11, 4, 172, 20, 10, 14, 145, 2, 243, 126, 205, 3], signature: 304402206632F32D79E8C0650F2BCFF2074B22684D20380317F58DBF16C572E6C49C7CE502204A55D52E4934FA71C5DDA255FDF0117AD98BD2A672A251510D3A41AA6B085DFB), data: (peerId: 16Uiu2HAmNkAqK5qpyC2yxPAhH1pngYWtmr7eSPggN9ucSDLqfd15, seqNo: 127359, addresses: @[(address: /ip4/172.20.10.14/tcp/65350), (address: /ip4/172.20.10.14/udp/62334/quic-v1)], services: @[]))"
[2026-10-04 17:44:02.699] [out] [delivery_module] DBG 2026-10-04 17:44:02.699+02:00 Lookup query                               topics="kad-dht find" tid=5880867 peer=16U*iSrhve
[2026-10-04 17:44:02.699] [out] [delivery_module] DBG 2026-10-04 17:44:02.699+02:00 Lookup query                               topics="kad-dht find" tid=5880867 peer=16U*NSkuby
[2026-10-04 17:44:02.699] [out] [delivery_module] DBG 2026-10-04 17:44:02.699+02:00 Lookup query                               topics="kad-dht find" tid=5880867 peer=16U*TwqBiH
[2026-10-04 17:44:02.700] [out] [delivery_module] DBG 2026-10-04 17:44:02.699+02:00 Lookup query                               topics="kad-dht find" tid=5880867 peer=16U*T3UNSE
[2026-10-04 17:44:02.700] [out] [delivery_module] DBG 2026-10-04 17:44:02.700+02:00 Lookup query                               topics="kad-dht find" tid=5880867 peer=16U*P1S397
[2026-10-04 17:44:02.700] [out] [delivery_module] DBG 2026-10-04 17:44:02.700+02:00 Lookup query                               topics="kad-dht find" tid=5880867 peer=16U*VpJprH
[2026-10-04 17:44:02.700] [out] [delivery_module] DBG 2026-10-04 17:44:02.700+02:00 Lookup query                               topics="kad-dht find" tid=5880867 peer=16U*kGyuEP
[2026-10-04 17:44:02.700] [out] [delivery_module] DBG 2026-10-04 17:44:02.700+02:00 Dialing multiple peers                     tid=5880867 numOfPeers=6 nodes="@[\"/dns4/delivery-01.do-ams3.logos.dev.status.im/tcp/30303/p2p/16Uiu2HAmTUbnxLGT9JvV6mu9oPyDjqHK4Phs1VDJNUgESgNSkuby\", \"/dns4/delivery-02.do-ams3.logos.dev.status.im/tcp/30303/p2p/16Uiu2HAmMK7PYygBtKUQ8EHp7EfaD3bCEsJrkFooK8RQ2PVpJprH\", \"/dns4/delivery-01.gc-us-central1-a.logos.dev.status.im/tcp/30303/p2p/16Uiu2HAm4S1JYkuzDKLKQvwgAhZKs9otxXqt8SCGtB4hoJP1S397\", \"/dns4/delivery-02.gc-us-central1-a.logos.dev.status.im/tcp/30303/p2p/16Uiu2HAm8Y9kgBNtjxvCnf1X6gnZJW5EGE4UwwCL3CCm55TwqBiH\", \"/dns4/delivery-01.ac-cn-hongkong-c.logos.dev.status.im/tcp/30303/p2p/16Uiu2HAm8YokiNun9BkeA1ZRmhLbtNUvcwRr64F69tYj9fkGyuEP\", \"/dns4/delivery-02.ac-cn-hongkong-c.logos.dev.status.im/tcp/30303/p2p/16Uiu2HAkvwhGHKNry6LACrB8TmEFoCJKEX29XR5dDUzk3UT3UNSE\"]"
[2026-10-04 17:44:02.920] [out] [delivery_module] DBG 2026-10-04 17:44:02.920+02:00 Lookup query                               topics="kad-dht find" tid=5880867 peer=16U*2pfeoX
[2026-10-04 17:44:03.181] [out] [delivery_module] DBG 2026-10-04 17:44:03.181+02:00 Dialing failed                             topics="libp2p dialer" tid=5880867 description="quic dial timed out after 3s" peerId=16U*2pfeoX address=/ip4/192.168.68.53/udp/16011/quic-v1 hostname=192.168.68.53
[2026-10-04 17:44:03.181] [out] [delivery_module] DBG 2026-10-04 17:44:03.181+02:00 Expanded address and hostname              topics="libp2p dialer" tid=5880867 expandedAddress=/ip4/192.168.68.53/tcp/27431 hostname=192.168.68.53 resolvedAddresses="[/ip4/192.168.68.53/tcp/27431]"
[2026-10-04 17:44:03.686] [out] [delivery_module] DBG 2026-10-04 17:44:03.686+02:00 Lookup query                               topics="kad-dht find" tid=5880867 peer=16U*VpJprH
[2026-10-04 17:44:03.687] [out] [delivery_module] DBG 2026-10-04 17:44:03.687+02:00 Kad lookup: RPC error                      topics="kad-dht find" tid=5880867 peer=16U*VpJprH msg="dialStage: timed out dialing the peer"
[2026-10-04 17:44:03.688] [out] [delivery_module] WRN 2026-10-04 17:44:03.688+02:00 ffi request still in flight; caller notified via RET_STALE_WARN tid=5880867 reqId=LogosdeliveryStartNodeReq elapsedMs=5000
[2026-10-04 17:44:05.181] [out] [delivery_module] DBG 2026-10-04 17:44:05.181+02:00 Lookup query                               topics="kad-dht find" tid=5880867 peer=16U*2pfeoX
[2026-10-04 17:44:05.181] [out] [delivery_module] DBG 2026-10-04 17:44:05.181+02:00 Kad lookup: RPC error                      topics="kad-dht find" tid=5880867 peer=16U*2pfeoX msg="waitStage: timed out waiting for the peer's stream"
[2026-10-04 17:44:07.700] [out] [delivery_module] DBG 2026-10-04 17:44:07.700+02:00 Kad lookup: RPC error                      topics="kad-dht find" tid=5880867 peer=16U*VpJprH msg="dialStage: timed out dialing the peer"
[2026-10-04 17:44:07.701] [out] [delivery_module] DBG 2026-10-04 17:44:07.701+02:00 Lookup query                               topics="kad-dht find" tid=5880867 peer=16U*VpJprH
[2026-10-04 17:44:08.688] [out] [delivery_module] DBG 2026-10-04 17:44:08.688+02:00 Lookup query                               topics="kad-dht find" tid=5880867 peer=16U*VpJprH
[2026-10-04 17:44:08.688] [out] [delivery_module] DBG 2026-10-04 17:44:08.688+02:00 Kad lookup: RPC error                      topics="kad-dht find" tid=5880867 peer=16U*VpJprH msg="dialStage: timed out dialing the peer"
[2026-10-04 17:44:08.688] [out] [delivery_module] WRN 2026-10-04 17:44:08.688+02:00 ffi request still in flight; caller notified via RET_STALE_WARN tid=5880867 reqId=LogosdeliveryStartNodeReq elapsedMs=10000
[2026-10-04 17:44:12.703] [out] [delivery_module] DBG 2026-10-04 17:44:12.703+02:00 Lookup query                               topics="kad-dht find" tid=5880867 peer=16U*VpJprH
[2026-10-04 17:44:12.703] [out] [delivery_module] DBG 2026-10-04 17:44:12.703+02:00 Kad lookup: RPC error                      topics="kad-dht find" tid=5880867 peer=16U*VpJprH msg="dialStage: timed out dialing the peer"
[2026-10-04 17:44:12.703] [out] [delivery_module] DBG 2026-10-04 17:44:12.703+02:00 Finished dialing multiple peers            tid=5880867 successfulConns=5 attempted=6
[2026-10-04 17:44:12.705] [out] [delivery_module] DBG 2026-10-04 17:44:12.705+02:00 Dialing multiple peers                     topics="waku node peer_manager" tid=5880867 numOfPeers=2 nodes="@[16Uiu2HAm3XojbQ67ChLTeUQZTu57mWiDTgESFyXwRec86doN8hgK, 16Uiu2HAm75mHYCn97YHQ3auieTYohvJU9d3WGyGBAjnVc32pfeoX]"
[2026-10-04 17:44:12.705] [out] [delivery_module] DBG 2026-10-04 17:44:12.705+02:00 Dialing peer                               topics="libp2p dialer" tid=5880867 peerId=16U*oN8hgK addrs="[/ip4/173.42.114.210/tcp/45583]"
[2026-10-04 17:44:12.705] [out] [delivery_module] DBG 2026-10-04 17:44:12.705+02:00 Expanded address and hostname              topics="libp2p dialer" tid=5880867 expandedAddress=/ip4/173.42.114.210/tcp/45583 hostname=173.42.114.210 resolvedAddresses="[/ip4/173.42.114.210/tcp/45583]"
[2026-10-04 17:44:12.706] [out] [delivery_module] INF 2026-10-04 17:44:12.706+02:00 Relay peer connections                     topics="waku node peer_manager" tid=5880867 inRelayConns=0/50 outRelayConns=6/25 totalConnections=6/150 notConnectedPeers=3 outsideBackoffPeers=2
[2026-10-04 17:44:12.708] [out] [delivery_module] DBG 2026-10-04 17:44:12.708+02:00 ENR addresses updated                      topics="waku enr" tid=5880867 retained=0 total=0
[2026-10-04 17:44:12.708] [out] [delivery_module] DBG 2026-10-04 17:44:12.708+02:00 Subscribing to pubsub topic                topics="waku relay" tid=5880867 pubsubTopic=/waku/2/rs/3/0
[2026-10-04 17:44:12.708] [out] [delivery_module] DBG 2026-10-04 17:44:12.708+02:00 peer filtering updated                     topics="waku discv5" tid=5880867
[2026-10-04 17:44:12.708] [out] [delivery_module] DBG 2026-10-04 17:44:12.708+02:00 ENR shards updated                         topics="waku discv5" tid=5880867 enrUri=enr:-K24QCgUVbhasfftQnY3QLlUwWaI5T0aodBhZOo3ESk-t6TlOpYfesyskNQgIPELwZZv6CRt84xLuWvWP_wCj8mR3eIHgmlkgnY0im11bHRpYWRkcnOAgnJzkwADCAAAAAEAAgADAAQABQAGAAeJc2VjcDI1NmsxoQOV6KBrzFl0iFfki1kYhUeYNySsIb3HnAzSQPGN24LdZIN0Y3CC_0aDdWRwgsO4hXdha3UyLQ add=true
[2026-10-04 17:44:12.708] [out] [delivery_module] DBG 2026-10-04 17:44:12.708+02:00 Subscribing to pubsub topic                topics="waku relay" tid=5880867 pubsubTopic=/waku/2/rs/3/1
[2026-10-04 17:44:12.709] [out] [delivery_module] DBG 2026-10-04 17:44:12.709+02:00 peer filtering updated                     topics="waku discv5" tid=5880867
[2026-10-04 17:44:12.709] [out] [delivery_module] DBG 2026-10-04 17:44:12.709+02:00 ENR shards updated                         topics="waku discv5" tid=5880867 enrUri=enr:-K24QLioGhrD6T2STrMAAn0wZSr8LDdz1pIrA_PgacpkL54vSiDIBr6Gq5_lOh8WfAA7YgE20sFpBmybC27WBsC_g5oIgmlkgnY0im11bHRpYWRkcnOAgnJzkwADCAAAAAEAAgADAAQABQAGAAeJc2VjcDI1NmsxoQOV6KBrzFl0iFfki1kYhUeYNySsIb3HnAzSQPGN24LdZIN0Y3CC_0aDdWRwgsO4hXdha3UyLQ add=true
[2026-10-04 17:44:12.709] [out] [delivery_module] DBG 2026-10-04 17:44:12.709+02:00 Subscribing to pubsub topic                topics="waku relay" tid=5880867 pubsubTopic=/waku/2/rs/3/2
[2026-10-04 17:44:12.709] [out] [delivery_module] DBG 2026-10-04 17:44:12.709+02:00 peer filtering updated                     topics="waku discv5" tid=5880867
[2026-10-04 17:44:12.709] [out] [delivery_module] DBG 2026-10-04 17:44:12.709+02:00 ENR shards updated                         topics="waku discv5" tid=5880867 enrUri=enr:-K24QCPfCnz-m_7jZ77wRDaHb5tNeriFtr3HcSEd9YHYj5XAG8L0TClpoc5TTxk2kuePPj9qGAab9T2ZL595nUKEt8wJgmlkgnY0im11bHRpYWRkcnOAgnJzkwADCAAAAAEAAgADAAQABQAGAAeJc2VjcDI1NmsxoQOV6KBrzFl0iFfki1kYhUeYNySsIb3HnAzSQPGN24LdZIN0Y3CC_0aDdWRwgsO4hXdha3UyLQ add=true
[2026-10-04 17:44:12.709] [out] [delivery_module] DBG 2026-10-04 17:44:12.709+02:00 Subscribing to pubsub topic                topics="waku relay" tid=5880867 pubsubTopic=/waku/2/rs/3/3
[2026-10-04 17:44:12.710] [out] [delivery_module] DBG 2026-10-04 17:44:12.710+02:00 peer filtering updated                     topics="waku discv5" tid=5880867
[2026-10-04 17:44:12.710] [out] [delivery_module] DBG 2026-10-04 17:44:12.710+02:00 ENR shards updated                         topics="waku discv5" tid=5880867 enrUri=enr:-K24QHJtltk2G0nPn2C-_K1U-CK37rxk9QhiGfR9Ho67hSOfTnrnGq_f6rERf0yzmNQMMOssFp5JSs-H4lZLJNhFIQQKgmlkgnY0im11bHRpYWRkcnOAgnJzkwADCAAAAAEAAgADAAQABQAGAAeJc2VjcDI1NmsxoQOV6KBrzFl0iFfki1kYhUeYNySsIb3HnAzSQPGN24LdZIN0Y3CC_0aDdWRwgsO4hXdha3UyLQ add=true
[2026-10-04 17:44:12.710] [out] [delivery_module] DBG 2026-10-04 17:44:12.710+02:00 Subscribing to pubsub topic                topics="waku relay" tid=5880867 pubsubTopic=/waku/2/rs/3/4
[2026-10-04 17:44:12.710] [out] [delivery_module] DBG 2026-10-04 17:44:12.710+02:00 peer filtering updated                     topics="waku discv5" tid=5880867
[2026-10-04 17:44:12.710] [out] [delivery_module] DBG 2026-10-04 17:44:12.710+02:00 ENR shards updated                         topics="waku discv5" tid=5880867 enrUri=enr:-K24QKvRPv_qE-3ShFKLL8nr9nr6wreWmEvBTmxX5xhwawDVL1Sp7SsUsSy9EoKYia3VDgKEM9nHfU95YbyPnQbkdZ8LgmlkgnY0im11bHRpYWRkcnOAgnJzkwADCAAAAAEAAgADAAQABQAGAAeJc2VjcDI1NmsxoQOV6KBrzFl0iFfki1kYhUeYNySsIb3HnAzSQPGN24LdZIN0Y3CC_0aDdWRwgsO4hXdha3UyLQ add=true
[2026-10-04 17:44:12.711] [out] [delivery_module] DBG 2026-10-04 17:44:12.710+02:00 Subscribing to pubsub topic                topics="waku relay" tid=5880867 pubsubTopic=/waku/2/rs/3/5
[2026-10-04 17:44:12.711] [out] [delivery_module] DBG 2026-10-04 17:44:12.711+02:00 peer filtering updated                     topics="waku discv5" tid=5880867
[2026-10-04 17:44:12.711] [out] [delivery_module] DBG 2026-10-04 17:44:12.711+02:00 ENR shards updated                         topics="waku discv5" tid=5880867 enrUri=enr:-K24QCXQSXRmjGlabCV5GqrnBv0u-0lA-4gDdFgJDjHl4ybWGeuwx9Qai-vhyryRL-54uAwLwsF2etAcs6_7VHa-LGgMgmlkgnY0im11bHRpYWRkcnOAgnJzkwADCAAAAAEAAgADAAQABQAGAAeJc2VjcDI1NmsxoQOV6KBrzFl0iFfki1kYhUeYNySsIb3HnAzSQPGN24LdZIN0Y3CC_0aDdWRwgsO4hXdha3UyLQ add=true
[2026-10-04 17:44:12.711] [out] [delivery_module] DBG 2026-10-04 17:44:12.711+02:00 Subscribing to pubsub topic                topics="waku relay" tid=5880867 pubsubTopic=/waku/2/rs/3/6
[2026-10-04 17:44:12.711] [out] [delivery_module] DBG 2026-10-04 17:44:12.711+02:00 peer filtering updated                     topics="waku discv5" tid=5880867
[2026-10-04 17:44:12.711] [out] [delivery_module] DBG 2026-10-04 17:44:12.711+02:00 ENR shards updated                         topics="waku discv5" tid=5880867 enrUri=enr:-K24QJ5X7tHUhZtQRy4dP5Mfwe-NUMyE2JhC1GcNFUMy4snWc9rGo3uoczBB2kFWCa13RB9VaGjjdTzII8jv-hT-NkcNgmlkgnY0im11bHRpYWRkcnOAgnJzkwADCAAAAAEAAgADAAQABQAGAAeJc2VjcDI1NmsxoQOV6KBrzFl0iFfki1kYhUeYNySsIb3HnAzSQPGN24LdZIN0Y3CC_0aDdWRwgsO4hXdha3UyLQ add=true
[2026-10-04 17:44:12.712] [out] [delivery_module] NTC 2026-10-04 17:44:12.711+02:00 ENR carries no reachable host, so peers cannot dial this node. Set --nat, --ext-ip, --dns4-domain-name or --ext-multiaddr to advertise one topics="wakunode waku" tid=5880867
[2026-10-04 17:44:12.712] [out] [delivery_module] DBG 2026-10-04 17:44:12.712+02:00 register interest                          topics="service-disco discoverer" tid=5880867 service=/logos/delivery serviceId=key:E6738033B5D413D13CF58622CEB4EF8F392E8D4EB073B56A5486CB0431B2F5D8
[2026-10-04 17:44:12.712] [out] [delivery_module] DBG 2026-10-04 17:44:12.712+02:00 Lookup query                               topics="kad-dht find" tid=5880867 peer=16U*P1S397
[2026-10-04 17:44:12.712] [out] [delivery_module] DBG 2026-10-04 17:44:12.712+02:00 Lookup query                               topics="kad-dht find" tid=5880867 peer=16U*T3UNSE
[2026-10-04 17:44:12.712] [out] [delivery_module] DBG 2026-10-04 17:44:12.712+02:00 Lookup query                               topics="kad-dht find" tid=5880867 peer=16U*VpJprH
[2026-10-04 17:44:12.712] [out] [delivery_module] DBG 2026-10-04 17:44:12.712+02:00 Lookup query                               topics="kad-dht find" tid=5880867 peer=16U*kGyuEP
[2026-10-04 17:44:12.712] [out] [delivery_module] DBG 2026-10-04 17:44:12.712+02:00 Lookup query                               topics="kad-dht find" tid=5880867 peer=16U*iSrhve
[2026-10-04 17:44:12.713] [out] [delivery_module] DBG 2026-10-04 17:44:12.712+02:00 Lookup query                               topics="kad-dht find" tid=5880867 peer=16U*NSkuby
[2026-10-04 17:44:12.713] [out] [delivery_module] DBG 2026-10-04 17:44:12.713+02:00 Lookup query                               topics="kad-dht find" tid=5880867 peer=16U*TwqBiH
[2026-10-04 17:44:12.713] [out] [delivery_module] DBG 2026-10-04 17:44:12.713+02:00 Added service to discover                  topics="waku service discovery" tid=5880867 service=/logos/delivery
[2026-10-04 17:44:12.713] [out] [delivery_module] DBG 2026-10-04 17:44:12.713+02:00 Added provided service                     topics="service-disco advertiser" tid=5880867 service=/logos/delivery serviceId=key:E6738033B5D413D13CF58622CEB4EF8F392E8D4EB073B56A5486CB0431B2F5D8
[2026-10-04 17:44:12.714] [out] [delivery_module] DBG 2026-10-04 17:44:12.714+02:00 Cannot insert self in routing table        topics="kad-dht rtable" tid=5880867 nodeId=key:0025080212210395E8A06BCC59748857E48B59188547983724AC21BDC79C0CD240F18DDB82DD64
[2026-10-04 17:44:12.714] [out] [delivery_module] DBG 2026-10-04 17:44:12.714+02:00 Cannot insert self in routing table        topics="kad-dht rtable" tid=5880867 nodeId=key:0025080212210395E8A06BCC59748857E48B59188547983724AC21BDC79C0CD240F18DDB82DD64
[2026-10-04 17:44:12.715] [out] [delivery_module] DBG 2026-10-04 17:44:12.715+02:00 Added service to advertise                 topics="waku service discovery" tid=5880867 service=/logos/delivery
[2026-10-04 17:44:12.715] [out] [delivery_module] INF 2026-10-04 17:44:12.715+02:00 advertising this node on the delivery network topics="waku discovery advertise" tid=5880867 backend=service protocols="[/vac/waku/relay/2.0.0, /vac/waku/filter-subscribe/2.0.0-beta1, /vac/waku/lightpush/3.0.0, /mix/1.0.0]"
[2026-10-04 17:44:12.715] [out] [delivery_module] DBG 2026-10-04 17:44:12.715+02:00 register interest                          topics="service-disco discoverer" tid=5880867 service=/mix/1.0.0 serviceId=key:913B5C5DBE691438693215140388EC0C7DE80DE328BDE5BD7FC06F90568CEA40
[2026-10-04 17:44:12.716] [out] [delivery_module] DBG 2026-10-04 17:44:12.716+02:00 Lookup query                               topics="kad-dht find" tid=5880867 peer=16U*kGyuEP
[2026-10-04 17:44:12.716] [out] [delivery_module] DBG 2026-10-04 17:44:12.716+02:00 Lookup query                               topics="kad-dht find" tid=5880867 peer=16U*T3UNSE
[2026-10-04 17:44:12.716] [out] [delivery_module] DBG 2026-10-04 17:44:12.716+02:00 Lookup query                               topics="kad-dht find" tid=5880867 peer=16U*P1S397
[2026-10-04 17:44:12.716] [out] [delivery_module] DBG 2026-10-04 17:44:12.716+02:00 Lookup query                               topics="kad-dht find" tid=5880867 peer=16U*VpJprH
[2026-10-04 17:44:12.716] [out] [delivery_module] DBG 2026-10-04 17:44:12.716+02:00 Lookup query                               topics="kad-dht find" tid=5880867 peer=16U*TwqBiH
[2026-10-04 17:44:12.716] [out] [delivery_module] DBG 2026-10-04 17:44:12.716+02:00 Lookup query                               topics="kad-dht find" tid=5880867 peer=16U*iSrhve
[2026-10-04 17:44:12.716] [out] [delivery_module] DBG 2026-10-04 17:44:12.716+02:00 Lookup query                               topics="kad-dht find" tid=5880867 peer=16U*NSkuby
[2026-10-04 17:44:12.716] [out] [delivery_module] DBG 2026-10-04 17:44:12.716+02:00 Added service to discover                  topics="waku service discovery" tid=5880867 service=/mix/1.0.0
[2026-10-04 17:44:12.716] [out] [delivery_module] DBG 2026-10-04 17:44:12.716+02:00 Added provided service                     topics="service-disco advertiser" tid=5880867 service=/mix/1.0.0 serviceId=key:913B5C5DBE691438693215140388EC0C7DE80DE328BDE5BD7FC06F90568CEA40
[2026-10-04 17:44:12.717] [out] [delivery_module] DBG 2026-10-04 17:44:12.717+02:00 Added service to advertise                 topics="waku service discovery" tid=5880867 service=/mix/1.0.0
[2026-10-04 17:44:12.717] [out] [delivery_module] INF 2026-10-04 17:44:12.717+02:00 advertising this node as a mix node        topics="waku discovery advertise" tid=5880867 backend=service
[2026-10-04 17:44:12.717] [out] [delivery_module] INF 2026-10-04 17:44:12.717+02:00 Node is online                             topics="waku online monitor" tid=5880867
[2026-10-04 17:44:12.717] [out] [delivery_module] INF 2026-10-04 17:44:12.717+02:00 Health monitor loop start                  tid=5880867
[2026-10-04 17:44:12.719] [out] [delivery_module] DBG 2026-10-04 17:44:12.719+02:00 calculateConnectionState                   tid=5880867 relayCount=6 storeClientCount=5 lightpushCount=6 filterCount=6
[2026-10-04 17:44:12.719] [out] [delivery_module] DBG 2026-10-04 17:44:12.719+02:00 connectionStatus change                    tid=5880867 oldstatus=Disconnected newstatus=Connected
[2026-10-04 17:44:12.719] [out] [delivery_module] INF 2026-10-04 17:44:12.719+02:00 starting keepalive                         tid=5880867 randomPeersKeepalive=10s allPeersKeepalive=2m
[2026-10-04 17:44:12.719] [out] [delivery_module] DBG 2026-10-04 17:44:12.719+02:00 no listener registered                     tid=5880868 event=onTopicHealthChange
[2026-10-04 17:44:12.719] [out] [delivery_module] DBG 2026-10-04 17:44:12.719+02:00 no listener registered                     tid=5880868 event=onTopicHealthChange
[2026-10-04 17:44:12.719] [out] [delivery_module] DBG 2026-10-04 17:44:12.719+02:00 no listener registered                     tid=5880868 event=onTopicHealthChange
[2026-10-04 17:44:12.719] [out] [delivery_module] DBG 2026-10-04 17:44:12.719+02:00 no listener registered                     tid=5880868 event=onTopicHealthChange
[2026-10-04 17:44:12.719] [out] [delivery_module] DBG 2026-10-04 17:44:12.719+02:00 no listener registered                     tid=5880868 event=onTopicHealthChange
[2026-10-04 17:44:12.720] [out] [delivery_module] DBG 2026-10-04 17:44:12.720+02:00 no listener registered                     tid=5880868 event=onTopicHealthChange
[2026-10-04 17:44:12.720] [out] [delivery_module] DBG 2026-10-04 17:44:12.720+02:00 no listener registered                     tid=5880868 event=onTopicHealthChange
[2026-10-04 17:44:12.822] [out] [delivery_module] DBG 2026-10-04 17:44:12.822+02:00 calculateConnectionState                   tid=5880867 relayCount=6 storeClientCount=5 lightpushCount=6 filterCount=6
[2026-10-04 17:44:12.921] [out] [delivery_module] DBG 2026-10-04 17:44:12.921+02:00 Lookup query                               topics="kad-dht find" tid=5880867 peer=16U*2pfeoX
[2026-10-04 17:44:12.921] [out] [delivery_module] DBG 2026-10-04 17:44:12.921+02:00 Lookup query                               topics="kad-dht find" tid=5880867 peer=16U*oN8hgK
[2026-10-04 17:44:12.987] [out] [delivery_module] DBG 2026-10-04 17:44:12.987+02:00 Dialing failed                             topics="libp2p dialer" tid=5880867 description="TcpTransport dial error: (61) Connection refused" peerId=16U*oN8hgK address=/ip4/173.42.114.210/tcp/45583 hostname=173.42.114.210
[2026-10-04 17:44:12.987] [out] [delivery_module] DBG 2026-10-04 17:44:12.987+02:00 Dialing peer                               topics="libp2p dialer" tid=5880867 peerId=16U*oN8hgK addrs="[/ip4/173.42.114.210/tcp/45583]"
[2026-10-04 17:44:12.987] [out] [delivery_module] DBG 2026-10-04 17:44:12.987+02:00 Expanded address and hostname              topics="libp2p dialer" tid=5880867 expandedAddress=/ip4/173.42.114.210/tcp/45583 hostname=173.42.114.210 resolvedAddresses="[/ip4/173.42.114.210/tcp/45583]"
[2026-10-04 17:44:13.102] [out] [delivery_module] DBG 2026-10-04 17:44:13.102+02:00 Lookup query                               topics="kad-dht find" tid=5880867 peer=16U*oN8hgK
[2026-10-04 17:44:13.102] [out] [delivery_module] DBG 2026-10-04 17:44:13.102+02:00 Lookup query                               topics="kad-dht find" tid=5880867 peer=16U*2pfeoX
[2026-10-04 17:44:13.263] [out] [delivery_module] DBG 2026-10-04 17:44:13.263+02:00 Dialing failed                             topics="libp2p dialer" tid=5880867 description="TcpTransport dial error: (61) Connection refused" peerId=16U*oN8hgK address=/ip4/173.42.114.210/tcp/45583 hostname=173.42.114.210
[2026-10-04 17:44:13.263] [out] [delivery_module] DBG 2026-10-04 17:44:13.263+02:00 Error dialing                              topics="libp2p dialer" tid=5880867 conn=nil peerId=16U*oN8hgK protos="[/logos/service-discovery/1.0.0]" addrs="[/ip4/173.42.114.210/tcp/45583]" description="Unable to establish outgoing link in establishConnection: peer_id=16U*oN8hgK addrs=@[/ip4/173.42.114.210/tcp/45583]"
[2026-10-04 17:44:13.263] [out] [delivery_module] DBG 2026-10-04 17:44:13.263+02:00 Dialing peer                               topics="libp2p dialer" tid=5880867 peerId=16U*oN8hgK addrs="[/ip4/173.42.114.210/tcp/45583]"
[2026-10-04 17:44:13.263] [out] [delivery_module] DBG 2026-10-04 17:44:13.263+02:00 Expanded address and hostname              topics="libp2p dialer" tid=5880867 expandedAddress=/ip4/173.42.114.210/tcp/45583 hostname=173.42.114.210 resolvedAddresses="[/ip4/173.42.114.210/tcp/45583]"
[2026-10-04 17:44:13.513] [out] [delivery_module] DBG 2026-10-04 17:44:13.510+02:00 Dialing failed                             topics="libp2p dialer" tid=5880867 description="TcpTransport dial error: (61) Connection refused" peerId=16U*oN8hgK address=/ip4/173.42.114.210/tcp/45583 hostname=173.42.114.210
[2026-10-04 17:44:13.513] [out] [delivery_module] DBG 2026-10-04 17:44:13.513+02:00 Error dialing                              topics="libp2p dialer" tid=5880867 conn=nil peerId=16U*oN8hgK protos="[/logos/service-discovery/1.0.0]" addrs="[/ip4/173.42.114.210/tcp/45583]" description="Unable to establish outgoing link in establishConnection: peer_id=16U*oN8hgK addrs=@[/ip4/173.42.114.210/tcp/45583]"
[2026-10-04 17:44:13.513] [out] [delivery_module] DBG 2026-10-04 17:44:13.513+02:00 Dialing peer                               topics="libp2p dialer" tid=5880867 peerId=16U*oN8hgK addrs="[/ip4/173.42.114.210/tcp/45583]"
[2026-10-04 17:44:13.513] [out] [delivery_module] DBG 2026-10-04 17:44:13.513+02:00 Expanded address and hostname              topics="libp2p dialer" tid=5880867 expandedAddress=/ip4/173.42.114.210/tcp/45583 hostname=173.42.114.210 resolvedAddresses="[/ip4/173.42.114.210/tcp/45583]"
[2026-10-04 17:44:13.689] [out] [delivery_module] DBG 2026-10-04 17:44:13.689+02:00 Lookup query                               topics="kad-dht find" tid=5880867 peer=16U*VpJprH
[2026-10-04 17:44:13.689] [out] [delivery_module] DBG 2026-10-04 17:44:13.689+02:00 Kad lookup: RPC error                      topics="kad-dht find" tid=5880867 peer=16U*VpJprH msg="dialStage: timed out dialing the peer"
[2026-10-04 17:44:13.743] [out] [delivery_module] DBG 2026-10-04 17:44:13.743+02:00 Dialing failed                             topics="libp2p dialer" tid=5880867 description="TcpTransport dial error: (61) Connection refused" peerId=16U*oN8hgK address=/ip4/173.42.114.210/tcp/45583 hostname=173.42.114.210
[2026-10-04 17:44:13.743] [out] [delivery_module] DBG 2026-10-04 17:44:13.743+02:00 Error dialing                              topics="libp2p dialer" tid=5880867 conn=nil peerId=16U*oN8hgK protos="[/logos/service-discovery/1.0.0]" addrs="[/ip4/173.42.114.210/tcp/45583]" description="Unable to establish outgoing link in establishConnection: peer_id=16U*oN8hgK addrs=@[/ip4/173.42.114.210/tcp/45583]"
[2026-10-04 17:44:16.703] [out] [delivery_module] DBG 2026-10-04 17:44:16.703+02:00 getting adverts                            topics="service-disco discoverer" tid=5880867 serviceId=key:913B5C5DBE691438693215140388EC0C7DE80DE328BDE5BD7FC06F90568CEA40 registrar=16U*NSkuby
[2026-10-04 17:44:16.703] [out] [delivery_module] DBG 2026-10-04 17:44:16.703+02:00 getting adverts                            topics="service-disco discoverer" tid=5880867 serviceId=key:913B5C5DBE691438693215140388EC0C7DE80DE328BDE5BD7FC06F90568CEA40 registrar=16U*iSrhve
[2026-10-04 17:44:16.703] [out] [delivery_module] DBG 2026-10-04 17:44:16.703+02:00 getting adverts                            topics="service-disco discoverer" tid=5880867 serviceId=key:913B5C5DBE691438693215140388EC0C7DE80DE328BDE5BD7FC06F90568CEA40 registrar=16U*TwqBiH
[2026-10-04 17:44:16.703] [out] [delivery_module] DBG 2026-10-04 17:44:16.703+02:00 getting adverts                            topics="service-disco discoverer" tid=5880867 serviceId=key:913B5C5DBE691438693215140388EC0C7DE80DE328BDE5BD7FC06F90568CEA40 registrar=16U*Lqfd15
[2026-10-04 17:44:16.703] [out] [delivery_module] DBG 2026-10-04 17:44:16.703+02:00 Cannot insert self in routing table        topics="kad-dht rtable" tid=5880867 nodeId=key:0025080212210395E8A06BCC59748857E48B59188547983724AC21BDC79C0CD240F18DDB82DD64
[2026-10-04 17:44:16.704] [out] [delivery_module] DBG 2026-10-04 17:44:16.703+02:00 adverts found                              topics="service-disco discoverer" tid=5880867 serviceId=key:913B5C5DBE691438693215140388EC0C7DE80DE328BDE5BD7FC06F90568CEA40 remote=16U*Lqfd15 count=0
[2026-10-04 17:44:16.705] [out] [delivery_module] DBG 2026-10-04 17:44:16.705+02:00 getting adverts                            topics="service-disco discoverer" tid=5880867 serviceId=key:E6738033B5D413D13CF58622CEB4EF8F392E8D4EB073B56A5486CB0431B2F5D8 registrar=16U*iSrhve
[2026-10-04 17:44:16.705] [out] [delivery_module] DBG 2026-10-04 17:44:16.705+02:00 getting adverts                            topics="service-disco discoverer" tid=5880867 serviceId=key:E6738033B5D413D13CF58622CEB4EF8F392E8D4EB073B56A5486CB0431B2F5D8 registrar=16U*TwqBiH
[2026-10-04 17:44:16.705] [out] [delivery_module] DBG 2026-10-04 17:44:16.705+02:00 getting adverts                            topics="service-disco discoverer" tid=5880867 serviceId=key:E6738033B5D413D13CF58622CEB4EF8F392E8D4EB073B56A5486CB0431B2F5D8 registrar=16U*NSkuby
[2026-10-04 17:44:16.706] [out] [delivery_module] DBG 2026-10-04 17:44:16.706+02:00 getting adverts                            topics="service-disco discoverer" tid=5880867 serviceId=key:E6738033B5D413D13CF58622CEB4EF8F392E8D4EB073B56A5486CB0431B2F5D8 registrar=16U*Lqfd15
[2026-10-04 17:44:16.706] [out] [delivery_module] DBG 2026-10-04 17:44:16.706+02:00 Cannot insert self in routing table        topics="kad-dht rtable" tid=5880867 nodeId=key:0025080212210395E8A06BCC59748857E48B59188547983724AC21BDC79C0CD240F18DDB82DD64
[2026-10-04 17:44:16.706] [out] [delivery_module] DBG 2026-10-04 17:44:16.706+02:00 adverts found                              topics="service-disco discoverer" tid=5880867 serviceId=key:E6738033B5D413D13CF58622CEB4EF8F392E8D4EB073B56A5486CB0431B2F5D8 remote=16U*Lqfd15 count=1
[2026-10-04 17:44:17.081] [out] [delivery_module] DBG 2026-10-04 17:44:17.081+02:00 adverts found                              topics="service-disco discoverer" tid=5880867 serviceId=key:913B5C5DBE691438693215140388EC0C7DE80DE328BDE5BD7FC06F90568CEA40 remote=16U*NSkuby count=2
[2026-10-04 17:44:17.093] [out] [delivery_module] DBG 2026-10-04 17:44:17.093+02:00 adverts found                              topics="service-disco discoverer" tid=5880867 serviceId=key:E6738033B5D413D13CF58622CEB4EF8F392E8D4EB073B56A5486CB0431B2F5D8 remote=16U*NSkuby count=6
[2026-10-04 17:44:17.261] [out] [delivery_module] DBG 2026-10-04 17:44:17.261+02:00 adverts found                              topics="service-disco discoverer" tid=5880867 serviceId=key:913B5C5DBE691438693215140388EC0C7DE80DE328BDE5BD7FC06F90568CEA40 remote=16U*iSrhve count=4
[2026-10-04 17:44:17.262] [out] [delivery_module] DBG 2026-10-04 17:44:17.262+02:00 adverts found                              topics="service-disco discoverer" tid=5880867 serviceId=key:E6738033B5D413D13CF58622CEB4EF8F392E8D4EB073B56A5486CB0431B2F5D8 remote=16U*iSrhve count=2
[2026-10-04 17:44:17.263] [out] [delivery_module] DBG 2026-10-04 17:44:17.263+02:00 adverts found                              topics="service-disco discoverer" tid=5880867 serviceId=key:913B5C5DBE691438693215140388EC0C7DE80DE328BDE5BD7FC06F90568CEA40 remote=16U*TwqBiH count=2
[2026-10-04 17:44:17.263] [out] [delivery_module] DBG 2026-10-04 17:44:17.263+02:00 adverts found                              topics="service-disco discoverer" tid=5880867 serviceId=key:E6738033B5D413D13CF58622CEB4EF8F392E8D4EB073B56A5486CB0431B2F5D8 remote=16U*TwqBiH count=3
[2026-10-04 17:44:17.268] [out] [delivery_module] DBG 2026-10-04 17:44:17.268+02:00 getting adverts                            topics="service-disco discoverer" tid=5880867 serviceId=key:913B5C5DBE691438693215140388EC0C7DE80DE328BDE5BD7FC06F90568CEA40 registrar=16U*VpJprH
[2026-10-04 17:44:17.268] [out] [delivery_module] DBG 2026-10-04 17:44:17.268+02:00 getting adverts                            topics="service-disco discoverer" tid=5880867 serviceId=key:913B5C5DBE691438693215140388EC0C7DE80DE328BDE5BD7FC06F90568CEA40 registrar=16U*T3UNSE
[2026-10-04 17:44:17.269] [out] [delivery_module] DBG 2026-10-04 17:44:17.269+02:00 getting adverts                            topics="service-disco discoverer" tid=5880867 serviceId=key:913B5C5DBE691438693215140388EC0C7DE80DE328BDE5BD7FC06F90568CEA40 registrar=16U*P1S397
[2026-10-04 17:44:17.269] [out] [delivery_module] DBG 2026-10-04 17:44:17.269+02:00 getting adverts                            topics="service-disco discoverer" tid=5880867 serviceId=key:E6738033B5D413D13CF58622CEB4EF8F392E8D4EB073B56A5486CB0431B2F5D8 registrar=16U*kGyuEP
[2026-10-04 17:44:17.704] [out] [delivery_module] DBG 2026-10-04 17:44:17.704+02:00 Lookup query                               topics="kad-dht find" tid=5880867 peer=16U*VpJprH
[2026-10-04 17:44:17.704] [out] [delivery_module] DBG 2026-10-04 17:44:17.704+02:00 Kad lookup: RPC error                      topics="kad-dht find" tid=5880867 peer=16U*VpJprH msg="dialStage: timed out dialing the peer"
[2026-10-04 17:44:17.713] [out] [delivery_module] DBG 2026-10-04 17:44:17.713+02:00 ENR addresses updated                      topics="waku enr" tid=5880867 retained=0 total=0
[2026-10-04 17:44:17.713] [out] [delivery_module] INF 2026-10-04 17:44:17.713+02:00 ENR reconciled with the discv5 record      topics="wakunode waku" tid=5880867 enr=enr:-K24QHvcWh95qZ5cXsLA6Plg7bF0Q8NLswN5YhiGDMPiU__mPV9DpeCOWphHidtALwwdF67pqM2dXlcKjZ-1p8HUH-QOgmlkgnY0im11bHRpYWRkcnOAgnJzkwADCAAAAAEAAgADAAQABQAGAAeJc2VjcDI1NmsxoQOV6KBrzFl0iFfki1kYhUeYNySsIb3HnAzSQPGN24LdZIN0Y3CC_0aDdWRwgsO4hXdha3UyLQ
[2026-10-04 17:44:17.713] [out] [delivery_module] DBG 2026-10-04 17:44:17.713+02:00 Lookup query                               topics="kad-dht find" tid=5880867 peer=16U*VpJprH
[2026-10-04 17:44:17.713] [out] [delivery_module] DBG 2026-10-04 17:44:17.713+02:00 Kad lookup: RPC error                      topics="kad-dht find" tid=5880867 peer=16U*VpJprH msg="dialStage: timed out dialing the peer"
[2026-10-04 17:44:17.718] [out] [delivery_module] DBG 2026-10-04 17:44:17.718+02:00 Kad lookup: RPC error                      topics="kad-dht find" tid=5880867 peer=16U*VpJprH msg="dialStage: timed out dialing the peer"
[2026-10-04 17:44:17.805] [out] [delivery_module] DBG 2026-10-04 17:44:17.805+02:00 adverts found                              topics="service-disco discoverer" tid=5880867 serviceId=key:913B5C5DBE691438693215140388EC0C7DE80DE328BDE5BD7FC06F90568CEA40 remote=16U*P1S397 count=0
[2026-10-04 17:44:17.936] [out] [delivery_module] DBG 2026-10-04 17:44:17.936+02:00 adverts found                              topics="service-disco discoverer" tid=5880867 serviceId=key:E6738033B5D413D13CF58622CEB4EF8F392E8D4EB073B56A5486CB0431B2F5D8 remote=16U*kGyuEP count=5
[2026-10-04 17:44:17.938] [out] [delivery_module] DBG 2026-10-04 17:44:17.938+02:00 getting adverts                            topics="service-disco discoverer" tid=5880867 serviceId=key:E6738033B5D413D13CF58622CEB4EF8F392E8D4EB073B56A5486CB0431B2F5D8 registrar=16U*VpJprH
[2026-10-04 17:44:17.939] [out] [delivery_module] DBG 2026-10-04 17:44:17.939+02:00 adverts found                              topics="service-disco discoverer" tid=5880867 serviceId=key:913B5C5DBE691438693215140388EC0C7DE80DE328BDE5BD7FC06F90568CEA40 remote=16U*T3UNSE count=1
[2026-10-04 17:44:18.103] [out] [delivery_module] DBG 2026-10-04 17:44:18.103+02:00 Kad lookup: RPC error                      topics="kad-dht find" tid=5880867 peer=16U*2pfeoX msg="waitStage: timed out waiting for the peer's stream"
[2026-10-04 17:44:18.104] [out] [delivery_module] DBG 2026-10-04 17:44:18.104+02:00 Lookup query                               topics="kad-dht find" tid=5880867 peer=16U*VpJprH
[2026-10-04 17:44:18.690] [out] [delivery_module] DBG 2026-10-04 17:44:18.690+02:00 Lookup query                               topics="kad-dht find" tid=5880867 peer=16U*VpJprH
[2026-10-04 17:44:18.690] [out] [delivery_module] DBG 2026-10-04 17:44:18.690+02:00 Kad lookup: RPC error                      topics="kad-dht find" tid=5880867 peer=16U*VpJprH msg="dialStage: timed out dialing the peer"
[2026-10-04 17:44:19.855] [out] [delivery_module] DBG 2026-10-04 17:44:19.855+02:00 calculateConnectionState                   tid=5880867 relayCount=6 storeClientCount=5 lightpushCount=6 filterCount=6
[2026-10-04 17:44:22.271] [out] [delivery_module] DBG 2026-10-04 17:44:22.271+02:00 getting adverts                            topics="service-disco discoverer" tid=5880867 serviceId=key:913B5C5DBE691438693215140388EC0C7DE80DE328BDE5BD7FC06F90568CEA40 registrar=16U*kGyuEP
[2026-10-04 17:44:22.705] [out] [delivery_module] DBG 2026-10-04 17:44:22.705+02:00 Lookup query                               topics="kad-dht find" tid=5880867 peer=16U*VpJprH
[2026-10-04 17:44:22.705] [out] [delivery_module] DBG 2026-10-04 17:44:22.705+02:00 Kad lookup: RPC error                      topics="kad-dht find" tid=5880867 peer=16U*VpJprH msg="dialStage: timed out dialing the peer"
[2026-10-04 17:44:22.707] [out] [delivery_module] DBG 2026-10-04 17:44:22.707+02:00 Finished dialing multiple peers            topics="waku node peer_manager" tid=5880867 successfulConns=0 attempted=2
[2026-10-04 17:44:22.715] [out] [delivery_module] DBG 2026-10-04 17:44:22.715+02:00 Lookup query                               topics="kad-dht find" tid=5880867 peer=16U*VpJprH
[2026-10-04 17:44:22.715] [out] [delivery_module] DBG 2026-10-04 17:44:22.715+02:00 Kad lookup: RPC error                      topics="kad-dht find" tid=5880867 peer=16U*VpJprH msg="dialStage: timed out dialing the peer"
[2026-10-04 17:44:22.939] [out] [delivery_module] DBG 2026-10-04 17:44:22.939+02:00 getting adverts                            topics="service-disco discoverer" tid=5880867 serviceId=key:E6738033B5D413D13CF58622CEB4EF8F392E8D4EB073B56A5486CB0431B2F5D8 registrar=16U*P1S397
[2026-10-04 17:44:22.940] [out] [delivery_module] DBG 2026-10-04 17:44:22.940+02:00 getting adverts                            topics="service-disco discoverer" tid=5880867 serviceId=key:E6738033B5D413D13CF58622CEB4EF8F392E8D4EB073B56A5486CB0431B2F5D8 registrar=16U*T3UNSE
[2026-10-04 17:44:23.105] [out] [delivery_module] DBG 2026-10-04 17:44:23.105+02:00 Lookup query                               topics="kad-dht find" tid=5880867 peer=16U*VpJprH
[2026-10-04 17:44:23.106] [out] [delivery_module] DBG 2026-10-04 17:44:23.106+02:00 Kad lookup: RPC error                      topics="kad-dht find" tid=5880867 peer=16U*VpJprH msg="dialStage: timed out dialing the peer"
[2026-10-04 17:44:23.561] [out] [delivery_module] DBG 2026-10-04 17:44:23.560+02:00 adverts found                              topics="service-disco discoverer" tid=5880867 serviceId=key:913B5C5DBE691438693215140388EC0C7DE80DE328BDE5BD7FC06F90568CEA40 remote=16U*kGyuEP count=2
[2026-10-04 17:44:23.563] [out] [delivery_module] DBG 2026-10-04 17:44:23.563+02:00 Peer added via service discovery           topics="waku service discovery" tid=5880867 source="service lookup" peerId=16Uiu2HAm8Y9kgBNtjxvCnf1X6gnZJW5EGE4UwwCL3CCm55TwqBiH addresses="[/ip4/34.123.201.25/tcp/30303, /ip4/34.123.201.25/udp/30303/quic-v1, /dns4/delivery-02.gc-us-central1-a.logos.dev.status.im/tcp/30303]" protocols="[/mix/1.0.0]"
[2026-10-04 17:44:23.563] [out] [delivery_module] DBG 2026-10-04 17:44:23.563+02:00 Peer added via service discovery           topics="waku service discovery" tid=5880867 source="service lookup" peerId=16Uiu2HAkvwhGHKNry6LACrB8TmEFoCJKEX29XR5dDUzk3UT3UNSE addresses="[/ip4/43.99.103.10/tcp/30303, /ip4/43.99.103.10/udp/30303/quic-v1, /dns4/delivery-02.ac-cn-hongkong-c.logos.dev.status.im/tcp/30303]" protocols="[/mix/1.0.0]"
[2026-10-04 17:44:23.563] [out] [delivery_module] DBG 2026-10-04 17:44:23.563+02:00 Peer added via service discovery           topics="waku service discovery" tid=5880867 source="service lookup" peerId=16Uiu2HAm8YokiNun9BkeA1ZRmhLbtNUvcwRr64F69tYj9fkGyuEP addresses="[/ip4/47.242.130.189/tcp/30303, /ip4/47.242.130.189/udp/30303/quic-v1, /dns4/delivery-01.ac-cn-hongkong-c.logos.dev.status.im/tcp/30303]" protocols="[/mix/1.0.0]"
[2026-10-04 17:44:23.563] [out] [delivery_module] DBG 2026-10-04 17:44:23.563+02:00 Peer added via service discovery           topics="waku service discovery" tid=5880867 source="service lookup" peerId=16Uiu2HAm4S1JYkuzDKLKQvwgAhZKs9otxXqt8SCGtB4hoJP1S397 addresses="[/ip4/136.119.156.87/tcp/30303, /ip4/136.119.156.87/udp/30303/quic-v1, /dns4/delivery-01.gc-us-central1-a.logos.dev.status.im/tcp/30303]" protocols="[/mix/1.0.0]"
[2026-10-04 17:44:23.563] [out] [delivery_module] DBG 2026-10-04 17:44:23.563+02:00 Peer added via service discovery           topics="waku service discovery" tid=5880867 source="service lookup" peerId=16Uiu2HAmTUbnxLGT9JvV6mu9oPyDjqHK4Phs1VDJNUgESgNSkuby addresses="[/ip4/138.68.122.137/tcp/30303, /ip4/138.68.122.137/udp/30303/quic-v1, /dns4/delivery-01.do-ams3.logos.dev.status.im/tcp/30303]" protocols="[/mix/1.0.0]"
[2026-10-04 17:44:23.563] [out] [delivery_module] DBG 2026-10-04 17:44:23.563+02:00 Service lookup complete                    topics="waku service discovery" tid=5880867 service=/mix/1.0.0 found=5
[2026-10-04 17:44:23.565] [out] [delivery_module] DBG 2026-10-04 17:44:23.565+02:00 calculateConnectionState                   tid=5880867 relayCount=6 storeClientCount=5 lightpushCount=6 filterCount=6
[2026-10-04 17:44:23.691] [out] [delivery_module] DBG 2026-10-04 17:44:23.691+02:00 Lookup query                               topics="kad-dht find" tid=5880867 peer=16U*VpJprH
[2026-10-04 17:44:23.691] [out] [delivery_module] DBG 2026-10-04 17:44:23.691+02:00 Kad lookup: RPC error                      topics="kad-dht find" tid=5880867 peer=16U*VpJprH msg="dialStage: timed out dialing the peer"
[2026-10-04 17:44:23.948] [out] [delivery_module] DBG 2026-10-04 17:44:23.948+02:00 adverts found                              topics="service-disco discoverer" tid=5880867 serviceId=key:E6738033B5D413D13CF58622CEB4EF8F392E8D4EB073B56A5486CB0431B2F5D8 remote=16U*P1S397 count=7
[2026-10-04 17:44:24.062] [out] [delivery_module] DBG 2026-10-04 17:44:24.062+02:00 adverts found                              topics="service-disco discoverer" tid=5880867 serviceId=key:E6738033B5D413D13CF58622CEB4EF8F392E8D4EB073B56A5486CB0431B2F5D8 remote=16U*T3UNSE count=2
[2026-10-04 17:44:24.064] [out] [delivery_module] DBG 2026-10-04 17:44:24.064+02:00 Peer added via service discovery           topics="waku service discovery" tid=5880867 source="service lookup" peerId=16Uiu2HAm4S1JYkuzDKLKQvwgAhZKs9otxXqt8SCGtB4hoJP1S397 addresses="[/ip4/136.119.156.87/tcp/30303, /ip4/136.119.156.87/udp/30303/quic-v1, /dns4/delivery-01.gc-us-central1-a.logos.dev.status.im/tcp/30303]" protocols="[/logos/delivery]"
[2026-10-04 17:44:24.064] [out] [delivery_module] DBG 2026-10-04 17:44:24.064+02:00 Peer added via service discovery           topics="waku service discovery" tid=5880867 source="service lookup" peerId=16Uiu2HAm75mHYCn97YHQ3auieTYohvJU9d3WGyGBAjnVc32pfeoX addresses="[/ip4/192.168.68.53/tcp/27431, /ip4/192.168.68.53/udp/16011/quic-v1]" protocols="[/logos/delivery]"
[2026-10-04 17:44:24.064] [out] [delivery_module] DBG 2026-10-04 17:44:24.064+02:00 Peer added via service discovery           topics="waku service discovery" tid=5880867 source="service lookup" peerId=16Uiu2HAmNkAqK5qpyC2yxPAhH1pngYWtmr7eSPggN9ucSDLqfd15 addresses="[/ip4/172.20.10.14/tcp/65350, /ip4/172.20.10.14/udp/62334/quic-v1]" protocols="[/logos/delivery]"
[2026-10-04 17:44:24.064] [out] [delivery_module] DBG 2026-10-04 17:44:24.064+02:00 Peer added via service discovery           topics="waku service discovery" tid=5880867 source="service lookup" peerId=16Uiu2HAkvwhGHKNry6LACrB8TmEFoCJKEX29XR5dDUzk3UT3UNSE addresses="[/ip4/43.99.103.10/tcp/30303, /ip4/43.99.103.10/udp/30303/quic-v1, /dns4/delivery-02.ac-cn-hongkong-c.logos.dev.status.im/tcp/30303]" protocols="[/logos/delivery]"
[2026-10-04 17:44:24.064] [out] [delivery_module] DBG 2026-10-04 17:44:24.064+02:00 Peer added via service discovery           topics="waku service discovery" tid=5880867 source="service lookup" peerId=16Uiu2HAm8Y9kgBNtjxvCnf1X6gnZJW5EGE4UwwCL3CCm55TwqBiH addresses="[/ip4/34.123.201.25/tcp/30303, /ip4/34.123.201.25/udp/30303/quic-v1, /dns4/delivery-02.gc-us-central1-a.logos.dev.status.im/tcp/30303]" protocols="[/logos/delivery]"
[2026-10-04 17:44:24.065] [out] [delivery_module] DBG 2026-10-04 17:44:24.065+02:00 Peer added via service discovery           topics="waku service discovery" tid=5880867 source="service lookup" peerId=16Uiu2HAm8YokiNun9BkeA1ZRmhLbtNUvcwRr64F69tYj9fkGyuEP addresses="[/ip4/47.242.130.189/tcp/30303, /ip4/47.242.130.189/udp/30303/quic-v1, /dns4/delivery-01.ac-cn-hongkong-c.logos.dev.status.im/tcp/30303]" protocols="[/logos/delivery]"
[2026-10-04 17:44:24.065] [out] [delivery_module] DBG 2026-10-04 17:44:24.065+02:00 Peer added via service discovery           topics="waku service discovery" tid=5880867 source="service lookup" peerId=16Uiu2HAmTUbnxLGT9JvV6mu9oPyDjqHK4Phs1VDJNUgESgNSkuby addresses="[/ip4/138.68.122.137/tcp/30303, /ip4/138.68.122.137/udp/30303/quic-v1, /dns4/delivery-01.do-ams3.logos.dev.status.im/tcp/30303]" protocols="[/logos/delivery]"
[2026-10-04 17:44:24.065] [out] [delivery_module] DBG 2026-10-04 17:44:24.065+02:00 Peer added via service discovery           topics="waku service discovery" tid=5880867 source="service lookup" peerId=16Uiu2HAm5hiDKtofKsaY3hNNyzzhFagoKo8uMWTFJ2huwMiSrhve addresses="[/ip4/173.42.114.210/tcp/37795]" protocols="[/logos/delivery]"
[2026-10-04 17:44:24.065] [out] [delivery_module] DBG 2026-10-04 17:44:24.065+02:00 Service lookup complete                    topics="waku service discovery" tid=5880867 service=/logos/delivery found=8
[2026-10-04 17:44:24.066] [out] [delivery_module] DBG 2026-10-04 17:44:24.066+02:00 calculateConnectionState                   tid=5880867 relayCount=6 storeClientCount=5 lightpushCount=6 filterCount=6
[2026-10-04 17:44:27.707] [out] [delivery_module] DBG 2026-10-04 17:44:27.707+02:00 Lookup query                               topics="kad-dht find" tid=5880867 peer=16U*VpJprH
[2026-10-04 17:44:27.708] [out] [delivery_module] DBG 2026-10-04 17:44:27.708+02:00 Kad lookup: RPC error                      topics="kad-dht find" tid=5880867 peer=16U*VpJprH msg="dialStage: timed out dialing the peer"
[2026-10-04 17:44:27.717] [out] [delivery_module] DBG 2026-10-04 17:44:27.717+02:00 Lookup query                               topics="kad-dht find" tid=5880867 peer=16U*VpJprH
[2026-10-04 17:44:27.717] [out] [delivery_module] DBG 2026-10-04 17:44:27.717+02:00 Kad lookup: RPC error                      topics="kad-dht find" tid=5880867 peer=16U*VpJprH msg="dialStage: timed out dialing the peer"
[2026-10-04 17:44:28.107] [out] [delivery_module] DBG 2026-10-04 17:44:28.107+02:00 Lookup query                               topics="kad-dht find" tid=5880867 peer=16U*VpJprH
[2026-10-04 17:44:28.107] [out] [delivery_module] DBG 2026-10-04 17:44:28.107+02:00 Kad lookup: RPC error                      topics="kad-dht find" tid=5880867 peer=16U*VpJprH msg="dialStage: timed out dialing the peer"
[2026-10-04 17:44:28.688] [out] [delivery_module] DBG 2026-10-04 17:44:28.688+02:00 Connection upgrade failed                  topics="libp2p dialer" tid=5880867 description="Timeout exceeded!" peerId=16U*VpJprH address=/ip4/174.138.106.244/tcp/30303 hostname=delivery-02.do-ams3.logos.dev.status.im
[2026-10-04 17:44:28.688] [out] [delivery_module] DBG 2026-10-04 17:44:28.688+02:00 Error dialing                              topics="libp2p dialer" tid=5880867 conn=nil peerId=16U*VpJprH protos="[/logos/service-discovery/1.0.0]" addrs="[/dns4/delivery-02.do-ams3.logos.dev.status.im/tcp/30303]" description="Unable to establish outgoing link in establishConnection: peer_id=16U*VpJprH addrs=@[/dns4/delivery-02.do-ams3.logos.dev.status.im/tcp/30303]"
[2026-10-04 17:44:28.688] [out] [delivery_module] DBG 2026-10-04 17:44:28.688+02:00 Dialing peer                               topics="libp2p dialer" tid=5880867 peerId=16U*VpJprH addrs="[/ip4/174.138.106.244/tcp/30303, /dns4/delivery-02.do-ams3.logos.dev.status.im/tcp/30303]"
[2026-10-04 17:44:28.688] [out] [delivery_module] DBG 2026-10-04 17:44:28.688+02:00 Expanded address and hostname              topics="libp2p dialer" tid=5880867 expandedAddress=/ip4/174.138.106.244/tcp/30303 hostname=174.138.106.244 resolvedAddresses="[/ip4/174.138.106.244/tcp/30303]"
[2026-10-04 17:44:28.692] [out] [delivery_module] DBG 2026-10-04 17:44:28.692+02:00 Kad lookup: RPC error                      topics="kad-dht find" tid=5880867 peer=16U*VpJprH msg="dialStage: timed out dialing the peer"
[2026-10-04 17:44:28.693] [out] [delivery_module] DBG 2026-10-04 17:44:28.693+02:00 Lookup query                               topics="kad-dht find" tid=5880867 peer=16U*VpJprH
[2026-10-04 17:44:28.693] [out] [delivery_module] DBG 2026-10-04 17:44:28.693+02:00 Lookup query                               topics="kad-dht find" tid=5880867 peer=16U*T3UNSE
[2026-10-04 17:44:28.693] [out] [delivery_module] DBG 2026-10-04 17:44:28.693+02:00 Lookup query                               topics="kad-dht find" tid=5880867 peer=16U*P1S397
[2026-10-04 17:44:28.693] [out] [delivery_module] DBG 2026-10-04 17:44:28.693+02:00 Lookup query                               topics="kad-dht find" tid=5880867 peer=16U*kGyuEP
[2026-10-04 17:44:28.693] [out] [delivery_module] DBG 2026-10-04 17:44:28.693+02:00 Lookup query                               topics="kad-dht find" tid=5880867 peer=16U*NSkuby
[2026-10-04 17:44:28.694] [out] [delivery_module] DBG 2026-10-04 17:44:28.693+02:00 Lookup query                               topics="kad-dht find" tid=5880867 peer=16U*iSrhve
[2026-10-04 17:44:28.694] [out] [delivery_module] DBG 2026-10-04 17:44:28.694+02:00 Lookup query                               topics="kad-dht find" tid=5880867 peer=16U*TwqBiH
[2026-10-04 17:44:28.694] [out] [delivery_module] DBG 2026-10-04 17:44:28.694+02:00 Lookup query                               topics="kad-dht find" tid=5880867 peer=16U*TwqBiH
[2026-10-04 17:44:28.694] [out] [delivery_module] DBG 2026-10-04 17:44:28.694+02:00 Lookup query                               topics="kad-dht find" tid=5880867 peer=16U*NSkuby
[2026-10-04 17:44:28.694] [out] [delivery_module] DBG 2026-10-04 17:44:28.694+02:00 Lookup query                               topics="kad-dht find" tid=5880867 peer=16U*iSrhve
[2026-10-04 17:44:28.694] [out] [delivery_module] DBG 2026-10-04 17:44:28.694+02:00 Lookup query                               topics="kad-dht find" tid=5880867 peer=16U*kGyuEP
[2026-10-04 17:44:28.694] [out] [delivery_module] DBG 2026-10-04 17:44:28.694+02:00 Lookup query                               topics="kad-dht find" tid=5880867 peer=16U*VpJprH
[2026-10-04 17:44:28.694] [out] [delivery_module] DBG 2026-10-04 17:44:28.694+02:00 Lookup query                               topics="kad-dht find" tid=5880867 peer=16U*T3UNSE
[2026-10-04 17:44:28.694] [out] [delivery_module] DBG 2026-10-04 17:44:28.694+02:00 Lookup query                               topics="kad-dht find" tid=5880867 peer=16U*P1S397
[2026-10-04 17:44:28.695] [out] [delivery_module] DBG 2026-10-04 17:44:28.695+02:00 Lookup query                               topics="kad-dht find" tid=5880867 peer=16U*NSkuby
[2026-10-04 17:44:28.695] [out] [delivery_module] DBG 2026-10-04 17:44:28.695+02:00 Lookup query                               topics="kad-dht find" tid=5880867 peer=16U*iSrhve
[2026-10-04 17:44:28.695] [out] [delivery_module] DBG 2026-10-04 17:44:28.695+02:00 Lookup query                               topics="kad-dht find" tid=5880867 peer=16U*TwqBiH
[2026-10-04 17:44:28.695] [out] [delivery_module] DBG 2026-10-04 17:44:28.695+02:00 Lookup query                               topics="kad-dht find" tid=5880867 peer=16U*VpJprH
[2026-10-04 17:44:28.695] [out] [delivery_module] DBG 2026-10-04 17:44:28.695+02:00 Lookup query                               topics="kad-dht find" tid=5880867 peer=16U*T3UNSE
[2026-10-04 17:44:28.695] [out] [delivery_module] DBG 2026-10-04 17:44:28.695+02:00 Lookup query                               topics="kad-dht find" tid=5880867 peer=16U*P1S397
[2026-10-04 17:44:28.695] [out] [delivery_module] DBG 2026-10-04 17:44:28.695+02:00 Lookup query                               topics="kad-dht find" tid=5880867 peer=16U*kGyuEP
[2026-10-04 17:44:30.180] [out] [delivery_module] DBG 2026-10-04 17:44:30.180+02:00 Dialing failed                             topics="libp2p dialer" tid=5880867 description="Timeout exceeded!" peerId=16U*2pfeoX address=/ip4/192.168.68.53/tcp/27431 hostname=192.168.68.53
[2026-10-04 17:44:30.180] [out] [delivery_module] DBG 2026-10-04 17:44:30.180+02:00 Error dialing                              topics="libp2p dialer" tid=5880867 conn=nil peerId=16U*2pfeoX protos="[/logos/service-discovery/1.0.0]" addrs="[/ip4/192.168.68.53/udp/16011/quic-v1, /ip4/192.168.68.53/tcp/27431]" description="Unable to establish outgoing link in establishConnection: peer_id=16U*2pfeoX addrs=@[/ip4/192.168.68.53/udp/16011/quic-v1, /ip4/192.168.68.53/tcp/27431]"
[2026-10-04 17:44:30.180] [out] [delivery_module] DBG 2026-10-04 17:44:30.180+02:00 Dialing peer                               topics="libp2p dialer" tid=5880867 peerId=16U*2pfeoX addrs="[/ip4/192.168.68.53/udp/16011/quic-v1, /ip4/192.168.68.53/tcp/27431]"
[2026-10-04 17:44:30.180] [out] [delivery_module] DBG 2026-10-04 17:44:30.180+02:00 Expanded address and hostname              topics="libp2p dialer" tid=5880867 expandedAddress=/ip4/192.168.68.53/udp/16011/quic-v1 hostname=192.168.68.53 resolvedAddresses="[/ip4/192.168.68.53/udp/16011/quic-v1]"
[2026-10-04 17:44:30.180] [out] [delivery_module] DBG 2026-10-04 17:44:30.180+02:00 New connection established: client         tid=5880867
[2026-10-04 17:44:32.708] [out] [delivery_module] DBG 2026-10-04 17:44:32.708+02:00 Local table insertion                      tid=5880867 key=key:0025080212210395E8A06BCC59748857E48B59188547983724AC21BDC79C0CD240F18DDB82DD64 value=key:0A25080212210395E8A06BCC59748857E48B59188547983724AC21BDC79C0CD240F18DDB82DD64120203011A480A270025080212210395E8A06BCC59748857E48B59188547983724AC21BDC79C0CD240F18DDB82DD6410FFE2071A0A0A0804AC140A0E06FF461A0D0A0B04AC140A0E9102F37ECD032A46304402206632F32D79E8C0650F2BCFF2074B22684D20380317F58DBF16C572E6C49C7CE502204A55D52E4934FA71C5DDA255FDF0117AD98BD2A672A251510D3A41AA6B085DFB
[2026-10-04 17:44:32.719] [out] [delivery_module] DBG 2026-10-04 17:44:32.719+02:00 Lookup query                               topics="kad-dht find" tid=5880867 peer=16U*VpJprH
[2026-10-04 17:44:32.719] [out] [delivery_module] DBG 2026-10-04 17:44:32.719+02:00 Kad lookup: RPC error                      topics="kad-dht find" tid=5880867 peer=16U*VpJprH msg="dialStage: timed out dialing the peer"
[2026-10-04 17:44:32.948] [out] [delivery_module] DBG 2026-10-04 17:44:32.948+02:00 Got PutValue reply                         topics="kad-dht put" tid=5880867 msg="(msgType: ok(putValue), key: ok(@[0, 37, 8, 2, 18, 33, 3, 149, 232, 160, 107, 204, 89, 116, 136, 87, 228, 139, 89, 24, 133, 71, 152, 55, 36, 172, 33, 189, 199, 156, 12, 210, 64, 241, 141, 219, 130, 221, 100]), record: ok((key: ok(@[0, 37, 8, 2, 18, 33, 3, 149, 232, 160, 107, 204, 89, 116, 136, 87, 228, 139, 89, 24, 133, 71, 152, 55, 36, 172, 33, 189, 199, 156, 12, 210, 64, 241, 141, 219, 130, 221, 100]), value: ok(@[10, 37, 8, 2, 18, 33, 3, 149, 232, 160, 107, 204, 89, 116, 136, 87, 228, 139, 89, 24, 133, 71, 152, 55, 36, 172, 33, 189, 199, 156, 12, 210, 64, 241, 141, 219, 130, 221, 100, 18, 2, 3, 1, 26, 72, 10, 39, 0, 37, 8, 2, 18, 33, 3, 149, 232, 160, 107, 204, 89, 116, 136, 87, 228, 139, 89, 24, 133, 71, 152, 55, 36, 172, 33, 189, 199, 156, 12, 210, 64, 241, 141, 219, 130, 221, 100, 16, 255, 226, 7, 26, 10, 10, 8, 4, 172, 20, 10, 14, 6, 255, 70, 26, 13, 10, 11, 4, 172, 20, 10, 14, 145, 2, 243, 126, 205, 3, 42, 70, 48, 68, 2, 32, 102, 50, 243, 45, 121, 232, 192, 101, 15, 43, 207, 242, 7, 75, 34, 104, 77, 32, 56, 3, 23, 245, 141, 191, 22, 197, 114, 230, 196, 156, 124, 229, 2, 32, 74, 85, 213, 46, 73, 52, 250, 113, 197, 221, 162, 85, 253, 240, 17, 122, 217, 139, 210, 166, 114, 162, 81, 81, 13, 58, 65, 170, 107, 8, 93, 251]), timeReceived: none())), closerPeers: [], providerPeers: [], providerStatus: none(), register: none(), getAds: none())" reply="(msgType: ok(putValue), key: ok(@[0, 37, 8, 2, 18, 33, 3, 149, 232, 160, 107, 204, 89, 116, 136, 87, 228, 139, 89, 24, 133, 71, 152, 55, 36, 172, 33, 189, 199, 156, 12, 210, 64, 241, 141, 219, 130, 221, 100]), record: ok((key: ok(@[0, 37, 8, 2, 18, 33, 3, 149, 232, 160, 107, 204, 89, 116, 136, 87, 228, 139, 89, 24, 133, 71, 152, 55, 36, 172, 33, 189, 199, 156, 12, 210, 64, 241, 141, 219, 130, 221, 100]), value: ok(@[10, 37, 8, 2, 18, 33, 3, 149, 232, 160, 107, 204, 89, 116, 136, 87, 228, 139, 89, 24, 133, 71, 152, 55, 36, 172, 33, 189, 199, 156, 12, 210, 64, 241, 141, 219, 130, 221, 100, 18, 2, 3, 1, 26, 72, 10, 39, 0, 37, 8, 2, 18, 33, 3, 149, 232, 160, 107, 204, 89, 116, 136, 87, 228, 139, 89, 24, 133, 71, 152, 55, 36, 172, 33, 189, 199, 156, 12, 210, 64, 241, 141, 219, 130, 221, 100, 16, 255, 226, 7, 26, 10, 10, 8, 4, 172, 20, 10, 14, 6, 255, 70, 26, 13, 10, 11, 4, 172, 20, 10, 14, 145, 2, 243, 126, 205, 3, 42, 70, 48, 68, 2, 32, 102, 50, 243, 45, 121, 232, 192, 101, 15, 43, 207, 242, 7, 75, 34, 104, 77, 32, 56, 3, 23, 245, 141, 191, 22, 197, 114, 230, 196, 156, 124, 229, 2, 32, 74, 85, 213, 46, 73, 52, 250, 113, 197, 221, 162, 85, 253, 240, 17, 122, 217, 139, 210, 166, 114, 162, 81, 81, 13, 58, 65, 170, 107, 8, 93, 251]), timeReceived: none())), closerPeers: [], providerPeers: [], providerStatus: none(), register: none(), getAds: none())" peer=16U*NSkuby
[2026-10-04 17:44:32.992] [out] [delivery_module] DBG 2026-10-04 17:44:32.992+02:00 Got PutValue reply                         topics="kad-dht put" tid=5880867 msg="(msgType: ok(putValue), key: ok(@[0, 37, 8, 2, 18, 33, 3, 149, 232, 160, 107, 204, 89, 116, 136, 87, 228, 139, 89, 24, 133, 71, 152, 55, 36, 172, 33, 189, 199, 156, 12, 210, 64, 241, 141, 219, 130, 221, 100]), record: ok((key: ok(@[0, 37, 8, 2, 18, 33, 3, 149, 232, 160, 107, 204, 89, 116, 136, 87, 228, 139, 89, 24, 133, 71, 152, 55, 36, 172, 33, 189, 199, 156, 12, 210, 64, 241, 141, 219, 130, 221, 100]), value: ok(@[10, 37, 8, 2, 18, 33, 3, 149, 232, 160, 107, 204, 89, 116, 136, 87, 228, 139, 89, 24, 133, 71, 152, 55, 36, 172, 33, 189, 199, 156, 12, 210, 64, 241, 141, 219, 130, 221, 100, 18, 2, 3, 1, 26, 72, 10, 39, 0, 37, 8, 2, 18, 33, 3, 149, 232, 160, 107, 204, 89, 116, 136, 87, 228, 139, 89, 24, 133, 71, 152, 55, 36, 172, 33, 189, 199, 156, 12, 210, 64, 241, 141, 219, 130, 221, 100, 16, 255, 226, 7, 26, 10, 10, 8, 4, 172, 20, 10, 14, 6, 255, 70, 26, 13, 10, 11, 4, 172, 20, 10, 14, 145, 2, 243, 126, 205, 3, 42, 70, 48, 68, 2, 32, 102, 50, 243, 45, 121, 232, 192, 101, 15, 43, 207, 242, 7, 75, 34, 104, 77, 32, 56, 3, 23, 245, 141, 191, 22, 197, 114, 230, 196, 156, 124, 229, 2, 32, 74, 85, 213, 46, 73, 52, 250, 113, 197, 221, 162, 85, 253, 240, 17, 122, 217, 139, 210, 166, 114, 162, 81, 81, 13, 58, 65, 170, 107, 8, 93, 251]), timeReceived: none())), closerPeers: [], providerPeers: [], providerStatus: none(), register: none(), getAds: none())" reply="(msgType: ok(putValue), key: ok(@[0, 37, 8, 2, 18, 33, 3, 149, 232, 160, 107, 204, 89, 116, 136, 87, 228, 139, 89, 24, 133, 71, 152, 55, 36, 172, 33, 189, 199, 156, 12, 210, 64, 241, 141, 219, 130, 221, 100]), record: ok((key: ok(@[0, 37, 8, 2, 18, 33, 3, 149, 232, 160, 107, 204, 89, 116, 136, 87, 228, 139, 89, 24, 133, 71, 152, 55, 36, 172, 33, 189, 199, 156, 12, 210, 64, 241, 141, 219, 130, 221, 100]), value: ok(@[10, 37, 8, 2, 18, 33, 3, 149, 232, 160, 107, 204, 89, 116, 136, 87, 228, 139, 89, 24, 133, 71, 152, 55, 36, 172, 33, 189, 199, 156, 12, 210, 64, 241, 141, 219, 130, 221, 100, 18, 2, 3, 1, 26, 72, 10, 39, 0, 37, 8, 2, 18, 33, 3, 149, 232, 160, 107, 204, 89, 116, 136, 87, 228, 139, 89, 24, 133, 71, 152, 55, 36, 172, 33, 189, 199, 156, 12, 210, 64, 241, 141, 219, 130, 221, 100, 16, 255, 226, 7, 26, 10, 10, 8, 4, 172, 20, 10, 14, 6, 255, 70, 26, 13, 10, 11, 4, 172, 20, 10, 14, 145, 2, 243, 126, 205, 3, 42, 70, 48, 68, 2, 32, 102, 50, 243, 45, 121, 232, 192, 101, 15, 43, 207, 242, 7, 75, 34, 104, 77, 32, 56, 3, 23, 245, 141, 191, 22, 197, 114, 230, 196, 156, 124, 229, 2, 32, 74, 85, 213, 46, 73, 52, 250, 113, 197, 221, 162, 85, 253, 240, 17, 122, 217, 139, 210, 166, 114, 162, 81, 81, 13, 58, 65, 170, 107, 8, 93, 251]), timeReceived: none())), closerPeers: [], providerPeers: [], providerStatus: none(), register: none(), getAds: none())" peer=16U*iSrhve
[2026-10-04 17:44:32.994] [out] [delivery_module] DBG 2026-10-04 17:44:32.994+02:00 Got PutValue reply                         topics="kad-dht put" tid=5880867 msg="(msgType: ok(putValue), key: ok(@[0, 37, 8, 2, 18, 33, 3, 149, 232, 160, 107, 204, 89, 116, 136, 87, 228, 139, 89, 24, 133, 71, 152, 55, 36, 172, 33, 189, 199, 156, 12, 210, 64, 241, 141, 219, 130, 221, 100]), record: ok((key: ok(@[0, 37, 8, 2, 18, 33, 3, 149, 232, 160, 107, 204, 89, 116, 136, 87, 228, 139, 89, 24, 133, 71, 152, 55, 36, 172, 33, 189, 199, 156, 12, 210, 64, 241, 141, 219, 130, 221, 100]), value: ok(@[10, 37, 8, 2, 18, 33, 3, 149, 232, 160, 107, 204, 89, 116, 136, 87, 228, 139, 89, 24, 133, 71, 152, 55, 36, 172, 33, 189, 199, 156, 12, 210, 64, 241, 141, 219, 130, 221, 100, 18, 2, 3, 1, 26, 72, 10, 39, 0, 37, 8, 2, 18, 33, 3, 149, 232, 160, 107, 204, 89, 116, 136, 87, 228, 139, 89, 24, 133, 71, 152, 55, 36, 172, 33, 189, 199, 156, 12, 210, 64, 241, 141, 219, 130, 221, 100, 16, 255, 226, 7, 26, 10, 10, 8, 4, 172, 20, 10, 14, 6, 255, 70, 26, 13, 10, 11, 4, 172, 20, 10, 14, 145, 2, 243, 126, 205, 3, 42, 70, 48, 68, 2, 32, 102, 50, 243, 45, 121, 232, 192, 101, 15, 43, 207, 242, 7, 75, 34, 104, 77, 32, 56, 3, 23, 245, 141, 191, 22, 197, 114, 230, 196, 156, 124, 229, 2, 32, 74, 85, 213, 46, 73, 52, 250, 113, 197, 221, 162, 85, 253, 240, 17, 122, 217, 139, 210, 166, 114, 162, 81, 81, 13, 58, 65, 170, 107, 8, 93, 251]), timeReceived: none())), closerPeers: [], providerPeers: [], providerStatus: none(), register: none(), getAds: none())" reply="(msgType: ok(putValue), key: ok(@[0, 37, 8, 2, 18, 33, 3, 149, 232, 160, 107, 204, 89, 116, 136, 87, 228, 139, 89, 24, 133, 71, 152, 55, 36, 172, 33, 189, 199, 156, 12, 210, 64, 241, 141, 219, 130, 221, 100]), record: ok((key: ok(@[0, 37, 8, 2, 18, 33, 3, 149, 232, 160, 107, 204, 89, 116, 136, 87, 228, 139, 89, 24, 133, 71, 152, 55, 36, 172, 33, 189, 199, 156, 12, 210, 64, 241, 141, 219, 130, 221, 100]), value: ok(@[10, 37, 8, 2, 18, 33, 3, 149, 232, 160, 107, 204, 89, 116, 136, 87, 228, 139, 89, 24, 133, 71, 152, 55, 36, 172, 33, 189, 199, 156, 12, 210, 64, 241, 141, 219, 130, 221, 100, 18, 2, 3, 1, 26, 72, 10, 39, 0, 37, 8, 2, 18, 33, 3, 149, 232, 160, 107, 204, 89, 116, 136, 87, 228, 139, 89, 24, 133, 71, 152, 55, 36, 172, 33, 189, 199, 156, 12, 210, 64, 241, 141, 219, 130, 221, 100, 16, 255, 226, 7, 26, 10, 10, 8, 4, 172, 20, 10, 14, 6, 255, 70, 26, 13, 10, 11, 4, 172, 20, 10, 14, 145, 2, 243, 126, 205, 3, 42, 70, 48, 68, 2, 32, 102, 50, 243, 45, 121, 232, 192, 101, 15, 43, 207, 242, 7, 75, 34, 104, 77, 32, 56, 3, 23, 245, 141, 191, 22, 197, 114, 230, 196, 156, 124, 229, 2, 32, 74, 85, 213, 46, 73, 52, 250, 113, 197, 221, 162, 85, 253, 240, 17, 122, 217, 139, 210, 166, 114, 162, 81, 81, 13, 58, 65, 170, 107, 8, 93, 251]), timeReceived: none())), closerPeers: [], providerPeers: [], providerStatus: none(), register: none(), getAds: none())" peer=16U*TwqBiH
[2026-10-04 17:44:32.994] [out] [delivery_module] DBG 2026-10-04 17:44:32.994+02:00 Got PutValue reply                         topics="kad-dht put" tid=5880867 msg="(msgType: ok(putValue), key: ok(@[0, 37, 8, 2, 18, 33, 3, 149, 232, 160, 107, 204, 89, 116, 136, 87, 228, 139, 89, 24, 133, 71, 152, 55, 36, 172, 33, 189, 199, 156, 12, 210, 64, 241, 141, 219, 130, 221, 100]), record: ok((key: ok(@[0, 37, 8, 2, 18, 33, 3, 149, 232, 160, 107, 204, 89, 116, 136, 87, 228, 139, 89, 24, 133, 71, 152, 55, 36, 172, 33, 189, 199, 156, 12, 210, 64, 241, 141, 219, 130, 221, 100]), value: ok(@[10, 37, 8, 2, 18, 33, 3, 149, 232, 160, 107, 204, 89, 116, 136, 87, 228, 139, 89, 24, 133, 71, 152, 55, 36, 172, 33, 189, 199, 156, 12, 210, 64, 241, 141, 219, 130, 221, 100, 18, 2, 3, 1, 26, 72, 10, 39, 0, 37, 8, 2, 18, 33, 3, 149, 232, 160, 107, 204, 89, 116, 136, 87, 228, 139, 89, 24, 133, 71, 152, 55, 36, 172, 33, 189, 199, 156, 12, 210, 64, 241, 141, 219, 130, 221, 100, 16, 255, 226, 7, 26, 10, 10, 8, 4, 172, 20, 10, 14, 6, 255, 70, 26, 13, 10, 11, 4, 172, 20, 10, 14, 145, 2, 243, 126, 205, 3, 42, 70, 48, 68, 2, 32, 102, 50, 243, 45, 121, 232, 192, 101, 15, 43, 207, 242, 7, 75, 34, 104, 77, 32, 56, 3, 23, 245, 141, 191, 22, 197, 114, 230, 196, 156, 124, 229, 2, 32, 74, 85, 213, 46, 73, 52, 250, 113, 197, 221, 162, 85, 253, 240, 17, 122, 217, 139, 210, 166, 114, 162, 81, 81, 13, 58, 65, 170, 107, 8, 93, 251]), timeReceived: none())), closerPeers: [], providerPeers: [], providerStatus: none(), register: none(), getAds: none())" reply="(msgType: ok(putValue), key: ok(@[0, 37, 8, 2, 18, 33, 3, 149, 232, 160, 107, 204, 89, 116, 136, 87, 228, 139, 89, 24, 133, 71, 152, 55, 36, 172, 33, 189, 199, 156, 12, 210, 64, 241, 141, 219, 130, 221, 100]), record: ok((key: ok(@[0, 37, 8, 2, 18, 33, 3, 149, 232, 160, 107, 204, 89, 116, 136, 87, 228, 139, 89, 24, 133, 71, 152, 55, 36, 172, 33, 189, 199, 156, 12, 210, 64, 241, 141, 219, 130, 221, 100]), value: ok(@[10, 37, 8, 2, 18, 33, 3, 149, 232, 160, 107, 204, 89, 116, 136, 87, 228, 139, 89, 24, 133, 71, 152, 55, 36, 172, 33, 189, 199, 156, 12, 210, 64, 241, 141, 219, 130, 221, 100, 18, 2, 3, 1, 26, 72, 10, 39, 0, 37, 8, 2, 18, 33, 3, 149, 232, 160, 107, 204, 89, 116, 136, 87, 228, 139, 89, 24, 133, 71, 152, 55, 36, 172, 33, 189, 199, 156, 12, 210, 64, 241, 141, 219, 130, 221, 100, 16, 255, 226, 7, 26, 10, 10, 8, 4, 172, 20, 10, 14, 6, 255, 70, 26, 13, 10, 11, 4, 172, 20, 10, 14, 145, 2, 243, 126, 205, 3, 42, 70, 48, 68, 2, 32, 102, 50, 243, 45, 121, 232, 192, 101, 15, 43, 207, 242, 7, 75, 34, 104, 77, 32, 56, 3, 23, 245, 141, 191, 22, 197, 114, 230, 196, 156, 124, 229, 2, 32, 74, 85, 213, 46, 73, 52, 250, 113, 197, 221, 162, 85, 253, 240, 17, 122, 217, 139, 210, 166, 114, 162, 81, 81, 13, 58, 65, 170, 107, 8, 93, 251]), timeReceived: none())), closerPeers: [], providerPeers: [], providerStatus: none(), register: none(), getAds: none())" peer=16U*P1S397
[2026-10-04 17:44:33.052] [out] [delivery_module] DBG 2026-10-04 17:44:33.052+02:00 Got PutValue reply                         topics="kad-dht put" tid=5880867 msg="(msgType: ok(putValue), key: ok(@[0, 37, 8, 2, 18, 33, 3, 149, 232, 160, 107, 204, 89, 116, 136, 87, 228, 139, 89, 24, 133, 71, 152, 55, 36, 172, 33, 189, 199, 156, 12, 210, 64, 241, 141, 219, 130, 221, 100]), record: ok((key: ok(@[0, 37, 8, 2, 18, 33, 3, 149, 232, 160, 107, 204, 89, 116, 136, 87, 228, 139, 89, 24, 133, 71, 152, 55, 36, 172, 33, 189, 199, 156, 12, 210, 64, 241, 141, 219, 130, 221, 100]), value: ok(@[10, 37, 8, 2, 18, 33, 3, 149, 232, 160, 107, 204, 89, 116, 136, 87, 228, 139, 89, 24, 133, 71, 152, 55, 36, 172, 33, 189, 199, 156, 12, 210, 64, 241, 141, 219, 130, 221, 100, 18, 2, 3, 1, 26, 72, 10, 39, 0, 37, 8, 2, 18, 33, 3, 149, 232, 160, 107, 204, 89, 116, 136, 87, 228, 139, 89, 24, 133, 71, 152, 55, 36, 172, 33, 189, 199, 156, 12, 210, 64, 241, 141, 219, 130, 221, 100, 16, 255, 226, 7, 26, 10, 10, 8, 4, 172, 20, 10, 14, 6, 255, 70, 26, 13, 10, 11, 4, 172, 20, 10, 14, 145, 2, 243, 126, 205, 3, 42, 70, 48, 68, 2, 32, 102, 50, 243, 45, 121, 232, 192, 101, 15, 43, 207, 242, 7, 75, 34, 104, 77, 32, 56, 3, 23, 245, 141, 191, 22, 197, 114, 230, 196, 156, 124, 229, 2, 32, 74, 85, 213, 46, 73, 52, 250, 113, 197, 221, 162, 85, 253, 240, 17, 122, 217, 139, 210, 166, 114, 162, 81, 81, 13, 58, 65, 170, 107, 8, 93, 251]), timeReceived: none())), closerPeers: [], providerPeers: [], providerStatus: none(), register: none(), getAds: none())" reply="(msgType: ok(putValue), key: ok(@[0, 37, 8, 2, 18, 33, 3, 149, 232, 160, 107, 204, 89, 116, 136, 87, 228, 139, 89, 24, 133, 71, 152, 55, 36, 172, 33, 189, 199, 156, 12, 210, 64, 241, 141, 219, 130, 221, 100]), record: ok((key: ok(@[0, 37, 8, 2, 18, 33, 3, 149, 232, 160, 107, 204, 89, 116, 136, 87, 228, 139, 89, 24, 133, 71, 152, 55, 36, 172, 33, 189, 199, 156, 12, 210, 64, 241, 141, 219, 130, 221, 100]), value: ok(@[10, 37, 8, 2, 18, 33, 3, 149, 232, 160, 107, 204, 89, 116, 136, 87, 228, 139, 89, 24, 133, 71, 152, 55, 36, 172, 33, 189, 199, 156, 12, 210, 64, 241, 141, 219, 130, 221, 100, 18, 2, 3, 1, 26, 72, 10, 39, 0, 37, 8, 2, 18, 33, 3, 149, 232, 160, 107, 204, 89, 116, 136, 87, 228, 139, 89, 24, 133, 71, 152, 55, 36, 172, 33, 189, 199, 156, 12, 210, 64, 241, 141, 219, 130, 221, 100, 16, 255, 226, 7, 26, 10, 10, 8, 4, 172, 20, 10, 14, 6, 255, 70, 26, 13, 10, 11, 4, 172, 20, 10, 14, 145, 2, 243, 126, 205, 3, 42, 70, 48, 68, 2, 32, 102, 50, 243, 45, 121, 232, 192, 101, 15, 43, 207, 242, 7, 75, 34, 104, 77, 32, 56, 3, 23, 245, 141, 191, 22, 197, 114, 230, 196, 156, 124, 229, 2, 32, 74, 85, 213, 46, 73, 52, 250, 113, 197, 221, 162, 85, 253, 240, 17, 122, 217, 139, 210, 166, 114, 162, 81, 81, 13, 58, 65, 170, 107, 8, 93, 251]), timeReceived: none())), closerPeers: [], providerPeers: [], providerStatus: none(), register: none(), getAds: none())" peer=16U*kGyuEP
[2026-10-04 17:44:33.053] [out] [delivery_module] DBG 2026-10-04 17:44:33.053+02:00 Got PutValue reply                         topics="kad-dht put" tid=5880867 msg="(msgType: ok(putValue), key: ok(@[0, 37, 8, 2, 18, 33, 3, 149, 232, 160, 107, 204, 89, 116, 136, 87, 228, 139, 89, 24, 133, 71, 152, 55, 36, 172, 33, 189, 199, 156, 12, 210, 64, 241, 141, 219, 130, 221, 100]), record: ok((key: ok(@[0, 37, 8, 2, 18, 33, 3, 149, 232, 160, 107, 204, 89, 116, 136, 87, 228, 139, 89, 24, 133, 71, 152, 55, 36, 172, 33, 189, 199, 156, 12, 210, 64, 241, 141, 219, 130, 221, 100]), value: ok(@[10, 37, 8, 2, 18, 33, 3, 149, 232, 160, 107, 204, 89, 116, 136, 87, 228, 139, 89, 24, 133, 71, 152, 55, 36, 172, 33, 189, 199, 156, 12, 210, 64, 241, 141, 219, 130, 221, 100, 18, 2, 3, 1, 26, 72, 10, 39, 0, 37, 8, 2, 18, 33, 3, 149, 232, 160, 107, 204, 89, 116, 136, 87, 228, 139, 89, 24, 133, 71, 152, 55, 36, 172, 33, 189, 199, 156, 12, 210, 64, 241, 141, 219, 130, 221, 100, 16, 255, 226, 7, 26, 10, 10, 8, 4, 172, 20, 10, 14, 6, 255, 70, 26, 13, 10, 11, 4, 172, 20, 10, 14, 145, 2, 243, 126, 205, 3, 42, 70, 48, 68, 2, 32, 102, 50, 243, 45, 121, 232, 192, 101, 15, 43, 207, 242, 7, 75, 34, 104, 77, 32, 56, 3, 23, 245, 141, 191, 22, 197, 114, 230, 196, 156, 124, 229, 2, 32, 74, 85, 213, 46, 73, 52, 250, 113, 197, 221, 162, 85, 253, 240, 17, 122, 217, 139, 210, 166, 114, 162, 81, 81, 13, 58, 65, 170, 107, 8, 93, 251]), timeReceived: none())), closerPeers: [], providerPeers: [], providerStatus: none(), register: none(), getAds: none())" reply="(msgType: ok(putValue), key: ok(@[0, 37, 8, 2, 18, 33, 3, 149, 232, 160, 107, 204, 89, 116, 136, 87, 228, 139, 89, 24, 133, 71, 152, 55, 36, 172, 33, 189, 199, 156, 12, 210, 64, 241, 141, 219, 130, 221, 100]), record: ok((key: ok(@[0, 37, 8, 2, 18, 33, 3, 149, 232, 160, 107, 204, 89, 116, 136, 87, 228, 139, 89, 24, 133, 71, 152, 55, 36, 172, 33, 189, 199, 156, 12, 210, 64, 241, 141, 219, 130, 221, 100]), value: ok(@[10, 37, 8, 2, 18, 33, 3, 149, 232, 160, 107, 204, 89, 116, 136, 87, 228, 139, 89, 24, 133, 71, 152, 55, 36, 172, 33, 189, 199, 156, 12, 210, 64, 241, 141, 219, 130, 221, 100, 18, 2, 3, 1, 26, 72, 10, 39, 0, 37, 8, 2, 18, 33, 3, 149, 232, 160, 107, 204, 89, 116, 136, 87, 228, 139, 89, 24, 133, 71, 152, 55, 36, 172, 33, 189, 199, 156, 12, 210, 64, 241, 141, 219, 130, 221, 100, 16, 255, 226, 7, 26, 10, 10, 8, 4, 172, 20, 10, 14, 6, 255, 70, 26, 13, 10, 11, 4, 172, 20, 10, 14, 145, 2, 243, 126, 205, 3, 42, 70, 48, 68, 2, 32, 102, 50, 243, 45, 121, 232, 192, 101, 15, 43, 207, 242, 7, 75, 34, 104, 77, 32, 56, 3, 23, 245, 141, 191, 22, 197, 114, 230, 196, 156, 124, 229, 2, 32, 74, 85, 213, 46, 73, 52, 250, 113, 197, 221, 162, 85, 253, 240, 17, 122, 217, 139, 210, 166, 114, 162, 81, 81, 13, 58, 65, 170, 107, 8, 93, 251]), timeReceived: none())), closerPeers: [], providerPeers: [], providerStatus: none(), register: none(), getAds: none())" peer=16U*T3UNSE
[2026-10-04 17:44:33.109] [out] [delivery_module] DBG 2026-10-04 17:44:33.109+02:00 Lookup query                               topics="kad-dht find" tid=5880867 peer=16U*VpJprH
[2026-10-04 17:44:33.109] [out] [delivery_module] DBG 2026-10-04 17:44:33.109+02:00 Kad lookup: RPC error                      topics="kad-dht find" tid=5880867 peer=16U*VpJprH msg="dialStage: timed out dialing the peer"
[2026-10-04 17:44:33.134] [info] [logos] [delivery_module] DeliveryModuleImpl::send called with contentTopic: /lp0026forum/1/general/text
[2026-10-04 17:44:33.134] [out] [delivery_module] DBG 2026-10-04 17:44:33.134+02:00 SendService.send: processing delivery task topics="send service" tid=5880867 requestId=a692e8cf4d7dafa379aa msgHash=0x9a59b55101f89e4861760cc9e6558ca6715f387366a249d127ecf02d5b09feb8
[2026-10-04 17:44:33.134] [info] [logos] [delivery_module] DeliveryModuleImpl: Send initiated for topic: /lp0026forum/1/general/text, with success, requestId: a692e8cf4d7dafa379aa
[2026-10-04 17:44:33.134] [out] [delivery_module] DBG 2026-10-04 17:44:33.134+02:00 Trying message delivery via Mix            topics="send service mix processor" tid=5880867 requestId=a692e8cf4d7dafa379aa msgHash=0x9a59b55101f89e4861760cc9e6558ca6715f387366a249d127ecf02d5b09feb8 tryCount=1
[2026-10-04 17:44:33.135] [out] [delivery_module] DBG 2026-10-04 17:44:33.135+02:00 Publishing message without RLN proof       tid=5880867
[2026-10-04 17:44:33.135] [out] [delivery_module] DBG 2026-10-04 17:44:33.135+02:00 Publishing message with lightpush          topics="waku node lightpush api" tid=5880867 pubsubTopic=/waku/2/rs/3/7 contentTopic=/lp0026forum/1/general/text target_peer_id=16U*NSkuby msg_hash=0x9a59b55101f89e4861760cc9e6558ca6715f387366a249d127ecf02d5b09feb8 mixify=true
[2026-10-04 17:44:33.135] [out] [delivery_module] DBG 2026-10-04 17:44:33.135+02:00 Publish                                    topics="waku lightpush client" tid=5880867 myPeerId=16U*Lqfd15 peerId= msgHash=0x9a59b55101f89e4861760cc9e6558ca6715f387366a249d127ecf02d5b09feb8 sentTime=1791128673135086080
[2026-10-04 17:44:33.135] [out] [delivery_module] DBG 2026-10-04 17:44:33.135+02:00 Destination data                           tid=5880867 destination=MixDestination[MixNode](16Uiu2HAmTUbnxLGT9JvV6mu9oPyDjqHK4Phs1VDJNUgESgNSkuby)
[2026-10-04 17:44:33.135] [out] [delivery_module] DBG 2026-10-04 17:44:33.135+02:00 Selected mix node:                         tid=5880867 indexInPath=0 peerId=16U*VpJprH
[2026-10-04 17:44:33.135] [out] [delivery_module] DBG 2026-10-04 17:44:33.135+02:00 Selected mix node:                         tid=5880867 indexInPath=1 peerId=16U*P1S397
[2026-10-04 17:44:33.135] [out] [delivery_module] DBG 2026-10-04 17:44:33.135+02:00 Selected mix node:                         tid=5880867 indexInPath=2 peerId=16U*NSkuby
[2026-10-04 17:44:33.135] [out] [delivery_module] DBG 2026-10-04 17:44:33.135+02:00 Selected mix node for surbs:               tid=5880867 indexInPath=0 peerId=16U*P1S397
[2026-10-04 17:44:33.135] [out] [delivery_module] DBG 2026-10-04 17:44:33.135+02:00 Selected mix node for surbs:               tid=5880867 indexInPath=1 peerId=16U*kGyuEP
[2026-10-04 17:44:33.181] [out] [delivery_module] DBG 2026-10-04 17:44:33.181+02:00 Dialing failed                             topics="libp2p dialer" tid=5880867 description="quic dial timed out after 3s" peerId=16U*2pfeoX address=/ip4/192.168.68.53/udp/16011/quic-v1 hostname=192.168.68.53
[2026-10-04 17:44:33.181] [out] [delivery_module] DBG 2026-10-04 17:44:33.181+02:00 Expanded address and hostname              topics="libp2p dialer" tid=5880867 expandedAddress=/ip4/192.168.68.53/tcp/27431 hostname=192.168.68.53 resolvedAddresses="[/ip4/192.168.68.53/tcp/27431]"
[2026-10-04 17:44:33.695] [out] [delivery_module] DBG 2026-10-04 17:44:33.695+02:00 Lookup query                               topics="kad-dht find" tid=5880867 peer=16U*VpJprH
[2026-10-04 17:44:33.695] [out] [delivery_module] DBG 2026-10-04 17:44:33.695+02:00 Lookup query                               topics="kad-dht find" tid=5880867 peer=16U*VpJprH
[2026-10-04 17:44:33.695] [out] [delivery_module] DBG 2026-10-04 17:44:33.695+02:00 Kad lookup: RPC error                      topics="kad-dht find" tid=5880867 peer=16U*VpJprH msg="waitStage: timed out waiting for the peer's stream"
[2026-10-04 17:44:33.695] [out] [delivery_module] DBG 2026-10-04 17:44:33.695+02:00 Lookup query                               topics="kad-dht find" tid=5880867 peer=16U*VpJprH
[2026-10-04 17:44:33.695] [out] [delivery_module] DBG 2026-10-04 17:44:33.695+02:00 Kad lookup: RPC error                      topics="kad-dht find" tid=5880867 peer=16U*VpJprH msg="dialStage: timed out dialing the peer"
[2026-10-04 17:44:33.695] [out] [delivery_module] DBG 2026-10-04 17:44:33.695+02:00 Kad lookup: RPC error                      topics="kad-dht find" tid=5880867 peer=16U*VpJprH msg="waitStage: timed out before dialing"
[2026-10-04 17:44:36.138] [info] [logos] [delivery_module] DeliveryModuleImpl::send called with contentTopic: /lp0026forum/1/general/text
[2026-10-04 17:44:36.138] [out] [delivery_module] DBG 2026-10-04 17:44:36.138+02:00 SendService.send: processing delivery task topics="send service" tid=5880867 requestId=c4c7e8bf92670d6ef133 msgHash=0x29a6f8686e54230b2bc0b60877e4ee8de7435fbf886f40d28142b69e914b16c2
[2026-10-04 17:44:36.138] [info] [logos] [delivery_module] DeliveryModuleImpl: Send initiated for topic: /lp0026forum/1/general/text, with success, requestId: c4c7e8bf92670d6ef133
[2026-10-04 17:44:36.139] [out] [delivery_module] DBG 2026-10-04 17:44:36.139+02:00 Trying message delivery via Mix            topics="send service mix processor" tid=5880867 requestId=c4c7e8bf92670d6ef133 msgHash=0x29a6f8686e54230b2bc0b60877e4ee8de7435fbf886f40d28142b69e914b16c2 tryCount=1
[2026-10-04 17:44:36.139] [out] [delivery_module] DBG 2026-10-04 17:44:36.139+02:00 Publishing message without RLN proof       tid=5880867
[2026-10-04 17:44:36.139] [out] [delivery_module] DBG 2026-10-04 17:44:36.139+02:00 Publishing message with lightpush          topics="waku node lightpush api" tid=5880867 pubsubTopic=/waku/2/rs/3/7 contentTopic=/lp0026forum/1/general/text target_peer_id=16U*P1S397 msg_hash=0x29a6f8686e54230b2bc0b60877e4ee8de7435fbf886f40d28142b69e914b16c2 mixify=true
[2026-10-04 17:44:36.139] [out] [delivery_module] DBG 2026-10-04 17:44:36.139+02:00 Publish                                    topics="waku lightpush client" tid=5880867 myPeerId=16U*Lqfd15 peerId= msgHash=0x29a6f8686e54230b2bc0b60877e4ee8de7435fbf886f40d28142b69e914b16c2 sentTime=1791128676139451136
[2026-10-04 17:44:36.139] [out] [delivery_module] DBG 2026-10-04 17:44:36.139+02:00 Destination data                           tid=5880867 destination=MixDestination[MixNode](16Uiu2HAm4S1JYkuzDKLKQvwgAhZKs9otxXqt8SCGtB4hoJP1S397)
[2026-10-04 17:44:36.139] [out] [delivery_module] DBG 2026-10-04 17:44:36.139+02:00 Selected mix node:                         tid=5880867 indexInPath=0 peerId=16U*kGyuEP
[2026-10-04 17:44:36.139] [out] [delivery_module] DBG 2026-10-04 17:44:36.139+02:00 Selected mix node:                         tid=5880867 indexInPath=1 peerId=16U*VpJprH
[2026-10-04 17:44:36.139] [out] [delivery_module] DBG 2026-10-04 17:44:36.139+02:00 Selected mix node:                         tid=5880867 indexInPath=2 peerId=16U*P1S397
[2026-10-04 17:44:36.139] [out] [delivery_module] DBG 2026-10-04 17:44:36.139+02:00 Selected mix node for surbs:               tid=5880867 indexInPath=0 peerId=16U*TwqBiH
[2026-10-04 17:44:36.139] [out] [delivery_module] DBG 2026-10-04 17:44:36.139+02:00 Selected mix node for surbs:               tid=5880867 indexInPath=1 peerId=16U*NSkuby
[2026-10-04 17:44:37.720] [out] [delivery_module] DBG 2026-10-04 17:44:37.720+02:00 Lookup query                               topics="kad-dht find" tid=5880867 peer=16U*VpJprH
[2026-10-04 17:44:37.720] [out] [delivery_module] DBG 2026-10-04 17:44:37.720+02:00 Kad lookup: RPC error                      topics="kad-dht find" tid=5880867 peer=16U*VpJprH msg="dialStage: timed out dialing the peer"
[2026-10-04 17:44:38.111] [out] [delivery_module] DBG 2026-10-04 17:44:38.111+02:00 Lookup query                               topics="kad-dht find" tid=5880867 peer=16U*VpJprH
[2026-10-04 17:44:38.112] [out] [delivery_module] DBG 2026-10-04 17:44:38.112+02:00 Kad lookup: RPC error                      topics="kad-dht find" tid=5880867 peer=16U*VpJprH msg="dialStage: timed out dialing the peer"
[2026-10-04 17:44:38.137] [out] [delivery_module] DBG 2026-10-04 17:44:38.137+02:00 Mix lightpush timed out                    topics="waku node lightpush api" tid=5880867 pubsubTopic=/waku/2/rs/3/7 timeout=5s
[2026-10-04 17:44:38.137] [out] [delivery_module] DBG 2026-10-04 17:44:38.137+02:00 MixSendProcessor.sendImpl failed           topics="send service mix processor" tid=5880867 error="Waku lightpush over mix timed out"
[2026-10-04 17:44:38.697] [out] [delivery_module] DBG 2026-10-04 17:44:38.697+02:00 Lookup query                               topics="kad-dht find" tid=5880867 peer=16U*VpJprH
[2026-10-04 17:44:38.697] [out] [delivery_module] DBG 2026-10-04 17:44:38.697+02:00 Lookup query                               topics="kad-dht find" tid=5880867 peer=16U*VpJprH
[2026-10-04 17:44:38.698] [out] [delivery_module] DBG 2026-10-04 17:44:38.698+02:00 Lookup query                               topics="kad-dht find" tid=5880867 peer=16U*VpJprH
[2026-10-04 17:44:38.698] [out] [delivery_module] DBG 2026-10-04 17:44:38.698+02:00 Kad lookup: RPC error                      topics="kad-dht find" tid=5880867 peer=16U*VpJprH msg="waitStage: timed out waiting for the peer's stream"
[2026-10-04 17:44:38.698] [out] [delivery_module] DBG 2026-10-04 17:44:38.698+02:00 Kad lookup: RPC error                      topics="kad-dht find" tid=5880867 peer=16U*VpJprH msg="waitStage: timed out waiting for the peer's stream"
[2026-10-04 17:44:38.698] [out] [delivery_module] DBG 2026-10-04 17:44:38.698+02:00 Kad lookup: RPC error                      topics="kad-dht find" tid=5880867 peer=16U*VpJprH msg="dialStage: timed out dialing the peer"
[2026-10-04 17:44:38.766] [out] [delivery_module] DBG 2026-10-04 17:44:38.766+02:00 Trying message delivery via Mix            topics="send service mix processor" tid=5880867 requestId=a692e8cf4d7dafa379aa msgHash=0x9a59b55101f89e4861760cc9e6558ca6715f387366a249d127ecf02d5b09feb8 tryCount=2
[2026-10-04 17:44:38.767] [out] [delivery_module] DBG 2026-10-04 17:44:38.767+02:00 Publishing message without RLN proof       tid=5880867
[2026-10-04 17:44:38.767] [out] [delivery_module] DBG 2026-10-04 17:44:38.767+02:00 Publishing message with lightpush          topics="waku node lightpush api" tid=5880867 pubsubTopic=/waku/2/rs/3/7 contentTopic=/lp0026forum/1/general/text target_peer_id=16U*T3UNSE msg_hash=0x9a59b55101f89e4861760cc9e6558ca6715f387366a249d127ecf02d5b09feb8 mixify=true
[2026-10-04 17:44:38.767] [out] [delivery_module] DBG 2026-10-04 17:44:38.767+02:00 Publish                                    topics="waku lightpush client" tid=5880867 myPeerId=16U*Lqfd15 peerId= msgHash=0x9a59b55101f89e4861760cc9e6558ca6715f387366a249d127ecf02d5b09feb8 sentTime=1791128678767251968
[2026-10-04 17:44:38.767] [out] [delivery_module] DBG 2026-10-04 17:44:38.767+02:00 Destination data                           tid=5880867 destination=MixDestination[MixNode](16Uiu2HAkvwhGHKNry6LACrB8TmEFoCJKEX29XR5dDUzk3UT3UNSE)
[2026-10-04 17:44:38.767] [out] [delivery_module] DBG 2026-10-04 17:44:38.767+02:00 Selected mix node:                         tid=5880867 indexInPath=0 peerId=16U*NSkuby
[2026-10-04 17:44:38.767] [out] [delivery_module] DBG 2026-10-04 17:44:38.767+02:00 Selected mix node:                         tid=5880867 indexInPath=1 peerId=16U*kGyuEP
[2026-10-04 17:44:38.767] [out] [delivery_module] DBG 2026-10-04 17:44:38.767+02:00 Selected mix node:                         tid=5880867 indexInPath=2 peerId=16U*T3UNSE
[2026-10-04 17:44:38.767] [out] [delivery_module] DBG 2026-10-04 17:44:38.767+02:00 Selected mix node for surbs:               tid=5880867 indexInPath=0 peerId=16U*P1S397
[2026-10-04 17:44:38.767] [out] [delivery_module] DBG 2026-10-04 17:44:38.767+02:00 Selected mix node for surbs:               tid=5880867 indexInPath=1 peerId=16U*VpJprH
[2026-10-04 17:44:39.596] [out] [delivery_module] INF 2026-10-04 17:44:39.596+02:00 Message received                           tid=5880867 msg_hash=0x9a59b55101f89e4861760cc9e6558ca6715f387366a249d127ecf02d5b09feb8 contentTopic=/lp0026forum/1/general/text pubsubTopic=/waku/2/rs/3/7 source=live
[2026-10-04 17:44:41.144] [out] [delivery_module] DBG 2026-10-04 17:44:41.143+02:00 Mix lightpush timed out                    topics="waku node lightpush api" tid=5880867 pubsubTopic=/waku/2/rs/3/7 timeout=5s
[2026-10-04 17:44:41.144] [out] [delivery_module] DBG 2026-10-04 17:44:41.144+02:00 MixSendProcessor.sendImpl failed           topics="send service mix processor" tid=5880867 error="Waku lightpush over mix timed out"
[2026-10-04 17:44:41.465] [out] [delivery_module] DBG 2026-10-04 17:44:41.465+02:00 calculateConnectionState                   tid=5880867 relayCount=6 storeClientCount=5 lightpushCount=6 filterCount=6
[2026-10-04 17:44:42.723] [out] [delivery_module] DBG 2026-10-04 17:44:42.723+02:00 Kad lookup: RPC error                      topics="kad-dht find" tid=5880867 peer=16U*VpJprH msg="dialStage: timed out dialing the peer"
[2026-10-04 17:44:42.723] [out] [delivery_module] DBG 2026-10-04 17:44:42.723+02:00 Lookup query                               topics="kad-dht find" tid=5880867 peer=16U*iSrhve
[2026-10-04 17:44:42.724] [out] [delivery_module] DBG 2026-10-04 17:44:42.724+02:00 Lookup query                               topics="kad-dht find" tid=5880867 peer=16U*NSkuby
[2026-10-04 17:44:42.724] [out] [delivery_module] DBG 2026-10-04 17:44:42.724+02:00 Lookup query                               topics="kad-dht find" tid=5880867 peer=16U*TwqBiH
[2026-10-04 17:44:42.724] [out] [delivery_module] DBG 2026-10-04 17:44:42.724+02:00 Lookup query                               topics="kad-dht find" tid=5880867 peer=16U*T3UNSE
[2026-10-04 17:44:42.724] [out] [delivery_module] DBG 2026-10-04 17:44:42.724+02:00 Lookup query                               topics="kad-dht find" tid=5880867 peer=16U*P1S397
[2026-10-04 17:44:42.724] [out] [delivery_module] DBG 2026-10-04 17:44:42.724+02:00 Lookup query                               topics="kad-dht find" tid=5880867 peer=16U*VpJprH
[2026-10-04 17:44:42.724] [out] [delivery_module] DBG 2026-10-04 17:44:42.724+02:00 Lookup query                               topics="kad-dht find" tid=5880867 peer=16U*kGyuEP
[2026-10-04 17:44:42.724] [out] [delivery_module] DBG 2026-10-04 17:44:42.724+02:00 Lookup query                               topics="kad-dht find" tid=5880867 peer=16U*kGyuEP
[2026-10-04 17:44:42.724] [out] [delivery_module] DBG 2026-10-04 17:44:42.724+02:00 Lookup query                               topics="kad-dht find" tid=5880867 peer=16U*T3UNSE
[2026-10-04 17:44:42.725] [out] [delivery_module] DBG 2026-10-04 17:44:42.724+02:00 Lookup query                               topics="kad-dht find" tid=5880867 peer=16U*P1S397
[2026-10-04 17:44:42.725] [out] [delivery_module] DBG 2026-10-04 17:44:42.725+02:00 Lookup query                               topics="kad-dht find" tid=5880867 peer=16U*VpJprH
[2026-10-04 17:44:42.725] [out] [delivery_module] DBG 2026-10-04 17:44:42.725+02:00 Lookup query                               topics="kad-dht find" tid=5880867 peer=16U*TwqBiH
[2026-10-04 17:44:42.725] [out] [delivery_module] DBG 2026-10-04 17:44:42.725+02:00 Lookup query                               topics="kad-dht find" tid=5880867 peer=16U*iSrhve
[2026-10-04 17:44:42.725] [out] [delivery_module] DBG 2026-10-04 17:44:42.725+02:00 Lookup query                               topics="kad-dht find" tid=5880867 peer=16U*NSkuby
[2026-10-04 17:44:42.725] [out] [delivery_module] DBG 2026-10-04 17:44:42.725+02:00 Lookup query                               topics="kad-dht find" tid=5880867 peer=16U*VpJprH
[2026-10-04 17:44:42.725] [out] [delivery_module] DBG 2026-10-04 17:44:42.725+02:00 Lookup query                               topics="kad-dht find" tid=5880867 peer=16U*P1S397
[2026-10-04 17:44:42.725] [out] [delivery_module] DBG 2026-10-04 17:44:42.725+02:00 Lookup query                               topics="kad-dht find" tid=5880867 peer=16U*T3UNSE
[2026-10-04 17:44:42.725] [out] [delivery_module] DBG 2026-10-04 17:44:42.725+02:00 Lookup query                               topics="kad-dht find" tid=5880867 peer=16U*kGyuEP
[2026-10-04 17:44:42.725] [out] [delivery_module] DBG 2026-10-04 17:44:42.725+02:00 Lookup query                               topics="kad-dht find" tid=5880867 peer=16U*iSrhve
[2026-10-04 17:44:42.725] [out] [delivery_module] DBG 2026-10-04 17:44:42.725+02:00 Lookup query                               topics="kad-dht find" tid=5880867 peer=16U*NSkuby
[2026-10-04 17:44:42.725] [out] [delivery_module] DBG 2026-10-04 17:44:42.725+02:00 Lookup query                               topics="kad-dht find" tid=5880867 peer=16U*TwqBiH
[2026-10-04 17:44:42.725] [out] [delivery_module] DBG 2026-10-04 17:44:42.725+02:00 Lookup query                               topics="kad-dht find" tid=5880867 peer=16U*P1S397
[2026-10-04 17:44:42.726] [out] [delivery_module] DBG 2026-10-04 17:44:42.726+02:00 Lookup query                               topics="kad-dht find" tid=5880867 peer=16U*T3UNSE
[2026-10-04 17:44:42.726] [out] [delivery_module] DBG 2026-10-04 17:44:42.726+02:00 Lookup query                               topics="kad-dht find" tid=5880867 peer=16U*VpJprH
[2026-10-04 17:44:42.726] [out] [delivery_module] DBG 2026-10-04 17:44:42.726+02:00 Lookup query                               topics="kad-dht find" tid=5880867 peer=16U*kGyuEP
[2026-10-04 17:44:42.726] [out] [delivery_module] DBG 2026-10-04 17:44:42.726+02:00 Lookup query                               topics="kad-dht find" tid=5880867 peer=16U*iSrhve
[2026-10-04 17:44:42.726] [out] [delivery_module] DBG 2026-10-04 17:44:42.726+02:00 Lookup query                               topics="kad-dht find" tid=5880867 peer=16U*NSkuby
[2026-10-04 17:44:42.726] [out] [delivery_module] DBG 2026-10-04 17:44:42.726+02:00 Lookup query                               topics="kad-dht find" tid=5880867 peer=16U*TwqBiH
[2026-10-04 17:44:43.113] [out] [delivery_module] DBG 2026-10-04 17:44:43.113+02:00 Kad lookup: RPC error                      topics="kad-dht find" tid=5880867 peer=16U*VpJprH msg="dialStage: timed out dialing the peer"
[2026-10-04 17:44:43.114] [out] [delivery_module] DBG 2026-10-04 17:44:43.114+02:00 Lookup query                               topics="kad-dht find" tid=5880867 peer=16U*TwqBiH
[2026-10-04 17:44:43.114] [out] [delivery_module] DBG 2026-10-04 17:44:43.114+02:00 Lookup query                               topics="kad-dht find" tid=5880867 peer=16U*NSkuby
[2026-10-04 17:44:43.114] [out] [delivery_module] DBG 2026-10-04 17:44:43.114+02:00 Lookup query                               topics="kad-dht find" tid=5880867 peer=16U*iSrhve
[2026-10-04 17:44:43.114] [out] [delivery_module] DBG 2026-10-04 17:44:43.114+02:00 Lookup query                               topics="kad-dht find" tid=5880867 peer=16U*kGyuEP
[2026-10-04 17:44:43.114] [out] [delivery_module] DBG 2026-10-04 17:44:43.114+02:00 Lookup query                               topics="kad-dht find" tid=5880867 peer=16U*VpJprH
[2026-10-04 17:44:43.115] [out] [delivery_module] DBG 2026-10-04 17:44:43.114+02:00 Lookup query                               topics="kad-dht find" tid=5880867 peer=16U*T3UNSE
[2026-10-04 17:44:43.115] [out] [delivery_module] DBG 2026-10-04 17:44:43.115+02:00 Lookup query                               topics="kad-dht find" tid=5880867 peer=16U*P1S397
[2026-10-04 17:44:43.115] [out] [delivery_module] DBG 2026-10-04 17:44:43.115+02:00 Lookup query                               topics="kad-dht find" tid=5880867 peer=16U*VpJprH
[2026-10-04 17:44:43.115] [out] [delivery_module] DBG 2026-10-04 17:44:43.115+02:00 Lookup query                               topics="kad-dht find" tid=5880867 peer=16U*P1S397
[2026-10-04 17:44:43.115] [out] [delivery_module] DBG 2026-10-04 17:44:43.115+02:00 Lookup query                               topics="kad-dht find" tid=5880867 peer=16U*T3UNSE
[2026-10-04 17:44:43.115] [out] [delivery_module] DBG 2026-10-04 17:44:43.115+02:00 Lookup query                               topics="kad-dht find" tid=5880867 peer=16U*kGyuEP
[2026-10-04 17:44:43.115] [out] [delivery_module] DBG 2026-10-04 17:44:43.115+02:00 Lookup query                               topics="kad-dht find" tid=5880867 peer=16U*iSrhve
[2026-10-04 17:44:43.115] [out] [delivery_module] DBG 2026-10-04 17:44:43.115+02:00 Lookup query                               topics="kad-dht find" tid=5880867 peer=16U*NSkuby
[2026-10-04 17:44:43.115] [out] [delivery_module] DBG 2026-10-04 17:44:43.115+02:00 Lookup query                               topics="kad-dht find" tid=5880867 peer=16U*TwqBiH
[2026-10-04 17:44:43.115] [out] [delivery_module] DBG 2026-10-04 17:44:43.115+02:00 Lookup query                               topics="kad-dht find" tid=5880867 peer=16U*kGyuEP
[2026-10-04 17:44:43.115] [out] [delivery_module] DBG 2026-10-04 17:44:43.115+02:00 Lookup query                               topics="kad-dht find" tid=5880867 peer=16U*P1S397
[2026-10-04 17:44:43.116] [out] [delivery_module] DBG 2026-10-04 17:44:43.115+02:00 Lookup query                               topics="kad-dht find" tid=5880867 peer=16U*T3UNSE
[2026-10-04 17:44:43.116] [out] [delivery_module] DBG 2026-10-04 17:44:43.116+02:00 Lookup query                               topics="kad-dht find" tid=5880867 peer=16U*VpJprH
[2026-10-04 17:44:43.116] [out] [delivery_module] DBG 2026-10-04 17:44:43.116+02:00 Lookup query                               topics="kad-dht find" tid=5880867 peer=16U*TwqBiH
[2026-10-04 17:44:43.116] [out] [delivery_module] DBG 2026-10-04 17:44:43.116+02:00 Lookup query                               topics="kad-dht find" tid=5880867 peer=16U*iSrhve
[2026-10-04 17:44:43.116] [out] [delivery_module] DBG 2026-10-04 17:44:43.116+02:00 Lookup query                               topics="kad-dht find" tid=5880867 peer=16U*NSkuby
[2026-10-04 17:44:43.699] [out] [delivery_module] DBG 2026-10-04 17:44:43.699+02:00 Lookup query                               topics="kad-dht find" tid=5880867 peer=16U*VpJprH
[2026-10-04 17:44:43.700] [out] [delivery_module] DBG 2026-10-04 17:44:43.700+02:00 Lookup query                               topics="kad-dht find" tid=5880867 peer=16U*VpJprH
[2026-10-04 17:44:43.701] [out] [delivery_module] DBG 2026-10-04 17:44:43.701+02:00 Lookup query                               topics="kad-dht find" tid=5880867 peer=16U*VpJprH
[2026-10-04 17:44:43.701] [out] [delivery_module] DBG 2026-10-04 17:44:43.701+02:00 Kad lookup: RPC error                      topics="kad-dht find" tid=5880867 peer=16U*VpJprH msg="waitStage: timed out waiting for the peer's stream"
[2026-10-04 17:44:43.701] [out] [delivery_module] DBG 2026-10-04 17:44:43.701+02:00 Kad lookup: RPC error                      topics="kad-dht find" tid=5880867 peer=16U*VpJprH msg="waitStage: timed out waiting for the peer's stream"
[2026-10-04 17:44:43.701] [out] [delivery_module] DBG 2026-10-04 17:44:43.701+02:00 Kad lookup: RPC error                      topics="kad-dht find" tid=5880867 peer=16U*VpJprH msg="dialStage: timed out dialing the peer"
[2026-10-04 17:44:43.774] [out] [delivery_module] DBG 2026-10-04 17:44:43.774+02:00 Mix lightpush timed out                    topics="waku node lightpush api" tid=5880867 pubsubTopic=/waku/2/rs/3/7 timeout=5s
[2026-10-04 17:44:43.774] [out] [delivery_module] DBG 2026-10-04 17:44:43.774+02:00 MixSendProcessor.sendImpl failed           topics="send service mix processor" tid=5880867 error="Waku lightpush over mix timed out"
[2026-10-04 17:44:44.322] [out] [delivery_module] DBG 2026-10-04 17:44:44.322+02:00 dialMe answer is not reachable             topics="libp2p autonatservice" tid=5880867 description="Peer could not dial us back: Dial timeout" peerId=16Uiu2HAm8Y9kgBNtjxvCnf1X6gnZJW5EGE4UwwCL3CCm55TwqBiH
[2026-10-04 17:44:44.322] [out] [delivery_module] DBG 2026-10-04 17:44:44.322+02:00 Current status                             topics="libp2p autonatservice" tid=5880867 currentStats=Unknown confidence=none() answers=[NotReachable]
[2026-10-04 17:44:44.776] [out] [delivery_module] DBG 2026-10-04 17:44:44.776+02:00 Trying message delivery via Mix            topics="send service mix processor" tid=5880867 requestId=a692e8cf4d7dafa379aa msgHash=0x9a59b55101f89e4861760cc9e6558ca6715f387366a249d127ecf02d5b09feb8 tryCount=3
[2026-10-04 17:44:44.776] [out] [delivery_module] DBG 2026-10-04 17:44:44.776+02:00 Publishing message without RLN proof       tid=5880867
[2026-10-04 17:44:44.776] [out] [delivery_module] DBG 2026-10-04 17:44:44.776+02:00 Publishing message with lightpush          topics="waku node lightpush api" tid=5880867 pubsubTopic=/waku/2/rs/3/7 contentTopic=/lp0026forum/1/general/text target_peer_id=16U*T3UNSE msg_hash=0x9a59b55101f89e4861760cc9e6558ca6715f387366a249d127ecf02d5b09feb8 mixify=true
[2026-10-04 17:44:44.776] [out] [delivery_module] DBG 2026-10-04 17:44:44.776+02:00 Publish                                    topics="waku lightpush client" tid=5880867 myPeerId=16U*Lqfd15 peerId= msgHash=0x9a59b55101f89e4861760cc9e6558ca6715f387366a249d127ecf02d5b09feb8 sentTime=1791128684776269824
[2026-10-04 17:44:44.776] [out] [delivery_module] DBG 2026-10-04 17:44:44.776+02:00 Destination data                           tid=5880867 destination=MixDestination[MixNode](16Uiu2HAkvwhGHKNry6LACrB8TmEFoCJKEX29XR5dDUzk3UT3UNSE)
[2026-10-04 17:44:44.776] [out] [delivery_module] DBG 2026-10-04 17:44:44.776+02:00 Selected mix node:                         tid=5880867 indexInPath=0 peerId=16U*P1S397
[2026-10-04 17:44:44.776] [out] [delivery_module] DBG 2026-10-04 17:44:44.776+02:00 Selected mix node:                         tid=5880867 indexInPath=1 peerId=16U*TwqBiH
[2026-10-04 17:44:44.776] [out] [delivery_module] DBG 2026-10-04 17:44:44.776+02:00 Selected mix node:                         tid=5880867 indexInPath=2 peerId=16U*T3UNSE
[2026-10-04 17:44:44.776] [out] [delivery_module] DBG 2026-10-04 17:44:44.776+02:00 Selected mix node for surbs:               tid=5880867 indexInPath=0 peerId=16U*NSkuby
[2026-10-04 17:44:44.776] [out] [delivery_module] DBG 2026-10-04 17:44:44.776+02:00 Selected mix node for surbs:               tid=5880867 indexInPath=1 peerId=16U*kGyuEP
[2026-10-04 17:44:44.778] [out] [delivery_module] DBG 2026-10-04 17:44:44.778+02:00 Trying message delivery via Mix            topics="send service mix processor" tid=5880867 requestId=c4c7e8bf92670d6ef133 msgHash=0x29a6f8686e54230b2bc0b60877e4ee8de7435fbf886f40d28142b69e914b16c2 tryCount=2
[2026-10-04 17:44:44.778] [out] [delivery_module] DBG 2026-10-04 17:44:44.778+02:00 Publishing message without RLN proof       tid=5880867
[2026-10-04 17:44:44.778] [out] [delivery_module] DBG 2026-10-04 17:44:44.778+02:00 Publishing message with lightpush          topics="waku node lightpush api" tid=5880867 pubsubTopic=/waku/2/rs/3/7 contentTopic=/lp0026forum/1/general/text target_peer_id=16U*NSkuby msg_hash=0x29a6f8686e54230b2bc0b60877e4ee8de7435fbf886f40d28142b69e914b16c2 mixify=true
[2026-10-04 17:44:44.778] [out] [delivery_module] DBG 2026-10-04 17:44:44.778+02:00 Publish                                    topics="waku lightpush client" tid=5880867 myPeerId=16U*Lqfd15 peerId= msgHash=0x29a6f8686e54230b2bc0b60877e4ee8de7435fbf886f40d28142b69e914b16c2 sentTime=1791128684778493952
[2026-10-04 17:44:44.778] [out] [delivery_module] DBG 2026-10-04 17:44:44.778+02:00 Destination data                           tid=5880867 destination=MixDestination[MixNode](16Uiu2HAmTUbnxLGT9JvV6mu9oPyDjqHK4Phs1VDJNUgESgNSkuby)
[2026-10-04 17:44:44.778] [out] [delivery_module] DBG 2026-10-04 17:44:44.778+02:00 Selected mix node:                         tid=5880867 indexInPath=0 peerId=16U*TwqBiH
[2026-10-04 17:44:44.778] [out] [delivery_module] DBG 2026-10-04 17:44:44.778+02:00 Selected mix node:                         tid=5880867 indexInPath=1 peerId=16U*P1S397
[2026-10-04 17:44:44.778] [out] [delivery_module] DBG 2026-10-04 17:44:44.778+02:00 Selected mix node:                         tid=5880867 indexInPath=2 peerId=16U*NSkuby
[2026-10-04 17:44:44.778] [out] [delivery_module] DBG 2026-10-04 17:44:44.778+02:00 Selected mix node for surbs:               tid=5880867 indexInPath=0 peerId=16U*T3UNSE
[2026-10-04 17:44:44.778] [out] [delivery_module] DBG 2026-10-04 17:44:44.778+02:00 Selected mix node for surbs:               tid=5880867 indexInPath=1 peerId=16U*P1S397
[2026-10-04 17:44:45.623] [out] [delivery_module] INF 2026-10-04 17:44:45.623+02:00 Message received                           tid=5880867 msg_hash=0x29a6f8686e54230b2bc0b60877e4ee8de7435fbf886f40d28142b69e914b16c2 contentTopic=/lp0026forum/1/general/text pubsubTopic=/waku/2/rs/3/7 source=live
[2026-10-04 17:44:46.325] [out] [delivery_module] WRN 2026-10-04 17:44:46.325+02:00 NAT port mapping failed                    topics="libp2p natservice" tid=5880867 port=65350 proto=mpTcp err="plum: mapping 0 failed"
[2026-10-04 17:44:46.371] [out] [delivery_module] DBG 2026-10-04 17:44:46.370+02:00 Message propagated via Mix                 topics="send service mix processor" tid=5880867 requestId=c4c7e8bf92670d6ef133 msgHash=0x29a6f8686e54230b2bc0b60877e4ee8de7435fbf886f40d28142b69e914b16c2
[2026-10-04 17:44:46.577] [out] [delivery_module] DBG 2026-10-04 17:44:46.576+02:00 MixSendProcessor.sendImpl failed           topics="send service mix processor" tid=5880867 error="No peers for topic, skipping publish"
[2026-10-04 17:44:46.577] [out] [delivery_module] INF 2026-10-04 17:44:46.577+02:00 Message successfully propagated            topics="send service" tid=5880867 requestId=c4c7e8bf92670d6ef133 msgHash=withheld
[2026-10-04 17:44:46.577] [out] [delivery_module] INF 2026-10-04 17:44:46.577+02:00 Message successfully sent over mix         topics="send service" tid=5880867 requestId=c4c7e8bf92670d6ef133
[2026-10-04 17:44:47.579] [out] [delivery_module] DBG 2026-10-04 17:44:47.579+02:00 Trying message delivery via Mix            topics="send service mix processor" tid=5880867 requestId=a692e8cf4d7dafa379aa msgHash=0x9a59b55101f89e4861760cc9e6558ca6715f387366a249d127ecf02d5b09feb8 tryCount=4
[2026-10-04 17:44:47.580] [out] [delivery_module] DBG 2026-10-04 17:44:47.580+02:00 Publishing message without RLN proof       tid=5880867
[2026-10-04 17:44:47.580] [out] [delivery_module] DBG 2026-10-04 17:44:47.580+02:00 Publishing message with lightpush          topics="waku node lightpush api" tid=5880867 pubsubTopic=/waku/2/rs/3/7 contentTopic=/lp0026forum/1/general/text target_peer_id=16U*NSkuby msg_hash=0x9a59b55101f89e4861760cc9e6558ca6715f387366a249d127ecf02d5b09feb8 mixify=true
[2026-10-04 17:44:47.580] [out] [delivery_module] DBG 2026-10-04 17:44:47.580+02:00 Publish                                    topics="waku lightpush client" tid=5880867 myPeerId=16U*Lqfd15 peerId= msgHash=0x9a59b55101f89e4861760cc9e6558ca6715f387366a249d127ecf02d5b09feb8 sentTime=1791128687580122112
[2026-10-04 17:44:47.580] [out] [delivery_module] DBG 2026-10-04 17:44:47.580+02:00 Destination data                           tid=5880867 destination=MixDestination[MixNode](16Uiu2HAmTUbnxLGT9JvV6mu9oPyDjqHK4Phs1VDJNUgESgNSkuby)
[2026-10-04 17:44:47.580] [out] [delivery_module] DBG 2026-10-04 17:44:47.580+02:00 Selected mix node:                         tid=5880867 indexInPath=0 peerId=16U*VpJprH
[2026-10-04 17:44:47.580] [out] [delivery_module] DBG 2026-10-04 17:44:47.580+02:00 Selected mix node:                         tid=5880867 indexInPath=1 peerId=16U*P1S397
[2026-10-04 17:44:47.580] [out] [delivery_module] DBG 2026-10-04 17:44:47.580+02:00 Selected mix node:                         tid=5880867 indexInPath=2 peerId=16U*NSkuby
[2026-10-04 17:44:47.580] [out] [delivery_module] DBG 2026-10-04 17:44:47.580+02:00 Selected mix node for surbs:               tid=5880867 indexInPath=0 peerId=16U*TwqBiH
[2026-10-04 17:44:47.580] [out] [delivery_module] DBG 2026-10-04 17:44:47.580+02:00 Selected mix node for surbs:               tid=5880867 indexInPath=1 peerId=16U*VpJprH
[2026-10-04 17:44:47.726] [out] [delivery_module] DBG 2026-10-04 17:44:47.726+02:00 Lookup query                               topics="kad-dht find" tid=5880867 peer=16U*VpJprH
[2026-10-04 17:44:47.726] [out] [delivery_module] DBG 2026-10-04 17:44:47.726+02:00 Lookup query                               topics="kad-dht find" tid=5880867 peer=16U*VpJprH
[2026-10-04 17:44:47.727] [out] [delivery_module] DBG 2026-10-04 17:44:47.727+02:00 Lookup query                               topics="kad-dht find" tid=5880867 peer=16U*VpJprH
[2026-10-04 17:44:47.727] [out] [delivery_module] DBG 2026-10-04 17:44:47.727+02:00 Kad lookup: RPC error                      topics="kad-dht find" tid=5880867 peer=16U*VpJprH msg="waitStage: timed out waiting for the peer's stream"
[2026-10-04 17:44:47.727] [out] [delivery_module] DBG 2026-10-04 17:44:47.727+02:00 Lookup query                               topics="kad-dht find" tid=5880867 peer=16U*VpJprH
[2026-10-04 17:44:47.727] [out] [delivery_module] DBG 2026-10-04 17:44:47.727+02:00 Kad lookup: RPC error                      topics="kad-dht find" tid=5880867 peer=16U*VpJprH msg="dialStage: timed out dialing the peer"
[2026-10-04 17:44:47.727] [out] [delivery_module] DBG 2026-10-04 17:44:47.727+02:00 Kad lookup: RPC error                      topics="kad-dht find" tid=5880867 peer=16U*VpJprH msg="waitStage: timed out waiting for the peer's stream"
[2026-10-04 17:44:47.727] [out] [delivery_module] DBG 2026-10-04 17:44:47.727+02:00 Kad lookup: RPC error                      topics="kad-dht find" tid=5880867 peer=16U*VpJprH msg="waitStage: timed out before dialing"
[2026-10-04 17:44:48.117] [out] [delivery_module] DBG 2026-10-04 17:44:48.117+02:00 Lookup query                               topics="kad-dht find" tid=5880867 peer=16U*VpJprH
[2026-10-04 17:44:48.117] [out] [delivery_module] DBG 2026-10-04 17:44:48.117+02:00 Lookup query                               topics="kad-dht find" tid=5880867 peer=16U*VpJprH
[2026-10-04 17:44:48.117] [out] [delivery_module] DBG 2026-10-04 17:44:48.117+02:00 Lookup query                               topics="kad-dht find" tid=5880867 peer=16U*VpJprH
[2026-10-04 17:44:48.117] [out] [delivery_module] DBG 2026-10-04 17:44:48.117+02:00 Kad lookup: RPC error                      topics="kad-dht find" tid=5880867 peer=16U*VpJprH msg="waitStage: timed out waiting for the peer's stream"
[2026-10-04 17:44:48.117] [out] [delivery_module] DBG 2026-10-04 17:44:48.117+02:00 Kad lookup: RPC error                      topics="kad-dht find" tid=5880867 peer=16U*VpJprH msg="waitStage: timed out waiting for the peer's stream"
[2026-10-04 17:44:48.117] [out] [delivery_module] DBG 2026-10-04 17:44:48.117+02:00 Kad lookup: RPC error                      topics="kad-dht find" tid=5880867 peer=16U*VpJprH msg="dialStage: timed out dialing the peer"
[2026-10-04 17:44:48.335] [out] [delivery_module] WRN 2026-10-04 17:44:48.335+02:00 NAT port mapping failed                    topics="libp2p natservice" tid=5880867 port=62334 proto=mpUdp err="plum: mapping 0 failed"
[2026-10-04 17:44:48.701] [out] [delivery_module] DBG 2026-10-04 17:44:48.701+02:00 Lookup query                               topics="kad-dht find" tid=5880867 peer=16U*VpJprH
[2026-10-04 17:44:48.701] [out] [delivery_module] DBG 2026-10-04 17:44:48.701+02:00 Lookup query                               topics="kad-dht find" tid=5880867 peer=16U*VpJprH
[2026-10-04 17:44:48.702] [out] [delivery_module] DBG 2026-10-04 17:44:48.702+02:00 Kad lookup: RPC error                      topics="kad-dht find" tid=5880867 peer=16U*VpJprH msg="waitStage: timed out waiting for the peer's stream"
[2026-10-04 17:44:48.702] [out] [delivery_module] DBG 2026-10-04 17:44:48.702+02:00 Lookup query                               topics="kad-dht find" tid=5880867 peer=16U*VpJprH
[2026-10-04 17:44:48.702] [out] [delivery_module] DBG 2026-10-04 17:44:48.702+02:00 Kad lookup: RPC error                      topics="kad-dht find" tid=5880867 peer=16U*VpJprH msg="dialStage: timed out dialing the peer"
[2026-10-04 17:44:48.702] [out] [delivery_module] DBG 2026-10-04 17:44:48.702+02:00 Kad lookup: RPC error                      topics="kad-dht find" tid=5880867 peer=16U*VpJprH msg="waitStage: timed out before dialing"
[2026-10-04 17:44:51.943] [out] [delivery_module] DBG 2026-10-04 17:44:51.943+02:00 calculateConnectionState                   tid=5880867 relayCount=6 storeClientCount=5 lightpushCount=6 filterCount=6
[2026-10-04 17:44:52.585] [out] [delivery_module] DBG 2026-10-04 17:44:52.585+02:00 Mix lightpush timed out                    topics="waku node lightpush api" tid=5880867 pubsubTopic=/waku/2/rs/3/7 timeout=5s
[2026-10-04 17:44:52.585] [out] [delivery_module] DBG 2026-10-04 17:44:52.585+02:00 MixSendProcessor.sendImpl failed           topics="send service mix processor" tid=5880867 error="Waku lightpush over mix timed out"
[2026-10-04 17:44:52.727] [out] [delivery_module] DBG 2026-10-04 17:44:52.727+02:00 Lookup query                               topics="kad-dht find" tid=5880867 peer=16U*VpJprH
[2026-10-04 17:44:52.727] [out] [delivery_module] DBG 2026-10-04 17:44:52.727+02:00 Lookup query                               topics="kad-dht find" tid=5880867 peer=16U*VpJprH
[2026-10-04 17:44:52.727] [out] [delivery_module] DBG 2026-10-04 17:44:52.727+02:00 Lookup query                               topics="kad-dht find" tid=5880867 peer=16U*VpJprH
[2026-10-04 17:44:52.728] [out] [delivery_module] DBG 2026-10-04 17:44:52.728+02:00 Lookup query                               topics="kad-dht find" tid=5880867 peer=16U*VpJprH
[2026-10-04 17:44:52.728] [out] [delivery_module] DBG 2026-10-04 17:44:52.728+02:00 Kad lookup: RPC error                      topics="kad-dht find" tid=5880867 peer=16U*VpJprH msg="waitStage: timed out waiting for the peer's stream"
[2026-10-04 17:44:52.728] [out] [delivery_module] DBG 2026-10-04 17:44:52.728+02:00 Kad lookup: RPC error                      topics="kad-dht find" tid=5880867 peer=16U*VpJprH msg="waitStage: timed out waiting for the peer's stream"
[2026-10-04 17:44:52.728] [out] [delivery_module] DBG 2026-10-04 17:44:52.728+02:00 Kad lookup: RPC error                      topics="kad-dht find" tid=5880867 peer=16U*VpJprH msg="dialStage: timed out dialing the peer"
[2026-10-04 17:44:52.728] [out] [delivery_module] DBG 2026-10-04 17:44:52.728+02:00 Kad lookup: RPC error                      topics="kad-dht find" tid=5880867 peer=16U*VpJprH msg="waitStage: timed out before dialing"
[2026-10-04 17:44:53.119] [out] [delivery_module] DBG 2026-10-04 17:44:53.118+02:00 Lookup query                               topics="kad-dht find" tid=5880867 peer=16U*VpJprH
[2026-10-04 17:44:53.119] [out] [delivery_module] DBG 2026-10-04 17:44:53.119+02:00 Lookup query                               topics="kad-dht find" tid=5880867 peer=16U*VpJprH
[2026-10-04 17:44:53.119] [out] [delivery_module] DBG 2026-10-04 17:44:53.119+02:00 Lookup query                               topics="kad-dht find" tid=5880867 peer=16U*VpJprH
[2026-10-04 17:44:53.119] [out] [delivery_module] DBG 2026-10-04 17:44:53.119+02:00 Kad lookup: RPC error                      topics="kad-dht find" tid=5880867 peer=16U*VpJprH msg="waitStage: timed out waiting for the peer's stream"
[2026-10-04 17:44:53.119] [out] [delivery_module] DBG 2026-10-04 17:44:53.119+02:00 Kad lookup: RPC error                      topics="kad-dht find" tid=5880867 peer=16U*VpJprH msg="waitStage: timed out waiting for the peer's stream"
[2026-10-04 17:44:53.119] [out] [delivery_module] DBG 2026-10-04 17:44:53.119+02:00 Kad lookup: RPC error                      topics="kad-dht find" tid=5880867 peer=16U*VpJprH msg="dialStage: timed out dialing the peer"
[2026-10-04 17:44:53.589] [out] [delivery_module] DBG 2026-10-04 17:44:53.589+02:00 Trying message delivery via Mix            topics="send service mix processor" tid=5880867 requestId=a692e8cf4d7dafa379aa msgHash=0x9a59b55101f89e4861760cc9e6558ca6715f387366a249d127ecf02d5b09feb8 tryCount=5
[2026-10-04 17:44:53.590] [out] [delivery_module] DBG 2026-10-04 17:44:53.590+02:00 Publishing message without RLN proof       tid=5880867
[2026-10-04 17:44:53.590] [out] [delivery_module] DBG 2026-10-04 17:44:53.590+02:00 Publishing message with lightpush          topics="waku node lightpush api" tid=5880867 pubsubTopic=/waku/2/rs/3/7 contentTopic=/lp0026forum/1/general/text target_peer_id=16U*kGyuEP msg_hash=0x9a59b55101f89e4861760cc9e6558ca6715f387366a249d127ecf02d5b09feb8 mixify=true
[2026-10-04 17:44:53.590] [out] [delivery_module] DBG 2026-10-04 17:44:53.590+02:00 Publish                                    topics="waku lightpush client" tid=5880867 myPeerId=16U*Lqfd15 peerId= msgHash=0x9a59b55101f89e4861760cc9e6558ca6715f387366a249d127ecf02d5b09feb8 sentTime=1791128693590293760
[2026-10-04 17:44:53.590] [out] [delivery_module] DBG 2026-10-04 17:44:53.590+02:00 Destination data                           tid=5880867 destination=MixDestination[MixNode](16Uiu2HAm8YokiNun9BkeA1ZRmhLbtNUvcwRr64F69tYj9fkGyuEP)
[2026-10-04 17:44:53.590] [out] [delivery_module] DBG 2026-10-04 17:44:53.590+02:00 Selected mix node:                         tid=5880867 indexInPath=0 peerId=16U*VpJprH
[2026-10-04 17:44:53.590] [out] [delivery_module] DBG 2026-10-04 17:44:53.590+02:00 Selected mix node:                         tid=5880867 indexInPath=1 peerId=16U*TwqBiH
[2026-10-04 17:44:53.590] [out] [delivery_module] DBG 2026-10-04 17:44:53.590+02:00 Selected mix node:                         tid=5880867 indexInPath=2 peerId=16U*kGyuEP
[2026-10-04 17:44:53.590] [out] [delivery_module] DBG 2026-10-04 17:44:53.590+02:00 Selected mix node for surbs:               tid=5880867 indexInPath=0 peerId=16U*TwqBiH
[2026-10-04 17:44:53.591] [out] [delivery_module] DBG 2026-10-04 17:44:53.591+02:00 Selected mix node for surbs:               tid=5880867 indexInPath=1 peerId=16U*P1S397
[2026-10-04 17:44:53.703] [out] [delivery_module] DBG 2026-10-04 17:44:53.703+02:00 Lookup query                               topics="kad-dht find" tid=5880867 peer=16U*VpJprH
[2026-10-04 17:44:53.703] [out] [delivery_module] DBG 2026-10-04 17:44:53.703+02:00 Lookup query                               topics="kad-dht find" tid=5880867 peer=16U*VpJprH
[2026-10-04 17:44:53.703] [out] [delivery_module] DBG 2026-10-04 17:44:53.703+02:00 Lookup query                               topics="kad-dht find" tid=5880867 peer=16U*VpJprH
[2026-10-04 17:44:53.704] [out] [delivery_module] DBG 2026-10-04 17:44:53.704+02:00 Kad lookup: RPC error                      topics="kad-dht find" tid=5880867 peer=16U*VpJprH msg="waitStage: timed out waiting for the peer's stream"
[2026-10-04 17:44:53.704] [out] [delivery_module] DBG 2026-10-04 17:44:53.704+02:00 Kad lookup: RPC error                      topics="kad-dht find" tid=5880867 peer=16U*VpJprH msg="waitStage: timed out waiting for the peer's stream"
[2026-10-04 17:44:53.704] [out] [delivery_module] DBG 2026-10-04 17:44:53.704+02:00 Kad lookup: RPC error                      topics="kad-dht find" tid=5880867 peer=16U*VpJprH msg="dialStage: timed out dialing the peer"
[2026-10-04 17:44:57.729] [out] [delivery_module] DBG 2026-10-04 17:44:57.729+02:00 Lookup query                               topics="kad-dht find" tid=5880867 peer=16U*VpJprH
[2026-10-04 17:44:57.729] [out] [delivery_module] DBG 2026-10-04 17:44:57.729+02:00 Lookup query                               topics="kad-dht find" tid=5880867 peer=16U*VpJprH
[2026-10-04 17:44:57.729] [out] [delivery_module] DBG 2026-10-04 17:44:57.729+02:00 Lookup query                               topics="kad-dht find" tid=5880867 peer=16U*VpJprH
[2026-10-04 17:44:57.729] [out] [delivery_module] DBG 2026-10-04 17:44:57.729+02:00 Lookup query                               topics="kad-dht find" tid=5880867 peer=16U*VpJprH
[2026-10-04 17:44:57.730] [out] [delivery_module] DBG 2026-10-04 17:44:57.730+02:00 Kad lookup: RPC error                      topics="kad-dht find" tid=5880867 peer=16U*VpJprH msg="waitStage: timed out waiting for the peer's stream"
[2026-10-04 17:44:57.730] [out] [delivery_module] DBG 2026-10-04 17:44:57.730+02:00 Kad lookup: RPC error                      topics="kad-dht find" tid=5880867 peer=16U*VpJprH msg="waitStage: timed out waiting for the peer's stream"
[2026-10-04 17:44:57.730] [out] [delivery_module] DBG 2026-10-04 17:44:57.730+02:00 Kad lookup: RPC error                      topics="kad-dht find" tid=5880867 peer=16U*VpJprH msg="waitStage: timed out waiting for the peer's stream"
[2026-10-04 17:44:57.730] [out] [delivery_module] DBG 2026-10-04 17:44:57.730+02:00 Kad lookup: RPC error                      topics="kad-dht find" tid=5880867 peer=16U*VpJprH msg="dialStage: timed out dialing the peer"
[2026-10-04 17:44:58.120] [out] [delivery_module] DBG 2026-10-04 17:44:58.120+02:00 Lookup query                               topics="kad-dht find" tid=5880867 peer=16U*VpJprH
[2026-10-04 17:44:58.120] [out] [delivery_module] DBG 2026-10-04 17:44:58.120+02:00 Lookup query                               topics="kad-dht find" tid=5880867 peer=16U*VpJprH
[2026-10-04 17:44:58.120] [out] [delivery_module] DBG 2026-10-04 17:44:58.120+02:00 Lookup query                               topics="kad-dht find" tid=5880867 peer=16U*2pfeoX
[2026-10-04 17:44:58.120] [out] [delivery_module] DBG 2026-10-04 17:44:58.120+02:00 Lookup query                               topics="kad-dht find" tid=5880867 peer=16U*VpJprH
[2026-10-04 17:44:58.120] [out] [delivery_module] DBG 2026-10-04 17:44:58.120+02:00 Kad lookup: RPC error                      topics="kad-dht find" tid=5880867 peer=16U*VpJprH msg="waitStage: timed out waiting for the peer's stream"
[2026-10-04 17:44:58.120] [out] [delivery_module] DBG 2026-10-04 17:44:58.120+02:00 Kad lookup: RPC error                      topics="kad-dht find" tid=5880867 peer=16U*VpJprH msg="waitStage: timed out waiting for the peer's stream"
[2026-10-04 17:44:58.120] [out] [delivery_module] DBG 2026-10-04 17:44:58.120+02:00 Kad lookup: RPC error                      topics="kad-dht find" tid=5880867 peer=16U*VpJprH msg="dialStage: timed out dialing the peer"
[2026-10-04 17:44:58.597] [out] [delivery_module] DBG 2026-10-04 17:44:58.597+02:00 Mix lightpush timed out                    topics="waku node lightpush api" tid=5880867 pubsubTopic=/waku/2/rs/3/7 timeout=5s
[2026-10-04 17:44:58.597] [out] [delivery_module] DBG 2026-10-04 17:44:58.597+02:00 MixSendProcessor.sendImpl failed           topics="send service mix processor" tid=5880867 error="Waku lightpush over mix timed out"
[2026-10-04 17:44:58.676] [out] [delivery_module] DBG 2026-10-04 17:44:58.676+02:00 Maintaining subscriptions                  topics="waku filter" tid=5880867
[2026-10-04 17:44:58.676] [out] [delivery_module] DBG 2026-10-04 17:44:58.676+02:00 Cleanup                                    topics="waku filter subscriptions" tid=5880867 currentPeerIds=[]
[2026-10-04 17:44:58.676] [out] [delivery_module] DBG 2026-10-04 17:44:58.676+02:00 After cleanup                              topics="waku filter subscriptions" tid=5880867 currentPeerIds=[]
[2026-10-04 17:44:58.688] [out] [delivery_module] DBG 2026-10-04 17:44:58.688+02:00 Routing table below minimum, re-seeding    topics="kad-dht" tid=5880867 peers=7 minimum=10
[2026-10-04 17:44:58.690] [out] [delivery_module] DBG 2026-10-04 17:44:58.690+02:00 Lookup query                               topics="kad-dht find" tid=5880867 peer=16U*iSrhve
[2026-10-04 17:44:58.690] [out] [delivery_module] DBG 2026-10-04 17:44:58.690+02:00 Lookup query                               topics="kad-dht find" tid=5880867 peer=16U*NSkuby
[2026-10-04 17:44:58.690] [out] [delivery_module] DBG 2026-10-04 17:44:58.690+02:00 Lookup query                               topics="kad-dht find" tid=5880867 peer=16U*TwqBiH
[2026-10-04 17:44:58.690] [out] [delivery_module] DBG 2026-10-04 17:44:58.690+02:00 Lookup query                               topics="kad-dht find" tid=5880867 peer=16U*T3UNSE
[2026-10-04 17:44:58.690] [out] [delivery_module] DBG 2026-10-04 17:44:58.690+02:00 Lookup query                               topics="kad-dht find" tid=5880867 peer=16U*P1S397
[2026-10-04 17:44:58.690] [out] [delivery_module] DBG 2026-10-04 17:44:58.690+02:00 Lookup query                               topics="kad-dht find" tid=5880867 peer=16U*VpJprH
[2026-10-04 17:44:58.690] [out] [delivery_module] DBG 2026-10-04 17:44:58.690+02:00 Lookup query                               topics="kad-dht find" tid=5880867 peer=16U*kGyuEP
[2026-10-04 17:44:58.692] [out] [delivery_module] DBG 2026-10-04 17:44:58.691+02:00 Connection upgrade failed                  topics="libp2p dialer" tid=5880867 description="Timeout exceeded!" peerId=16U*VpJprH address=/ip4/174.138.106.244/tcp/30303 hostname=174.138.106.244
[2026-10-04 17:44:58.692] [out] [delivery_module] DBG 2026-10-04 17:44:58.692+02:00 Out of time for the remaining addresses    topics="libp2p dialer" tid=5880867 peerId=16U*VpJprH addrs="[/ip4/174.138.106.244/tcp/30303, /dns4/delivery-02.do-ams3.logos.dev.status.im/tcp/30303]"
[2026-10-04 17:44:58.692] [out] [delivery_module] DBG 2026-10-04 17:44:58.692+02:00 Error dialing                              topics="libp2p dialer" tid=5880867 conn=nil peerId=16U*VpJprH protos="[/logos/service-discovery/1.0.0]" addrs="[/ip4/174.138.106.244/tcp/30303, /dns4/delivery-02.do-ams3.logos.dev.status.im/tcp/30303]" description="Unable to establish outgoing link in establishConnection: peer_id=16U*VpJprH addrs=@[/ip4/174.138.106.244/tcp/30303, /dns4/delivery-02.do-ams3.logos.dev.status.im/tcp/30303]"
[2026-10-04 17:44:58.692] [out] [delivery_module] DBG 2026-10-04 17:44:58.692+02:00 Dialing peer                               topics="libp2p dialer" tid=5880867 peerId=16U*VpJprH addrs="[/ip4/174.138.106.244/tcp/30303, /dns4/delivery-02.do-ams3.logos.dev.status.im/tcp/30303]"
[2026-10-04 17:44:58.692] [out] [delivery_module] DBG 2026-10-04 17:44:58.692+02:00 Expanded address and hostname              topics="libp2p dialer" tid=5880867 expandedAddress=/ip4/174.138.106.244/tcp/30303 hostname=174.138.106.244 resolvedAddresses="[/ip4/174.138.106.244/tcp/30303]"
[2026-10-04 17:44:58.705] [out] [delivery_module] DBG 2026-10-04 17:44:58.705+02:00 Kad lookup: RPC error                      topics="kad-dht find" tid=5880867 peer=16U*VpJprH msg="waitStage: timed out waiting for the peer's stream"
[2026-10-04 17:44:58.705] [out] [delivery_module] DBG 2026-10-04 17:44:58.705+02:00 Kad lookup: RPC error                      topics="kad-dht find" tid=5880867 peer=16U*VpJprH msg="waitStage: timed out waiting for the peer's stream"
[2026-10-04 17:44:58.705] [out] [delivery_module] DBG 2026-10-04 17:44:58.705+02:00 Kad lookup: RPC error                      topics="kad-dht find" tid=5880867 peer=16U*VpJprH msg="dialStage: timed out dialing the peer"
[2026-10-04 17:44:58.705] [out] [delivery_module] DBG 2026-10-04 17:44:58.705+02:00 Lookup query                               topics="kad-dht find" tid=5880867 peer=16U*2pfeoX
[2026-10-04 17:44:58.705] [out] [delivery_module] DBG 2026-10-04 17:44:58.705+02:00 Lookup query                               topics="kad-dht find" tid=5880867 peer=16U*2pfeoX
[2026-10-04 17:44:58.706] [out] [delivery_module] DBG 2026-10-04 17:44:58.706+02:00 Lookup query                               topics="kad-dht find" tid=5880867 peer=16U*2pfeoX
[2026-10-04 17:44:58.805] [out] [delivery_module] DBG 2026-10-04 17:44:58.805+02:00 Lookup query                               topics="kad-dht find" tid=5880867 peer=16U*2pfeoX
[2026-10-04 17:44:59.600] [out] [delivery_module] DBG 2026-10-04 17:44:59.599+02:00 Trying message delivery via Mix            topics="send service mix processor" tid=5880867 requestId=a692e8cf4d7dafa379aa msgHash=0x9a59b55101f89e4861760cc9e6558ca6715f387366a249d127ecf02d5b09feb8 tryCount=6
[2026-10-04 17:44:59.600] [out] [delivery_module] DBG 2026-10-04 17:44:59.600+02:00 Publishing message without RLN proof       tid=5880867
[2026-10-04 17:44:59.600] [out] [delivery_module] DBG 2026-10-04 17:44:59.600+02:00 Publishing message with lightpush          topics="waku node lightpush api" tid=5880867 pubsubTopic=/waku/2/rs/3/7 contentTopic=/lp0026forum/1/general/text target_peer_id=16U*kGyuEP msg_hash=0x9a59b55101f89e4861760cc9e6558ca6715f387366a249d127ecf02d5b09feb8 mixify=true
[2026-10-04 17:44:59.600] [out] [delivery_module] DBG 2026-10-04 17:44:59.600+02:00 Publish                                    topics="waku lightpush client" tid=5880867 myPeerId=16U*Lqfd15 peerId= msgHash=0x9a59b55101f89e4861760cc9e6558ca6715f387366a249d127ecf02d5b09feb8 sentTime=1791128699600114944
[2026-10-04 17:44:59.600] [out] [delivery_module] DBG 2026-10-04 17:44:59.600+02:00 Destination data                           tid=5880867 destination=MixDestination[MixNode](16Uiu2HAm8YokiNun9BkeA1ZRmhLbtNUvcwRr64F69tYj9fkGyuEP)
[2026-10-04 17:44:59.600] [out] [delivery_module] DBG 2026-10-04 17:44:59.600+02:00 Selected mix node:                         tid=5880867 indexInPath=0 peerId=16U*TwqBiH
[2026-10-04 17:44:59.600] [out] [delivery_module] DBG 2026-10-04 17:44:59.600+02:00 Selected mix node:                         tid=5880867 indexInPath=1 peerId=16U*VpJprH
[2026-10-04 17:44:59.600] [out] [delivery_module] DBG 2026-10-04 17:44:59.600+02:00 Selected mix node:                         tid=5880867 indexInPath=2 peerId=16U*kGyuEP
[2026-10-04 17:44:59.600] [out] [delivery_module] DBG 2026-10-04 17:44:59.600+02:00 Selected mix node for surbs:               tid=5880867 indexInPath=0 peerId=16U*T3UNSE
[2026-10-04 17:44:59.600] [out] [delivery_module] DBG 2026-10-04 17:44:59.600+02:00 Selected mix node for surbs:               tid=5880867 indexInPath=1 peerId=16U*NSkuby
[2026-10-04 17:45:00.182] [out] [delivery_module] DBG 2026-10-04 17:45:00.182+02:00 Dialing failed                             topics="libp2p dialer" tid=5880867 description="Timeout exceeded!" peerId=16U*2pfeoX address=/ip4/192.168.68.53/tcp/27431 hostname=192.168.68.53
[2026-10-04 17:45:00.182] [out] [delivery_module] DBG 2026-10-04 17:45:00.182+02:00 Error dialing                              topics="libp2p dialer" tid=5880867 conn=nil peerId=16U*2pfeoX protos="[/logos/service-discovery/1.0.0]" addrs="[/ip4/192.168.68.53/udp/16011/quic-v1, /ip4/192.168.68.53/tcp/27431]" description="Unable to establish outgoing link in establishConnection: peer_id=16U*2pfeoX addrs=@[/ip4/192.168.68.53/udp/16011/quic-v1, /ip4/192.168.68.53/tcp/27431]"
[2026-10-04 17:45:00.182] [out] [delivery_module] DBG 2026-10-04 17:45:00.182+02:00 Dialing peer                               topics="libp2p dialer" tid=5880867 peerId=16U*2pfeoX addrs="[/ip4/192.168.68.53/udp/16011/quic-v1, /ip4/192.168.68.53/tcp/27431]"
[2026-10-04 17:45:00.182] [out] [delivery_module] DBG 2026-10-04 17:45:00.182+02:00 Expanded address and hostname              topics="libp2p dialer" tid=5880867 expandedAddress=/ip4/192.168.68.53/udp/16011/quic-v1 hostname=192.168.68.53 resolvedAddresses="[/ip4/192.168.68.53/udp/16011/quic-v1]"
[2026-10-04 17:45:00.182] [out] [delivery_module] DBG 2026-10-04 17:45:00.182+02:00 New connection established: client         tid=5880867
[2026-10-04 17:45:02.731] [out] [delivery_module] DBG 2026-10-04 17:45:02.731+02:00 Lookup query                               topics="kad-dht find" tid=5880867 peer=16U*VpJprH
[2026-10-04 17:45:02.731] [out] [delivery_module] DBG 2026-10-04 17:45:02.731+02:00 Lookup query                               topics="kad-dht find" tid=5880867 peer=16U*VpJprH
[2026-10-04 17:45:02.731] [out] [delivery_module] DBG 2026-10-04 17:45:02.731+02:00 Lookup query                               topics="kad-dht find" tid=5880867 peer=16U*VpJprH
[2026-10-04 17:45:02.731] [out] [delivery_module] DBG 2026-10-04 17:45:02.731+02:00 Lookup query                               topics="kad-dht find" tid=5880867 peer=16U*2pfeoX
[2026-10-04 17:45:02.731] [out] [delivery_module] DBG 2026-10-04 17:45:02.731+02:00 Lookup query                               topics="kad-dht find" tid=5880867 peer=16U*VpJprH
[2026-10-04 17:45:02.732] [out] [delivery_module] DBG 2026-10-04 17:45:02.731+02:00 Lookup query                               topics="kad-dht find" tid=5880867 peer=16U*2pfeoX
[2026-10-04 17:45:02.732] [out] [delivery_module] DBG 2026-10-04 17:45:02.732+02:00 Kad lookup: RPC error                      topics="kad-dht find" tid=5880867 peer=16U*VpJprH msg="waitStage: timed out waiting for the peer's stream"
[2026-10-04 17:45:02.732] [out] [delivery_module] DBG 2026-10-04 17:45:02.732+02:00 Kad lookup: RPC error                      topics="kad-dht find" tid=5880867 peer=16U*VpJprH msg="waitStage: timed out waiting for the peer's stream"
[2026-10-04 17:45:02.732] [out] [delivery_module] DBG 2026-10-04 17:45:02.732+02:00 Kad lookup: RPC error                      topics="kad-dht find" tid=5880867 peer=16U*VpJprH msg="waitStage: timed out waiting for the peer's stream"
[2026-10-04 17:45:02.732] [out] [delivery_module] DBG 2026-10-04 17:45:02.732+02:00 Kad lookup: RPC error                      topics="kad-dht find" tid=5880867 peer=16U*VpJprH msg="dialStage: timed out dialing the peer"
[2026-10-04 17:45:03.121] [out] [delivery_module] DBG 2026-10-04 17:45:03.121+02:00 Lookup query                               topics="kad-dht find" tid=5880867 peer=16U*VpJprH
[2026-10-04 17:45:03.122] [out] [delivery_module] DBG 2026-10-04 17:45:03.122+02:00 Lookup query                               topics="kad-dht find" tid=5880867 peer=16U*VpJprH
[2026-10-04 17:45:03.122] [out] [delivery_module] DBG 2026-10-04 17:45:03.122+02:00 Lookup query                               topics="kad-dht find" tid=5880867 peer=16U*2pfeoX
[2026-10-04 17:45:03.122] [out] [delivery_module] DBG 2026-10-04 17:45:03.122+02:00 Lookup query                               topics="kad-dht find" tid=5880867 peer=16U*VpJprH
[2026-10-04 17:45:03.122] [out] [delivery_module] DBG 2026-10-04 17:45:03.122+02:00 Kad lookup: RPC error                      topics="kad-dht find" tid=5880867 peer=16U*VpJprH msg="waitStage: timed out waiting for the peer's stream"
[2026-10-04 17:45:03.122] [out] [delivery_module] DBG 2026-10-04 17:45:03.122+02:00 Kad lookup: RPC error                      topics="kad-dht find" tid=5880867 peer=16U*VpJprH msg="waitStage: timed out waiting for the peer's stream"
[2026-10-04 17:45:03.122] [out] [delivery_module] DBG 2026-10-04 17:45:03.122+02:00 Kad lookup: RPC error                      topics="kad-dht find" tid=5880867 peer=16U*2pfeoX msg="dialStage: timed out dialing the peer"
[2026-10-04 17:45:03.122] [out] [delivery_module] DBG 2026-10-04 17:45:03.122+02:00 Kad lookup: RPC error                      topics="kad-dht find" tid=5880867 peer=16U*VpJprH msg="dialStage: timed out dialing the peer"
[2026-10-04 17:45:03.184] [out] [delivery_module] DBG 2026-10-04 17:45:03.184+02:00 Dialing failed                             topics="libp2p dialer" tid=5880867 description="quic dial timed out after 3s" peerId=16U*2pfeoX address=/ip4/192.168.68.53/udp/16011/quic-v1 hostname=192.168.68.53
[2026-10-04 17:45:03.184] [out] [delivery_module] DBG 2026-10-04 17:45:03.184+02:00 Expanded address and hostname              topics="libp2p dialer" tid=5880867 expandedAddress=/ip4/192.168.68.53/tcp/27431 hostname=192.168.68.53 resolvedAddresses="[/ip4/192.168.68.53/tcp/27431]"
[2026-10-04 17:45:03.691] [out] [delivery_module] DBG 2026-10-04 17:45:03.691+02:00 Lookup query                               topics="kad-dht find" tid=5880867 peer=16U*VpJprH
[2026-10-04 17:45:03.692] [out] [delivery_module] DBG 2026-10-04 17:45:03.692+02:00 Kad lookup: RPC error                      topics="kad-dht find" tid=5880867 peer=16U*VpJprH msg="dialStage: timed out dialing the peer"
[2026-10-04 17:45:03.701] [out] [delivery_module] DBG 2026-10-04 17:45:03.700+02:00 dialMe answer is not reachable             topics="libp2p autonatservice" tid=5880867 description="Peer could not dial us back: Dial timeout" peerId=16Uiu2HAmTUbnxLGT9JvV6mu9oPyDjqHK4Phs1VDJNUgESgNSkuby
[2026-10-04 17:45:03.701] [out] [delivery_module] DBG 2026-10-04 17:45:03.701+02:00 Current status                             topics="libp2p autonatservice" tid=5880867 currentStats=Unknown confidence=none() answers=[NotReachable, NotReachable]
[2026-10-04 17:45:03.707] [out] [delivery_module] DBG 2026-10-04 17:45:03.707+02:00 Lookup query                               topics="kad-dht find" tid=5880867 peer=16U*2pfeoX
[2026-10-04 17:45:03.707] [out] [delivery_module] DBG 2026-10-04 17:45:03.707+02:00 Lookup query                               topics="kad-dht find" tid=5880867 peer=16U*2pfeoX
[2026-10-04 17:45:03.707] [out] [delivery_module] DBG 2026-10-04 17:45:03.707+02:00 Lookup query                               topics="kad-dht find" tid=5880867 peer=16U*2pfeoX
[2026-10-04 17:45:03.707] [out] [delivery_module] DBG 2026-10-04 17:45:03.707+02:00 Kad lookup: RPC error                      topics="kad-dht find" tid=5880867 peer=16U*2pfeoX msg="waitStage: timed out waiting for the peer's stream"
[2026-10-04 17:45:03.707] [out] [delivery_module] DBG 2026-10-04 17:45:03.707+02:00 Kad lookup: RPC error                      topics="kad-dht find" tid=5880867 peer=16U*2pfeoX msg="waitStage: timed out waiting for the peer's stream"
[2026-10-04 17:45:03.707] [out] [delivery_module] DBG 2026-10-04 17:45:03.707+02:00 Kad lookup: RPC error                      topics="kad-dht find" tid=5880867 peer=16U*2pfeoX msg="dialStage: timed out dialing the peer"
[2026-10-04 17:45:04.603] [out] [delivery_module] DBG 2026-10-04 17:45:04.603+02:00 Mix lightpush timed out                    topics="waku node lightpush api" tid=5880867 pubsubTopic=/waku/2/rs/3/7 timeout=5s
[2026-10-04 17:45:04.603] [out] [delivery_module] DBG 2026-10-04 17:45:04.603+02:00 MixSendProcessor.sendImpl failed           topics="send service mix processor" tid=5880867 error="Waku lightpush over mix timed out"
[2026-10-04 17:45:05.605] [out] [delivery_module] DBG 2026-10-04 17:45:05.605+02:00 Trying message delivery via Mix            topics="send service mix processor" tid=5880867 requestId=a692e8cf4d7dafa379aa msgHash=0x9a59b55101f89e4861760cc9e6558ca6715f387366a249d127ecf02d5b09feb8 tryCount=7
[2026-10-04 17:45:05.605] [out] [delivery_module] DBG 2026-10-04 17:45:05.605+02:00 Publishing message without RLN proof       tid=5880867
[2026-10-04 17:45:05.605] [out] [delivery_module] DBG 2026-10-04 17:45:05.605+02:00 Publishing message with lightpush          topics="waku node lightpush api" tid=5880867 pubsubTopic=/waku/2/rs/3/7 contentTopic=/lp0026forum/1/general/text target_peer_id=16U*TwqBiH msg_hash=0x9a59b55101f89e4861760cc9e6558ca6715f387366a249d127ecf02d5b09feb8 mixify=true
[2026-10-04 17:45:05.605] [out] [delivery_module] DBG 2026-10-04 17:45:05.605+02:00 Publish                                    topics="waku lightpush client" tid=5880867 myPeerId=16U*Lqfd15 peerId= msgHash=0x9a59b55101f89e4861760cc9e6558ca6715f387366a249d127ecf02d5b09feb8 sentTime=1791128705605718016
[2026-10-04 17:45:05.605] [out] [delivery_module] DBG 2026-10-04 17:45:05.605+02:00 Destination data                           tid=5880867 destination=MixDestination[MixNode](16Uiu2HAm8Y9kgBNtjxvCnf1X6gnZJW5EGE4UwwCL3CCm55TwqBiH)
[2026-10-04 17:45:05.606] [out] [delivery_module] DBG 2026-10-04 17:45:05.605+02:00 Selected mix node:                         tid=5880867 indexInPath=0 peerId=16U*NSkuby
[2026-10-04 17:45:05.606] [out] [delivery_module] DBG 2026-10-04 17:45:05.606+02:00 Selected mix node:                         tid=5880867 indexInPath=1 peerId=16U*T3UNSE
[2026-10-04 17:45:05.606] [out] [delivery_module] DBG 2026-10-04 17:45:05.606+02:00 Selected mix node:                         tid=5880867 indexInPath=2 peerId=16U*TwqBiH
[2026-10-04 17:45:05.606] [out] [delivery_module] DBG 2026-10-04 17:45:05.606+02:00 Selected mix node for surbs:               tid=5880867 indexInPath=0 peerId=16U*VpJprH
[2026-10-04 17:45:05.606] [out] [delivery_module] DBG 2026-10-04 17:45:05.606+02:00 Selected mix node for surbs:               tid=5880867 indexInPath=1 peerId=16U*T3UNSE
[2026-10-04 17:45:05.703] [out] [delivery_module] WRN 2026-10-04 17:45:05.703+02:00 NAT port mapping failed                    topics="libp2p natservice" tid=5880867 port=65350 proto=mpTcp err="plum: mapping 0 failed"
[2026-10-04 17:45:07.707] [out] [delivery_module] WRN 2026-10-04 17:45:07.706+02:00 NAT port mapping failed                    topics="libp2p natservice" tid=5880867 port=62334 proto=mpUdp err="plum: mapping 0 failed"
[2026-10-04 17:45:07.732] [out] [delivery_module] DBG 2026-10-04 17:45:07.732+02:00 Lookup query                               topics="kad-dht find" tid=5880867 peer=16U*VpJprH
[2026-10-04 17:45:07.732] [out] [delivery_module] DBG 2026-10-04 17:45:07.732+02:00 Lookup query                               topics="kad-dht find" tid=5880867 peer=16U*VpJprH
[2026-10-04 17:45:07.733] [out] [delivery_module] DBG 2026-10-04 17:45:07.733+02:00 Kad lookup: RPC error                      topics="kad-dht find" tid=5880867 peer=16U*VpJprH msg="waitStage: timed out waiting for the peer's stream"
[2026-10-04 17:45:07.733] [out] [delivery_module] DBG 2026-10-04 17:45:07.733+02:00 Kad lookup: RPC error                      topics="kad-dht find" tid=5880867 peer=16U*VpJprH msg="waitStage: timed out waiting for the peer's stream"
[2026-10-04 17:45:07.733] [out] [delivery_module] DBG 2026-10-04 17:45:07.733+02:00 Kad lookup: RPC error                      topics="kad-dht find" tid=5880867 peer=16U*VpJprH msg="waitStage: timed out waiting for the peer's stream"
[2026-10-04 17:45:07.733] [out] [delivery_module] DBG 2026-10-04 17:45:07.733+02:00 Kad lookup: RPC error                      topics="kad-dht find" tid=5880867 peer=16U*2pfeoX msg="waitStage: timed out waiting for the peer's stream"
[2026-10-04 17:45:07.733] [out] [delivery_module] DBG 2026-10-04 17:45:07.733+02:00 Kad lookup: RPC error                      topics="kad-dht find" tid=5880867 peer=16U*VpJprH msg="dialStage: timed out dialing the peer"
[2026-10-04 17:45:07.733] [out] [delivery_module] DBG 2026-10-04 17:45:07.733+02:00 Kad lookup: RPC error                      topics="kad-dht find" tid=5880867 peer=16U*2pfeoX msg="dialStage: timed out dialing the peer"
[2026-10-04 17:45:07.733] [out] [delivery_module] DBG 2026-10-04 17:45:07.733+02:00 Lookup query                               topics="kad-dht find" tid=5880867 peer=16U*VpJprH
[2026-10-04 17:45:07.734] [out] [delivery_module] DBG 2026-10-04 17:45:07.734+02:00 Lookup query                               topics="kad-dht find" tid=5880867 peer=16U*VpJprH
[2026-10-04 17:45:08.123] [out] [delivery_module] DBG 2026-10-04 17:45:08.123+02:00 Lookup query                               topics="kad-dht find" tid=5880867 peer=16U*VpJprH
[2026-10-04 17:45:08.123] [out] [delivery_module] DBG 2026-10-04 17:45:08.123+02:00 Lookup query                               topics="kad-dht find" tid=5880867 peer=16U*VpJprH
[2026-10-04 17:45:08.123] [out] [delivery_module] DBG 2026-10-04 17:45:08.123+02:00 Kad lookup: RPC error                      topics="kad-dht find" tid=5880867 peer=16U*VpJprH msg="waitStage: timed out waiting for the peer's stream"
[2026-10-04 17:45:08.123] [out] [delivery_module] DBG 2026-10-04 17:45:08.123+02:00 Kad lookup: RPC error                      topics="kad-dht find" tid=5880867 peer=16U*VpJprH msg="waitStage: timed out waiting for the peer's stream"
[2026-10-04 17:45:08.124] [out] [delivery_module] DBG 2026-10-04 17:45:08.123+02:00 Kad lookup: RPC error                      topics="kad-dht find" tid=5880867 peer=16U*VpJprH msg="dialStage: timed out dialing the peer"
[2026-10-04 17:45:08.124] [out] [delivery_module] DBG 2026-10-04 17:45:08.123+02:00 Kad lookup: RPC error                      topics="kad-dht find" tid=5880867 peer=16U*2pfeoX msg="dialStage: timed out dialing the peer"
[2026-10-04 17:45:08.124] [out] [delivery_module] DBG 2026-10-04 17:45:08.124+02:00 Lookup query                               topics="kad-dht find" tid=5880867 peer=16U*VpJprH
[2026-10-04 17:45:08.695] [out] [delivery_module] DBG 2026-10-04 17:45:08.695+02:00 Lookup query                               topics="kad-dht find" tid=5880867 peer=16U*VpJprH
[2026-10-04 17:45:08.696] [out] [delivery_module] DBG 2026-10-04 17:45:08.696+02:00 Kad lookup: RPC error                      topics="kad-dht find" tid=5880867 peer=16U*VpJprH msg="dialStage: timed out dialing the peer"
[2026-10-04 17:45:08.708] [out] [delivery_module] DBG 2026-10-04 17:45:08.708+02:00 Kad lookup: RPC error                      topics="kad-dht find" tid=5880867 peer=16U*2pfeoX msg="waitStage: timed out waiting for the peer's stream"
[2026-10-04 17:45:08.709] [out] [delivery_module] DBG 2026-10-04 17:45:08.708+02:00 Kad lookup: RPC error                      topics="kad-dht find" tid=5880867 peer=16U*2pfeoX msg="waitStage: timed out waiting for the peer's stream"
[2026-10-04 17:45:08.709] [out] [delivery_module] DBG 2026-10-04 17:45:08.709+02:00 Kad lookup: RPC error                      topics="kad-dht find" tid=5880867 peer=16U*2pfeoX msg="dialStage: timed out dialing the peer"
[2026-10-04 17:45:08.711] [out] [delivery_module] DBG 2026-10-04 17:45:08.711+02:00 Bootstrap complete                         topics="kad-dht" tid=5880867
[2026-10-04 17:45:10.612] [out] [delivery_module] DBG 2026-10-04 17:45:10.611+02:00 Mix lightpush timed out                    topics="waku node lightpush api" tid=5880867 pubsubTopic=/waku/2/rs/3/7 timeout=5s
[2026-10-04 17:45:10.612] [out] [delivery_module] DBG 2026-10-04 17:45:10.612+02:00 MixSendProcessor.sendImpl failed           topics="send service mix processor" tid=5880867 error="Waku lightpush over mix timed out"
[2026-10-04 17:45:11.614] [out] [delivery_module] DBG 2026-10-04 17:45:11.614+02:00 Trying message delivery via Mix            topics="send service mix processor" tid=5880867 requestId=a692e8cf4d7dafa379aa msgHash=0x9a59b55101f89e4861760cc9e6558ca6715f387366a249d127ecf02d5b09feb8 tryCount=8
[2026-10-04 17:45:11.614] [out] [delivery_module] DBG 2026-10-04 17:45:11.614+02:00 Publishing message without RLN proof       tid=5880867
[2026-10-04 17:45:11.614] [out] [delivery_module] DBG 2026-10-04 17:45:11.614+02:00 Publishing message with lightpush          topics="waku node lightpush api" tid=5880867 pubsubTopic=/waku/2/rs/3/7 contentTopic=/lp0026forum/1/general/text target_peer_id=16U*P1S397 msg_hash=0x9a59b55101f89e4861760cc9e6558ca6715f387366a249d127ecf02d5b09feb8 mixify=true
[2026-10-04 17:45:11.614] [out] [delivery_module] DBG 2026-10-04 17:45:11.614+02:00 Publish                                    topics="waku lightpush client" tid=5880867 myPeerId=16U*Lqfd15 peerId= msgHash=0x9a59b55101f89e4861760cc9e6558ca6715f387366a249d127ecf02d5b09feb8 sentTime=1791128711614907904
[2026-10-04 17:45:11.614] [out] [delivery_module] DBG 2026-10-04 17:45:11.614+02:00 Destination data                           tid=5880867 destination=MixDestination[MixNode](16Uiu2HAm4S1JYkuzDKLKQvwgAhZKs9otxXqt8SCGtB4hoJP1S397)
[2026-10-04 17:45:11.615] [out] [delivery_module] DBG 2026-10-04 17:45:11.614+02:00 Selected mix node:                         tid=5880867 indexInPath=0 peerId=16U*TwqBiH
[2026-10-04 17:45:11.615] [out] [delivery_module] DBG 2026-10-04 17:45:11.615+02:00 Selected mix node:                         tid=5880867 indexInPath=1 peerId=16U*VpJprH
[2026-10-04 17:45:11.615] [out] [delivery_module] DBG 2026-10-04 17:45:11.615+02:00 Selected mix node:                         tid=5880867 indexInPath=2 peerId=16U*P1S397
[2026-10-04 17:45:11.615] [out] [delivery_module] DBG 2026-10-04 17:45:11.615+02:00 Selected mix node for surbs:               tid=5880867 indexInPath=0 peerId=16U*NSkuby
[2026-10-04 17:45:11.615] [out] [delivery_module] DBG 2026-10-04 17:45:11.615+02:00 Selected mix node for surbs:               tid=5880867 indexInPath=1 peerId=16U*TwqBiH
[2026-10-04 17:45:12.734] [out] [delivery_module] DBG 2026-10-04 17:45:12.733+02:00 Kad lookup: RPC error                      topics="kad-dht find" tid=5880867 peer=16U*VpJprH msg="waitStage: timed out waiting for the peer's stream"
[2026-10-04 17:45:12.735] [out] [delivery_module] DBG 2026-10-04 17:45:12.735+02:00 Kad lookup: RPC error                      topics="kad-dht find" tid=5880867 peer=16U*VpJprH msg="dialStage: timed out dialing the peer"
[2026-10-04 17:45:12.735] [out] [delivery_module] DBG 2026-10-04 17:45:12.735+02:00 Kad lookup: RPC error                      topics="kad-dht find" tid=5880867 peer=16U*VpJprH msg="waitStage: timed out before dialing"
[2026-10-04 17:45:12.735] [out] [delivery_module] DBG 2026-10-04 17:45:12.735+02:00 Service table bootstrap complete           topics="service-discovery" tid=5880867 serviceId=key:E6738033B5D413D13CF58622CEB4EF8F392E8D4EB073B56A5486CB0431B2F5D8
[2026-10-04 17:45:13.126] [out] [delivery_module] DBG 2026-10-04 17:45:13.126+02:00 Kad lookup: RPC error                      topics="kad-dht find" tid=5880867 peer=16U*VpJprH msg="waitStage: timed out waiting for the peer's stream"
[2026-10-04 17:45:13.126] [out] [delivery_module] DBG 2026-10-04 17:45:13.126+02:00 Kad lookup: RPC error                      topics="kad-dht find" tid=5880867 peer=16U*VpJprH msg="waitStage: timed out waiting for the peer's stream"
[2026-10-04 17:45:13.126] [out] [delivery_module] DBG 2026-10-04 17:45:13.126+02:00 Kad lookup: RPC error                      topics="kad-dht find" tid=5880867 peer=16U*VpJprH msg="dialStage: timed out dialing the peer"
[2026-10-04 17:45:13.129] [out] [delivery_module] DBG 2026-10-04 17:45:13.129+02:00 Service table bootstrap complete           topics="service-discovery" tid=5880867 serviceId=key:913B5C5DBE691438693215140388EC0C7DE80DE328BDE5BD7FC06F90568CEA40
[2026-10-04 17:45:13.192] [out] [delivery_module] DBG 2026-10-04 17:45:13.192+02:00 calculateConnectionState                   tid=5880867 relayCount=6 storeClientCount=5 lightpushCount=6 filterCount=6
[2026-10-04 17:45:13.697] [out] [delivery_module] DBG 2026-10-04 17:45:13.697+02:00 Lookup query                               topics="kad-dht find" tid=5880867 peer=16U*VpJprH
[2026-10-04 17:45:13.697] [out] [delivery_module] DBG 2026-10-04 17:45:13.697+02:00 Kad lookup: RPC error                      topics="kad-dht find" tid=5880867 peer=16U*VpJprH msg="dialStage: timed out dialing the peer"
[2026-10-04 17:45:16.620] [out] [delivery_module] DBG 2026-10-04 17:45:16.620+02:00 Mix lightpush timed out                    topics="waku node lightpush api" tid=5880867 pubsubTopic=/waku/2/rs/3/7 timeout=5s
[2026-10-04 17:45:16.620] [out] [delivery_module] DBG 2026-10-04 17:45:16.620+02:00 MixSendProcessor.sendImpl failed           topics="send service mix processor" tid=5880867 error="Waku lightpush over mix timed out"
[2026-10-04 17:45:17.625] [out] [delivery_module] DBG 2026-10-04 17:45:17.625+02:00 Trying message delivery via Mix            topics="send service mix processor" tid=5880867 requestId=a692e8cf4d7dafa379aa msgHash=0x9a59b55101f89e4861760cc9e6558ca6715f387366a249d127ecf02d5b09feb8 tryCount=9
[2026-10-04 17:45:17.625] [out] [delivery_module] DBG 2026-10-04 17:45:17.625+02:00 Publishing message without RLN proof       tid=5880867
[2026-10-04 17:45:17.625] [out] [delivery_module] DBG 2026-10-04 17:45:17.625+02:00 Publishing message with lightpush          topics="waku node lightpush api" tid=5880867 pubsubTopic=/waku/2/rs/3/7 contentTopic=/lp0026forum/1/general/text target_peer_id=16U*P1S397 msg_hash=0x9a59b55101f89e4861760cc9e6558ca6715f387366a249d127ecf02d5b09feb8 mixify=true
[2026-10-04 17:45:17.625] [out] [delivery_module] DBG 2026-10-04 17:45:17.625+02:00 Publish                                    topics="waku lightpush client" tid=5880867 myPeerId=16U*Lqfd15 peerId= msgHash=0x9a59b55101f89e4861760cc9e6558ca6715f387366a249d127ecf02d5b09feb8 sentTime=1791128717625627136
[2026-10-04 17:45:17.625] [out] [delivery_module] DBG 2026-10-04 17:45:17.625+02:00 Destination data                           tid=5880867 destination=MixDestination[MixNode](16Uiu2HAm4S1JYkuzDKLKQvwgAhZKs9otxXqt8SCGtB4hoJP1S397)
[2026-10-04 17:45:17.625] [out] [delivery_module] DBG 2026-10-04 17:45:17.625+02:00 Selected mix node:                         tid=5880867 indexInPath=0 peerId=16U*NSkuby
[2026-10-04 17:45:17.625] [out] [delivery_module] DBG 2026-10-04 17:45:17.625+02:00 Selected mix node:                         tid=5880867 indexInPath=1 peerId=16U*kGyuEP
[2026-10-04 17:45:17.626] [out] [delivery_module] DBG 2026-10-04 17:45:17.625+02:00 Selected mix node:                         tid=5880867 indexInPath=2 peerId=16U*P1S397
[2026-10-04 17:45:17.626] [out] [delivery_module] DBG 2026-10-04 17:45:17.626+02:00 Selected mix node for surbs:               tid=5880867 indexInPath=0 peerId=16U*VpJprH
[2026-10-04 17:45:17.626] [out] [delivery_module] DBG 2026-10-04 17:45:17.626+02:00 Selected mix node for surbs:               tid=5880867 indexInPath=1 peerId=16U*TwqBiH
[2026-10-04 17:45:18.700] [out] [delivery_module] DBG 2026-10-04 17:45:18.699+02:00 Lookup query                               topics="kad-dht find" tid=5880867 peer=16U*VpJprH
[2026-10-04 17:45:18.700] [out] [delivery_module] DBG 2026-10-04 17:45:18.700+02:00 Kad lookup: RPC error                      topics="kad-dht find" tid=5880867 peer=16U*VpJprH msg="dialStage: timed out dialing the peer"
[2026-10-04 17:45:22.630] [out] [delivery_module] DBG 2026-10-04 17:45:22.630+02:00 Mix lightpush timed out                    topics="waku node lightpush api" tid=5880867 pubsubTopic=/waku/2/rs/3/7 timeout=5s
[2026-10-04 17:45:22.630] [out] [delivery_module] DBG 2026-10-04 17:45:22.630+02:00 MixSendProcessor.sendImpl failed           topics="send service mix processor" tid=5880867 error="Waku lightpush over mix timed out"
[2026-10-04 17:45:23.291] [out] [delivery_module] DBG 2026-10-04 17:45:23.291+02:00 dialMe answer is not reachable             topics="libp2p autonatservice" tid=5880867 description="Peer could not dial us back: Dial timeout" peerId=16Uiu2HAkvwhGHKNry6LACrB8TmEFoCJKEX29XR5dDUzk3UT3UNSE
[2026-10-04 17:45:23.291] [out] [delivery_module] DBG 2026-10-04 17:45:23.291+02:00 Current status                             topics="libp2p autonatservice" tid=5880867 currentStats=NotReachable confidence=ok(1.0) answers=[NotReachable, NotReachable, NotReachable]
[2026-10-04 17:45:23.291] [out] [delivery_module] DBG 2026-10-04 17:45:23.291+02:00 Peer reachability status                   tid=5880867 networkReachability=NotReachable confidence=1.0
[2026-10-04 17:45:23.633] [out] [delivery_module] DBG 2026-10-04 17:45:23.633+02:00 Trying message delivery via Mix            topics="send service mix processor" tid=5880867 requestId=a692e8cf4d7dafa379aa msgHash=0x9a59b55101f89e4861760cc9e6558ca6715f387366a249d127ecf02d5b09feb8 tryCount=10
[2026-10-04 17:45:23.633] [out] [delivery_module] DBG 2026-10-04 17:45:23.633+02:00 Publishing message without RLN proof       tid=5880867
[2026-10-04 17:45:23.633] [out] [delivery_module] DBG 2026-10-04 17:45:23.633+02:00 Publishing message with lightpush          topics="waku node lightpush api" tid=5880867 pubsubTopic=/waku/2/rs/3/7 contentTopic=/lp0026forum/1/general/text target_peer_id=16U*NSkuby msg_hash=0x9a59b55101f89e4861760cc9e6558ca6715f387366a249d127ecf02d5b09feb8 mixify=true
[2026-10-04 17:45:23.633] [out] [delivery_module] DBG 2026-10-04 17:45:23.633+02:00 Publish                                    topics="waku lightpush client" tid=5880867 myPeerId=16U*Lqfd15 peerId= msgHash=0x9a59b55101f89e4861760cc9e6558ca6715f387366a249d127ecf02d5b09feb8 sentTime=1791128723633684992
[2026-10-04 17:45:23.633] [out] [delivery_module] DBG 2026-10-04 17:45:23.633+02:00 Destination data                           tid=5880867 destination=MixDestination[MixNode](16Uiu2HAmTUbnxLGT9JvV6mu9oPyDjqHK4Phs1VDJNUgESgNSkuby)
[2026-10-04 17:45:23.634] [out] [delivery_module] DBG 2026-10-04 17:45:23.633+02:00 Selected mix node:                         tid=5880867 indexInPath=0 peerId=16U*kGyuEP
[2026-10-04 17:45:23.634] [out] [delivery_module] DBG 2026-10-04 17:45:23.633+02:00 Selected mix node:                         tid=5880867 indexInPath=1 peerId=16U*T3UNSE
[2026-10-04 17:45:23.634] [out] [delivery_module] DBG 2026-10-04 17:45:23.634+02:00 Selected mix node:                         tid=5880867 indexInPath=2 peerId=16U*NSkuby
[2026-10-04 17:45:23.634] [out] [delivery_module] DBG 2026-10-04 17:45:23.634+02:00 Selected mix node for surbs:               tid=5880867 indexInPath=0 peerId=16U*TwqBiH
[2026-10-04 17:45:23.634] [out] [delivery_module] DBG 2026-10-04 17:45:23.634+02:00 Selected mix node for surbs:               tid=5880867 indexInPath=1 peerId=16U*kGyuEP
[2026-10-04 17:45:23.701] [out] [delivery_module] DBG 2026-10-04 17:45:23.701+02:00 Lookup query                               topics="kad-dht find" tid=5880867 peer=16U*VpJprH
[2026-10-04 17:45:23.701] [out] [delivery_module] DBG 2026-10-04 17:45:23.701+02:00 Kad lookup: RPC error                      topics="kad-dht find" tid=5880867 peer=16U*VpJprH msg="dialStage: timed out dialing the peer"
[2026-10-04 17:45:24.071] [out] [delivery_module] DBG 2026-10-04 17:45:24.069+02:00 getting adverts                            topics="service-disco discoverer" tid=5880867 serviceId=key:913B5C5DBE691438693215140388EC0C7DE80DE328BDE5BD7FC06F90568CEA40 registrar=16U*NSkuby
[2026-10-04 17:45:24.072] [out] [delivery_module] DBG 2026-10-04 17:45:24.072+02:00 getting adverts                            topics="service-disco discoverer" tid=5880867 serviceId=key:913B5C5DBE691438693215140388EC0C7DE80DE328BDE5BD7FC06F90568CEA40 registrar=16U*TwqBiH
[2026-10-04 17:45:24.072] [out] [delivery_module] DBG 2026-10-04 17:45:24.072+02:00 getting adverts                            topics="service-disco discoverer" tid=5880867 serviceId=key:913B5C5DBE691438693215140388EC0C7DE80DE328BDE5BD7FC06F90568CEA40 registrar=16U*iSrhve
[2026-10-04 17:45:24.072] [out] [delivery_module] DBG 2026-10-04 17:45:24.072+02:00 getting adverts                            topics="service-disco discoverer" tid=5880867 serviceId=key:913B5C5DBE691438693215140388EC0C7DE80DE328BDE5BD7FC06F90568CEA40 registrar=16U*Lqfd15
[2026-10-04 17:45:24.072] [out] [delivery_module] DBG 2026-10-04 17:45:24.072+02:00 Cannot insert self in routing table        topics="kad-dht rtable" tid=5880867 nodeId=key:0025080212210395E8A06BCC59748857E48B59188547983724AC21BDC79C0CD240F18DDB82DD64
[2026-10-04 17:45:24.072] [out] [delivery_module] DBG 2026-10-04 17:45:24.072+02:00 adverts found                              topics="service-disco discoverer" tid=5880867 serviceId=key:913B5C5DBE691438693215140388EC0C7DE80DE328BDE5BD7FC06F90568CEA40 remote=16U*Lqfd15 count=0
[2026-10-04 17:45:24.074] [out] [delivery_module] DBG 2026-10-04 17:45:24.074+02:00 getting adverts                            topics="service-disco discoverer" tid=5880867 serviceId=key:E6738033B5D413D13CF58622CEB4EF8F392E8D4EB073B56A5486CB0431B2F5D8 registrar=16U*iSrhve
[2026-10-04 17:45:24.074] [out] [delivery_module] DBG 2026-10-04 17:45:24.074+02:00 getting adverts                            topics="service-disco discoverer" tid=5880867 serviceId=key:E6738033B5D413D13CF58622CEB4EF8F392E8D4EB073B56A5486CB0431B2F5D8 registrar=16U*TwqBiH
[2026-10-04 17:45:24.074] [out] [delivery_module] DBG 2026-10-04 17:45:24.074+02:00 getting adverts                            topics="service-disco discoverer" tid=5880867 serviceId=key:E6738033B5D413D13CF58622CEB4EF8F392E8D4EB073B56A5486CB0431B2F5D8 registrar=16U*NSkuby
[2026-10-04 17:45:24.074] [out] [delivery_module] DBG 2026-10-04 17:45:24.074+02:00 getting adverts                            topics="service-disco discoverer" tid=5880867 serviceId=key:E6738033B5D413D13CF58622CEB4EF8F392E8D4EB073B56A5486CB0431B2F5D8 registrar=16U*Lqfd15
[2026-10-04 17:45:24.074] [out] [delivery_module] DBG 2026-10-04 17:45:24.074+02:00 Cannot insert self in routing table        topics="kad-dht rtable" tid=5880867 nodeId=key:0025080212210395E8A06BCC59748857E48B59188547983724AC21BDC79C0CD240F18DDB82DD64
[2026-10-04 17:45:24.074] [out] [delivery_module] DBG 2026-10-04 17:45:24.074+02:00 adverts found                              topics="service-disco discoverer" tid=5880867 serviceId=key:E6738033B5D413D13CF58622CEB4EF8F392E8D4EB073B56A5486CB0431B2F5D8 remote=16U*Lqfd15 count=1
[2026-10-04 17:45:24.557] [out] [delivery_module] DBG 2026-10-04 17:45:24.556+02:00 adverts found                              topics="service-disco discoverer" tid=5880867 serviceId=key:913B5C5DBE691438693215140388EC0C7DE80DE328BDE5BD7FC06F90568CEA40 remote=16U*NSkuby count=2
[2026-10-04 17:45:24.559] [out] [delivery_module] DBG 2026-10-04 17:45:24.559+02:00 adverts found                              topics="service-disco discoverer" tid=5880867 serviceId=key:E6738033B5D413D13CF58622CEB4EF8F392E8D4EB073B56A5486CB0431B2F5D8 remote=16U*NSkuby count=6
[2026-10-04 17:45:24.709] [out] [delivery_module] DBG 2026-10-04 17:45:24.709+02:00 MixSendProcessor.sendImpl failed           topics="send service mix processor" tid=5880867 error="No peers for topic, skipping publish"
[2026-10-04 17:45:24.742] [out] [delivery_module] DBG 2026-10-04 17:45:24.742+02:00 adverts found                              topics="service-disco discoverer" tid=5880867 serviceId=key:913B5C5DBE691438693215140388EC0C7DE80DE328BDE5BD7FC06F90568CEA40 remote=16U*iSrhve count=4
[2026-10-04 17:45:24.745] [out] [delivery_module] DBG 2026-10-04 17:45:24.745+02:00 adverts found                              topics="service-disco discoverer" tid=5880867 serviceId=key:E6738033B5D413D13CF58622CEB4EF8F392E8D4EB073B56A5486CB0431B2F5D8 remote=16U*iSrhve count=2
[2026-10-04 17:45:24.753] [out] [delivery_module] DBG 2026-10-04 17:45:24.753+02:00 adverts found                              topics="service-disco discoverer" tid=5880867 serviceId=key:913B5C5DBE691438693215140388EC0C7DE80DE328BDE5BD7FC06F90568CEA40 remote=16U*TwqBiH count=2
[2026-10-04 17:45:24.754] [out] [delivery_module] DBG 2026-10-04 17:45:24.754+02:00 getting adverts                            topics="service-disco discoverer" tid=5880867 serviceId=key:913B5C5DBE691438693215140388EC0C7DE80DE328BDE5BD7FC06F90568CEA40 registrar=16U*P1S397
[2026-10-04 17:45:24.754] [out] [delivery_module] DBG 2026-10-04 17:45:24.754+02:00 getting adverts                            topics="service-disco discoverer" tid=5880867 serviceId=key:913B5C5DBE691438693215140388EC0C7DE80DE328BDE5BD7FC06F90568CEA40 registrar=16U*T3UNSE
[2026-10-04 17:45:24.754] [out] [delivery_module] DBG 2026-10-04 17:45:24.754+02:00 getting adverts                            topics="service-disco discoverer" tid=5880867 serviceId=key:913B5C5DBE691438693215140388EC0C7DE80DE328BDE5BD7FC06F90568CEA40 registrar=16U*VpJprH
[2026-10-04 17:45:24.767] [out] [delivery_module] DBG 2026-10-04 17:45:24.767+02:00 adverts found                              topics="service-disco discoverer" tid=5880867 serviceId=key:E6738033B5D413D13CF58622CEB4EF8F392E8D4EB073B56A5486CB0431B2F5D8 remote=16U*TwqBiH count=3
[2026-10-04 17:45:24.768] [out] [delivery_module] DBG 2026-10-04 17:45:24.768+02:00 getting adverts                            topics="service-disco discoverer" tid=5880867 serviceId=key:E6738033B5D413D13CF58622CEB4EF8F392E8D4EB073B56A5486CB0431B2F5D8 registrar=16U*kGyuEP
[2026-10-04 17:45:24.953] [out] [delivery_module] DBG 2026-10-04 17:45:24.952+02:00 Local table insertion                      tid=5880867 key=key:00250802122103DC35FD6DD037DCD9C3C15C1504F95D627B23FA81197142C5E3B988E0607965E4 value=key:0A250802122103DC35FD6DD037DCD9C3C15C1504F95D627B23FA81197142C5E3B988E0607965E4120203011AC6010A2700250802122103DC35FD6DD037DCD9C3C15C1504F95D627B23FA81197142C5E3B988E0607965E410DAA7AC091A0A0A08048A447A8906765F1A0D0A0B048A447A899102765FCD031A2E0A2C362764656C69766572792D30312E646F2D616D73332E6C6F676F732E6465762E7374617475732E696D06765F222E0A0A2F6D69782F312E302E301220C288A425A6209C74EC07E2E8B6816E9B6995D1CD59B1AB482317C3DFB3BA200F221B0A0F2F6C6F676F732F64656C69766572791208415141444C2F383D2A46304402201373EA754F27064E95851F9A2E83D8D83B94CD8E7D9ECA51F37B65D00B94D1D902205104C96A8B1D3925A3B513E5DAE8FD322140B21C30C9B021A97DD741BF9134C0
[2026-10-04 17:45:25.298] [out] [delivery_module] WRN 2026-10-04 17:45:25.298+02:00 NAT port mapping failed                    topics="libp2p natservice" tid=5880867 port=65350 proto=mpTcp err="plum: mapping 0 failed"
[2026-10-04 17:45:25.546] [out] [delivery_module] DBG 2026-10-04 17:45:25.546+02:00 adverts found                              topics="service-disco discoverer" tid=5880867 serviceId=key:913B5C5DBE691438693215140388EC0C7DE80DE328BDE5BD7FC06F90568CEA40 remote=16U*P1S397 count=0
[2026-10-04 17:45:25.607] [out] [delivery_module] DBG 2026-10-04 17:45:25.607+02:00 adverts found                              topics="service-disco discoverer" tid=5880867 serviceId=key:E6738033B5D413D13CF58622CEB4EF8F392E8D4EB073B56A5486CB0431B2F5D8 remote=16U*kGyuEP count=6
[2026-10-04 17:45:25.609] [out] [delivery_module] DBG 2026-10-04 17:45:25.608+02:00 getting adverts                            topics="service-disco discoverer" tid=5880867 serviceId=key:E6738033B5D413D13CF58622CEB4EF8F392E8D4EB073B56A5486CB0431B2F5D8 registrar=16U*VpJprH
[2026-10-04 17:45:25.654] [out] [delivery_module] DBG 2026-10-04 17:45:25.654+02:00 adverts found                              topics="service-disco discoverer" tid=5880867 serviceId=key:913B5C5DBE691438693215140388EC0C7DE80DE328BDE5BD7FC06F90568CEA40 remote=16U*T3UNSE count=1
[2026-10-04 17:45:25.711] [out] [delivery_module] DBG 2026-10-04 17:45:25.711+02:00 Trying message delivery via Mix            topics="send service mix processor" tid=5880867 requestId=a692e8cf4d7dafa379aa msgHash=0x9a59b55101f89e4861760cc9e6558ca6715f387366a249d127ecf02d5b09feb8 tryCount=11
[2026-10-04 17:45:25.711] [out] [delivery_module] DBG 2026-10-04 17:45:25.711+02:00 Publishing message without RLN proof       tid=5880867
[2026-10-04 17:45:25.711] [out] [delivery_module] DBG 2026-10-04 17:45:25.711+02:00 Publishing message with lightpush          topics="waku node lightpush api" tid=5880867 pubsubTopic=/waku/2/rs/3/7 contentTopic=/lp0026forum/1/general/text target_peer_id=16U*P1S397 msg_hash=0x9a59b55101f89e4861760cc9e6558ca6715f387366a249d127ecf02d5b09feb8 mixify=true
[2026-10-04 17:45:25.711] [out] [delivery_module] DBG 2026-10-04 17:45:25.711+02:00 Publish                                    topics="waku lightpush client" tid=5880867 myPeerId=16U*Lqfd15 peerId= msgHash=0x9a59b55101f89e4861760cc9e6558ca6715f387366a249d127ecf02d5b09feb8 sentTime=1791128725711292928
[2026-10-04 17:45:25.711] [out] [delivery_module] DBG 2026-10-04 17:45:25.711+02:00 Destination data                           tid=5880867 destination=MixDestination[MixNode](16Uiu2HAm4S1JYkuzDKLKQvwgAhZKs9otxXqt8SCGtB4hoJP1S397)
[2026-10-04 17:45:25.711] [out] [delivery_module] DBG 2026-10-04 17:45:25.711+02:00 Selected mix node:                         tid=5880867 indexInPath=0 peerId=16U*TwqBiH
[2026-10-04 17:45:25.711] [out] [delivery_module] DBG 2026-10-04 17:45:25.711+02:00 Selected mix node:                         tid=5880867 indexInPath=1 peerId=16U*kGyuEP
[2026-10-04 17:45:25.711] [out] [delivery_module] DBG 2026-10-04 17:45:25.711+02:00 Selected mix node:                         tid=5880867 indexInPath=2 peerId=16U*P1S397
[2026-10-04 17:45:25.711] [out] [delivery_module] DBG 2026-10-04 17:45:25.711+02:00 Selected mix node for surbs:               tid=5880867 indexInPath=0 peerId=16U*VpJprH
[2026-10-04 17:45:25.711] [out] [delivery_module] DBG 2026-10-04 17:45:25.711+02:00 Selected mix node for surbs:               tid=5880867 indexInPath=1 peerId=16U*NSkuby
[2026-10-04 17:45:27.300] [out] [delivery_module] WRN 2026-10-04 17:45:27.300+02:00 NAT port mapping failed                    topics="libp2p natservice" tid=5880867 port=62334 proto=mpUdp err="plum: mapping 0 failed"
[2026-10-04 17:45:27.301] [out] [delivery_module] DBG 2026-10-04 17:45:27.301+02:00 Missed heartbeat                           topics="libp2p autonatservice" tid=5880867 heartbeat="Scheduling AutonatService run" delay=28s621ms366us hinterval=30s
[2026-10-04 17:45:28.693] [out] [delivery_module] DBG 2026-10-04 17:45:28.693+02:00 Connection upgrade failed                  topics="libp2p dialer" tid=5880867 description="Timeout exceeded!" peerId=16U*VpJprH address=/ip4/174.138.106.244/tcp/30303 hostname=174.138.106.244
[2026-10-04 17:45:28.693] [out] [delivery_module] DBG 2026-10-04 17:45:28.693+02:00 Out of time for the remaining addresses    topics="libp2p dialer" tid=5880867 peerId=16U*VpJprH addrs="[/ip4/174.138.106.244/tcp/30303, /dns4/delivery-02.do-ams3.logos.dev.status.im/tcp/30303]"
[2026-10-04 17:45:28.693] [out] [delivery_module] DBG 2026-10-04 17:45:28.693+02:00 Error dialing                              topics="libp2p dialer" tid=5880867 conn=nil peerId=16U*VpJprH protos="[/logos/service-discovery/1.0.0]" addrs="[/ip4/174.138.106.244/tcp/30303, /dns4/delivery-02.do-ams3.logos.dev.status.im/tcp/30303]" description="Unable to establish outgoing link in establishConnection: peer_id=16U*VpJprH addrs=@[/ip4/174.138.106.244/tcp/30303, /dns4/delivery-02.do-ams3.logos.dev.status.im/tcp/30303]"
[2026-10-04 17:45:28.693] [out] [delivery_module] DBG 2026-10-04 17:45:28.693+02:00 Dialing peer                               topics="libp2p dialer" tid=5880867 peerId=16U*VpJprH addrs="[/ip4/174.138.106.244/tcp/30303, /dns4/delivery-02.do-ams3.logos.dev.status.im/tcp/30303]"
[2026-10-04 17:45:28.693] [out] [delivery_module] DBG 2026-10-04 17:45:28.693+02:00 Expanded address and hostname              topics="libp2p dialer" tid=5880867 expandedAddress=/ip4/174.138.106.244/tcp/30303 hostname=174.138.106.244 resolvedAddresses="[/ip4/174.138.106.244/tcp/30303]"
[2026-10-04 17:45:28.703] [out] [delivery_module] DBG 2026-10-04 17:45:28.703+02:00 Kad lookup: RPC error                      topics="kad-dht find" tid=5880867 peer=16U*VpJprH msg="dialStage: timed out dialing the peer"
[2026-10-04 17:45:28.703] [out] [delivery_module] DBG 2026-10-04 17:45:28.703+02:00 Lookup query                               topics="kad-dht find" tid=5880867 peer=16U*kGyuEP
[2026-10-04 17:45:28.703] [out] [delivery_module] DBG 2026-10-04 17:45:28.703+02:00 Lookup query                               topics="kad-dht find" tid=5880867 peer=16U*T3UNSE
[2026-10-04 17:45:28.703] [out] [delivery_module] DBG 2026-10-04 17:45:28.703+02:00 Lookup query                               topics="kad-dht find" tid=5880867 peer=16U*P1S397
[2026-10-04 17:45:28.703] [out] [delivery_module] DBG 2026-10-04 17:45:28.703+02:00 Lookup query                               topics="kad-dht find" tid=5880867 peer=16U*VpJprH
[2026-10-04 17:45:28.703] [out] [delivery_module] DBG 2026-10-04 17:45:28.703+02:00 Lookup query                               topics="kad-dht find" tid=5880867 peer=16U*TwqBiH
[2026-10-04 17:45:28.703] [out] [delivery_module] DBG 2026-10-04 17:45:28.703+02:00 Lookup query                               topics="kad-dht find" tid=5880867 peer=16U*NSkuby
[2026-10-04 17:45:28.703] [out] [delivery_module] DBG 2026-10-04 17:45:28.703+02:00 Lookup query                               topics="kad-dht find" tid=5880867 peer=16U*iSrhve
[2026-10-04 17:45:28.704] [out] [delivery_module] DBG 2026-10-04 17:45:28.703+02:00 Lookup query                               topics="kad-dht find" tid=5880867 peer=16U*TwqBiH
[2026-10-04 17:45:28.704] [out] [delivery_module] DBG 2026-10-04 17:45:28.704+02:00 Lookup query                               topics="kad-dht find" tid=5880867 peer=16U*iSrhve
[2026-10-04 17:45:28.704] [out] [delivery_module] DBG 2026-10-04 17:45:28.704+02:00 Lookup query                               topics="kad-dht find" tid=5880867 peer=16U*NSkuby
[2026-10-04 17:45:28.704] [out] [delivery_module] DBG 2026-10-04 17:45:28.704+02:00 Lookup query                               topics="kad-dht find" tid=5880867 peer=16U*kGyuEP
[2026-10-04 17:45:28.704] [out] [delivery_module] DBG 2026-10-04 17:45:28.704+02:00 Lookup query                               topics="kad-dht find" tid=5880867 peer=16U*P1S397
[2026-10-04 17:45:28.704] [out] [delivery_module] DBG 2026-10-04 17:45:28.704+02:00 Lookup query                               topics="kad-dht find" tid=5880867 peer=16U*T3UNSE
[2026-10-04 17:45:28.704] [out] [delivery_module] DBG 2026-10-04 17:45:28.704+02:00 Lookup query                               topics="kad-dht find" tid=5880867 peer=16U*VpJprH
[2026-10-04 17:45:28.704] [out] [delivery_module] DBG 2026-10-04 17:45:28.704+02:00 Lookup query                               topics="kad-dht find" tid=5880867 peer=16U*NSkuby
[2026-10-04 17:45:28.704] [out] [delivery_module] DBG 2026-10-04 17:45:28.704+02:00 Lookup query                               topics="kad-dht find" tid=5880867 peer=16U*iSrhve
[2026-10-04 17:45:28.704] [out] [delivery_module] DBG 2026-10-04 17:45:28.704+02:00 Lookup query                               topics="kad-dht find" tid=5880867 peer=16U*TwqBiH
[2026-10-04 17:45:28.704] [out] [delivery_module] DBG 2026-10-04 17:45:28.704+02:00 Lookup query                               topics="kad-dht find" tid=5880867 peer=16U*T3UNSE
[2026-10-04 17:45:28.704] [out] [delivery_module] DBG 2026-10-04 17:45:28.704+02:00 Lookup query                               topics="kad-dht find" tid=5880867 peer=16U*P1S397
[2026-10-04 17:45:28.704] [out] [delivery_module] DBG 2026-10-04 17:45:28.704+02:00 Lookup query                               topics="kad-dht find" tid=5880867 peer=16U*VpJprH
[2026-10-04 17:45:28.704] [out] [delivery_module] DBG 2026-10-04 17:45:28.704+02:00 Lookup query                               topics="kad-dht find" tid=5880867 peer=16U*kGyuEP
[2026-10-04 17:45:29.756] [out] [delivery_module] DBG 2026-10-04 17:45:29.756+02:00 getting adverts                            topics="service-disco discoverer" tid=5880867 serviceId=key:913B5C5DBE691438693215140388EC0C7DE80DE328BDE5BD7FC06F90568CEA40 registrar=16U*kGyuEP
[2026-10-04 17:45:30.183] [out] [delivery_module] DBG 2026-10-04 17:45:30.183+02:00 Dialing failed                             topics="libp2p dialer" tid=5880867 description="Timeout exceeded!" peerId=16U*2pfeoX address=/ip4/192.168.68.53/tcp/27431 hostname=192.168.68.53
[2026-10-04 17:45:30.183] [out] [delivery_module] DBG 2026-10-04 17:45:30.183+02:00 Error dialing                              topics="libp2p dialer" tid=5880867 conn=nil peerId=16U*2pfeoX protos="[/logos/service-discovery/1.0.0]" addrs="[/ip4/192.168.68.53/udp/16011/quic-v1, /ip4/192.168.68.53/tcp/27431]" description="Unable to establish outgoing link in establishConnection: peer_id=16U*2pfeoX addrs=@[/ip4/192.168.68.53/udp/16011/quic-v1, /ip4/192.168.68.53/tcp/27431]"
[2026-10-04 17:45:30.183] [out] [delivery_module] DBG 2026-10-04 17:45:30.183+02:00 Dialing peer                               topics="libp2p dialer" tid=5880867 peerId=16U*2pfeoX addrs="[/ip4/192.168.68.53/udp/16011/quic-v1, /ip4/192.168.68.53/tcp/27431]"
[2026-10-04 17:45:30.183] [out] [delivery_module] DBG 2026-10-04 17:45:30.183+02:00 Expanded address and hostname              topics="libp2p dialer" tid=5880867 expandedAddress=/ip4/192.168.68.53/udp/16011/quic-v1 hostname=192.168.68.53 resolvedAddresses="[/ip4/192.168.68.53/udp/16011/quic-v1]"
[2026-10-04 17:45:30.183] [out] [delivery_module] DBG 2026-10-04 17:45:30.183+02:00 New connection established: client         tid=5880867
[2026-10-04 17:45:30.480] [out] [delivery_module] DBG 2026-10-04 17:45:30.480+02:00 adverts found                              topics="service-disco discoverer" tid=5880867 serviceId=key:913B5C5DBE691438693215140388EC0C7DE80DE328BDE5BD7FC06F90568CEA40 remote=16U*kGyuEP count=2
[2026-10-04 17:45:30.481] [out] [delivery_module] DBG 2026-10-04 17:45:30.481+02:00 Peer added via service discovery           topics="waku service discovery" tid=5880867 source="service lookup" peerId=16Uiu2HAm8Y9kgBNtjxvCnf1X6gnZJW5EGE4UwwCL3CCm55TwqBiH addresses="[/ip4/34.123.201.25/tcp/30303, /ip4/34.123.201.25/udp/30303/quic-v1, /dns4/delivery-02.gc-us-central1-a.logos.dev.status.im/tcp/30303]" protocols="[/mix/1.0.0]"
[2026-10-04 17:45:30.481] [out] [delivery_module] DBG 2026-10-04 17:45:30.481+02:00 Peer added via service discovery           topics="waku service discovery" tid=5880867 source="service lookup" peerId=16Uiu2HAkvwhGHKNry6LACrB8TmEFoCJKEX29XR5dDUzk3UT3UNSE addresses="[/ip4/43.99.103.10/tcp/30303, /ip4/43.99.103.10/udp/30303/quic-v1, /dns4/delivery-02.ac-cn-hongkong-c.logos.dev.status.im/tcp/30303]" protocols="[/mix/1.0.0]"
[2026-10-04 17:45:30.481] [out] [delivery_module] DBG 2026-10-04 17:45:30.481+02:00 Peer added via service discovery           topics="waku service discovery" tid=5880867 source="service lookup" peerId=16Uiu2HAm8YokiNun9BkeA1ZRmhLbtNUvcwRr64F69tYj9fkGyuEP addresses="[/ip4/47.242.130.189/tcp/30303, /ip4/47.242.130.189/udp/30303/quic-v1, /dns4/delivery-01.ac-cn-hongkong-c.logos.dev.status.im/tcp/30303]" protocols="[/mix/1.0.0]"
[2026-10-04 17:45:30.481] [out] [delivery_module] DBG 2026-10-04 17:45:30.481+02:00 Peer added via service discovery           topics="waku service discovery" tid=5880867 source="service lookup" peerId=16Uiu2HAm4S1JYkuzDKLKQvwgAhZKs9otxXqt8SCGtB4hoJP1S397 addresses="[/ip4/136.119.156.87/tcp/30303, /ip4/136.119.156.87/udp/30303/quic-v1, /dns4/delivery-01.gc-us-central1-a.logos.dev.status.im/tcp/30303]" protocols="[/mix/1.0.0]"
[2026-10-04 17:45:30.481] [out] [delivery_module] DBG 2026-10-04 17:45:30.481+02:00 Peer added via service discovery           topics="waku service discovery" tid=5880867 source="service lookup" peerId=16Uiu2HAmTUbnxLGT9JvV6mu9oPyDjqHK4Phs1VDJNUgESgNSkuby addresses="[/ip4/138.68.122.137/tcp/30303, /ip4/138.68.122.137/udp/30303/quic-v1, /dns4/delivery-01.do-ams3.logos.dev.status.im/tcp/30303]" protocols="[/mix/1.0.0]"
[2026-10-04 17:45:30.481] [out] [delivery_module] DBG 2026-10-04 17:45:30.481+02:00 Service lookup complete                    topics="waku service discovery" tid=5880867 service=/mix/1.0.0 found=5
[2026-10-04 17:45:30.482] [out] [delivery_module] DBG 2026-10-04 17:45:30.482+02:00 calculateConnectionState                   tid=5880867 relayCount=6 storeClientCount=5 lightpushCount=6 filterCount=6
[2026-10-04 17:45:30.609] [out] [delivery_module] DBG 2026-10-04 17:45:30.609+02:00 getting adverts                            topics="service-disco discoverer" tid=5880867 serviceId=key:E6738033B5D413D13CF58622CEB4EF8F392E8D4EB073B56A5486CB0431B2F5D8 registrar=16U*P1S397
[2026-10-04 17:45:30.609] [out] [delivery_module] DBG 2026-10-04 17:45:30.609+02:00 getting adverts                            topics="service-disco discoverer" tid=5880867 serviceId=key:E6738033B5D413D13CF58622CEB4EF8F392E8D4EB073B56A5486CB0431B2F5D8 registrar=16U*T3UNSE
[2026-10-04 17:45:30.713] [out] [delivery_module] DBG 2026-10-04 17:45:30.713+02:00 Mix lightpush timed out                    topics="waku node lightpush api" tid=5880867 pubsubTopic=/waku/2/rs/3/7 timeout=5s
[2026-10-04 17:45:30.713] [out] [delivery_module] DBG 2026-10-04 17:45:30.713+02:00 MixSendProcessor.sendImpl failed           topics="send service mix processor" tid=5880867 error="Waku lightpush over mix timed out"
[2026-10-04 17:45:31.138] [out] [delivery_module] DBG 2026-10-04 17:45:31.138+02:00 adverts found                              topics="service-disco discoverer" tid=5880867 serviceId=key:E6738033B5D413D13CF58622CEB4EF8F392E8D4EB073B56A5486CB0431B2F5D8 remote=16U*P1S397 count=7
[2026-10-04 17:45:31.716] [out] [delivery_module] DBG 2026-10-04 17:45:31.716+02:00 Trying message delivery via Mix            topics="send service mix processor" tid=5880867 requestId=a692e8cf4d7dafa379aa msgHash=0x9a59b55101f89e4861760cc9e6558ca6715f387366a249d127ecf02d5b09feb8 tryCount=12
[2026-10-04 17:45:31.716] [out] [delivery_module] DBG 2026-10-04 17:45:31.716+02:00 Publishing message without RLN proof       tid=5880867
[2026-10-04 17:45:31.716] [out] [delivery_module] DBG 2026-10-04 17:45:31.716+02:00 Publishing message with lightpush          topics="waku node lightpush api" tid=5880867 pubsubTopic=/waku/2/rs/3/7 contentTopic=/lp0026forum/1/general/text target_peer_id=16U*NSkuby msg_hash=0x9a59b55101f89e4861760cc9e6558ca6715f387366a249d127ecf02d5b09feb8 mixify=true
[2026-10-04 17:45:31.717] [out] [delivery_module] DBG 2026-10-04 17:45:31.716+02:00 Publish                                    topics="waku lightpush client" tid=5880867 myPeerId=16U*Lqfd15 peerId= msgHash=0x9a59b55101f89e4861760cc9e6558ca6715f387366a249d127ecf02d5b09feb8 sentTime=1791128731716990976
[2026-10-04 17:45:31.717] [out] [delivery_module] DBG 2026-10-04 17:45:31.717+02:00 Destination data                           tid=5880867 destination=MixDestination[MixNode](16Uiu2HAmTUbnxLGT9JvV6mu9oPyDjqHK4Phs1VDJNUgESgNSkuby)
[2026-10-04 17:45:31.717] [out] [delivery_module] DBG 2026-10-04 17:45:31.717+02:00 Selected mix node:                         tid=5880867 indexInPath=0 peerId=16U*P1S397
[2026-10-04 17:45:31.717] [out] [delivery_module] DBG 2026-10-04 17:45:31.717+02:00 Selected mix node:                         tid=5880867 indexInPath=1 peerId=16U*T3UNSE
[2026-10-04 17:45:31.717] [out] [delivery_module] DBG 2026-10-04 17:45:31.717+02:00 Selected mix node:                         tid=5880867 indexInPath=2 peerId=16U*NSkuby
[2026-10-04 17:45:31.717] [out] [delivery_module] DBG 2026-10-04 17:45:31.717+02:00 Selected mix node for surbs:               tid=5880867 indexInPath=0 peerId=16U*VpJprH
[2026-10-04 17:45:31.717] [out] [delivery_module] DBG 2026-10-04 17:45:31.717+02:00 Selected mix node for surbs:               tid=5880867 indexInPath=1 peerId=16U*T3UNSE
[2026-10-04 17:45:31.746] [out] [delivery_module] DBG 2026-10-04 17:45:31.746+02:00 adverts found                              topics="service-disco discoverer" tid=5880867 serviceId=key:E6738033B5D413D13CF58622CEB4EF8F392E8D4EB073B56A5486CB0431B2F5D8 remote=16U*T3UNSE count=2
[2026-10-04 17:45:31.748] [out] [delivery_module] DBG 2026-10-04 17:45:31.748+02:00 Peer added via service discovery           topics="waku service discovery" tid=5880867 source="service lookup" peerId=16Uiu2HAm4S1JYkuzDKLKQvwgAhZKs9otxXqt8SCGtB4hoJP1S397 addresses="[/ip4/136.119.156.87/tcp/30303, /ip4/136.119.156.87/udp/30303/quic-v1, /dns4/delivery-01.gc-us-central1-a.logos.dev.status.im/tcp/30303]" protocols="[/logos/delivery]"
[2026-10-04 17:45:31.748] [out] [delivery_module] DBG 2026-10-04 17:45:31.748+02:00 Peer added via service discovery           topics="waku service discovery" tid=5880867 source="service lookup" peerId=16Uiu2HAm75mHYCn97YHQ3auieTYohvJU9d3WGyGBAjnVc32pfeoX addresses="[/ip4/192.168.68.53/tcp/27431, /ip4/192.168.68.53/udp/16011/quic-v1]" protocols="[/logos/delivery]"
[2026-10-04 17:45:31.748] [out] [delivery_module] DBG 2026-10-04 17:45:31.748+02:00 Peer added via service discovery           topics="waku service discovery" tid=5880867 source="service lookup" peerId=16Uiu2HAmNkAqK5qpyC2yxPAhH1pngYWtmr7eSPggN9ucSDLqfd15 addresses="[/ip4/172.20.10.14/tcp/65350, /ip4/172.20.10.14/udp/62334/quic-v1]" protocols="[/logos/delivery]"
[2026-10-04 17:45:31.748] [out] [delivery_module] DBG 2026-10-04 17:45:31.748+02:00 Peer added via service discovery           topics="waku service discovery" tid=5880867 source="service lookup" peerId=16Uiu2HAkvwhGHKNry6LACrB8TmEFoCJKEX29XR5dDUzk3UT3UNSE addresses="[/ip4/43.99.103.10/tcp/30303, /ip4/43.99.103.10/udp/30303/quic-v1, /dns4/delivery-02.ac-cn-hongkong-c.logos.dev.status.im/tcp/30303]" protocols="[/logos/delivery]"
[2026-10-04 17:45:31.748] [out] [delivery_module] DBG 2026-10-04 17:45:31.748+02:00 Peer added via service discovery           topics="waku service discovery" tid=5880867 source="service lookup" peerId=16Uiu2HAm8Y9kgBNtjxvCnf1X6gnZJW5EGE4UwwCL3CCm55TwqBiH addresses="[/ip4/34.123.201.25/tcp/30303, /ip4/34.123.201.25/udp/30303/quic-v1, /dns4/delivery-02.gc-us-central1-a.logos.dev.status.im/tcp/30303]" protocols="[/logos/delivery]"
[2026-10-04 17:45:31.748] [out] [delivery_module] DBG 2026-10-04 17:45:31.748+02:00 Peer added via service discovery           topics="waku service discovery" tid=5880867 source="service lookup" peerId=16Uiu2HAm8YokiNun9BkeA1ZRmhLbtNUvcwRr64F69tYj9fkGyuEP addresses="[/ip4/47.242.130.189/tcp/30303, /ip4/47.242.130.189/udp/30303/quic-v1, /dns4/delivery-01.ac-cn-hongkong-c.logos.dev.status.im/tcp/30303]" protocols="[/logos/delivery]"
[2026-10-04 17:45:31.749] [out] [delivery_module] DBG 2026-10-04 17:45:31.748+02:00 Peer added via service discovery           topics="waku service discovery" tid=5880867 source="service lookup" peerId=16Uiu2HAmTUbnxLGT9JvV6mu9oPyDjqHK4Phs1VDJNUgESgNSkuby addresses="[/ip4/138.68.122.137/tcp/30303, /ip4/138.68.122.137/udp/30303/quic-v1, /dns4/delivery-01.do-ams3.logos.dev.status.im/tcp/30303]" protocols="[/logos/delivery]"
[2026-10-04 17:45:31.749] [out] [delivery_module] DBG 2026-10-04 17:45:31.749+02:00 Peer added via service discovery           topics="waku service discovery" tid=5880867 source="service lookup" peerId=16Uiu2HAm5hiDKtofKsaY3hNNyzzhFagoKo8uMWTFJ2huwMiSrhve addresses="[/ip4/173.42.114.210/tcp/37795]" protocols="[/logos/delivery]"
[2026-10-04 17:45:31.749] [out] [delivery_module] DBG 2026-10-04 17:45:31.749+02:00 Service lookup complete                    topics="waku service discovery" tid=5880867 service=/logos/delivery found=8
[2026-10-04 17:45:31.750] [out] [delivery_module] DBG 2026-10-04 17:45:31.750+02:00 calculateConnectionState                   tid=5880867 relayCount=6 storeClientCount=5 lightpushCount=6 filterCount=6
[2026-10-04 17:45:33.185] [out] [delivery_module] DBG 2026-10-04 17:45:33.185+02:00 Dialing failed                             topics="libp2p dialer" tid=5880867 description="quic dial timed out after 3s" peerId=16U*2pfeoX address=/ip4/192.168.68.53/udp/16011/quic-v1 hostname=192.168.68.53
[2026-10-04 17:45:33.185] [out] [delivery_module] DBG 2026-10-04 17:45:33.185+02:00 Expanded address and hostname              topics="libp2p dialer" tid=5880867 expandedAddress=/ip4/192.168.68.53/tcp/27431 hostname=192.168.68.53 resolvedAddresses="[/ip4/192.168.68.53/tcp/27431]"
[2026-10-04 17:45:33.706] [out] [delivery_module] DBG 2026-10-04 17:45:33.706+02:00 Lookup query                               topics="kad-dht find" tid=5880867 peer=16U*VpJprH
[2026-10-04 17:45:33.706] [out] [delivery_module] DBG 2026-10-04 17:45:33.706+02:00 Lookup query                               topics="kad-dht find" tid=5880867 peer=16U*VpJprH
[2026-10-04 17:45:33.707] [out] [delivery_module] DBG 2026-10-04 17:45:33.707+02:00 Lookup query                               topics="kad-dht find" tid=5880867 peer=16U*VpJprH
[2026-10-04 17:45:33.707] [out] [delivery_module] DBG 2026-10-04 17:45:33.707+02:00 Kad lookup: RPC error                      topics="kad-dht find" tid=5880867 peer=16U*VpJprH msg="waitStage: timed out waiting for the peer's stream"
[2026-10-04 17:45:33.707] [out] [delivery_module] DBG 2026-10-04 17:45:33.707+02:00 Kad lookup: RPC error                      topics="kad-dht find" tid=5880867 peer=16U*VpJprH msg="waitStage: timed out waiting for the peer's stream"
[2026-10-04 17:45:33.707] [out] [delivery_module] DBG 2026-10-04 17:45:33.707+02:00 Kad lookup: RPC error                      topics="kad-dht find" tid=5880867 peer=16U*VpJprH msg="dialStage: timed out dialing the peer"
[2026-10-04 17:45:36.724] [out] [delivery_module] DBG 2026-10-04 17:45:36.724+02:00 Mix lightpush timed out                    topics="waku node lightpush api" tid=5880867 pubsubTopic=/waku/2/rs/3/7 timeout=5s
[2026-10-04 17:45:36.724] [out] [delivery_module] DBG 2026-10-04 17:45:36.724+02:00 MixSendProcessor.sendImpl failed           topics="send service mix processor" tid=5880867 error="Waku lightpush over mix timed out"
[2026-10-04 17:45:36.724] [out] [delivery_module] ERR 2026-10-04 17:45:36.724+02:00 Failed to send message                     topics="send service" tid=5880867 requestId=a692e8cf4d7dafa379aa msgHash=withheld error="Unable to send within retry time window" age=1m3s588ms689us166ns
[2026-10-04 17:45:38.708] [out] [delivery_module] DBG 2026-10-04 17:45:38.708+02:00 Lookup query                               topics="kad-dht find" tid=5880867 peer=16U*VpJprH
[2026-10-04 17:45:38.708] [out] [delivery_module] DBG 2026-10-04 17:45:38.708+02:00 Lookup query                               topics="kad-dht find" tid=5880867 peer=16U*VpJprH
[2026-10-04 17:45:38.709] [out] [delivery_module] DBG 2026-10-04 17:45:38.708+02:00 Lookup query                               topics="kad-dht find" tid=5880867 peer=16U*VpJprH
[2026-10-04 17:45:38.709] [out] [delivery_module] DBG 2026-10-04 17:45:38.709+02:00 Kad lookup: RPC error                      topics="kad-dht find" tid=5880867 peer=16U*VpJprH msg="waitStage: timed out waiting for the peer's stream"
[2026-10-04 17:45:38.709] [out] [delivery_module] DBG 2026-10-04 17:45:38.709+02:00 Kad lookup: RPC error                      topics="kad-dht find" tid=5880867 peer=16U*VpJprH msg="waitStage: timed out waiting for the peer's stream"
[2026-10-04 17:45:38.709] [out] [delivery_module] DBG 2026-10-04 17:45:38.709+02:00 Kad lookup: RPC error                      topics="kad-dht find" tid=5880867 peer=16U*VpJprH msg="dialStage: timed out dialing the peer"
[2026-10-04 17:45:43.710] [out] [delivery_module] DBG 2026-10-04 17:45:43.710+02:00 Lookup query                               topics="kad-dht find" tid=5880867 peer=16U*VpJprH
[2026-10-04 17:45:43.711] [out] [delivery_module] DBG 2026-10-04 17:45:43.711+02:00 Lookup query                               topics="kad-dht find" tid=5880867 peer=16U*VpJprH
[2026-10-04 17:45:43.711] [out] [delivery_module] DBG 2026-10-04 17:45:43.711+02:00 Lookup query                               topics="kad-dht find" tid=5880867 peer=16U*VpJprH
[2026-10-04 17:45:43.711] [out] [delivery_module] DBG 2026-10-04 17:45:43.711+02:00 Kad lookup: RPC error                      topics="kad-dht find" tid=5880867 peer=16U*VpJprH msg="waitStage: timed out waiting for the peer's stream"
[2026-10-04 17:45:43.711] [out] [delivery_module] DBG 2026-10-04 17:45:43.711+02:00 Kad lookup: RPC error                      topics="kad-dht find" tid=5880867 peer=16U*VpJprH msg="waitStage: timed out waiting for the peer's stream"
[2026-10-04 17:45:43.711] [out] [delivery_module] DBG 2026-10-04 17:45:43.711+02:00 Kad lookup: RPC error                      topics="kad-dht find" tid=5880867 peer=16U*VpJprH msg="dialStage: timed out dialing the peer"
[2026-10-04 17:45:48.712] [out] [delivery_module] DBG 2026-10-04 17:45:48.712+02:00 Lookup query                               topics="kad-dht find" tid=5880867 peer=16U*VpJprH
[2026-10-04 17:45:48.712] [out] [delivery_module] DBG 2026-10-04 17:45:48.712+02:00 Lookup query                               topics="kad-dht find" tid=5880867 peer=16U*VpJprH
[2026-10-04 17:45:48.712] [out] [delivery_module] DBG 2026-10-04 17:45:48.712+02:00 Lookup query                               topics="kad-dht find" tid=5880867 peer=16U*VpJprH
[2026-10-04 17:45:48.712] [out] [delivery_module] DBG 2026-10-04 17:45:48.712+02:00 Kad lookup: RPC error                      topics="kad-dht find" tid=5880867 peer=16U*VpJprH msg="waitStage: timed out waiting for the peer's stream"
[2026-10-04 17:45:48.712] [out] [delivery_module] DBG 2026-10-04 17:45:48.712+02:00 Kad lookup: RPC error                      topics="kad-dht find" tid=5880867 peer=16U*VpJprH msg="waitStage: timed out waiting for the peer's stream"
[2026-10-04 17:45:48.712] [out] [delivery_module] DBG 2026-10-04 17:45:48.712+02:00 Kad lookup: RPC error                      topics="kad-dht find" tid=5880867 peer=16U*VpJprH msg="dialStage: timed out dialing the peer"
[2026-10-04 17:45:51.003] [info] [logos] [delivery_module] DeliveryModuleImpl::send called with contentTopic: /lp0026forum/1/general/text
[2026-10-04 17:45:51.004] [out] [delivery_module] DBG 2026-10-04 17:45:51.004+02:00 SendService.send: processing delivery task topics="send service" tid=5880867 requestId=dfb38f8160b793da7496 msgHash=0x18a5c9430e5c810b1314bd12a48b0ad372bd82f716de9f4215d6bb6e89b058c5
[2026-10-04 17:45:51.004] [info] [logos] [delivery_module] DeliveryModuleImpl: Send initiated for topic: /lp0026forum/1/general/text, with success, requestId: dfb38f8160b793da7496
[2026-10-04 17:45:51.005] [out] [delivery_module] DBG 2026-10-04 17:45:51.004+02:00 Trying message delivery via Mix            topics="send service mix processor" tid=5880867 requestId=dfb38f8160b793da7496 msgHash=0x18a5c9430e5c810b1314bd12a48b0ad372bd82f716de9f4215d6bb6e89b058c5 tryCount=1
[2026-10-04 17:45:51.005] [out] [delivery_module] DBG 2026-10-04 17:45:51.005+02:00 Publishing message without RLN proof       tid=5880867
[2026-10-04 17:45:51.005] [out] [delivery_module] DBG 2026-10-04 17:45:51.005+02:00 Publishing message with lightpush          topics="waku node lightpush api" tid=5880867 pubsubTopic=/waku/2/rs/3/7 contentTopic=/lp0026forum/1/general/text target_peer_id=16U*P1S397 msg_hash=0x18a5c9430e5c810b1314bd12a48b0ad372bd82f716de9f4215d6bb6e89b058c5 mixify=true
[2026-10-04 17:45:51.005] [out] [delivery_module] DBG 2026-10-04 17:45:51.005+02:00 Publish                                    topics="waku lightpush client" tid=5880867 myPeerId=16U*Lqfd15 peerId= msgHash=0x18a5c9430e5c810b1314bd12a48b0ad372bd82f716de9f4215d6bb6e89b058c5 sentTime=1791128751005186048
[2026-10-04 17:45:51.005] [out] [delivery_module] DBG 2026-10-04 17:45:51.005+02:00 Destination data                           tid=5880867 destination=MixDestination[MixNode](16Uiu2HAm4S1JYkuzDKLKQvwgAhZKs9otxXqt8SCGtB4hoJP1S397)
[2026-10-04 17:45:51.005] [out] [delivery_module] DBG 2026-10-04 17:45:51.005+02:00 Selected mix node:                         tid=5880867 indexInPath=0 peerId=16U*VpJprH
[2026-10-04 17:45:51.005] [out] [delivery_module] DBG 2026-10-04 17:45:51.005+02:00 Selected mix node:                         tid=5880867 indexInPath=1 peerId=16U*T3UNSE
[2026-10-04 17:45:51.005] [out] [delivery_module] DBG 2026-10-04 17:45:51.005+02:00 Selected mix node:                         tid=5880867 indexInPath=2 peerId=16U*P1S397
[2026-10-04 17:45:51.005] [out] [delivery_module] DBG 2026-10-04 17:45:51.005+02:00 Selected mix node for surbs:               tid=5880867 indexInPath=0 peerId=16U*kGyuEP
[2026-10-04 17:45:51.005] [out] [delivery_module] DBG 2026-10-04 17:45:51.005+02:00 Selected mix node for surbs:               tid=5880867 indexInPath=1 peerId=16U*NSkuby
[2026-10-04 17:45:53.713] [out] [delivery_module] DBG 2026-10-04 17:45:53.713+02:00 Lookup query                               topics="kad-dht find" tid=5880867 peer=16U*VpJprH
[2026-10-04 17:45:53.713] [out] [delivery_module] DBG 2026-10-04 17:45:53.713+02:00 Lookup query                               topics="kad-dht find" tid=5880867 peer=16U*VpJprH
[2026-10-04 17:45:53.713] [out] [delivery_module] DBG 2026-10-04 17:45:53.713+02:00 Lookup query                               topics="kad-dht find" tid=5880867 peer=16U*VpJprH
[2026-10-04 17:45:53.713] [out] [delivery_module] DBG 2026-10-04 17:45:53.713+02:00 Kad lookup: RPC error                      topics="kad-dht find" tid=5880867 peer=16U*VpJprH msg="waitStage: timed out waiting for the peer's stream"
[2026-10-04 17:45:53.713] [out] [delivery_module] DBG 2026-10-04 17:45:53.713+02:00 Kad lookup: RPC error                      topics="kad-dht find" tid=5880867 peer=16U*VpJprH msg="waitStage: timed out waiting for the peer's stream"
[2026-10-04 17:45:53.713] [out] [delivery_module] DBG 2026-10-04 17:45:53.713+02:00 Kad lookup: RPC error                      topics="kad-dht find" tid=5880867 peer=16U*VpJprH msg="dialStage: timed out dialing the peer"
[2026-10-04 17:45:56.010] [out] [delivery_module] DBG 2026-10-04 17:45:56.010+02:00 Mix lightpush timed out                    topics="waku node lightpush api" tid=5880867 pubsubTopic=/waku/2/rs/3/7 timeout=5s
[2026-10-04 17:45:56.010] [out] [delivery_module] DBG 2026-10-04 17:45:56.010+02:00 MixSendProcessor.sendImpl failed           topics="send service mix processor" tid=5880867 error="Waku lightpush over mix timed out"
[2026-10-04 17:45:56.749] [out] [delivery_module] DBG 2026-10-04 17:45:56.749+02:00 Trying message delivery via Mix            topics="send service mix processor" tid=5880867 requestId=dfb38f8160b793da7496 msgHash=0x18a5c9430e5c810b1314bd12a48b0ad372bd82f716de9f4215d6bb6e89b058c5 tryCount=2
[2026-10-04 17:45:56.750] [out] [delivery_module] DBG 2026-10-04 17:45:56.750+02:00 Publishing message without RLN proof       tid=5880867
[2026-10-04 17:45:56.750] [out] [delivery_module] DBG 2026-10-04 17:45:56.750+02:00 Publishing message with lightpush          topics="waku node lightpush api" tid=5880867 pubsubTopic=/waku/2/rs/3/7 contentTopic=/lp0026forum/1/general/text target_peer_id=16U*TwqBiH msg_hash=0x18a5c9430e5c810b1314bd12a48b0ad372bd82f716de9f4215d6bb6e89b058c5 mixify=true
[2026-10-04 17:45:56.750] [out] [delivery_module] DBG 2026-10-04 17:45:56.750+02:00 Publish                                    topics="waku lightpush client" tid=5880867 myPeerId=16U*Lqfd15 peerId= msgHash=0x18a5c9430e5c810b1314bd12a48b0ad372bd82f716de9f4215d6bb6e89b058c5 sentTime=1791128756750243072
[2026-10-04 17:45:56.750] [out] [delivery_module] DBG 2026-10-04 17:45:56.750+02:00 Destination data                           tid=5880867 destination=MixDestination[MixNode](16Uiu2HAm8Y9kgBNtjxvCnf1X6gnZJW5EGE4UwwCL3CCm55TwqBiH)
[2026-10-04 17:45:56.750] [out] [delivery_module] DBG 2026-10-04 17:45:56.750+02:00 Selected mix node:                         tid=5880867 indexInPath=0 peerId=16U*T3UNSE
[2026-10-04 17:45:56.750] [out] [delivery_module] DBG 2026-10-04 17:45:56.750+02:00 Selected mix node:                         tid=5880867 indexInPath=1 peerId=16U*VpJprH
[2026-10-04 17:45:56.750] [out] [delivery_module] DBG 2026-10-04 17:45:56.750+02:00 Selected mix node:                         tid=5880867 indexInPath=2 peerId=16U*TwqBiH
[2026-10-04 17:45:56.750] [out] [delivery_module] DBG 2026-10-04 17:45:56.750+02:00 Selected mix node for surbs:               tid=5880867 indexInPath=0 peerId=16U*P1S397
[2026-10-04 17:45:56.750] [out] [delivery_module] DBG 2026-10-04 17:45:56.750+02:00 Selected mix node for surbs:               tid=5880867 indexInPath=1 peerId=16U*kGyuEP
[2026-10-04 17:45:58.679] [out] [delivery_module] DBG 2026-10-04 17:45:58.679+02:00 Maintaining subscriptions                  topics="waku filter" tid=5880867
[2026-10-04 17:45:58.679] [out] [delivery_module] DBG 2026-10-04 17:45:58.679+02:00 Cleanup                                    topics="waku filter subscriptions" tid=5880867 currentPeerIds=[]
[2026-10-04 17:45:58.679] [out] [delivery_module] DBG 2026-10-04 17:45:58.679+02:00 After cleanup                              topics="waku filter subscriptions" tid=5880867 currentPeerIds=[]
[2026-10-04 17:45:58.693] [out] [delivery_module] DBG 2026-10-04 17:45:58.693+02:00 Missed heartbeat                           topics="kad-dht" tid=5880867 heartbeat="Checking routing table size" delay=3ms744us209ns hinterval=1m
[2026-10-04 17:45:58.695] [out] [delivery_module] DBG 2026-10-04 17:45:58.694+02:00 Connection upgrade failed                  topics="libp2p dialer" tid=5880867 description="Timeout exceeded!" peerId=16U*VpJprH address=/ip4/174.138.106.244/tcp/30303 hostname=174.138.106.244
[2026-10-04 17:45:58.695] [out] [delivery_module] DBG 2026-10-04 17:45:58.695+02:00 Out of time for the remaining addresses    topics="libp2p dialer" tid=5880867 peerId=16U*VpJprH addrs="[/ip4/174.138.106.244/tcp/30303, /dns4/delivery-02.do-ams3.logos.dev.status.im/tcp/30303]"
[2026-10-04 17:45:58.695] [out] [delivery_module] DBG 2026-10-04 17:45:58.695+02:00 Error dialing                              topics="libp2p dialer" tid=5880867 conn=nil peerId=16U*VpJprH protos="[/logos/service-discovery/1.0.0]" addrs="[/ip4/174.138.106.244/tcp/30303, /dns4/delivery-02.do-ams3.logos.dev.status.im/tcp/30303]" description="Unable to establish outgoing link in establishConnection: peer_id=16U*VpJprH addrs=@[/ip4/174.138.106.244/tcp/30303, /dns4/delivery-02.do-ams3.logos.dev.status.im/tcp/30303]"
[2026-10-04 17:45:58.695] [out] [delivery_module] DBG 2026-10-04 17:45:58.695+02:00 Dialing peer                               topics="libp2p dialer" tid=5880867 peerId=16U*VpJprH addrs="[/ip4/174.138.106.244/tcp/30303, /dns4/delivery-02.do-ams3.logos.dev.status.im/tcp/30303]"
[2026-10-04 17:45:58.695] [out] [delivery_module] DBG 2026-10-04 17:45:58.695+02:00 Expanded address and hostname              topics="libp2p dialer" tid=5880867 expandedAddress=/ip4/174.138.106.244/tcp/30303 hostname=174.138.106.244 resolvedAddresses="[/ip4/174.138.106.244/tcp/30303]"
[2026-10-04 17:46:00.185] [out] [delivery_module] DBG 2026-10-04 17:46:00.185+02:00 Dialing failed                             topics="libp2p dialer" tid=5880867 description="Timeout exceeded!" peerId=16U*2pfeoX address=/ip4/192.168.68.53/tcp/27431 hostname=192.168.68.53
[2026-10-04 17:46:00.186] [out] [delivery_module] DBG 2026-10-04 17:46:00.185+02:00 Error dialing                              topics="libp2p dialer" tid=5880867 conn=nil peerId=16U*2pfeoX protos="[/logos/service-discovery/1.0.0]" addrs="[/ip4/192.168.68.53/udp/16011/quic-v1, /ip4/192.168.68.53/tcp/27431]" description="Unable to establish outgoing link in establishConnection: peer_id=16U*2pfeoX addrs=@[/ip4/192.168.68.53/udp/16011/quic-v1, /ip4/192.168.68.53/tcp/27431]"
[2026-10-04 17:46:00.186] [out] [delivery_module] DBG 2026-10-04 17:46:00.186+02:00 Dialing peer                               topics="libp2p dialer" tid=5880867 peerId=16U*2pfeoX addrs="[/ip4/192.168.68.53/udp/16011/quic-v1, /ip4/192.168.68.53/tcp/27431]"
[2026-10-04 17:46:00.186] [out] [delivery_module] DBG 2026-10-04 17:46:00.186+02:00 Expanded address and hostname              topics="libp2p dialer" tid=5880867 expandedAddress=/ip4/192.168.68.53/udp/16011/quic-v1 hostname=192.168.68.53 resolvedAddresses="[/ip4/192.168.68.53/udp/16011/quic-v1]"
[2026-10-04 17:46:00.186] [out] [delivery_module] DBG 2026-10-04 17:46:00.186+02:00 New connection established: client         tid=5880867
[2026-10-04 17:46:01.755] [out] [delivery_module] DBG 2026-10-04 17:46:01.755+02:00 Mix lightpush timed out                    topics="waku node lightpush api" tid=5880867 pubsubTopic=/waku/2/rs/3/7 timeout=5s
[2026-10-04 17:46:01.755] [out] [delivery_module] DBG 2026-10-04 17:46:01.755+02:00 MixSendProcessor.sendImpl failed           topics="send service mix processor" tid=5880867 error="Waku lightpush over mix timed out"
[2026-10-04 17:46:02.757] [out] [delivery_module] DBG 2026-10-04 17:46:02.757+02:00 Trying message delivery via Mix            topics="send service mix processor" tid=5880867 requestId=dfb38f8160b793da7496 msgHash=0x18a5c9430e5c810b1314bd12a48b0ad372bd82f716de9f4215d6bb6e89b058c5 tryCount=3
[2026-10-04 17:46:02.757] [out] [delivery_module] DBG 2026-10-04 17:46:02.757+02:00 Publishing message without RLN proof       tid=5880867
[2026-10-04 17:46:02.757] [out] [delivery_module] DBG 2026-10-04 17:46:02.757+02:00 Publishing message with lightpush          topics="waku node lightpush api" tid=5880867 pubsubTopic=/waku/2/rs/3/7 contentTopic=/lp0026forum/1/general/text target_peer_id=16U*P1S397 msg_hash=0x18a5c9430e5c810b1314bd12a48b0ad372bd82f716de9f4215d6bb6e89b058c5 mixify=true
[2026-10-04 17:46:02.757] [out] [delivery_module] DBG 2026-10-04 17:46:02.757+02:00 Publish                                    topics="waku lightpush client" tid=5880867 myPeerId=16U*Lqfd15 peerId= msgHash=0x18a5c9430e5c810b1314bd12a48b0ad372bd82f716de9f4215d6bb6e89b058c5 sentTime=1791128762757574144
[2026-10-04 17:46:02.757] [out] [delivery_module] DBG 2026-10-04 17:46:02.757+02:00 Destination data                           tid=5880867 destination=MixDestination[MixNode](16Uiu2HAm4S1JYkuzDKLKQvwgAhZKs9otxXqt8SCGtB4hoJP1S397)
[2026-10-04 17:46:02.757] [out] [delivery_module] DBG 2026-10-04 17:46:02.757+02:00 Selected mix node:                         tid=5880867 indexInPath=0 peerId=16U*NSkuby
[2026-10-04 17:46:02.757] [out] [delivery_module] DBG 2026-10-04 17:46:02.757+02:00 Selected mix node:                         tid=5880867 indexInPath=1 peerId=16U*VpJprH
[2026-10-04 17:46:02.757] [out] [delivery_module] DBG 2026-10-04 17:46:02.757+02:00 Selected mix node:                         tid=5880867 indexInPath=2 peerId=16U*P1S397
[2026-10-04 17:46:02.757] [out] [delivery_module] DBG 2026-10-04 17:46:02.757+02:00 Selected mix node for surbs:               tid=5880867 indexInPath=0 peerId=16U*VpJprH
[2026-10-04 17:46:02.758] [out] [delivery_module] DBG 2026-10-04 17:46:02.758+02:00 Selected mix node for surbs:               tid=5880867 indexInPath=1 peerId=16U*TwqBiH
[2026-10-04 17:46:03.187] [out] [delivery_module] DBG 2026-10-04 17:46:03.187+02:00 Dialing failed                             topics="libp2p dialer" tid=5880867 description="quic dial timed out after 3s" peerId=16U*2pfeoX address=/ip4/192.168.68.53/udp/16011/quic-v1 hostname=192.168.68.53
[2026-10-04 17:46:03.187] [out] [delivery_module] DBG 2026-10-04 17:46:03.187+02:00 Expanded address and hostname              topics="libp2p dialer" tid=5880867 expandedAddress=/ip4/192.168.68.53/tcp/27431 hostname=192.168.68.53 resolvedAddresses="[/ip4/192.168.68.53/tcp/27431]"
[2026-10-04 17:46:07.763] [out] [delivery_module] DBG 2026-10-04 17:46:07.762+02:00 Mix lightpush timed out                    topics="waku node lightpush api" tid=5880867 pubsubTopic=/waku/2/rs/3/7 timeout=5s
[2026-10-04 17:46:07.763] [out] [delivery_module] DBG 2026-10-04 17:46:07.763+02:00 MixSendProcessor.sendImpl failed           topics="send service mix processor" tid=5880867 error="Waku lightpush over mix timed out"
[2026-10-04 17:46:08.764] [out] [delivery_module] DBG 2026-10-04 17:46:08.764+02:00 Trying message delivery via Mix            topics="send service mix processor" tid=5880867 requestId=dfb38f8160b793da7496 msgHash=0x18a5c9430e5c810b1314bd12a48b0ad372bd82f716de9f4215d6bb6e89b058c5 tryCount=4
[2026-10-04 17:46:08.764] [out] [delivery_module] DBG 2026-10-04 17:46:08.764+02:00 Publishing message without RLN proof       tid=5880867
[2026-10-04 17:46:08.764] [out] [delivery_module] DBG 2026-10-04 17:46:08.764+02:00 Publishing message with lightpush          topics="waku node lightpush api" tid=5880867 pubsubTopic=/waku/2/rs/3/7 contentTopic=/lp0026forum/1/general/text target_peer_id=16U*kGyuEP msg_hash=0x18a5c9430e5c810b1314bd12a48b0ad372bd82f716de9f4215d6bb6e89b058c5 mixify=true
[2026-10-04 17:46:08.765] [out] [delivery_module] DBG 2026-10-04 17:46:08.764+02:00 Publish                                    topics="waku lightpush client" tid=5880867 myPeerId=16U*Lqfd15 peerId= msgHash=0x18a5c9430e5c810b1314bd12a48b0ad372bd82f716de9f4215d6bb6e89b058c5 sentTime=1791128768764945920
[2026-10-04 17:46:08.765] [out] [delivery_module] DBG 2026-10-04 17:46:08.764+02:00 Destination data                           tid=5880867 destination=MixDestination[MixNode](16Uiu2HAm8YokiNun9BkeA1ZRmhLbtNUvcwRr64F69tYj9fkGyuEP)
[2026-10-04 17:46:08.765] [out] [delivery_module] DBG 2026-10-04 17:46:08.765+02:00 Selected mix node:                         tid=5880867 indexInPath=0 peerId=16U*P1S397
[2026-10-04 17:46:08.765] [out] [delivery_module] DBG 2026-10-04 17:46:08.765+02:00 Selected mix node:                         tid=5880867 indexInPath=1 peerId=16U*VpJprH
[2026-10-04 17:46:08.765] [out] [delivery_module] DBG 2026-10-04 17:46:08.765+02:00 Selected mix node:                         tid=5880867 indexInPath=2 peerId=16U*kGyuEP
[2026-10-04 17:46:08.765] [out] [delivery_module] DBG 2026-10-04 17:46:08.765+02:00 Selected mix node for surbs:               tid=5880867 indexInPath=0 peerId=16U*TwqBiH
[2026-10-04 17:46:08.765] [out] [delivery_module] DBG 2026-10-04 17:46:08.765+02:00 Selected mix node for surbs:               tid=5880867 indexInPath=1 peerId=16U*T3UNSE
[2026-10-04 17:46:13.770] [out] [delivery_module] DBG 2026-10-04 17:46:13.770+02:00 Mix lightpush timed out                    topics="waku node lightpush api" tid=5880867 pubsubTopic=/waku/2/rs/3/7 timeout=5s
[2026-10-04 17:46:13.770] [out] [delivery_module] DBG 2026-10-04 17:46:13.770+02:00 MixSendProcessor.sendImpl failed           topics="send service mix processor" tid=5880867 error="Waku lightpush over mix timed out"
[2026-10-04 17:46:14.292] [out] [delivery_module] DBG 2026-10-04 17:46:14.292+02:00 dialMe answer is not reachable             topics="libp2p autonatservice" tid=5880867 description="Peer could not dial us back: Dial timeout" peerId=16Uiu2HAmTUbnxLGT9JvV6mu9oPyDjqHK4Phs1VDJNUgESgNSkuby
[2026-10-04 17:46:14.292] [out] [delivery_module] DBG 2026-10-04 17:46:14.292+02:00 Current status                             topics="libp2p autonatservice" tid=5880867 currentStats=NotReachable confidence=ok(1.0) answers=[NotReachable, NotReachable, NotReachable]
[2026-10-04 17:46:14.734] [out] [delivery_module] DBG 2026-10-04 17:46:14.734+02:00 Dialing multiple peers                     topics="waku node peer_manager" tid=5880867 numOfPeers=2 nodes="@[16Uiu2HAm3XojbQ67ChLTeUQZTu57mWiDTgESFyXwRec86doN8hgK, 16Uiu2HAmMK7PYygBtKUQ8EHp7EfaD3bCEsJrkFooK8RQ2PVpJprH]"
[2026-10-04 17:46:14.734] [out] [delivery_module] DBG 2026-10-04 17:46:14.734+02:00 Dialing peer                               topics="libp2p dialer" tid=5880867 peerId=16U*oN8hgK addrs="[/ip4/173.42.114.210/tcp/45583]"
[2026-10-04 17:46:14.734] [out] [delivery_module] DBG 2026-10-04 17:46:14.734+02:00 Expanded address and hostname              topics="libp2p dialer" tid=5880867 expandedAddress=/ip4/173.42.114.210/tcp/45583 hostname=173.42.114.210 resolvedAddresses="[/ip4/173.42.114.210/tcp/45583]"
[2026-10-04 17:46:14.772] [out] [delivery_module] DBG 2026-10-04 17:46:14.772+02:00 Trying message delivery via Mix            topics="send service mix processor" tid=5880867 requestId=dfb38f8160b793da7496 msgHash=0x18a5c9430e5c810b1314bd12a48b0ad372bd82f716de9f4215d6bb6e89b058c5 tryCount=5
[2026-10-04 17:46:14.772] [out] [delivery_module] DBG 2026-10-04 17:46:14.772+02:00 Publishing message without RLN proof       tid=5880867
[2026-10-04 17:46:14.772] [out] [delivery_module] DBG 2026-10-04 17:46:14.772+02:00 Publishing message with lightpush          topics="waku node lightpush api" tid=5880867 pubsubTopic=/waku/2/rs/3/7 contentTopic=/lp0026forum/1/general/text target_peer_id=16U*P1S397 msg_hash=0x18a5c9430e5c810b1314bd12a48b0ad372bd82f716de9f4215d6bb6e89b058c5 mixify=true
[2026-10-04 17:46:14.772] [out] [delivery_module] DBG 2026-10-04 17:46:14.772+02:00 Publish                                    topics="waku lightpush client" tid=5880867 myPeerId=16U*Lqfd15 peerId= msgHash=0x18a5c9430e5c810b1314bd12a48b0ad372bd82f716de9f4215d6bb6e89b058c5 sentTime=1791128774772578048
[2026-10-04 17:46:14.772] [out] [delivery_module] DBG 2026-10-04 17:46:14.772+02:00 Destination data                           tid=5880867 destination=MixDestination[MixNode](16Uiu2HAm4S1JYkuzDKLKQvwgAhZKs9otxXqt8SCGtB4hoJP1S397)
[2026-10-04 17:46:14.772] [out] [delivery_module] DBG 2026-10-04 17:46:14.772+02:00 Selected mix node:                         tid=5880867 indexInPath=0 peerId=16U*T3UNSE
[2026-10-04 17:46:14.772] [out] [delivery_module] DBG 2026-10-04 17:46:14.772+02:00 Selected mix node:                         tid=5880867 indexInPath=1 peerId=16U*NSkuby
[2026-10-04 17:46:14.772] [out] [delivery_module] DBG 2026-10-04 17:46:14.772+02:00 Selected mix node:                         tid=5880867 indexInPath=2 peerId=16U*P1S397
[2026-10-04 17:46:14.772] [out] [delivery_module] DBG 2026-10-04 17:46:14.772+02:00 Selected mix node for surbs:               tid=5880867 indexInPath=0 peerId=16U*TwqBiH
[2026-10-04 17:46:14.772] [out] [delivery_module] DBG 2026-10-04 17:46:14.772+02:00 Selected mix node for surbs:               tid=5880867 indexInPath=1 peerId=16U*kGyuEP
[2026-10-04 17:46:14.922] [out] [delivery_module] DBG 2026-10-04 17:46:14.922+02:00 Dialing failed                             topics="libp2p dialer" tid=5880867 description="TcpTransport dial error: (61) Connection refused" peerId=16U*oN8hgK address=/ip4/173.42.114.210/tcp/45583 hostname=173.42.114.210
[2026-10-04 17:46:15.731] [out] [delivery_module] INF 2026-10-04 17:46:15.731+02:00 Message received                           tid=5880867 msg_hash=0x18a5c9430e5c810b1314bd12a48b0ad372bd82f716de9f4215d6bb6e89b058c5 contentTopic=/lp0026forum/1/general/text pubsubTopic=/waku/2/rs/3/7 source=live
[2026-10-04 17:46:15.974] [out] [delivery_module] DBG 2026-10-04 17:46:15.974+02:00 Message propagated via Mix                 topics="send service mix processor" tid=5880867 requestId=dfb38f8160b793da7496 msgHash=0x18a5c9430e5c810b1314bd12a48b0ad372bd82f716de9f4215d6bb6e89b058c5
[2026-10-04 17:46:15.974] [out] [delivery_module] INF 2026-10-04 17:46:15.974+02:00 Message successfully propagated            topics="send service" tid=5880867 requestId=dfb38f8160b793da7496 msgHash=withheld
[2026-10-04 17:46:15.974] [out] [delivery_module] INF 2026-10-04 17:46:15.974+02:00 Message successfully sent over mix         topics="send service" tid=5880867 requestId=dfb38f8160b793da7496
[2026-10-04 17:46:16.034] [warning] [logos] [capability_module] Warning: QObject::connect: No such signal ::eventResponse(QString,QVariantList)
[2026-10-04 17:46:16.036] [info] [logos] [storage_module] StorageModuleImpl::init called
[2026-10-04 17:46:16.064] [out] [storage_module] WRN 2026-10-04 17:46:16.064+02:00 Data directory has insecure permissions. Correcting them. tid=5886956 data_dir=~/.local/share/lp0026-forum-dev/m7-storage/a-storage current_permissions=0755 required_permissions=0700
[2026-10-04 17:46:16.064] [out] [storage_module] INF 2026-10-04 17:46:16.064+02:00 Creating a private key and saving it       tid=5886956
[2026-10-04 17:46:16.065] [out] [storage_module] WRN 2026-10-04 17:46:16.065+02:00 Node has been marked with --no-bootstrap-node and will NOT be bootstrapped topics="libstorage libstoragelifecycle" tid=5886956
[2026-10-04 17:46:16.067] [out] [storage_module] INF 2026-10-04 17:46:16.067+02:00 Threadpool started                         topics="libstorage libstoragelifecycle" tid=5886956 numThreads=12
[2026-10-04 17:46:16.070] [info] [logos] [storage_module] StorageModuleImpl::start called
[2026-10-04 17:46:16.071] [out] [storage_module] WRN 2026-10-04 17:46:16.071+02:00 No key for a QueryResponse                 topics="storage repostore" tid=5886956
[2026-10-04 17:46:16.073] [out] [storage_module] NTC 2026-10-04 17:46:16.073+02:00 Started Storage node                       topics="storage node" tid=5886956 id=16U*P6eung addrs="[/ip4/127.0.0.1/tcp/8571]"
[2026-10-04 17:46:16.295] [out] [delivery_module] WRN 2026-10-04 17:46:16.295+02:00 NAT port mapping failed                    topics="libp2p natservice" tid=5880867 port=65350 proto=mpTcp err="plum: mapping 0 failed"
[2026-10-04 17:46:16.325] [info] [logos] [storage_module] StorageModuleImpl::uploadUrl called with path=~/.local/share/lp0026-forum-dev/m7-storage/a-forum-snapshots/topic-6dd197737fd8-1791128776324.txt
[2026-10-04 17:46:16.326] [out] [storage_module] INF 2026-10-04 17:46:16.326+02:00 Storing data                               topics="storage node" tid=5886956
[2026-10-04 17:46:16.329] [out] [storage_module] INF 2026-10-04 17:46:16.328+02:00 Stored data                                topics="storage node" tid=5886956 manifestCid=zDv*98omeS treeCid=zDz*xHLx4c blocks=1 datasetSize=1746'NByte filename=some("topic-6dd197737fd8-1791128776324.txt") mimetype=some("text/plain")
[2026-10-04 17:46:17.331] [info] [logos] [delivery_module] DeliveryModuleImpl::send called with contentTopic: /lp0026forum/1/general/text
[2026-10-04 17:46:17.331] [out] [delivery_module] DBG 2026-10-04 17:46:17.331+02:00 SendService.send: processing delivery task topics="send service" tid=5880867 requestId=582ccc61162fbb607f34 msgHash=0xc6ec9682076bcfbf8542f1e2e25aef8e9ab7b7398b99d6d02a6785295289ab56
[2026-10-04 17:46:17.331] [info] [logos] [delivery_module] DeliveryModuleImpl: Send initiated for topic: /lp0026forum/1/general/text, with success, requestId: 582ccc61162fbb607f34
[2026-10-04 17:46:17.331] [out] [delivery_module] DBG 2026-10-04 17:46:17.331+02:00 Trying message delivery via Mix            topics="send service mix processor" tid=5880867 requestId=582ccc61162fbb607f34 msgHash=0xc6ec9682076bcfbf8542f1e2e25aef8e9ab7b7398b99d6d02a6785295289ab56 tryCount=1
[2026-10-04 17:46:17.332] [out] [delivery_module] DBG 2026-10-04 17:46:17.331+02:00 Publishing message without RLN proof       tid=5880867
[2026-10-04 17:46:17.332] [out] [delivery_module] DBG 2026-10-04 17:46:17.331+02:00 Publishing message with lightpush          topics="waku node lightpush api" tid=5880867 pubsubTopic=/waku/2/rs/3/7 contentTopic=/lp0026forum/1/general/text target_peer_id=16U*kGyuEP msg_hash=0xc6ec9682076bcfbf8542f1e2e25aef8e9ab7b7398b99d6d02a6785295289ab56 mixify=true
[2026-10-04 17:46:17.332] [out] [delivery_module] DBG 2026-10-04 17:46:17.332+02:00 Publish                                    topics="waku lightpush client" tid=5880867 myPeerId=16U*Lqfd15 peerId= msgHash=0xc6ec9682076bcfbf8542f1e2e25aef8e9ab7b7398b99d6d02a6785295289ab56 sentTime=1791128777332036096
[2026-10-04 17:46:17.332] [out] [delivery_module] DBG 2026-10-04 17:46:17.332+02:00 Destination data                           tid=5880867 destination=MixDestination[MixNode](16Uiu2HAm8YokiNun9BkeA1ZRmhLbtNUvcwRr64F69tYj9fkGyuEP)
[2026-10-04 17:46:17.332] [out] [delivery_module] DBG 2026-10-04 17:46:17.332+02:00 Selected mix node:                         tid=5880867 indexInPath=0 peerId=16U*P1S397
[2026-10-04 17:46:17.332] [out] [delivery_module] DBG 2026-10-04 17:46:17.332+02:00 Selected mix node:                         tid=5880867 indexInPath=1 peerId=16U*TwqBiH
[2026-10-04 17:46:17.332] [out] [delivery_module] DBG 2026-10-04 17:46:17.332+02:00 Selected mix node:                         tid=5880867 indexInPath=2 peerId=16U*kGyuEP
[2026-10-04 17:46:17.332] [out] [delivery_module] DBG 2026-10-04 17:46:17.332+02:00 Selected mix node for surbs:               tid=5880867 indexInPath=0 peerId=16U*T3UNSE
[2026-10-04 17:46:17.332] [out] [delivery_module] DBG 2026-10-04 17:46:17.332+02:00 Selected mix node for surbs:               tid=5880867 indexInPath=1 peerId=16U*P1S397
[2026-10-04 17:46:18.011] [out] [delivery_module] INF 2026-10-04 17:46:18.011+02:00 Message received                           tid=5880867 msg_hash=0xc6ec9682076bcfbf8542f1e2e25aef8e9ab7b7398b99d6d02a6785295289ab56 contentTopic=/lp0026forum/1/general/text pubsubTopic=/waku/2/rs/3/7 source=live
[2026-10-04 17:46:18.126] [out] [delivery_module] DBG 2026-10-04 17:46:18.126+02:00 Message propagated via Mix                 topics="send service mix processor" tid=5880867 requestId=582ccc61162fbb607f34 msgHash=0xc6ec9682076bcfbf8542f1e2e25aef8e9ab7b7398b99d6d02a6785295289ab56
[2026-10-04 17:46:18.126] [out] [delivery_module] INF 2026-10-04 17:46:18.126+02:00 Message successfully propagated            topics="send service" tid=5880867 requestId=582ccc61162fbb607f34 msgHash=withheld
[2026-10-04 17:46:18.126] [out] [delivery_module] INF 2026-10-04 17:46:18.126+02:00 Message successfully sent over mix         topics="send service" tid=5880867 requestId=582ccc61162fbb607f34
[2026-10-04 17:46:18.299] [out] [delivery_module] WRN 2026-10-04 17:46:18.298+02:00 NAT port mapping failed                    topics="libp2p natservice" tid=5880867 port=62334 proto=mpUdp err="plum: mapping 0 failed"
[QmlInspector] Client disconnected
[2026-10-04 17:46:24.735] [out] [delivery_module] DBG 2026-10-04 17:46:24.735+02:00 Finished dialing multiple peers            topics="waku node peer_manager" tid=5880867 successfulConns=0 attempted=2
[2026-10-04 17:46:28.696] [out] [delivery_module] DBG 2026-10-04 17:46:28.696+02:00 Connection upgrade failed                  topics="libp2p dialer" tid=5880867 description="Timeout exceeded!" peerId=16U*VpJprH address=/ip4/174.138.106.244/tcp/30303 hostname=174.138.106.244
[2026-10-04 17:46:28.696] [out] [delivery_module] DBG 2026-10-04 17:46:28.696+02:00 Out of time for the remaining addresses    topics="libp2p dialer" tid=5880867 peerId=16U*VpJprH addrs="[/ip4/174.138.106.244/tcp/30303, /dns4/delivery-02.do-ams3.logos.dev.status.im/tcp/30303]"
[2026-10-04 17:46:28.696] [out] [delivery_module] DBG 2026-10-04 17:46:28.696+02:00 Error dialing                              topics="libp2p dialer" tid=5880867 conn=nil peerId=16U*VpJprH protos="[/logos/service-discovery/1.0.0]" addrs="[/ip4/174.138.106.244/tcp/30303, /dns4/delivery-02.do-ams3.logos.dev.status.im/tcp/30303]" description="Unable to establish outgoing link in establishConnection: peer_id=16U*VpJprH addrs=@[/ip4/174.138.106.244/tcp/30303, /dns4/delivery-02.do-ams3.logos.dev.status.im/tcp/30303]"
[2026-10-04 17:46:28.696] [out] [delivery_module] DBG 2026-10-04 17:46:28.696+02:00 Dialing peer                               topics="libp2p dialer" tid=5880867 peerId=16U*VpJprH addrs="[/ip4/174.138.106.244/tcp/30303, /dns4/delivery-02.do-ams3.logos.dev.status.im/tcp/30303]"
[2026-10-04 17:46:28.696] [out] [delivery_module] DBG 2026-10-04 17:46:28.696+02:00 Expanded address and hostname              topics="libp2p dialer" tid=5880867 expandedAddress=/ip4/174.138.106.244/tcp/30303 hostname=174.138.106.244 resolvedAddresses="[/ip4/174.138.106.244/tcp/30303]"
[2026-10-04 17:46:30.187] [out] [delivery_module] DBG 2026-10-04 17:46:30.187+02:00 Dialing failed                             topics="libp2p dialer" tid=5880867 description="Timeout exceeded!" peerId=16U*2pfeoX address=/ip4/192.168.68.53/tcp/27431 hostname=192.168.68.53
[2026-10-04 17:46:30.188] [out] [delivery_module] DBG 2026-10-04 17:46:30.188+02:00 Error dialing                              topics="libp2p dialer" tid=5880867 conn=nil peerId=16U*2pfeoX protos="[/logos/service-discovery/1.0.0]" addrs="[/ip4/192.168.68.53/udp/16011/quic-v1, /ip4/192.168.68.53/tcp/27431]" description="Unable to establish outgoing link in establishConnection: peer_id=16U*2pfeoX addrs=@[/ip4/192.168.68.53/udp/16011/quic-v1, /ip4/192.168.68.53/tcp/27431]"
[2026-10-04 17:46:30.188] [out] [delivery_module] DBG 2026-10-04 17:46:30.188+02:00 Dialing peer                               topics="libp2p dialer" tid=5880867 peerId=16U*2pfeoX addrs="[/ip4/192.168.68.53/udp/16011/quic-v1, /ip4/192.168.68.53/tcp/27431]"
[2026-10-04 17:46:30.188] [out] [delivery_module] DBG 2026-10-04 17:46:30.188+02:00 Expanded address and hostname              topics="libp2p dialer" tid=5880867 expandedAddress=/ip4/192.168.68.53/udp/16011/quic-v1 hostname=192.168.68.53 resolvedAddresses="[/ip4/192.168.68.53/udp/16011/quic-v1]"
[2026-10-04 17:46:30.188] [out] [delivery_module] DBG 2026-10-04 17:46:30.188+02:00 New connection established: client         tid=5880867
[2026-10-04 17:46:31.737] [out] [delivery_module] DBG 2026-10-04 17:46:31.737+02:00 Dialing multiple peers                     topics="waku node peer_manager" tid=5880867 numOfPeers=1 nodes=@[16Uiu2HAm75mHYCn97YHQ3auieTYohvJU9d3WGyGBAjnVc32pfeoX]
[2026-10-04 17:46:31.753] [out] [delivery_module] DBG 2026-10-04 17:46:31.753+02:00 getting adverts                            topics="service-disco discoverer" tid=5880867 serviceId=key:913B5C5DBE691438693215140388EC0C7DE80DE328BDE5BD7FC06F90568CEA40 registrar=16U*iSrhve
[2026-10-04 17:46:31.753] [out] [delivery_module] DBG 2026-10-04 17:46:31.753+02:00 getting adverts                            topics="service-disco discoverer" tid=5880867 serviceId=key:913B5C5DBE691438693215140388EC0C7DE80DE328BDE5BD7FC06F90568CEA40 registrar=16U*TwqBiH
[2026-10-04 17:46:31.753] [out] [delivery_module] DBG 2026-10-04 17:46:31.753+02:00 getting adverts                            topics="service-disco discoverer" tid=5880867 serviceId=key:913B5C5DBE691438693215140388EC0C7DE80DE328BDE5BD7FC06F90568CEA40 registrar=16U*NSkuby
[2026-10-04 17:46:31.753] [out] [delivery_module] DBG 2026-10-04 17:46:31.753+02:00 getting adverts                            topics="service-disco discoverer" tid=5880867 serviceId=key:913B5C5DBE691438693215140388EC0C7DE80DE328BDE5BD7FC06F90568CEA40 registrar=16U*Lqfd15
[2026-10-04 17:46:31.754] [out] [delivery_module] DBG 2026-10-04 17:46:31.753+02:00 Cannot insert self in routing table        topics="kad-dht rtable" tid=5880867 nodeId=key:0025080212210395E8A06BCC59748857E48B59188547983724AC21BDC79C0CD240F18DDB82DD64
[2026-10-04 17:46:31.754] [out] [delivery_module] DBG 2026-10-04 17:46:31.754+02:00 adverts found                              topics="service-disco discoverer" tid=5880867 serviceId=key:913B5C5DBE691438693215140388EC0C7DE80DE328BDE5BD7FC06F90568CEA40 remote=16U*Lqfd15 count=0
[2026-10-04 17:46:31.755] [out] [delivery_module] DBG 2026-10-04 17:46:31.755+02:00 getting adverts                            topics="service-disco discoverer" tid=5880867 serviceId=key:E6738033B5D413D13CF58622CEB4EF8F392E8D4EB073B56A5486CB0431B2F5D8 registrar=16U*TwqBiH
[2026-10-04 17:46:31.755] [out] [delivery_module] DBG 2026-10-04 17:46:31.755+02:00 getting adverts                            topics="service-disco discoverer" tid=5880867 serviceId=key:E6738033B5D413D13CF58622CEB4EF8F392E8D4EB073B56A5486CB0431B2F5D8 registrar=16U*NSkuby
[2026-10-04 17:46:31.755] [out] [delivery_module] DBG 2026-10-04 17:46:31.755+02:00 getting adverts                            topics="service-disco discoverer" tid=5880867 serviceId=key:E6738033B5D413D13CF58622CEB4EF8F392E8D4EB073B56A5486CB0431B2F5D8 registrar=16U*iSrhve
[2026-10-04 17:46:31.756] [out] [delivery_module] DBG 2026-10-04 17:46:31.756+02:00 getting adverts                            topics="service-disco discoverer" tid=5880867 serviceId=key:E6738033B5D413D13CF58622CEB4EF8F392E8D4EB073B56A5486CB0431B2F5D8 registrar=16U*Lqfd15
[2026-10-04 17:46:31.756] [out] [delivery_module] DBG 2026-10-04 17:46:31.756+02:00 Cannot insert self in routing table        topics="kad-dht rtable" tid=5880867 nodeId=key:0025080212210395E8A06BCC59748857E48B59188547983724AC21BDC79C0CD240F18DDB82DD64
[2026-10-04 17:46:31.756] [out] [delivery_module] DBG 2026-10-04 17:46:31.756+02:00 adverts found                              topics="service-disco discoverer" tid=5880867 serviceId=key:E6738033B5D413D13CF58622CEB4EF8F392E8D4EB073B56A5486CB0431B2F5D8 remote=16U*Lqfd15 count=1
[2026-10-04 17:46:32.289] [out] [delivery_module] DBG 2026-10-04 17:46:32.289+02:00 adverts found                              topics="service-disco discoverer" tid=5880867 serviceId=key:913B5C5DBE691438693215140388EC0C7DE80DE328BDE5BD7FC06F90568CEA40 remote=16U*NSkuby count=2
[2026-10-04 17:46:32.294] [out] [delivery_module] DBG 2026-10-04 17:46:32.294+02:00 adverts found                              topics="service-disco discoverer" tid=5880867 serviceId=key:E6738033B5D413D13CF58622CEB4EF8F392E8D4EB073B56A5486CB0431B2F5D8 remote=16U*NSkuby count=6
[2026-10-04 17:46:32.434] [out] [delivery_module] DBG 2026-10-04 17:46:32.434+02:00 adverts found                              topics="service-disco discoverer" tid=5880867 serviceId=key:913B5C5DBE691438693215140388EC0C7DE80DE328BDE5BD7FC06F90568CEA40 remote=16U*iSrhve count=4
[2026-10-04 17:46:32.440] [out] [delivery_module] DBG 2026-10-04 17:46:32.440+02:00 adverts found                              topics="service-disco discoverer" tid=5880867 serviceId=key:913B5C5DBE691438693215140388EC0C7DE80DE328BDE5BD7FC06F90568CEA40 remote=16U*TwqBiH count=2
[2026-10-04 17:46:32.440] [out] [delivery_module] DBG 2026-10-04 17:46:32.440+02:00 adverts found                              topics="service-disco discoverer" tid=5880867 serviceId=key:E6738033B5D413D13CF58622CEB4EF8F392E8D4EB073B56A5486CB0431B2F5D8 remote=16U*TwqBiH count=3
[2026-10-04 17:46:32.441] [out] [delivery_module] DBG 2026-10-04 17:46:32.441+02:00 adverts found                              topics="service-disco discoverer" tid=5880867 serviceId=key:E6738033B5D413D13CF58622CEB4EF8F392E8D4EB073B56A5486CB0431B2F5D8 remote=16U*iSrhve count=2
[2026-10-04 17:46:32.444] [out] [delivery_module] DBG 2026-10-04 17:46:32.444+02:00 getting adverts                            topics="service-disco discoverer" tid=5880867 serviceId=key:913B5C5DBE691438693215140388EC0C7DE80DE328BDE5BD7FC06F90568CEA40 registrar=16U*T3UNSE
[2026-10-04 17:46:32.445] [out] [delivery_module] DBG 2026-10-04 17:46:32.444+02:00 getting adverts                            topics="service-disco discoverer" tid=5880867 serviceId=key:913B5C5DBE691438693215140388EC0C7DE80DE328BDE5BD7FC06F90568CEA40 registrar=16U*VpJprH
[2026-10-04 17:46:32.445] [out] [delivery_module] DBG 2026-10-04 17:46:32.444+02:00 getting adverts                            topics="service-disco discoverer" tid=5880867 serviceId=key:913B5C5DBE691438693215140388EC0C7DE80DE328BDE5BD7FC06F90568CEA40 registrar=16U*P1S397
[2026-10-04 17:46:32.445] [out] [delivery_module] DBG 2026-10-04 17:46:32.444+02:00 getting adverts                            topics="service-disco discoverer" tid=5880867 serviceId=key:E6738033B5D413D13CF58622CEB4EF8F392E8D4EB073B56A5486CB0431B2F5D8 registrar=16U*kGyuEP
[2026-10-04 17:46:33.169] [out] [delivery_module] DBG 2026-10-04 17:46:33.169+02:00 adverts found                              topics="service-disco discoverer" tid=5880867 serviceId=key:913B5C5DBE691438693215140388EC0C7DE80DE328BDE5BD7FC06F90568CEA40 remote=16U*P1S397 count=0
[2026-10-04 17:46:33.189] [out] [delivery_module] DBG 2026-10-04 17:46:33.189+02:00 Dialing failed                             topics="libp2p dialer" tid=5880867 description="quic dial timed out after 3s" peerId=16U*2pfeoX address=/ip4/192.168.68.53/udp/16011/quic-v1 hostname=192.168.68.53
[2026-10-04 17:46:33.189] [out] [delivery_module] DBG 2026-10-04 17:46:33.189+02:00 Expanded address and hostname              topics="libp2p dialer" tid=5880867 expandedAddress=/ip4/192.168.68.53/tcp/27431 hostname=192.168.68.53 resolvedAddresses="[/ip4/192.168.68.53/tcp/27431]"
[2026-10-04 17:46:33.222] [out] [delivery_module] DBG 2026-10-04 17:46:33.222+02:00 adverts found                              topics="service-disco discoverer" tid=5880867 serviceId=key:E6738033B5D413D13CF58622CEB4EF8F392E8D4EB073B56A5486CB0431B2F5D8 remote=16U*kGyuEP count=6
[2026-10-04 17:46:33.223] [out] [delivery_module] DBG 2026-10-04 17:46:33.223+02:00 getting adverts                            topics="service-disco discoverer" tid=5880867 serviceId=key:E6738033B5D413D13CF58622CEB4EF8F392E8D4EB073B56A5486CB0431B2F5D8 registrar=16U*VpJprH
[2026-10-04 17:46:33.232] [out] [delivery_module] DBG 2026-10-04 17:46:33.232+02:00 adverts found                              topics="service-disco discoverer" tid=5880867 serviceId=key:913B5C5DBE691438693215140388EC0C7DE80DE328BDE5BD7FC06F90568CEA40 remote=16U*T3UNSE count=2
[2026-10-04 17:46:34.002] [out] [delivery_module] DBG 2026-10-04 17:46:34.000+02:00 dialMe answer is not reachable             topics="libp2p autonatservice" tid=5880867 description="Peer could not dial us back: Dial timeout" peerId=16Uiu2HAkvwhGHKNry6LACrB8TmEFoCJKEX29XR5dDUzk3UT3UNSE
[2026-10-04 17:46:34.002] [out] [delivery_module] DBG 2026-10-04 17:46:34.000+02:00 Current status                             topics="libp2p autonatservice" tid=5880867 currentStats=NotReachable confidence=ok(1.0) answers=[NotReachable, NotReachable, NotReachable]
[2026-10-04 17:46:36.003] [out] [delivery_module] WRN 2026-10-04 17:46:36.003+02:00 NAT port mapping failed                    topics="libp2p natservice" tid=5880867 port=65350 proto=mpTcp err="plum: mapping 0 failed"
[2026-10-04 17:46:37.446] [out] [delivery_module] DBG 2026-10-04 17:46:37.446+02:00 getting adverts                            topics="service-disco discoverer" tid=5880867 serviceId=key:913B5C5DBE691438693215140388EC0C7DE80DE328BDE5BD7FC06F90568CEA40 registrar=16U*kGyuEP
[2026-10-04 17:46:38.005] [out] [delivery_module] WRN 2026-10-04 17:46:38.005+02:00 NAT port mapping failed                    topics="libp2p natservice" tid=5880867 port=62334 proto=mpUdp err="plum: mapping 0 failed"
[2026-10-04 17:46:38.224] [out] [delivery_module] DBG 2026-10-04 17:46:38.224+02:00 getting adverts                            topics="service-disco discoverer" tid=5880867 serviceId=key:E6738033B5D413D13CF58622CEB4EF8F392E8D4EB073B56A5486CB0431B2F5D8 registrar=16U*P1S397
[2026-10-04 17:46:38.224] [out] [delivery_module] DBG 2026-10-04 17:46:38.224+02:00 getting adverts                            topics="service-disco discoverer" tid=5880867 serviceId=key:E6738033B5D413D13CF58622CEB4EF8F392E8D4EB073B56A5486CB0431B2F5D8 registrar=16U*T3UNSE
[2026-10-04 17:46:38.579] [out] [delivery_module] DBG 2026-10-04 17:46:38.579+02:00 adverts found                              topics="service-disco discoverer" tid=5880867 serviceId=key:913B5C5DBE691438693215140388EC0C7DE80DE328BDE5BD7FC06F90568CEA40 remote=16U*kGyuEP count=0
[2026-10-04 17:46:38.579] [out] [delivery_module] DBG 2026-10-04 17:46:38.579+02:00 Peer added via service discovery           topics="waku service discovery" tid=5880867 source="service lookup" peerId=16Uiu2HAm8Y9kgBNtjxvCnf1X6gnZJW5EGE4UwwCL3CCm55TwqBiH addresses="[/ip4/34.123.201.25/tcp/30303, /ip4/34.123.201.25/udp/30303/quic-v1, /dns4/delivery-02.gc-us-central1-a.logos.dev.status.im/tcp/30303]" protocols="[/mix/1.0.0]"
[2026-10-04 17:46:38.579] [out] [delivery_module] DBG 2026-10-04 17:46:38.579+02:00 Peer added via service discovery           topics="waku service discovery" tid=5880867 source="service lookup" peerId=16Uiu2HAkvwhGHKNry6LACrB8TmEFoCJKEX29XR5dDUzk3UT3UNSE addresses="[/ip4/43.99.103.10/tcp/30303, /ip4/43.99.103.10/udp/30303/quic-v1, /dns4/delivery-02.ac-cn-hongkong-c.logos.dev.status.im/tcp/30303]" protocols="[/mix/1.0.0]"
[2026-10-04 17:46:38.579] [out] [delivery_module] DBG 2026-10-04 17:46:38.579+02:00 Peer added via service discovery           topics="waku service discovery" tid=5880867 source="service lookup" peerId=16Uiu2HAm8YokiNun9BkeA1ZRmhLbtNUvcwRr64F69tYj9fkGyuEP addresses="[/ip4/47.242.130.189/tcp/30303, /ip4/47.242.130.189/udp/30303/quic-v1, /dns4/delivery-01.ac-cn-hongkong-c.logos.dev.status.im/tcp/30303]" protocols="[/mix/1.0.0]"
[2026-10-04 17:46:38.580] [out] [delivery_module] DBG 2026-10-04 17:46:38.580+02:00 Peer added via service discovery           topics="waku service discovery" tid=5880867 source="service lookup" peerId=16Uiu2HAm4S1JYkuzDKLKQvwgAhZKs9otxXqt8SCGtB4hoJP1S397 addresses="[/ip4/136.119.156.87/tcp/30303, /ip4/136.119.156.87/udp/30303/quic-v1, /dns4/delivery-01.gc-us-central1-a.logos.dev.status.im/tcp/30303]" protocols="[/mix/1.0.0]"
[2026-10-04 17:46:38.580] [out] [delivery_module] DBG 2026-10-04 17:46:38.580+02:00 Peer added via service discovery           topics="waku service discovery" tid=5880867 source="service lookup" peerId=16Uiu2HAmTUbnxLGT9JvV6mu9oPyDjqHK4Phs1VDJNUgESgNSkuby addresses="[/ip4/138.68.122.137/tcp/30303, /ip4/138.68.122.137/udp/30303/quic-v1, /dns4/delivery-01.do-ams3.logos.dev.status.im/tcp/30303]" protocols="[/mix/1.0.0]"
[2026-10-04 17:46:38.580] [out] [delivery_module] DBG 2026-10-04 17:46:38.580+02:00 Service lookup complete                    topics="waku service discovery" tid=5880867 service=/mix/1.0.0 found=5
[2026-10-04 17:46:38.580] [out] [delivery_module] DBG 2026-10-04 17:46:38.580+02:00 calculateConnectionState                   tid=5880867 relayCount=6 storeClientCount=5 lightpushCount=6 filterCount=6
[2026-10-04 17:46:38.682] [out] [delivery_module] DBG 2026-10-04 17:46:38.682+02:00 calculateConnectionState                   tid=5880867 relayCount=6 storeClientCount=5 lightpushCount=6 filterCount=6
[2026-10-04 17:46:38.889] [out] [delivery_module] DBG 2026-10-04 17:46:38.889+02:00 adverts found                              topics="service-disco discoverer" tid=5880867 serviceId=key:E6738033B5D413D13CF58622CEB4EF8F392E8D4EB073B56A5486CB0431B2F5D8 remote=16U*T3UNSE count=2
[2026-10-04 17:46:39.679] [out] [delivery_module] DBG 2026-10-04 17:46:39.679+02:00 adverts found                              topics="service-disco discoverer" tid=5880867 serviceId=key:E6738033B5D413D13CF58622CEB4EF8F392E8D4EB073B56A5486CB0431B2F5D8 remote=16U*P1S397 count=7
[2026-10-04 17:46:39.681] [out] [delivery_module] DBG 2026-10-04 17:46:39.681+02:00 Peer added via service discovery           topics="waku service discovery" tid=5880867 source="service lookup" peerId=16Uiu2HAm4S1JYkuzDKLKQvwgAhZKs9otxXqt8SCGtB4hoJP1S397 addresses="[/ip4/136.119.156.87/tcp/30303, /ip4/136.119.156.87/udp/30303/quic-v1, /dns4/delivery-01.gc-us-central1-a.logos.dev.status.im/tcp/30303]" protocols="[/logos/delivery]"
[2026-10-04 17:46:39.681] [out] [delivery_module] DBG 2026-10-04 17:46:39.681+02:00 Peer added via service discovery           topics="waku service discovery" tid=5880867 source="service lookup" peerId=16Uiu2HAm75mHYCn97YHQ3auieTYohvJU9d3WGyGBAjnVc32pfeoX addresses="[/ip4/192.168.68.53/tcp/27431, /ip4/192.168.68.53/udp/16011/quic-v1]" protocols="[/logos/delivery]"
[2026-10-04 17:46:39.681] [out] [delivery_module] DBG 2026-10-04 17:46:39.681+02:00 Peer added via service discovery           topics="waku service discovery" tid=5880867 source="service lookup" peerId=16Uiu2HAmNkAqK5qpyC2yxPAhH1pngYWtmr7eSPggN9ucSDLqfd15 addresses="[/ip4/172.20.10.14/tcp/65350, /ip4/172.20.10.14/udp/62334/quic-v1]" protocols="[/logos/delivery]"
[2026-10-04 17:46:39.682] [out] [delivery_module] DBG 2026-10-04 17:46:39.681+02:00 Peer added via service discovery           topics="waku service discovery" tid=5880867 source="service lookup" peerId=16Uiu2HAkvwhGHKNry6LACrB8TmEFoCJKEX29XR5dDUzk3UT3UNSE addresses="[/ip4/43.99.103.10/tcp/30303, /ip4/43.99.103.10/udp/30303/quic-v1, /dns4/delivery-02.ac-cn-hongkong-c.logos.dev.status.im/tcp/30303]" protocols="[/logos/delivery]"
[2026-10-04 17:46:39.682] [out] [delivery_module] DBG 2026-10-04 17:46:39.682+02:00 Peer added via service discovery           topics="waku service discovery" tid=5880867 source="service lookup" peerId=16Uiu2HAm8Y9kgBNtjxvCnf1X6gnZJW5EGE4UwwCL3CCm55TwqBiH addresses="[/ip4/34.123.201.25/tcp/30303, /ip4/34.123.201.25/udp/30303/quic-v1, /dns4/delivery-02.gc-us-central1-a.logos.dev.status.im/tcp/30303]" protocols="[/logos/delivery]"
[2026-10-04 17:46:39.682] [out] [delivery_module] DBG 2026-10-04 17:46:39.682+02:00 Peer added via service discovery           topics="waku service discovery" tid=5880867 source="service lookup" peerId=16Uiu2HAm8YokiNun9BkeA1ZRmhLbtNUvcwRr64F69tYj9fkGyuEP addresses="[/ip4/47.242.130.189/tcp/30303, /ip4/47.242.130.189/udp/30303/quic-v1, /dns4/delivery-01.ac-cn-hongkong-c.logos.dev.status.im/tcp/30303]" protocols="[/logos/delivery]"
[2026-10-04 17:46:39.682] [out] [delivery_module] DBG 2026-10-04 17:46:39.682+02:00 Peer added via service discovery           topics="waku service discovery" tid=5880867 source="service lookup" peerId=16Uiu2HAmTUbnxLGT9JvV6mu9oPyDjqHK4Phs1VDJNUgESgNSkuby addresses="[/ip4/138.68.122.137/tcp/30303, /ip4/138.68.122.137/udp/30303/quic-v1, /dns4/delivery-01.do-ams3.logos.dev.status.im/tcp/30303]" protocols="[/logos/delivery]"
[2026-10-04 17:46:39.682] [out] [delivery_module] DBG 2026-10-04 17:46:39.682+02:00 Peer added via service discovery           topics="waku service discovery" tid=5880867 source="service lookup" peerId=16Uiu2HAm5hiDKtofKsaY3hNNyzzhFagoKo8uMWTFJ2huwMiSrhve addresses="[/ip4/173.42.114.210/tcp/37795]" protocols="[/logos/delivery]"
[2026-10-04 17:46:39.682] [out] [delivery_module] DBG 2026-10-04 17:46:39.682+02:00 Service lookup complete                    topics="waku service discovery" tid=5880867 service=/logos/delivery found=8
[2026-10-04 17:46:39.683] [out] [delivery_module] DBG 2026-10-04 17:46:39.683+02:00 calculateConnectionState                   tid=5880867 relayCount=6 storeClientCount=5 lightpushCount=6 filterCount=6
[2026-10-04 17:46:40.769] [out] [delivery_module] DBG 2026-10-04 17:46:40.769+02:00 Local table insertion                      tid=5880867 key=key:00250802122102C2FBC94E99E3F238EC300C37CCD3949C65D43174195781B455E3F2E40CE6FA68 value=key:0A250802122102C2FBC94E99E3F238EC300C37CCD3949C65D43174195781B455E3F2E40CE6FA68120203011ACF010A2700250802122102C2FBC94E99E3F238EC300C37CCD3949C65D43174195781B455E3F2E40CE6FA6810A89380041A0A0A08042FF282BD06765F1A0D0A0B042FF282BD9102765FCD031A370A35363064656C69766572792D30312E61632D636E2D686F6E676B6F6E672D632E6C6F676F732E6465762E7374617475732E696D06765F222E0A0A2F6D69782F312E302E3012207D683767F23F5132A79C70587FEC877575460122EBD459BB29C887B7B7A32110221B0A0F2F6C6F676F732F64656C69766572791208415141444C2F383D2A463044022010F276560621F96090088864228C22C3CF67DD745B673D46CB801325B85C3402022006BD683EFAFCE87020A9FB6AE02254618C11FC74629EC83B227292A17C5BA1E7
[2026-10-04 17:46:41.739] [out] [delivery_module] DBG 2026-10-04 17:46:41.739+02:00 Finished dialing multiple peers            topics="waku node peer_manager" tid=5880867 successfulConns=0 attempted=1
[2026-10-04 17:46:49.738] [out] [delivery_module] DBG 2026-10-04 17:46:49.738+02:00 calculateConnectionState                   tid=5880867 relayCount=6 storeClientCount=5 lightpushCount=6 filterCount=6
[2026-10-04 17:46:54.252] [out] [delivery_module] DBG 2026-10-04 17:46:54.252+02:00 dialMe answer is not reachable             topics="libp2p autonatservice" tid=5880867 description="Peer could not dial us back: Dial timeout" peerId=16Uiu2HAm8YokiNun9BkeA1ZRmhLbtNUvcwRr64F69tYj9fkGyuEP
[2026-10-04 17:46:54.252] [out] [delivery_module] DBG 2026-10-04 17:46:54.252+02:00 Current status                             topics="libp2p autonatservice" tid=5880867 currentStats=NotReachable confidence=ok(1.0) answers=[NotReachable, NotReachable, NotReachable]
[2026-10-04 17:46:56.255] [out] [delivery_module] WRN 2026-10-04 17:46:56.255+02:00 NAT port mapping failed                    topics="libp2p natservice" tid=5880867 port=65350 proto=mpTcp err="plum: mapping 0 failed"
[2026-10-04 17:46:58.257] [out] [delivery_module] WRN 2026-10-04 17:46:58.257+02:00 NAT port mapping failed                    topics="libp2p natservice" tid=5880867 port=62334 proto=mpUdp err="plum: mapping 0 failed"
[2026-10-04 17:46:58.257] [out] [delivery_module] INF 2026-10-04 17:46:58.257+02:00 Missed multiple heartbeats                 topics="libp2p autonatservice" tid=5880867 heartbeat="Scheduling AutonatService run" delay=30s955ms309us833ns hinterval=30s
[2026-10-04 17:46:58.680] [out] [delivery_module] DBG 2026-10-04 17:46:58.680+02:00 Maintaining subscriptions                  topics="waku filter" tid=5880867
[2026-10-04 17:46:58.681] [out] [delivery_module] DBG 2026-10-04 17:46:58.680+02:00 Cleanup                                    topics="waku filter subscriptions" tid=5880867 currentPeerIds=[]
[2026-10-04 17:46:58.681] [out] [delivery_module] DBG 2026-10-04 17:46:58.680+02:00 After cleanup                              topics="waku filter subscriptions" tid=5880867 currentPeerIds=[]
[2026-10-04 17:46:58.695] [out] [delivery_module] DBG 2026-10-04 17:46:58.695+02:00 Routing table below minimum, re-seeding    topics="kad-dht" tid=5880867 peers=7 minimum=10
[2026-10-04 17:46:58.696] [out] [delivery_module] DBG 2026-10-04 17:46:58.695+02:00 Lookup query                               topics="kad-dht find" tid=5880867 peer=16U*iSrhve
[2026-10-04 17:46:58.696] [out] [delivery_module] DBG 2026-10-04 17:46:58.696+02:00 Lookup query                               topics="kad-dht find" tid=5880867 peer=16U*NSkuby
[2026-10-04 17:46:58.696] [out] [delivery_module] DBG 2026-10-04 17:46:58.696+02:00 Lookup query                               topics="kad-dht find" tid=5880867 peer=16U*TwqBiH
[2026-10-04 17:46:58.696] [out] [delivery_module] DBG 2026-10-04 17:46:58.696+02:00 Lookup query                               topics="kad-dht find" tid=5880867 peer=16U*T3UNSE
[2026-10-04 17:46:58.696] [out] [delivery_module] DBG 2026-10-04 17:46:58.696+02:00 Lookup query                               topics="kad-dht find" tid=5880867 peer=16U*P1S397
[2026-10-04 17:46:58.696] [out] [delivery_module] DBG 2026-10-04 17:46:58.696+02:00 Lookup query                               topics="kad-dht find" tid=5880867 peer=16U*VpJprH
[2026-10-04 17:46:58.696] [out] [delivery_module] DBG 2026-10-04 17:46:58.696+02:00 Lookup query                               topics="kad-dht find" tid=5880867 peer=16U*kGyuEP
[2026-10-04 17:46:58.698] [out] [delivery_module] DBG 2026-10-04 17:46:58.698+02:00 Connection upgrade failed                  topics="libp2p dialer" tid=5880867 description="Timeout exceeded!" peerId=16U*VpJprH address=/ip4/174.138.106.244/tcp/30303 hostname=174.138.106.244
[2026-10-04 17:46:58.698] [out] [delivery_module] DBG 2026-10-04 17:46:58.698+02:00 Out of time for the remaining addresses    topics="libp2p dialer" tid=5880867 peerId=16U*VpJprH addrs="[/ip4/174.138.106.244/tcp/30303, /dns4/delivery-02.do-ams3.logos.dev.status.im/tcp/30303]"
[2026-10-04 17:46:58.698] [out] [delivery_module] DBG 2026-10-04 17:46:58.698+02:00 Error dialing                              topics="libp2p dialer" tid=5880867 conn=nil peerId=16U*VpJprH protos="[/logos/service-discovery/1.0.0]" addrs="[/ip4/174.138.106.244/tcp/30303, /dns4/delivery-02.do-ams3.logos.dev.status.im/tcp/30303]" description="Unable to establish outgoing link in establishConnection: peer_id=16U*VpJprH addrs=@[/ip4/174.138.106.244/tcp/30303, /dns4/delivery-02.do-ams3.logos.dev.status.im/tcp/30303]"
[2026-10-04 17:46:58.698] [out] [delivery_module] DBG 2026-10-04 17:46:58.698+02:00 Dialing peer                               topics="libp2p dialer" tid=5880867 peerId=16U*VpJprH addrs="[/ip4/174.138.106.244/tcp/30303, /dns4/delivery-02.do-ams3.logos.dev.status.im/tcp/30303]"
[2026-10-04 17:46:58.698] [out] [delivery_module] DBG 2026-10-04 17:46:58.698+02:00 Expanded address and hostname              topics="libp2p dialer" tid=5880867 expandedAddress=/ip4/174.138.106.244/tcp/30303 hostname=174.138.106.244 resolvedAddresses="[/ip4/174.138.106.244/tcp/30303]"
[2026-10-04 17:46:58.894] [out] [delivery_module] DBG 2026-10-04 17:46:58.893+02:00 Dialing peer                               topics="libp2p dialer" tid=5880867 peerId=16U*oN8hgK addrs="[/ip4/173.42.114.210/tcp/45583]"
[2026-10-04 17:46:58.894] [out] [delivery_module] DBG 2026-10-04 17:46:58.893+02:00 Expanded address and hostname              topics="libp2p dialer" tid=5880867 expandedAddress=/ip4/173.42.114.210/tcp/45583 hostname=173.42.114.210 resolvedAddresses="[/ip4/173.42.114.210/tcp/45583]"
[2026-10-04 17:46:58.894] [out] [delivery_module] DBG 2026-10-04 17:46:58.893+02:00 Lookup query                               topics="kad-dht find" tid=5880867 peer=16U*oN8hgK
[2026-10-04 17:46:59.200] [out] [delivery_module] DBG 2026-10-04 17:46:59.199+02:00 Dialing failed                             topics="libp2p dialer" tid=5880867 description="TcpTransport dial error: (61) Connection refused" peerId=16U*oN8hgK address=/ip4/173.42.114.210/tcp/45583 hostname=173.42.114.210
[2026-10-04 17:46:59.200] [out] [delivery_module] DBG 2026-10-04 17:46:59.199+02:00 Error dialing                              topics="libp2p dialer" tid=5880867 conn=nil peerId=16U*oN8hgK protos="[/logos/service-discovery/1.0.0]" addrs="[/ip4/173.42.114.210/tcp/45583]" description="Unable to establish outgoing link in establishConnection: peer_id=16U*oN8hgK addrs=@[/ip4/173.42.114.210/tcp/45583]"
[2026-10-04 17:46:59.200] [out] [delivery_module] DBG 2026-10-04 17:46:59.199+02:00 Dialing peer                               topics="libp2p dialer" tid=5880867 peerId=16U*oN8hgK addrs="[/ip4/173.42.114.210/tcp/45583]"
[2026-10-04 17:46:59.200] [out] [delivery_module] DBG 2026-10-04 17:46:59.199+02:00 Expanded address and hostname              topics="libp2p dialer" tid=5880867 expandedAddress=/ip4/173.42.114.210/tcp/45583 hostname=173.42.114.210 resolvedAddresses="[/ip4/173.42.114.210/tcp/45583]"
[2026-10-04 17:46:59.536] [out] [delivery_module] DBG 2026-10-04 17:46:59.536+02:00 Dialing failed                             topics="libp2p dialer" tid=5880867 description="TcpTransport dial error: (61) Connection refused" peerId=16U*oN8hgK address=/ip4/173.42.114.210/tcp/45583 hostname=173.42.114.210
[2026-10-04 17:46:59.537] [out] [delivery_module] DBG 2026-10-04 17:46:59.536+02:00 Error dialing                              topics="libp2p dialer" tid=5880867 conn=nil peerId=16U*oN8hgK protos="[/logos/service-discovery/1.0.0]" addrs="[/ip4/173.42.114.210/tcp/45583]" description="Unable to establish outgoing link in establishConnection: peer_id=16U*oN8hgK addrs=@[/ip4/173.42.114.210/tcp/45583]"
[2026-10-04 17:47:00.190] [out] [delivery_module] DBG 2026-10-04 17:47:00.190+02:00 Dialing failed                             topics="libp2p dialer" tid=5880867 description="Timeout exceeded!" peerId=16U*2pfeoX address=/ip4/192.168.68.53/tcp/27431 hostname=192.168.68.53
[2026-10-04 17:47:00.190] [out] [delivery_module] DBG 2026-10-04 17:47:00.190+02:00 Error dialing                              topics="libp2p dialer" tid=5880867 conn=nil peerId=16U*2pfeoX protos="[/logos/service-discovery/1.0.0]" addrs="[/ip4/192.168.68.53/udp/16011/quic-v1, /ip4/192.168.68.53/tcp/27431]" description="Unable to establish outgoing link in establishConnection: peer_id=16U*2pfeoX addrs=@[/ip4/192.168.68.53/udp/16011/quic-v1, /ip4/192.168.68.53/tcp/27431]"
[2026-10-04 17:47:00.190] [out] [delivery_module] DBG 2026-10-04 17:47:00.190+02:00 Dialing peer                               topics="libp2p dialer" tid=5880867 peerId=16U*2pfeoX addrs="[/ip4/192.168.68.53/udp/16011/quic-v1, /ip4/192.168.68.53/tcp/27431]"
[2026-10-04 17:47:00.190] [out] [delivery_module] DBG 2026-10-04 17:47:00.190+02:00 Expanded address and hostname              topics="libp2p dialer" tid=5880867 expandedAddress=/ip4/192.168.68.53/udp/16011/quic-v1 hostname=192.168.68.53 resolvedAddresses="[/ip4/192.168.68.53/udp/16011/quic-v1]"
[2026-10-04 17:47:00.190] [out] [delivery_module] DBG 2026-10-04 17:47:00.190+02:00 New connection established: client         tid=5880867
[2026-10-04 17:47:03.193] [out] [delivery_module] DBG 2026-10-04 17:47:03.192+02:00 Dialing failed                             topics="libp2p dialer" tid=5880867 description="quic dial timed out after 3s" peerId=16U*2pfeoX address=/ip4/192.168.68.53/udp/16011/quic-v1 hostname=192.168.68.53
[2026-10-04 17:47:03.193] [out] [delivery_module] DBG 2026-10-04 17:47:03.193+02:00 Expanded address and hostname              topics="libp2p dialer" tid=5880867 expandedAddress=/ip4/192.168.68.53/tcp/27431 hostname=192.168.68.53 resolvedAddresses="[/ip4/192.168.68.53/tcp/27431]"
[2026-10-04 17:47:03.698] [out] [delivery_module] DBG 2026-10-04 17:47:03.698+02:00 Lookup query                               topics="kad-dht find" tid=5880867 peer=16U*VpJprH
[2026-10-04 17:47:03.698] [out] [delivery_module] DBG 2026-10-04 17:47:03.698+02:00 Kad lookup: RPC error                      topics="kad-dht find" tid=5880867 peer=16U*VpJprH msg="dialStage: timed out dialing the peer"
[2026-10-04 17:47:08.700] [out] [delivery_module] DBG 2026-10-04 17:47:08.700+02:00 Lookup query                               topics="kad-dht find" tid=5880867 peer=16U*VpJprH
[2026-10-04 17:47:08.701] [out] [delivery_module] DBG 2026-10-04 17:47:08.700+02:00 Kad lookup: RPC error                      topics="kad-dht find" tid=5880867 peer=16U*VpJprH msg="dialStage: timed out dialing the peer"
[2026-10-04 17:47:13.702] [out] [delivery_module] DBG 2026-10-04 17:47:13.702+02:00 Lookup query                               topics="kad-dht find" tid=5880867 peer=16U*VpJprH
[2026-10-04 17:47:13.702] [out] [delivery_module] DBG 2026-10-04 17:47:13.702+02:00 Kad lookup: RPC error                      topics="kad-dht find" tid=5880867 peer=16U*VpJprH msg="dialStage: timed out dialing the peer"
[2026-10-04 17:47:14.473] [out] [delivery_module] DBG 2026-10-04 17:47:14.472+02:00 Local table insertion                      tid=5880867 key=key:0025080212210298B0AFFC245BCCBFE8C982F362B8FD15C6497B45B1E9B78491617A637282DC9F value=key:0A25080212210298B0AFFC245BCCBFE8C982F362B8FD15C6497B45B1E9B78491617A637282DC9F120203011A570A270025080212210298B0AFFC245BCCBFE8C982F362B8FD15C6497B45B1E9B78491617A637282DC9F10E6E89E011A0A0A0804AD2A72D20693A3221B0A0F2F6C6F676F732F64656C69766572791208415141444466383D2A473045022100F7910C5E1E95A72E3C3E8D98347F927A6011387DE67FFA5E0F2FD37E75F24A3F02200A1A87638D9150F59A60463D7E82AA8D69C3D9DEDB09D59E356749AB575BC4AF
[2026-10-04 17:47:16.074] [out] [storage_module] WRN 2026-10-04 17:47:16.074+02:00 No key for a QueryResponse                 topics="storage repostore" tid=5886956
[2026-10-04 17:47:18.704] [out] [delivery_module] DBG 2026-10-04 17:47:18.702+02:00 Lookup query                               topics="kad-dht find" tid=5880867 peer=16U*VpJprH
[2026-10-04 17:47:18.704] [out] [delivery_module] DBG 2026-10-04 17:47:18.703+02:00 Kad lookup: RPC error                      topics="kad-dht find" tid=5880867 peer=16U*VpJprH msg="dialStage: timed out dialing the peer"
[2026-10-04 17:47:23.705] [out] [delivery_module] DBG 2026-10-04 17:47:23.705+02:00 Lookup query                               topics="kad-dht find" tid=5880867 peer=16U*VpJprH
[2026-10-04 17:47:23.705] [out] [delivery_module] DBG 2026-10-04 17:47:23.705+02:00 Kad lookup: RPC error                      topics="kad-dht find" tid=5880867 peer=16U*VpJprH msg="dialStage: timed out dialing the peer"
[2026-10-04 17:47:28.700] [out] [delivery_module] DBG 2026-10-04 17:47:28.700+02:00 Connection upgrade failed                  topics="libp2p dialer" tid=5880867 description="Timeout exceeded!" peerId=16U*VpJprH address=/ip4/174.138.106.244/tcp/30303 hostname=174.138.106.244
[2026-10-04 17:47:28.700] [out] [delivery_module] DBG 2026-10-04 17:47:28.700+02:00 Out of time for the remaining addresses    topics="libp2p dialer" tid=5880867 peerId=16U*VpJprH addrs="[/ip4/174.138.106.244/tcp/30303, /dns4/delivery-02.do-ams3.logos.dev.status.im/tcp/30303]"
[2026-10-04 17:47:28.700] [out] [delivery_module] DBG 2026-10-04 17:47:28.700+02:00 Error dialing                              topics="libp2p dialer" tid=5880867 conn=nil peerId=16U*VpJprH protos="[/logos/service-discovery/1.0.0]" addrs="[/ip4/174.138.106.244/tcp/30303, /dns4/delivery-02.do-ams3.logos.dev.status.im/tcp/30303]" description="Unable to establish outgoing link in establishConnection: peer_id=16U*VpJprH addrs=@[/ip4/174.138.106.244/tcp/30303, /dns4/delivery-02.do-ams3.logos.dev.status.im/tcp/30303]"
[2026-10-04 17:47:28.700] [out] [delivery_module] DBG 2026-10-04 17:47:28.700+02:00 Dialing peer                               topics="libp2p dialer" tid=5880867 peerId=16U*VpJprH addrs="[/ip4/174.138.106.244/tcp/30303, /dns4/delivery-02.do-ams3.logos.dev.status.im/tcp/30303]"
[2026-10-04 17:47:28.700] [out] [delivery_module] DBG 2026-10-04 17:47:28.700+02:00 Expanded address and hostname              topics="libp2p dialer" tid=5880867 expandedAddress=/ip4/174.138.106.244/tcp/30303 hostname=174.138.106.244 resolvedAddresses="[/ip4/174.138.106.244/tcp/30303]"
[2026-10-04 17:47:28.706] [out] [delivery_module] DBG 2026-10-04 17:47:28.706+02:00 Kad lookup: RPC error                      topics="kad-dht find" tid=5880867 peer=16U*VpJprH msg="dialStage: timed out dialing the peer"
[2026-10-04 17:47:28.707] [out] [delivery_module] DBG 2026-10-04 17:47:28.707+02:00 Lookup query                               topics="kad-dht find" tid=5880867 peer=16U*VpJprH
[2026-10-04 17:47:28.707] [out] [delivery_module] DBG 2026-10-04 17:47:28.707+02:00 Lookup query                               topics="kad-dht find" tid=5880867 peer=16U*P1S397
[2026-10-04 17:47:28.707] [out] [delivery_module] DBG 2026-10-04 17:47:28.707+02:00 Lookup query                               topics="kad-dht find" tid=5880867 peer=16U*T3UNSE
[2026-10-04 17:47:28.707] [out] [delivery_module] DBG 2026-10-04 17:47:28.707+02:00 Lookup query                               topics="kad-dht find" tid=5880867 peer=16U*kGyuEP
[2026-10-04 17:47:28.707] [out] [delivery_module] DBG 2026-10-04 17:47:28.707+02:00 Lookup query                               topics="kad-dht find" tid=5880867 peer=16U*NSkuby
[2026-10-04 17:47:28.708] [out] [delivery_module] DBG 2026-10-04 17:47:28.707+02:00 Lookup query                               topics="kad-dht find" tid=5880867 peer=16U*iSrhve
[2026-10-04 17:47:28.708] [out] [delivery_module] DBG 2026-10-04 17:47:28.708+02:00 Lookup query                               topics="kad-dht find" tid=5880867 peer=16U*TwqBiH
[2026-10-04 17:47:28.708] [out] [delivery_module] DBG 2026-10-04 17:47:28.708+02:00 Lookup query                               topics="kad-dht find" tid=5880867 peer=16U*TwqBiH
[2026-10-04 17:47:28.708] [out] [delivery_module] DBG 2026-10-04 17:47:28.708+02:00 Lookup query                               topics="kad-dht find" tid=5880867 peer=16U*NSkuby
[2026-10-04 17:47:28.708] [out] [delivery_module] DBG 2026-10-04 17:47:28.708+02:00 Lookup query                               topics="kad-dht find" tid=5880867 peer=16U*iSrhve
[2026-10-04 17:47:28.708] [out] [delivery_module] DBG 2026-10-04 17:47:28.708+02:00 Lookup query                               topics="kad-dht find" tid=5880867 peer=16U*kGyuEP
[2026-10-04 17:47:28.708] [out] [delivery_module] DBG 2026-10-04 17:47:28.708+02:00 Lookup query                               topics="kad-dht find" tid=5880867 peer=16U*VpJprH
[2026-10-04 17:47:28.708] [out] [delivery_module] DBG 2026-10-04 17:47:28.708+02:00 Lookup query                               topics="kad-dht find" tid=5880867 peer=16U*P1S397
[2026-10-04 17:47:28.708] [out] [delivery_module] DBG 2026-10-04 17:47:28.708+02:00 Lookup query                               topics="kad-dht find" tid=5880867 peer=16U*T3UNSE
[2026-10-04 17:47:28.708] [out] [delivery_module] DBG 2026-10-04 17:47:28.708+02:00 Lookup query                               topics="kad-dht find" tid=5880867 peer=16U*NSkuby
[2026-10-04 17:47:28.708] [out] [delivery_module] DBG 2026-10-04 17:47:28.708+02:00 Lookup query                               topics="kad-dht find" tid=5880867 peer=16U*iSrhve
[2026-10-04 17:47:28.708] [out] [delivery_module] DBG 2026-10-04 17:47:28.708+02:00 Lookup query                               topics="kad-dht find" tid=5880867 peer=16U*TwqBiH
[2026-10-04 17:47:28.709] [out] [delivery_module] DBG 2026-10-04 17:47:28.709+02:00 Lookup query                               topics="kad-dht find" tid=5880867 peer=16U*VpJprH
[2026-10-04 17:47:28.709] [out] [delivery_module] DBG 2026-10-04 17:47:28.709+02:00 Lookup query                               topics="kad-dht find" tid=5880867 peer=16U*T3UNSE
[2026-10-04 17:47:28.709] [out] [delivery_module] DBG 2026-10-04 17:47:28.709+02:00 Lookup query                               topics="kad-dht find" tid=5880867 peer=16U*P1S397
[2026-10-04 17:47:28.709] [out] [delivery_module] DBG 2026-10-04 17:47:28.709+02:00 Lookup query                               topics="kad-dht find" tid=5880867 peer=16U*kGyuEP
[2026-10-04 17:47:30.192] [out] [delivery_module] DBG 2026-10-04 17:47:30.192+02:00 Dialing failed                             topics="libp2p dialer" tid=5880867 description="Timeout exceeded!" peerId=16U*2pfeoX address=/ip4/192.168.68.53/tcp/27431 hostname=192.168.68.53
[2026-10-04 17:47:30.192] [out] [delivery_module] DBG 2026-10-04 17:47:30.192+02:00 Error dialing                              topics="libp2p dialer" tid=5880867 conn=nil peerId=16U*2pfeoX protos="[/logos/service-discovery/1.0.0]" addrs="[/ip4/192.168.68.53/udp/16011/quic-v1, /ip4/192.168.68.53/tcp/27431]" description="Unable to establish outgoing link in establishConnection: peer_id=16U*2pfeoX addrs=@[/ip4/192.168.68.53/udp/16011/quic-v1, /ip4/192.168.68.53/tcp/27431]"
[2026-10-04 17:47:30.192] [out] [delivery_module] DBG 2026-10-04 17:47:30.192+02:00 Dialing peer                               topics="libp2p dialer" tid=5880867 peerId=16U*2pfeoX addrs="[/ip4/192.168.68.53/udp/16011/quic-v1, /ip4/192.168.68.53/tcp/27431]"
[2026-10-04 17:47:30.192] [out] [delivery_module] DBG 2026-10-04 17:47:30.192+02:00 Expanded address and hostname              topics="libp2p dialer" tid=5880867 expandedAddress=/ip4/192.168.68.53/udp/16011/quic-v1 hostname=192.168.68.53 resolvedAddresses="[/ip4/192.168.68.53/udp/16011/quic-v1]"
[2026-10-04 17:47:30.192] [out] [delivery_module] DBG 2026-10-04 17:47:30.192+02:00 New connection established: client         tid=5880867
[2026-10-04 17:47:33.194] [out] [delivery_module] DBG 2026-10-04 17:47:33.194+02:00 Dialing failed                             topics="libp2p dialer" tid=5880867 description="quic dial timed out after 3s" peerId=16U*2pfeoX address=/ip4/192.168.68.53/udp/16011/quic-v1 hostname=192.168.68.53
[2026-10-04 17:47:33.195] [out] [delivery_module] DBG 2026-10-04 17:47:33.194+02:00 Expanded address and hostname              topics="libp2p dialer" tid=5880867 expandedAddress=/ip4/192.168.68.53/tcp/27431 hostname=192.168.68.53 resolvedAddresses="[/ip4/192.168.68.53/tcp/27431]"
[2026-10-04 17:47:33.708] [out] [delivery_module] DBG 2026-10-04 17:47:33.708+02:00 Lookup query                               topics="kad-dht find" tid=5880867 peer=16U*VpJprH
[2026-10-04 17:47:33.709] [out] [delivery_module] DBG 2026-10-04 17:47:33.709+02:00 Lookup query                               topics="kad-dht find" tid=5880867 peer=16U*VpJprH
[2026-10-04 17:47:33.709] [out] [delivery_module] DBG 2026-10-04 17:47:33.709+02:00 Kad lookup: RPC error                      topics="kad-dht find" tid=5880867 peer=16U*VpJprH msg="dialStage: timed out dialing the peer"
[2026-10-04 17:47:33.709] [out] [delivery_module] DBG 2026-10-04 17:47:33.709+02:00 Kad lookup: RPC error                      topics="kad-dht find" tid=5880867 peer=16U*VpJprH msg="waitStage: timed out before dialing"
[2026-10-04 17:47:33.709] [out] [delivery_module] DBG 2026-10-04 17:47:33.709+02:00 Lookup query                               topics="kad-dht find" tid=5880867 peer=16U*VpJprH
[2026-10-04 17:47:33.710] [out] [delivery_module] DBG 2026-10-04 17:47:33.709+02:00 Kad lookup: RPC error                      topics="kad-dht find" tid=5880867 peer=16U*VpJprH msg="dialStage: timed out dialing the peer"
[2026-10-04 17:47:38.710] [out] [delivery_module] DBG 2026-10-04 17:47:38.710+02:00 Lookup query                               topics="kad-dht find" tid=5880867 peer=16U*VpJprH
[2026-10-04 17:47:38.711] [out] [delivery_module] DBG 2026-10-04 17:47:38.710+02:00 Lookup query                               topics="kad-dht find" tid=5880867 peer=16U*VpJprH
[2026-10-04 17:47:38.711] [out] [delivery_module] DBG 2026-10-04 17:47:38.711+02:00 Lookup query                               topics="kad-dht find" tid=5880867 peer=16U*VpJprH
[2026-10-04 17:47:38.711] [out] [delivery_module] DBG 2026-10-04 17:47:38.711+02:00 Kad lookup: RPC error                      topics="kad-dht find" tid=5880867 peer=16U*VpJprH msg="waitStage: timed out waiting for the peer's stream"
[2026-10-04 17:47:38.711] [out] [delivery_module] DBG 2026-10-04 17:47:38.711+02:00 Kad lookup: RPC error                      topics="kad-dht find" tid=5880867 peer=16U*VpJprH msg="waitStage: timed out waiting for the peer's stream"
[2026-10-04 17:47:38.711] [out] [delivery_module] DBG 2026-10-04 17:47:38.711+02:00 Kad lookup: RPC error                      topics="kad-dht find" tid=5880867 peer=16U*VpJprH msg="dialStage: timed out dialing the peer"
[2026-10-04 17:47:39.686] [out] [delivery_module] DBG 2026-10-04 17:47:39.685+02:00 getting adverts                            topics="service-disco discoverer" tid=5880867 serviceId=key:913B5C5DBE691438693215140388EC0C7DE80DE328BDE5BD7FC06F90568CEA40 registrar=16U*NSkuby
[2026-10-04 17:47:39.686] [out] [delivery_module] DBG 2026-10-04 17:47:39.686+02:00 getting adverts                            topics="service-disco discoverer" tid=5880867 serviceId=key:913B5C5DBE691438693215140388EC0C7DE80DE328BDE5BD7FC06F90568CEA40 registrar=16U*iSrhve
[2026-10-04 17:47:39.687] [out] [delivery_module] DBG 2026-10-04 17:47:39.687+02:00 getting adverts                            topics="service-disco discoverer" tid=5880867 serviceId=key:913B5C5DBE691438693215140388EC0C7DE80DE328BDE5BD7FC06F90568CEA40 registrar=16U*TwqBiH
[2026-10-04 17:47:39.688] [out] [delivery_module] DBG 2026-10-04 17:47:39.688+02:00 getting adverts                            topics="service-disco discoverer" tid=5880867 serviceId=key:913B5C5DBE691438693215140388EC0C7DE80DE328BDE5BD7FC06F90568CEA40 registrar=16U*Lqfd15
[2026-10-04 17:47:39.688] [out] [delivery_module] DBG 2026-10-04 17:47:39.688+02:00 Cannot insert self in routing table        topics="kad-dht rtable" tid=5880867 nodeId=key:0025080212210395E8A06BCC59748857E48B59188547983724AC21BDC79C0CD240F18DDB82DD64
[2026-10-04 17:47:39.688] [out] [delivery_module] DBG 2026-10-04 17:47:39.688+02:00 adverts found                              topics="service-disco discoverer" tid=5880867 serviceId=key:913B5C5DBE691438693215140388EC0C7DE80DE328BDE5BD7FC06F90568CEA40 remote=16U*Lqfd15 count=0
[2026-10-04 17:47:39.690] [out] [delivery_module] DBG 2026-10-04 17:47:39.690+02:00 getting adverts                            topics="service-disco discoverer" tid=5880867 serviceId=key:E6738033B5D413D13CF58622CEB4EF8F392E8D4EB073B56A5486CB0431B2F5D8 registrar=16U*iSrhve
[2026-10-04 17:47:39.690] [out] [delivery_module] DBG 2026-10-04 17:47:39.690+02:00 getting adverts                            topics="service-disco discoverer" tid=5880867 serviceId=key:E6738033B5D413D13CF58622CEB4EF8F392E8D4EB073B56A5486CB0431B2F5D8 registrar=16U*NSkuby
[2026-10-04 17:47:39.691] [out] [delivery_module] DBG 2026-10-04 17:47:39.690+02:00 getting adverts                            topics="service-disco discoverer" tid=5880867 serviceId=key:E6738033B5D413D13CF58622CEB4EF8F392E8D4EB073B56A5486CB0431B2F5D8 registrar=16U*TwqBiH
[2026-10-04 17:47:39.691] [out] [delivery_module] DBG 2026-10-04 17:47:39.690+02:00 getting adverts                            topics="service-disco discoverer" tid=5880867 serviceId=key:E6738033B5D413D13CF58622CEB4EF8F392E8D4EB073B56A5486CB0431B2F5D8 registrar=16U*Lqfd15
[2026-10-04 17:47:39.691] [out] [delivery_module] DBG 2026-10-04 17:47:39.690+02:00 Cannot insert self in routing table        topics="kad-dht rtable" tid=5880867 nodeId=key:0025080212210395E8A06BCC59748857E48B59188547983724AC21BDC79C0CD240F18DDB82DD64
[2026-10-04 17:47:39.691] [out] [delivery_module] DBG 2026-10-04 17:47:39.690+02:00 adverts found                              topics="service-disco discoverer" tid=5880867 serviceId=key:E6738033B5D413D13CF58622CEB4EF8F392E8D4EB073B56A5486CB0431B2F5D8 remote=16U*Lqfd15 count=1
[2026-10-04 17:47:40.455] [out] [delivery_module] DBG 2026-10-04 17:47:40.455+02:00 adverts found                              topics="service-disco discoverer" tid=5880867 serviceId=key:913B5C5DBE691438693215140388EC0C7DE80DE328BDE5BD7FC06F90568CEA40 remote=16U*NSkuby count=2
[2026-10-04 17:47:40.456] [out] [delivery_module] DBG 2026-10-04 17:47:40.456+02:00 adverts found                              topics="service-disco discoverer" tid=5880867 serviceId=key:E6738033B5D413D13CF58622CEB4EF8F392E8D4EB073B56A5486CB0431B2F5D8 remote=16U*NSkuby count=6
[2026-10-04 17:47:40.612] [out] [delivery_module] DBG 2026-10-04 17:47:40.612+02:00 adverts found                              topics="service-disco discoverer" tid=5880867 serviceId=key:913B5C5DBE691438693215140388EC0C7DE80DE328BDE5BD7FC06F90568CEA40 remote=16U*iSrhve count=4
[2026-10-04 17:47:40.636] [out] [delivery_module] DBG 2026-10-04 17:47:40.636+02:00 adverts found                              topics="service-disco discoverer" tid=5880867 serviceId=key:E6738033B5D413D13CF58622CEB4EF8F392E8D4EB073B56A5486CB0431B2F5D8 remote=16U*iSrhve count=2
[2026-10-04 17:47:40.655] [out] [delivery_module] DBG 2026-10-04 17:47:40.655+02:00 adverts found                              topics="service-disco discoverer" tid=5880867 serviceId=key:913B5C5DBE691438693215140388EC0C7DE80DE328BDE5BD7FC06F90568CEA40 remote=16U*TwqBiH count=2
[2026-10-04 17:47:40.657] [out] [delivery_module] DBG 2026-10-04 17:47:40.657+02:00 getting adverts                            topics="service-disco discoverer" tid=5880867 serviceId=key:913B5C5DBE691438693215140388EC0C7DE80DE328BDE5BD7FC06F90568CEA40 registrar=16U*T3UNSE
[2026-10-04 17:47:40.658] [out] [delivery_module] DBG 2026-10-04 17:47:40.657+02:00 getting adverts                            topics="service-disco discoverer" tid=5880867 serviceId=key:913B5C5DBE691438693215140388EC0C7DE80DE328BDE5BD7FC06F90568CEA40 registrar=16U*P1S397
[2026-10-04 17:47:40.658] [out] [delivery_module] DBG 2026-10-04 17:47:40.658+02:00 getting adverts                            topics="service-disco discoverer" tid=5880867 serviceId=key:913B5C5DBE691438693215140388EC0C7DE80DE328BDE5BD7FC06F90568CEA40 registrar=16U*VpJprH
[2026-10-04 17:47:41.080] [out] [delivery_module] DBG 2026-10-04 17:47:41.079+02:00 adverts found                              topics="service-disco discoverer" tid=5880867 serviceId=key:E6738033B5D413D13CF58622CEB4EF8F392E8D4EB073B56A5486CB0431B2F5D8 remote=16U*TwqBiH count=3
[2026-10-04 17:47:41.081] [out] [delivery_module] DBG 2026-10-04 17:47:41.081+02:00 getting adverts                            topics="service-disco discoverer" tid=5880867 serviceId=key:E6738033B5D413D13CF58622CEB4EF8F392E8D4EB073B56A5486CB0431B2F5D8 registrar=16U*kGyuEP
[2026-10-04 17:47:41.472] [out] [delivery_module] DBG 2026-10-04 17:47:41.472+02:00 adverts found                              topics="service-disco discoverer" tid=5880867 serviceId=key:913B5C5DBE691438693215140388EC0C7DE80DE328BDE5BD7FC06F90568CEA40 remote=16U*P1S397 count=0
[2026-10-04 17:47:41.627] [out] [delivery_module] DBG 2026-10-04 17:47:41.626+02:00 adverts found                              topics="service-disco discoverer" tid=5880867 serviceId=key:913B5C5DBE691438693215140388EC0C7DE80DE328BDE5BD7FC06F90568CEA40 remote=16U*T3UNSE count=2
[2026-10-04 17:47:41.628] [out] [delivery_module] DBG 2026-10-04 17:47:41.628+02:00 getting adverts                            topics="service-disco discoverer" tid=5880867 serviceId=key:913B5C5DBE691438693215140388EC0C7DE80DE328BDE5BD7FC06F90568CEA40 registrar=16U*kGyuEP
[2026-10-04 17:47:41.990] [out] [delivery_module] DBG 2026-10-04 17:47:41.990+02:00 adverts found                              topics="service-disco discoverer" tid=5880867 serviceId=key:E6738033B5D413D13CF58622CEB4EF8F392E8D4EB073B56A5486CB0431B2F5D8 remote=16U*kGyuEP count=6
[2026-10-04 17:47:41.992] [out] [delivery_module] DBG 2026-10-04 17:47:41.992+02:00 getting adverts                            topics="service-disco discoverer" tid=5880867 serviceId=key:E6738033B5D413D13CF58622CEB4EF8F392E8D4EB073B56A5486CB0431B2F5D8 registrar=16U*VpJprH
[2026-10-04 17:47:41.992] [out] [delivery_module] DBG 2026-10-04 17:47:41.992+02:00 getting adverts                            topics="service-disco discoverer" tid=5880867 serviceId=key:E6738033B5D413D13CF58622CEB4EF8F392E8D4EB073B56A5486CB0431B2F5D8 registrar=16U*P1S397
[2026-10-04 17:47:41.992] [out] [delivery_module] DBG 2026-10-04 17:47:41.992+02:00 getting adverts                            topics="service-disco discoverer" tid=5880867 serviceId=key:E6738033B5D413D13CF58622CEB4EF8F392E8D4EB073B56A5486CB0431B2F5D8 registrar=16U*T3UNSE
[2026-10-04 17:47:42.683] [out] [delivery_module] DBG 2026-10-04 17:47:42.683+02:00 adverts found                              topics="service-disco discoverer" tid=5880867 serviceId=key:913B5C5DBE691438693215140388EC0C7DE80DE328BDE5BD7FC06F90568CEA40 remote=16U*kGyuEP count=0
[2026-10-04 17:47:42.685] [out] [delivery_module] DBG 2026-10-04 17:47:42.685+02:00 Peer added via service discovery           topics="waku service discovery" tid=5880867 source="service lookup" peerId=16Uiu2HAm8Y9kgBNtjxvCnf1X6gnZJW5EGE4UwwCL3CCm55TwqBiH addresses="[/ip4/34.123.201.25/tcp/30303, /ip4/34.123.201.25/udp/30303/quic-v1, /dns4/delivery-02.gc-us-central1-a.logos.dev.status.im/tcp/30303]" protocols="[/mix/1.0.0]"
[2026-10-04 17:47:42.685] [out] [delivery_module] DBG 2026-10-04 17:47:42.685+02:00 Peer added via service discovery           topics="waku service discovery" tid=5880867 source="service lookup" peerId=16Uiu2HAkvwhGHKNry6LACrB8TmEFoCJKEX29XR5dDUzk3UT3UNSE addresses="[/ip4/43.99.103.10/tcp/30303, /ip4/43.99.103.10/udp/30303/quic-v1, /dns4/delivery-02.ac-cn-hongkong-c.logos.dev.status.im/tcp/30303]" protocols="[/mix/1.0.0]"
[2026-10-04 17:47:42.685] [out] [delivery_module] DBG 2026-10-04 17:47:42.685+02:00 Peer added via service discovery           topics="waku service discovery" tid=5880867 source="service lookup" peerId=16Uiu2HAm8YokiNun9BkeA1ZRmhLbtNUvcwRr64F69tYj9fkGyuEP addresses="[/ip4/47.242.130.189/tcp/30303, /ip4/47.242.130.189/udp/30303/quic-v1, /dns4/delivery-01.ac-cn-hongkong-c.logos.dev.status.im/tcp/30303]" protocols="[/mix/1.0.0]"
[2026-10-04 17:47:42.685] [out] [delivery_module] DBG 2026-10-04 17:47:42.685+02:00 Peer added via service discovery           topics="waku service discovery" tid=5880867 source="service lookup" peerId=16Uiu2HAm4S1JYkuzDKLKQvwgAhZKs9otxXqt8SCGtB4hoJP1S397 addresses="[/ip4/136.119.156.87/tcp/30303, /ip4/136.119.156.87/udp/30303/quic-v1, /dns4/delivery-01.gc-us-central1-a.logos.dev.status.im/tcp/30303]" protocols="[/mix/1.0.0]"
[2026-10-04 17:47:42.685] [out] [delivery_module] DBG 2026-10-04 17:47:42.685+02:00 Peer added via service discovery           topics="waku service discovery" tid=5880867 source="service lookup" peerId=16Uiu2HAmTUbnxLGT9JvV6mu9oPyDjqHK4Phs1VDJNUgESgNSkuby addresses="[/ip4/138.68.122.137/tcp/30303, /ip4/138.68.122.137/udp/30303/quic-v1, /dns4/delivery-01.do-ams3.logos.dev.status.im/tcp/30303]" protocols="[/mix/1.0.0]"
[2026-10-04 17:47:42.685] [out] [delivery_module] DBG 2026-10-04 17:47:42.685+02:00 Service lookup complete                    topics="waku service discovery" tid=5880867 service=/mix/1.0.0 found=5
[2026-10-04 17:47:42.689] [out] [delivery_module] DBG 2026-10-04 17:47:42.689+02:00 calculateConnectionState                   tid=5880867 relayCount=6 storeClientCount=5 lightpushCount=6 filterCount=6
[2026-10-04 17:47:43.004] [out] [delivery_module] DBG 2026-10-04 17:47:43.004+02:00 adverts found                              topics="service-disco discoverer" tid=5880867 serviceId=key:E6738033B5D413D13CF58622CEB4EF8F392E8D4EB073B56A5486CB0431B2F5D8 remote=16U*P1S397 count=7
[2026-10-04 17:47:43.117] [out] [delivery_module] DBG 2026-10-04 17:47:43.117+02:00 adverts found                              topics="service-disco discoverer" tid=5880867 serviceId=key:E6738033B5D413D13CF58622CEB4EF8F392E8D4EB073B56A5486CB0431B2F5D8 remote=16U*T3UNSE count=2
[2026-10-04 17:47:43.118] [out] [delivery_module] DBG 2026-10-04 17:47:43.118+02:00 Peer added via service discovery           topics="waku service discovery" tid=5880867 source="service lookup" peerId=16Uiu2HAm4S1JYkuzDKLKQvwgAhZKs9otxXqt8SCGtB4hoJP1S397 addresses="[/ip4/136.119.156.87/tcp/30303, /ip4/136.119.156.87/udp/30303/quic-v1, /dns4/delivery-01.gc-us-central1-a.logos.dev.status.im/tcp/30303]" protocols="[/logos/delivery]"
[2026-10-04 17:47:43.119] [out] [delivery_module] DBG 2026-10-04 17:47:43.119+02:00 Peer added via service discovery           topics="waku service discovery" tid=5880867 source="service lookup" peerId=16Uiu2HAm75mHYCn97YHQ3auieTYohvJU9d3WGyGBAjnVc32pfeoX addresses="[/ip4/192.168.68.53/tcp/27431, /ip4/192.168.68.53/udp/16011/quic-v1]" protocols="[/logos/delivery]"
[2026-10-04 17:47:43.119] [out] [delivery_module] DBG 2026-10-04 17:47:43.119+02:00 Peer added via service discovery           topics="waku service discovery" tid=5880867 source="service lookup" peerId=16Uiu2HAmNkAqK5qpyC2yxPAhH1pngYWtmr7eSPggN9ucSDLqfd15 addresses="[/ip4/172.20.10.14/tcp/65350, /ip4/172.20.10.14/udp/62334/quic-v1]" protocols="[/logos/delivery]"
[2026-10-04 17:47:43.119] [out] [delivery_module] DBG 2026-10-04 17:47:43.119+02:00 Peer added via service discovery           topics="waku service discovery" tid=5880867 source="service lookup" peerId=16Uiu2HAkvwhGHKNry6LACrB8TmEFoCJKEX29XR5dDUzk3UT3UNSE addresses="[/ip4/43.99.103.10/tcp/30303, /ip4/43.99.103.10/udp/30303/quic-v1, /dns4/delivery-02.ac-cn-hongkong-c.logos.dev.status.im/tcp/30303]" protocols="[/logos/delivery]"
[2026-10-04 17:47:43.119] [out] [delivery_module] DBG 2026-10-04 17:47:43.119+02:00 Peer added via service discovery           topics="waku service discovery" tid=5880867 source="service lookup" peerId=16Uiu2HAm8Y9kgBNtjxvCnf1X6gnZJW5EGE4UwwCL3CCm55TwqBiH addresses="[/ip4/34.123.201.25/tcp/30303, /ip4/34.123.201.25/udp/30303/quic-v1, /dns4/delivery-02.gc-us-central1-a.logos.dev.status.im/tcp/30303]" protocols="[/logos/delivery]"
[2026-10-04 17:47:43.119] [out] [delivery_module] DBG 2026-10-04 17:47:43.119+02:00 Peer added via service discovery           topics="waku service discovery" tid=5880867 source="service lookup" peerId=16Uiu2HAm8YokiNun9BkeA1ZRmhLbtNUvcwRr64F69tYj9fkGyuEP addresses="[/ip4/47.242.130.189/tcp/30303, /ip4/47.242.130.189/udp/30303/quic-v1, /dns4/delivery-01.ac-cn-hongkong-c.logos.dev.status.im/tcp/30303]" protocols="[/logos/delivery]"
[2026-10-04 17:47:43.119] [out] [delivery_module] DBG 2026-10-04 17:47:43.119+02:00 Peer added via service discovery           topics="waku service discovery" tid=5880867 source="service lookup" peerId=16Uiu2HAmTUbnxLGT9JvV6mu9oPyDjqHK4Phs1VDJNUgESgNSkuby addresses="[/ip4/138.68.122.137/tcp/30303, /ip4/138.68.122.137/udp/30303/quic-v1, /dns4/delivery-01.do-ams3.logos.dev.status.im/tcp/30303]" protocols="[/logos/delivery]"
[2026-10-04 17:47:43.119] [out] [delivery_module] DBG 2026-10-04 17:47:43.119+02:00 Peer added via service discovery           topics="waku service discovery" tid=5880867 source="service lookup" peerId=16Uiu2HAm5hiDKtofKsaY3hNNyzzhFagoKo8uMWTFJ2huwMiSrhve addresses="[/ip4/173.42.114.210/tcp/37795]" protocols="[/logos/delivery]"
[2026-10-04 17:47:43.119] [out] [delivery_module] DBG 2026-10-04 17:47:43.119+02:00 Service lookup complete                    topics="waku service discovery" tid=5880867 service=/logos/delivery found=8
[2026-10-04 17:47:43.121] [out] [delivery_module] DBG 2026-10-04 17:47:43.121+02:00 calculateConnectionState                   tid=5880867 relayCount=6 storeClientCount=5 lightpushCount=6 filterCount=6
[2026-10-04 17:47:43.714] [out] [delivery_module] DBG 2026-10-04 17:47:43.713+02:00 Lookup query                               topics="kad-dht find" tid=5880867 peer=16U*VpJprH
[2026-10-04 17:47:43.714] [out] [delivery_module] DBG 2026-10-04 17:47:43.713+02:00 Lookup query                               topics="kad-dht find" tid=5880867 peer=16U*VpJprH
[2026-10-04 17:47:43.714] [out] [delivery_module] DBG 2026-10-04 17:47:43.714+02:00 Lookup query                               topics="kad-dht find" tid=5880867 peer=16U*VpJprH
[2026-10-04 17:47:43.714] [out] [delivery_module] DBG 2026-10-04 17:47:43.714+02:00 Kad lookup: RPC error                      topics="kad-dht find" tid=5880867 peer=16U*VpJprH msg="waitStage: timed out waiting for the peer's stream"
[2026-10-04 17:47:43.714] [out] [delivery_module] DBG 2026-10-04 17:47:43.714+02:00 Kad lookup: RPC error                      topics="kad-dht find" tid=5880867 peer=16U*VpJprH msg="waitStage: timed out waiting for the peer's stream"
[2026-10-04 17:47:43.714] [out] [delivery_module] DBG 2026-10-04 17:47:43.714+02:00 Kad lookup: RPC error                      topics="kad-dht find" tid=5880867 peer=16U*VpJprH msg="dialStage: timed out dialing the peer"
[2026-10-04 17:47:44.014] [out] [delivery_module] DBG 2026-10-04 17:47:44.014+02:00 dialMe answer is not reachable             topics="libp2p autonatservice" tid=5880867 description="Peer could not dial us back: Dial timeout" peerId=16Uiu2HAm8YokiNun9BkeA1ZRmhLbtNUvcwRr64F69tYj9fkGyuEP
[2026-10-04 17:47:44.014] [out] [delivery_module] DBG 2026-10-04 17:47:44.014+02:00 Current status                             topics="libp2p autonatservice" tid=5880867 currentStats=NotReachable confidence=ok(1.0) answers=[NotReachable, NotReachable, NotReachable]
[2026-10-04 17:47:46.017] [out] [delivery_module] WRN 2026-10-04 17:47:46.017+02:00 NAT port mapping failed                    topics="libp2p natservice" tid=5880867 port=65350 proto=mpTcp err="plum: mapping 0 failed"
[2026-10-04 17:47:48.020] [out] [delivery_module] WRN 2026-10-04 17:47:48.020+02:00 NAT port mapping failed                    topics="libp2p natservice" tid=5880867 port=62334 proto=mpUdp err="plum: mapping 0 failed"
[2026-10-04 17:47:48.717] [out] [delivery_module] DBG 2026-10-04 17:47:48.716+02:00 Lookup query                               topics="kad-dht find" tid=5880867 peer=16U*VpJprH
[2026-10-04 17:47:48.717] [out] [delivery_module] DBG 2026-10-04 17:47:48.717+02:00 Lookup query                               topics="kad-dht find" tid=5880867 peer=16U*VpJprH
[2026-10-04 17:47:48.717] [out] [delivery_module] DBG 2026-10-04 17:47:48.717+02:00 Lookup query                               topics="kad-dht find" tid=5880867 peer=16U*VpJprH
[2026-10-04 17:47:48.717] [out] [delivery_module] DBG 2026-10-04 17:47:48.717+02:00 Kad lookup: RPC error                      topics="kad-dht find" tid=5880867 peer=16U*VpJprH msg="waitStage: timed out waiting for the peer's stream"
[2026-10-04 17:47:48.717] [out] [delivery_module] DBG 2026-10-04 17:47:48.717+02:00 Kad lookup: RPC error                      topics="kad-dht find" tid=5880867 peer=16U*VpJprH msg="waitStage: timed out waiting for the peer's stream"
[2026-10-04 17:47:48.717] [out] [delivery_module] DBG 2026-10-04 17:47:48.717+02:00 Kad lookup: RPC error                      topics="kad-dht find" tid=5880867 peer=16U*VpJprH msg="dialStage: timed out dialing the peer"
[2026-10-04 17:47:53.718] [out] [delivery_module] DBG 2026-10-04 17:47:53.718+02:00 Lookup query                               topics="kad-dht find" tid=5880867 peer=16U*VpJprH
[2026-10-04 17:47:53.718] [out] [delivery_module] DBG 2026-10-04 17:47:53.718+02:00 Lookup query                               topics="kad-dht find" tid=5880867 peer=16U*VpJprH
[2026-10-04 17:47:53.718] [out] [delivery_module] DBG 2026-10-04 17:47:53.718+02:00 Lookup query                               topics="kad-dht find" tid=5880867 peer=16U*VpJprH
[2026-10-04 17:47:53.719] [out] [delivery_module] DBG 2026-10-04 17:47:53.719+02:00 Kad lookup: RPC error                      topics="kad-dht find" tid=5880867 peer=16U*VpJprH msg="waitStage: timed out waiting for the peer's stream"
[2026-10-04 17:47:53.719] [out] [delivery_module] DBG 2026-10-04 17:47:53.719+02:00 Kad lookup: RPC error                      topics="kad-dht find" tid=5880867 peer=16U*VpJprH msg="waitStage: timed out waiting for the peer's stream"
[2026-10-04 17:47:53.719] [out] [delivery_module] DBG 2026-10-04 17:47:53.719+02:00 Kad lookup: RPC error                      topics="kad-dht find" tid=5880867 peer=16U*VpJprH msg="dialStage: timed out dialing the peer"
[2026-10-04 17:47:58.683] [out] [delivery_module] DBG 2026-10-04 17:47:58.683+02:00 Maintaining subscriptions                  topics="waku filter" tid=5880867
[2026-10-04 17:47:58.684] [out] [delivery_module] DBG 2026-10-04 17:47:58.683+02:00 Cleanup                                    topics="waku filter subscriptions" tid=5880867 currentPeerIds=[]
[2026-10-04 17:47:58.684] [out] [delivery_module] DBG 2026-10-04 17:47:58.683+02:00 After cleanup                              topics="waku filter subscriptions" tid=5880867 currentPeerIds=[]
[2026-10-04 17:47:58.699] [out] [delivery_module] DBG 2026-10-04 17:47:58.699+02:00 Missed heartbeat                           topics="kad-dht" tid=5880867 heartbeat="Checking routing table size" delay=4ms480us666ns hinterval=1m
[2026-10-04 17:47:58.701] [out] [delivery_module] DBG 2026-10-04 17:47:58.701+02:00 Connection upgrade failed                  topics="libp2p dialer" tid=5880867 description="Timeout exceeded!" peerId=16U*VpJprH address=/ip4/174.138.106.244/tcp/30303 hostname=174.138.106.244
[2026-10-04 17:47:58.701] [out] [delivery_module] DBG 2026-10-04 17:47:58.701+02:00 Out of time for the remaining addresses    topics="libp2p dialer" tid=5880867 peerId=16U*VpJprH addrs="[/ip4/174.138.106.244/tcp/30303, /dns4/delivery-02.do-ams3.logos.dev.status.im/tcp/30303]"
[2026-10-04 17:47:58.701] [out] [delivery_module] DBG 2026-10-04 17:47:58.701+02:00 Error dialing                              topics="libp2p dialer" tid=5880867 conn=nil peerId=16U*VpJprH protos="[/logos/service-discovery/1.0.0]" addrs="[/ip4/174.138.106.244/tcp/30303, /dns4/delivery-02.do-ams3.logos.dev.status.im/tcp/30303]" description="Unable to establish outgoing link in establishConnection: peer_id=16U*VpJprH addrs=@[/ip4/174.138.106.244/tcp/30303, /dns4/delivery-02.do-ams3.logos.dev.status.im/tcp/30303]"
[2026-10-04 17:47:58.701] [out] [delivery_module] DBG 2026-10-04 17:47:58.701+02:00 Dialing peer                               topics="libp2p dialer" tid=5880867 peerId=16U*VpJprH addrs="[/ip4/174.138.106.244/tcp/30303, /dns4/delivery-02.do-ams3.logos.dev.status.im/tcp/30303]"
[2026-10-04 17:47:58.701] [out] [delivery_module] DBG 2026-10-04 17:47:58.701+02:00 Expanded address and hostname              topics="libp2p dialer" tid=5880867 expandedAddress=/ip4/174.138.106.244/tcp/30303 hostname=174.138.106.244 resolvedAddresses="[/ip4/174.138.106.244/tcp/30303]"
[2026-10-04 17:48:00.195] [out] [delivery_module] DBG 2026-10-04 17:48:00.195+02:00 Dialing failed                             topics="libp2p dialer" tid=5880867 description="Timeout exceeded!" peerId=16U*2pfeoX address=/ip4/192.168.68.53/tcp/27431 hostname=192.168.68.53
[2026-10-04 17:48:00.195] [out] [delivery_module] DBG 2026-10-04 17:48:00.195+02:00 Error dialing                              topics="libp2p dialer" tid=5880867 conn=nil peerId=16U*2pfeoX protos="[/logos/service-discovery/1.0.0]" addrs="[/ip4/192.168.68.53/udp/16011/quic-v1, /ip4/192.168.68.53/tcp/27431]" description="Unable to establish outgoing link in establishConnection: peer_id=16U*2pfeoX addrs=@[/ip4/192.168.68.53/udp/16011/quic-v1, /ip4/192.168.68.53/tcp/27431]"
[2026-10-04 17:48:00.195] [out] [delivery_module] DBG 2026-10-04 17:48:00.195+02:00 Dialing peer                               topics="libp2p dialer" tid=5880867 peerId=16U*2pfeoX addrs="[/ip4/192.168.68.53/udp/16011/quic-v1, /ip4/192.168.68.53/tcp/27431]"
[2026-10-04 17:48:00.195] [out] [delivery_module] DBG 2026-10-04 17:48:00.195+02:00 Expanded address and hostname              topics="libp2p dialer" tid=5880867 expandedAddress=/ip4/192.168.68.53/udp/16011/quic-v1 hostname=192.168.68.53 resolvedAddresses="[/ip4/192.168.68.53/udp/16011/quic-v1]"
[2026-10-04 17:48:00.195] [out] [delivery_module] DBG 2026-10-04 17:48:00.195+02:00 New connection established: client         tid=5880867
[2026-10-04 17:48:03.197] [out] [delivery_module] DBG 2026-10-04 17:48:03.197+02:00 Dialing failed                             topics="libp2p dialer" tid=5880867 description="quic dial timed out after 3s" peerId=16U*2pfeoX address=/ip4/192.168.68.53/udp/16011/quic-v1 hostname=192.168.68.53
[2026-10-04 17:48:03.198] [out] [delivery_module] DBG 2026-10-04 17:48:03.197+02:00 Expanded address and hostname              topics="libp2p dialer" tid=5880867 expandedAddress=/ip4/192.168.68.53/tcp/27431 hostname=192.168.68.53 resolvedAddresses="[/ip4/192.168.68.53/tcp/27431]"
[2026-10-04 17:48:03.777] [out] [delivery_module] DBG 2026-10-04 17:48:03.776+02:00 dialMe answer is not reachable             topics="libp2p autonatservice" tid=5880867 description="Peer could not dial us back: Dial timeout" peerId=16Uiu2HAm5hiDKtofKsaY3hNNyzzhFagoKo8uMWTFJ2huwMiSrhve
[2026-10-04 17:48:03.778] [out] [delivery_module] DBG 2026-10-04 17:48:03.776+02:00 Current status                             topics="libp2p autonatservice" tid=5880867 currentStats=NotReachable confidence=ok(1.0) answers=[NotReachable, NotReachable, NotReachable]
[2026-10-04 17:48:05.124] [out] [delivery_module] DBG 2026-10-04 17:48:05.124+02:00 calculateConnectionState                   tid=5880867 relayCount=6 storeClientCount=5 lightpushCount=6 filterCount=6
[2026-10-04 17:48:05.780] [out] [delivery_module] WRN 2026-10-04 17:48:05.780+02:00 NAT port mapping failed                    topics="libp2p natservice" tid=5880867 port=65350 proto=mpTcp err="plum: mapping 0 failed"
[2026-10-04 17:48:07.783] [out] [delivery_module] WRN 2026-10-04 17:48:07.783+02:00 NAT port mapping failed                    topics="libp2p natservice" tid=5880867 port=62334 proto=mpUdp err="plum: mapping 0 failed"
[2026-10-04 17:48:16.078] [out] [storage_module] WRN 2026-10-04 17:48:16.078+02:00 No key for a QueryResponse                 topics="storage repostore" tid=5886956
[2026-10-04 17:48:23.728] [out] [delivery_module] DBG 2026-10-04 17:48:23.728+02:00 dialMe answer is not reachable             topics="libp2p autonatservice" tid=5880867 description="Peer could not dial us back: Dial timeout" peerId=16Uiu2HAkvwhGHKNry6LACrB8TmEFoCJKEX29XR5dDUzk3UT3UNSE
[2026-10-04 17:48:23.728] [out] [delivery_module] DBG 2026-10-04 17:48:23.728+02:00 Current status                             topics="libp2p autonatservice" tid=5880867 currentStats=NotReachable confidence=ok(1.0) answers=[NotReachable, NotReachable, NotReachable]
[2026-10-04 17:48:25.731] [out] [delivery_module] WRN 2026-10-04 17:48:25.730+02:00 NAT port mapping failed                    topics="libp2p natservice" tid=5880867 port=65350 proto=mpTcp err="plum: mapping 0 failed"
[2026-10-04 17:48:26.134] [out] [delivery_module] DBG 2026-10-04 17:48:26.134+02:00 calculateConnectionState                   tid=5880867 relayCount=6 storeClientCount=5 lightpushCount=6 filterCount=6
[2026-10-04 17:48:27.734] [out] [delivery_module] WRN 2026-10-04 17:48:27.734+02:00 NAT port mapping failed                    topics="libp2p natservice" tid=5880867 port=62334 proto=mpUdp err="plum: mapping 0 failed"
[2026-10-04 17:48:27.734] [out] [delivery_module] DBG 2026-10-04 17:48:27.734+02:00 Missed heartbeat                           topics="libp2p autonatservice" tid=5880867 heartbeat="Scheduling AutonatService run" delay=29s474ms969us542ns hinterval=30s
[2026-10-04 17:48:28.703] [out] [delivery_module] DBG 2026-10-04 17:48:28.703+02:00 Connection upgrade failed                  topics="libp2p dialer" tid=5880867 description="Timeout exceeded!" peerId=16U*VpJprH address=/ip4/174.138.106.244/tcp/30303 hostname=174.138.106.244
[2026-10-04 17:48:28.703] [out] [delivery_module] DBG 2026-10-04 17:48:28.703+02:00 Out of time for the remaining addresses    topics="libp2p dialer" tid=5880867 peerId=16U*VpJprH addrs="[/ip4/174.138.106.244/tcp/30303, /dns4/delivery-02.do-ams3.logos.dev.status.im/tcp/30303]"
[2026-10-04 17:48:28.704] [out] [delivery_module] DBG 2026-10-04 17:48:28.703+02:00 Error dialing                              topics="libp2p dialer" tid=5880867 conn=nil peerId=16U*VpJprH protos="[/logos/service-discovery/1.0.0]" addrs="[/ip4/174.138.106.244/tcp/30303, /dns4/delivery-02.do-ams3.logos.dev.status.im/tcp/30303]" description="Unable to establish outgoing link in establishConnection: peer_id=16U*VpJprH addrs=@[/ip4/174.138.106.244/tcp/30303, /dns4/delivery-02.do-ams3.logos.dev.status.im/tcp/30303]"
[2026-10-04 17:48:28.704] [out] [delivery_module] DBG 2026-10-04 17:48:28.704+02:00 Dialing peer                               topics="libp2p dialer" tid=5880867 peerId=16U*VpJprH addrs="[/ip4/174.138.106.244/tcp/30303, /dns4/delivery-02.do-ams3.logos.dev.status.im/tcp/30303]"
[2026-10-04 17:48:28.704] [out] [delivery_module] DBG 2026-10-04 17:48:28.704+02:00 Expanded address and hostname              topics="libp2p dialer" tid=5880867 expandedAddress=/ip4/174.138.106.244/tcp/30303 hostname=174.138.106.244 resolvedAddresses="[/ip4/174.138.106.244/tcp/30303]"
[2026-10-04 17:48:30.197] [out] [delivery_module] DBG 2026-10-04 17:48:30.197+02:00 Dialing failed                             topics="libp2p dialer" tid=5880867 description="Timeout exceeded!" peerId=16U*2pfeoX address=/ip4/192.168.68.53/tcp/27431 hostname=192.168.68.53
[2026-10-04 17:48:30.197] [out] [delivery_module] DBG 2026-10-04 17:48:30.197+02:00 Error dialing                              topics="libp2p dialer" tid=5880867 conn=nil peerId=16U*2pfeoX protos="[/logos/service-discovery/1.0.0]" addrs="[/ip4/192.168.68.53/udp/16011/quic-v1, /ip4/192.168.68.53/tcp/27431]" description="Unable to establish outgoing link in establishConnection: peer_id=16U*2pfeoX addrs=@[/ip4/192.168.68.53/udp/16011/quic-v1, /ip4/192.168.68.53/tcp/27431]"
[2026-10-04 17:48:30.197] [out] [delivery_module] DBG 2026-10-04 17:48:30.197+02:00 Dialing peer                               topics="libp2p dialer" tid=5880867 peerId=16U*2pfeoX addrs="[/ip4/192.168.68.53/udp/16011/quic-v1, /ip4/192.168.68.53/tcp/27431]"
[2026-10-04 17:48:30.197] [out] [delivery_module] DBG 2026-10-04 17:48:30.197+02:00 Expanded address and hostname              topics="libp2p dialer" tid=5880867 expandedAddress=/ip4/192.168.68.53/udp/16011/quic-v1 hostname=192.168.68.53 resolvedAddresses="[/ip4/192.168.68.53/udp/16011/quic-v1]"
[2026-10-04 17:48:30.197] [out] [delivery_module] DBG 2026-10-04 17:48:30.197+02:00 New connection established: client         tid=5880867
[2026-10-04 17:48:33.198] [out] [delivery_module] DBG 2026-10-04 17:48:33.198+02:00 Dialing failed                             topics="libp2p dialer" tid=5880867 description="quic dial timed out after 3s" peerId=16U*2pfeoX address=/ip4/192.168.68.53/udp/16011/quic-v1 hostname=192.168.68.53
[2026-10-04 17:48:33.199] [out] [delivery_module] DBG 2026-10-04 17:48:33.198+02:00 Expanded address and hostname              topics="libp2p dialer" tid=5880867 expandedAddress=/ip4/192.168.68.53/tcp/27431 hostname=192.168.68.53 resolvedAddresses="[/ip4/192.168.68.53/tcp/27431]"
[2026-10-04 17:48:39.475] [out] [delivery_module] DBG 2026-10-04 17:48:39.475+02:00 Local table insertion                      tid=5880867 key=key:00250802122102168C9037738AA289AB06B174C5B0ABD036D6017B5A9E5E09F0C0E9598991C703 value=key:0A250802122102168C9037738AA289AB06B174C5B0ABD036D6017B5A9E5E09F0C0E9598991C703120203011ACF010A2700250802122102168C9037738AA289AB06B174C5B0ABD036D6017B5A9E5E09F0C0E9598991C70310BFCD93091A0A0A08042B63670A06765F1A0D0A0B042B63670A9102765FCD031A370A35363064656C69766572792D30322E61632D636E2D686F6E676B6F6E672D632E6C6F676F732E6465762E7374617475732E696D06765F222E0A0A2F6D69782F312E302E3012200894B2852890D244E045F2FF5875E03A6B18F233CCD2E5297F62F7546E93884D221B0A0F2F6C6F676F732F64656C69766572791208415141444C2F383D2A473045022100C64793E2026D9F37457E02603447ACBC7686F0D1BB0D0FF2EDED42FF2E404AC802204D873F842E6D56F883740E49B74C2273D09CAE0D306617A15ECE943AC76CE9C9
[2026-10-04 17:48:43.123] [out] [delivery_module] DBG 2026-10-04 17:48:43.123+02:00 getting adverts                            topics="service-disco discoverer" tid=5880867 serviceId=key:913B5C5DBE691438693215140388EC0C7DE80DE328BDE5BD7FC06F90568CEA40 registrar=16U*NSkuby
[2026-10-04 17:48:43.124] [out] [delivery_module] DBG 2026-10-04 17:48:43.124+02:00 getting adverts                            topics="service-disco discoverer" tid=5880867 serviceId=key:913B5C5DBE691438693215140388EC0C7DE80DE328BDE5BD7FC06F90568CEA40 registrar=16U*TwqBiH
[2026-10-04 17:48:43.126] [out] [delivery_module] DBG 2026-10-04 17:48:43.125+02:00 getting adverts                            topics="service-disco discoverer" tid=5880867 serviceId=key:913B5C5DBE691438693215140388EC0C7DE80DE328BDE5BD7FC06F90568CEA40 registrar=16U*iSrhve
[2026-10-04 17:48:43.126] [out] [delivery_module] DBG 2026-10-04 17:48:43.125+02:00 getting adverts                            topics="service-disco discoverer" tid=5880867 serviceId=key:913B5C5DBE691438693215140388EC0C7DE80DE328BDE5BD7FC06F90568CEA40 registrar=16U*Lqfd15
[2026-10-04 17:48:43.126] [out] [delivery_module] DBG 2026-10-04 17:48:43.125+02:00 Cannot insert self in routing table        topics="kad-dht rtable" tid=5880867 nodeId=key:0025080212210395E8A06BCC59748857E48B59188547983724AC21BDC79C0CD240F18DDB82DD64
[2026-10-04 17:48:43.126] [out] [delivery_module] DBG 2026-10-04 17:48:43.126+02:00 adverts found                              topics="service-disco discoverer" tid=5880867 serviceId=key:913B5C5DBE691438693215140388EC0C7DE80DE328BDE5BD7FC06F90568CEA40 remote=16U*Lqfd15 count=0
[2026-10-04 17:48:43.127] [out] [delivery_module] DBG 2026-10-04 17:48:43.127+02:00 getting adverts                            topics="service-disco discoverer" tid=5880867 serviceId=key:E6738033B5D413D13CF58622CEB4EF8F392E8D4EB073B56A5486CB0431B2F5D8 registrar=16U*iSrhve
[2026-10-04 17:48:43.128] [out] [delivery_module] DBG 2026-10-04 17:48:43.127+02:00 getting adverts                            topics="service-disco discoverer" tid=5880867 serviceId=key:E6738033B5D413D13CF58622CEB4EF8F392E8D4EB073B56A5486CB0431B2F5D8 registrar=16U*TwqBiH
[2026-10-04 17:48:43.128] [out] [delivery_module] DBG 2026-10-04 17:48:43.128+02:00 getting adverts                            topics="service-disco discoverer" tid=5880867 serviceId=key:E6738033B5D413D13CF58622CEB4EF8F392E8D4EB073B56A5486CB0431B2F5D8 registrar=16U*NSkuby
[2026-10-04 17:48:43.128] [out] [delivery_module] DBG 2026-10-04 17:48:43.128+02:00 getting adverts                            topics="service-disco discoverer" tid=5880867 serviceId=key:E6738033B5D413D13CF58622CEB4EF8F392E8D4EB073B56A5486CB0431B2F5D8 registrar=16U*Lqfd15
[2026-10-04 17:48:43.128] [out] [delivery_module] DBG 2026-10-04 17:48:43.128+02:00 Cannot insert self in routing table        topics="kad-dht rtable" tid=5880867 nodeId=key:0025080212210395E8A06BCC59748857E48B59188547983724AC21BDC79C0CD240F18DDB82DD64
[2026-10-04 17:48:43.128] [out] [delivery_module] DBG 2026-10-04 17:48:43.128+02:00 adverts found                              topics="service-disco discoverer" tid=5880867 serviceId=key:E6738033B5D413D13CF58622CEB4EF8F392E8D4EB073B56A5486CB0431B2F5D8 remote=16U*Lqfd15 count=1
[2026-10-04 17:48:43.307] [out] [delivery_module] DBG 2026-10-04 17:48:43.306+02:00 adverts found                              topics="service-disco discoverer" tid=5880867 serviceId=key:913B5C5DBE691438693215140388EC0C7DE80DE328BDE5BD7FC06F90568CEA40 remote=16U*NSkuby count=0
[2026-10-04 17:48:43.333] [out] [delivery_module] DBG 2026-10-04 17:48:43.333+02:00 adverts found                              topics="service-disco discoverer" tid=5880867 serviceId=key:E6738033B5D413D13CF58622CEB4EF8F392E8D4EB073B56A5486CB0431B2F5D8 remote=16U*NSkuby count=1
[2026-10-04 17:48:43.587] [out] [delivery_module] DBG 2026-10-04 17:48:43.586+02:00 adverts found                              topics="service-disco discoverer" tid=5880867 serviceId=key:913B5C5DBE691438693215140388EC0C7DE80DE328BDE5BD7FC06F90568CEA40 remote=16U*TwqBiH count=2
[2026-10-04 17:48:43.600] [out] [delivery_module] DBG 2026-10-04 17:48:43.599+02:00 adverts found                              topics="service-disco discoverer" tid=5880867 serviceId=key:E6738033B5D413D13CF58622CEB4EF8F392E8D4EB073B56A5486CB0431B2F5D8 remote=16U*TwqBiH count=3
[2026-10-04 17:48:43.601] [out] [delivery_module] DBG 2026-10-04 17:48:43.601+02:00 adverts found                              topics="service-disco discoverer" tid=5880867 serviceId=key:913B5C5DBE691438693215140388EC0C7DE80DE328BDE5BD7FC06F90568CEA40 remote=16U*iSrhve count=4
[2026-10-04 17:48:43.602] [out] [delivery_module] DBG 2026-10-04 17:48:43.602+02:00 adverts found                              topics="service-disco discoverer" tid=5880867 serviceId=key:E6738033B5D413D13CF58622CEB4EF8F392E8D4EB073B56A5486CB0431B2F5D8 remote=16U*iSrhve count=2
[2026-10-04 17:48:43.604] [out] [delivery_module] DBG 2026-10-04 17:48:43.604+02:00 getting adverts                            topics="service-disco discoverer" tid=5880867 serviceId=key:E6738033B5D413D13CF58622CEB4EF8F392E8D4EB073B56A5486CB0431B2F5D8 registrar=16U*kGyuEP
[2026-10-04 17:48:43.605] [out] [delivery_module] DBG 2026-10-04 17:48:43.605+02:00 getting adverts                            topics="service-disco discoverer" tid=5880867 serviceId=key:913B5C5DBE691438693215140388EC0C7DE80DE328BDE5BD7FC06F90568CEA40 registrar=16U*P1S397
[2026-10-04 17:48:43.605] [out] [delivery_module] DBG 2026-10-04 17:48:43.605+02:00 getting adverts                            topics="service-disco discoverer" tid=5880867 serviceId=key:913B5C5DBE691438693215140388EC0C7DE80DE328BDE5BD7FC06F90568CEA40 registrar=16U*VpJprH
[2026-10-04 17:48:43.605] [out] [delivery_module] DBG 2026-10-04 17:48:43.605+02:00 getting adverts                            topics="service-disco discoverer" tid=5880867 serviceId=key:913B5C5DBE691438693215140388EC0C7DE80DE328BDE5BD7FC06F90568CEA40 registrar=16U*T3UNSE
[2026-10-04 17:48:44.583] [out] [delivery_module] DBG 2026-10-04 17:48:44.582+02:00 adverts found                              topics="service-disco discoverer" tid=5880867 serviceId=key:913B5C5DBE691438693215140388EC0C7DE80DE328BDE5BD7FC06F90568CEA40 remote=16U*P1S397 count=0
[2026-10-04 17:48:44.722] [out] [delivery_module] DBG 2026-10-04 17:48:44.722+02:00 adverts found                              topics="service-disco discoverer" tid=5880867 serviceId=key:E6738033B5D413D13CF58622CEB4EF8F392E8D4EB073B56A5486CB0431B2F5D8 remote=16U*kGyuEP count=6
[2026-10-04 17:48:44.724] [out] [delivery_module] DBG 2026-10-04 17:48:44.724+02:00 adverts found                              topics="service-disco discoverer" tid=5880867 serviceId=key:913B5C5DBE691438693215140388EC0C7DE80DE328BDE5BD7FC06F90568CEA40 remote=16U*T3UNSE count=2
[2026-10-04 17:48:44.727] [out] [delivery_module] DBG 2026-10-04 17:48:44.727+02:00 getting adverts                            topics="service-disco discoverer" tid=5880867 serviceId=key:E6738033B5D413D13CF58622CEB4EF8F392E8D4EB073B56A5486CB0431B2F5D8 registrar=16U*VpJprH
[2026-10-04 17:48:44.727] [out] [delivery_module] DBG 2026-10-04 17:48:44.727+02:00 getting adverts                            topics="service-disco discoverer" tid=5880867 serviceId=key:E6738033B5D413D13CF58622CEB4EF8F392E8D4EB073B56A5486CB0431B2F5D8 registrar=16U*T3UNSE
[2026-10-04 17:48:44.727] [out] [delivery_module] DBG 2026-10-04 17:48:44.727+02:00 getting adverts                            topics="service-disco discoverer" tid=5880867 serviceId=key:E6738033B5D413D13CF58622CEB4EF8F392E8D4EB073B56A5486CB0431B2F5D8 registrar=16U*P1S397
[2026-10-04 17:48:44.727] [out] [delivery_module] DBG 2026-10-04 17:48:44.727+02:00 getting adverts                            topics="service-disco discoverer" tid=5880867 serviceId=key:913B5C5DBE691438693215140388EC0C7DE80DE328BDE5BD7FC06F90568CEA40 registrar=16U*kGyuEP
[2026-10-04 17:48:45.468] [out] [delivery_module] DBG 2026-10-04 17:48:45.468+02:00 adverts found                              topics="service-disco discoverer" tid=5880867 serviceId=key:E6738033B5D413D13CF58622CEB4EF8F392E8D4EB073B56A5486CB0431B2F5D8 remote=16U*P1S397 count=7
[2026-10-04 17:48:45.620] [out] [delivery_module] DBG 2026-10-04 17:48:45.619+02:00 adverts found                              topics="service-disco discoverer" tid=5880867 serviceId=key:913B5C5DBE691438693215140388EC0C7DE80DE328BDE5BD7FC06F90568CEA40 remote=16U*kGyuEP count=0
[2026-10-04 17:48:45.620] [out] [delivery_module] DBG 2026-10-04 17:48:45.619+02:00 adverts found                              topics="service-disco discoverer" tid=5880867 serviceId=key:E6738033B5D413D13CF58622CEB4EF8F392E8D4EB073B56A5486CB0431B2F5D8 remote=16U*T3UNSE count=2
[2026-10-04 17:48:45.621] [out] [delivery_module] DBG 2026-10-04 17:48:45.621+02:00 Peer added via service discovery           topics="waku service discovery" tid=5880867 source="service lookup" peerId=16Uiu2HAm8Y9kgBNtjxvCnf1X6gnZJW5EGE4UwwCL3CCm55TwqBiH addresses="[/ip4/34.123.201.25/tcp/30303, /ip4/34.123.201.25/udp/30303/quic-v1, /dns4/delivery-02.gc-us-central1-a.logos.dev.status.im/tcp/30303]" protocols="[/mix/1.0.0]"
[2026-10-04 17:48:45.621] [out] [delivery_module] DBG 2026-10-04 17:48:45.621+02:00 Peer added via service discovery           topics="waku service discovery" tid=5880867 source="service lookup" peerId=16Uiu2HAkvwhGHKNry6LACrB8TmEFoCJKEX29XR5dDUzk3UT3UNSE addresses="[/ip4/43.99.103.10/tcp/30303, /ip4/43.99.103.10/udp/30303/quic-v1, /dns4/delivery-02.ac-cn-hongkong-c.logos.dev.status.im/tcp/30303]" protocols="[/mix/1.0.0]"
[2026-10-04 17:48:45.622] [out] [delivery_module] DBG 2026-10-04 17:48:45.622+02:00 Peer added via service discovery           topics="waku service discovery" tid=5880867 source="service lookup" peerId=16Uiu2HAm8YokiNun9BkeA1ZRmhLbtNUvcwRr64F69tYj9fkGyuEP addresses="[/ip4/47.242.130.189/tcp/30303, /ip4/47.242.130.189/udp/30303/quic-v1, /dns4/delivery-01.ac-cn-hongkong-c.logos.dev.status.im/tcp/30303]" protocols="[/mix/1.0.0]"
[2026-10-04 17:48:45.622] [out] [delivery_module] DBG 2026-10-04 17:48:45.622+02:00 Peer added via service discovery           topics="waku service discovery" tid=5880867 source="service lookup" peerId=16Uiu2HAm4S1JYkuzDKLKQvwgAhZKs9otxXqt8SCGtB4hoJP1S397 addresses="[/ip4/136.119.156.87/tcp/30303, /ip4/136.119.156.87/udp/30303/quic-v1, /dns4/delivery-01.gc-us-central1-a.logos.dev.status.im/tcp/30303]" protocols="[/mix/1.0.0]"
[2026-10-04 17:48:45.622] [out] [delivery_module] DBG 2026-10-04 17:48:45.622+02:00 Peer added via service discovery           topics="waku service discovery" tid=5880867 source="service lookup" peerId=16Uiu2HAmTUbnxLGT9JvV6mu9oPyDjqHK4Phs1VDJNUgESgNSkuby addresses="[/ip4/138.68.122.137/tcp/30303, /ip4/138.68.122.137/udp/30303/quic-v1, /dns4/delivery-01.do-ams3.logos.dev.status.im/tcp/30303]" protocols="[/mix/1.0.0]"
[2026-10-04 17:48:45.622] [out] [delivery_module] DBG 2026-10-04 17:48:45.622+02:00 Service lookup complete                    topics="waku service discovery" tid=5880867 service=/mix/1.0.0 found=5
[2026-10-04 17:48:45.625] [out] [delivery_module] DBG 2026-10-04 17:48:45.625+02:00 calculateConnectionState                   tid=5880867 relayCount=6 storeClientCount=5 lightpushCount=6 filterCount=6
[2026-10-04 17:48:45.625] [out] [delivery_module] DBG 2026-10-04 17:48:45.625+02:00 Peer added via service discovery           topics="waku service discovery" tid=5880867 source="service lookup" peerId=16Uiu2HAm4S1JYkuzDKLKQvwgAhZKs9otxXqt8SCGtB4hoJP1S397 addresses="[/ip4/136.119.156.87/tcp/30303, /ip4/136.119.156.87/udp/30303/quic-v1, /dns4/delivery-01.gc-us-central1-a.logos.dev.status.im/tcp/30303]" protocols="[/logos/delivery]"
[2026-10-04 17:48:45.625] [out] [delivery_module] DBG 2026-10-04 17:48:45.625+02:00 Peer added via service discovery           topics="waku service discovery" tid=5880867 source="service lookup" peerId=16Uiu2HAm75mHYCn97YHQ3auieTYohvJU9d3WGyGBAjnVc32pfeoX addresses="[/ip4/192.168.68.53/tcp/27431, /ip4/192.168.68.53/udp/16011/quic-v1]" protocols="[/logos/delivery]"
[2026-10-04 17:48:45.625] [out] [delivery_module] DBG 2026-10-04 17:48:45.625+02:00 Peer added via service discovery           topics="waku service discovery" tid=5880867 source="service lookup" peerId=16Uiu2HAmNkAqK5qpyC2yxPAhH1pngYWtmr7eSPggN9ucSDLqfd15 addresses="[/ip4/172.20.10.14/tcp/65350, /ip4/172.20.10.14/udp/62334/quic-v1]" protocols="[/logos/delivery]"
[2026-10-04 17:48:45.625] [out] [delivery_module] DBG 2026-10-04 17:48:45.625+02:00 Peer added via service discovery           topics="waku service discovery" tid=5880867 source="service lookup" peerId=16Uiu2HAkvwhGHKNry6LACrB8TmEFoCJKEX29XR5dDUzk3UT3UNSE addresses="[/ip4/43.99.103.10/tcp/30303, /ip4/43.99.103.10/udp/30303/quic-v1, /dns4/delivery-02.ac-cn-hongkong-c.logos.dev.status.im/tcp/30303]" protocols="[/logos/delivery]"
[2026-10-04 17:48:45.626] [out] [delivery_module] DBG 2026-10-04 17:48:45.625+02:00 Peer added via service discovery           topics="waku service discovery" tid=5880867 source="service lookup" peerId=16Uiu2HAm8Y9kgBNtjxvCnf1X6gnZJW5EGE4UwwCL3CCm55TwqBiH addresses="[/ip4/34.123.201.25/tcp/30303, /ip4/34.123.201.25/udp/30303/quic-v1, /dns4/delivery-02.gc-us-central1-a.logos.dev.status.im/tcp/30303]" protocols="[/logos/delivery]"
[2026-10-04 17:48:45.626] [out] [delivery_module] DBG 2026-10-04 17:48:45.625+02:00 Peer added via service discovery           topics="waku service discovery" tid=5880867 source="service lookup" peerId=16Uiu2HAm8YokiNun9BkeA1ZRmhLbtNUvcwRr64F69tYj9fkGyuEP addresses="[/ip4/47.242.130.189/tcp/30303, /ip4/47.242.130.189/udp/30303/quic-v1, /dns4/delivery-01.ac-cn-hongkong-c.logos.dev.status.im/tcp/30303]" protocols="[/logos/delivery]"
[2026-10-04 17:48:45.626] [out] [delivery_module] DBG 2026-10-04 17:48:45.625+02:00 Peer added via service discovery           topics="waku service discovery" tid=5880867 source="service lookup" peerId=16Uiu2HAmTUbnxLGT9JvV6mu9oPyDjqHK4Phs1VDJNUgESgNSkuby addresses="[/ip4/138.68.122.137/tcp/30303, /ip4/138.68.122.137/udp/30303/quic-v1, /dns4/delivery-01.do-ams3.logos.dev.status.im/tcp/30303]" protocols="[/logos/delivery]"
[2026-10-04 17:48:45.626] [out] [delivery_module] DBG 2026-10-04 17:48:45.626+02:00 Peer added via service discovery           topics="waku service discovery" tid=5880867 source="service lookup" peerId=16Uiu2HAm5hiDKtofKsaY3hNNyzzhFagoKo8uMWTFJ2huwMiSrhve addresses="[/ip4/173.42.114.210/tcp/37795]" protocols="[/logos/delivery]"
[2026-10-04 17:48:45.626] [out] [delivery_module] DBG 2026-10-04 17:48:45.626+02:00 Service lookup complete                    topics="waku service discovery" tid=5880867 service=/logos/delivery found=8
[2026-10-04 17:48:45.728] [out] [delivery_module] DBG 2026-10-04 17:48:45.728+02:00 calculateConnectionState                   tid=5880867 relayCount=6 storeClientCount=5 lightpushCount=6 filterCount=6
