run-logos-standalone-ui: hot-reloading QML from <repo>/src/qml
  (export DEV_QML_PATH to override, or LOGOS_QML_HOT_RELOAD=0 to disable)
Session directory: "~/Library/Application Support/Logos/LogosStandalone"
[2026-10-04 18:20:48.891] [info] [logos] Granting host services to 'capability_module': token_registry,token_delivery
[2026-10-04 18:20:48.916] [out] [capability_module] [2026-10-04 18:20:48.916] [info] Granting host services to capability_module: ["token_registry","token_delivery"]
RemoteTransportConnection: Connecting to registry: "local:logos_capability_module_b5150944ee8b" at "18:20:48.917"
RemoteTransportConnection: Registry connect attempt started (no peer contact yet): "local:logos_capability_module_b5150944ee8b"
LogosAPIConsumer: Informing module token for module: "capability_module" with token: "redacted:851b21ed…"
RemoteTransportConnection: Requesting object: "capability_module" at "18:20:48.917"
[LogosObject] RemoteTransportConnection: returning RemoteLogosObject for: "capability_module"
[LogosObject] Created RemoteLogosObject wrapping QRemoteObjectReplica 105553153497856
[LogosObject] LogosAPIConsumer: calling LogosObject::informModuleToken for "capability_module"
LogosAPIConsumer: informModuleToken completed with result: true
[LogosObject] Destroying RemoteLogosObject 0
[2026-10-04 18:20:48.934] [info] [logos] Module loaded: capability_module
LogosAPIConsumer: Informing module token for module: "modules_state" with token: "redacted:2aa8b07c…"
RemoteTransportConnection: Requesting object: "capability_module" at "18:20:48.960"
[LogosObject] RemoteTransportConnection: returning RemoteLogosObject for: "capability_module"
[LogosObject] Created RemoteLogosObject wrapping QRemoteObjectReplica 105553153614496
[LogosObject] LogosAPIConsumer: calling LogosObject::informModuleToken for "modules_state"
LogosAPIConsumer: informModuleToken completed with result: true
[LogosObject] Destroying RemoteLogosObject 0
[2026-10-04 18:20:48.963] [info] [logos] Module loaded: modules_state
RemoteTransportConnection: Connecting to registry: "local:logos_modules_state_b5150944ee8b" at "18:20:48.963"
RemoteTransportConnection: Registry connect attempt started (no peer contact yet): "local:logos_modules_state_b5150944ee8b"
RemoteTransportConnection: Connecting to registry: "local:logos_capability_module_b5150944ee8b" at "18:20:48.963"
RemoteTransportConnection: Registry connect attempt started (no peer contact yet): "local:logos_capability_module_b5150944ee8b"
LogosAPIConsumer: '"modules_state"::""' deferred pending the module becoming reachable
LogosAPIConsumer: '"modules_state"::""' deferred pending the module becoming reachable
Logos Core started (modules dir: "/nix/store/4v2cj5cr5dlsjb9cl0blr0cds0qf07iv-logos-forum_module-plugin-dir-modules" )
Set app icon from metadata: "/nix/store/hm2v6s8qm0jgxswq3kdn2jyyw3jnbjsz-logos-forum_module-plugin-dir/src/icons/icon.png"
[2026-10-04 18:20:48.998] [info] [logos] [delivery_module] DeliveryModuleImpl: Initializing...
LogosAPIConsumer: Informing module token for module: "delivery_module" with token: "redacted:7a15bcb4…"
RemoteTransportConnection: Requesting object: "capability_module" at "18:20:48.999"
[LogosObject] RemoteTransportConnection: returning RemoteLogosObject for: "capability_module"
[LogosObject] Created RemoteLogosObject wrapping QRemoteObjectReplica 105553153609824
[LogosObject] LogosAPIConsumer: calling LogosObject::informModuleToken for "delivery_module"
LogosAPIConsumer: informModuleToken completed with result: true
[LogosObject] Destroying RemoteLogosObject 0
[2026-10-04 18:20:48.999] [info] [logos] Module loaded: delivery_module
RemoteTransportConnection: Connecting to registry: "local:logos_delivery_module_b5150944ee8b" at "18:20:48.999"
RemoteTransportConnection: Registry connect attempt started (no peer contact yet): "local:logos_delivery_module_b5150944ee8b"
RemoteTransportConnection: Connecting to registry: "local:logos_capability_module_b5150944ee8b" at "18:20:48.999"
RemoteTransportConnection: Registry connect attempt started (no peer contact yet): "local:logos_capability_module_b5150944ee8b"
LogosAPIConsumer: '"delivery_module"::""' deferred pending the module becoming reachable
LogosAPIClient: getToken for module: "modules_state"
LogosAPIClient: Found token for module: "modules_state"
RemoteTransportConnection: Requesting object: "modules_state" at "18:20:49.000"
[LogosObject] RemoteTransportConnection: returning RemoteLogosObject for: "modules_state"
[LogosObject] Created RemoteLogosObject wrapping QRemoteObjectReplica 105553153571264
[LogosObject] LogosAPIConsumer: async calling via LogosObject::callMethodAsync "note_transition"
[LogosObject] RemoteLogosObject::callMethodAsync "note_transition" args: 7
LogosAPIClient: getToken for module: "modules_state"
LogosAPIClient: Found token for module: "modules_state"
[LogosObject] LogosAPIConsumer: async calling via LogosObject::callMethodAsync "note_transition"
[LogosObject] RemoteLogosObject::callMethodAsync "note_transition" args: 7
Loaded dependency (with transitive deps): "delivery_module"
[2026-10-04 18:20:49.026] [info] [logos] [storage_module] StorageModuleImpl: Initializing...
LogosAPIConsumer: Informing module token for module: "storage_module" with token: "redacted:e5056571…"
RemoteTransportConnection: Requesting object: "capability_module" at "18:20:49.026"
[LogosObject] Created RemoteLogosObject wrapping QRemoteObjectReplica 105553153545952
LogosAPIClient: invoking remote method "modules_state" "apply_snapshot" args_count: 1
LogosAPIClient: getToken for module: "modules_state"
LogosAPIClient: Found token for module: "modules_state"
LogosAPIConsumer: Calling invokeRemoteMethod: "modules_state" "apply_snapshot" args_count: 1 timeout: 20000
[LogosObject] LogosAPIConsumer: calling via LogosObject::callMethod "apply_snapshot"
[LogosObject] RemoteLogosObject::callMethod "apply_snapshot" args: 1
[LogosObject] Created RemoteLogosObject wrapping QRemoteObjectReplica 105553153571072
LogosAPIClient: getToken for module: "modules_state"
LogosAPIClient: Found token for module: "modules_state"
[LogosObject] LogosAPIConsumer: async calling via LogosObject::callMethodAsync "note_transition"
[LogosObject] RemoteLogosObject::callMethodAsync "note_transition" args: 7
LogosAPIClient: getToken for module: "modules_state"
LogosAPIClient: Found token for module: "modules_state"
[LogosObject] LogosAPIConsumer: async calling via LogosObject::callMethodAsync "note_transition"
[LogosObject] RemoteLogosObject::callMethodAsync "note_transition" args: 7
[2026-10-04 18:20:49.028] [info] [logos] Pushed module snapshot to modules_state
LogosAPIClient: getToken for module: "modules_state"
LogosAPIClient: Found token for module: "modules_state"
[LogosObject] LogosAPIConsumer: async calling via LogosObject::callMethodAsync "note_transition"
[LogosObject] RemoteLogosObject::callMethodAsync "note_transition" args: 7
[LogosObject] RemoteTransportConnection: returning RemoteLogosObject for: "capability_module"
[LogosObject] Created RemoteLogosObject wrapping QRemoteObjectReplica 105553153616288
[LogosObject] LogosAPIConsumer: calling LogosObject::informModuleToken for "storage_module"
LogosAPIConsumer: informModuleToken completed with result: true
[LogosObject] Destroying RemoteLogosObject 0
[2026-10-04 18:20:49.029] [info] [logos] Module loaded: storage_module
RemoteTransportConnection: Connecting to registry: "local:logos_storage_module_b5150944ee8b" at "18:20:49.029"
RemoteTransportConnection: Registry connect attempt started (no peer contact yet): "local:logos_storage_module_b5150944ee8b"
RemoteTransportConnection: Connecting to registry: "local:logos_capability_module_b5150944ee8b" at "18:20:49.029"
RemoteTransportConnection: Registry connect attempt started (no peer contact yet): "local:logos_capability_module_b5150944ee8b"
LogosAPIConsumer: '"storage_module"::""' deferred pending the module becoming reachable
LogosAPIClient: getToken for module: "modules_state"
LogosAPIClient: Found token for module: "modules_state"
[LogosObject] LogosAPIConsumer: async calling via LogosObject::callMethodAsync "note_transition"
[LogosObject] RemoteLogosObject::callMethodAsync "note_transition" args: 7
Loaded dependency (with transitive deps): "storage_module"
DEV_QML_PATH override active: <repo>/src/qml/Main.qml
RemoteTransportConnection: Connecting to registry: "local:logos_capability_module_b5150944ee8b" at "18:20:49.029"
RemoteTransportConnection: Registry connect attempt started (no peer contact yet): "local:logos_capability_module_b5150944ee8b"
LogosAPIConsumer: Informing module token for module: "forum_module" with token: "redacted:2a182ab3…"
RemoteTransportConnection: Requesting object: "capability_module" at "18:20:49.029"
[LogosObject] RemoteTransportConnection: returning RemoteLogosObject for: "capability_module"
[LogosObject] Created RemoteLogosObject wrapping QRemoteObjectReplica 105553153572864
[LogosObject] LogosAPIConsumer: calling LogosObject::informModuleToken for "forum_module"
[LogosObject] Created RemoteLogosObject wrapping QRemoteObjectReplica 105553153573504
LogosAPIClient: getToken for module: "modules_state"
LogosAPIClient: Found token for module: "modules_state"
[LogosObject] LogosAPIConsumer: async calling via LogosObject::callMethodAsync "note_transition"
[LogosObject] RemoteLogosObject::callMethodAsync "note_transition" args: 7
LogosAPIConsumer: informModuleToken completed with result: true
[LogosObject] Destroying RemoteLogosObject 0
file://<repo>/src/qml/Main.qml:24:5: Unable to assign [undefined] to int
Loaded UI plugin: "/nix/store/hm2v6s8qm0jgxswq3kdn2jyyw3jnbjsz-logos-forum_module-plugin-dir"
[QmlInspector] Inspector server listening on port 3768
[QmlInspector] Client connected from "::1"
[2026-10-04 18:20:56.841] [warning] [logos] [capability_module] Warning: QObject::connect: No such signal ::eventResponse(QString,QVariantList)
[2026-10-04 18:20:56.841] [info] [logos] [delivery_module] DeliveryModuleImpl::getNodeInfo called with nodeInfoId: MyPeerId
[2026-10-04 18:20:56.841] [info] [logos] [delivery_module] DeliveryModuleImpl: Cannot get node info - context not initialized. Call createNode first.
[2026-10-04 18:20:56.841] [info] [logos] [delivery_module] DeliveryModuleImpl::createNode called
[2026-10-04 18:20:56.847] [info] [logos] [delivery_module] DeliveryModuleImpl: Waiting for createNode callback...
[2026-10-04 18:20:56.848] [out] [delivery_module] DBG 2026-10-04 18:20:56.848+02:00 Whether to mount storeSync is not specified, defaulting to not mounting topics="waku conf builder" tid=6050483
[2026-10-04 18:20:56.848] [out] [delivery_module] NTC 2026-10-04 18:20:56.848+02:00 No node key provided, generated a new one; identity will not persist across restarts topics="waku conf builder" tid=6050483
[2026-10-04 18:20:56.848] [out] [delivery_module] INF 2026-10-04 18:20:56.848+02:00 Sharding configuration:                    topics="waku conf builder" tid=6050483 shardingConf="(kind: AutoSharding, numShardsInCluster: 8)" subscribeShards="@[0, 1, 2, 3, 4, 5, 6, 7]"
[2026-10-04 18:20:56.848] [out] [delivery_module] INF 2026-10-04 18:20:56.848+02:00 Configuration: Enabled protocols           topics="waku conf" tid=6050483 relay=true rlnRelay=false store=false filter=true lightPush=true peerExchange=true rendezvous=true
[2026-10-04 18:20:56.848] [out] [delivery_module] INF 2026-10-04 18:20:56.848+02:00 Configuration. Network                     topics="waku conf" tid=6050483 cluster=3
[2026-10-04 18:20:56.848] [out] [delivery_module] DBG 2026-10-04 18:20:56.848+02:00 Configuration. Active Relay Shards         topics="waku conf" tid=6050483 shard=0
[2026-10-04 18:20:56.848] [out] [delivery_module] DBG 2026-10-04 18:20:56.848+02:00 Configuration. Active Relay Shards         topics="waku conf" tid=6050483 shard=1
[2026-10-04 18:20:56.848] [out] [delivery_module] DBG 2026-10-04 18:20:56.848+02:00 Configuration. Active Relay Shards         topics="waku conf" tid=6050483 shard=2
[2026-10-04 18:20:56.848] [out] [delivery_module] DBG 2026-10-04 18:20:56.848+02:00 Configuration. Active Relay Shards         topics="waku conf" tid=6050483 shard=3
[2026-10-04 18:20:56.848] [out] [delivery_module] DBG 2026-10-04 18:20:56.848+02:00 Configuration. Active Relay Shards         topics="waku conf" tid=6050483 shard=4
[2026-10-04 18:20:56.848] [out] [delivery_module] DBG 2026-10-04 18:20:56.848+02:00 Configuration. Active Relay Shards         topics="waku conf" tid=6050483 shard=5
[2026-10-04 18:20:56.848] [out] [delivery_module] DBG 2026-10-04 18:20:56.848+02:00 Configuration. Active Relay Shards         topics="waku conf" tid=6050483 shard=6
[2026-10-04 18:20:56.848] [out] [delivery_module] DBG 2026-10-04 18:20:56.848+02:00 Configuration. Active Relay Shards         topics="waku conf" tid=6050483 shard=7
[2026-10-04 18:20:56.848] [out] [delivery_module] INF 2026-10-04 18:20:56.848+02:00 Setting up storage                         tid=6050483
[2026-10-04 18:20:56.848] [out] [delivery_module] INF 2026-10-04 18:20:56.848+02:00 Initializing node                          tid=6050483
[2026-10-04 18:20:56.849] [out] [delivery_module] DBG 2026-10-04 18:20:56.849+02:00 Setting up NATService                      topics="libp2p natservice" tid=6050483 portMapping=true reachability=false holePunching=false
[2026-10-04 18:20:56.849] [out] [delivery_module] INF 2026-10-04 18:20:56.849+02:00 Initializing networking                    tid=6050483 addrs="@[/ip4/0.0.0.0/tcp/0, /ip4/0.0.0.0/udp/0/quic-v1]"
[2026-10-04 18:20:56.849] [out] [delivery_module] INF 2026-10-04 18:20:56.849+02:00 Mounting protocols                         tid=6050483
[2026-10-04 18:20:56.849] [out] [delivery_module] INF 2026-10-04 18:20:56.849+02:00 Created WakuMetadata protocol              topics="waku node" tid=6050483 clusterId=3 shards="[0, 1, 2, 3, 4, 5, 6, 7]"
[2026-10-04 18:20:56.849] [out] [delivery_module] INF 2026-10-04 18:20:56.849+02:00 Mounting mix protocol                      topics="waku node" tid=6050483INF 2026-10-04 18:20:56.849+02:00 node info                                  topics="waku node" tid=6050483 wakuInfo="(listenAddresses: [/ip4/0.0.0.0/tcp/0/p2p/16Uiu2HAm4VNfzxywiPSZrEQDyaDTjafXXBN738mNV6XS3Ht5HAoy, /ip4/0.0.0.0/udp/0/quic-v1/p2p/16Uiu2HAm4VNfzxywiPSZrEQDyaDTjafXXBN738mNV6XS3Ht5HAoy], enrUri: enr:-JO4QNMUMMfPJzPevUPIM6Xk8z_1x3mYx2qv5Ec-grL6T4rSc7Kgc_TwkBIcT0nOxe6cgCLXIAgdueswqM3Z3m3ypCMBgmlkgnY0gnJzkwADCAAAAAEAAgADAAQABQAGAAeJc2VjcDI1NmsxoQKGq-_NyJh-ZC3_5cve-yvUuwNl48MyomnRMiZ0_8loiIV3YWt1Mi0, mixPubKey: none())"
[2026-10-04 18:20:56.849] [out] [delivery_module]  nodeId="(listenAddresses: [/ip4/0.0.0.0/tcp/0/p2p/16Uiu2HAm4VNfzxywiPSZrEQDyaDTjafXXBN738mNV6XS3Ht5HAoy, /ip4/0.0.0.0/udp/0/quic-v1/p2p/16Uiu2HAm4VNfzxywiPSZrEQDyaDTjafXXBN738mNV6XS3Ht5HAoy], enrUri: enr:-JO4QNMUMMfPJzPevUPIM6Xk8z_1x3mYx2qv5Ec-grL6T4rSc7Kgc_TwkBIcT0nOxe6cgCLXIAgdueswqM3Z3m3ypCMBgmlkgnY0gnJzkwADCAAAAAEAAgADAAQABQAGAAeJc2VjcDI1NmsxoQKGq-_NyJh-ZC3_5cve-yvUuwNl48MyomnRMiZ0_8loiIV3YWt1Mi0, mixPubKey: none())"
[2026-10-04 18:20:56.849] [out] [delivery_module] INF 2026-10-04 18:20:56.849+02:00 local addr                                 topics="waku node" tid=6050483 localaddr=/ip4/0.0.0.0/tcp/0
[2026-10-04 18:20:56.849] [out] [delivery_module] INF 2026-10-04 18:20:56.849+02:00 mixPubKey                                  topics="waku node" tid=6050483 mixPubKey="[143, 202, 142, 162, 77, 242, 249, 205, 185, 152, 217, 170, 87, 44, 160, 97, 157, 150, 213, 77, 25, 156, 97, 115, 232, 38, 84, 99, 51, 234, 93, 5]"
[2026-10-04 18:20:56.849] [out] [delivery_module] INF 2026-10-04 18:20:56.849+02:00 Using mix bootstrap nodes                  topics="waku mix" tid=6050483 entries=0 poolSize=0
[2026-10-04 18:20:56.849] [out] [delivery_module] INF 2026-10-04 18:20:56.849+02:00 Mix cannot publish yet, waiting for more mix nodes topics="waku node" tid=6050483 poolSize=0 required=4
[2026-10-04 18:20:56.850] [out] [delivery_module] INF 2026-10-04 18:20:56.850+02:00 mounting store client                      topics="waku node store api" tid=6050483
[2026-10-04 18:20:56.850] [out] [delivery_module] INF 2026-10-04 18:20:56.850+02:00 Mounting auto sharding                     topics="waku node" tid=6050483 clusterId=3 shardCount=8
[2026-10-04 18:20:56.850] [out] [delivery_module] DBG 2026-10-04 18:20:56.850+02:00 Shards created from content topics         tid=6050483 contentTopics=[] shards=[]
[2026-10-04 18:20:56.850] [out] [delivery_module] DBG 2026-10-04 18:20:56.850+02:00 Setting max message size                   tid=6050483 num_bytes=153600
[2026-10-04 18:20:56.850] [out] [delivery_module] INF 2026-10-04 18:20:56.850+02:00 mounting relay protocol                    topics="waku node relay api" tid=6050483
[2026-10-04 18:20:56.850] [out] [delivery_module] DBG 2026-10-04 18:20:56.850+02:00 relay mounted successfully                 topics="waku node relay api" tid=6050483
[2026-10-04 18:20:56.850] [out] [delivery_module] DBG 2026-10-04 18:20:56.850+02:00 Adding validator to signed shards          tid=6050483 protectedShards=[] clusterId=3
[2026-10-04 18:20:56.850] [out] [delivery_module] INF 2026-10-04 18:20:56.850+02:00 Mounting rendezvous discovery protocol     topics="waku node" tid=6050483
[2026-10-04 18:20:56.850] [out] [delivery_module] INF 2026-10-04 18:20:56.850+02:00 Waku rendezvous initialized                topics="waku node" tid=6050483 clusterId=3 shards="[0, 1, 2, 3, 4, 5, 6, 7]" capabilities="[Relay, Filter, Lightpush, Mix]" wakuPeerRecord="(peerId: 16U*t5HAoy, seqNo: 1791130856, addresses: [/ip4/0.0.0.0/tcp/0, /ip4/0.0.0.0/udp/0/quic-v1], mixKey: 0x8fca8ea24df2f9cdb998d9aa572ca0619d96d54d199c6173e826546333ea5d05)"
[2026-10-04 18:20:56.850] [out] [delivery_module] INF 2026-10-04 18:20:56.850+02:00 Mounting rendezvous client                 topics="waku node" tid=6050483
[2026-10-04 18:20:56.850] [out] [delivery_module] INF 2026-10-04 18:20:56.850+02:00 Waku rendezvous client initialized         topics="waku node" tid=6050483 clusterId=3
[2026-10-04 18:20:56.850] [out] [delivery_module] INF 2026-10-04 18:20:56.850+02:00 mounting libp2p ping protocol              topics="waku node ping api" tid=6050483
[2026-10-04 18:20:56.850] [out] [delivery_module] INF 2026-10-04 18:20:56.850+02:00 mounting light push                        topics="waku node lightpush api" tid=6050483
[2026-10-04 18:20:56.850] [out] [delivery_module] INF 2026-10-04 18:20:56.850+02:00 mounting lightpush with relay              topics="waku node lightpush api" tid=6050483
[2026-10-04 18:20:56.850] [out] [delivery_module] DBG 2026-10-04 18:20:56.850+02:00 lightpush mounted successfully             topics="waku node lightpush api" tid=6050483
[2026-10-04 18:20:56.850] [out] [delivery_module] INF 2026-10-04 18:20:56.850+02:00 mounting legacy light push                 topics="waku node lightpush api" tid=6050483
[2026-10-04 18:20:56.850] [out] [delivery_module] INF 2026-10-04 18:20:56.850+02:00 mounting legacy lightpush with relay       topics="waku node lightpush api" tid=6050483
[2026-10-04 18:20:56.850] [out] [delivery_module] DBG 2026-10-04 18:20:56.850+02:00 legacy lightpush mounted successfully      topics="waku node lightpush api" tid=6050483
[2026-10-04 18:20:56.850] [out] [delivery_module] INF 2026-10-04 18:20:56.850+02:00 mounting light push client                 topics="waku node lightpush api" tid=6050483
[2026-10-04 18:20:56.850] [out] [delivery_module] INF 2026-10-04 18:20:56.850+02:00 mounting legacy light push client          topics="waku node lightpush api" tid=6050483
[2026-10-04 18:20:56.850] [out] [delivery_module] INF 2026-10-04 18:20:56.850+02:00 mounting filter protocol                   topics="waku node filter api" tid=6050483
[2026-10-04 18:20:56.850] [out] [delivery_module] INF 2026-10-04 18:20:56.850+02:00 Starting filter protocol                   topics="waku filter" tid=6050483
[2026-10-04 18:20:56.850] [out] [delivery_module] DBG 2026-10-04 18:20:56.850+02:00 Starting to maintain subscriptions         topics="waku filter" tid=6050483
[2026-10-04 18:20:56.850] [out] [delivery_module] DBG 2026-10-04 18:20:56.850+02:00 Maintaining subscriptions                  topics="waku filter" tid=6050483
[2026-10-04 18:20:56.850] [out] [delivery_module] DBG 2026-10-04 18:20:56.850+02:00 Cleanup                                    topics="waku filter subscriptions" tid=6050483 currentPeerIds=[]
[2026-10-04 18:20:56.850] [out] [delivery_module] DBG 2026-10-04 18:20:56.850+02:00 After cleanup                              topics="waku filter subscriptions" tid=6050483 currentPeerIds=[]
[2026-10-04 18:20:56.850] [out] [delivery_module] INF 2026-10-04 18:20:56.850+02:00 mounting filter client                     topics="waku node filter api" tid=6050483
[2026-10-04 18:20:56.850] [out] [delivery_module] INF 2026-10-04 18:20:56.850+02:00 mounting waku peer exchange                topics="waku node peerexchange api" tid=6050483
[2026-10-04 18:20:56.850] [out] [delivery_module] INF 2026-10-04 18:20:56.850+02:00 mounting waku peer exchange client         topics="waku node peerexchange api" tid=6050483
[2026-10-04 18:20:56.850] [out] [delivery_module] INF 2026-10-04 18:20:56.850+02:00 No external callbacks to be set            topics="wakunode waku" tid=6050483
[2026-10-04 18:20:56.850] [out] [delivery_module] INF 2026-10-04 18:20:56.850+02:00 Setting up AutonatService                  topics="libp2p autonatservice" tid=6050483
[2026-10-04 18:20:56.850] [info] [logos] [delivery_module] DeliveryModuleImpl::createNode callback called with ret: 0
[2026-10-04 18:20:56.851] [info] [logos] [delivery_module] DeliveryModuleImpl: Delivery context created successfully
[2026-10-04 18:20:56.851] [info] [logos] [delivery_module] DeliveryModuleImpl::start called
[2026-10-04 18:20:56.851] [out] [delivery_module] INF 2026-10-04 18:20:56.851+02:00 Retrieve dynamic bootstrap nodes           topics="wakunode waku" tid=6050483
[2026-10-04 18:20:56.851] [out] [delivery_module] INF 2026-10-04 18:20:56.851+02:00 Running nwaku node                         tid=6050483 version=v0.39.0-gca2814
[2026-10-04 18:20:56.851] [out] [delivery_module] INF 2026-10-04 18:20:56.851+02:00 Starting Waku node                         topics="waku node" tid=6050483 version=v0.39.0-gca2814
[2026-10-04 18:20:56.851] [out] [delivery_module] DBG 2026-10-04 18:20:56.851+02:00 Waku rendezvous periodic requests started  topics="waku rendezvous client" tid=6050483 interval=10s
[2026-10-04 18:20:56.851] [out] [delivery_module] INF 2026-10-04 18:20:56.851+02:00 Waku rendezvous client started             topics="waku rendezvous client" tid=6050483
[2026-10-04 18:20:56.851] [info] [logos] [delivery_module] DeliveryModuleImpl::getNodeInfo called with nodeInfoId: MyPeerId
[2026-10-04 18:20:56.851] [out] [delivery_module] DBG 2026-10-04 18:20:56.851+02:00 starting switch for peer                   topics="libp2p switch" tid=6050483 peerInfo="(peerId: 16Uiu2HAm4VNfzxywiPSZrEQDyaDTjafXXBN738mNV6XS3Ht5HAoy, listenAddrs: [/ip4/0.0.0.0/tcp/0, /ip4/0.0.0.0/udp/0/quic-v1], addrs: [], protocols: [/ipfs/id/1.0.0, /libp2p/autonat/1.0.0, /libp2p/circuit/relay/0.2.0/hop, /vac/waku/metadata/1.0.0, /mix/1.0.0, /logos/service-discovery/1.0.0, /vac/waku/relay/2.0.0, /vac/waku/rendezvous/1.0.0, /ipfs/ping/1.0.0, /vac/waku/lightpush/3.0.0, /vac/waku/lightpush/2.0.0-beta1, /vac/waku/filter-subscribe/2.0.0-beta1, /vac/waku/filter-push/2.0.0-beta1, /vac/waku/peer-exchange/2.0.0-alpha1], protoVersion: ipfs/0.1.0, agentVersion: logos-delivery-v0.39.0-gca2814)"
[2026-10-04 18:20:56.851] [out] [delivery_module] DBG 2026-10-04 18:20:56.851+02:00 No private listen addresses to map; releasing any prior mappings topics="libp2p natservice" tid=6050483
[2026-10-04 18:20:56.852] [out] [delivery_module] DBG 2026-10-04 18:20:56.852+02:00 Configured QUIC UDP receive buffer         tid=6050483 requestedBytes=8388608 effectiveBytes=8388608
[2026-10-04 18:20:56.852] [out] [delivery_module] DBG 2026-10-04 18:20:56.852+02:00 About to accept incoming connection        topics="libp2p switch" tid=6050483
[2026-10-04 18:20:56.852] [out] [delivery_module] DBG 2026-10-04 18:20:56.852+02:00 About to accept incoming connection        topics="libp2p switch" tid=6050483
[2026-10-04 18:20:56.852] [out] [delivery_module] DBG 2026-10-04 18:20:56.852+02:00 No private listen addresses to map; releasing any prior mappings topics="libp2p natservice" tid=6050483
[2026-10-04 18:20:56.852] [out] [delivery_module] DBG 2026-10-04 18:20:56.852+02:00 Lookup query                               topics="kad-dht find" tid=6050483 peer=16U*P1S397
[2026-10-04 18:20:56.852] [out] [delivery_module] DBG 2026-10-04 18:20:56.852+02:00 Dialing peer                               topics="libp2p dialer" tid=6050483 peerId=16U*P1S397 addrs="[/dns4/delivery-01.gc-us-central1-a.logos.dev.status.im/tcp/30303]"
[2026-10-04 18:20:56.852] [out] [delivery_module] DBG 2026-10-04 18:20:56.852+02:00 resolved addresses                         topics="libp2p dialer" tid=6050483 originalAddresses=/dns4/delivery-01.gc-us-central1-a.logos.dev.status.im/tcp/30303/p2p/16Uiu2HAm4S1JYkuzDKLKQvwgAhZKs9otxXqt8SCGtB4hoJP1S397 resolvedAddresses="[/dns4/delivery-01.gc-us-central1-a.logos.dev.status.im/tcp/30303/p2p/16Uiu2HAm4S1JYkuzDKLKQvwgAhZKs9otxXqt8SCGtB4hoJP1S397]"
[2026-10-04 18:20:56.853] [out] [delivery_module] DBG 2026-10-04 18:20:56.853+02:00 Lookup query                               topics="kad-dht find" tid=6050483 peer=16U*T3UNSE
[2026-10-04 18:20:56.853] [out] [delivery_module] DBG 2026-10-04 18:20:56.853+02:00 Dialing peer                               topics="libp2p dialer" tid=6050483 peerId=16U*T3UNSE addrs="[/dns4/delivery-02.ac-cn-hongkong-c.logos.dev.status.im/tcp/30303]"
[2026-10-04 18:20:56.853] [out] [delivery_module] DBG 2026-10-04 18:20:56.853+02:00 resolved addresses                         topics="libp2p dialer" tid=6050483 originalAddresses=/dns4/delivery-02.ac-cn-hongkong-c.logos.dev.status.im/tcp/30303/p2p/16Uiu2HAkvwhGHKNry6LACrB8TmEFoCJKEX29XR5dDUzk3UT3UNSE resolvedAddresses="[/dns4/delivery-02.ac-cn-hongkong-c.logos.dev.status.im/tcp/30303/p2p/16Uiu2HAkvwhGHKNry6LACrB8TmEFoCJKEX29XR5dDUzk3UT3UNSE]"
[2026-10-04 18:20:56.853] [out] [delivery_module] DBG 2026-10-04 18:20:56.853+02:00 Lookup query                               topics="kad-dht find" tid=6050483 peer=16U*VpJprH
[2026-10-04 18:20:56.853] [out] [delivery_module] DBG 2026-10-04 18:20:56.853+02:00 Dialing peer                               topics="libp2p dialer" tid=6050483 peerId=16U*VpJprH addrs="[/dns4/delivery-02.do-ams3.logos.dev.status.im/tcp/30303]"
[2026-10-04 18:20:56.853] [out] [delivery_module] DBG 2026-10-04 18:20:56.853+02:00 resolved addresses                         topics="libp2p dialer" tid=6050483 originalAddresses=/dns4/delivery-02.do-ams3.logos.dev.status.im/tcp/30303/p2p/16Uiu2HAmMK7PYygBtKUQ8EHp7EfaD3bCEsJrkFooK8RQ2PVpJprH resolvedAddresses="[/dns4/delivery-02.do-ams3.logos.dev.status.im/tcp/30303/p2p/16Uiu2HAmMK7PYygBtKUQ8EHp7EfaD3bCEsJrkFooK8RQ2PVpJprH]"
[2026-10-04 18:20:56.853] [out] [delivery_module] DBG 2026-10-04 18:20:56.853+02:00 Lookup query                               topics="kad-dht find" tid=6050483 peer=16U*kGyuEP
[2026-10-04 18:20:56.853] [out] [delivery_module] DBG 2026-10-04 18:20:56.853+02:00 Dialing peer                               topics="libp2p dialer" tid=6050483 peerId=16U*kGyuEP addrs="[/dns4/delivery-01.ac-cn-hongkong-c.logos.dev.status.im/tcp/30303]"
[2026-10-04 18:20:56.853] [out] [delivery_module] DBG 2026-10-04 18:20:56.853+02:00 resolved addresses                         topics="libp2p dialer" tid=6050483 originalAddresses=/dns4/delivery-01.ac-cn-hongkong-c.logos.dev.status.im/tcp/30303/p2p/16Uiu2HAm8YokiNun9BkeA1ZRmhLbtNUvcwRr64F69tYj9fkGyuEP resolvedAddresses="[/dns4/delivery-01.ac-cn-hongkong-c.logos.dev.status.im/tcp/30303/p2p/16Uiu2HAm8YokiNun9BkeA1ZRmhLbtNUvcwRr64F69tYj9fkGyuEP]"
[2026-10-04 18:20:56.853] [out] [delivery_module] DBG 2026-10-04 18:20:56.853+02:00 Lookup query                               topics="kad-dht find" tid=6050483 peer=16U*NSkuby
[2026-10-04 18:20:56.853] [out] [delivery_module] DBG 2026-10-04 18:20:56.853+02:00 Dialing peer                               topics="libp2p dialer" tid=6050483 peerId=16U*NSkuby addrs="[/dns4/delivery-01.do-ams3.logos.dev.status.im/tcp/30303]"
[2026-10-04 18:20:56.853] [out] [delivery_module] DBG 2026-10-04 18:20:56.853+02:00 resolved addresses                         topics="libp2p dialer" tid=6050483 originalAddresses=/dns4/delivery-01.do-ams3.logos.dev.status.im/tcp/30303/p2p/16Uiu2HAmTUbnxLGT9JvV6mu9oPyDjqHK4Phs1VDJNUgESgNSkuby resolvedAddresses="[/dns4/delivery-01.do-ams3.logos.dev.status.im/tcp/30303/p2p/16Uiu2HAmTUbnxLGT9JvV6mu9oPyDjqHK4Phs1VDJNUgESgNSkuby]"
[2026-10-04 18:20:56.853] [out] [delivery_module] DBG 2026-10-04 18:20:56.853+02:00 Lookup query                               topics="kad-dht find" tid=6050483 peer=16U*TwqBiH
[2026-10-04 18:20:56.853] [out] [delivery_module] DBG 2026-10-04 18:20:56.853+02:00 Dialing peer                               topics="libp2p dialer" tid=6050483 peerId=16U*TwqBiH addrs="[/dns4/delivery-02.gc-us-central1-a.logos.dev.status.im/tcp/30303]"
[2026-10-04 18:20:56.853] [out] [delivery_module] DBG 2026-10-04 18:20:56.853+02:00 resolved addresses                         topics="libp2p dialer" tid=6050483 originalAddresses=/dns4/delivery-02.gc-us-central1-a.logos.dev.status.im/tcp/30303/p2p/16Uiu2HAm8Y9kgBNtjxvCnf1X6gnZJW5EGE4UwwCL3CCm55TwqBiH resolvedAddresses="[/dns4/delivery-02.gc-us-central1-a.logos.dev.status.im/tcp/30303/p2p/16Uiu2HAm8Y9kgBNtjxvCnf1X6gnZJW5EGE4UwwCL3CCm55TwqBiH]"
[2026-10-04 18:20:56.853] [out] [delivery_module] ERR 2026-10-04 18:20:56.853+02:00 Failed to create signed extended peer record topics="service-discovery" tid=6050483 error="no dialable address to publish yet"
[2026-10-04 18:20:56.853] [out] [delivery_module] INF 2026-10-04 18:20:56.853+02:00 Service Discovery started                  topics="service-discovery" tid=6050483
[2026-10-04 18:20:56.853] [out] [delivery_module] INF 2026-10-04 18:20:56.853+02:00 start                                      topics="waku relay" tid=6050483
[2026-10-04 18:20:56.853] [out] [delivery_module] DBG 2026-10-04 18:20:56.853+02:00 Waku rendezvous periodic registration started topics="waku rendezvous" tid=6050483 interval=10s
[2026-10-04 18:20:56.853] [out] [delivery_module] INF 2026-10-04 18:20:56.853+02:00 Waku rendezvous discovery started          topics="waku rendezvous" tid=6050483
[2026-10-04 18:20:56.853] [out] [delivery_module] DBG 2026-10-04 18:20:56.853+02:00 Started libp2p node                        topics="libp2p switch" tid=6050483 peer="(peerId: 16Uiu2HAm4VNfzxywiPSZrEQDyaDTjafXXBN738mNV6XS3Ht5HAoy, listenAddrs: [/ip4/0.0.0.0/tcp/52140, /ip4/0.0.0.0/udp/55704/quic-v1], addrs: [/ip4/0.0.0.0/tcp/52140, /ip4/0.0.0.0/udp/55704/quic-v1], protocols: [/ipfs/id/1.0.0, /libp2p/autonat/1.0.0, /libp2p/circuit/relay/0.2.0/hop, /vac/waku/metadata/1.0.0, /mix/1.0.0, /logos/service-discovery/1.0.0, /vac/waku/relay/2.0.0, /vac/waku/rendezvous/1.0.0, /ipfs/ping/1.0.0, /vac/waku/lightpush/3.0.0, /vac/waku/lightpush/2.0.0-beta1, /vac/waku/filter-subscribe/2.0.0-beta1, /vac/waku/filter-push/2.0.0-beta1, /vac/waku/peer-exchange/2.0.0-alpha1], protoVersion: ipfs/0.1.0, agentVersion: logos-delivery-v0.39.0-gca2814)"
[2026-10-04 18:20:56.855] [out] [delivery_module] INF 2026-10-04 18:20:56.855+02:00 Announced base resolved                    topics="waku node" tid=6050483 addrs="@[/ip4/172.20.10.14/tcp/52140, /ip4/172.20.10.14/udp/55704/quic-v1]" explicit=@[]
[2026-10-04 18:20:56.857] [info] [logos] [delivery_module] DeliveryModuleImpl::subscribe called with contentTopic: /lp0026forum/1/general/text
[2026-10-04 18:20:56.857] [out] [delivery_module] DBG 2026-10-04 18:20:56.857+02:00 Subscribing to pubsub topic                topics="waku relay" tid=6050483 pubsubTopic=/waku/2/rs/3/7
[2026-10-04 18:20:56.857] [out] [delivery_module] DBG 2026-10-04 18:20:56.857+02:00 No mesh peer for the given pubsub topic    topics="waku relay" tid=6050483 pubsubTopic=/waku/2/rs/3/7
[2026-10-04 18:20:56.857] [info] [logos] [delivery_module] DeliveryModuleImpl: Subscribe completed for topic: /lp0026forum/1/general/text with success
[2026-10-04 18:20:57.036] [out] [delivery_module] INF 2026-10-04 18:20:57.036+02:00 Using mix bootstrap nodes                  topics="waku mix" tid=6050483 entries=1 poolSize=1
[2026-10-04 18:20:57.036] [out] [delivery_module] INF 2026-10-04 18:20:57.036+02:00 Using mix bootstrap nodes                  topics="waku mix" tid=6050483 entries=1 poolSize=2
[2026-10-04 18:20:57.037] [out] [delivery_module] INF 2026-10-04 18:20:57.037+02:00 Using mix bootstrap nodes                  topics="waku mix" tid=6050483 entries=1 poolSize=3
[2026-10-04 18:20:57.037] [out] [delivery_module] INF 2026-10-04 18:20:57.037+02:00 Using mix bootstrap nodes                  topics="waku mix" tid=6050483 entries=1 poolSize=4
[2026-10-04 18:20:57.037] [out] [delivery_module] INF 2026-10-04 18:20:57.037+02:00 Using mix bootstrap nodes                  topics="waku mix" tid=6050483 entries=1 poolSize=5
[2026-10-04 18:20:57.038] [out] [delivery_module] INF 2026-10-04 18:20:57.038+02:00 Using mix bootstrap nodes                  topics="waku mix" tid=6050483 entries=1 poolSize=6
[2026-10-04 18:20:57.047] [out] [delivery_module] DBG 2026-10-04 18:20:57.047+02:00 Expanded address and hostname              topics="libp2p dialer" tid=6050483 expandedAddress=/dns4/delivery-01.ac-cn-hongkong-c.logos.dev.status.im/tcp/30303 hostname=delivery-01.ac-cn-hongkong-c.logos.dev.status.im resolvedAddresses="[/ip4/47.242.130.189/tcp/30303]"
[2026-10-04 18:20:57.047] [out] [delivery_module] DBG 2026-10-04 18:20:57.047+02:00 Expanded address and hostname              topics="libp2p dialer" tid=6050483 expandedAddress=/dns4/delivery-02.do-ams3.logos.dev.status.im/tcp/30303 hostname=delivery-02.do-ams3.logos.dev.status.im resolvedAddresses="[/ip4/174.138.106.244/tcp/30303]"
[2026-10-04 18:20:57.047] [out] [delivery_module] DBG 2026-10-04 18:20:57.047+02:00 Expanded address and hostname              topics="libp2p dialer" tid=6050483 expandedAddress=/dns4/delivery-01.gc-us-central1-a.logos.dev.status.im/tcp/30303 hostname=delivery-01.gc-us-central1-a.logos.dev.status.im resolvedAddresses="[/ip4/136.119.156.87/tcp/30303]"
[2026-10-04 18:20:57.047] [out] [delivery_module] DBG 2026-10-04 18:20:57.047+02:00 Expanded address and hostname              topics="libp2p dialer" tid=6050483 expandedAddress=/dns4/delivery-02.gc-us-central1-a.logos.dev.status.im/tcp/30303 hostname=delivery-02.gc-us-central1-a.logos.dev.status.im resolvedAddresses="[/ip4/34.123.201.25/tcp/30303]"
[2026-10-04 18:20:57.047] [out] [delivery_module] DBG 2026-10-04 18:20:57.047+02:00 Expanded address and hostname              topics="libp2p dialer" tid=6050483 expandedAddress=/dns4/delivery-02.ac-cn-hongkong-c.logos.dev.status.im/tcp/30303 hostname=delivery-02.ac-cn-hongkong-c.logos.dev.status.im resolvedAddresses="[/ip4/43.99.103.10/tcp/30303]"
[2026-10-04 18:20:57.048] [out] [delivery_module] DBG 2026-10-04 18:20:57.048+02:00 Expanded address and hostname              topics="libp2p dialer" tid=6050483 expandedAddress=/dns4/delivery-01.do-ams3.logos.dev.status.im/tcp/30303 hostname=delivery-01.do-ams3.logos.dev.status.im resolvedAddresses="[/ip4/138.68.122.137/tcp/30303]"
[2026-10-04 18:20:57.601] [out] [delivery_module] DBG 2026-10-04 18:20:57.601+02:00 Dial successful                            topics="libp2p dialer" tid=6050483 peerId=16U*NSkuby
[2026-10-04 18:20:57.602] [out] [delivery_module] DBG 2026-10-04 18:20:57.602+02:00 starting sendNonHighPriorityTask           topics="libp2p pubsubpeer" tid=6050483 p=16U*NSkuby
[2026-10-04 18:20:57.602] [out] [delivery_module] DBG 2026-10-04 18:20:57.602+02:00 created new pubsub peer                    topics="libp2p pubsub" tid=6050483 peerId=16U*NSkuby
[2026-10-04 18:20:57.602] [out] [delivery_module] DBG 2026-10-04 18:20:57.602+02:00 no listener registered                     tid=6050484 event=onConnectionChange
[2026-10-04 18:20:57.604] [out] [delivery_module] DBG 2026-10-04 18:20:57.604+02:00 Incoming WakuRelay connection              topics="waku relay" tid=6050483 connection=16U*NSkuby:6ac27ce917501bdd20a1f3e4 protocol=/vac/waku/relay/2.0.0
[2026-10-04 18:20:57.604] [out] [delivery_module] DBG 2026-10-04 18:20:57.604+02:00 starting pubsub read loop                  topics="libp2p pubsubpeer" tid=6050483 stream=16U*NSkuby:6ac27ce917501bdd20a1f3e4 peer=16U*NSkuby closed=false
[2026-10-04 18:20:57.604] [out] [delivery_module] DBG 2026-10-04 18:20:57.604+02:00 identify: info sent                        topics="libp2p identify" tid=6050483 stream=16U*NSkuby:6ac27ce917501bdd20a1f3e5 info="(peerId: 16Uiu2HAm4VNfzxywiPSZrEQDyaDTjafXXBN738mNV6XS3Ht5HAoy, listenAddrs: [/ip4/0.0.0.0/tcp/52140, /ip4/0.0.0.0/udp/55704/quic-v1], addrs: [/ip4/0.0.0.0/tcp/52140, /ip4/0.0.0.0/udp/55704/quic-v1], protocols: [/ipfs/id/1.0.0, /libp2p/autonat/1.0.0, /libp2p/circuit/relay/0.2.0/hop, /vac/waku/metadata/1.0.0, /mix/1.0.0, /logos/service-discovery/1.0.0, /vac/waku/relay/2.0.0, /vac/waku/rendezvous/1.0.0, /ipfs/ping/1.0.0, /vac/waku/lightpush/3.0.0, /vac/waku/lightpush/2.0.0-beta1, /vac/waku/filter-subscribe/2.0.0-beta1, /vac/waku/filter-push/2.0.0-beta1, /vac/waku/peer-exchange/2.0.0-alpha1], protoVersion: ipfs/0.1.0, agentVersion: logos-delivery-v0.39.0-gca2814)"
[2026-10-04 18:20:57.679] [out] [delivery_module] DBG 2026-10-04 18:20:57.679+02:00 starting pubsub read loop                  topics="libp2p pubsubpeer" tid=6050483 stream=16U*NSkuby:6ac27ce917501bdd20a1f3e6 peer=16U*NSkuby closed=false
[2026-10-04 18:20:57.685] [out] [delivery_module] DBG 2026-10-04 18:20:57.685+02:00 identify: info received                    topics="libp2p identify" tid=6050483 stream=16U*NSkuby:6ac27ce917501bdd20a1f3e7 pubkey=ok(sec...9ab7)) addresses=/ip4/138.68.122.137/tcp/30303,/ip4/138.68.122.137/udp/30303/quic-v1,/dns4/delivery-01.do-ams3.logos.dev.status.im/tcp/30303 protocols=/ipfs/id/1.0.0,/libp2p/autonat/1.0.0,/libp2p/circuit/relay/0.2.0/hop,/vac/waku/metadata/1.0.0,/mix/1.0.0,/logos/service-discovery/1.0.0,/vac/waku/store-query/3.0.0,/vac/waku/relay/2.0.0,/vac/waku/rendezvous/1.0.0,/ipfs/ping/1.0.0,/vac/waku/lightpush/3.0.0,/vac/waku/lightpush/2.0.0-beta1,/vac/waku/filter-subscribe/2.0.0-beta1,/vac/waku/filter-push/2.0.0-beta1,/vac/waku/peer-exchange/2.0.0-alpha1 observable_address=ok(/ip4/109.41.112.89/tcp/45860) proto_version=ipfs/0.1.0 agent_version=logos-delivery-v0.39.0-gca2814 signedPeerRecord=None
[2026-10-04 18:20:57.686] [out] [delivery_module] DBG 2026-10-04 18:20:57.686+02:00 Event identified                           topics="waku node peer_manager" tid=6050483 peerId=16U*NSkuby
[2026-10-04 18:20:57.686] [out] [delivery_module] DBG 2026-10-04 18:20:57.686+02:00 no listener registered                     tid=6050484 event=onConnectionChange
[2026-10-04 18:20:57.810] [out] [delivery_module] DBG 2026-10-04 18:20:57.810+02:00 Received WakuMetadata request              topics="waku metadata" tid=6050483 remoteClusterId=ok(3) remoteShards="[5, 0, 2, 1, 4, 7, 3, 6]" localClusterId=3 localShards="[7]" peer=16U*NSkuby
[2026-10-04 18:20:57.940] [out] [delivery_module] DBG 2026-10-04 18:20:57.940+02:00 no listener registered                     tid=6050484 event=onConnectionChange
[2026-10-04 18:20:58.036] [out] [delivery_module] DBG 2026-10-04 18:20:58.036+02:00 Dial successful                            topics="libp2p dialer" tid=6050483 peerId=16U*P1S397
[2026-10-04 18:20:58.037] [out] [delivery_module] DBG 2026-10-04 18:20:58.037+02:00 Dial successful                            topics="libp2p dialer" tid=6050483 peerId=16U*TwqBiH
[2026-10-04 18:20:58.037] [out] [delivery_module] DBG 2026-10-04 18:20:58.037+02:00 starting sendNonHighPriorityTask           topics="libp2p pubsubpeer" tid=6050483 p=16U*P1S397
[2026-10-04 18:20:58.037] [out] [delivery_module] DBG 2026-10-04 18:20:58.037+02:00 created new pubsub peer                    topics="libp2p pubsub" tid=6050483 peerId=16U*P1S397
[2026-10-04 18:20:58.037] [out] [delivery_module] DBG 2026-10-04 18:20:58.037+02:00 no listener registered                     tid=6050484 event=onConnectionChange
[2026-10-04 18:20:58.038] [out] [delivery_module] DBG 2026-10-04 18:20:58.038+02:00 starting sendNonHighPriorityTask           topics="libp2p pubsubpeer" tid=6050483 p=16U*TwqBiH
[2026-10-04 18:20:58.038] [out] [delivery_module] DBG 2026-10-04 18:20:58.038+02:00 created new pubsub peer                    topics="libp2p pubsub" tid=6050483 peerId=16U*TwqBiH
[2026-10-04 18:20:58.038] [out] [delivery_module] DBG 2026-10-04 18:20:58.038+02:00 no listener registered                     tid=6050484 event=onConnectionChange
[2026-10-04 18:20:58.039] [out] [delivery_module] DBG 2026-10-04 18:20:58.039+02:00 Incoming WakuRelay connection              topics="waku relay" tid=6050483 connection=16U*P1S397:6ac27cea17501bdd20a1f3ef protocol=/vac/waku/relay/2.0.0
[2026-10-04 18:20:58.039] [out] [delivery_module] DBG 2026-10-04 18:20:58.039+02:00 starting pubsub read loop                  topics="libp2p pubsubpeer" tid=6050483 stream=16U*P1S397:6ac27cea17501bdd20a1f3ef peer=16U*P1S397 closed=false
[2026-10-04 18:20:58.039] [out] [delivery_module] DBG 2026-10-04 18:20:58.039+02:00 identify: info sent                        topics="libp2p identify" tid=6050483 stream=16U*P1S397:6ac27cea17501bdd20a1f3f0 info="(peerId: 16Uiu2HAm4VNfzxywiPSZrEQDyaDTjafXXBN738mNV6XS3Ht5HAoy, listenAddrs: [/ip4/0.0.0.0/tcp/52140, /ip4/0.0.0.0/udp/55704/quic-v1], addrs: [/ip4/0.0.0.0/tcp/52140, /ip4/0.0.0.0/udp/55704/quic-v1], protocols: [/ipfs/id/1.0.0, /libp2p/autonat/1.0.0, /libp2p/circuit/relay/0.2.0/hop, /vac/waku/metadata/1.0.0, /mix/1.0.0, /logos/service-discovery/1.0.0, /vac/waku/relay/2.0.0, /vac/waku/rendezvous/1.0.0, /ipfs/ping/1.0.0, /vac/waku/lightpush/3.0.0, /vac/waku/lightpush/2.0.0-beta1, /vac/waku/filter-subscribe/2.0.0-beta1, /vac/waku/filter-push/2.0.0-beta1, /vac/waku/peer-exchange/2.0.0-alpha1], protoVersion: ipfs/0.1.0, agentVersion: logos-delivery-v0.39.0-gca2814)"
[2026-10-04 18:20:58.039] [out] [delivery_module] DBG 2026-10-04 18:20:58.039+02:00 Incoming WakuRelay connection              topics="waku relay" tid=6050483 connection=16U*TwqBiH:6ac27cea17501bdd20a1f3f1 protocol=/vac/waku/relay/2.0.0
[2026-10-04 18:20:58.039] [out] [delivery_module] DBG 2026-10-04 18:20:58.039+02:00 starting pubsub read loop                  topics="libp2p pubsubpeer" tid=6050483 stream=16U*TwqBiH:6ac27cea17501bdd20a1f3f1 peer=16U*TwqBiH closed=false
[2026-10-04 18:20:58.040] [out] [delivery_module] DBG 2026-10-04 18:20:58.040+02:00 identify: info sent                        topics="libp2p identify" tid=6050483 stream=16U*TwqBiH:6ac27cea17501bdd20a1f3f2 info="(peerId: 16Uiu2HAm4VNfzxywiPSZrEQDyaDTjafXXBN738mNV6XS3Ht5HAoy, listenAddrs: [/ip4/0.0.0.0/tcp/52140, /ip4/0.0.0.0/udp/55704/quic-v1], addrs: [/ip4/0.0.0.0/tcp/52140, /ip4/0.0.0.0/udp/55704/quic-v1], protocols: [/ipfs/id/1.0.0, /libp2p/autonat/1.0.0, /libp2p/circuit/relay/0.2.0/hop, /vac/waku/metadata/1.0.0, /mix/1.0.0, /logos/service-discovery/1.0.0, /vac/waku/relay/2.0.0, /vac/waku/rendezvous/1.0.0, /ipfs/ping/1.0.0, /vac/waku/lightpush/3.0.0, /vac/waku/lightpush/2.0.0-beta1, /vac/waku/filter-subscribe/2.0.0-beta1, /vac/waku/filter-push/2.0.0-beta1, /vac/waku/peer-exchange/2.0.0-alpha1], protoVersion: ipfs/0.1.0, agentVersion: logos-delivery-v0.39.0-gca2814)"
[2026-10-04 18:20:58.372] [out] [delivery_module] DBG 2026-10-04 18:20:58.372+02:00 Dial successful                            topics="libp2p dialer" tid=6050483 peerId=16U*T3UNSE
[2026-10-04 18:20:58.373] [out] [delivery_module] DBG 2026-10-04 18:20:58.373+02:00 starting sendNonHighPriorityTask           topics="libp2p pubsubpeer" tid=6050483 p=16U*T3UNSE
[2026-10-04 18:20:58.373] [out] [delivery_module] DBG 2026-10-04 18:20:58.373+02:00 created new pubsub peer                    topics="libp2p pubsub" tid=6050483 peerId=16U*T3UNSE
[2026-10-04 18:20:58.373] [out] [delivery_module] DBG 2026-10-04 18:20:58.373+02:00 no listener registered                     tid=6050484 event=onConnectionChange
[2026-10-04 18:20:58.384] [out] [delivery_module] DBG 2026-10-04 18:20:58.384+02:00 Incoming WakuRelay connection              topics="waku relay" tid=6050483 connection=16U*T3UNSE:6ac27cea17501bdd20a1f3f7 protocol=/vac/waku/relay/2.0.0
[2026-10-04 18:20:58.384] [out] [delivery_module] DBG 2026-10-04 18:20:58.384+02:00 starting pubsub read loop                  topics="libp2p pubsubpeer" tid=6050483 stream=16U*T3UNSE:6ac27cea17501bdd20a1f3f7 peer=16U*T3UNSE closed=false
[2026-10-04 18:20:58.384] [out] [delivery_module] DBG 2026-10-04 18:20:58.384+02:00 identify: info sent                        topics="libp2p identify" tid=6050483 stream=16U*T3UNSE:6ac27cea17501bdd20a1f3fa info="(peerId: 16Uiu2HAm4VNfzxywiPSZrEQDyaDTjafXXBN738mNV6XS3Ht5HAoy, listenAddrs: [/ip4/0.0.0.0/tcp/52140, /ip4/0.0.0.0/udp/55704/quic-v1], addrs: [/ip4/0.0.0.0/tcp/52140, /ip4/0.0.0.0/udp/55704/quic-v1], protocols: [/ipfs/id/1.0.0, /libp2p/autonat/1.0.0, /libp2p/circuit/relay/0.2.0/hop, /vac/waku/metadata/1.0.0, /mix/1.0.0, /logos/service-discovery/1.0.0, /vac/waku/relay/2.0.0, /vac/waku/rendezvous/1.0.0, /ipfs/ping/1.0.0, /vac/waku/lightpush/3.0.0, /vac/waku/lightpush/2.0.0-beta1, /vac/waku/filter-subscribe/2.0.0-beta1, /vac/waku/filter-push/2.0.0-beta1, /vac/waku/peer-exchange/2.0.0-alpha1], protoVersion: ipfs/0.1.0, agentVersion: logos-delivery-v0.39.0-gca2814)"
[2026-10-04 18:20:58.573] [out] [delivery_module] DBG 2026-10-04 18:20:58.573+02:00 identify: info received                    topics="libp2p identify" tid=6050483 stream=16U*P1S397:6ac27cea17501bdd20a1f3f4 pubkey=ok(sec...97dc)) addresses=/ip4/136.119.156.87/tcp/30303,/ip4/136.119.156.87/udp/30303/quic-v1,/dns4/delivery-01.gc-us-central1-a.logos.dev.status.im/tcp/30303 protocols=/ipfs/id/1.0.0,/libp2p/autonat/1.0.0,/libp2p/circuit/relay/0.2.0/hop,/vac/waku/metadata/1.0.0,/mix/1.0.0,/logos/service-discovery/1.0.0,/vac/waku/store-query/3.0.0,/vac/waku/relay/2.0.0,/vac/waku/rendezvous/1.0.0,/ipfs/ping/1.0.0,/vac/waku/lightpush/3.0.0,/vac/waku/lightpush/2.0.0-beta1,/vac/waku/filter-subscribe/2.0.0-beta1,/vac/waku/filter-push/2.0.0-beta1,/vac/waku/peer-exchange/2.0.0-alpha1 observable_address=ok(/ip4/109.41.112.89/tcp/45681) proto_version=ipfs/0.1.0 agent_version=logos-delivery-v0.39.0-gca2814 signedPeerRecord=None
[2026-10-04 18:20:58.573] [out] [delivery_module] DBG 2026-10-04 18:20:58.573+02:00 starting pubsub read loop                  topics="libp2p pubsubpeer" tid=6050483 stream=16U*P1S397:6ac27cea17501bdd20a1f3f3 peer=16U*P1S397 closed=false
[2026-10-04 18:20:58.573] [out] [delivery_module] DBG 2026-10-04 18:20:58.573+02:00 Event identified                           topics="waku node peer_manager" tid=6050483 peerId=16U*P1S397
[2026-10-04 18:20:58.574] [out] [delivery_module] DBG 2026-10-04 18:20:58.574+02:00 no listener registered                     tid=6050484 event=onConnectionChange
[2026-10-04 18:20:58.577] [out] [delivery_module] DBG 2026-10-04 18:20:58.577+02:00 starting pubsub read loop                  topics="libp2p pubsubpeer" tid=6050483 stream=16U*TwqBiH:6ac27cea17501bdd20a1f3f5 peer=16U*TwqBiH closed=false
[2026-10-04 18:20:58.580] [out] [delivery_module] DBG 2026-10-04 18:20:58.580+02:00 identify: info received                    topics="libp2p identify" tid=6050483 stream=16U*TwqBiH:6ac27cea17501bdd20a1f3f6 pubkey=ok(sec...fed6)) addresses=/ip4/34.123.201.25/tcp/30303,/ip4/34.123.201.25/udp/30303/quic-v1,/dns4/delivery-02.gc-us-central1-a.logos.dev.status.im/tcp/30303 protocols=/ipfs/id/1.0.0,/libp2p/autonat/1.0.0,/libp2p/circuit/relay/0.2.0/hop,/vac/waku/metadata/1.0.0,/mix/1.0.0,/logos/service-discovery/1.0.0,/vac/waku/store-query/3.0.0,/vac/waku/relay/2.0.0,/vac/waku/rendezvous/1.0.0,/ipfs/ping/1.0.0,/vac/waku/lightpush/3.0.0,/vac/waku/lightpush/2.0.0-beta1,/vac/waku/filter-subscribe/2.0.0-beta1,/vac/waku/filter-push/2.0.0-beta1,/vac/waku/peer-exchange/2.0.0-alpha1 observable_address=ok(/ip4/109.41.112.89/tcp/44569) proto_version=ipfs/0.1.0 agent_version=logos-delivery-v0.39.0-gca2814 signedPeerRecord=None
[2026-10-04 18:20:58.581] [out] [delivery_module] DBG 2026-10-04 18:20:58.581+02:00 Event identified                           topics="waku node peer_manager" tid=6050483 peerId=16U*TwqBiH
[2026-10-04 18:20:58.581] [out] [delivery_module] DBG 2026-10-04 18:20:58.581+02:00 no listener registered                     tid=6050484 event=onConnectionChange
[2026-10-04 18:20:58.586] [out] [delivery_module] DBG 2026-10-04 18:20:58.586+02:00 Dialing peer                               topics="libp2p dialer" tid=6050483 peerId=16U*RZcwkN addrs="[/ip4/172.20.10.14/udp/49587/quic-v1, /ip4/172.20.10.14/tcp/51590]"
[2026-10-04 18:20:58.586] [out] [delivery_module] DBG 2026-10-04 18:20:58.586+02:00 Expanded address and hostname              topics="libp2p dialer" tid=6050483 expandedAddress=/ip4/172.20.10.14/udp/49587/quic-v1 hostname=172.20.10.14 resolvedAddresses="[/ip4/172.20.10.14/udp/49587/quic-v1]"
[2026-10-04 18:20:58.586] [out] [delivery_module] DBG 2026-10-04 18:20:58.586+02:00 New connection established: client         tid=6050483
[2026-10-04 18:20:58.588] [out] [delivery_module] DBG 2026-10-04 18:20:58.588+02:00 Dialing peer                               topics="libp2p dialer" tid=6050483 peerId=16U*33uyAY addrs="[/ip4/172.20.10.14/udp/52840/quic-v1, /ip4/109.41.112.89/tcp/40786, /ip4/172.20.10.14/tcp/51591, /ip4/109.41.112.89/tcp/48439]"
[2026-10-04 18:20:58.588] [out] [delivery_module] DBG 2026-10-04 18:20:58.588+02:00 Expanded address and hostname              topics="libp2p dialer" tid=6050483 expandedAddress=/ip4/172.20.10.14/udp/52840/quic-v1 hostname=172.20.10.14 resolvedAddresses="[/ip4/172.20.10.14/udp/52840/quic-v1]"
[2026-10-04 18:20:58.588] [out] [delivery_module] DBG 2026-10-04 18:20:58.588+02:00 New connection established: client         tid=6050483
[2026-10-04 18:20:58.588] [out] [delivery_module] DBG 2026-10-04 18:20:58.588+02:00 Dialing peer                               topics="libp2p dialer" tid=6050483 peerId=16U*CbKVbN addrs="[/ip4/172.20.10.14/udp/55956/quic-v1, /ip4/172.20.10.14/tcp/51685]"
[2026-10-04 18:20:58.589] [out] [delivery_module] DBG 2026-10-04 18:20:58.589+02:00 Expanded address and hostname              topics="libp2p dialer" tid=6050483 expandedAddress=/ip4/172.20.10.14/udp/55956/quic-v1 hostname=172.20.10.14 resolvedAddresses="[/ip4/172.20.10.14/udp/55956/quic-v1]"
[2026-10-04 18:20:58.589] [out] [delivery_module] DBG 2026-10-04 18:20:58.589+02:00 New connection established: client         tid=6050483
[2026-10-04 18:20:58.589] [out] [delivery_module] DBG 2026-10-04 18:20:58.589+02:00 Dialing peer                               topics="libp2p dialer" tid=6050483 peerId=16U*JXZN12 addrs="[/ip4/172.20.10.14/udp/62834/quic-v1, /ip4/172.20.10.14/tcp/49738]"
[2026-10-04 18:20:58.589] [out] [delivery_module] DBG 2026-10-04 18:20:58.589+02:00 Expanded address and hostname              topics="libp2p dialer" tid=6050483 expandedAddress=/ip4/172.20.10.14/udp/62834/quic-v1 hostname=172.20.10.14 resolvedAddresses="[/ip4/172.20.10.14/udp/62834/quic-v1]"
[2026-10-04 18:20:58.589] [out] [delivery_module] DBG 2026-10-04 18:20:58.589+02:00 New connection established: client         tid=6050483
[2026-10-04 18:20:58.591] [out] [delivery_module] DBG 2026-10-04 18:20:58.591+02:00 Dialing peer                               topics="libp2p dialer" tid=6050483 peerId=16U*nd1vDS addrs="[/ip4/109.41.112.89/tcp/44402, /ip4/109.41.112.89/tcp/43317, /ip4/109.41.112.89/tcp/35603]"
[2026-10-04 18:20:58.591] [out] [delivery_module] DBG 2026-10-04 18:20:58.591+02:00 Expanded address and hostname              topics="libp2p dialer" tid=6050483 expandedAddress=/ip4/109.41.112.89/tcp/44402 hostname=109.41.112.89 resolvedAddresses="[/ip4/109.41.112.89/tcp/44402]"
[2026-10-04 18:20:58.591] [out] [delivery_module] DBG 2026-10-04 18:20:58.591+02:00 Dialing peer                               topics="libp2p dialer" tid=6050483 peerId=16U*8rq3kg addrs="[/ip4/172.20.10.14/udp/49629/quic-v1, /ip4/172.20.10.14/tcp/50996]"
[2026-10-04 18:20:58.591] [out] [delivery_module] DBG 2026-10-04 18:20:58.591+02:00 Expanded address and hostname              topics="libp2p dialer" tid=6050483 expandedAddress=/ip4/172.20.10.14/udp/49629/quic-v1 hostname=172.20.10.14 resolvedAddresses="[/ip4/172.20.10.14/udp/49629/quic-v1]"
[2026-10-04 18:20:58.591] [out] [delivery_module] DBG 2026-10-04 18:20:58.591+02:00 New connection established: client         tid=6050483
[2026-10-04 18:20:58.592] [out] [delivery_module] DBG 2026-10-04 18:20:58.592+02:00 Dialing peer                               topics="libp2p dialer" tid=6050483 peerId=16U*Lqfd15 addrs="[/ip4/172.20.10.14/udp/62334/quic-v1, /ip4/172.20.10.14/tcp/65350]"
[2026-10-04 18:20:58.592] [out] [delivery_module] DBG 2026-10-04 18:20:58.592+02:00 Expanded address and hostname              topics="libp2p dialer" tid=6050483 expandedAddress=/ip4/172.20.10.14/udp/62334/quic-v1 hostname=172.20.10.14 resolvedAddresses="[/ip4/172.20.10.14/udp/62334/quic-v1]"
[2026-10-04 18:20:58.592] [out] [delivery_module] DBG 2026-10-04 18:20:58.592+02:00 New connection established: client         tid=6050483
[2026-10-04 18:20:58.592] [out] [delivery_module] DBG 2026-10-04 18:20:58.592+02:00 Dialing peer                               topics="libp2p dialer" tid=6050483 peerId=16U*2pfeoX addrs="[/ip4/192.168.68.53/udp/16011/quic-v1, /ip4/192.168.68.53/tcp/27431]"
[2026-10-04 18:20:58.592] [out] [delivery_module] DBG 2026-10-04 18:20:58.592+02:00 Expanded address and hostname              topics="libp2p dialer" tid=6050483 expandedAddress=/ip4/192.168.68.53/udp/16011/quic-v1 hostname=192.168.68.53 resolvedAddresses="[/ip4/192.168.68.53/udp/16011/quic-v1]"
[2026-10-04 18:20:58.593] [out] [delivery_module] DBG 2026-10-04 18:20:58.593+02:00 New connection established: client         tid=6050483
[2026-10-04 18:20:58.595] [out] [delivery_module] DBG 2026-10-04 18:20:58.594+02:00 Dialing peer                               topics="libp2p dialer" tid=6050483 peerId=16U*oWQB23 addrs="[/ip4/88.160.11.28/udp/19925/quic-v1, /ip4/88.160.11.28/tcp/17981]"
[2026-10-04 18:20:58.595] [out] [delivery_module] DBG 2026-10-04 18:20:58.595+02:00 Expanded address and hostname              topics="libp2p dialer" tid=6050483 expandedAddress=/ip4/88.160.11.28/udp/19925/quic-v1 hostname=88.160.11.28 resolvedAddresses="[/ip4/88.160.11.28/udp/19925/quic-v1]"
[2026-10-04 18:20:58.595] [out] [delivery_module] DBG 2026-10-04 18:20:58.595+02:00 New connection established: client         tid=6050483
[2026-10-04 18:20:58.596] [out] [delivery_module] DBG 2026-10-04 18:20:58.596+02:00 Dialing peer                               topics="libp2p dialer" tid=6050483 peerId=16U*iSrhve addrs="[/ip4/173.42.114.210/tcp/37795]"
[2026-10-04 18:20:58.596] [out] [delivery_module] DBG 2026-10-04 18:20:58.596+02:00 Expanded address and hostname              topics="libp2p dialer" tid=6050483 expandedAddress=/ip4/173.42.114.210/tcp/37795 hostname=173.42.114.210 resolvedAddresses="[/ip4/173.42.114.210/tcp/37795]"
[2026-10-04 18:20:58.597] [out] [delivery_module] DBG 2026-10-04 18:20:58.597+02:00 Lookup query                               topics="kad-dht find" tid=6050483 peer=16U*RZcwkN
[2026-10-04 18:20:58.597] [out] [delivery_module] DBG 2026-10-04 18:20:58.597+02:00 Lookup query                               topics="kad-dht find" tid=6050483 peer=16U*33uyAY
[2026-10-04 18:20:58.597] [out] [delivery_module] DBG 2026-10-04 18:20:58.597+02:00 Lookup query                               topics="kad-dht find" tid=6050483 peer=16U*CbKVbN
[2026-10-04 18:20:58.597] [out] [delivery_module] DBG 2026-10-04 18:20:58.597+02:00 Lookup query                               topics="kad-dht find" tid=6050483 peer=16U*JXZN12
[2026-10-04 18:20:58.597] [out] [delivery_module] DBG 2026-10-04 18:20:58.597+02:00 Lookup query                               topics="kad-dht find" tid=6050483 peer=16U*nd1vDS
[2026-10-04 18:20:58.624] [out] [delivery_module] DBG 2026-10-04 18:20:58.624+02:00 Dial successful                            topics="libp2p dialer" tid=6050483 peerId=16U*kGyuEP
[2026-10-04 18:20:58.624] [out] [delivery_module] DBG 2026-10-04 18:20:58.624+02:00 starting sendNonHighPriorityTask           topics="libp2p pubsubpeer" tid=6050483 p=16U*kGyuEP
[2026-10-04 18:20:58.624] [out] [delivery_module] DBG 2026-10-04 18:20:58.624+02:00 created new pubsub peer                    topics="libp2p pubsub" tid=6050483 peerId=16U*kGyuEP
[2026-10-04 18:20:58.624] [out] [delivery_module] DBG 2026-10-04 18:20:58.624+02:00 no listener registered                     tid=6050484 event=onConnectionChange
[2026-10-04 18:20:58.625] [out] [delivery_module] DBG 2026-10-04 18:20:58.625+02:00 Incoming WakuRelay connection              topics="waku relay" tid=6050483 connection=16U*kGyuEP:6ac27cea17501bdd20a1f3ff protocol=/vac/waku/relay/2.0.0
[2026-10-04 18:20:58.625] [out] [delivery_module] DBG 2026-10-04 18:20:58.625+02:00 starting pubsub read loop                  topics="libp2p pubsubpeer" tid=6050483 stream=16U*kGyuEP:6ac27cea17501bdd20a1f3ff peer=16U*kGyuEP closed=false
[2026-10-04 18:20:58.625] [out] [delivery_module] DBG 2026-10-04 18:20:58.625+02:00 identify: info sent                        topics="libp2p identify" tid=6050483 stream=16U*kGyuEP:6ac27cea17501bdd20a1f400 info="(peerId: 16Uiu2HAm4VNfzxywiPSZrEQDyaDTjafXXBN738mNV6XS3Ht5HAoy, listenAddrs: [/ip4/0.0.0.0/tcp/52140, /ip4/0.0.0.0/udp/55704/quic-v1], addrs: [/ip4/0.0.0.0/tcp/52140, /ip4/0.0.0.0/udp/55704/quic-v1], protocols: [/ipfs/id/1.0.0, /libp2p/autonat/1.0.0, /libp2p/circuit/relay/0.2.0/hop, /vac/waku/metadata/1.0.0, /mix/1.0.0, /logos/service-discovery/1.0.0, /vac/waku/relay/2.0.0, /vac/waku/rendezvous/1.0.0, /ipfs/ping/1.0.0, /vac/waku/lightpush/3.0.0, /vac/waku/lightpush/2.0.0-beta1, /vac/waku/filter-subscribe/2.0.0-beta1, /vac/waku/filter-push/2.0.0-beta1, /vac/waku/peer-exchange/2.0.0-alpha1], protoVersion: ipfs/0.1.0, agentVersion: logos-delivery-v0.39.0-gca2814)"
[2026-10-04 18:20:58.857] [out] [delivery_module] WRN 2026-10-04 18:20:58.857+02:00 NAT port mapping failed                    topics="libp2p natservice" tid=6050483 port=52140 proto=mpTcp err="plum: mapping 0 failed"
[2026-10-04 18:20:58.915] [out] [delivery_module] DBG 2026-10-04 18:20:58.915+02:00 identify: info received                    topics="libp2p identify" tid=6050483 stream=16U*T3UNSE:6ac27cea17501bdd20a1f3f9 pubkey=ok(sec...6d2a)) addresses=/ip4/43.99.103.10/tcp/30303,/ip4/43.99.103.10/udp/30303/quic-v1,/dns4/delivery-02.ac-cn-hongkong-c.logos.dev.status.im/tcp/30303 protocols=/ipfs/id/1.0.0,/libp2p/autonat/1.0.0,/libp2p/circuit/relay/0.2.0/hop,/vac/waku/metadata/1.0.0,/mix/1.0.0,/logos/service-discovery/1.0.0,/vac/waku/store-query/3.0.0,/vac/waku/relay/2.0.0,/vac/waku/rendezvous/1.0.0,/ipfs/ping/1.0.0,/vac/waku/lightpush/3.0.0,/vac/waku/lightpush/2.0.0-beta1,/vac/waku/filter-subscribe/2.0.0-beta1,/vac/waku/filter-push/2.0.0-beta1,/vac/waku/peer-exchange/2.0.0-alpha1 observable_address=ok(/ip4/109.41.112.89/tcp/35166) proto_version=ipfs/0.1.0 agent_version=logos-delivery-v0.39.0-gca2814 signedPeerRecord=None
[2026-10-04 18:20:58.916] [out] [delivery_module] DBG 2026-10-04 18:20:58.916+02:00 starting pubsub read loop                  topics="libp2p pubsubpeer" tid=6050483 stream=16U*T3UNSE:6ac27cea17501bdd20a1f3f8 peer=16U*T3UNSE closed=false
[2026-10-04 18:20:58.916] [out] [delivery_module] DBG 2026-10-04 18:20:58.916+02:00 Event identified                           topics="waku node peer_manager" tid=6050483 peerId=16U*T3UNSE
[2026-10-04 18:20:58.916] [out] [delivery_module] DBG 2026-10-04 18:20:58.916+02:00 no listener registered                     tid=6050484 event=onConnectionChange
[2026-10-04 18:20:59.010] [out] [delivery_module] DBG 2026-10-04 18:20:59.010+02:00 Received WakuMetadata request              topics="waku metadata" tid=6050483 remoteClusterId=ok(3) remoteShards="[5, 0, 2, 1, 4, 7, 3, 6]" localClusterId=3 localShards="[7]" peer=16U*TwqBiH
[2026-10-04 18:20:59.010] [out] [delivery_module] DBG 2026-10-04 18:20:59.010+02:00 Received WakuMetadata request              topics="waku metadata" tid=6050483 remoteClusterId=ok(3) remoteShards="[5, 0, 2, 1, 4, 7, 3, 6]" localClusterId=3 localShards="[7]" peer=16U*P1S397
[2026-10-04 18:20:59.043] [out] [delivery_module] DBG 2026-10-04 18:20:59.043+02:00 identify: info received                    topics="libp2p identify" tid=6050483 stream=16U*kGyuEP:6ac27cea17501bdd20a1f402 pubkey=ok(sec...c56e)) addresses=/ip4/47.242.130.189/tcp/30303,/ip4/47.242.130.189/udp/30303/quic-v1,/dns4/delivery-01.ac-cn-hongkong-c.logos.dev.status.im/tcp/30303 protocols=/ipfs/id/1.0.0,/libp2p/autonat/1.0.0,/libp2p/circuit/relay/0.2.0/hop,/vac/waku/metadata/1.0.0,/mix/1.0.0,/logos/service-discovery/1.0.0,/vac/waku/store-query/3.0.0,/vac/waku/relay/2.0.0,/vac/waku/rendezvous/1.0.0,/ipfs/ping/1.0.0,/vac/waku/lightpush/3.0.0,/vac/waku/lightpush/2.0.0-beta1,/vac/waku/filter-subscribe/2.0.0-beta1,/vac/waku/filter-push/2.0.0-beta1,/vac/waku/peer-exchange/2.0.0-alpha1 observable_address=ok(/ip4/109.41.112.89/tcp/45850) proto_version=ipfs/0.1.0 agent_version=logos-delivery-v0.39.0-gca2814 signedPeerRecord=None
[2026-10-04 18:20:59.045] [out] [delivery_module] DBG 2026-10-04 18:20:59.045+02:00 starting pubsub read loop                  topics="libp2p pubsubpeer" tid=6050483 stream=16U*kGyuEP:6ac27cea17501bdd20a1f401 peer=16U*kGyuEP closed=false
[2026-10-04 18:20:59.045] [out] [delivery_module] DBG 2026-10-04 18:20:59.045+02:00 Event identified                           topics="waku node peer_manager" tid=6050483 peerId=16U*kGyuEP
[2026-10-04 18:20:59.045] [out] [delivery_module] DBG 2026-10-04 18:20:59.045+02:00 no listener registered                     tid=6050484 event=onConnectionChange
[2026-10-04 18:20:59.238] [out] [delivery_module] DBG 2026-10-04 18:20:59.238+02:00 no listener registered                     tid=6050484 event=onConnectionChange
[2026-10-04 18:20:59.253] [out] [delivery_module] DBG 2026-10-04 18:20:59.252+02:00 Received WakuMetadata request              topics="waku metadata" tid=6050483 remoteClusterId=ok(3) remoteShards="[5, 0, 2, 1, 4, 7, 3, 6]" localClusterId=3 localShards="[7]" peer=16U*T3UNSE
[2026-10-04 18:20:59.284] [out] [delivery_module] DBG 2026-10-04 18:20:59.284+02:00 no listener registered                     tid=6050484 event=onConnectionChange
[2026-10-04 18:20:59.444] [out] [delivery_module] DBG 2026-10-04 18:20:59.444+02:00 Received WakuMetadata request              topics="waku metadata" tid=6050483 remoteClusterId=ok(3) remoteShards="[5, 0, 2, 1, 4, 7, 3, 6]" localClusterId=3 localShards="[7]" peer=16U*kGyuEP
[2026-10-04 18:20:59.655] [out] [delivery_module] DBG 2026-10-04 18:20:59.655+02:00 no listener registered                     tid=6050484 event=onConnectionChange
[2026-10-04 18:20:59.865] [out] [delivery_module] DBG 2026-10-04 18:20:59.865+02:00 no listener registered                     tid=6050484 event=onConnectionChange
[2026-10-04 18:20:59.938] [out] [delivery_module] DBG 2026-10-04 18:20:59.938+02:00 Dial successful                            topics="libp2p dialer" tid=6050483 peerId=16U*iSrhve
[2026-10-04 18:20:59.938] [out] [delivery_module] DBG 2026-10-04 18:20:59.938+02:00 starting sendNonHighPriorityTask           topics="libp2p pubsubpeer" tid=6050483 p=16U*iSrhve
[2026-10-04 18:20:59.938] [out] [delivery_module] DBG 2026-10-04 18:20:59.938+02:00 created new pubsub peer                    topics="libp2p pubsub" tid=6050483 peerId=16U*iSrhve
[2026-10-04 18:20:59.939] [out] [delivery_module] DBG 2026-10-04 18:20:59.939+02:00 no listener registered                     tid=6050484 event=onConnectionChange
[2026-10-04 18:20:59.941] [out] [delivery_module] DBG 2026-10-04 18:20:59.941+02:00 Incoming WakuRelay connection              topics="waku relay" tid=6050483 connection=16U*iSrhve:6ac27ceb17501bdd20a1f410 protocol=/vac/waku/relay/2.0.0
[2026-10-04 18:20:59.941] [out] [delivery_module] DBG 2026-10-04 18:20:59.941+02:00 starting pubsub read loop                  topics="libp2p pubsubpeer" tid=6050483 stream=16U*iSrhve:6ac27ceb17501bdd20a1f410 peer=16U*iSrhve closed=false
[2026-10-04 18:20:59.943] [out] [delivery_module] DBG 2026-10-04 18:20:59.943+02:00 Lookup query                               topics="kad-dht find" tid=6050483 peer=16U*8rq3kg
[2026-10-04 18:20:59.943] [out] [delivery_module] DBG 2026-10-04 18:20:59.943+02:00 Lookup query                               topics="kad-dht find" tid=6050483 peer=16U*Lqfd15
[2026-10-04 18:20:59.959] [out] [delivery_module] DBG 2026-10-04 18:20:59.959+02:00 identify: info sent                        topics="libp2p identify" tid=6050483 stream=16U*iSrhve:6ac27ceb17501bdd20a1f411 info="(peerId: 16Uiu2HAm4VNfzxywiPSZrEQDyaDTjafXXBN738mNV6XS3Ht5HAoy, listenAddrs: [/ip4/0.0.0.0/tcp/52140, /ip4/0.0.0.0/udp/55704/quic-v1], addrs: [/ip4/0.0.0.0/tcp/52140, /ip4/0.0.0.0/udp/55704/quic-v1], protocols: [/ipfs/id/1.0.0, /libp2p/autonat/1.0.0, /libp2p/circuit/relay/0.2.0/hop, /vac/waku/metadata/1.0.0, /mix/1.0.0, /logos/service-discovery/1.0.0, /vac/waku/relay/2.0.0, /vac/waku/rendezvous/1.0.0, /ipfs/ping/1.0.0, /vac/waku/lightpush/3.0.0, /vac/waku/lightpush/2.0.0-beta1, /vac/waku/filter-subscribe/2.0.0-beta1, /vac/waku/filter-push/2.0.0-beta1, /vac/waku/peer-exchange/2.0.0-alpha1], protoVersion: ipfs/0.1.0, agentVersion: logos-delivery-v0.39.0-gca2814)"
[2026-10-04 18:21:00.234] [out] [delivery_module] DBG 2026-10-04 18:21:00.233+02:00 identify: info received                    topics="libp2p identify" tid=6050483 stream=16U*iSrhve:6ac27ceb17501bdd20a1f40f pubkey=ok(sec...2232)) addresses=/ip4/173.42.114.210/tcp/37795 protocols=/ipfs/id/1.0.0,/libp2p/autonat/1.0.0,/libp2p/circuit/relay/0.2.0/hop,/vac/waku/metadata/1.0.0,/logos/service-discovery/1.0.0,/vac/waku/relay/2.0.0,/vac/waku/rendezvous/1.0.0,/ipfs/ping/1.0.0,/vac/waku/lightpush/3.0.0,/vac/waku/lightpush/2.0.0-beta1,/vac/waku/filter-subscribe/2.0.0-beta1,/vac/waku/filter-push/2.0.0-beta1,/vac/waku/peer-exchange/2.0.0-alpha1 observable_address=ok(/ip4/109.41.112.89/tcp/35357) proto_version=ipfs/0.1.0 agent_version=logos-delivery-v0.39.0-gca2814 signedPeerRecord=None
[2026-10-04 18:21:00.235] [out] [delivery_module] DBG 2026-10-04 18:21:00.235+02:00 starting pubsub read loop                  topics="libp2p pubsubpeer" tid=6050483 stream=16U*iSrhve:6ac27ceb17501bdd20a1f40e peer=16U*iSrhve closed=false
[2026-10-04 18:21:00.235] [out] [delivery_module] DBG 2026-10-04 18:21:00.235+02:00 Event identified                           topics="waku node peer_manager" tid=6050483 peerId=16U*iSrhve
[2026-10-04 18:21:00.235] [out] [delivery_module] DBG 2026-10-04 18:21:00.235+02:00 no listener registered                     tid=6050484 event=onConnectionChange
[2026-10-04 18:21:00.610] [out] [delivery_module] DBG 2026-10-04 18:21:00.610+02:00 Lookup query                               topics="kad-dht find" tid=6050483 peer=16U*2pfeoX
[2026-10-04 18:21:00.659] [out] [delivery_module] DBG 2026-10-04 18:21:00.659+02:00 Received WakuMetadata request              topics="waku metadata" tid=6050483 remoteClusterId=ok(3) remoteShards="[5, 0, 2, 1, 4, 7, 3, 6]" localClusterId=3 localShards="[7]" peer=16U*iSrhve
[2026-10-04 18:21:00.720] [out] [delivery_module] DBG 2026-10-04 18:21:00.719+02:00 Lookup query                               topics="kad-dht find" tid=6050483 peer=16U*oWQB23
[2026-10-04 18:21:00.859] [out] [delivery_module] WRN 2026-10-04 18:21:00.859+02:00 NAT port mapping failed                    topics="libp2p natservice" tid=6050483 port=55704 proto=mpUdp err="plum: mapping 0 failed"
[2026-10-04 18:21:00.860] [out] [delivery_module] INF 2026-10-04 18:21:00.860+02:00 Mix self hop set                           topics="waku node" tid=6050483 hop=/ip4/172.20.10.14/tcp/52140 before=/ip4/0.0.0.0/tcp/0
[2026-10-04 18:21:00.860] [out] [delivery_module] DBG 2026-10-04 18:21:00.860+02:00 ENR addresses updated                      topics="waku enr" tid=6050483 retained=0 total=0
[2026-10-04 18:21:00.861] [out] [delivery_module] DBG 2026-10-04 18:21:00.861+02:00 ENR addresses updated                      topics="waku enr" tid=6050483 retained=0 total=0
[2026-10-04 18:21:00.861] [out] [delivery_module] INF 2026-10-04 18:21:00.861+02:00 Found previous WakuRelay peers. Reconnecting. topics="waku node" tid=6050483
[2026-10-04 18:21:00.861] [out] [delivery_module] DBG 2026-10-04 18:21:00.861+02:00 Reconnecting peers                         topics="waku node peer_manager" tid=6050483 proto=/vac/waku/relay/2.0.0
[2026-10-04 18:21:00.862] [out] [delivery_module] INF 2026-10-04 18:21:00.862+02:00 Random kademlia lookups disabled           topics="waku service discovery" tid=6050483
[2026-10-04 18:21:00.862] [out] [delivery_module] DBG 2026-10-04 18:21:00.862+02:00 Periodic service lookup started            topics="waku service discovery" tid=6050483 interval=1m services={}
[2026-10-04 18:21:00.862] [out] [delivery_module] INF 2026-10-04 18:21:00.862+02:00 Kademlia discovery started                 topics="waku service discovery" tid=6050483
[2026-10-04 18:21:00.862] [out] [delivery_module] INF 2026-10-04 18:21:00.862+02:00 Discovery ENR initialized                  topics="eth p2p discv5" tid=6050483 enrAutoUpdate=false seqNum=4 ip=none() tcpPort=none() udpPort=none() customEnrFields=@[] uri=enr:-Ka4QCsOvCoO9vokNvUBJHpgLNLhjMF7YsU36KoIGN8isoWqI6EPMsr9qeToL1mFLg4gDf-l0JpSH9RWlS_8W8r2isUEgmlkgnY0im11bHRpYWRkcnOAgnJzkwADCAAAAAEAAgADAAQABQAGAAeJc2VjcDI1NmsxoQKGq-_NyJh-ZC3_5cve-yvUuwNl48MyomnRMiZ0_8loiIN0Y3CCy6yFd2FrdTIt
[2026-10-04 18:21:00.862] [out] [delivery_module] WRN 2026-10-04 18:21:00.862+02:00 No external IP provided for the ENR, this node will not be discoverable topics="eth p2p discv5" tid=6050483
[2026-10-04 18:21:00.862] [out] [delivery_module] DBG 2026-10-04 18:21:00.862+02:00 peer filtering updated                     topics="waku discv5" tid=6050483
[2026-10-04 18:21:00.862] [out] [delivery_module] INF 2026-10-04 18:21:00.862+02:00 Starting discovery v5 service              topics="waku discv5" tid=6050483
[2026-10-04 18:21:00.862] [out] [delivery_module] INF 2026-10-04 18:21:00.862+02:00 Start listening on udp port                topics="waku discv5" tid=6050483 address=0.0.0.0 port=56698
[2026-10-04 18:21:00.862] [out] [delivery_module] INF 2026-10-04 18:21:00.862+02:00 Starting discovery node                    topics="eth p2p discv5" tid=6050483 node=3c*67c622:unaddressable bindAddress=0.0.0.0:56698
[2026-10-04 18:21:00.862] [out] [delivery_module] DBG 2026-10-04 18:21:00.862+02:00 Total nodes in routing table after populate topics="eth p2p discv5" tid=6050483 total=0
[2026-10-04 18:21:00.862] [out] [delivery_module] DBG 2026-10-04 18:21:00.862+02:00 Starting discovery v5 search               topics="waku discv5" tid=6050483
[2026-10-04 18:21:00.863] [out] [delivery_module] DBG 2026-10-04 18:21:00.863+02:00 Successfully started discovery v5 service  topics="waku discv5" tid=6050483
[2026-10-04 18:21:00.863] [out] [delivery_module] INF 2026-10-04 18:21:00.863+02:00 Discv5: discoverable ENR                   topics="waku discv5" tid=6050483 enrUri=enr:-Ka4QCsOvCoO9vokNvUBJHpgLNLhjMF7YsU36KoIGN8isoWqI6EPMsr9qeToL1mFLg4gDf-l0JpSH9RWlS_8W8r2isUEgmlkgnY0im11bHRpYWRkcnOAgnJzkwADCAAAAAEAAgADAAQABQAGAAeJc2VjcDI1NmsxoQKGq-_NyJh-ZC3_5cve-yvUuwNl48MyomnRMiZ0_8loiIN0Y3CCy6yFd2FrdTIt enr="(4, id: \"v4\", multiaddrs: 0x, rs: 0x00030800000001000200030004000500060007, secp256k1: 0x0286ABEFCDC8987E642DFFE5CBDEFB2BD4BB0365E3C332A269D1322674FFC96888, tcp: 52140, waku2: 0x2D)"
[2026-10-04 18:21:00.863] [out] [delivery_module] INF 2026-10-04 18:21:00.863+02:00 Node started successfully                  topics="waku node" tid=6050483
[2026-10-04 18:21:00.863] [out] [delivery_module] DBG 2026-10-04 18:21:00.863+02:00 Publishing Signed XPR                      topics="service-discovery" tid=6050483 xpr="(envelope: (publicKey: secp256k1 key (0486abefcdc8987e642dffe5cbdefb2bd4bb0365e3c332a269d1322674ffc968882e588c0b01fc22d7e43ee466bb48a55d51859f7c4de5c1e5ea0cf744a2071600), payloadType: @[3, 1], payload: @[10, 39, 0, 37, 8, 2, 18, 33, 2, 134, 171, 239, 205, 200, 152, 126, 100, 45, 255, 229, 203, 222, 251, 43, 212, 187, 3, 101, 227, 195, 50, 162, 105, 209, 50, 38, 116, 255, 201, 104, 136, 16, 169, 244, 7, 26, 10, 10, 8, 4, 172, 20, 10, 14, 6, 203, 172, 26, 13, 10, 11, 4, 172, 20, 10, 14, 145, 2, 217, 152, 205, 3], signature: 304402200EFE3D2E006F61F1D682ACB978111EBC9ED458BB6F87527F4ED15402DAC8814B02207928A572EA442A034D6026DDCBD9843952D9E727EFA353290505437F68828C3D), data: (peerId: 16Uiu2HAm4VNfzxywiPSZrEQDyaDTjafXXBN738mNV6XS3Ht5HAoy, seqNo: 129577, addresses: @[(address: /ip4/172.20.10.14/tcp/52140), (address: /ip4/172.20.10.14/udp/55704/quic-v1)], services: @[]))"
[2026-10-04 18:21:00.864] [out] [delivery_module] DBG 2026-10-04 18:21:00.863+02:00 Lookup query                               topics="kad-dht find" tid=6050483 peer=16U*P1S397
[2026-10-04 18:21:00.864] [out] [delivery_module] DBG 2026-10-04 18:21:00.864+02:00 Lookup query                               topics="kad-dht find" tid=6050483 peer=16U*T3UNSE
[2026-10-04 18:21:00.864] [out] [delivery_module] DBG 2026-10-04 18:21:00.864+02:00 Lookup query                               topics="kad-dht find" tid=6050483 peer=16U*VpJprH
[2026-10-04 18:21:00.864] [out] [delivery_module] DBG 2026-10-04 18:21:00.864+02:00 Lookup query                               topics="kad-dht find" tid=6050483 peer=16U*kGyuEP
[2026-10-04 18:21:00.864] [out] [delivery_module] DBG 2026-10-04 18:21:00.864+02:00 Lookup query                               topics="kad-dht find" tid=6050483 peer=16U*NSkuby
[2026-10-04 18:21:00.864] [out] [delivery_module] DBG 2026-10-04 18:21:00.864+02:00 Lookup query                               topics="kad-dht find" tid=6050483 peer=16U*TwqBiH
[2026-10-04 18:21:00.864] [out] [delivery_module] DBG 2026-10-04 18:21:00.864+02:00 Dialing multiple peers                     tid=6050483 numOfPeers=6 nodes="@[\"/dns4/delivery-01.do-ams3.logos.dev.status.im/tcp/30303/p2p/16Uiu2HAmTUbnxLGT9JvV6mu9oPyDjqHK4Phs1VDJNUgESgNSkuby\", \"/dns4/delivery-02.do-ams3.logos.dev.status.im/tcp/30303/p2p/16Uiu2HAmMK7PYygBtKUQ8EHp7EfaD3bCEsJrkFooK8RQ2PVpJprH\", \"/dns4/delivery-01.gc-us-central1-a.logos.dev.status.im/tcp/30303/p2p/16Uiu2HAm4S1JYkuzDKLKQvwgAhZKs9otxXqt8SCGtB4hoJP1S397\", \"/dns4/delivery-02.gc-us-central1-a.logos.dev.status.im/tcp/30303/p2p/16Uiu2HAm8Y9kgBNtjxvCnf1X6gnZJW5EGE4UwwCL3CCm55TwqBiH\", \"/dns4/delivery-01.ac-cn-hongkong-c.logos.dev.status.im/tcp/30303/p2p/16Uiu2HAm8YokiNun9BkeA1ZRmhLbtNUvcwRr64F69tYj9fkGyuEP\", \"/dns4/delivery-02.ac-cn-hongkong-c.logos.dev.status.im/tcp/30303/p2p/16Uiu2HAkvwhGHKNry6LACrB8TmEFoCJKEX29XR5dDUzk3UT3UNSE\"]"
[2026-10-04 18:21:01.049] [out] [delivery_module] DBG 2026-10-04 18:21:01.049+02:00 no listener registered                     tid=6050484 event=onConnectionChange
[2026-10-04 18:21:01.146] [out] [delivery_module] DBG 2026-10-04 18:21:01.146+02:00 Lookup query                               topics="kad-dht find" tid=6050483 peer=16U*RZcwkN
[2026-10-04 18:21:01.146] [out] [delivery_module] DBG 2026-10-04 18:21:01.146+02:00 Lookup query                               topics="kad-dht find" tid=6050483 peer=16U*33uyAY
[2026-10-04 18:21:01.146] [out] [delivery_module] DBG 2026-10-04 18:21:01.146+02:00 Lookup query                               topics="kad-dht find" tid=6050483 peer=16U*CbKVbN
[2026-10-04 18:21:01.146] [out] [delivery_module] DBG 2026-10-04 18:21:01.146+02:00 Lookup query                               topics="kad-dht find" tid=6050483 peer=16U*JXZN12
[2026-10-04 18:21:01.146] [out] [delivery_module] DBG 2026-10-04 18:21:01.146+02:00 Lookup query                               topics="kad-dht find" tid=6050483 peer=16U*nd1vDS
[2026-10-04 18:21:01.208] [out] [delivery_module] DBG 2026-10-04 18:21:01.208+02:00 Lookup query                               topics="kad-dht find" tid=6050483 peer=16U*8rq3kg
[2026-10-04 18:21:01.209] [out] [delivery_module] DBG 2026-10-04 18:21:01.209+02:00 Lookup query                               topics="kad-dht find" tid=6050483 peer=16U*Lqfd15
[2026-10-04 18:21:01.264] [out] [delivery_module] DBG 2026-10-04 18:21:01.264+02:00 Lookup query                               topics="kad-dht find" tid=6050483 peer=16U*2pfeoX
[2026-10-04 18:21:01.265] [out] [delivery_module] DBG 2026-10-04 18:21:01.265+02:00 Lookup query                               topics="kad-dht find" tid=6050483 peer=16U*oWQB23
[2026-10-04 18:21:01.589] [out] [delivery_module] DBG 2026-10-04 18:21:01.588+02:00 Dialing failed                             topics="libp2p dialer" tid=6050483 description="quic dial timed out after 3s" peerId=16U*RZcwkN address=/ip4/172.20.10.14/udp/49587/quic-v1 hostname=172.20.10.14
[2026-10-04 18:21:01.589] [out] [delivery_module] DBG 2026-10-04 18:21:01.589+02:00 Expanded address and hostname              topics="libp2p dialer" tid=6050483 expandedAddress=/ip4/172.20.10.14/tcp/51590 hostname=172.20.10.14 resolvedAddresses="[/ip4/172.20.10.14/tcp/51590]"
[2026-10-04 18:21:01.591] [out] [delivery_module] DBG 2026-10-04 18:21:01.591+02:00 Dialing failed                             topics="libp2p dialer" tid=6050483 description="TcpTransport dial error: (61) Connection refused" peerId=16U*RZcwkN address=/ip4/172.20.10.14/tcp/51590 hostname=172.20.10.14
[2026-10-04 18:21:01.591] [out] [delivery_module] DBG 2026-10-04 18:21:01.591+02:00 Dialing failed                             topics="libp2p dialer" tid=6050483 description="quic dial timed out after 3s" peerId=16U*33uyAY address=/ip4/172.20.10.14/udp/52840/quic-v1 hostname=172.20.10.14
[2026-10-04 18:21:01.591] [out] [delivery_module] DBG 2026-10-04 18:21:01.591+02:00 Expanded address and hostname              topics="libp2p dialer" tid=6050483 expandedAddress=/ip4/109.41.112.89/tcp/40786 hostname=109.41.112.89 resolvedAddresses="[/ip4/109.41.112.89/tcp/40786]"
[2026-10-04 18:21:01.592] [out] [delivery_module] DBG 2026-10-04 18:21:01.592+02:00 Dialing failed                             topics="libp2p dialer" tid=6050483 description="quic dial timed out after 3s" peerId=16U*CbKVbN address=/ip4/172.20.10.14/udp/55956/quic-v1 hostname=172.20.10.14
[2026-10-04 18:21:01.592] [out] [delivery_module] DBG 2026-10-04 18:21:01.592+02:00 Expanded address and hostname              topics="libp2p dialer" tid=6050483 expandedAddress=/ip4/172.20.10.14/tcp/51685 hostname=172.20.10.14 resolvedAddresses="[/ip4/172.20.10.14/tcp/51685]"
[2026-10-04 18:21:01.592] [out] [delivery_module] DBG 2026-10-04 18:21:01.592+02:00 Dialing failed                             topics="libp2p dialer" tid=6050483 description="quic dial timed out after 3s" peerId=16U*JXZN12 address=/ip4/172.20.10.14/udp/62834/quic-v1 hostname=172.20.10.14
[2026-10-04 18:21:01.592] [out] [delivery_module] DBG 2026-10-04 18:21:01.592+02:00 Error dialing                              topics="libp2p dialer" tid=6050483 conn=nil peerId=16U*RZcwkN protos="[/logos/service-discovery/1.0.0]" addrs="[/ip4/172.20.10.14/udp/49587/quic-v1, /ip4/172.20.10.14/tcp/51590]" description="Unable to establish outgoing link in establishConnection: peer_id=16U*RZcwkN addrs=@[/ip4/172.20.10.14/udp/49587/quic-v1, /ip4/172.20.10.14/tcp/51590]"
[2026-10-04 18:21:01.592] [out] [delivery_module] DBG 2026-10-04 18:21:01.592+02:00 Expanded address and hostname              topics="libp2p dialer" tid=6050483 expandedAddress=/ip4/172.20.10.14/tcp/49738 hostname=172.20.10.14 resolvedAddresses="[/ip4/172.20.10.14/tcp/49738]"
[2026-10-04 18:21:01.593] [out] [delivery_module] DBG 2026-10-04 18:21:01.593+02:00 Dialing failed                             topics="libp2p dialer" tid=6050483 description="TcpTransport dial error: (61) Connection refused" peerId=16U*CbKVbN address=/ip4/172.20.10.14/tcp/51685 hostname=172.20.10.14
[2026-10-04 18:21:01.593] [out] [delivery_module] DBG 2026-10-04 18:21:01.593+02:00 Dialing failed                             topics="libp2p dialer" tid=6050483 description="TcpTransport dial error: (61) Connection refused" peerId=16U*JXZN12 address=/ip4/172.20.10.14/tcp/49738 hostname=172.20.10.14
[2026-10-04 18:21:01.593] [out] [delivery_module] DBG 2026-10-04 18:21:01.593+02:00 Dialing failed                             topics="libp2p dialer" tid=6050483 description="quic dial timed out after 3s" peerId=16U*8rq3kg address=/ip4/172.20.10.14/udp/49629/quic-v1 hostname=172.20.10.14
[2026-10-04 18:21:01.593] [out] [delivery_module] DBG 2026-10-04 18:21:01.593+02:00 Dialing peer                               topics="libp2p dialer" tid=6050483 peerId=16U*RZcwkN addrs="[/ip4/172.20.10.14/udp/49587/quic-v1, /ip4/172.20.10.14/tcp/51590]"
[2026-10-04 18:21:01.593] [out] [delivery_module] DBG 2026-10-04 18:21:01.593+02:00 Expanded address and hostname              topics="libp2p dialer" tid=6050483 expandedAddress=/ip4/172.20.10.14/udp/49587/quic-v1 hostname=172.20.10.14 resolvedAddresses="[/ip4/172.20.10.14/udp/49587/quic-v1]"
[2026-10-04 18:21:01.594] [out] [delivery_module] DBG 2026-10-04 18:21:01.594+02:00 New connection established: client         tid=6050483
[2026-10-04 18:21:01.595] [out] [delivery_module] DBG 2026-10-04 18:21:01.595+02:00 Expanded address and hostname              topics="libp2p dialer" tid=6050483 expandedAddress=/ip4/172.20.10.14/tcp/50996 hostname=172.20.10.14 resolvedAddresses="[/ip4/172.20.10.14/tcp/50996]"
[2026-10-04 18:21:01.595] [out] [delivery_module] DBG 2026-10-04 18:21:01.595+02:00 Dialing failed                             topics="libp2p dialer" tid=6050483 description="quic dial timed out after 3s" peerId=16U*Lqfd15 address=/ip4/172.20.10.14/udp/62334/quic-v1 hostname=172.20.10.14
[2026-10-04 18:21:01.596] [out] [delivery_module] DBG 2026-10-04 18:21:01.595+02:00 Error dialing                              topics="libp2p dialer" tid=6050483 conn=nil peerId=16U*CbKVbN protos="[/logos/service-discovery/1.0.0]" addrs="[/ip4/172.20.10.14/udp/55956/quic-v1, /ip4/172.20.10.14/tcp/51685]" description="Unable to establish outgoing link in establishConnection: peer_id=16U*CbKVbN addrs=@[/ip4/172.20.10.14/udp/55956/quic-v1, /ip4/172.20.10.14/tcp/51685]"
[2026-10-04 18:21:01.596] [out] [delivery_module] DBG 2026-10-04 18:21:01.596+02:00 Expanded address and hostname              topics="libp2p dialer" tid=6050483 expandedAddress=/ip4/172.20.10.14/tcp/65350 hostname=172.20.10.14 resolvedAddresses="[/ip4/172.20.10.14/tcp/65350]"
[2026-10-04 18:21:01.596] [out] [delivery_module] DBG 2026-10-04 18:21:01.596+02:00 Error dialing                              topics="libp2p dialer" tid=6050483 conn=nil peerId=16U*JXZN12 protos="[/logos/service-discovery/1.0.0]" addrs="[/ip4/172.20.10.14/udp/62834/quic-v1, /ip4/172.20.10.14/tcp/49738]" description="Unable to establish outgoing link in establishConnection: peer_id=16U*JXZN12 addrs=@[/ip4/172.20.10.14/udp/62834/quic-v1, /ip4/172.20.10.14/tcp/49738]"
[2026-10-04 18:21:01.596] [out] [delivery_module] DBG 2026-10-04 18:21:01.596+02:00 Dialing failed                             topics="libp2p dialer" tid=6050483 description="TcpTransport dial error: (61) Connection refused" peerId=16U*8rq3kg address=/ip4/172.20.10.14/tcp/50996 hostname=172.20.10.14
[2026-10-04 18:21:01.596] [out] [delivery_module] DBG 2026-10-04 18:21:01.596+02:00 Dialing failed                             topics="libp2p dialer" tid=6050483 description="quic dial timed out after 3s" peerId=16U*2pfeoX address=/ip4/192.168.68.53/udp/16011/quic-v1 hostname=192.168.68.53
[2026-10-04 18:21:01.596] [out] [delivery_module] DBG 2026-10-04 18:21:01.596+02:00 Dialing failed                             topics="libp2p dialer" tid=6050483 description="TcpTransport dial error: (61) Connection refused" peerId=16U*Lqfd15 address=/ip4/172.20.10.14/tcp/65350 hostname=172.20.10.14
[2026-10-04 18:21:01.596] [out] [delivery_module] DBG 2026-10-04 18:21:01.596+02:00 Expanded address and hostname              topics="libp2p dialer" tid=6050483 expandedAddress=/ip4/192.168.68.53/tcp/27431 hostname=192.168.68.53 resolvedAddresses="[/ip4/192.168.68.53/tcp/27431]"
[2026-10-04 18:21:01.597] [out] [delivery_module] DBG 2026-10-04 18:21:01.597+02:00 Dialing peer                               topics="libp2p dialer" tid=6050483 peerId=16U*CbKVbN addrs="[/ip4/172.20.10.14/udp/55956/quic-v1, /ip4/172.20.10.14/tcp/51685]"
[2026-10-04 18:21:01.598] [out] [delivery_module] DBG 2026-10-04 18:21:01.597+02:00 Expanded address and hostname              topics="libp2p dialer" tid=6050483 expandedAddress=/ip4/172.20.10.14/udp/55956/quic-v1 hostname=172.20.10.14 resolvedAddresses="[/ip4/172.20.10.14/udp/55956/quic-v1]"
[2026-10-04 18:21:01.598] [out] [delivery_module] DBG 2026-10-04 18:21:01.597+02:00 New connection established: client         tid=6050483
[2026-10-04 18:21:01.598] [out] [delivery_module] DBG 2026-10-04 18:21:01.598+02:00 Dialing failed                             topics="libp2p dialer" tid=6050483 description="quic dial timed out after 3s" peerId=16U*oWQB23 address=/ip4/88.160.11.28/udp/19925/quic-v1 hostname=88.160.11.28
[2026-10-04 18:21:01.598] [out] [delivery_module] DBG 2026-10-04 18:21:01.598+02:00 Error dialing                              topics="libp2p dialer" tid=6050483 conn=nil peerId=16U*8rq3kg protos="[/logos/service-discovery/1.0.0]" addrs="[/ip4/172.20.10.14/udp/49629/quic-v1, /ip4/172.20.10.14/tcp/50996]" description="Unable to establish outgoing link in establishConnection: peer_id=16U*8rq3kg addrs=@[/ip4/172.20.10.14/udp/49629/quic-v1, /ip4/172.20.10.14/tcp/50996]"
[2026-10-04 18:21:01.598] [out] [delivery_module] DBG 2026-10-04 18:21:01.598+02:00 Dialing peer                               topics="libp2p dialer" tid=6050483 peerId=16U*JXZN12 addrs="[/ip4/172.20.10.14/udp/62834/quic-v1, /ip4/172.20.10.14/tcp/49738]"
[2026-10-04 18:21:01.598] [out] [delivery_module] DBG 2026-10-04 18:21:01.598+02:00 Expanded address and hostname              topics="libp2p dialer" tid=6050483 expandedAddress=/ip4/172.20.10.14/udp/62834/quic-v1 hostname=172.20.10.14 resolvedAddresses="[/ip4/172.20.10.14/udp/62834/quic-v1]"
[2026-10-04 18:21:01.598] [out] [delivery_module] DBG 2026-10-04 18:21:01.598+02:00 New connection established: client         tid=6050483
[2026-10-04 18:21:01.599] [out] [delivery_module] DBG 2026-10-04 18:21:01.599+02:00 Expanded address and hostname              topics="libp2p dialer" tid=6050483 expandedAddress=/ip4/88.160.11.28/tcp/17981 hostname=88.160.11.28 resolvedAddresses="[/ip4/88.160.11.28/tcp/17981]"
[2026-10-04 18:21:01.599] [out] [delivery_module] DBG 2026-10-04 18:21:01.599+02:00 Error dialing                              topics="libp2p dialer" tid=6050483 conn=nil peerId=16U*Lqfd15 protos="[/logos/service-discovery/1.0.0]" addrs="[/ip4/172.20.10.14/udp/62334/quic-v1, /ip4/172.20.10.14/tcp/65350]" description="Unable to establish outgoing link in establishConnection: peer_id=16U*Lqfd15 addrs=@[/ip4/172.20.10.14/udp/62334/quic-v1, /ip4/172.20.10.14/tcp/65350]"
[2026-10-04 18:21:01.600] [out] [delivery_module] DBG 2026-10-04 18:21:01.600+02:00 Dialing peer                               topics="libp2p dialer" tid=6050483 peerId=16U*8rq3kg addrs="[/ip4/172.20.10.14/udp/49629/quic-v1, /ip4/172.20.10.14/tcp/50996]"
[2026-10-04 18:21:01.600] [out] [delivery_module] DBG 2026-10-04 18:21:01.600+02:00 Expanded address and hostname              topics="libp2p dialer" tid=6050483 expandedAddress=/ip4/172.20.10.14/udp/49629/quic-v1 hostname=172.20.10.14 resolvedAddresses="[/ip4/172.20.10.14/udp/49629/quic-v1]"
[2026-10-04 18:21:01.600] [out] [delivery_module] DBG 2026-10-04 18:21:01.600+02:00 New connection established: client         tid=6050483
[2026-10-04 18:21:01.600] [out] [delivery_module] DBG 2026-10-04 18:21:01.600+02:00 Dialing peer                               topics="libp2p dialer" tid=6050483 peerId=16U*Lqfd15 addrs="[/ip4/172.20.10.14/udp/62334/quic-v1, /ip4/172.20.10.14/tcp/65350]"
[2026-10-04 18:21:01.600] [out] [delivery_module] DBG 2026-10-04 18:21:01.600+02:00 Expanded address and hostname              topics="libp2p dialer" tid=6050483 expandedAddress=/ip4/172.20.10.14/udp/62334/quic-v1 hostname=172.20.10.14 resolvedAddresses="[/ip4/172.20.10.14/udp/62334/quic-v1]"
[2026-10-04 18:21:01.600] [out] [delivery_module] DBG 2026-10-04 18:21:01.600+02:00 New connection established: client         tid=6050483
[2026-10-04 18:21:01.855] [out] [delivery_module] WRN 2026-10-04 18:21:01.855+02:00 ffi request still in flight; caller notified via RET_STALE_WARN tid=6050483 reqId=LogosdeliveryStartNodeReq elapsedMs=5000
[2026-10-04 18:21:01.855] [out] [delivery_module] DBG 2026-10-04 18:21:01.855+02:00 Kad lookup: RPC error                      topics="kad-dht find" tid=6050483 peer=16U*VpJprH msg="dialStage: timed out dialing the peer"
[2026-10-04 18:21:01.856] [out] [delivery_module] DBG 2026-10-04 18:21:01.856+02:00 Lookup query                               topics="kad-dht find" tid=6050483 peer=16U*VpJprH
[2026-10-04 18:21:01.856] [out] [delivery_module] DBG 2026-10-04 18:21:01.856+02:00 Lookup query                               topics="kad-dht find" tid=6050483 peer=16U*iSrhve
[2026-10-04 18:21:03.599] [out] [delivery_module] DBG 2026-10-04 18:21:03.599+02:00 Kad lookup: RPC error                      topics="kad-dht find" tid=6050483 peer=16U*nd1vDS msg="dialStage: timed out dialing the peer"
[2026-10-04 18:21:03.599] [out] [delivery_module] DBG 2026-10-04 18:21:03.599+02:00 Kad lookup: RPC error                      topics="kad-dht find" tid=6050483 peer=16U*33uyAY msg="dialStage: timed out dialing the peer"
[2026-10-04 18:21:04.597] [out] [delivery_module] DBG 2026-10-04 18:21:04.597+02:00 Dialing failed                             topics="libp2p dialer" tid=6050483 description="quic dial timed out after 3s" peerId=16U*RZcwkN address=/ip4/172.20.10.14/udp/49587/quic-v1 hostname=172.20.10.14
[2026-10-04 18:21:04.598] [out] [delivery_module] DBG 2026-10-04 18:21:04.597+02:00 Expanded address and hostname              topics="libp2p dialer" tid=6050483 expandedAddress=/ip4/172.20.10.14/tcp/51590 hostname=172.20.10.14 resolvedAddresses="[/ip4/172.20.10.14/tcp/51590]"
[2026-10-04 18:21:04.599] [out] [delivery_module] DBG 2026-10-04 18:21:04.598+02:00 Dialing failed                             topics="libp2p dialer" tid=6050483 description="TcpTransport dial error: (61) Connection refused" peerId=16U*RZcwkN address=/ip4/172.20.10.14/tcp/51590 hostname=172.20.10.14
[2026-10-04 18:21:04.599] [out] [delivery_module] DBG 2026-10-04 18:21:04.599+02:00 Dialing failed                             topics="libp2p dialer" tid=6050483 description="quic dial timed out after 3s" peerId=16U*CbKVbN address=/ip4/172.20.10.14/udp/55956/quic-v1 hostname=172.20.10.14
[2026-10-04 18:21:04.599] [out] [delivery_module] DBG 2026-10-04 18:21:04.599+02:00 Error dialing                              topics="libp2p dialer" tid=6050483 conn=nil peerId=16U*RZcwkN protos="[/logos/service-discovery/1.0.0]" addrs="[/ip4/172.20.10.14/udp/49587/quic-v1, /ip4/172.20.10.14/tcp/51590]" description="Unable to establish outgoing link in establishConnection: peer_id=16U*RZcwkN addrs=@[/ip4/172.20.10.14/udp/49587/quic-v1, /ip4/172.20.10.14/tcp/51590]"
[2026-10-04 18:21:04.599] [out] [delivery_module] DBG 2026-10-04 18:21:04.599+02:00 Expanded address and hostname              topics="libp2p dialer" tid=6050483 expandedAddress=/ip4/172.20.10.14/tcp/51685 hostname=172.20.10.14 resolvedAddresses="[/ip4/172.20.10.14/tcp/51685]"
[2026-10-04 18:21:04.600] [out] [delivery_module] DBG 2026-10-04 18:21:04.600+02:00 Dialing peer                               topics="libp2p dialer" tid=6050483 peerId=16U*RZcwkN addrs="[/ip4/172.20.10.14/udp/49587/quic-v1, /ip4/172.20.10.14/tcp/51590]"
[2026-10-04 18:21:04.600] [out] [delivery_module] DBG 2026-10-04 18:21:04.600+02:00 Expanded address and hostname              topics="libp2p dialer" tid=6050483 expandedAddress=/ip4/172.20.10.14/udp/49587/quic-v1 hostname=172.20.10.14 resolvedAddresses="[/ip4/172.20.10.14/udp/49587/quic-v1]"
[2026-10-04 18:21:04.600] [out] [delivery_module] DBG 2026-10-04 18:21:04.600+02:00 New connection established: client         tid=6050483
[2026-10-04 18:21:04.601] [out] [delivery_module] DBG 2026-10-04 18:21:04.601+02:00 Dialing failed                             topics="libp2p dialer" tid=6050483 description="TcpTransport dial error: (61) Connection refused" peerId=16U*CbKVbN address=/ip4/172.20.10.14/tcp/51685 hostname=172.20.10.14
[2026-10-04 18:21:04.601] [out] [delivery_module] DBG 2026-10-04 18:21:04.601+02:00 Dialing failed                             topics="libp2p dialer" tid=6050483 description="quic dial timed out after 3s" peerId=16U*JXZN12 address=/ip4/172.20.10.14/udp/62834/quic-v1 hostname=172.20.10.14
[2026-10-04 18:21:04.601] [out] [delivery_module] DBG 2026-10-04 18:21:04.601+02:00 Expanded address and hostname              topics="libp2p dialer" tid=6050483 expandedAddress=/ip4/172.20.10.14/tcp/49738 hostname=172.20.10.14 resolvedAddresses="[/ip4/172.20.10.14/tcp/49738]"
[2026-10-04 18:21:04.601] [out] [delivery_module] DBG 2026-10-04 18:21:04.601+02:00 Dialing failed                             topics="libp2p dialer" tid=6050483 description="quic dial timed out after 3s" peerId=16U*8rq3kg address=/ip4/172.20.10.14/udp/49629/quic-v1 hostname=172.20.10.14
[2026-10-04 18:21:04.601] [out] [delivery_module] DBG 2026-10-04 18:21:04.601+02:00 Error dialing                              topics="libp2p dialer" tid=6050483 conn=nil peerId=16U*CbKVbN protos="[/logos/service-discovery/1.0.0]" addrs="[/ip4/172.20.10.14/udp/55956/quic-v1, /ip4/172.20.10.14/tcp/51685]" description="Unable to establish outgoing link in establishConnection: peer_id=16U*CbKVbN addrs=@[/ip4/172.20.10.14/udp/55956/quic-v1, /ip4/172.20.10.14/tcp/51685]"
[2026-10-04 18:21:04.601] [out] [delivery_module] DBG 2026-10-04 18:21:04.601+02:00 Expanded address and hostname              topics="libp2p dialer" tid=6050483 expandedAddress=/ip4/172.20.10.14/tcp/50996 hostname=172.20.10.14 resolvedAddresses="[/ip4/172.20.10.14/tcp/50996]"
[2026-10-04 18:21:04.602] [out] [delivery_module] DBG 2026-10-04 18:21:04.602+02:00 Dialing peer                               topics="libp2p dialer" tid=6050483 peerId=16U*CbKVbN addrs="[/ip4/172.20.10.14/udp/55956/quic-v1, /ip4/172.20.10.14/tcp/51685]"
[2026-10-04 18:21:04.602] [out] [delivery_module] DBG 2026-10-04 18:21:04.602+02:00 Expanded address and hostname              topics="libp2p dialer" tid=6050483 expandedAddress=/ip4/172.20.10.14/udp/55956/quic-v1 hostname=172.20.10.14 resolvedAddresses="[/ip4/172.20.10.14/udp/55956/quic-v1]"
[2026-10-04 18:21:04.602] [out] [delivery_module] DBG 2026-10-04 18:21:04.602+02:00 New connection established: client         tid=6050483
[2026-10-04 18:21:04.603] [out] [delivery_module] DBG 2026-10-04 18:21:04.603+02:00 Dialing failed                             topics="libp2p dialer" tid=6050483 description="quic dial timed out after 3s" peerId=16U*Lqfd15 address=/ip4/172.20.10.14/udp/62334/quic-v1 hostname=172.20.10.14
[2026-10-04 18:21:04.603] [out] [delivery_module] DBG 2026-10-04 18:21:04.603+02:00 Expanded address and hostname              topics="libp2p dialer" tid=6050483 expandedAddress=/ip4/172.20.10.14/tcp/65350 hostname=172.20.10.14 resolvedAddresses="[/ip4/172.20.10.14/tcp/65350]"
[2026-10-04 18:21:04.603] [out] [delivery_module] DBG 2026-10-04 18:21:04.603+02:00 Dialing failed                             topics="libp2p dialer" tid=6050483 description="TcpTransport dial error: (61) Connection refused" peerId=16U*JXZN12 address=/ip4/172.20.10.14/tcp/49738 hostname=172.20.10.14
[2026-10-04 18:21:04.603] [out] [delivery_module] DBG 2026-10-04 18:21:04.603+02:00 Dialing failed                             topics="libp2p dialer" tid=6050483 description="TcpTransport dial error: (61) Connection refused" peerId=16U*8rq3kg address=/ip4/172.20.10.14/tcp/50996 hostname=172.20.10.14
[2026-10-04 18:21:04.603] [out] [delivery_module] DBG 2026-10-04 18:21:04.603+02:00 Dialing failed                             topics="libp2p dialer" tid=6050483 description="TcpTransport dial error: (61) Connection refused" peerId=16U*Lqfd15 address=/ip4/172.20.10.14/tcp/65350 hostname=172.20.10.14
[2026-10-04 18:21:04.603] [out] [delivery_module] DBG 2026-10-04 18:21:04.603+02:00 Error dialing                              topics="libp2p dialer" tid=6050483 conn=nil peerId=16U*JXZN12 protos="[/logos/service-discovery/1.0.0]" addrs="[/ip4/172.20.10.14/udp/62834/quic-v1, /ip4/172.20.10.14/tcp/49738]" description="Unable to establish outgoing link in establishConnection: peer_id=16U*JXZN12 addrs=@[/ip4/172.20.10.14/udp/62834/quic-v1, /ip4/172.20.10.14/tcp/49738]"
[2026-10-04 18:21:04.603] [out] [delivery_module] DBG 2026-10-04 18:21:04.603+02:00 Dialing peer                               topics="libp2p dialer" tid=6050483 peerId=16U*JXZN12 addrs="[/ip4/172.20.10.14/udp/62834/quic-v1, /ip4/172.20.10.14/tcp/49738]"
[2026-10-04 18:21:04.603] [out] [delivery_module] DBG 2026-10-04 18:21:04.603+02:00 Expanded address and hostname              topics="libp2p dialer" tid=6050483 expandedAddress=/ip4/172.20.10.14/udp/62834/quic-v1 hostname=172.20.10.14 resolvedAddresses="[/ip4/172.20.10.14/udp/62834/quic-v1]"
[2026-10-04 18:21:04.604] [out] [delivery_module] DBG 2026-10-04 18:21:04.604+02:00 New connection established: client         tid=6050483
[2026-10-04 18:21:04.604] [out] [delivery_module] DBG 2026-10-04 18:21:04.604+02:00 Error dialing                              topics="libp2p dialer" tid=6050483 conn=nil peerId=16U*8rq3kg protos="[/logos/service-discovery/1.0.0]" addrs="[/ip4/172.20.10.14/udp/49629/quic-v1, /ip4/172.20.10.14/tcp/50996]" description="Unable to establish outgoing link in establishConnection: peer_id=16U*8rq3kg addrs=@[/ip4/172.20.10.14/udp/49629/quic-v1, /ip4/172.20.10.14/tcp/50996]"
[2026-10-04 18:21:04.604] [out] [delivery_module] DBG 2026-10-04 18:21:04.604+02:00 Dialing peer                               topics="libp2p dialer" tid=6050483 peerId=16U*8rq3kg addrs="[/ip4/172.20.10.14/udp/49629/quic-v1, /ip4/172.20.10.14/tcp/50996]"
[2026-10-04 18:21:04.604] [out] [delivery_module] DBG 2026-10-04 18:21:04.604+02:00 Expanded address and hostname              topics="libp2p dialer" tid=6050483 expandedAddress=/ip4/172.20.10.14/udp/49629/quic-v1 hostname=172.20.10.14 resolvedAddresses="[/ip4/172.20.10.14/udp/49629/quic-v1]"
[2026-10-04 18:21:04.604] [out] [delivery_module] DBG 2026-10-04 18:21:04.604+02:00 New connection established: client         tid=6050483
[2026-10-04 18:21:04.605] [out] [delivery_module] DBG 2026-10-04 18:21:04.605+02:00 Error dialing                              topics="libp2p dialer" tid=6050483 conn=nil peerId=16U*Lqfd15 protos="[/logos/service-discovery/1.0.0]" addrs="[/ip4/172.20.10.14/udp/62334/quic-v1, /ip4/172.20.10.14/tcp/65350]" description="Unable to establish outgoing link in establishConnection: peer_id=16U*Lqfd15 addrs=@[/ip4/172.20.10.14/udp/62334/quic-v1, /ip4/172.20.10.14/tcp/65350]"
[2026-10-04 18:21:04.605] [out] [delivery_module] DBG 2026-10-04 18:21:04.605+02:00 Dialing peer                               topics="libp2p dialer" tid=6050483 peerId=16U*Lqfd15 addrs="[/ip4/172.20.10.14/udp/62334/quic-v1, /ip4/172.20.10.14/tcp/65350]"
[2026-10-04 18:21:04.605] [out] [delivery_module] DBG 2026-10-04 18:21:04.605+02:00 Expanded address and hostname              topics="libp2p dialer" tid=6050483 expandedAddress=/ip4/172.20.10.14/udp/62334/quic-v1 hostname=172.20.10.14 resolvedAddresses="[/ip4/172.20.10.14/udp/62334/quic-v1]"
[2026-10-04 18:21:04.605] [out] [delivery_module] DBG 2026-10-04 18:21:04.605+02:00 New connection established: client         tid=6050483
[2026-10-04 18:21:05.865] [out] [delivery_module] DBG 2026-10-04 18:21:05.865+02:00 Kad lookup: RPC error                      topics="kad-dht find" tid=6050483 peer=16U*VpJprH msg="dialStage: timed out dialing the peer"
[2026-10-04 18:21:05.866] [out] [delivery_module] DBG 2026-10-04 18:21:05.866+02:00 Lookup query                               topics="kad-dht find" tid=6050483 peer=16U*VpJprH
[2026-10-04 18:21:05.866] [out] [delivery_module] DBG 2026-10-04 18:21:05.866+02:00 Lookup query                               topics="kad-dht find" tid=6050483 peer=16U*iSrhve
[2026-10-04 18:21:06.855] [out] [delivery_module] WRN 2026-10-04 18:21:06.855+02:00 ffi request still in flight; caller notified via RET_STALE_WARN tid=6050483 reqId=LogosdeliveryStartNodeReq elapsedMs=10000
[2026-10-04 18:21:06.857] [out] [delivery_module] DBG 2026-10-04 18:21:06.857+02:00 Lookup query                               topics="kad-dht find" tid=6050483 peer=16U*RZcwkN
[2026-10-04 18:21:06.857] [out] [delivery_module] DBG 2026-10-04 18:21:06.857+02:00 Lookup query                               topics="kad-dht find" tid=6050483 peer=16U*CbKVbN
[2026-10-04 18:21:06.857] [out] [delivery_module] DBG 2026-10-04 18:21:06.857+02:00 Lookup query                               topics="kad-dht find" tid=6050483 peer=16U*JXZN12
[2026-10-04 18:21:06.857] [out] [delivery_module] DBG 2026-10-04 18:21:06.857+02:00 Lookup query                               topics="kad-dht find" tid=6050483 peer=16U*VpJprH
[2026-10-04 18:21:06.858] [out] [delivery_module] DBG 2026-10-04 18:21:06.857+02:00 Lookup query                               topics="kad-dht find" tid=6050483 peer=16U*8rq3kg
[2026-10-04 18:21:06.858] [out] [delivery_module] DBG 2026-10-04 18:21:06.858+02:00 Lookup query                               topics="kad-dht find" tid=6050483 peer=16U*Lqfd15
[2026-10-04 18:21:06.858] [out] [delivery_module] DBG 2026-10-04 18:21:06.858+02:00 Kad lookup: RPC error                      topics="kad-dht find" tid=6050483 peer=16U*VpJprH msg="dialStage: timed out dialing the peer"
[2026-10-04 18:21:07.602] [out] [delivery_module] DBG 2026-10-04 18:21:07.602+02:00 Dialing failed                             topics="libp2p dialer" tid=6050483 description="quic dial timed out after 3s" peerId=16U*RZcwkN address=/ip4/172.20.10.14/udp/49587/quic-v1 hostname=172.20.10.14
[2026-10-04 18:21:07.602] [out] [delivery_module] DBG 2026-10-04 18:21:07.602+02:00 Expanded address and hostname              topics="libp2p dialer" tid=6050483 expandedAddress=/ip4/172.20.10.14/tcp/51590 hostname=172.20.10.14 resolvedAddresses="[/ip4/172.20.10.14/tcp/51590]"
[2026-10-04 18:21:07.603] [out] [delivery_module] DBG 2026-10-04 18:21:07.603+02:00 Dialing failed                             topics="libp2p dialer" tid=6050483 description="quic dial timed out after 3s" peerId=16U*CbKVbN address=/ip4/172.20.10.14/udp/55956/quic-v1 hostname=172.20.10.14
[2026-10-04 18:21:07.603] [out] [delivery_module] DBG 2026-10-04 18:21:07.603+02:00 Expanded address and hostname              topics="libp2p dialer" tid=6050483 expandedAddress=/ip4/172.20.10.14/tcp/51685 hostname=172.20.10.14 resolvedAddresses="[/ip4/172.20.10.14/tcp/51685]"
[2026-10-04 18:21:07.603] [out] [delivery_module] DBG 2026-10-04 18:21:07.603+02:00 Dialing failed                             topics="libp2p dialer" tid=6050483 description="TcpTransport dial error: (61) Connection refused" peerId=16U*RZcwkN address=/ip4/172.20.10.14/tcp/51590 hostname=172.20.10.14
[2026-10-04 18:21:07.603] [out] [delivery_module] DBG 2026-10-04 18:21:07.603+02:00 Error dialing                              topics="libp2p dialer" tid=6050483 conn=nil peerId=16U*RZcwkN protos="[/logos/service-discovery/1.0.0]" addrs="[/ip4/172.20.10.14/udp/49587/quic-v1, /ip4/172.20.10.14/tcp/51590]" description="Unable to establish outgoing link in establishConnection: peer_id=16U*RZcwkN addrs=@[/ip4/172.20.10.14/udp/49587/quic-v1, /ip4/172.20.10.14/tcp/51590]"
[2026-10-04 18:21:07.603] [out] [delivery_module] DBG 2026-10-04 18:21:07.603+02:00 Dialing peer                               topics="libp2p dialer" tid=6050483 peerId=16U*RZcwkN addrs="[/ip4/172.20.10.14/udp/49587/quic-v1, /ip4/172.20.10.14/tcp/51590]"
[2026-10-04 18:21:07.603] [out] [delivery_module] DBG 2026-10-04 18:21:07.603+02:00 Expanded address and hostname              topics="libp2p dialer" tid=6050483 expandedAddress=/ip4/172.20.10.14/udp/49587/quic-v1 hostname=172.20.10.14 resolvedAddresses="[/ip4/172.20.10.14/udp/49587/quic-v1]"
[2026-10-04 18:21:07.604] [out] [delivery_module] DBG 2026-10-04 18:21:07.604+02:00 New connection established: client         tid=6050483
[2026-10-04 18:21:07.604] [out] [delivery_module] DBG 2026-10-04 18:21:07.604+02:00 Dialing failed                             topics="libp2p dialer" tid=6050483 description="TcpTransport dial error: (61) Connection refused" peerId=16U*CbKVbN address=/ip4/172.20.10.14/tcp/51685 hostname=172.20.10.14
[2026-10-04 18:21:07.604] [out] [delivery_module] DBG 2026-10-04 18:21:07.604+02:00 Error dialing                              topics="libp2p dialer" tid=6050483 conn=nil peerId=16U*CbKVbN protos="[/logos/service-discovery/1.0.0]" addrs="[/ip4/172.20.10.14/udp/55956/quic-v1, /ip4/172.20.10.14/tcp/51685]" description="Unable to establish outgoing link in establishConnection: peer_id=16U*CbKVbN addrs=@[/ip4/172.20.10.14/udp/55956/quic-v1, /ip4/172.20.10.14/tcp/51685]"
[2026-10-04 18:21:07.604] [out] [delivery_module] DBG 2026-10-04 18:21:07.604+02:00 Dialing peer                               topics="libp2p dialer" tid=6050483 peerId=16U*CbKVbN addrs="[/ip4/172.20.10.14/udp/55956/quic-v1, /ip4/172.20.10.14/tcp/51685]"
[2026-10-04 18:21:07.604] [out] [delivery_module] DBG 2026-10-04 18:21:07.604+02:00 Expanded address and hostname              topics="libp2p dialer" tid=6050483 expandedAddress=/ip4/172.20.10.14/udp/55956/quic-v1 hostname=172.20.10.14 resolvedAddresses="[/ip4/172.20.10.14/udp/55956/quic-v1]"
[2026-10-04 18:21:07.604] [out] [delivery_module] DBG 2026-10-04 18:21:07.604+02:00 New connection established: client         tid=6050483
[2026-10-04 18:21:07.605] [out] [delivery_module] DBG 2026-10-04 18:21:07.605+02:00 Dialing failed                             topics="libp2p dialer" tid=6050483 description="quic dial timed out after 3s" peerId=16U*JXZN12 address=/ip4/172.20.10.14/udp/62834/quic-v1 hostname=172.20.10.14
[2026-10-04 18:21:07.605] [out] [delivery_module] DBG 2026-10-04 18:21:07.605+02:00 Expanded address and hostname              topics="libp2p dialer" tid=6050483 expandedAddress=/ip4/172.20.10.14/tcp/49738 hostname=172.20.10.14 resolvedAddresses="[/ip4/172.20.10.14/tcp/49738]"
[2026-10-04 18:21:07.605] [out] [delivery_module] DBG 2026-10-04 18:21:07.605+02:00 Dialing failed                             topics="libp2p dialer" tid=6050483 description="quic dial timed out after 3s" peerId=16U*8rq3kg address=/ip4/172.20.10.14/udp/49629/quic-v1 hostname=172.20.10.14
[2026-10-04 18:21:07.605] [out] [delivery_module] DBG 2026-10-04 18:21:07.605+02:00 Dialing failed                             topics="libp2p dialer" tid=6050483 description="TcpTransport dial error: (61) Connection refused" peerId=16U*JXZN12 address=/ip4/172.20.10.14/tcp/49738 hostname=172.20.10.14
[2026-10-04 18:21:07.605] [out] [delivery_module] DBG 2026-10-04 18:21:07.605+02:00 Expanded address and hostname              topics="libp2p dialer" tid=6050483 expandedAddress=/ip4/172.20.10.14/tcp/50996 hostname=172.20.10.14 resolvedAddresses="[/ip4/172.20.10.14/tcp/50996]"
[2026-10-04 18:21:07.605] [out] [delivery_module] DBG 2026-10-04 18:21:07.605+02:00 Error dialing                              topics="libp2p dialer" tid=6050483 conn=nil peerId=16U*JXZN12 protos="[/logos/service-discovery/1.0.0]" addrs="[/ip4/172.20.10.14/udp/62834/quic-v1, /ip4/172.20.10.14/tcp/49738]" description="Unable to establish outgoing link in establishConnection: peer_id=16U*JXZN12 addrs=@[/ip4/172.20.10.14/udp/62834/quic-v1, /ip4/172.20.10.14/tcp/49738]"
[2026-10-04 18:21:07.605] [out] [delivery_module] DBG 2026-10-04 18:21:07.605+02:00 Dialing peer                               topics="libp2p dialer" tid=6050483 peerId=16U*JXZN12 addrs="[/ip4/172.20.10.14/udp/62834/quic-v1, /ip4/172.20.10.14/tcp/49738]"
[2026-10-04 18:21:07.606] [out] [delivery_module] DBG 2026-10-04 18:21:07.606+02:00 Expanded address and hostname              topics="libp2p dialer" tid=6050483 expandedAddress=/ip4/172.20.10.14/udp/62834/quic-v1 hostname=172.20.10.14 resolvedAddresses="[/ip4/172.20.10.14/udp/62834/quic-v1]"
[2026-10-04 18:21:07.606] [out] [delivery_module] DBG 2026-10-04 18:21:07.606+02:00 New connection established: client         tid=6050483
[2026-10-04 18:21:07.606] [out] [delivery_module] DBG 2026-10-04 18:21:07.606+02:00 Dialing failed                             topics="libp2p dialer" tid=6050483 description="TcpTransport dial error: (61) Connection refused" peerId=16U*8rq3kg address=/ip4/172.20.10.14/tcp/50996 hostname=172.20.10.14
[2026-10-04 18:21:07.606] [out] [delivery_module] DBG 2026-10-04 18:21:07.606+02:00 Error dialing                              topics="libp2p dialer" tid=6050483 conn=nil peerId=16U*8rq3kg protos="[/logos/service-discovery/1.0.0]" addrs="[/ip4/172.20.10.14/udp/49629/quic-v1, /ip4/172.20.10.14/tcp/50996]" description="Unable to establish outgoing link in establishConnection: peer_id=16U*8rq3kg addrs=@[/ip4/172.20.10.14/udp/49629/quic-v1, /ip4/172.20.10.14/tcp/50996]"
[2026-10-04 18:21:07.606] [out] [delivery_module] DBG 2026-10-04 18:21:07.606+02:00 Dialing peer                               topics="libp2p dialer" tid=6050483 peerId=16U*8rq3kg addrs="[/ip4/172.20.10.14/udp/49629/quic-v1, /ip4/172.20.10.14/tcp/50996]"
[2026-10-04 18:21:07.606] [out] [delivery_module] DBG 2026-10-04 18:21:07.606+02:00 Expanded address and hostname              topics="libp2p dialer" tid=6050483 expandedAddress=/ip4/172.20.10.14/udp/49629/quic-v1 hostname=172.20.10.14 resolvedAddresses="[/ip4/172.20.10.14/udp/49629/quic-v1]"
[2026-10-04 18:21:07.606] [out] [delivery_module] DBG 2026-10-04 18:21:07.606+02:00 New connection established: client         tid=6050483
[2026-10-04 18:21:07.606] [out] [delivery_module] DBG 2026-10-04 18:21:07.606+02:00 Dialing failed                             topics="libp2p dialer" tid=6050483 description="quic dial timed out after 3s" peerId=16U*Lqfd15 address=/ip4/172.20.10.14/udp/62334/quic-v1 hostname=172.20.10.14
[2026-10-04 18:21:07.606] [out] [delivery_module] DBG 2026-10-04 18:21:07.606+02:00 Expanded address and hostname              topics="libp2p dialer" tid=6050483 expandedAddress=/ip4/172.20.10.14/tcp/65350 hostname=172.20.10.14 resolvedAddresses="[/ip4/172.20.10.14/tcp/65350]"
[2026-10-04 18:21:07.607] [out] [delivery_module] DBG 2026-10-04 18:21:07.607+02:00 Dialing failed                             topics="libp2p dialer" tid=6050483 description="TcpTransport dial error: (61) Connection refused" peerId=16U*Lqfd15 address=/ip4/172.20.10.14/tcp/65350 hostname=172.20.10.14
[2026-10-04 18:21:07.607] [out] [delivery_module] DBG 2026-10-04 18:21:07.607+02:00 Error dialing                              topics="libp2p dialer" tid=6050483 conn=nil peerId=16U*Lqfd15 protos="[/logos/service-discovery/1.0.0]" addrs="[/ip4/172.20.10.14/udp/62334/quic-v1, /ip4/172.20.10.14/tcp/65350]" description="Unable to establish outgoing link in establishConnection: peer_id=16U*Lqfd15 addrs=@[/ip4/172.20.10.14/udp/62334/quic-v1, /ip4/172.20.10.14/tcp/65350]"
[2026-10-04 18:21:07.607] [out] [delivery_module] DBG 2026-10-04 18:21:07.607+02:00 Dialing peer                               topics="libp2p dialer" tid=6050483 peerId=16U*Lqfd15 addrs="[/ip4/172.20.10.14/udp/62334/quic-v1, /ip4/172.20.10.14/tcp/65350]"
[2026-10-04 18:21:07.607] [out] [delivery_module] DBG 2026-10-04 18:21:07.607+02:00 Expanded address and hostname              topics="libp2p dialer" tid=6050483 expandedAddress=/ip4/172.20.10.14/udp/62334/quic-v1 hostname=172.20.10.14 resolvedAddresses="[/ip4/172.20.10.14/udp/62334/quic-v1]"
[2026-10-04 18:21:07.607] [out] [delivery_module] DBG 2026-10-04 18:21:07.607+02:00 New connection established: client         tid=6050483
[2026-10-04 18:21:10.606] [out] [delivery_module] DBG 2026-10-04 18:21:10.606+02:00 Dialing failed                             topics="libp2p dialer" tid=6050483 description="quic dial timed out after 3s" peerId=16U*RZcwkN address=/ip4/172.20.10.14/udp/49587/quic-v1 hostname=172.20.10.14
[2026-10-04 18:21:10.606] [out] [delivery_module] DBG 2026-10-04 18:21:10.606+02:00 Dialing failed                             topics="libp2p dialer" tid=6050483 description="quic dial timed out after 3s" peerId=16U*CbKVbN address=/ip4/172.20.10.14/udp/55956/quic-v1 hostname=172.20.10.14
[2026-10-04 18:21:10.607] [out] [delivery_module] DBG 2026-10-04 18:21:10.607+02:00 Expanded address and hostname              topics="libp2p dialer" tid=6050483 expandedAddress=/ip4/172.20.10.14/tcp/51590 hostname=172.20.10.14 resolvedAddresses="[/ip4/172.20.10.14/tcp/51590]"
[2026-10-04 18:21:10.610] [out] [delivery_module] DBG 2026-10-04 18:21:10.610+02:00 Expanded address and hostname              topics="libp2p dialer" tid=6050483 expandedAddress=/ip4/172.20.10.14/tcp/51685 hostname=172.20.10.14 resolvedAddresses="[/ip4/172.20.10.14/tcp/51685]"
[2026-10-04 18:21:10.611] [out] [delivery_module] DBG 2026-10-04 18:21:10.611+02:00 Dialing failed                             topics="libp2p dialer" tid=6050483 description="TcpTransport dial error: (61) Connection refused" peerId=16U*RZcwkN address=/ip4/172.20.10.14/tcp/51590 hostname=172.20.10.14
[2026-10-04 18:21:10.611] [out] [delivery_module] DBG 2026-10-04 18:21:10.611+02:00 Dialing failed                             topics="libp2p dialer" tid=6050483 description="TcpTransport dial error: (61) Connection refused" peerId=16U*CbKVbN address=/ip4/172.20.10.14/tcp/51685 hostname=172.20.10.14
[2026-10-04 18:21:10.611] [out] [delivery_module] DBG 2026-10-04 18:21:10.611+02:00 Dialing failed                             topics="libp2p dialer" tid=6050483 description="quic dial timed out after 3s" peerId=16U*JXZN12 address=/ip4/172.20.10.14/udp/62834/quic-v1 hostname=172.20.10.14
[2026-10-04 18:21:10.611] [out] [delivery_module] DBG 2026-10-04 18:21:10.611+02:00 Dialing failed                             topics="libp2p dialer" tid=6050483 description="quic dial timed out after 3s" peerId=16U*8rq3kg address=/ip4/172.20.10.14/udp/49629/quic-v1 hostname=172.20.10.14
[2026-10-04 18:21:10.612] [out] [delivery_module] DBG 2026-10-04 18:21:10.611+02:00 Expanded address and hostname              topics="libp2p dialer" tid=6050483 expandedAddress=/ip4/172.20.10.14/tcp/49738 hostname=172.20.10.14 resolvedAddresses="[/ip4/172.20.10.14/tcp/49738]"
[2026-10-04 18:21:10.612] [out] [delivery_module] DBG 2026-10-04 18:21:10.612+02:00 Expanded address and hostname              topics="libp2p dialer" tid=6050483 expandedAddress=/ip4/172.20.10.14/tcp/50996 hostname=172.20.10.14 resolvedAddresses="[/ip4/172.20.10.14/tcp/50996]"
[2026-10-04 18:21:10.613] [out] [delivery_module] DBG 2026-10-04 18:21:10.613+02:00 Dialing failed                             topics="libp2p dialer" tid=6050483 description="quic dial timed out after 3s" peerId=16U*Lqfd15 address=/ip4/172.20.10.14/udp/62334/quic-v1 hostname=172.20.10.14
[2026-10-04 18:21:10.613] [out] [delivery_module] DBG 2026-10-04 18:21:10.613+02:00 Error dialing                              topics="libp2p dialer" tid=6050483 conn=nil peerId=16U*RZcwkN protos="[/logos/service-discovery/1.0.0]" addrs="[/ip4/172.20.10.14/udp/49587/quic-v1, /ip4/172.20.10.14/tcp/51590]" description="Unable to establish outgoing link in establishConnection: peer_id=16U*RZcwkN addrs=@[/ip4/172.20.10.14/udp/49587/quic-v1, /ip4/172.20.10.14/tcp/51590]"
[2026-10-04 18:21:10.613] [out] [delivery_module] DBG 2026-10-04 18:21:10.613+02:00 Error dialing                              topics="libp2p dialer" tid=6050483 conn=nil peerId=16U*CbKVbN protos="[/logos/service-discovery/1.0.0]" addrs="[/ip4/172.20.10.14/udp/55956/quic-v1, /ip4/172.20.10.14/tcp/51685]" description="Unable to establish outgoing link in establishConnection: peer_id=16U*CbKVbN addrs=@[/ip4/172.20.10.14/udp/55956/quic-v1, /ip4/172.20.10.14/tcp/51685]"
[2026-10-04 18:21:10.613] [out] [delivery_module] DBG 2026-10-04 18:21:10.613+02:00 Expanded address and hostname              topics="libp2p dialer" tid=6050483 expandedAddress=/ip4/172.20.10.14/tcp/65350 hostname=172.20.10.14 resolvedAddresses="[/ip4/172.20.10.14/tcp/65350]"
[2026-10-04 18:21:10.614] [out] [delivery_module] DBG 2026-10-04 18:21:10.614+02:00 Dialing failed                             topics="libp2p dialer" tid=6050483 description="TcpTransport dial error: (61) Connection refused" peerId=16U*JXZN12 address=/ip4/172.20.10.14/tcp/49738 hostname=172.20.10.14
[2026-10-04 18:21:10.614] [out] [delivery_module] DBG 2026-10-04 18:21:10.614+02:00 Dialing failed                             topics="libp2p dialer" tid=6050483 description="TcpTransport dial error: (61) Connection refused" peerId=16U*8rq3kg address=/ip4/172.20.10.14/tcp/50996 hostname=172.20.10.14
[2026-10-04 18:21:10.614] [out] [delivery_module] DBG 2026-10-04 18:21:10.614+02:00 Dialing failed                             topics="libp2p dialer" tid=6050483 description="TcpTransport dial error: (61) Connection refused" peerId=16U*Lqfd15 address=/ip4/172.20.10.14/tcp/65350 hostname=172.20.10.14
[2026-10-04 18:21:10.614] [out] [delivery_module] DBG 2026-10-04 18:21:10.614+02:00 Error dialing                              topics="libp2p dialer" tid=6050483 conn=nil peerId=16U*JXZN12 protos="[/logos/service-discovery/1.0.0]" addrs="[/ip4/172.20.10.14/udp/62834/quic-v1, /ip4/172.20.10.14/tcp/49738]" description="Unable to establish outgoing link in establishConnection: peer_id=16U*JXZN12 addrs=@[/ip4/172.20.10.14/udp/62834/quic-v1, /ip4/172.20.10.14/tcp/49738]"
[2026-10-04 18:21:10.614] [out] [delivery_module] DBG 2026-10-04 18:21:10.614+02:00 Error dialing                              topics="libp2p dialer" tid=6050483 conn=nil peerId=16U*8rq3kg protos="[/logos/service-discovery/1.0.0]" addrs="[/ip4/172.20.10.14/udp/49629/quic-v1, /ip4/172.20.10.14/tcp/50996]" description="Unable to establish outgoing link in establishConnection: peer_id=16U*8rq3kg addrs=@[/ip4/172.20.10.14/udp/49629/quic-v1, /ip4/172.20.10.14/tcp/50996]"
[2026-10-04 18:21:10.614] [out] [delivery_module] DBG 2026-10-04 18:21:10.614+02:00 Error dialing                              topics="libp2p dialer" tid=6050483 conn=nil peerId=16U*Lqfd15 protos="[/logos/service-discovery/1.0.0]" addrs="[/ip4/172.20.10.14/udp/62334/quic-v1, /ip4/172.20.10.14/tcp/65350]" description="Unable to establish outgoing link in establishConnection: peer_id=16U*Lqfd15 addrs=@[/ip4/172.20.10.14/udp/62334/quic-v1, /ip4/172.20.10.14/tcp/65350]"
[2026-10-04 18:21:10.615] [out] [delivery_module] DBG 2026-10-04 18:21:10.615+02:00 Lookup query                               topics="kad-dht find" tid=6050483 peer=16U*33uyAY
[2026-10-04 18:21:10.615] [out] [delivery_module] DBG 2026-10-04 18:21:10.615+02:00 Lookup query                               topics="kad-dht find" tid=6050483 peer=16U*nd1vDS
[2026-10-04 18:21:10.615] [out] [delivery_module] DBG 2026-10-04 18:21:10.615+02:00 Lookup query                               topics="kad-dht find" tid=6050483 peer=16U*2pfeoX
[2026-10-04 18:21:10.615] [out] [delivery_module] DBG 2026-10-04 18:21:10.615+02:00 Lookup query                               topics="kad-dht find" tid=6050483 peer=16U*oWQB23
[2026-10-04 18:21:10.865] [out] [delivery_module] DBG 2026-10-04 18:21:10.865+02:00 Finished dialing multiple peers            tid=6050483 successfulConns=5 attempted=6
[2026-10-04 18:21:10.866] [out] [delivery_module] DBG 2026-10-04 18:21:10.866+02:00 Dialing multiple peers                     topics="waku node peer_manager" tid=6050483 numOfPeers=9 nodes="@[16Uiu2HAmMbCcrH3yM2S3FtAmrYi7iktvbvxujHFXagfUnj8rq3kg, 16Uiu2HAm1xxiN1EJgFE7buHWW6WVEWAofJ91YizfcAUU8PoWQB23, 16Uiu2HAmLDT687jSSK2WL9MbEeJDzEuZNzbJkFK91Rp8XoJXZN12, 16Uiu2HAmNkAqK5qpyC2yxPAhH1pngYWtmr7eSPggN9ucSDLqfd15, 16Uiu2HAm75mHYCn97YHQ3auieTYohvJU9d3WGyGBAjnVc32pfeoX, 16Uiu2HAm2bjkiKGPjsa8b61DVaX8yRgEu6TAnt5wdJDj94nd1vDS, 16Uiu2HAm7u8dLdzqHYnpKoSyHP5oF1CLX25VXXmEQgsKMf33uyAY, 16Uiu2HAm5tUZ3UnzroDedb2R3y73dKdfWjUULQS8wnpq62CbKVbN, 16Uiu2HAm3FQwb18rWMNZfewr4JEc8wFfX3G4HowCg9nXrtRZcwkN]"
[2026-10-04 18:21:10.866] [out] [delivery_module] DBG 2026-10-04 18:21:10.866+02:00 Dialing peer                               topics="libp2p dialer" tid=6050483 peerId=16U*8rq3kg addrs="[/ip4/172.20.10.14/udp/49629/quic-v1, /ip4/172.20.10.14/tcp/50996]"
[2026-10-04 18:21:10.866] [out] [delivery_module] DBG 2026-10-04 18:21:10.866+02:00 Expanded address and hostname              topics="libp2p dialer" tid=6050483 expandedAddress=/ip4/172.20.10.14/udp/49629/quic-v1 hostname=172.20.10.14 resolvedAddresses="[/ip4/172.20.10.14/udp/49629/quic-v1]"
[2026-10-04 18:21:10.866] [out] [delivery_module] DBG 2026-10-04 18:21:10.866+02:00 New connection established: client         tid=6050483
[2026-10-04 18:21:10.866] [out] [delivery_module] DBG 2026-10-04 18:21:10.866+02:00 Dialing peer                               topics="libp2p dialer" tid=6050483 peerId=16U*JXZN12 addrs="[/ip4/172.20.10.14/udp/62834/quic-v1, /ip4/172.20.10.14/tcp/49738]"
[2026-10-04 18:21:10.866] [out] [delivery_module] DBG 2026-10-04 18:21:10.866+02:00 Expanded address and hostname              topics="libp2p dialer" tid=6050483 expandedAddress=/ip4/172.20.10.14/udp/62834/quic-v1 hostname=172.20.10.14 resolvedAddresses="[/ip4/172.20.10.14/udp/62834/quic-v1]"
[2026-10-04 18:21:10.867] [out] [delivery_module] DBG 2026-10-04 18:21:10.866+02:00 New connection established: client         tid=6050483
[2026-10-04 18:21:10.867] [out] [delivery_module] DBG 2026-10-04 18:21:10.867+02:00 Dialing peer                               topics="libp2p dialer" tid=6050483 peerId=16U*Lqfd15 addrs="[/ip4/172.20.10.14/udp/62334/quic-v1, /ip4/172.20.10.14/tcp/65350]"
[2026-10-04 18:21:10.867] [out] [delivery_module] DBG 2026-10-04 18:21:10.867+02:00 Expanded address and hostname              topics="libp2p dialer" tid=6050483 expandedAddress=/ip4/172.20.10.14/udp/62334/quic-v1 hostname=172.20.10.14 resolvedAddresses="[/ip4/172.20.10.14/udp/62334/quic-v1]"
[2026-10-04 18:21:10.867] [out] [delivery_module] DBG 2026-10-04 18:21:10.867+02:00 New connection established: client         tid=6050483
[2026-10-04 18:21:10.867] [out] [delivery_module] DBG 2026-10-04 18:21:10.867+02:00 Dialing peer                               topics="libp2p dialer" tid=6050483 peerId=16U*CbKVbN addrs="[/ip4/172.20.10.14/udp/55956/quic-v1, /ip4/172.20.10.14/tcp/51685]"
[2026-10-04 18:21:10.867] [out] [delivery_module] DBG 2026-10-04 18:21:10.867+02:00 Expanded address and hostname              topics="libp2p dialer" tid=6050483 expandedAddress=/ip4/172.20.10.14/udp/55956/quic-v1 hostname=172.20.10.14 resolvedAddresses="[/ip4/172.20.10.14/udp/55956/quic-v1]"
[2026-10-04 18:21:10.867] [out] [delivery_module] DBG 2026-10-04 18:21:10.867+02:00 New connection established: client         tid=6050483
[2026-10-04 18:21:10.867] [out] [delivery_module] DBG 2026-10-04 18:21:10.867+02:00 Dialing peer                               topics="libp2p dialer" tid=6050483 peerId=16U*RZcwkN addrs="[/ip4/172.20.10.14/udp/49587/quic-v1, /ip4/172.20.10.14/tcp/51590]"
[2026-10-04 18:21:10.867] [out] [delivery_module] DBG 2026-10-04 18:21:10.867+02:00 Expanded address and hostname              topics="libp2p dialer" tid=6050483 expandedAddress=/ip4/172.20.10.14/udp/49587/quic-v1 hostname=172.20.10.14 resolvedAddresses="[/ip4/172.20.10.14/udp/49587/quic-v1]"
[2026-10-04 18:21:10.868] [out] [delivery_module] DBG 2026-10-04 18:21:10.868+02:00 New connection established: client         tid=6050483
[2026-10-04 18:21:10.868] [out] [delivery_module] INF 2026-10-04 18:21:10.868+02:00 Relay peer connections                     topics="waku node peer_manager" tid=6050483 inRelayConns=0/50 outRelayConns=6/25 totalConnections=6/150 notConnectedPeers=10 outsideBackoffPeers=9
[2026-10-04 18:21:10.869] [out] [delivery_module] DBG 2026-10-04 18:21:10.869+02:00 ENR addresses updated                      topics="waku enr" tid=6050483 retained=0 total=0
[2026-10-04 18:21:10.869] [out] [delivery_module] DBG 2026-10-04 18:21:10.869+02:00 Subscribing to pubsub topic                topics="waku relay" tid=6050483 pubsubTopic=/waku/2/rs/3/0
[2026-10-04 18:21:10.869] [out] [delivery_module] DBG 2026-10-04 18:21:10.869+02:00 peer filtering updated                     topics="waku discv5" tid=6050483
[2026-10-04 18:21:10.869] [out] [delivery_module] DBG 2026-10-04 18:21:10.869+02:00 ENR shards updated                         topics="waku discv5" tid=6050483 enrUri=enr:-K24QFDZrr7DvqrhFb3oGm4kco0Ru3iZFeYLwmkUuKYWPlbtGgQohnqbdJhvE6ZtXpq_s-BJhyl3NcmL1x2DhfwJB2MHgmlkgnY0im11bHRpYWRkcnOAgnJzkwADCAAAAAEAAgADAAQABQAGAAeJc2VjcDI1NmsxoQKGq-_NyJh-ZC3_5cve-yvUuwNl48MyomnRMiZ0_8loiIN0Y3CCy6yDdWRwgt16hXdha3UyLQ add=true
[2026-10-04 18:21:10.869] [out] [delivery_module] DBG 2026-10-04 18:21:10.869+02:00 Subscribing to pubsub topic                topics="waku relay" tid=6050483 pubsubTopic=/waku/2/rs/3/1
[2026-10-04 18:21:10.870] [out] [delivery_module] DBG 2026-10-04 18:21:10.870+02:00 peer filtering updated                     topics="waku discv5" tid=6050483
[2026-10-04 18:21:10.870] [out] [delivery_module] DBG 2026-10-04 18:21:10.870+02:00 ENR shards updated                         topics="waku discv5" tid=6050483 enrUri=enr:-K24QC1h6SU8sKQN-EUuLkfhG-8WS_MUFS46mOSZzWLE8wAEcrZNZGbASlujzw-8M45xk5n_TLiaap1T7T2yIRzxByUIgmlkgnY0im11bHRpYWRkcnOAgnJzkwADCAAAAAEAAgADAAQABQAGAAeJc2VjcDI1NmsxoQKGq-_NyJh-ZC3_5cve-yvUuwNl48MyomnRMiZ0_8loiIN0Y3CCy6yDdWRwgt16hXdha3UyLQ add=true
[2026-10-04 18:21:10.870] [out] [delivery_module] DBG 2026-10-04 18:21:10.870+02:00 Subscribing to pubsub topic                topics="waku relay" tid=6050483 pubsubTopic=/waku/2/rs/3/2
[2026-10-04 18:21:10.870] [out] [delivery_module] DBG 2026-10-04 18:21:10.870+02:00 peer filtering updated                     topics="waku discv5" tid=6050483
[2026-10-04 18:21:10.870] [out] [delivery_module] DBG 2026-10-04 18:21:10.870+02:00 ENR shards updated                         topics="waku discv5" tid=6050483 enrUri=enr:-K24QENM3xlnhdIldqeXExc0tT53M2LH0jlku0MbkpKvADL8M6G7SjB7ygYEufvtCiZjBjcwdUfFePMQbu8u2piu4RIJgmlkgnY0im11bHRpYWRkcnOAgnJzkwADCAAAAAEAAgADAAQABQAGAAeJc2VjcDI1NmsxoQKGq-_NyJh-ZC3_5cve-yvUuwNl48MyomnRMiZ0_8loiIN0Y3CCy6yDdWRwgt16hXdha3UyLQ add=true
[2026-10-04 18:21:10.870] [out] [delivery_module] DBG 2026-10-04 18:21:10.870+02:00 Subscribing to pubsub topic                topics="waku relay" tid=6050483 pubsubTopic=/waku/2/rs/3/3
[2026-10-04 18:21:10.870] [out] [delivery_module] DBG 2026-10-04 18:21:10.870+02:00 peer filtering updated                     topics="waku discv5" tid=6050483
[2026-10-04 18:21:10.870] [out] [delivery_module] DBG 2026-10-04 18:21:10.870+02:00 ENR shards updated                         topics="waku discv5" tid=6050483 enrUri=enr:-K24QPDTnMDsvRpHOQDc5AwjikDmEz0O05CUAMxh_D-uEY6ecMjsWihLJBH43lvM0IT9wNvTKf6dly4eaf4Gt0aXeiUKgmlkgnY0im11bHRpYWRkcnOAgnJzkwADCAAAAAEAAgADAAQABQAGAAeJc2VjcDI1NmsxoQKGq-_NyJh-ZC3_5cve-yvUuwNl48MyomnRMiZ0_8loiIN0Y3CCy6yDdWRwgt16hXdha3UyLQ add=true
[2026-10-04 18:21:10.870] [out] [delivery_module] DBG 2026-10-04 18:21:10.870+02:00 Subscribing to pubsub topic                topics="waku relay" tid=6050483 pubsubTopic=/waku/2/rs/3/4
[2026-10-04 18:21:10.870] [out] [delivery_module] DBG 2026-10-04 18:21:10.870+02:00 peer filtering updated                     topics="waku discv5" tid=6050483
[2026-10-04 18:21:10.870] [out] [delivery_module] DBG 2026-10-04 18:21:10.870+02:00 ENR shards updated                         topics="waku discv5" tid=6050483 enrUri=enr:-K24QMcqusgn-NlvSEc1YRNqpTUDYhnjQLUTDFDUbK5ba0R4XmTMZpRjh4M1o9DLq8lpS6PKTxVnaFUTHoeJbbuQmocLgmlkgnY0im11bHRpYWRkcnOAgnJzkwADCAAAAAEAAgADAAQABQAGAAeJc2VjcDI1NmsxoQKGq-_NyJh-ZC3_5cve-yvUuwNl48MyomnRMiZ0_8loiIN0Y3CCy6yDdWRwgt16hXdha3UyLQ add=true
[2026-10-04 18:21:10.870] [out] [delivery_module] DBG 2026-10-04 18:21:10.870+02:00 Subscribing to pubsub topic                topics="waku relay" tid=6050483 pubsubTopic=/waku/2/rs/3/5
[2026-10-04 18:21:10.871] [out] [delivery_module] DBG 2026-10-04 18:21:10.871+02:00 peer filtering updated                     topics="waku discv5" tid=6050483
[2026-10-04 18:21:10.871] [out] [delivery_module] DBG 2026-10-04 18:21:10.871+02:00 ENR shards updated                         topics="waku discv5" tid=6050483 enrUri=enr:-K24QKttg8nUutTJ2siisYAXu2HsKLBV7ck3SiY-4Tij5wBeWiiJlgwL0FVGZddKtG6P6NwUYOai5ZtnFCZfeCvShlEMgmlkgnY0im11bHRpYWRkcnOAgnJzkwADCAAAAAEAAgADAAQABQAGAAeJc2VjcDI1NmsxoQKGq-_NyJh-ZC3_5cve-yvUuwNl48MyomnRMiZ0_8loiIN0Y3CCy6yDdWRwgt16hXdha3UyLQ add=true
[2026-10-04 18:21:10.871] [out] [delivery_module] DBG 2026-10-04 18:21:10.871+02:00 Subscribing to pubsub topic                topics="waku relay" tid=6050483 pubsubTopic=/waku/2/rs/3/6
[2026-10-04 18:21:10.871] [out] [delivery_module] DBG 2026-10-04 18:21:10.871+02:00 peer filtering updated                     topics="waku discv5" tid=6050483
[2026-10-04 18:21:10.871] [out] [delivery_module] DBG 2026-10-04 18:21:10.871+02:00 ENR shards updated                         topics="waku discv5" tid=6050483 enrUri=enr:-K24QCfiFCgvPkTRKCvn-gJbuTSLNnOArYhP7oEIFesqblNObRUINvg35Msy35VyFrIHFe0F0J6wdNWhALUUFmnWb3sNgmlkgnY0im11bHRpYWRkcnOAgnJzkwADCAAAAAEAAgADAAQABQAGAAeJc2VjcDI1NmsxoQKGq-_NyJh-ZC3_5cve-yvUuwNl48MyomnRMiZ0_8loiIN0Y3CCy6yDdWRwgt16hXdha3UyLQ add=true
[2026-10-04 18:21:10.871] [out] [delivery_module] NTC 2026-10-04 18:21:10.871+02:00 ENR carries no reachable host, so peers cannot dial this node. Set --nat, --ext-ip, --dns4-domain-name or --ext-multiaddr to advertise one topics="wakunode waku" tid=6050483
[2026-10-04 18:21:10.871] [out] [delivery_module] DBG 2026-10-04 18:21:10.871+02:00 register interest                          topics="service-disco discoverer" tid=6050483 service=/logos/delivery serviceId=key:E6738033B5D413D13CF58622CEB4EF8F392E8D4EB073B56A5486CB0431B2F5D8
[2026-10-04 18:21:10.871] [out] [delivery_module] DBG 2026-10-04 18:21:10.871+02:00 Lookup query                               topics="kad-dht find" tid=6050483 peer=16U*P1S397
[2026-10-04 18:21:10.871] [out] [delivery_module] DBG 2026-10-04 18:21:10.871+02:00 Lookup query                               topics="kad-dht find" tid=6050483 peer=16U*T3UNSE
[2026-10-04 18:21:10.871] [out] [delivery_module] DBG 2026-10-04 18:21:10.871+02:00 Lookup query                               topics="kad-dht find" tid=6050483 peer=16U*VpJprH
[2026-10-04 18:21:10.871] [out] [delivery_module] DBG 2026-10-04 18:21:10.871+02:00 Lookup query                               topics="kad-dht find" tid=6050483 peer=16U*kGyuEP
[2026-10-04 18:21:10.871] [out] [delivery_module] DBG 2026-10-04 18:21:10.871+02:00 Lookup query                               topics="kad-dht find" tid=6050483 peer=16U*iSrhve
[2026-10-04 18:21:10.871] [out] [delivery_module] DBG 2026-10-04 18:21:10.871+02:00 Lookup query                               topics="kad-dht find" tid=6050483 peer=16U*NSkuby
[2026-10-04 18:21:10.871] [out] [delivery_module] DBG 2026-10-04 18:21:10.871+02:00 Lookup query                               topics="kad-dht find" tid=6050483 peer=16U*TwqBiH
[2026-10-04 18:21:10.871] [out] [delivery_module] DBG 2026-10-04 18:21:10.871+02:00 Added service to discover                  topics="waku service discovery" tid=6050483 service=/logos/delivery
[2026-10-04 18:21:10.872] [out] [delivery_module] DBG 2026-10-04 18:21:10.872+02:00 Added provided service                     topics="service-disco advertiser" tid=6050483 service=/logos/delivery serviceId=key:E6738033B5D413D13CF58622CEB4EF8F392E8D4EB073B56A5486CB0431B2F5D8
[2026-10-04 18:21:10.872] [out] [delivery_module] DBG 2026-10-04 18:21:10.872+02:00 Cannot insert self in routing table        topics="kad-dht rtable" tid=6050483 nodeId=key:0025080212210286ABEFCDC8987E642DFFE5CBDEFB2BD4BB0365E3C332A269D1322674FFC96888
[2026-10-04 18:21:10.872] [out] [delivery_module] DBG 2026-10-04 18:21:10.872+02:00 Cannot insert self in routing table        topics="kad-dht rtable" tid=6050483 nodeId=key:0025080212210286ABEFCDC8987E642DFFE5CBDEFB2BD4BB0365E3C332A269D1322674FFC96888
[2026-10-04 18:21:10.873] [out] [delivery_module] DBG 2026-10-04 18:21:10.873+02:00 Added service to advertise                 topics="waku service discovery" tid=6050483 service=/logos/delivery
[2026-10-04 18:21:10.873] [out] [delivery_module] INF 2026-10-04 18:21:10.873+02:00 advertising this node on the delivery network topics="waku discovery advertise" tid=6050483 backend=service protocols="[/vac/waku/relay/2.0.0, /vac/waku/filter-subscribe/2.0.0-beta1, /vac/waku/lightpush/3.0.0, /mix/1.0.0]"
[2026-10-04 18:21:10.873] [out] [delivery_module] DBG 2026-10-04 18:21:10.873+02:00 register interest                          topics="service-disco discoverer" tid=6050483 service=/mix/1.0.0 serviceId=key:913B5C5DBE691438693215140388EC0C7DE80DE328BDE5BD7FC06F90568CEA40
[2026-10-04 18:21:10.873] [out] [delivery_module] DBG 2026-10-04 18:21:10.873+02:00 Lookup query                               topics="kad-dht find" tid=6050483 peer=16U*kGyuEP
[2026-10-04 18:21:10.873] [out] [delivery_module] DBG 2026-10-04 18:21:10.873+02:00 Lookup query                               topics="kad-dht find" tid=6050483 peer=16U*T3UNSE
[2026-10-04 18:21:10.873] [out] [delivery_module] DBG 2026-10-04 18:21:10.873+02:00 Lookup query                               topics="kad-dht find" tid=6050483 peer=16U*P1S397
[2026-10-04 18:21:10.873] [out] [delivery_module] DBG 2026-10-04 18:21:10.873+02:00 Lookup query                               topics="kad-dht find" tid=6050483 peer=16U*VpJprH
[2026-10-04 18:21:10.873] [out] [delivery_module] DBG 2026-10-04 18:21:10.873+02:00 Lookup query                               topics="kad-dht find" tid=6050483 peer=16U*TwqBiH
[2026-10-04 18:21:10.873] [out] [delivery_module] DBG 2026-10-04 18:21:10.873+02:00 Lookup query                               topics="kad-dht find" tid=6050483 peer=16U*iSrhve
[2026-10-04 18:21:10.873] [out] [delivery_module] DBG 2026-10-04 18:21:10.873+02:00 Lookup query                               topics="kad-dht find" tid=6050483 peer=16U*NSkuby
[2026-10-04 18:21:10.873] [out] [delivery_module] DBG 2026-10-04 18:21:10.873+02:00 Added service to discover                  topics="waku service discovery" tid=6050483 service=/mix/1.0.0
[2026-10-04 18:21:10.874] [out] [delivery_module] DBG 2026-10-04 18:21:10.874+02:00 Added provided service                     topics="service-disco advertiser" tid=6050483 service=/mix/1.0.0 serviceId=key:913B5C5DBE691438693215140388EC0C7DE80DE328BDE5BD7FC06F90568CEA40
[2026-10-04 18:21:10.874] [out] [delivery_module] DBG 2026-10-04 18:21:10.874+02:00 Added service to advertise                 topics="waku service discovery" tid=6050483 service=/mix/1.0.0
[2026-10-04 18:21:10.874] [out] [delivery_module] INF 2026-10-04 18:21:10.874+02:00 advertising this node as a mix node        topics="waku discovery advertise" tid=6050483 backend=service
[2026-10-04 18:21:10.874] [out] [delivery_module] INF 2026-10-04 18:21:10.874+02:00 Node is online                             topics="waku online monitor" tid=6050483
[2026-10-04 18:21:10.874] [out] [delivery_module] INF 2026-10-04 18:21:10.874+02:00 Health monitor loop start                  tid=6050483
[2026-10-04 18:21:10.875] [out] [delivery_module] DBG 2026-10-04 18:21:10.875+02:00 calculateConnectionState                   tid=6050483 relayCount=6 storeClientCount=5 lightpushCount=6 filterCount=6
[2026-10-04 18:21:10.875] [out] [delivery_module] DBG 2026-10-04 18:21:10.875+02:00 connectionStatus change                    tid=6050483 oldstatus=Disconnected newstatus=Connected
[2026-10-04 18:21:10.875] [out] [delivery_module] INF 2026-10-04 18:21:10.875+02:00 starting keepalive                         tid=6050483 randomPeersKeepalive=10s allPeersKeepalive=2m
[2026-10-04 18:21:10.875] [out] [delivery_module] DBG 2026-10-04 18:21:10.875+02:00 no listener registered                     tid=6050484 event=onTopicHealthChange
[2026-10-04 18:21:10.875] [out] [delivery_module] DBG 2026-10-04 18:21:10.875+02:00 no listener registered                     tid=6050484 event=onTopicHealthChange
[2026-10-04 18:21:10.875] [out] [delivery_module] DBG 2026-10-04 18:21:10.875+02:00 no listener registered                     tid=6050484 event=onTopicHealthChange
[2026-10-04 18:21:10.876] [out] [delivery_module] DBG 2026-10-04 18:21:10.876+02:00 no listener registered                     tid=6050484 event=onTopicHealthChange
[2026-10-04 18:21:10.876] [out] [delivery_module] DBG 2026-10-04 18:21:10.876+02:00 no listener registered                     tid=6050484 event=onTopicHealthChange
[2026-10-04 18:21:10.876] [out] [delivery_module] DBG 2026-10-04 18:21:10.876+02:00 no listener registered                     tid=6050484 event=onTopicHealthChange
[2026-10-04 18:21:10.876] [out] [delivery_module] DBG 2026-10-04 18:21:10.876+02:00 no listener registered                     tid=6050484 event=onTopicHealthChange
[2026-10-04 18:21:10.880] [out] [delivery_module] DBG 2026-10-04 18:21:10.880+02:00 Lookup query                               topics="kad-dht find" tid=6050483 peer=16U*33uyAY
[2026-10-04 18:21:10.880] [out] [delivery_module] DBG 2026-10-04 18:21:10.880+02:00 Lookup query                               topics="kad-dht find" tid=6050483 peer=16U*VpJprH
[2026-10-04 18:21:10.880] [out] [delivery_module] DBG 2026-10-04 18:21:10.880+02:00 Lookup query                               topics="kad-dht find" tid=6050483 peer=16U*nd1vDS
[2026-10-04 18:21:10.880] [out] [delivery_module] DBG 2026-10-04 18:21:10.880+02:00 Lookup query                               topics="kad-dht find" tid=6050483 peer=16U*2pfeoX
[2026-10-04 18:21:10.880] [out] [delivery_module] DBG 2026-10-04 18:21:10.880+02:00 Lookup query                               topics="kad-dht find" tid=6050483 peer=16U*oWQB23
[2026-10-04 18:21:10.880] [out] [delivery_module] DBG 2026-10-04 18:21:10.880+02:00 Lookup query                               topics="kad-dht find" tid=6050483 peer=16U*iSrhve
[2026-10-04 18:21:10.880] [out] [delivery_module] DBG 2026-10-04 18:21:10.880+02:00 Kad lookup: RPC error                      topics="kad-dht find" tid=6050483 peer=16U*VpJprH msg="dialStage: timed out dialing the peer"
[2026-10-04 18:21:10.881] [out] [delivery_module] DBG 2026-10-04 18:21:10.881+02:00 Kad lookup: RPC error                      topics="kad-dht find" tid=6050483 peer=16U*iSrhve msg="readStage: timed out waiting for reply"
[2026-10-04 18:21:10.978] [out] [delivery_module] DBG 2026-10-04 18:21:10.978+02:00 calculateConnectionState                   tid=6050483 relayCount=6 storeClientCount=5 lightpushCount=6 filterCount=6
[2026-10-04 18:21:11.858] [out] [delivery_module] DBG 2026-10-04 18:21:11.858+02:00 Lookup query                               topics="kad-dht find" tid=6050483 peer=16U*VpJprH
[2026-10-04 18:21:11.859] [out] [delivery_module] DBG 2026-10-04 18:21:11.859+02:00 Kad lookup: RPC error                      topics="kad-dht find" tid=6050483 peer=16U*VpJprH msg="dialStage: timed out dialing the peer"
[2026-10-04 18:21:13.868] [out] [delivery_module] DBG 2026-10-04 18:21:13.868+02:00 Dialing failed                             topics="libp2p dialer" tid=6050483 description="quic dial timed out after 3s" peerId=16U*8rq3kg address=/ip4/172.20.10.14/udp/49629/quic-v1 hostname=172.20.10.14
[2026-10-04 18:21:13.868] [out] [delivery_module] DBG 2026-10-04 18:21:13.868+02:00 Dialing failed                             topics="libp2p dialer" tid=6050483 description="quic dial timed out after 3s" peerId=16U*JXZN12 address=/ip4/172.20.10.14/udp/62834/quic-v1 hostname=172.20.10.14
[2026-10-04 18:21:13.868] [out] [delivery_module] DBG 2026-10-04 18:21:13.868+02:00 Dialing failed                             topics="libp2p dialer" tid=6050483 description="quic dial timed out after 3s" peerId=16U*Lqfd15 address=/ip4/172.20.10.14/udp/62334/quic-v1 hostname=172.20.10.14
[2026-10-04 18:21:13.868] [out] [delivery_module] DBG 2026-10-04 18:21:13.868+02:00 Expanded address and hostname              topics="libp2p dialer" tid=6050483 expandedAddress=/ip4/172.20.10.14/tcp/50996 hostname=172.20.10.14 resolvedAddresses="[/ip4/172.20.10.14/tcp/50996]"
[2026-10-04 18:21:13.868] [out] [delivery_module] DBG 2026-10-04 18:21:13.868+02:00 Expanded address and hostname              topics="libp2p dialer" tid=6050483 expandedAddress=/ip4/172.20.10.14/tcp/49738 hostname=172.20.10.14 resolvedAddresses="[/ip4/172.20.10.14/tcp/49738]"
[2026-10-04 18:21:13.868] [out] [delivery_module] DBG 2026-10-04 18:21:13.868+02:00 Expanded address and hostname              topics="libp2p dialer" tid=6050483 expandedAddress=/ip4/172.20.10.14/tcp/65350 hostname=172.20.10.14 resolvedAddresses="[/ip4/172.20.10.14/tcp/65350]"
[2026-10-04 18:21:13.868] [out] [delivery_module] DBG 2026-10-04 18:21:13.868+02:00 Dialing failed                             topics="libp2p dialer" tid=6050483 description="quic dial timed out after 3s" peerId=16U*CbKVbN address=/ip4/172.20.10.14/udp/55956/quic-v1 hostname=172.20.10.14
[2026-10-04 18:21:13.868] [out] [delivery_module] DBG 2026-10-04 18:21:13.868+02:00 Expanded address and hostname              topics="libp2p dialer" tid=6050483 expandedAddress=/ip4/172.20.10.14/tcp/51685 hostname=172.20.10.14 resolvedAddresses="[/ip4/172.20.10.14/tcp/51685]"
[2026-10-04 18:21:13.868] [out] [delivery_module] DBG 2026-10-04 18:21:13.868+02:00 Dialing failed                             topics="libp2p dialer" tid=6050483 description="TcpTransport dial error: (61) Connection refused" peerId=16U*8rq3kg address=/ip4/172.20.10.14/tcp/50996 hostname=172.20.10.14
[2026-10-04 18:21:13.868] [out] [delivery_module] DBG 2026-10-04 18:21:13.868+02:00 Dialing failed                             topics="libp2p dialer" tid=6050483 description="TcpTransport dial error: (61) Connection refused" peerId=16U*JXZN12 address=/ip4/172.20.10.14/tcp/49738 hostname=172.20.10.14
[2026-10-04 18:21:13.868] [out] [delivery_module] DBG 2026-10-04 18:21:13.868+02:00 Dialing failed                             topics="libp2p dialer" tid=6050483 description="TcpTransport dial error: (61) Connection refused" peerId=16U*Lqfd15 address=/ip4/172.20.10.14/tcp/65350 hostname=172.20.10.14
[2026-10-04 18:21:13.868] [out] [delivery_module] DBG 2026-10-04 18:21:13.868+02:00 Dialing failed                             topics="libp2p dialer" tid=6050483 description="TcpTransport dial error: (61) Connection refused" peerId=16U*CbKVbN address=/ip4/172.20.10.14/tcp/51685 hostname=172.20.10.14
[2026-10-04 18:21:13.869] [out] [delivery_module] DBG 2026-10-04 18:21:13.868+02:00 Dialing failed                             topics="libp2p dialer" tid=6050483 description="quic dial timed out after 3s" peerId=16U*RZcwkN address=/ip4/172.20.10.14/udp/49587/quic-v1 hostname=172.20.10.14
[2026-10-04 18:21:13.869] [out] [delivery_module] DBG 2026-10-04 18:21:13.869+02:00 Expanded address and hostname              topics="libp2p dialer" tid=6050483 expandedAddress=/ip4/172.20.10.14/tcp/51590 hostname=172.20.10.14 resolvedAddresses="[/ip4/172.20.10.14/tcp/51590]"
[2026-10-04 18:21:13.869] [out] [delivery_module] DBG 2026-10-04 18:21:13.869+02:00 Dialing failed                             topics="libp2p dialer" tid=6050483 description="TcpTransport dial error: (61) Connection refused" peerId=16U*RZcwkN address=/ip4/172.20.10.14/tcp/51590 hostname=172.20.10.14
[2026-10-04 18:21:14.866] [out] [delivery_module] DBG 2026-10-04 18:21:14.866+02:00 getting adverts                            topics="service-disco discoverer" tid=6050483 serviceId=key:913B5C5DBE691438693215140388EC0C7DE80DE328BDE5BD7FC06F90568CEA40 registrar=16U*NSkuby
[2026-10-04 18:21:14.867] [out] [delivery_module] DBG 2026-10-04 18:21:14.867+02:00 getting adverts                            topics="service-disco discoverer" tid=6050483 serviceId=key:913B5C5DBE691438693215140388EC0C7DE80DE328BDE5BD7FC06F90568CEA40 registrar=16U*iSrhve
[2026-10-04 18:21:14.867] [out] [delivery_module] DBG 2026-10-04 18:21:14.867+02:00 getting adverts                            topics="service-disco discoverer" tid=6050483 serviceId=key:913B5C5DBE691438693215140388EC0C7DE80DE328BDE5BD7FC06F90568CEA40 registrar=16U*TwqBiH
[2026-10-04 18:21:14.867] [out] [delivery_module] DBG 2026-10-04 18:21:14.867+02:00 getting adverts                            topics="service-disco discoverer" tid=6050483 serviceId=key:913B5C5DBE691438693215140388EC0C7DE80DE328BDE5BD7FC06F90568CEA40 registrar=16U*t5HAoy
[2026-10-04 18:21:14.867] [out] [delivery_module] DBG 2026-10-04 18:21:14.867+02:00 Cannot insert self in routing table        topics="kad-dht rtable" tid=6050483 nodeId=key:0025080212210286ABEFCDC8987E642DFFE5CBDEFB2BD4BB0365E3C332A269D1322674FFC96888
[2026-10-04 18:21:14.867] [out] [delivery_module] DBG 2026-10-04 18:21:14.867+02:00 adverts found                              topics="service-disco discoverer" tid=6050483 serviceId=key:913B5C5DBE691438693215140388EC0C7DE80DE328BDE5BD7FC06F90568CEA40 remote=16U*t5HAoy count=0
[2026-10-04 18:21:14.868] [out] [delivery_module] DBG 2026-10-04 18:21:14.868+02:00 getting adverts                            topics="service-disco discoverer" tid=6050483 serviceId=key:E6738033B5D413D13CF58622CEB4EF8F392E8D4EB073B56A5486CB0431B2F5D8 registrar=16U*iSrhve
[2026-10-04 18:21:14.868] [out] [delivery_module] DBG 2026-10-04 18:21:14.868+02:00 getting adverts                            topics="service-disco discoverer" tid=6050483 serviceId=key:E6738033B5D413D13CF58622CEB4EF8F392E8D4EB073B56A5486CB0431B2F5D8 registrar=16U*NSkuby
[2026-10-04 18:21:14.868] [out] [delivery_module] DBG 2026-10-04 18:21:14.868+02:00 getting adverts                            topics="service-disco discoverer" tid=6050483 serviceId=key:E6738033B5D413D13CF58622CEB4EF8F392E8D4EB073B56A5486CB0431B2F5D8 registrar=16U*TwqBiH
[2026-10-04 18:21:14.868] [out] [delivery_module] DBG 2026-10-04 18:21:14.868+02:00 getting adverts                            topics="service-disco discoverer" tid=6050483 serviceId=key:E6738033B5D413D13CF58622CEB4EF8F392E8D4EB073B56A5486CB0431B2F5D8 registrar=16U*t5HAoy
[2026-10-04 18:21:14.868] [out] [delivery_module] DBG 2026-10-04 18:21:14.868+02:00 Cannot insert self in routing table        topics="kad-dht rtable" tid=6050483 nodeId=key:0025080212210286ABEFCDC8987E642DFFE5CBDEFB2BD4BB0365E3C332A269D1322674FFC96888
[2026-10-04 18:21:14.869] [out] [delivery_module] DBG 2026-10-04 18:21:14.869+02:00 adverts found                              topics="service-disco discoverer" tid=6050483 serviceId=key:E6738033B5D413D13CF58622CEB4EF8F392E8D4EB073B56A5486CB0431B2F5D8 remote=16U*t5HAoy count=1
[2026-10-04 18:21:15.617] [out] [delivery_module] DBG 2026-10-04 18:21:15.617+02:00 Lookup query                               topics="kad-dht find" tid=6050483 peer=16U*33uyAY
[2026-10-04 18:21:15.618] [out] [delivery_module] DBG 2026-10-04 18:21:15.618+02:00 Lookup query                               topics="kad-dht find" tid=6050483 peer=16U*nd1vDS
[2026-10-04 18:21:15.618] [out] [delivery_module] DBG 2026-10-04 18:21:15.618+02:00 Lookup query                               topics="kad-dht find" tid=6050483 peer=16U*2pfeoX
[2026-10-04 18:21:15.618] [out] [delivery_module] DBG 2026-10-04 18:21:15.618+02:00 Lookup query                               topics="kad-dht find" tid=6050483 peer=16U*oWQB23
[2026-10-04 18:21:15.619] [out] [delivery_module] DBG 2026-10-04 18:21:15.619+02:00 Kad lookup: RPC error                      topics="kad-dht find" tid=6050483 peer=16U*33uyAY msg="dialStage: timed out dialing the peer"
[2026-10-04 18:21:15.619] [out] [delivery_module] DBG 2026-10-04 18:21:15.619+02:00 Kad lookup: RPC error                      topics="kad-dht find" tid=6050483 peer=16U*nd1vDS msg="dialStage: timed out dialing the peer"
[2026-10-04 18:21:15.619] [out] [delivery_module] DBG 2026-10-04 18:21:15.619+02:00 Kad lookup: RPC error                      topics="kad-dht find" tid=6050483 peer=16U*2pfeoX msg="dialStage: timed out dialing the peer"
[2026-10-04 18:21:15.619] [out] [delivery_module] DBG 2026-10-04 18:21:15.619+02:00 Kad lookup: RPC error                      topics="kad-dht find" tid=6050483 peer=16U*oWQB23 msg="dialStage: timed out dialing the peer"
[2026-10-04 18:21:15.872] [out] [delivery_module] DBG 2026-10-04 18:21:15.872+02:00 ENR addresses updated                      topics="waku enr" tid=6050483 retained=0 total=0
[2026-10-04 18:21:15.872] [out] [delivery_module] INF 2026-10-04 18:21:15.872+02:00 ENR reconciled with the discv5 record      topics="wakunode waku" tid=6050483 enr=enr:-K24QAIo3dNE9IW81HTJ0sb32bTp4kKNuQ-Br7TdH8HLLBQqXxD1tmvwdbAH6OyB0986b6y3ahEBq8rUbk6HGMm5LxEOgmlkgnY0im11bHRpYWRkcnOAgnJzkwADCAAAAAEAAgADAAQABQAGAAeJc2VjcDI1NmsxoQKGq-_NyJh-ZC3_5cve-yvUuwNl48MyomnRMiZ0_8loiIN0Y3CCy6yDdWRwgt16hXdha3UyLQ
[2026-10-04 18:21:15.872] [out] [delivery_module] DBG 2026-10-04 18:21:15.872+02:00 Lookup query                               topics="kad-dht find" tid=6050483 peer=16U*P1S397
[2026-10-04 18:21:15.873] [out] [delivery_module] DBG 2026-10-04 18:21:15.872+02:00 Lookup query                               topics="kad-dht find" tid=6050483 peer=16U*T3UNSE
[2026-10-04 18:21:15.873] [out] [delivery_module] DBG 2026-10-04 18:21:15.873+02:00 Lookup query                               topics="kad-dht find" tid=6050483 peer=16U*VpJprH
[2026-10-04 18:21:15.873] [out] [delivery_module] DBG 2026-10-04 18:21:15.873+02:00 Lookup query                               topics="kad-dht find" tid=6050483 peer=16U*kGyuEP
[2026-10-04 18:21:15.873] [out] [delivery_module] DBG 2026-10-04 18:21:15.873+02:00 Lookup query                               topics="kad-dht find" tid=6050483 peer=16U*iSrhve
[2026-10-04 18:21:15.873] [out] [delivery_module] DBG 2026-10-04 18:21:15.873+02:00 Lookup query                               topics="kad-dht find" tid=6050483 peer=16U*NSkuby
[2026-10-04 18:21:15.873] [out] [delivery_module] DBG 2026-10-04 18:21:15.873+02:00 Lookup query                               topics="kad-dht find" tid=6050483 peer=16U*TwqBiH
[2026-10-04 18:21:15.873] [out] [delivery_module] DBG 2026-10-04 18:21:15.873+02:00 Kad lookup: RPC error                      topics="kad-dht find" tid=6050483 peer=16U*iSrhve msg="dialStage: timed out dialing the peer"
[2026-10-04 18:21:15.873] [out] [delivery_module] DBG 2026-10-04 18:21:15.873+02:00 Kad lookup: RPC error                      topics="kad-dht find" tid=6050483 peer=16U*VpJprH msg="dialStage: timed out dialing the peer"
[2026-10-04 18:21:15.875] [out] [delivery_module] DBG 2026-10-04 18:21:15.875+02:00 Lookup query                               topics="kad-dht find" tid=6050483 peer=16U*kGyuEP
[2026-10-04 18:21:15.875] [out] [delivery_module] DBG 2026-10-04 18:21:15.875+02:00 Lookup query                               topics="kad-dht find" tid=6050483 peer=16U*T3UNSE
[2026-10-04 18:21:15.875] [out] [delivery_module] DBG 2026-10-04 18:21:15.875+02:00 Lookup query                               topics="kad-dht find" tid=6050483 peer=16U*P1S397
[2026-10-04 18:21:15.875] [out] [delivery_module] DBG 2026-10-04 18:21:15.875+02:00 Lookup query                               topics="kad-dht find" tid=6050483 peer=16U*VpJprH
[2026-10-04 18:21:15.875] [out] [delivery_module] DBG 2026-10-04 18:21:15.875+02:00 Lookup query                               topics="kad-dht find" tid=6050483 peer=16U*TwqBiH
[2026-10-04 18:21:15.875] [out] [delivery_module] DBG 2026-10-04 18:21:15.875+02:00 Lookup query                               topics="kad-dht find" tid=6050483 peer=16U*iSrhve
[2026-10-04 18:21:15.875] [out] [delivery_module] DBG 2026-10-04 18:21:15.875+02:00 Lookup query                               topics="kad-dht find" tid=6050483 peer=16U*NSkuby
[2026-10-04 18:21:15.875] [out] [delivery_module] DBG 2026-10-04 18:21:15.875+02:00 Kad lookup: RPC error                      topics="kad-dht find" tid=6050483 peer=16U*P1S397 msg="readStage: timed out waiting for reply"
[2026-10-04 18:21:15.875] [out] [delivery_module] DBG 2026-10-04 18:21:15.875+02:00 Kad lookup: RPC error                      topics="kad-dht find" tid=6050483 peer=16U*T3UNSE msg="readStage: timed out waiting for reply"
[2026-10-04 18:21:15.875] [out] [delivery_module] DBG 2026-10-04 18:21:15.875+02:00 Kad lookup: RPC error                      topics="kad-dht find" tid=6050483 peer=16U*kGyuEP msg="readStage: timed out waiting for reply"
[2026-10-04 18:21:15.875] [out] [delivery_module] DBG 2026-10-04 18:21:15.875+02:00 Kad lookup: RPC error                      topics="kad-dht find" tid=6050483 peer=16U*NSkuby msg="readStage: timed out waiting for reply"
[2026-10-04 18:21:15.875] [out] [delivery_module] DBG 2026-10-04 18:21:15.875+02:00 Kad lookup: RPC error                      topics="kad-dht find" tid=6050483 peer=16U*TwqBiH msg="readStage: timed out waiting for reply"
[2026-10-04 18:21:15.876] [out] [delivery_module] DBG 2026-10-04 18:21:15.876+02:00 Kad lookup: RPC error                      topics="kad-dht find" tid=6050483 peer=16U*P1S397 msg="waitStage: timed out before dialing"
[2026-10-04 18:21:15.876] [out] [delivery_module] DBG 2026-10-04 18:21:15.876+02:00 Kad lookup: RPC error                      topics="kad-dht find" tid=6050483 peer=16U*T3UNSE msg="waitStage: timed out before dialing"
[2026-10-04 18:21:15.876] [out] [delivery_module] DBG 2026-10-04 18:21:15.876+02:00 Kad lookup: RPC error                      topics="kad-dht find" tid=6050483 peer=16U*kGyuEP msg="waitStage: timed out before dialing"
[2026-10-04 18:21:15.876] [out] [delivery_module] DBG 2026-10-04 18:21:15.876+02:00 Kad lookup: RPC error                      topics="kad-dht find" tid=6050483 peer=16U*NSkuby msg="waitStage: timed out before dialing"
[2026-10-04 18:21:15.876] [out] [delivery_module] DBG 2026-10-04 18:21:15.876+02:00 Kad lookup: RPC error                      topics="kad-dht find" tid=6050483 peer=16U*TwqBiH msg="waitStage: timed out before dialing"
[2026-10-04 18:21:15.876] [out] [delivery_module] DBG 2026-10-04 18:21:15.876+02:00 Kad lookup: RPC error                      topics="kad-dht find" tid=6050483 peer=16U*VpJprH msg="dialStage: timed out dialing the peer"
[2026-10-04 18:21:15.876] [out] [delivery_module] DBG 2026-10-04 18:21:15.876+02:00 Kad lookup: RPC error                      topics="kad-dht find" tid=6050483 peer=16U*iSrhve msg="dialStage: timed out dialing the peer"
[2026-10-04 18:21:15.882] [out] [delivery_module] DBG 2026-10-04 18:21:15.882+02:00 Lookup query                               topics="kad-dht find" tid=6050483 peer=16U*33uyAY
[2026-10-04 18:21:15.882] [out] [delivery_module] DBG 2026-10-04 18:21:15.882+02:00 Lookup query                               topics="kad-dht find" tid=6050483 peer=16U*VpJprH
[2026-10-04 18:21:15.882] [out] [delivery_module] DBG 2026-10-04 18:21:15.882+02:00 Lookup query                               topics="kad-dht find" tid=6050483 peer=16U*nd1vDS
[2026-10-04 18:21:15.882] [out] [delivery_module] DBG 2026-10-04 18:21:15.882+02:00 Lookup query                               topics="kad-dht find" tid=6050483 peer=16U*2pfeoX
[2026-10-04 18:21:15.882] [out] [delivery_module] DBG 2026-10-04 18:21:15.882+02:00 Lookup query                               topics="kad-dht find" tid=6050483 peer=16U*oWQB23
[2026-10-04 18:21:15.882] [out] [delivery_module] DBG 2026-10-04 18:21:15.882+02:00 Lookup query                               topics="kad-dht find" tid=6050483 peer=16U*iSrhve
[2026-10-04 18:21:15.883] [out] [delivery_module] DBG 2026-10-04 18:21:15.883+02:00 Kad lookup: RPC error                      topics="kad-dht find" tid=6050483 peer=16U*VpJprH msg="dialStage: timed out dialing the peer"
[2026-10-04 18:21:15.883] [out] [delivery_module] DBG 2026-10-04 18:21:15.883+02:00 Kad lookup: RPC error                      topics="kad-dht find" tid=6050483 peer=16U*33uyAY msg="dialStage: timed out dialing the peer"
[2026-10-04 18:21:15.883] [out] [delivery_module] DBG 2026-10-04 18:21:15.883+02:00 Kad lookup: RPC error                      topics="kad-dht find" tid=6050483 peer=16U*nd1vDS msg="dialStage: timed out dialing the peer"
[2026-10-04 18:21:15.883] [out] [delivery_module] DBG 2026-10-04 18:21:15.883+02:00 Kad lookup: RPC error                      topics="kad-dht find" tid=6050483 peer=16U*oWQB23 msg="dialStage: timed out dialing the peer"
[2026-10-04 18:21:15.883] [out] [delivery_module] DBG 2026-10-04 18:21:15.883+02:00 Kad lookup: RPC error                      topics="kad-dht find" tid=6050483 peer=16U*iSrhve msg="dialStage: timed out dialing the peer"
[2026-10-04 18:21:15.883] [out] [delivery_module] DBG 2026-10-04 18:21:15.883+02:00 Kad lookup: RPC error                      topics="kad-dht find" tid=6050483 peer=16U*2pfeoX msg="dialStage: timed out dialing the peer"
[2026-10-04 18:21:16.860] [out] [delivery_module] DBG 2026-10-04 18:21:16.860+02:00 Lookup query                               topics="kad-dht find" tid=6050483 peer=16U*VpJprH
[2026-10-04 18:21:16.861] [out] [delivery_module] DBG 2026-10-04 18:21:16.860+02:00 Kad lookup: RPC error                      topics="kad-dht find" tid=6050483 peer=16U*VpJprH msg="dialStage: timed out dialing the peer"
[2026-10-04 18:21:18.526] [out] [delivery_module] DBG 2026-10-04 18:21:18.526+02:00 adverts found                              topics="service-disco discoverer" tid=6050483 serviceId=key:913B5C5DBE691438693215140388EC0C7DE80DE328BDE5BD7FC06F90568CEA40 remote=16U*NSkuby count=0
[2026-10-04 18:21:18.813] [out] [delivery_module] DBG 2026-10-04 18:21:18.813+02:00 adverts found                              topics="service-disco discoverer" tid=6050483 serviceId=key:913B5C5DBE691438693215140388EC0C7DE80DE328BDE5BD7FC06F90568CEA40 remote=16U*iSrhve count=5
[2026-10-04 18:21:18.835] [out] [delivery_module] DBG 2026-10-04 18:21:18.835+02:00 adverts found                              topics="service-disco discoverer" tid=6050483 serviceId=key:913B5C5DBE691438693215140388EC0C7DE80DE328BDE5BD7FC06F90568CEA40 remote=16U*TwqBiH count=1
[2026-10-04 18:21:18.835] [out] [delivery_module] DBG 2026-10-04 18:21:18.835+02:00 adverts found                              topics="service-disco discoverer" tid=6050483 serviceId=key:E6738033B5D413D13CF58622CEB4EF8F392E8D4EB073B56A5486CB0431B2F5D8 remote=16U*TwqBiH count=2
[2026-10-04 18:21:18.838] [out] [delivery_module] DBG 2026-10-04 18:21:18.838+02:00 getting adverts                            topics="service-disco discoverer" tid=6050483 serviceId=key:913B5C5DBE691438693215140388EC0C7DE80DE328BDE5BD7FC06F90568CEA40 registrar=16U*T3UNSE
[2026-10-04 18:21:18.838] [out] [delivery_module] DBG 2026-10-04 18:21:18.838+02:00 getting adverts                            topics="service-disco discoverer" tid=6050483 serviceId=key:913B5C5DBE691438693215140388EC0C7DE80DE328BDE5BD7FC06F90568CEA40 registrar=16U*VpJprH
[2026-10-04 18:21:18.838] [out] [delivery_module] DBG 2026-10-04 18:21:18.838+02:00 getting adverts                            topics="service-disco discoverer" tid=6050483 serviceId=key:913B5C5DBE691438693215140388EC0C7DE80DE328BDE5BD7FC06F90568CEA40 registrar=16U*P1S397
[2026-10-04 18:21:18.845] [out] [delivery_module] DBG 2026-10-04 18:21:18.845+02:00 adverts found                              topics="service-disco discoverer" tid=6050483 serviceId=key:E6738033B5D413D13CF58622CEB4EF8F392E8D4EB073B56A5486CB0431B2F5D8 remote=16U*iSrhve count=6
[2026-10-04 18:21:18.856] [out] [delivery_module] DBG 2026-10-04 18:21:18.856+02:00 Lookup query                               topics="kad-dht find" tid=6050483 peer=16U*nd1vDS
[2026-10-04 18:21:18.856] [out] [delivery_module] DBG 2026-10-04 18:21:18.856+02:00 Lookup query                               topics="kad-dht find" tid=6050483 peer=16U*33uyAY
[2026-10-04 18:21:18.856] [out] [delivery_module] DBG 2026-10-04 18:21:18.856+02:00 Lookup query                               topics="kad-dht find" tid=6050483 peer=16U*2pfeoX
[2026-10-04 18:21:18.856] [out] [delivery_module] DBG 2026-10-04 18:21:18.856+02:00 Lookup query                               topics="kad-dht find" tid=6050483 peer=16U*oWQB23
[2026-10-04 18:21:18.883] [out] [delivery_module] DBG 2026-10-04 18:21:18.883+02:00 adverts found                              topics="service-disco discoverer" tid=6050483 serviceId=key:E6738033B5D413D13CF58622CEB4EF8F392E8D4EB073B56A5486CB0431B2F5D8 remote=16U*NSkuby count=2
[2026-10-04 18:21:18.886] [out] [delivery_module] DBG 2026-10-04 18:21:18.886+02:00 getting adverts                            topics="service-disco discoverer" tid=6050483 serviceId=key:E6738033B5D413D13CF58622CEB4EF8F392E8D4EB073B56A5486CB0431B2F5D8 registrar=16U*kGyuEP
[2026-10-04 18:21:19.024] [out] [delivery_module] INF 2026-10-04 18:21:19.024+02:00 Message received                           tid=6050483 msg_hash=0x3f38e2d219998cbe64ce98d89f60baf0b92e764cdb89231688681213bf9e8f61 contentTopic=/lp0026forum/1/general/text pubsubTopic=/waku/2/rs/3/7 source=history
[2026-10-04 18:21:19.438] [info] [logos] [delivery_module] DeliveryModuleImpl::storeQuery called with peerAddr: /dns4/delivery-01.do-ams3.logos.dev.status.im/tcp/30303/p2p/16Uiu2HAmTUbnxLGT9JvV6mu9oPyDjqHK4Phs1VDJNUgESgNSkuby
[2026-10-04 18:21:19.519] [out] [delivery_module] DBG 2026-10-04 18:21:19.519+02:00 Lookup query                               topics="kad-dht find" tid=6050483 peer=16U*33uyAY
[2026-10-04 18:21:19.519] [out] [delivery_module] DBG 2026-10-04 18:21:19.519+02:00 Lookup query                               topics="kad-dht find" tid=6050483 peer=16U*nd1vDS
[2026-10-04 18:21:19.519] [out] [delivery_module] DBG 2026-10-04 18:21:19.519+02:00 Lookup query                               topics="kad-dht find" tid=6050483 peer=16U*oWQB23
[2026-10-04 18:21:19.519] [out] [delivery_module] DBG 2026-10-04 18:21:19.519+02:00 Lookup query                               topics="kad-dht find" tid=6050483 peer=16U*2pfeoX
[2026-10-04 18:21:20.620] [out] [delivery_module] DBG 2026-10-04 18:21:20.620+02:00 Lookup query                               topics="kad-dht find" tid=6050483 peer=16U*RZcwkN
[2026-10-04 18:21:20.620] [out] [delivery_module] DBG 2026-10-04 18:21:20.620+02:00 Dialing peer                               topics="libp2p dialer" tid=6050483 peerId=16U*RZcwkN addrs="[/ip4/172.20.10.14/udp/49587/quic-v1, /ip4/172.20.10.14/tcp/51590]"
[2026-10-04 18:21:20.620] [out] [delivery_module] DBG 2026-10-04 18:21:20.620+02:00 Expanded address and hostname              topics="libp2p dialer" tid=6050483 expandedAddress=/ip4/172.20.10.14/udp/49587/quic-v1 hostname=172.20.10.14 resolvedAddresses="[/ip4/172.20.10.14/udp/49587/quic-v1]"
[2026-10-04 18:21:20.621] [out] [delivery_module] DBG 2026-10-04 18:21:20.621+02:00 New connection established: client         tid=6050483
[2026-10-04 18:21:20.621] [out] [delivery_module] DBG 2026-10-04 18:21:20.621+02:00 Lookup query                               topics="kad-dht find" tid=6050483 peer=16U*33uyAY
[2026-10-04 18:21:20.621] [out] [delivery_module] DBG 2026-10-04 18:21:20.621+02:00 Lookup query                               topics="kad-dht find" tid=6050483 peer=16U*CbKVbN
[2026-10-04 18:21:20.621] [out] [delivery_module] DBG 2026-10-04 18:21:20.621+02:00 Dialing peer                               topics="libp2p dialer" tid=6050483 peerId=16U*CbKVbN addrs="[/ip4/172.20.10.14/udp/55956/quic-v1, /ip4/172.20.10.14/tcp/51685]"
[2026-10-04 18:21:20.621] [out] [delivery_module] DBG 2026-10-04 18:21:20.621+02:00 Expanded address and hostname              topics="libp2p dialer" tid=6050483 expandedAddress=/ip4/172.20.10.14/udp/55956/quic-v1 hostname=172.20.10.14 resolvedAddresses="[/ip4/172.20.10.14/udp/55956/quic-v1]"
[2026-10-04 18:21:20.622] [out] [delivery_module] DBG 2026-10-04 18:21:20.622+02:00 New connection established: client         tid=6050483
[2026-10-04 18:21:20.622] [out] [delivery_module] DBG 2026-10-04 18:21:20.622+02:00 Lookup query                               topics="kad-dht find" tid=6050483 peer=16U*JXZN12
[2026-10-04 18:21:20.622] [out] [delivery_module] DBG 2026-10-04 18:21:20.622+02:00 Dialing peer                               topics="libp2p dialer" tid=6050483 peerId=16U*JXZN12 addrs="[/ip4/172.20.10.14/udp/62834/quic-v1, /ip4/172.20.10.14/tcp/49738]"
[2026-10-04 18:21:20.622] [out] [delivery_module] DBG 2026-10-04 18:21:20.622+02:00 Expanded address and hostname              topics="libp2p dialer" tid=6050483 expandedAddress=/ip4/172.20.10.14/udp/62834/quic-v1 hostname=172.20.10.14 resolvedAddresses="[/ip4/172.20.10.14/udp/62834/quic-v1]"
[2026-10-04 18:21:20.622] [out] [delivery_module] DBG 2026-10-04 18:21:20.622+02:00 New connection established: client         tid=6050483
[2026-10-04 18:21:20.623] [out] [delivery_module] DBG 2026-10-04 18:21:20.623+02:00 Lookup query                               topics="kad-dht find" tid=6050483 peer=16U*nd1vDS
[2026-10-04 18:21:20.623] [out] [delivery_module] DBG 2026-10-04 18:21:20.623+02:00 Lookup query                               topics="kad-dht find" tid=6050483 peer=16U*8rq3kg
[2026-10-04 18:21:20.623] [out] [delivery_module] DBG 2026-10-04 18:21:20.623+02:00 Dialing peer                               topics="libp2p dialer" tid=6050483 peerId=16U*8rq3kg addrs="[/ip4/172.20.10.14/udp/49629/quic-v1, /ip4/172.20.10.14/tcp/50996]"
[2026-10-04 18:21:20.623] [out] [delivery_module] DBG 2026-10-04 18:21:20.623+02:00 Expanded address and hostname              topics="libp2p dialer" tid=6050483 expandedAddress=/ip4/172.20.10.14/udp/49629/quic-v1 hostname=172.20.10.14 resolvedAddresses="[/ip4/172.20.10.14/udp/49629/quic-v1]"
[2026-10-04 18:21:20.623] [out] [delivery_module] DBG 2026-10-04 18:21:20.623+02:00 New connection established: client         tid=6050483
[2026-10-04 18:21:20.623] [out] [delivery_module] DBG 2026-10-04 18:21:20.623+02:00 Lookup query                               topics="kad-dht find" tid=6050483 peer=16U*Lqfd15
[2026-10-04 18:21:20.623] [out] [delivery_module] DBG 2026-10-04 18:21:20.623+02:00 Dialing peer                               topics="libp2p dialer" tid=6050483 peerId=16U*Lqfd15 addrs="[/ip4/172.20.10.14/udp/62334/quic-v1, /ip4/172.20.10.14/tcp/65350]"
[2026-10-04 18:21:20.623] [out] [delivery_module] DBG 2026-10-04 18:21:20.623+02:00 Expanded address and hostname              topics="libp2p dialer" tid=6050483 expandedAddress=/ip4/172.20.10.14/udp/62334/quic-v1 hostname=172.20.10.14 resolvedAddresses="[/ip4/172.20.10.14/udp/62334/quic-v1]"
[2026-10-04 18:21:20.624] [out] [delivery_module] DBG 2026-10-04 18:21:20.624+02:00 New connection established: client         tid=6050483
[2026-10-04 18:21:20.624] [out] [delivery_module] DBG 2026-10-04 18:21:20.624+02:00 Lookup query                               topics="kad-dht find" tid=6050483 peer=16U*2pfeoX
[2026-10-04 18:21:20.624] [out] [delivery_module] DBG 2026-10-04 18:21:20.624+02:00 Lookup query                               topics="kad-dht find" tid=6050483 peer=16U*oWQB23
[2026-10-04 18:21:20.624] [out] [delivery_module] DBG 2026-10-04 18:21:20.624+02:00 Kad lookup: RPC error                      topics="kad-dht find" tid=6050483 peer=16U*33uyAY msg="dialStage: timed out dialing the peer"
[2026-10-04 18:21:20.624] [out] [delivery_module] DBG 2026-10-04 18:21:20.624+02:00 Kad lookup: RPC error                      topics="kad-dht find" tid=6050483 peer=16U*nd1vDS msg="dialStage: timed out dialing the peer"
[2026-10-04 18:21:20.624] [out] [delivery_module] DBG 2026-10-04 18:21:20.624+02:00 Kad lookup: RPC error                      topics="kad-dht find" tid=6050483 peer=16U*2pfeoX msg="dialStage: timed out dialing the peer"
[2026-10-04 18:21:20.624] [out] [delivery_module] DBG 2026-10-04 18:21:20.624+02:00 Kad lookup: RPC error                      topics="kad-dht find" tid=6050483 peer=16U*oWQB23 msg="dialStage: timed out dialing the peer"
[2026-10-04 18:21:20.811] [out] [delivery_module] DBG 2026-10-04 18:21:20.811+02:00 Lookup query                               topics="kad-dht find" tid=6050483 peer=16U*8rq3kg
[2026-10-04 18:21:20.811] [out] [delivery_module] DBG 2026-10-04 18:21:20.811+02:00 Lookup query                               topics="kad-dht find" tid=6050483 peer=16U*RZcwkN
[2026-10-04 18:21:20.811] [out] [delivery_module] DBG 2026-10-04 18:21:20.811+02:00 Lookup query                               topics="kad-dht find" tid=6050483 peer=16U*JXZN12
[2026-10-04 18:21:20.811] [out] [delivery_module] DBG 2026-10-04 18:21:20.811+02:00 Lookup query                               topics="kad-dht find" tid=6050483 peer=16U*CbKVbN
[2026-10-04 18:21:20.811] [out] [delivery_module] DBG 2026-10-04 18:21:20.811+02:00 Lookup query                               topics="kad-dht find" tid=6050483 peer=16U*Lqfd15
[2026-10-04 18:21:20.868] [out] [delivery_module] DBG 2026-10-04 18:21:20.868+02:00 Finished dialing multiple peers            topics="waku node peer_manager" tid=6050483 successfulConns=0 attempted=9
[2026-10-04 18:21:20.874] [out] [delivery_module] DBG 2026-10-04 18:21:20.874+02:00 Lookup query                               topics="kad-dht find" tid=6050483 peer=16U*CbKVbN
[2026-10-04 18:21:20.874] [out] [delivery_module] DBG 2026-10-04 18:21:20.874+02:00 Lookup query                               topics="kad-dht find" tid=6050483 peer=16U*JXZN12
[2026-10-04 18:21:20.874] [out] [delivery_module] DBG 2026-10-04 18:21:20.874+02:00 Lookup query                               topics="kad-dht find" tid=6050483 peer=16U*VpJprH
[2026-10-04 18:21:20.874] [out] [delivery_module] DBG 2026-10-04 18:21:20.874+02:00 Lookup query                               topics="kad-dht find" tid=6050483 peer=16U*RZcwkN
[2026-10-04 18:21:20.874] [out] [delivery_module] DBG 2026-10-04 18:21:20.874+02:00 Lookup query                               topics="kad-dht find" tid=6050483 peer=16U*8rq3kg
[2026-10-04 18:21:20.874] [out] [delivery_module] DBG 2026-10-04 18:21:20.874+02:00 Lookup query                               topics="kad-dht find" tid=6050483 peer=16U*Lqfd15
[2026-10-04 18:21:20.875] [out] [delivery_module] DBG 2026-10-04 18:21:20.875+02:00 Kad lookup: RPC error                      topics="kad-dht find" tid=6050483 peer=16U*VpJprH msg="dialStage: timed out dialing the peer"
[2026-10-04 18:21:20.876] [out] [delivery_module] DBG 2026-10-04 18:21:20.876+02:00 Lookup query                               topics="kad-dht find" tid=6050483 peer=16U*VpJprH
[2026-10-04 18:21:20.879] [out] [delivery_module] DBG 2026-10-04 18:21:20.879+02:00 Kad lookup: RPC error                      topics="kad-dht find" tid=6050483 peer=16U*VpJprH msg="dialStage: timed out dialing the peer"
[2026-10-04 18:21:20.884] [out] [delivery_module] DBG 2026-10-04 18:21:20.884+02:00 Lookup query                               topics="kad-dht find" tid=6050483 peer=16U*RZcwkN
[2026-10-04 18:21:20.884] [out] [delivery_module] DBG 2026-10-04 18:21:20.884+02:00 Lookup query                               topics="kad-dht find" tid=6050483 peer=16U*33uyAY
[2026-10-04 18:21:20.884] [out] [delivery_module] DBG 2026-10-04 18:21:20.884+02:00 Lookup query                               topics="kad-dht find" tid=6050483 peer=16U*CbKVbN
[2026-10-04 18:21:20.884] [out] [delivery_module] DBG 2026-10-04 18:21:20.884+02:00 Lookup query                               topics="kad-dht find" tid=6050483 peer=16U*JXZN12
[2026-10-04 18:21:20.884] [out] [delivery_module] DBG 2026-10-04 18:21:20.884+02:00 Lookup query                               topics="kad-dht find" tid=6050483 peer=16U*VpJprH
[2026-10-04 18:21:20.884] [out] [delivery_module] DBG 2026-10-04 18:21:20.884+02:00 Lookup query                               topics="kad-dht find" tid=6050483 peer=16U*nd1vDS
[2026-10-04 18:21:20.884] [out] [delivery_module] DBG 2026-10-04 18:21:20.884+02:00 Lookup query                               topics="kad-dht find" tid=6050483 peer=16U*8rq3kg
[2026-10-04 18:21:20.884] [out] [delivery_module] DBG 2026-10-04 18:21:20.884+02:00 Lookup query                               topics="kad-dht find" tid=6050483 peer=16U*Lqfd15
[2026-10-04 18:21:20.884] [out] [delivery_module] DBG 2026-10-04 18:21:20.884+02:00 Lookup query                               topics="kad-dht find" tid=6050483 peer=16U*2pfeoX
[2026-10-04 18:21:20.884] [out] [delivery_module] DBG 2026-10-04 18:21:20.884+02:00 Lookup query                               topics="kad-dht find" tid=6050483 peer=16U*oWQB23
[2026-10-04 18:21:20.884] [out] [delivery_module] DBG 2026-10-04 18:21:20.884+02:00 Kad lookup: RPC error                      topics="kad-dht find" tid=6050483 peer=16U*VpJprH msg="dialStage: timed out dialing the peer"
[2026-10-04 18:21:20.884] [out] [delivery_module] DBG 2026-10-04 18:21:20.884+02:00 Kad lookup: RPC error                      topics="kad-dht find" tid=6050483 peer=16U*nd1vDS msg="dialStage: timed out dialing the peer"
[2026-10-04 18:21:20.884] [out] [delivery_module] DBG 2026-10-04 18:21:20.884+02:00 Kad lookup: RPC error                      topics="kad-dht find" tid=6050483 peer=16U*2pfeoX msg="dialStage: timed out dialing the peer"
[2026-10-04 18:21:20.884] [out] [delivery_module] DBG 2026-10-04 18:21:20.884+02:00 Kad lookup: RPC error                      topics="kad-dht find" tid=6050483 peer=16U*33uyAY msg="dialStage: timed out dialing the peer"
[2026-10-04 18:21:20.884] [out] [delivery_module] DBG 2026-10-04 18:21:20.884+02:00 Kad lookup: RPC error                      topics="kad-dht find" tid=6050483 peer=16U*oWQB23 msg="dialStage: timed out dialing the peer"
[2026-10-04 18:21:20.885] [out] [delivery_module] DBG 2026-10-04 18:21:20.885+02:00 Kad lookup: RPC error                      topics="kad-dht find" tid=6050483 peer=16U*iSrhve msg="readStage: timed out waiting for reply"
[2026-10-04 18:21:21.486] [out] [delivery_module] DBG 2026-10-04 18:21:21.486+02:00 adverts found                              topics="service-disco discoverer" tid=6050483 serviceId=key:913B5C5DBE691438693215140388EC0C7DE80DE328BDE5BD7FC06F90568CEA40 remote=16U*P1S397 count=0
[2026-10-04 18:21:21.693] [out] [delivery_module] DBG 2026-10-04 18:21:21.693+02:00 adverts found                              topics="service-disco discoverer" tid=6050483 serviceId=key:913B5C5DBE691438693215140388EC0C7DE80DE328BDE5BD7FC06F90568CEA40 remote=16U*T3UNSE count=1
[2026-10-04 18:21:21.862] [out] [delivery_module] DBG 2026-10-04 18:21:21.862+02:00 Lookup query                               topics="kad-dht find" tid=6050483 peer=16U*VpJprH
[2026-10-04 18:21:21.863] [out] [delivery_module] DBG 2026-10-04 18:21:21.863+02:00 Kad lookup: RPC error                      topics="kad-dht find" tid=6050483 peer=16U*VpJprH msg="dialStage: timed out dialing the peer"
[2026-10-04 18:21:21.993] [out] [delivery_module] DBG 2026-10-04 18:21:21.993+02:00 adverts found                              topics="service-disco discoverer" tid=6050483 serviceId=key:E6738033B5D413D13CF58622CEB4EF8F392E8D4EB073B56A5486CB0431B2F5D8 remote=16U*kGyuEP count=6
[2026-10-04 18:21:22.002] [out] [delivery_module] DBG 2026-10-04 18:21:22.002+02:00 getting adverts                            topics="service-disco discoverer" tid=6050483 serviceId=key:E6738033B5D413D13CF58622CEB4EF8F392E8D4EB073B56A5486CB0431B2F5D8 registrar=16U*VpJprH
[QmlInspector] Client disconnected
