run-logos-standalone-ui: hot-reloading QML from <repo>/src/qml
  (export DEV_QML_PATH to override, or LOGOS_QML_HOT_RELOAD=0 to disable)
Session directory: "~/Library/Application Support/Logos/LogosStandalone"
[2026-10-04 18:27:56.475] [info] [logos] Granting host services to 'capability_module': token_registry,token_delivery
[2026-10-04 18:27:56.501] [out] [capability_module] [2026-10-04 18:27:56.501] [info] Granting host services to capability_module: ["token_registry","token_delivery"]
RemoteTransportConnection: Connecting to registry: "local:logos_capability_module_e0870d3a468e" at "18:27:56.502"
RemoteTransportConnection: Registry connect attempt started (no peer contact yet): "local:logos_capability_module_e0870d3a468e"
LogosAPIConsumer: Informing module token for module: "capability_module" with token: "redacted:9ebbdd49…"
RemoteTransportConnection: Requesting object: "capability_module" at "18:27:56.502"
[LogosObject] RemoteTransportConnection: returning RemoteLogosObject for: "capability_module"
[LogosObject] Created RemoteLogosObject wrapping QRemoteObjectReplica 105553124535040
[LogosObject] LogosAPIConsumer: calling LogosObject::informModuleToken for "capability_module"
LogosAPIConsumer: informModuleToken completed with result: true
[LogosObject] Destroying RemoteLogosObject 0
[2026-10-04 18:27:56.524] [info] [logos] Module loaded: capability_module
LogosAPIConsumer: Informing module token for module: "modules_state" with token: "redacted:3c476bfd…"
RemoteTransportConnection: Requesting object: "capability_module" at "18:27:56.552"
[LogosObject] RemoteTransportConnection: returning RemoteLogosObject for: "capability_module"
[LogosObject] Created RemoteLogosObject wrapping QRemoteObjectReplica 105553124491648
[LogosObject] LogosAPIConsumer: calling LogosObject::informModuleToken for "modules_state"
LogosAPIConsumer: informModuleToken completed with result: true
[LogosObject] Destroying RemoteLogosObject 0
[2026-10-04 18:27:56.553] [info] [logos] Module loaded: modules_state
RemoteTransportConnection: Connecting to registry: "local:logos_modules_state_e0870d3a468e" at "18:27:56.553"
RemoteTransportConnection: Registry connect attempt started (no peer contact yet): "local:logos_modules_state_e0870d3a468e"
RemoteTransportConnection: Connecting to registry: "local:logos_capability_module_e0870d3a468e" at "18:27:56.553"
RemoteTransportConnection: Registry connect attempt started (no peer contact yet): "local:logos_capability_module_e0870d3a468e"
LogosAPIConsumer: '"modules_state"::""' deferred pending the module becoming reachable
LogosAPIConsumer: '"modules_state"::""' deferred pending the module becoming reachable
Logos Core started (modules dir: "/nix/store/4v2cj5cr5dlsjb9cl0blr0cds0qf07iv-logos-forum_module-plugin-dir-modules" )
Set app icon from metadata: "/nix/store/0qnbr8sh9kp4h3q230appx22j4s532mb-logos-forum_module-plugin-dir/src/icons/icon.png"
[2026-10-04 18:27:56.589] [info] [logos] [delivery_module] DeliveryModuleImpl: Initializing...
LogosAPIConsumer: Informing module token for module: "delivery_module" with token: "redacted:4fe6cc3a…"
RemoteTransportConnection: Requesting object: "capability_module" at "18:27:56.590"
[LogosObject] RemoteTransportConnection: returning RemoteLogosObject for: "capability_module"
[LogosObject] Created RemoteLogosObject wrapping QRemoteObjectReplica 105553124613792
[LogosObject] LogosAPIConsumer: calling LogosObject::informModuleToken for "delivery_module"
LogosAPIConsumer: informModuleToken completed with result: true
[LogosObject] Destroying RemoteLogosObject 0
[2026-10-04 18:27:56.591] [info] [logos] Module loaded: delivery_module
RemoteTransportConnection: Connecting to registry: "local:logos_delivery_module_e0870d3a468e" at "18:27:56.591"
RemoteTransportConnection: Registry connect attempt started (no peer contact yet): "local:logos_delivery_module_e0870d3a468e"
RemoteTransportConnection: Connecting to registry: "local:logos_capability_module_e0870d3a468e" at "18:27:56.591"
RemoteTransportConnection: Registry connect attempt started (no peer contact yet): "local:logos_capability_module_e0870d3a468e"
LogosAPIConsumer: '"delivery_module"::""' deferred pending the module becoming reachable
LogosAPIClient: getToken for module: "modules_state"
LogosAPIClient: Found token for module: "modules_state"
RemoteTransportConnection: Requesting object: "modules_state" at "18:27:56.591"
[LogosObject] RemoteTransportConnection: returning RemoteLogosObject for: "modules_state"
[LogosObject] Created RemoteLogosObject wrapping QRemoteObjectReplica 105553124521280
[LogosObject] LogosAPIConsumer: async calling via LogosObject::callMethodAsync "note_transition"
[LogosObject] RemoteLogosObject::callMethodAsync "note_transition" args: 7
LogosAPIClient: getToken for module: "modules_state"
LogosAPIClient: Found token for module: "modules_state"
[LogosObject] LogosAPIConsumer: async calling via LogosObject::callMethodAsync "note_transition"
[LogosObject] RemoteLogosObject::callMethodAsync "note_transition" args: 7
Loaded dependency (with transitive deps): "delivery_module"
[2026-10-04 18:27:56.620] [info] [logos] [storage_module] StorageModuleImpl: Initializing...
LogosAPIConsumer: Informing module token for module: "storage_module" with token: "redacted:f5b305ae…"
RemoteTransportConnection: Requesting object: "capability_module" at "18:27:56.620"
[LogosObject] Created RemoteLogosObject wrapping QRemoteObjectReplica 105553124180320
LogosAPIClient: invoking remote method "modules_state" "apply_snapshot" args_count: 1
LogosAPIClient: getToken for module: "modules_state"
LogosAPIClient: Found token for module: "modules_state"
LogosAPIConsumer: Calling invokeRemoteMethod: "modules_state" "apply_snapshot" args_count: 1 timeout: 20000
[LogosObject] LogosAPIConsumer: calling via LogosObject::callMethod "apply_snapshot"
[LogosObject] RemoteLogosObject::callMethod "apply_snapshot" args: 1
[LogosObject] Created RemoteLogosObject wrapping QRemoteObjectReplica 105553124509600
LogosAPIClient: getToken for module: "modules_state"
LogosAPIClient: Found token for module: "modules_state"
[LogosObject] LogosAPIConsumer: async calling via LogosObject::callMethodAsync "note_transition"
[LogosObject] RemoteLogosObject::callMethodAsync "note_transition" args: 7
LogosAPIClient: getToken for module: "modules_state"
LogosAPIClient: Found token for module: "modules_state"
[LogosObject] LogosAPIConsumer: async calling via LogosObject::callMethodAsync "note_transition"
[LogosObject] RemoteLogosObject::callMethodAsync "note_transition" args: 7
[2026-10-04 18:27:56.620] [info] [logos] Pushed module snapshot to modules_state
LogosAPIClient: getToken for module: "modules_state"
LogosAPIClient: Found token for module: "modules_state"
[LogosObject] LogosAPIConsumer: async calling via LogosObject::callMethodAsync "note_transition"
[LogosObject] RemoteLogosObject::callMethodAsync "note_transition" args: 7
[LogosObject] RemoteTransportConnection: returning RemoteLogosObject for: "capability_module"
[LogosObject] Created RemoteLogosObject wrapping QRemoteObjectReplica 105553124644736
[LogosObject] LogosAPIConsumer: calling LogosObject::informModuleToken for "storage_module"
LogosAPIConsumer: informModuleToken completed with result: true
[LogosObject] Destroying RemoteLogosObject 0
[2026-10-04 18:27:56.621] [info] [logos] Module loaded: storage_module
RemoteTransportConnection: Connecting to registry: "local:logos_storage_module_e0870d3a468e" at "18:27:56.621"
RemoteTransportConnection: Registry connect attempt started (no peer contact yet): "local:logos_storage_module_e0870d3a468e"
RemoteTransportConnection: Connecting to registry: "local:logos_capability_module_e0870d3a468e" at "18:27:56.621"
RemoteTransportConnection: Registry connect attempt started (no peer contact yet): "local:logos_capability_module_e0870d3a468e"
LogosAPIConsumer: '"storage_module"::""' deferred pending the module becoming reachable
LogosAPIClient: getToken for module: "modules_state"
LogosAPIClient: Found token for module: "modules_state"
[LogosObject] LogosAPIConsumer: async calling via LogosObject::callMethodAsync "note_transition"
[LogosObject] RemoteLogosObject::callMethodAsync "note_transition" args: 7
Loaded dependency (with transitive deps): "storage_module"
DEV_QML_PATH override active: <repo>/src/qml/Main.qml
RemoteTransportConnection: Connecting to registry: "local:logos_capability_module_e0870d3a468e" at "18:27:56.621"
RemoteTransportConnection: Registry connect attempt started (no peer contact yet): "local:logos_capability_module_e0870d3a468e"
LogosAPIConsumer: Informing module token for module: "forum_module" with token: "redacted:efcd71ef…"
RemoteTransportConnection: Requesting object: "capability_module" at "18:27:56.622"
[LogosObject] RemoteTransportConnection: returning RemoteLogosObject for: "capability_module"
[LogosObject] Created RemoteLogosObject wrapping QRemoteObjectReplica 105553124145440
[LogosObject] LogosAPIConsumer: calling LogosObject::informModuleToken for "forum_module"
[LogosObject] Created RemoteLogosObject wrapping QRemoteObjectReplica 105553124142656
LogosAPIClient: getToken for module: "modules_state"
LogosAPIClient: Found token for module: "modules_state"
[LogosObject] LogosAPIConsumer: async calling via LogosObject::callMethodAsync "note_transition"
[LogosObject] RemoteLogosObject::callMethodAsync "note_transition" args: 7
LogosAPIConsumer: informModuleToken completed with result: true
[LogosObject] Destroying RemoteLogosObject 0
Loaded UI plugin: "/nix/store/0qnbr8sh9kp4h3q230appx22j4s532mb-logos-forum_module-plugin-dir"
[QmlInspector] Inspector server listening on port 3768
[QmlInspector] Client connected from "::1"
[2026-10-04 18:28:04.428] [warning] [logos] [capability_module] Warning: QObject::connect: No such signal ::eventResponse(QString,QVariantList)
[2026-10-04 18:28:04.428] [info] [logos] [delivery_module] DeliveryModuleImpl::getNodeInfo called with nodeInfoId: MyPeerId
[2026-10-04 18:28:04.428] [info] [logos] [delivery_module] DeliveryModuleImpl: Cannot get node info - context not initialized. Call createNode first.
[2026-10-04 18:28:04.428] [info] [logos] [delivery_module] DeliveryModuleImpl::createNode called
[2026-10-04 18:28:04.434] [info] [logos] [delivery_module] DeliveryModuleImpl: Waiting for createNode callback...
[2026-10-04 18:28:04.436] [out] [delivery_module] DBG 2026-10-04 18:28:04.435+02:00 Whether to mount storeSync is not specified, defaulting to not mounting topics="waku conf builder" tid=6076570
[2026-10-04 18:28:04.436] [out] [delivery_module] NTC 2026-10-04 18:28:04.436+02:00 No node key provided, generated a new one; identity will not persist across restarts topics="waku conf builder" tid=6076570
[2026-10-04 18:28:04.436] [out] [delivery_module] INF 2026-10-04 18:28:04.436+02:00 Sharding configuration:                    topics="waku conf builder" tid=6076570 shardingConf="(kind: AutoSharding, numShardsInCluster: 8)" subscribeShards="@[0, 1, 2, 3, 4, 5, 6, 7]"
[2026-10-04 18:28:04.436] [out] [delivery_module] INF 2026-10-04 18:28:04.436+02:00 Configuration: Enabled protocols           topics="waku conf" tid=6076570 relay=true rlnRelay=false store=false filter=true lightPush=true peerExchange=true rendezvous=true
[2026-10-04 18:28:04.436] [out] [delivery_module] INF 2026-10-04 18:28:04.436+02:00 Configuration. Network                     topics="waku conf" tid=6076570 cluster=3
[2026-10-04 18:28:04.436] [out] [delivery_module] DBG 2026-10-04 18:28:04.436+02:00 Configuration. Active Relay Shards         topics="waku conf" tid=6076570 shard=0
[2026-10-04 18:28:04.436] [out] [delivery_module] DBG 2026-10-04 18:28:04.436+02:00 Configuration. Active Relay Shards         topics="waku conf" tid=6076570 shard=1
[2026-10-04 18:28:04.436] [out] [delivery_module] DBG 2026-10-04 18:28:04.436+02:00 Configuration. Active Relay Shards         topics="waku conf" tid=6076570 shard=2
[2026-10-04 18:28:04.436] [out] [delivery_module] DBG 2026-10-04 18:28:04.436+02:00 Configuration. Active Relay Shards         topics="waku conf" tid=6076570 shard=3
[2026-10-04 18:28:04.436] [out] [delivery_module] DBG 2026-10-04 18:28:04.436+02:00 Configuration. Active Relay Shards         topics="waku conf" tid=6076570 shard=4
[2026-10-04 18:28:04.436] [out] [delivery_module] DBG 2026-10-04 18:28:04.436+02:00 Configuration. Active Relay Shards         topics="waku conf" tid=6076570 shard=5
[2026-10-04 18:28:04.436] [out] [delivery_module] DBG 2026-10-04 18:28:04.436+02:00 Configuration. Active Relay Shards         topics="waku conf" tid=6076570 shard=6
[2026-10-04 18:28:04.436] [out] [delivery_module] DBG 2026-10-04 18:28:04.436+02:00 Configuration. Active Relay Shards         topics="waku conf" tid=6076570 shard=7
[2026-10-04 18:28:04.436] [out] [delivery_module] INF 2026-10-04 18:28:04.436+02:00 Setting up storage                         tid=6076570
[2026-10-04 18:28:04.436] [out] [delivery_module] INF 2026-10-04 18:28:04.436+02:00 Initializing node                          tid=6076570
[2026-10-04 18:28:04.436] [out] [delivery_module] DBG 2026-10-04 18:28:04.436+02:00 Setting up NATService                      topics="libp2p natservice" tid=6076570 portMapping=true reachability=false holePunching=false
[2026-10-04 18:28:04.436] [out] [delivery_module] INF 2026-10-04 18:28:04.436+02:00 Initializing networking                    tid=6076570 addrs="@[/ip4/0.0.0.0/tcp/0, /ip4/0.0.0.0/udp/0/quic-v1]"
[2026-10-04 18:28:04.436] [out] [delivery_module] INF 2026-10-04 18:28:04.436+02:00 Mounting protocols                         tid=6076570
[2026-10-04 18:28:04.437] [out] [delivery_module] INF 2026-10-04 18:28:04.436+02:00 Created WakuMetadata protocol              topics="waku node" tid=6076570 clusterId=3 shards="[0, 1, 2, 3, 4, 5, 6, 7]"
[2026-10-04 18:28:04.437] [out] [delivery_module] INF 2026-10-04 18:28:04.437+02:00 Mounting mix protocol                      topics="waku node" tid=6076570INF 2026-10-04 18:28:04.437+02:00 node info                                  topics="waku node" tid=6076570 wakuInfo="(listenAddresses: [/ip4/0.0.0.0/tcp/0/p2p/16Uiu2HAmJYciuT2s3xyGckraHNCKTU7chGjeW7zLcXVRoVHv8wAS, /ip4/0.0.0.0/udp/0/quic-v1/p2p/16Uiu2HAmJYciuT2s3xyGckraHNCKTU7chGjeW7zLcXVRoVHv8wAS], enrUri: enr:-JO4QOnfAZGZQHb5MxEprPX03cimZCtbbFnGMN98Vrbx7xZtX2lZykVbT-qmBISB4CXA6gTnn6unFTvlMu-KJRNQAF4BgmlkgnY0gnJzkwADCAAAAAEAAgADAAQABQAGAAeJc2VjcDI1NmsxoQNXhC6_lm-qGb_QToofJ21QgCgv6u7xkyo10RAgopuPI4V3YWt1Mi0, mixPubKey: none())"
[2026-10-04 18:28:04.437] [out] [delivery_module]  nodeId="(listenAddresses: [/ip4/0.0.0.0/tcp/0/p2p/16Uiu2HAmJYciuT2s3xyGckraHNCKTU7chGjeW7zLcXVRoVHv8wAS, /ip4/0.0.0.0/udp/0/quic-v1/p2p/16Uiu2HAmJYciuT2s3xyGckraHNCKTU7chGjeW7zLcXVRoVHv8wAS], enrUri: enr:-JO4QOnfAZGZQHb5MxEprPX03cimZCtbbFnGMN98Vrbx7xZtX2lZykVbT-qmBISB4CXA6gTnn6unFTvlMu-KJRNQAF4BgmlkgnY0gnJzkwADCAAAAAEAAgADAAQABQAGAAeJc2VjcDI1NmsxoQNXhC6_lm-qGb_QToofJ21QgCgv6u7xkyo10RAgopuPI4V3YWt1Mi0, mixPubKey: none())"
[2026-10-04 18:28:04.437] [out] [delivery_module] INF 2026-10-04 18:28:04.437+02:00 local addr                                 topics="waku node" tid=6076570 localaddr=/ip4/0.0.0.0/tcp/0
[2026-10-04 18:28:04.437] [out] [delivery_module] INF 2026-10-04 18:28:04.437+02:00 mixPubKey                                  topics="waku node" tid=6076570 mixPubKey="[50, 41, 67, 129, 252, 224, 104, 185, 46, 192, 171, 139, 122, 239, 37, 146, 84, 228, 192, 229, 93, 3, 223, 167, 177, 61, 2, 226, 151, 150, 26, 53]"
[2026-10-04 18:28:04.437] [out] [delivery_module] INF 2026-10-04 18:28:04.437+02:00 Using mix bootstrap nodes                  topics="waku mix" tid=6076570 entries=0 poolSize=0
[2026-10-04 18:28:04.437] [out] [delivery_module] INF 2026-10-04 18:28:04.437+02:00 Mix cannot publish yet, waiting for more mix nodes topics="waku node" tid=6076570 poolSize=0 required=4
[2026-10-04 18:28:04.437] [out] [delivery_module] INF 2026-10-04 18:28:04.437+02:00 mounting store client                      topics="waku node store api" tid=6076570
[2026-10-04 18:28:04.437] [out] [delivery_module] INF 2026-10-04 18:28:04.437+02:00 Mounting auto sharding                     topics="waku node" tid=6076570 clusterId=3 shardCount=8
[2026-10-04 18:28:04.437] [out] [delivery_module] DBG 2026-10-04 18:28:04.437+02:00 Shards created from content topics         tid=6076570 contentTopics=[] shards=[]
[2026-10-04 18:28:04.437] [out] [delivery_module] DBG 2026-10-04 18:28:04.437+02:00 Setting max message size                   tid=6076570 num_bytes=153600
[2026-10-04 18:28:04.437] [out] [delivery_module] INF 2026-10-04 18:28:04.437+02:00 mounting relay protocol                    topics="waku node relay api" tid=6076570
[2026-10-04 18:28:04.437] [out] [delivery_module] DBG 2026-10-04 18:28:04.437+02:00 relay mounted successfully                 topics="waku node relay api" tid=6076570
[2026-10-04 18:28:04.437] [out] [delivery_module] DBG 2026-10-04 18:28:04.437+02:00 Adding validator to signed shards          tid=6076570 protectedShards=[] clusterId=3
[2026-10-04 18:28:04.438] [out] [delivery_module] INF 2026-10-04 18:28:04.437+02:00 Mounting rendezvous discovery protocol     topics="waku node" tid=6076570
[2026-10-04 18:28:04.438] [out] [delivery_module] INF 2026-10-04 18:28:04.438+02:00 Waku rendezvous initialized                topics="waku node" tid=6076570 clusterId=3 shards="[0, 1, 2, 3, 4, 5, 6, 7]" capabilities="[Relay, Filter, Lightpush, Mix]" wakuPeerRecord="(peerId: 16U*Hv8wAS, seqNo: 1791131284, addresses: [/ip4/0.0.0.0/tcp/0, /ip4/0.0.0.0/udp/0/quic-v1], mixKey: 0x32294381fce068b92ec0ab8b7aef259254e4c0e55d03dfa7b13d02e297961a35)"
[2026-10-04 18:28:04.438] [out] [delivery_module] INF 2026-10-04 18:28:04.438+02:00 Mounting rendezvous client                 topics="waku node" tid=6076570
[2026-10-04 18:28:04.438] [out] [delivery_module] INF 2026-10-04 18:28:04.438+02:00 Waku rendezvous client initialized         topics="waku node" tid=6076570 clusterId=3
[2026-10-04 18:28:04.438] [out] [delivery_module] INF 2026-10-04 18:28:04.438+02:00 mounting libp2p ping protocol              topics="waku node ping api" tid=6076570
[2026-10-04 18:28:04.438] [out] [delivery_module] INF 2026-10-04 18:28:04.438+02:00 mounting light push                        topics="waku node lightpush api" tid=6076570
[2026-10-04 18:28:04.438] [out] [delivery_module] INF 2026-10-04 18:28:04.438+02:00 mounting lightpush with relay              topics="waku node lightpush api" tid=6076570
[2026-10-04 18:28:04.438] [out] [delivery_module] DBG 2026-10-04 18:28:04.438+02:00 lightpush mounted successfully             topics="waku node lightpush api" tid=6076570
[2026-10-04 18:28:04.438] [out] [delivery_module] INF 2026-10-04 18:28:04.438+02:00 mounting legacy light push                 topics="waku node lightpush api" tid=6076570
[2026-10-04 18:28:04.438] [out] [delivery_module] INF 2026-10-04 18:28:04.438+02:00 mounting legacy lightpush with relay       topics="waku node lightpush api" tid=6076570
[2026-10-04 18:28:04.438] [out] [delivery_module] DBG 2026-10-04 18:28:04.438+02:00 legacy lightpush mounted successfully      topics="waku node lightpush api" tid=6076570
[2026-10-04 18:28:04.438] [out] [delivery_module] INF 2026-10-04 18:28:04.438+02:00 mounting light push client                 topics="waku node lightpush api" tid=6076570
[2026-10-04 18:28:04.438] [out] [delivery_module] INF 2026-10-04 18:28:04.438+02:00 mounting legacy light push client          topics="waku node lightpush api" tid=6076570
[2026-10-04 18:28:04.438] [out] [delivery_module] INF 2026-10-04 18:28:04.438+02:00 mounting filter protocol                   topics="waku node filter api" tid=6076570
[2026-10-04 18:28:04.438] [out] [delivery_module] INF 2026-10-04 18:28:04.438+02:00 Starting filter protocol                   topics="waku filter" tid=6076570
[2026-10-04 18:28:04.438] [out] [delivery_module] DBG 2026-10-04 18:28:04.438+02:00 Starting to maintain subscriptions         topics="waku filter" tid=6076570
[2026-10-04 18:28:04.438] [out] [delivery_module] DBG 2026-10-04 18:28:04.438+02:00 Maintaining subscriptions                  topics="waku filter" tid=6076570
[2026-10-04 18:28:04.438] [out] [delivery_module] DBG 2026-10-04 18:28:04.438+02:00 Cleanup                                    topics="waku filter subscriptions" tid=6076570 currentPeerIds=[]
[2026-10-04 18:28:04.438] [out] [delivery_module] DBG 2026-10-04 18:28:04.438+02:00 After cleanup                              topics="waku filter subscriptions" tid=6076570 currentPeerIds=[]
[2026-10-04 18:28:04.438] [out] [delivery_module] INF 2026-10-04 18:28:04.438+02:00 mounting filter client                     topics="waku node filter api" tid=6076570
[2026-10-04 18:28:04.438] [out] [delivery_module] INF 2026-10-04 18:28:04.438+02:00 mounting waku peer exchange                topics="waku node peerexchange api" tid=6076570
[2026-10-04 18:28:04.438] [out] [delivery_module] INF 2026-10-04 18:28:04.438+02:00 mounting waku peer exchange client         topics="waku node peerexchange api" tid=6076570
[2026-10-04 18:28:04.438] [out] [delivery_module] INF 2026-10-04 18:28:04.438+02:00 No external callbacks to be set            topics="wakunode waku" tid=6076570
[2026-10-04 18:28:04.438] [out] [delivery_module] INF 2026-10-04 18:28:04.438+02:00 Setting up AutonatService                  topics="libp2p autonatservice" tid=6076570
[2026-10-04 18:28:04.438] [info] [logos] [delivery_module] DeliveryModuleImpl::createNode callback called with ret: 0
[2026-10-04 18:28:04.438] [info] [logos] [delivery_module] DeliveryModuleImpl: Delivery context created successfully
[2026-10-04 18:28:04.439] [info] [logos] [delivery_module] DeliveryModuleImpl::start called
[2026-10-04 18:28:04.439] [out] [delivery_module] INF 2026-10-04 18:28:04.439+02:00 Retrieve dynamic bootstrap nodes           topics="wakunode waku" tid=6076570
[2026-10-04 18:28:04.439] [info] [logos] [delivery_module] DeliveryModuleImpl::getNodeInfo called with nodeInfoId: MyPeerId
[2026-10-04 18:28:04.439] [out] [delivery_module] INF 2026-10-04 18:28:04.439+02:00 Running nwaku node                         tid=6076570 version=v0.39.0-gca2814
[2026-10-04 18:28:04.439] [out] [delivery_module] INF 2026-10-04 18:28:04.439+02:00 Starting Waku node                         topics="waku node" tid=6076570 version=v0.39.0-gca2814
[2026-10-04 18:28:04.439] [out] [delivery_module] DBG 2026-10-04 18:28:04.439+02:00 Waku rendezvous periodic requests started  topics="waku rendezvous client" tid=6076570 interval=10s
[2026-10-04 18:28:04.439] [out] [delivery_module] INF 2026-10-04 18:28:04.439+02:00 Waku rendezvous client started             topics="waku rendezvous client" tid=6076570
[2026-10-04 18:28:04.439] [out] [delivery_module] DBG 2026-10-04 18:28:04.439+02:00 starting switch for peer                   topics="libp2p switch" tid=6076570 peerInfo="(peerId: 16Uiu2HAmJYciuT2s3xyGckraHNCKTU7chGjeW7zLcXVRoVHv8wAS, listenAddrs: [/ip4/0.0.0.0/tcp/0, /ip4/0.0.0.0/udp/0/quic-v1], addrs: [], protocols: [/ipfs/id/1.0.0, /libp2p/autonat/1.0.0, /libp2p/circuit/relay/0.2.0/hop, /vac/waku/metadata/1.0.0, /mix/1.0.0, /logos/service-discovery/1.0.0, /vac/waku/relay/2.0.0, /vac/waku/rendezvous/1.0.0, /ipfs/ping/1.0.0, /vac/waku/lightpush/3.0.0, /vac/waku/lightpush/2.0.0-beta1, /vac/waku/filter-subscribe/2.0.0-beta1, /vac/waku/filter-push/2.0.0-beta1, /vac/waku/peer-exchange/2.0.0-alpha1], protoVersion: ipfs/0.1.0, agentVersion: logos-delivery-v0.39.0-gca2814)"
[2026-10-04 18:28:04.439] [out] [delivery_module] DBG 2026-10-04 18:28:04.439+02:00 No private listen addresses to map; releasing any prior mappings topics="libp2p natservice" tid=6076570
[2026-10-04 18:28:04.439] [out] [delivery_module] DBG 2026-10-04 18:28:04.439+02:00 Configured QUIC UDP receive buffer         tid=6076570 requestedBytes=8388608 effectiveBytes=8388608
[2026-10-04 18:28:04.439] [out] [delivery_module] DBG 2026-10-04 18:28:04.439+02:00 About to accept incoming connection        topics="libp2p switch" tid=6076570
[2026-10-04 18:28:04.439] [out] [delivery_module] DBG 2026-10-04 18:28:04.439+02:00 About to accept incoming connection        topics="libp2p switch" tid=6076570
[2026-10-04 18:28:04.440] [out] [delivery_module] DBG 2026-10-04 18:28:04.440+02:00 No private listen addresses to map; releasing any prior mappings topics="libp2p natservice" tid=6076570
[2026-10-04 18:28:04.440] [out] [delivery_module] DBG 2026-10-04 18:28:04.440+02:00 Lookup query                               topics="kad-dht find" tid=6076570 peer=16U*TwqBiH
[2026-10-04 18:28:04.440] [out] [delivery_module] DBG 2026-10-04 18:28:04.440+02:00 Dialing peer                               topics="libp2p dialer" tid=6076570 peerId=16U*TwqBiH addrs="[/dns4/delivery-02.gc-us-central1-a.logos.dev.status.im/tcp/30303]"
[2026-10-04 18:28:04.440] [out] [delivery_module] DBG 2026-10-04 18:28:04.440+02:00 resolved addresses                         topics="libp2p dialer" tid=6076570 originalAddresses=/dns4/delivery-02.gc-us-central1-a.logos.dev.status.im/tcp/30303/p2p/16Uiu2HAm8Y9kgBNtjxvCnf1X6gnZJW5EGE4UwwCL3CCm55TwqBiH resolvedAddresses="[/dns4/delivery-02.gc-us-central1-a.logos.dev.status.im/tcp/30303/p2p/16Uiu2HAm8Y9kgBNtjxvCnf1X6gnZJW5EGE4UwwCL3CCm55TwqBiH]"
[2026-10-04 18:28:04.440] [out] [delivery_module] DBG 2026-10-04 18:28:04.440+02:00 Lookup query                               topics="kad-dht find" tid=6076570 peer=16U*NSkuby
[2026-10-04 18:28:04.440] [out] [delivery_module] DBG 2026-10-04 18:28:04.440+02:00 Dialing peer                               topics="libp2p dialer" tid=6076570 peerId=16U*NSkuby addrs="[/dns4/delivery-01.do-ams3.logos.dev.status.im/tcp/30303]"
[2026-10-04 18:28:04.440] [out] [delivery_module] DBG 2026-10-04 18:28:04.440+02:00 resolved addresses                         topics="libp2p dialer" tid=6076570 originalAddresses=/dns4/delivery-01.do-ams3.logos.dev.status.im/tcp/30303/p2p/16Uiu2HAmTUbnxLGT9JvV6mu9oPyDjqHK4Phs1VDJNUgESgNSkuby resolvedAddresses="[/dns4/delivery-01.do-ams3.logos.dev.status.im/tcp/30303/p2p/16Uiu2HAmTUbnxLGT9JvV6mu9oPyDjqHK4Phs1VDJNUgESgNSkuby]"
[2026-10-04 18:28:04.440] [out] [delivery_module] DBG 2026-10-04 18:28:04.440+02:00 Lookup query                               topics="kad-dht find" tid=6076570 peer=16U*kGyuEP
[2026-10-04 18:28:04.440] [out] [delivery_module] DBG 2026-10-04 18:28:04.440+02:00 Dialing peer                               topics="libp2p dialer" tid=6076570 peerId=16U*kGyuEP addrs="[/dns4/delivery-01.ac-cn-hongkong-c.logos.dev.status.im/tcp/30303]"
[2026-10-04 18:28:04.440] [out] [delivery_module] DBG 2026-10-04 18:28:04.440+02:00 resolved addresses                         topics="libp2p dialer" tid=6076570 originalAddresses=/dns4/delivery-01.ac-cn-hongkong-c.logos.dev.status.im/tcp/30303/p2p/16Uiu2HAm8YokiNun9BkeA1ZRmhLbtNUvcwRr64F69tYj9fkGyuEP resolvedAddresses="[/dns4/delivery-01.ac-cn-hongkong-c.logos.dev.status.im/tcp/30303/p2p/16Uiu2HAm8YokiNun9BkeA1ZRmhLbtNUvcwRr64F69tYj9fkGyuEP]"
[2026-10-04 18:28:04.440] [out] [delivery_module] DBG 2026-10-04 18:28:04.440+02:00 Lookup query                               topics="kad-dht find" tid=6076570 peer=16U*VpJprH
[2026-10-04 18:28:04.440] [out] [delivery_module] DBG 2026-10-04 18:28:04.440+02:00 Dialing peer                               topics="libp2p dialer" tid=6076570 peerId=16U*VpJprH addrs="[/dns4/delivery-02.do-ams3.logos.dev.status.im/tcp/30303]"
[2026-10-04 18:28:04.440] [out] [delivery_module] DBG 2026-10-04 18:28:04.440+02:00 resolved addresses                         topics="libp2p dialer" tid=6076570 originalAddresses=/dns4/delivery-02.do-ams3.logos.dev.status.im/tcp/30303/p2p/16Uiu2HAmMK7PYygBtKUQ8EHp7EfaD3bCEsJrkFooK8RQ2PVpJprH resolvedAddresses="[/dns4/delivery-02.do-ams3.logos.dev.status.im/tcp/30303/p2p/16Uiu2HAmMK7PYygBtKUQ8EHp7EfaD3bCEsJrkFooK8RQ2PVpJprH]"
[2026-10-04 18:28:04.440] [out] [delivery_module] DBG 2026-10-04 18:28:04.440+02:00 Lookup query                               topics="kad-dht find" tid=6076570 peer=16U*P1S397
[2026-10-04 18:28:04.440] [out] [delivery_module] DBG 2026-10-04 18:28:04.440+02:00 Dialing peer                               topics="libp2p dialer" tid=6076570 peerId=16U*P1S397 addrs="[/dns4/delivery-01.gc-us-central1-a.logos.dev.status.im/tcp/30303]"
[2026-10-04 18:28:04.440] [out] [delivery_module] DBG 2026-10-04 18:28:04.440+02:00 resolved addresses                         topics="libp2p dialer" tid=6076570 originalAddresses=/dns4/delivery-01.gc-us-central1-a.logos.dev.status.im/tcp/30303/p2p/16Uiu2HAm4S1JYkuzDKLKQvwgAhZKs9otxXqt8SCGtB4hoJP1S397 resolvedAddresses="[/dns4/delivery-01.gc-us-central1-a.logos.dev.status.im/tcp/30303/p2p/16Uiu2HAm4S1JYkuzDKLKQvwgAhZKs9otxXqt8SCGtB4hoJP1S397]"
[2026-10-04 18:28:04.440] [out] [delivery_module] DBG 2026-10-04 18:28:04.440+02:00 Lookup query                               topics="kad-dht find" tid=6076570 peer=16U*T3UNSE
[2026-10-04 18:28:04.441] [out] [delivery_module] DBG 2026-10-04 18:28:04.440+02:00 Dialing peer                               topics="libp2p dialer" tid=6076570 peerId=16U*T3UNSE addrs="[/dns4/delivery-02.ac-cn-hongkong-c.logos.dev.status.im/tcp/30303]"
[2026-10-04 18:28:04.441] [out] [delivery_module] DBG 2026-10-04 18:28:04.441+02:00 resolved addresses                         topics="libp2p dialer" tid=6076570 originalAddresses=/dns4/delivery-02.ac-cn-hongkong-c.logos.dev.status.im/tcp/30303/p2p/16Uiu2HAkvwhGHKNry6LACrB8TmEFoCJKEX29XR5dDUzk3UT3UNSE resolvedAddresses="[/dns4/delivery-02.ac-cn-hongkong-c.logos.dev.status.im/tcp/30303/p2p/16Uiu2HAkvwhGHKNry6LACrB8TmEFoCJKEX29XR5dDUzk3UT3UNSE]"
[2026-10-04 18:28:04.441] [out] [delivery_module] ERR 2026-10-04 18:28:04.441+02:00 Failed to create signed extended peer record topics="service-discovery" tid=6076570 error="no dialable address to publish yet"
[2026-10-04 18:28:04.441] [out] [delivery_module] INF 2026-10-04 18:28:04.441+02:00 Service Discovery started                  topics="service-discovery" tid=6076570
[2026-10-04 18:28:04.441] [out] [delivery_module] INF 2026-10-04 18:28:04.441+02:00 start                                      topics="waku relay" tid=6076570
[2026-10-04 18:28:04.441] [out] [delivery_module] DBG 2026-10-04 18:28:04.441+02:00 Waku rendezvous periodic registration started topics="waku rendezvous" tid=6076570 interval=10s
[2026-10-04 18:28:04.441] [out] [delivery_module] INF 2026-10-04 18:28:04.441+02:00 Waku rendezvous discovery started          topics="waku rendezvous" tid=6076570
[2026-10-04 18:28:04.441] [out] [delivery_module] DBG 2026-10-04 18:28:04.441+02:00 Started libp2p node                        topics="libp2p switch" tid=6076570 peer="(peerId: 16Uiu2HAmJYciuT2s3xyGckraHNCKTU7chGjeW7zLcXVRoVHv8wAS, listenAddrs: [/ip4/0.0.0.0/tcp/53510, /ip4/0.0.0.0/udp/59448/quic-v1], addrs: [/ip4/0.0.0.0/tcp/53510, /ip4/0.0.0.0/udp/59448/quic-v1], protocols: [/ipfs/id/1.0.0, /libp2p/autonat/1.0.0, /libp2p/circuit/relay/0.2.0/hop, /vac/waku/metadata/1.0.0, /mix/1.0.0, /logos/service-discovery/1.0.0, /vac/waku/relay/2.0.0, /vac/waku/rendezvous/1.0.0, /ipfs/ping/1.0.0, /vac/waku/lightpush/3.0.0, /vac/waku/lightpush/2.0.0-beta1, /vac/waku/filter-subscribe/2.0.0-beta1, /vac/waku/filter-push/2.0.0-beta1, /vac/waku/peer-exchange/2.0.0-alpha1], protoVersion: ipfs/0.1.0, agentVersion: logos-delivery-v0.39.0-gca2814)"
[2026-10-04 18:28:04.442] [out] [delivery_module] INF 2026-10-04 18:28:04.442+02:00 Announced base resolved                    topics="waku node" tid=6076570 addrs="@[/ip4/172.20.10.14/tcp/53510, /ip4/172.20.10.14/udp/59448/quic-v1]" explicit=@[]
[2026-10-04 18:28:04.443] [info] [logos] [delivery_module] DeliveryModuleImpl::subscribe called with contentTopic: /lp0026forum/1/general/text
[2026-10-04 18:28:04.443] [out] [delivery_module] DBG 2026-10-04 18:28:04.443+02:00 Subscribing to pubsub topic                topics="waku relay" tid=6076570 pubsubTopic=/waku/2/rs/3/7
[2026-10-04 18:28:04.443] [out] [delivery_module] DBG 2026-10-04 18:28:04.443+02:00 No mesh peer for the given pubsub topic    topics="waku relay" tid=6076570 pubsubTopic=/waku/2/rs/3/7
[2026-10-04 18:28:04.443] [info] [logos] [delivery_module] DeliveryModuleImpl: Subscribe completed for topic: /lp0026forum/1/general/text with success
[2026-10-04 18:28:04.642] [out] [delivery_module] INF 2026-10-04 18:28:04.642+02:00 Using mix bootstrap nodes                  topics="waku mix" tid=6076570 entries=1 poolSize=1
[2026-10-04 18:28:04.643] [out] [delivery_module] INF 2026-10-04 18:28:04.643+02:00 Using mix bootstrap nodes                  topics="waku mix" tid=6076570 entries=1 poolSize=2
[2026-10-04 18:28:04.643] [out] [delivery_module] DBG 2026-10-04 18:28:04.643+02:00 Expanded address and hostname              topics="libp2p dialer" tid=6076570 expandedAddress=/dns4/delivery-01.gc-us-central1-a.logos.dev.status.im/tcp/30303 hostname=delivery-01.gc-us-central1-a.logos.dev.status.im resolvedAddresses="[/ip4/136.119.156.87/tcp/30303]"
[2026-10-04 18:28:04.643] [out] [delivery_module] INF 2026-10-04 18:28:04.643+02:00 Using mix bootstrap nodes                  topics="waku mix" tid=6076570 entries=1 poolSize=3
[2026-10-04 18:28:04.644] [out] [delivery_module] INF 2026-10-04 18:28:04.644+02:00 Using mix bootstrap nodes                  topics="waku mix" tid=6076570 entries=1 poolSize=4
[2026-10-04 18:28:04.644] [out] [delivery_module] INF 2026-10-04 18:28:04.644+02:00 Using mix bootstrap nodes                  topics="waku mix" tid=6076570 entries=1 poolSize=5
[2026-10-04 18:28:04.644] [out] [delivery_module] DBG 2026-10-04 18:28:04.644+02:00 Expanded address and hostname              topics="libp2p dialer" tid=6076570 expandedAddress=/dns4/delivery-02.do-ams3.logos.dev.status.im/tcp/30303 hostname=delivery-02.do-ams3.logos.dev.status.im resolvedAddresses="[/ip4/174.138.106.244/tcp/30303]"
[2026-10-04 18:28:04.645] [out] [delivery_module] INF 2026-10-04 18:28:04.645+02:00 Using mix bootstrap nodes                  topics="waku mix" tid=6076570 entries=1 poolSize=6
[2026-10-04 18:28:04.653] [out] [delivery_module] DBG 2026-10-04 18:28:04.653+02:00 Expanded address and hostname              topics="libp2p dialer" tid=6076570 expandedAddress=/dns4/delivery-01.ac-cn-hongkong-c.logos.dev.status.im/tcp/30303 hostname=delivery-01.ac-cn-hongkong-c.logos.dev.status.im resolvedAddresses="[/ip4/47.242.130.189/tcp/30303]"
[2026-10-04 18:28:04.653] [out] [delivery_module] DBG 2026-10-04 18:28:04.653+02:00 Expanded address and hostname              topics="libp2p dialer" tid=6076570 expandedAddress=/dns4/delivery-02.ac-cn-hongkong-c.logos.dev.status.im/tcp/30303 hostname=delivery-02.ac-cn-hongkong-c.logos.dev.status.im resolvedAddresses="[/ip4/43.99.103.10/tcp/30303]"
[2026-10-04 18:28:04.653] [out] [delivery_module] DBG 2026-10-04 18:28:04.653+02:00 Expanded address and hostname              topics="libp2p dialer" tid=6076570 expandedAddress=/dns4/delivery-02.gc-us-central1-a.logos.dev.status.im/tcp/30303 hostname=delivery-02.gc-us-central1-a.logos.dev.status.im resolvedAddresses="[/ip4/34.123.201.25/tcp/30303]"
[2026-10-04 18:28:04.653] [out] [delivery_module] DBG 2026-10-04 18:28:04.653+02:00 Expanded address and hostname              topics="libp2p dialer" tid=6076570 expandedAddress=/dns4/delivery-01.do-ams3.logos.dev.status.im/tcp/30303 hostname=delivery-01.do-ams3.logos.dev.status.im resolvedAddresses="[/ip4/138.68.122.137/tcp/30303]"
[2026-10-04 18:28:05.440] [out] [delivery_module] DBG 2026-10-04 18:28:05.440+02:00 Dial successful                            topics="libp2p dialer" tid=6076570 peerId=16U*NSkuby
[2026-10-04 18:28:05.441] [out] [delivery_module] DBG 2026-10-04 18:28:05.441+02:00 no listener registered                     tid=6076571 event=onConnectionChange
[2026-10-04 18:28:05.441] [out] [delivery_module] DBG 2026-10-04 18:28:05.441+02:00 starting sendNonHighPriorityTask           topics="libp2p pubsubpeer" tid=6076570 p=16U*NSkuby
[2026-10-04 18:28:05.441] [out] [delivery_module] DBG 2026-10-04 18:28:05.441+02:00 created new pubsub peer                    topics="libp2p pubsub" tid=6076570 peerId=16U*NSkuby
[2026-10-04 18:28:05.443] [out] [delivery_module] WRN 2026-10-04 18:28:05.443+02:00 NAT port mapping failed                    topics="libp2p natservice" tid=6076570 port=53510 proto=mpTcp err="plum: mapping 0 failed"
[2026-10-04 18:28:05.446] [out] [delivery_module] DBG 2026-10-04 18:28:05.446+02:00 Incoming WakuRelay connection              topics="waku relay" tid=6076570 connection=16U*NSkuby:6ac27e952e80e23ea7791bc5 protocol=/vac/waku/relay/2.0.0
[2026-10-04 18:28:05.446] [out] [delivery_module] DBG 2026-10-04 18:28:05.446+02:00 starting pubsub read loop                  topics="libp2p pubsubpeer" tid=6076570 stream=16U*NSkuby:6ac27e952e80e23ea7791bc5 peer=16U*NSkuby closed=false
[2026-10-04 18:28:05.446] [out] [delivery_module] DBG 2026-10-04 18:28:05.446+02:00 identify: info sent                        topics="libp2p identify" tid=6076570 stream=16U*NSkuby:6ac27e952e80e23ea7791bc6 info="(peerId: 16Uiu2HAmJYciuT2s3xyGckraHNCKTU7chGjeW7zLcXVRoVHv8wAS, listenAddrs: [/ip4/0.0.0.0/tcp/53510, /ip4/0.0.0.0/udp/59448/quic-v1], addrs: [/ip4/0.0.0.0/tcp/53510, /ip4/0.0.0.0/udp/59448/quic-v1], protocols: [/ipfs/id/1.0.0, /libp2p/autonat/1.0.0, /libp2p/circuit/relay/0.2.0/hop, /vac/waku/metadata/1.0.0, /mix/1.0.0, /logos/service-discovery/1.0.0, /vac/waku/relay/2.0.0, /vac/waku/rendezvous/1.0.0, /ipfs/ping/1.0.0, /vac/waku/lightpush/3.0.0, /vac/waku/lightpush/2.0.0-beta1, /vac/waku/filter-subscribe/2.0.0-beta1, /vac/waku/filter-push/2.0.0-beta1, /vac/waku/peer-exchange/2.0.0-alpha1], protoVersion: ipfs/0.1.0, agentVersion: logos-delivery-v0.39.0-gca2814)"
[2026-10-04 18:28:05.596] [out] [delivery_module] DBG 2026-10-04 18:28:05.596+02:00 starting pubsub read loop                  topics="libp2p pubsubpeer" tid=6076570 stream=16U*NSkuby:6ac27e952e80e23ea7791bc3 peer=16U*NSkuby closed=false
[2026-10-04 18:28:05.619] [out] [delivery_module] DBG 2026-10-04 18:28:05.619+02:00 identify: info received                    topics="libp2p identify" tid=6076570 stream=16U*NSkuby:6ac27e952e80e23ea7791bc4 pubkey=ok(sec...9ab7)) addresses=/ip4/138.68.122.137/tcp/30303,/ip4/138.68.122.137/udp/30303/quic-v1,/dns4/delivery-01.do-ams3.logos.dev.status.im/tcp/30303 protocols=/ipfs/id/1.0.0,/libp2p/autonat/1.0.0,/libp2p/circuit/relay/0.2.0/hop,/vac/waku/metadata/1.0.0,/mix/1.0.0,/logos/service-discovery/1.0.0,/vac/waku/store-query/3.0.0,/vac/waku/relay/2.0.0,/vac/waku/rendezvous/1.0.0,/ipfs/ping/1.0.0,/vac/waku/lightpush/3.0.0,/vac/waku/lightpush/2.0.0-beta1,/vac/waku/filter-subscribe/2.0.0-beta1,/vac/waku/filter-push/2.0.0-beta1,/vac/waku/peer-exchange/2.0.0-alpha1 observable_address=ok(/ip4/109.41.112.89/tcp/45062) proto_version=ipfs/0.1.0 agent_version=logos-delivery-v0.39.0-gca2814 signedPeerRecord=None
[2026-10-04 18:28:05.620] [out] [delivery_module] DBG 2026-10-04 18:28:05.620+02:00 Event identified                           topics="waku node peer_manager" tid=6076570 peerId=16U*NSkuby
[2026-10-04 18:28:05.620] [out] [delivery_module] DBG 2026-10-04 18:28:05.620+02:00 no listener registered                     tid=6076571 event=onConnectionChange
[2026-10-04 18:28:05.846] [out] [delivery_module] DBG 2026-10-04 18:28:05.846+02:00 Dial successful                            topics="libp2p dialer" tid=6076570 peerId=16U*TwqBiH
[2026-10-04 18:28:05.846] [out] [delivery_module] DBG 2026-10-04 18:28:05.846+02:00 starting sendNonHighPriorityTask           topics="libp2p pubsubpeer" tid=6076570 p=16U*TwqBiH
[2026-10-04 18:28:05.846] [out] [delivery_module] DBG 2026-10-04 18:28:05.846+02:00 created new pubsub peer                    topics="libp2p pubsub" tid=6076570 peerId=16U*TwqBiH
[2026-10-04 18:28:05.846] [out] [delivery_module] DBG 2026-10-04 18:28:05.846+02:00 no listener registered                     tid=6076571 event=onConnectionChange
[2026-10-04 18:28:05.846] [out] [delivery_module] DBG 2026-10-04 18:28:05.846+02:00 Incoming WakuRelay connection              topics="waku relay" tid=6076570 connection=16U*TwqBiH:6ac27e952e80e23ea7791bcd protocol=/vac/waku/relay/2.0.0
[2026-10-04 18:28:05.846] [out] [delivery_module] DBG 2026-10-04 18:28:05.846+02:00 starting pubsub read loop                  topics="libp2p pubsubpeer" tid=6076570 stream=16U*TwqBiH:6ac27e952e80e23ea7791bcd peer=16U*TwqBiH closed=false
[2026-10-04 18:28:05.846] [out] [delivery_module] DBG 2026-10-04 18:28:05.846+02:00 identify: info sent                        topics="libp2p identify" tid=6076570 stream=16U*TwqBiH:6ac27e952e80e23ea7791bce info="(peerId: 16Uiu2HAmJYciuT2s3xyGckraHNCKTU7chGjeW7zLcXVRoVHv8wAS, listenAddrs: [/ip4/0.0.0.0/tcp/53510, /ip4/0.0.0.0/udp/59448/quic-v1], addrs: [/ip4/0.0.0.0/tcp/53510, /ip4/0.0.0.0/udp/59448/quic-v1], protocols: [/ipfs/id/1.0.0, /libp2p/autonat/1.0.0, /libp2p/circuit/relay/0.2.0/hop, /vac/waku/metadata/1.0.0, /mix/1.0.0, /logos/service-discovery/1.0.0, /vac/waku/relay/2.0.0, /vac/waku/rendezvous/1.0.0, /ipfs/ping/1.0.0, /vac/waku/lightpush/3.0.0, /vac/waku/lightpush/2.0.0-beta1, /vac/waku/filter-subscribe/2.0.0-beta1, /vac/waku/filter-push/2.0.0-beta1, /vac/waku/peer-exchange/2.0.0-alpha1], protoVersion: ipfs/0.1.0, agentVersion: logos-delivery-v0.39.0-gca2814)"
[2026-10-04 18:28:05.847] [out] [delivery_module] DBG 2026-10-04 18:28:05.847+02:00 Dial successful                            topics="libp2p dialer" tid=6076570 peerId=16U*P1S397
[2026-10-04 18:28:05.847] [out] [delivery_module] DBG 2026-10-04 18:28:05.847+02:00 Received WakuMetadata request              topics="waku metadata" tid=6076570 remoteClusterId=ok(3) remoteShards="[5, 0, 2, 1, 4, 7, 3, 6]" localClusterId=3 localShards="[7]" peer=16U*NSkuby
[2026-10-04 18:28:05.847] [out] [delivery_module] DBG 2026-10-04 18:28:05.847+02:00 starting sendNonHighPriorityTask           topics="libp2p pubsubpeer" tid=6076570 p=16U*P1S397
[2026-10-04 18:28:05.847] [out] [delivery_module] DBG 2026-10-04 18:28:05.847+02:00 created new pubsub peer                    topics="libp2p pubsub" tid=6076570 peerId=16U*P1S397
[2026-10-04 18:28:05.847] [out] [delivery_module] DBG 2026-10-04 18:28:05.847+02:00 no listener registered                     tid=6076571 event=onConnectionChange
[2026-10-04 18:28:05.848] [out] [delivery_module] DBG 2026-10-04 18:28:05.847+02:00 Incoming WakuRelay connection              topics="waku relay" tid=6076570 connection=16U*P1S397:6ac27e952e80e23ea7791bd1 protocol=/vac/waku/relay/2.0.0
[2026-10-04 18:28:05.848] [out] [delivery_module] DBG 2026-10-04 18:28:05.848+02:00 starting pubsub read loop                  topics="libp2p pubsubpeer" tid=6076570 stream=16U*P1S397:6ac27e952e80e23ea7791bd1 peer=16U*P1S397 closed=false
[2026-10-04 18:28:05.848] [out] [delivery_module] DBG 2026-10-04 18:28:05.848+02:00 identify: info sent                        topics="libp2p identify" tid=6076570 stream=16U*P1S397:6ac27e952e80e23ea7791bd2 info="(peerId: 16Uiu2HAmJYciuT2s3xyGckraHNCKTU7chGjeW7zLcXVRoVHv8wAS, listenAddrs: [/ip4/0.0.0.0/tcp/53510, /ip4/0.0.0.0/udp/59448/quic-v1], addrs: [/ip4/0.0.0.0/tcp/53510, /ip4/0.0.0.0/udp/59448/quic-v1], protocols: [/ipfs/id/1.0.0, /libp2p/autonat/1.0.0, /libp2p/circuit/relay/0.2.0/hop, /vac/waku/metadata/1.0.0, /mix/1.0.0, /logos/service-discovery/1.0.0, /vac/waku/relay/2.0.0, /vac/waku/rendezvous/1.0.0, /ipfs/ping/1.0.0, /vac/waku/lightpush/3.0.0, /vac/waku/lightpush/2.0.0-beta1, /vac/waku/filter-subscribe/2.0.0-beta1, /vac/waku/filter-push/2.0.0-beta1, /vac/waku/peer-exchange/2.0.0-alpha1], protoVersion: ipfs/0.1.0, agentVersion: logos-delivery-v0.39.0-gca2814)"
[2026-10-04 18:28:05.953] [out] [delivery_module] DBG 2026-10-04 18:28:05.953+02:00 no listener registered                     tid=6076571 event=onConnectionChange
[2026-10-04 18:28:06.096] [out] [delivery_module] DBG 2026-10-04 18:28:06.096+02:00 identify: info received                    topics="libp2p identify" tid=6076570 stream=16U*TwqBiH:6ac27e952e80e23ea7791bd0 pubkey=ok(sec...fed6)) addresses=/ip4/34.123.201.25/tcp/30303,/ip4/34.123.201.25/udp/30303/quic-v1,/dns4/delivery-02.gc-us-central1-a.logos.dev.status.im/tcp/30303 protocols=/ipfs/id/1.0.0,/libp2p/autonat/1.0.0,/libp2p/circuit/relay/0.2.0/hop,/vac/waku/metadata/1.0.0,/mix/1.0.0,/logos/service-discovery/1.0.0,/vac/waku/store-query/3.0.0,/vac/waku/relay/2.0.0,/vac/waku/rendezvous/1.0.0,/ipfs/ping/1.0.0,/vac/waku/lightpush/3.0.0,/vac/waku/lightpush/2.0.0-beta1,/vac/waku/filter-subscribe/2.0.0-beta1,/vac/waku/filter-push/2.0.0-beta1,/vac/waku/peer-exchange/2.0.0-alpha1 observable_address=ok(/ip4/109.41.112.89/tcp/40797) proto_version=ipfs/0.1.0 agent_version=logos-delivery-v0.39.0-gca2814 signedPeerRecord=None
[2026-10-04 18:28:06.096] [out] [delivery_module] DBG 2026-10-04 18:28:06.096+02:00 starting pubsub read loop                  topics="libp2p pubsubpeer" tid=6076570 stream=16U*P1S397:6ac27e952e80e23ea7791bd3 peer=16U*P1S397 closed=false
[2026-10-04 18:28:06.096] [out] [delivery_module] DBG 2026-10-04 18:28:06.096+02:00 starting pubsub read loop                  topics="libp2p pubsubpeer" tid=6076570 stream=16U*TwqBiH:6ac27e952e80e23ea7791bcf peer=16U*TwqBiH closed=false
[2026-10-04 18:28:06.096] [out] [delivery_module] DBG 2026-10-04 18:28:06.096+02:00 Event identified                           topics="waku node peer_manager" tid=6076570 peerId=16U*TwqBiH
[2026-10-04 18:28:06.096] [out] [delivery_module] DBG 2026-10-04 18:28:06.096+02:00 no listener registered                     tid=6076571 event=onConnectionChange
[2026-10-04 18:28:06.097] [out] [delivery_module] DBG 2026-10-04 18:28:06.097+02:00 Dial successful                            topics="libp2p dialer" tid=6076570 peerId=16U*kGyuEP
[2026-10-04 18:28:06.097] [out] [delivery_module] DBG 2026-10-04 18:28:06.097+02:00 starting sendNonHighPriorityTask           topics="libp2p pubsubpeer" tid=6076570 p=16U*kGyuEP
[2026-10-04 18:28:06.097] [out] [delivery_module] DBG 2026-10-04 18:28:06.097+02:00 created new pubsub peer                    topics="libp2p pubsub" tid=6076570 peerId=16U*kGyuEP
[2026-10-04 18:28:06.097] [out] [delivery_module] DBG 2026-10-04 18:28:06.097+02:00 no listener registered                     tid=6076571 event=onConnectionChange
[2026-10-04 18:28:06.097] [out] [delivery_module] DBG 2026-10-04 18:28:06.097+02:00 identify: info received                    topics="libp2p identify" tid=6076570 stream=16U*P1S397:6ac27e952e80e23ea7791bd4 pubkey=ok(sec...97dc)) addresses=/ip4/136.119.156.87/tcp/30303,/ip4/136.119.156.87/udp/30303/quic-v1,/dns4/delivery-01.gc-us-central1-a.logos.dev.status.im/tcp/30303 protocols=/ipfs/id/1.0.0,/libp2p/autonat/1.0.0,/libp2p/circuit/relay/0.2.0/hop,/vac/waku/metadata/1.0.0,/mix/1.0.0,/logos/service-discovery/1.0.0,/vac/waku/store-query/3.0.0,/vac/waku/relay/2.0.0,/vac/waku/rendezvous/1.0.0,/ipfs/ping/1.0.0,/vac/waku/lightpush/3.0.0,/vac/waku/lightpush/2.0.0-beta1,/vac/waku/filter-subscribe/2.0.0-beta1,/vac/waku/filter-push/2.0.0-beta1,/vac/waku/peer-exchange/2.0.0-alpha1 observable_address=ok(/ip4/109.41.112.89/tcp/35334) proto_version=ipfs/0.1.0 agent_version=logos-delivery-v0.39.0-gca2814 signedPeerRecord=None
[2026-10-04 18:28:06.100] [out] [delivery_module] DBG 2026-10-04 18:28:06.100+02:00 Event identified                           topics="waku node peer_manager" tid=6076570 peerId=16U*P1S397
[2026-10-04 18:28:06.100] [out] [delivery_module] DBG 2026-10-04 18:28:06.100+02:00 no listener registered                     tid=6076571 event=onConnectionChange
[2026-10-04 18:28:06.100] [out] [delivery_module] DBG 2026-10-04 18:28:06.100+02:00 Incoming WakuRelay connection              topics="waku relay" tid=6076570 connection=16U*kGyuEP:6ac27e962e80e23ea7791bd9 protocol=/vac/waku/relay/2.0.0
[2026-10-04 18:28:06.100] [out] [delivery_module] DBG 2026-10-04 18:28:06.100+02:00 starting pubsub read loop                  topics="libp2p pubsubpeer" tid=6076570 stream=16U*kGyuEP:6ac27e962e80e23ea7791bd9 peer=16U*kGyuEP closed=false
[2026-10-04 18:28:06.100] [out] [delivery_module] DBG 2026-10-04 18:28:06.100+02:00 identify: info sent                        topics="libp2p identify" tid=6076570 stream=16U*kGyuEP:6ac27e962e80e23ea7791bda info="(peerId: 16Uiu2HAmJYciuT2s3xyGckraHNCKTU7chGjeW7zLcXVRoVHv8wAS, listenAddrs: [/ip4/0.0.0.0/tcp/53510, /ip4/0.0.0.0/udp/59448/quic-v1], addrs: [/ip4/0.0.0.0/tcp/53510, /ip4/0.0.0.0/udp/59448/quic-v1], protocols: [/ipfs/id/1.0.0, /libp2p/autonat/1.0.0, /libp2p/circuit/relay/0.2.0/hop, /vac/waku/metadata/1.0.0, /mix/1.0.0, /logos/service-discovery/1.0.0, /vac/waku/relay/2.0.0, /vac/waku/rendezvous/1.0.0, /ipfs/ping/1.0.0, /vac/waku/lightpush/3.0.0, /vac/waku/lightpush/2.0.0-beta1, /vac/waku/filter-subscribe/2.0.0-beta1, /vac/waku/filter-push/2.0.0-beta1, /vac/waku/peer-exchange/2.0.0-alpha1], protoVersion: ipfs/0.1.0, agentVersion: logos-delivery-v0.39.0-gca2814)"
[2026-10-04 18:28:06.122] [out] [delivery_module] DBG 2026-10-04 18:28:06.122+02:00 Dial successful                            topics="libp2p dialer" tid=6076570 peerId=16U*T3UNSE
[2026-10-04 18:28:06.122] [out] [delivery_module] DBG 2026-10-04 18:28:06.122+02:00 starting sendNonHighPriorityTask           topics="libp2p pubsubpeer" tid=6076570 p=16U*T3UNSE
[2026-10-04 18:28:06.122] [out] [delivery_module] DBG 2026-10-04 18:28:06.122+02:00 created new pubsub peer                    topics="libp2p pubsub" tid=6076570 peerId=16U*T3UNSE
[2026-10-04 18:28:06.122] [out] [delivery_module] DBG 2026-10-04 18:28:06.122+02:00 no listener registered                     tid=6076571 event=onConnectionChange
[2026-10-04 18:28:06.122] [out] [delivery_module] DBG 2026-10-04 18:28:06.122+02:00 Incoming WakuRelay connection              topics="waku relay" tid=6076570 connection=16U*T3UNSE:6ac27e962e80e23ea7791bde protocol=/vac/waku/relay/2.0.0
[2026-10-04 18:28:06.122] [out] [delivery_module] DBG 2026-10-04 18:28:06.122+02:00 starting pubsub read loop                  topics="libp2p pubsubpeer" tid=6076570 stream=16U*T3UNSE:6ac27e962e80e23ea7791bde peer=16U*T3UNSE closed=false
[2026-10-04 18:28:06.128] [out] [delivery_module] DBG 2026-10-04 18:28:06.128+02:00 identify: info sent                        topics="libp2p identify" tid=6076570 stream=16U*T3UNSE:6ac27e962e80e23ea7791bdf info="(peerId: 16Uiu2HAmJYciuT2s3xyGckraHNCKTU7chGjeW7zLcXVRoVHv8wAS, listenAddrs: [/ip4/0.0.0.0/tcp/53510, /ip4/0.0.0.0/udp/59448/quic-v1], addrs: [/ip4/0.0.0.0/tcp/53510, /ip4/0.0.0.0/udp/59448/quic-v1], protocols: [/ipfs/id/1.0.0, /libp2p/autonat/1.0.0, /libp2p/circuit/relay/0.2.0/hop, /vac/waku/metadata/1.0.0, /mix/1.0.0, /logos/service-discovery/1.0.0, /vac/waku/relay/2.0.0, /vac/waku/rendezvous/1.0.0, /ipfs/ping/1.0.0, /vac/waku/lightpush/3.0.0, /vac/waku/lightpush/2.0.0-beta1, /vac/waku/filter-subscribe/2.0.0-beta1, /vac/waku/filter-push/2.0.0-beta1, /vac/waku/peer-exchange/2.0.0-alpha1], protoVersion: ipfs/0.1.0, agentVersion: logos-delivery-v0.39.0-gca2814)"
[2026-10-04 18:28:06.337] [out] [delivery_module] DBG 2026-10-04 18:28:06.337+02:00 Dialing peer                               topics="libp2p dialer" tid=6076570 peerId=16U*iSrhve addrs="[/ip4/173.42.114.210/tcp/37795]"
[2026-10-04 18:28:06.337] [out] [delivery_module] DBG 2026-10-04 18:28:06.337+02:00 Expanded address and hostname              topics="libp2p dialer" tid=6076570 expandedAddress=/ip4/173.42.114.210/tcp/37795 hostname=173.42.114.210 resolvedAddresses="[/ip4/173.42.114.210/tcp/37795]"
[2026-10-04 18:28:06.338] [out] [delivery_module] DBG 2026-10-04 18:28:06.338+02:00 Dialing peer                               topics="libp2p dialer" tid=6076570 peerId=16U*2pfeoX addrs="[/ip4/192.168.68.53/udp/16011/quic-v1, /ip4/192.168.68.53/tcp/27431]"
[2026-10-04 18:28:06.338] [out] [delivery_module] DBG 2026-10-04 18:28:06.338+02:00 Expanded address and hostname              topics="libp2p dialer" tid=6076570 expandedAddress=/ip4/192.168.68.53/udp/16011/quic-v1 hostname=192.168.68.53 resolvedAddresses="[/ip4/192.168.68.53/udp/16011/quic-v1]"
[2026-10-04 18:28:06.338] [out] [delivery_module] DBG 2026-10-04 18:28:06.338+02:00 New connection established: client         tid=6076570
[2026-10-04 18:28:06.340] [out] [delivery_module] DBG 2026-10-04 18:28:06.340+02:00 Dialing peer                               topics="libp2p dialer" tid=6076570 peerId=16U*oWQB23 addrs="[/ip4/88.160.11.28/udp/19925/quic-v1, /ip4/88.160.11.28/tcp/17981]"
[2026-10-04 18:28:06.340] [out] [delivery_module] DBG 2026-10-04 18:28:06.340+02:00 Expanded address and hostname              topics="libp2p dialer" tid=6076570 expandedAddress=/ip4/88.160.11.28/udp/19925/quic-v1 hostname=88.160.11.28 resolvedAddresses="[/ip4/88.160.11.28/udp/19925/quic-v1]"
[2026-10-04 18:28:06.340] [out] [delivery_module] DBG 2026-10-04 18:28:06.340+02:00 New connection established: client         tid=6076570
[2026-10-04 18:28:06.341] [out] [delivery_module] DBG 2026-10-04 18:28:06.340+02:00 Dialing peer                               topics="libp2p dialer" tid=6076570 peerId=16U*Lqfd15 addrs="[/ip4/172.20.10.14/udp/62334/quic-v1, /ip4/172.20.10.14/tcp/65350]"
[2026-10-04 18:28:06.341] [out] [delivery_module] DBG 2026-10-04 18:28:06.341+02:00 Expanded address and hostname              topics="libp2p dialer" tid=6076570 expandedAddress=/ip4/172.20.10.14/udp/62334/quic-v1 hostname=172.20.10.14 resolvedAddresses="[/ip4/172.20.10.14/udp/62334/quic-v1]"
[2026-10-04 18:28:06.341] [out] [delivery_module] DBG 2026-10-04 18:28:06.341+02:00 New connection established: client         tid=6076570
[2026-10-04 18:28:06.341] [out] [delivery_module] DBG 2026-10-04 18:28:06.341+02:00 Dialing peer                               topics="libp2p dialer" tid=6076570 peerId=16U*8rq3kg addrs="[/ip4/172.20.10.14/udp/49629/quic-v1, /ip4/172.20.10.14/tcp/50996]"
[2026-10-04 18:28:06.341] [out] [delivery_module] DBG 2026-10-04 18:28:06.341+02:00 Expanded address and hostname              topics="libp2p dialer" tid=6076570 expandedAddress=/ip4/172.20.10.14/udp/49629/quic-v1 hostname=172.20.10.14 resolvedAddresses="[/ip4/172.20.10.14/udp/49629/quic-v1]"
[2026-10-04 18:28:06.341] [out] [delivery_module] DBG 2026-10-04 18:28:06.341+02:00 New connection established: client         tid=6076570
[2026-10-04 18:28:06.343] [out] [delivery_module] DBG 2026-10-04 18:28:06.343+02:00 Dialing peer                               topics="libp2p dialer" tid=6076570 peerId=16U*nd1vDS addrs="[/ip4/109.41.112.89/tcp/44402, /ip4/109.41.112.89/tcp/43317, /ip4/109.41.112.89/tcp/35603]"
[2026-10-04 18:28:06.343] [out] [delivery_module] DBG 2026-10-04 18:28:06.343+02:00 Expanded address and hostname              topics="libp2p dialer" tid=6076570 expandedAddress=/ip4/109.41.112.89/tcp/44402 hostname=109.41.112.89 resolvedAddresses="[/ip4/109.41.112.89/tcp/44402]"
[2026-10-04 18:28:06.343] [out] [delivery_module] DBG 2026-10-04 18:28:06.343+02:00 Dialing peer                               topics="libp2p dialer" tid=6076570 peerId=16U*CbKVbN addrs="[/ip4/172.20.10.14/udp/55956/quic-v1, /ip4/172.20.10.14/tcp/51685]"
[2026-10-04 18:28:06.343] [out] [delivery_module] DBG 2026-10-04 18:28:06.343+02:00 Expanded address and hostname              topics="libp2p dialer" tid=6076570 expandedAddress=/ip4/172.20.10.14/udp/55956/quic-v1 hostname=172.20.10.14 resolvedAddresses="[/ip4/172.20.10.14/udp/55956/quic-v1]"
[2026-10-04 18:28:06.343] [out] [delivery_module] DBG 2026-10-04 18:28:06.343+02:00 New connection established: client         tid=6076570
[2026-10-04 18:28:06.344] [out] [delivery_module] DBG 2026-10-04 18:28:06.344+02:00 Dialing peer                               topics="libp2p dialer" tid=6076570 peerId=16U*JXZN12 addrs="[/ip4/172.20.10.14/udp/62834/quic-v1, /ip4/172.20.10.14/tcp/49738]"
[2026-10-04 18:28:06.344] [out] [delivery_module] DBG 2026-10-04 18:28:06.344+02:00 Expanded address and hostname              topics="libp2p dialer" tid=6076570 expandedAddress=/ip4/172.20.10.14/udp/62834/quic-v1 hostname=172.20.10.14 resolvedAddresses="[/ip4/172.20.10.14/udp/62834/quic-v1]"
[2026-10-04 18:28:06.344] [out] [delivery_module] DBG 2026-10-04 18:28:06.344+02:00 New connection established: client         tid=6076570
[2026-10-04 18:28:06.344] [out] [delivery_module] DBG 2026-10-04 18:28:06.344+02:00 Dialing peer                               topics="libp2p dialer" tid=6076570 peerId=16U*RZcwkN addrs="[/ip4/172.20.10.14/udp/49587/quic-v1, /ip4/172.20.10.14/tcp/51590]"
[2026-10-04 18:28:06.344] [out] [delivery_module] DBG 2026-10-04 18:28:06.344+02:00 Expanded address and hostname              topics="libp2p dialer" tid=6076570 expandedAddress=/ip4/172.20.10.14/udp/49587/quic-v1 hostname=172.20.10.14 resolvedAddresses="[/ip4/172.20.10.14/udp/49587/quic-v1]"
[2026-10-04 18:28:06.344] [out] [delivery_module] DBG 2026-10-04 18:28:06.344+02:00 New connection established: client         tid=6076570
[2026-10-04 18:28:06.346] [out] [delivery_module] DBG 2026-10-04 18:28:06.346+02:00 Dialing peer                               topics="libp2p dialer" tid=6076570 peerId=16U*33uyAY addrs="[/ip4/172.20.10.14/udp/52840/quic-v1, /ip4/109.41.112.89/tcp/40786, /ip4/172.20.10.14/tcp/51591, /ip4/109.41.112.89/tcp/48439, /ip4/109.41.112.89/tcp/46719, /ip4/109.41.112.89/tcp/37653]"
[2026-10-04 18:28:06.346] [out] [delivery_module] DBG 2026-10-04 18:28:06.346+02:00 Expanded address and hostname              topics="libp2p dialer" tid=6076570 expandedAddress=/ip4/172.20.10.14/udp/52840/quic-v1 hostname=172.20.10.14 resolvedAddresses="[/ip4/172.20.10.14/udp/52840/quic-v1]"
[2026-10-04 18:28:06.347] [out] [delivery_module] DBG 2026-10-04 18:28:06.347+02:00 New connection established: client         tid=6076570
[2026-10-04 18:28:06.349] [out] [delivery_module] DBG 2026-10-04 18:28:06.349+02:00 Lookup query                               topics="kad-dht find" tid=6076570 peer=16U*iSrhve
[2026-10-04 18:28:06.349] [out] [delivery_module] DBG 2026-10-04 18:28:06.349+02:00 Lookup query                               topics="kad-dht find" tid=6076570 peer=16U*2pfeoX
[2026-10-04 18:28:06.349] [out] [delivery_module] DBG 2026-10-04 18:28:06.349+02:00 Lookup query                               topics="kad-dht find" tid=6076570 peer=16U*oWQB23
[2026-10-04 18:28:06.349] [out] [delivery_module] DBG 2026-10-04 18:28:06.349+02:00 Lookup query                               topics="kad-dht find" tid=6076570 peer=16U*Lqfd15
[2026-10-04 18:28:06.349] [out] [delivery_module] DBG 2026-10-04 18:28:06.349+02:00 Lookup query                               topics="kad-dht find" tid=6076570 peer=16U*8rq3kg
[2026-10-04 18:28:06.356] [out] [delivery_module] DBG 2026-10-04 18:28:06.356+02:00 Received WakuMetadata request              topics="waku metadata" tid=6076570 remoteClusterId=ok(3) remoteShards="[5, 0, 2, 1, 4, 7, 3, 6]" localClusterId=3 localShards="[7]" peer=16U*TwqBiH
[2026-10-04 18:28:06.356] [out] [delivery_module] DBG 2026-10-04 18:28:06.356+02:00 Received WakuMetadata request              topics="waku metadata" tid=6076570 remoteClusterId=ok(3) remoteShards="[5, 0, 2, 1, 4, 7, 3, 6]" localClusterId=3 localShards="[7]" peer=16U*P1S397
[2026-10-04 18:28:06.408] [out] [delivery_module] DBG 2026-10-04 18:28:06.408+02:00 identify: info received                    topics="libp2p identify" tid=6076570 stream=16U*kGyuEP:6ac27e962e80e23ea7791bd8 pubkey=ok(sec...c56e)) addresses=/ip4/47.242.130.189/tcp/30303,/ip4/47.242.130.189/udp/30303/quic-v1,/dns4/delivery-01.ac-cn-hongkong-c.logos.dev.status.im/tcp/30303 protocols=/ipfs/id/1.0.0,/libp2p/autonat/1.0.0,/libp2p/circuit/relay/0.2.0/hop,/vac/waku/metadata/1.0.0,/mix/1.0.0,/logos/service-discovery/1.0.0,/vac/waku/store-query/3.0.0,/vac/waku/relay/2.0.0,/vac/waku/rendezvous/1.0.0,/ipfs/ping/1.0.0,/vac/waku/lightpush/3.0.0,/vac/waku/lightpush/2.0.0-beta1,/vac/waku/filter-subscribe/2.0.0-beta1,/vac/waku/filter-push/2.0.0-beta1,/vac/waku/peer-exchange/2.0.0-alpha1 observable_address=ok(/ip4/109.41.112.89/tcp/35864) proto_version=ipfs/0.1.0 agent_version=logos-delivery-v0.39.0-gca2814 signedPeerRecord=None
[2026-10-04 18:28:06.409] [out] [delivery_module] DBG 2026-10-04 18:28:06.409+02:00 starting pubsub read loop                  topics="libp2p pubsubpeer" tid=6076570 stream=16U*kGyuEP:6ac27e962e80e23ea7791bd7 peer=16U*kGyuEP closed=false
[2026-10-04 18:28:06.409] [out] [delivery_module] DBG 2026-10-04 18:28:06.409+02:00 Event identified                           topics="waku node peer_manager" tid=6076570 peerId=16U*kGyuEP
[2026-10-04 18:28:06.409] [out] [delivery_module] DBG 2026-10-04 18:28:06.409+02:00 no listener registered                     tid=6076571 event=onConnectionChange
[2026-10-04 18:28:06.443] [out] [delivery_module] DBG 2026-10-04 18:28:06.442+02:00 identify: info received                    topics="libp2p identify" tid=6076570 stream=16U*T3UNSE:6ac27e962e80e23ea7791be1 pubkey=ok(sec...6d2a)) addresses=/ip4/43.99.103.10/tcp/30303,/ip4/43.99.103.10/udp/30303/quic-v1,/dns4/delivery-02.ac-cn-hongkong-c.logos.dev.status.im/tcp/30303 protocols=/ipfs/id/1.0.0,/libp2p/autonat/1.0.0,/libp2p/circuit/relay/0.2.0/hop,/vac/waku/metadata/1.0.0,/mix/1.0.0,/logos/service-discovery/1.0.0,/vac/waku/store-query/3.0.0,/vac/waku/relay/2.0.0,/vac/waku/rendezvous/1.0.0,/ipfs/ping/1.0.0,/vac/waku/lightpush/3.0.0,/vac/waku/lightpush/2.0.0-beta1,/vac/waku/filter-subscribe/2.0.0-beta1,/vac/waku/filter-push/2.0.0-beta1,/vac/waku/peer-exchange/2.0.0-alpha1 observable_address=ok(/ip4/109.41.112.89/tcp/34888) proto_version=ipfs/0.1.0 agent_version=logos-delivery-v0.39.0-gca2814 signedPeerRecord=None
[2026-10-04 18:28:06.443] [out] [delivery_module] DBG 2026-10-04 18:28:06.443+02:00 starting pubsub read loop                  topics="libp2p pubsubpeer" tid=6076570 stream=16U*T3UNSE:6ac27e962e80e23ea7791be0 peer=16U*T3UNSE closed=false
[2026-10-04 18:28:06.443] [out] [delivery_module] DBG 2026-10-04 18:28:06.443+02:00 Event identified                           topics="waku node peer_manager" tid=6076570 peerId=16U*T3UNSE
[2026-10-04 18:28:06.443] [out] [delivery_module] DBG 2026-10-04 18:28:06.443+02:00 no listener registered                     tid=6076571 event=onConnectionChange
[2026-10-04 18:28:06.672] [out] [delivery_module] DBG 2026-10-04 18:28:06.672+02:00 no listener registered                     tid=6076571 event=onConnectionChange
[2026-10-04 18:28:06.675] [out] [delivery_module] DBG 2026-10-04 18:28:06.675+02:00 no listener registered                     tid=6076571 event=onConnectionChange
[2026-10-04 18:28:06.754] [out] [delivery_module] DBG 2026-10-04 18:28:06.754+02:00 Received WakuMetadata request              topics="waku metadata" tid=6076570 remoteClusterId=ok(3) remoteShards="[5, 0, 2, 1, 4, 7, 3, 6]" localClusterId=3 localShards="[7]" peer=16U*kGyuEP
[2026-10-04 18:28:06.763] [out] [delivery_module] DBG 2026-10-04 18:28:06.762+02:00 Received WakuMetadata request              topics="waku metadata" tid=6076570 remoteClusterId=ok(3) remoteShards="[5, 0, 2, 1, 4, 7, 3, 6]" localClusterId=3 localShards="[7]" peer=16U*T3UNSE
[2026-10-04 18:28:07.006] [out] [delivery_module] DBG 2026-10-04 18:28:07.005+02:00 no listener registered                     tid=6076571 event=onConnectionChange
[2026-10-04 18:28:07.011] [out] [delivery_module] DBG 2026-10-04 18:28:07.011+02:00 no listener registered                     tid=6076571 event=onConnectionChange
[2026-10-04 18:28:07.151] [out] [delivery_module] DBG 2026-10-04 18:28:07.151+02:00 Lookup query                               topics="kad-dht find" tid=6076570 peer=16U*nd1vDS
[2026-10-04 18:28:07.212] [out] [delivery_module] DBG 2026-10-04 18:28:07.212+02:00 Lookup query                               topics="kad-dht find" tid=6076570 peer=16U*CbKVbN
[2026-10-04 18:28:07.317] [out] [delivery_module] DBG 2026-10-04 18:28:07.317+02:00 Dial successful                            topics="libp2p dialer" tid=6076570 peerId=16U*iSrhve
[2026-10-04 18:28:07.318] [out] [delivery_module] DBG 2026-10-04 18:28:07.318+02:00 starting sendNonHighPriorityTask           topics="libp2p pubsubpeer" tid=6076570 p=16U*iSrhve
[2026-10-04 18:28:07.318] [out] [delivery_module] DBG 2026-10-04 18:28:07.318+02:00 created new pubsub peer                    topics="libp2p pubsub" tid=6076570 peerId=16U*iSrhve
[2026-10-04 18:28:07.318] [out] [delivery_module] DBG 2026-10-04 18:28:07.318+02:00 no listener registered                     tid=6076571 event=onConnectionChange
[2026-10-04 18:28:07.322] [out] [delivery_module] DBG 2026-10-04 18:28:07.322+02:00 Incoming WakuRelay connection              topics="waku relay" tid=6076570 connection=16U*iSrhve:6ac27e972e80e23ea7791bef protocol=/vac/waku/relay/2.0.0
[2026-10-04 18:28:07.322] [out] [delivery_module] DBG 2026-10-04 18:28:07.322+02:00 starting pubsub read loop                  topics="libp2p pubsubpeer" tid=6076570 stream=16U*iSrhve:6ac27e972e80e23ea7791bef peer=16U*iSrhve closed=false
[2026-10-04 18:28:07.322] [out] [delivery_module] DBG 2026-10-04 18:28:07.322+02:00 identify: info sent                        topics="libp2p identify" tid=6076570 stream=16U*iSrhve:6ac27e972e80e23ea7791bf0 info="(peerId: 16Uiu2HAmJYciuT2s3xyGckraHNCKTU7chGjeW7zLcXVRoVHv8wAS, listenAddrs: [/ip4/0.0.0.0/tcp/53510, /ip4/0.0.0.0/udp/59448/quic-v1], addrs: [/ip4/0.0.0.0/tcp/53510, /ip4/0.0.0.0/udp/59448/quic-v1], protocols: [/ipfs/id/1.0.0, /libp2p/autonat/1.0.0, /libp2p/circuit/relay/0.2.0/hop, /vac/waku/metadata/1.0.0, /mix/1.0.0, /logos/service-discovery/1.0.0, /vac/waku/relay/2.0.0, /vac/waku/rendezvous/1.0.0, /ipfs/ping/1.0.0, /vac/waku/lightpush/3.0.0, /vac/waku/lightpush/2.0.0-beta1, /vac/waku/filter-subscribe/2.0.0-beta1, /vac/waku/filter-push/2.0.0-beta1, /vac/waku/peer-exchange/2.0.0-alpha1], protoVersion: ipfs/0.1.0, agentVersion: logos-delivery-v0.39.0-gca2814)"
[2026-10-04 18:28:07.446] [out] [delivery_module] WRN 2026-10-04 18:28:07.446+02:00 NAT port mapping failed                    topics="libp2p natservice" tid=6076570 port=59448 proto=mpUdp err="plum: mapping 0 failed"
[2026-10-04 18:28:07.447] [out] [delivery_module] INF 2026-10-04 18:28:07.446+02:00 Mix self hop set                           topics="waku node" tid=6076570 hop=/ip4/172.20.10.14/tcp/53510 before=/ip4/0.0.0.0/tcp/0
[2026-10-04 18:28:07.447] [out] [delivery_module] DBG 2026-10-04 18:28:07.447+02:00 ENR addresses updated                      topics="waku enr" tid=6076570 retained=0 total=0
[2026-10-04 18:28:07.447] [out] [delivery_module] DBG 2026-10-04 18:28:07.447+02:00 ENR addresses updated                      topics="waku enr" tid=6076570 retained=0 total=0
[2026-10-04 18:28:07.447] [out] [delivery_module] INF 2026-10-04 18:28:07.447+02:00 Found previous WakuRelay peers. Reconnecting. topics="waku node" tid=6076570
[2026-10-04 18:28:07.447] [out] [delivery_module] DBG 2026-10-04 18:28:07.447+02:00 Reconnecting peers                         topics="waku node peer_manager" tid=6076570 proto=/vac/waku/relay/2.0.0
[2026-10-04 18:28:07.448] [out] [delivery_module] INF 2026-10-04 18:28:07.447+02:00 Random kademlia lookups disabled           topics="waku service discovery" tid=6076570
[2026-10-04 18:28:07.448] [out] [delivery_module] DBG 2026-10-04 18:28:07.447+02:00 Periodic service lookup started            topics="waku service discovery" tid=6076570 interval=1m services={}
[2026-10-04 18:28:07.448] [out] [delivery_module] INF 2026-10-04 18:28:07.448+02:00 Kademlia discovery started                 topics="waku service discovery" tid=6076570
[2026-10-04 18:28:07.448] [out] [delivery_module] INF 2026-10-04 18:28:07.448+02:00 Discovery ENR initialized                  topics="eth p2p discv5" tid=6076570 enrAutoUpdate=false seqNum=4 ip=none() tcpPort=none() udpPort=none() customEnrFields=@[] uri=enr:-Ka4QI3GPp1jBydNz_ILrjqeYfOzqbKSqV0hbAICDXrXjW2CHCjz9ZdTF_oFsERgl29dR7jAUbbEdIder10AHgfUesUEgmlkgnY0im11bHRpYWRkcnOAgnJzkwADCAAAAAEAAgADAAQABQAGAAeJc2VjcDI1NmsxoQNXhC6_lm-qGb_QToofJ21QgCgv6u7xkyo10RAgopuPI4N0Y3CC0QaFd2FrdTIt
[2026-10-04 18:28:07.448] [out] [delivery_module] WRN 2026-10-04 18:28:07.448+02:00 No external IP provided for the ENR, this node will not be discoverable topics="eth p2p discv5" tid=6076570
[2026-10-04 18:28:07.448] [out] [delivery_module] DBG 2026-10-04 18:28:07.448+02:00 peer filtering updated                     topics="waku discv5" tid=6076570
[2026-10-04 18:28:07.448] [out] [delivery_module] INF 2026-10-04 18:28:07.448+02:00 Starting discovery v5 service              topics="waku discv5" tid=6076570
[2026-10-04 18:28:07.448] [out] [delivery_module] INF 2026-10-04 18:28:07.448+02:00 Start listening on udp port                topics="waku discv5" tid=6076570 address=0.0.0.0 port=54152
[2026-10-04 18:28:07.448] [out] [delivery_module] INF 2026-10-04 18:28:07.448+02:00 Starting discovery node                    topics="eth p2p discv5" tid=6076570 node=18*60af42:unaddressable bindAddress=0.0.0.0:54152
[2026-10-04 18:28:07.448] [out] [delivery_module] DBG 2026-10-04 18:28:07.448+02:00 Total nodes in routing table after populate topics="eth p2p discv5" tid=6076570 total=0
[2026-10-04 18:28:07.448] [out] [delivery_module] DBG 2026-10-04 18:28:07.448+02:00 Starting discovery v5 search               topics="waku discv5" tid=6076570
[2026-10-04 18:28:07.448] [out] [delivery_module] DBG 2026-10-04 18:28:07.448+02:00 Successfully started discovery v5 service  topics="waku discv5" tid=6076570
[2026-10-04 18:28:07.448] [out] [delivery_module] INF 2026-10-04 18:28:07.448+02:00 Discv5: discoverable ENR                   topics="waku discv5" tid=6076570 enrUri=enr:-Ka4QI3GPp1jBydNz_ILrjqeYfOzqbKSqV0hbAICDXrXjW2CHCjz9ZdTF_oFsERgl29dR7jAUbbEdIder10AHgfUesUEgmlkgnY0im11bHRpYWRkcnOAgnJzkwADCAAAAAEAAgADAAQABQAGAAeJc2VjcDI1NmsxoQNXhC6_lm-qGb_QToofJ21QgCgv6u7xkyo10RAgopuPI4N0Y3CC0QaFd2FrdTIt enr="(4, id: \"v4\", multiaddrs: 0x, rs: 0x00030800000001000200030004000500060007, secp256k1: 0x0357842EBF966FAA19BFD04E8A1F276D5080282FEAEEF1932A35D11020A29B8F23, tcp: 53510, waku2: 0x2D)"
[2026-10-04 18:28:07.448] [out] [delivery_module] INF 2026-10-04 18:28:07.448+02:00 Node started successfully                  topics="waku node" tid=6076570
[2026-10-04 18:28:07.448] [out] [delivery_module] DBG 2026-10-04 18:28:07.448+02:00 Publishing Signed XPR                      topics="service-discovery" tid=6076570 xpr="(envelope: (publicKey: secp256k1 key (0457842ebf966faa19bfd04e8a1f276d5080282feaeef1932a35d11020a29b8f23c2fd4c512597d836bc6c1721655ec84a71d39b7333ade1c2e3781f15bc70e4e9), payloadType: @[3, 1], payload: @[10, 39, 0, 37, 8, 2, 18, 33, 3, 87, 132, 46, 191, 150, 111, 170, 25, 191, 208, 78, 138, 31, 39, 109, 80, 128, 40, 47, 234, 238, 241, 147, 42, 53, 209, 16, 32, 162, 155, 143, 35, 16, 212, 247, 7, 26, 10, 10, 8, 4, 172, 20, 10, 14, 6, 209, 6, 26, 13, 10, 11, 4, 172, 20, 10, 14, 145, 2, 232, 56, 205, 3], signature: 304402201EE244445043C026BF7D1E9004E50D2EC087FFF214E31F36616FB9CD82E759910220424A35E0FA148E8244E31EB5127D241DA803E0B6AF2537931F466E7ED55A4250), data: (peerId: 16Uiu2HAmJYciuT2s3xyGckraHNCKTU7chGjeW7zLcXVRoVHv8wAS, seqNo: 130004, addresses: @[(address: /ip4/172.20.10.14/tcp/53510), (address: /ip4/172.20.10.14/udp/59448/quic-v1)], services: @[]))"
[2026-10-04 18:28:07.448] [out] [delivery_module] DBG 2026-10-04 18:28:07.448+02:00 Lookup query                               topics="kad-dht find" tid=6076570 peer=16U*TwqBiH
[2026-10-04 18:28:07.448] [out] [delivery_module] DBG 2026-10-04 18:28:07.448+02:00 Lookup query                               topics="kad-dht find" tid=6076570 peer=16U*NSkuby
[2026-10-04 18:28:07.449] [out] [delivery_module] DBG 2026-10-04 18:28:07.449+02:00 Lookup query                               topics="kad-dht find" tid=6076570 peer=16U*kGyuEP
[2026-10-04 18:28:07.449] [out] [delivery_module] DBG 2026-10-04 18:28:07.449+02:00 Lookup query                               topics="kad-dht find" tid=6076570 peer=16U*VpJprH
[2026-10-04 18:28:07.449] [out] [delivery_module] DBG 2026-10-04 18:28:07.449+02:00 Lookup query                               topics="kad-dht find" tid=6076570 peer=16U*P1S397
[2026-10-04 18:28:07.449] [out] [delivery_module] DBG 2026-10-04 18:28:07.449+02:00 Lookup query                               topics="kad-dht find" tid=6076570 peer=16U*T3UNSE
[2026-10-04 18:28:07.449] [out] [delivery_module] DBG 2026-10-04 18:28:07.449+02:00 Dialing multiple peers                     tid=6076570 numOfPeers=6 nodes="@[\"/dns4/delivery-01.do-ams3.logos.dev.status.im/tcp/30303/p2p/16Uiu2HAmTUbnxLGT9JvV6mu9oPyDjqHK4Phs1VDJNUgESgNSkuby\", \"/dns4/delivery-02.do-ams3.logos.dev.status.im/tcp/30303/p2p/16Uiu2HAmMK7PYygBtKUQ8EHp7EfaD3bCEsJrkFooK8RQ2PVpJprH\", \"/dns4/delivery-01.gc-us-central1-a.logos.dev.status.im/tcp/30303/p2p/16Uiu2HAm4S1JYkuzDKLKQvwgAhZKs9otxXqt8SCGtB4hoJP1S397\", \"/dns4/delivery-02.gc-us-central1-a.logos.dev.status.im/tcp/30303/p2p/16Uiu2HAm8Y9kgBNtjxvCnf1X6gnZJW5EGE4UwwCL3CCm55TwqBiH\", \"/dns4/delivery-01.ac-cn-hongkong-c.logos.dev.status.im/tcp/30303/p2p/16Uiu2HAm8YokiNun9BkeA1ZRmhLbtNUvcwRr64F69tYj9fkGyuEP\", \"/dns4/delivery-02.ac-cn-hongkong-c.logos.dev.status.im/tcp/30303/p2p/16Uiu2HAkvwhGHKNry6LACrB8TmEFoCJKEX29XR5dDUzk3UT3UNSE\"]"
[2026-10-04 18:28:07.608] [out] [delivery_module] DBG 2026-10-04 18:28:07.608+02:00 identify: info received                    topics="libp2p identify" tid=6076570 stream=16U*iSrhve:6ac27e972e80e23ea7791bee pubkey=ok(sec...2232)) addresses=/ip4/173.42.114.210/tcp/37795 protocols=/ipfs/id/1.0.0,/libp2p/autonat/1.0.0,/libp2p/circuit/relay/0.2.0/hop,/vac/waku/metadata/1.0.0,/logos/service-discovery/1.0.0,/vac/waku/relay/2.0.0,/vac/waku/rendezvous/1.0.0,/ipfs/ping/1.0.0,/vac/waku/lightpush/3.0.0,/vac/waku/lightpush/2.0.0-beta1,/vac/waku/filter-subscribe/2.0.0-beta1,/vac/waku/filter-push/2.0.0-beta1,/vac/waku/peer-exchange/2.0.0-alpha1 observable_address=ok(/ip4/109.41.112.89/tcp/42823) proto_version=ipfs/0.1.0 agent_version=logos-delivery-v0.39.0-gca2814 signedPeerRecord=None
[2026-10-04 18:28:07.609] [out] [delivery_module] DBG 2026-10-04 18:28:07.609+02:00 starting pubsub read loop                  topics="libp2p pubsubpeer" tid=6076570 stream=16U*iSrhve:6ac27e972e80e23ea7791bed peer=16U*iSrhve closed=false
[2026-10-04 18:28:07.609] [out] [delivery_module] DBG 2026-10-04 18:28:07.609+02:00 Event identified                           topics="waku node peer_manager" tid=6076570 peerId=16U*iSrhve
[2026-10-04 18:28:07.609] [out] [delivery_module] DBG 2026-10-04 18:28:07.609+02:00 no listener registered                     tid=6076571 event=onConnectionChange
[2026-10-04 18:28:07.705] [out] [delivery_module] DBG 2026-10-04 18:28:07.705+02:00 Lookup query                               topics="kad-dht find" tid=6076570 peer=16U*JXZN12
[2026-10-04 18:28:07.705] [out] [delivery_module] DBG 2026-10-04 18:28:07.705+02:00 Lookup query                               topics="kad-dht find" tid=6076570 peer=16U*RZcwkN
[2026-10-04 18:28:07.725] [out] [delivery_module] DBG 2026-10-04 18:28:07.725+02:00 Lookup query                               topics="kad-dht find" tid=6076570 peer=16U*iSrhve
[2026-10-04 18:28:07.725] [out] [delivery_module] DBG 2026-10-04 18:28:07.725+02:00 Lookup query                               topics="kad-dht find" tid=6076570 peer=16U*2pfeoX
[2026-10-04 18:28:07.725] [out] [delivery_module] DBG 2026-10-04 18:28:07.725+02:00 Lookup query                               topics="kad-dht find" tid=6076570 peer=16U*oWQB23
[2026-10-04 18:28:07.725] [out] [delivery_module] DBG 2026-10-04 18:28:07.725+02:00 Lookup query                               topics="kad-dht find" tid=6076570 peer=16U*Lqfd15
[2026-10-04 18:28:07.725] [out] [delivery_module] DBG 2026-10-04 18:28:07.725+02:00 Lookup query                               topics="kad-dht find" tid=6076570 peer=16U*8rq3kg
[2026-10-04 18:28:07.783] [out] [delivery_module] DBG 2026-10-04 18:28:07.783+02:00 Lookup query                               topics="kad-dht find" tid=6076570 peer=16U*nd1vDS
[2026-10-04 18:28:07.783] [out] [delivery_module] DBG 2026-10-04 18:28:07.783+02:00 Lookup query                               topics="kad-dht find" tid=6076570 peer=16U*CbKVbN
[2026-10-04 18:28:08.146] [out] [delivery_module] DBG 2026-10-04 18:28:08.146+02:00 Received WakuMetadata request              topics="waku metadata" tid=6076570 remoteClusterId=ok(3) remoteShards="[5, 0, 2, 1, 4, 7, 3, 6]" localClusterId=3 localShards="[7]" peer=16U*iSrhve
[2026-10-04 18:28:08.343] [out] [delivery_module] DBG 2026-10-04 18:28:08.343+02:00 Lookup query                               topics="kad-dht find" tid=6076570 peer=16U*JXZN12
[2026-10-04 18:28:08.344] [out] [delivery_module] DBG 2026-10-04 18:28:08.344+02:00 Lookup query                               topics="kad-dht find" tid=6076570 peer=16U*RZcwkN
[2026-10-04 18:28:08.593] [out] [delivery_module] DBG 2026-10-04 18:28:08.593+02:00 no listener registered                     tid=6076571 event=onConnectionChange
[2026-10-04 18:28:09.340] [out] [delivery_module] DBG 2026-10-04 18:28:09.340+02:00 Dialing failed                             topics="libp2p dialer" tid=6076570 description="quic dial timed out after 3s" peerId=16U*2pfeoX address=/ip4/192.168.68.53/udp/16011/quic-v1 hostname=192.168.68.53
[2026-10-04 18:28:09.341] [out] [delivery_module] DBG 2026-10-04 18:28:09.340+02:00 Expanded address and hostname              topics="libp2p dialer" tid=6076570 expandedAddress=/ip4/192.168.68.53/tcp/27431 hostname=192.168.68.53 resolvedAddresses="[/ip4/192.168.68.53/tcp/27431]"
[2026-10-04 18:28:09.342] [out] [delivery_module] DBG 2026-10-04 18:28:09.342+02:00 Dialing failed                             topics="libp2p dialer" tid=6076570 description="quic dial timed out after 3s" peerId=16U*oWQB23 address=/ip4/88.160.11.28/udp/19925/quic-v1 hostname=88.160.11.28
[2026-10-04 18:28:09.342] [out] [delivery_module] DBG 2026-10-04 18:28:09.342+02:00 Expanded address and hostname              topics="libp2p dialer" tid=6076570 expandedAddress=/ip4/88.160.11.28/tcp/17981 hostname=88.160.11.28 resolvedAddresses="[/ip4/88.160.11.28/tcp/17981]"
[2026-10-04 18:28:09.342] [out] [delivery_module] DBG 2026-10-04 18:28:09.342+02:00 Dialing failed                             topics="libp2p dialer" tid=6076570 description="quic dial timed out after 3s" peerId=16U*Lqfd15 address=/ip4/172.20.10.14/udp/62334/quic-v1 hostname=172.20.10.14
[2026-10-04 18:28:09.343] [out] [delivery_module] DBG 2026-10-04 18:28:09.342+02:00 Expanded address and hostname              topics="libp2p dialer" tid=6076570 expandedAddress=/ip4/172.20.10.14/tcp/65350 hostname=172.20.10.14 resolvedAddresses="[/ip4/172.20.10.14/tcp/65350]"
[2026-10-04 18:28:09.343] [out] [delivery_module] DBG 2026-10-04 18:28:09.343+02:00 Dialing failed                             topics="libp2p dialer" tid=6076570 description="quic dial timed out after 3s" peerId=16U*8rq3kg address=/ip4/172.20.10.14/udp/49629/quic-v1 hostname=172.20.10.14
[2026-10-04 18:28:09.343] [out] [delivery_module] DBG 2026-10-04 18:28:09.343+02:00 Dialing failed                             topics="libp2p dialer" tid=6076570 description="TcpTransport dial error: (61) Connection refused" peerId=16U*Lqfd15 address=/ip4/172.20.10.14/tcp/65350 hostname=172.20.10.14
[2026-10-04 18:28:09.343] [out] [delivery_module] DBG 2026-10-04 18:28:09.343+02:00 Expanded address and hostname              topics="libp2p dialer" tid=6076570 expandedAddress=/ip4/172.20.10.14/tcp/50996 hostname=172.20.10.14 resolvedAddresses="[/ip4/172.20.10.14/tcp/50996]"
[2026-10-04 18:28:09.344] [out] [delivery_module] DBG 2026-10-04 18:28:09.344+02:00 Error dialing                              topics="libp2p dialer" tid=6076570 conn=nil peerId=16U*Lqfd15 protos="[/logos/service-discovery/1.0.0]" addrs="[/ip4/172.20.10.14/udp/62334/quic-v1, /ip4/172.20.10.14/tcp/65350]" description="Unable to establish outgoing link in establishConnection: peer_id=16U*Lqfd15 addrs=@[/ip4/172.20.10.14/udp/62334/quic-v1, /ip4/172.20.10.14/tcp/65350]"
[2026-10-04 18:28:09.344] [out] [delivery_module] DBG 2026-10-04 18:28:09.344+02:00 Dialing failed                             topics="libp2p dialer" tid=6076570 description="TcpTransport dial error: (61) Connection refused" peerId=16U*8rq3kg address=/ip4/172.20.10.14/tcp/50996 hostname=172.20.10.14
[2026-10-04 18:28:09.344] [out] [delivery_module] DBG 2026-10-04 18:28:09.344+02:00 Dialing failed                             topics="libp2p dialer" tid=6076570 description="quic dial timed out after 3s" peerId=16U*CbKVbN address=/ip4/172.20.10.14/udp/55956/quic-v1 hostname=172.20.10.14
[2026-10-04 18:28:09.344] [out] [delivery_module] DBG 2026-10-04 18:28:09.344+02:00 Expanded address and hostname              topics="libp2p dialer" tid=6076570 expandedAddress=/ip4/172.20.10.14/tcp/51685 hostname=172.20.10.14 resolvedAddresses="[/ip4/172.20.10.14/tcp/51685]"
[2026-10-04 18:28:09.345] [out] [delivery_module] DBG 2026-10-04 18:28:09.344+02:00 Error dialing                              topics="libp2p dialer" tid=6076570 conn=nil peerId=16U*8rq3kg protos="[/logos/service-discovery/1.0.0]" addrs="[/ip4/172.20.10.14/udp/49629/quic-v1, /ip4/172.20.10.14/tcp/50996]" description="Unable to establish outgoing link in establishConnection: peer_id=16U*8rq3kg addrs=@[/ip4/172.20.10.14/udp/49629/quic-v1, /ip4/172.20.10.14/tcp/50996]"
[2026-10-04 18:28:09.345] [out] [delivery_module] DBG 2026-10-04 18:28:09.345+02:00 Dialing peer                               topics="libp2p dialer" tid=6076570 peerId=16U*Lqfd15 addrs="[/ip4/172.20.10.14/udp/62334/quic-v1, /ip4/172.20.10.14/tcp/65350]"
[2026-10-04 18:28:09.345] [out] [delivery_module] DBG 2026-10-04 18:28:09.345+02:00 Expanded address and hostname              topics="libp2p dialer" tid=6076570 expandedAddress=/ip4/172.20.10.14/udp/62334/quic-v1 hostname=172.20.10.14 resolvedAddresses="[/ip4/172.20.10.14/udp/62334/quic-v1]"
[2026-10-04 18:28:09.345] [out] [delivery_module] DBG 2026-10-04 18:28:09.345+02:00 New connection established: client         tid=6076570
[2026-10-04 18:28:09.346] [out] [delivery_module] DBG 2026-10-04 18:28:09.346+02:00 Dialing failed                             topics="libp2p dialer" tid=6076570 description="TcpTransport dial error: (61) Connection refused" peerId=16U*CbKVbN address=/ip4/172.20.10.14/tcp/51685 hostname=172.20.10.14
[2026-10-04 18:28:09.346] [out] [delivery_module] DBG 2026-10-04 18:28:09.346+02:00 Dialing peer                               topics="libp2p dialer" tid=6076570 peerId=16U*8rq3kg addrs="[/ip4/172.20.10.14/udp/49629/quic-v1, /ip4/172.20.10.14/tcp/50996]"
[2026-10-04 18:28:09.346] [out] [delivery_module] DBG 2026-10-04 18:28:09.346+02:00 Expanded address and hostname              topics="libp2p dialer" tid=6076570 expandedAddress=/ip4/172.20.10.14/udp/49629/quic-v1 hostname=172.20.10.14 resolvedAddresses="[/ip4/172.20.10.14/udp/49629/quic-v1]"
[2026-10-04 18:28:09.346] [out] [delivery_module] DBG 2026-10-04 18:28:09.346+02:00 New connection established: client         tid=6076570
[2026-10-04 18:28:09.347] [out] [delivery_module] DBG 2026-10-04 18:28:09.347+02:00 Dialing failed                             topics="libp2p dialer" tid=6076570 description="quic dial timed out after 3s" peerId=16U*JXZN12 address=/ip4/172.20.10.14/udp/62834/quic-v1 hostname=172.20.10.14
[2026-10-04 18:28:09.347] [out] [delivery_module] DBG 2026-10-04 18:28:09.347+02:00 Error dialing                              topics="libp2p dialer" tid=6076570 conn=nil peerId=16U*CbKVbN protos="[/logos/service-discovery/1.0.0]" addrs="[/ip4/172.20.10.14/udp/55956/quic-v1, /ip4/172.20.10.14/tcp/51685]" description="Unable to establish outgoing link in establishConnection: peer_id=16U*CbKVbN addrs=@[/ip4/172.20.10.14/udp/55956/quic-v1, /ip4/172.20.10.14/tcp/51685]"
[2026-10-04 18:28:09.347] [out] [delivery_module] DBG 2026-10-04 18:28:09.347+02:00 Expanded address and hostname              topics="libp2p dialer" tid=6076570 expandedAddress=/ip4/172.20.10.14/tcp/49738 hostname=172.20.10.14 resolvedAddresses="[/ip4/172.20.10.14/tcp/49738]"
[2026-10-04 18:28:09.347] [out] [delivery_module] DBG 2026-10-04 18:28:09.347+02:00 Dialing failed                             topics="libp2p dialer" tid=6076570 description="quic dial timed out after 3s" peerId=16U*RZcwkN address=/ip4/172.20.10.14/udp/49587/quic-v1 hostname=172.20.10.14
[2026-10-04 18:28:09.348] [out] [delivery_module] DBG 2026-10-04 18:28:09.348+02:00 Expanded address and hostname              topics="libp2p dialer" tid=6076570 expandedAddress=/ip4/172.20.10.14/tcp/51590 hostname=172.20.10.14 resolvedAddresses="[/ip4/172.20.10.14/tcp/51590]"
[2026-10-04 18:28:09.348] [out] [delivery_module] DBG 2026-10-04 18:28:09.348+02:00 Dialing failed                             topics="libp2p dialer" tid=6076570 description="TcpTransport dial error: (61) Connection refused" peerId=16U*JXZN12 address=/ip4/172.20.10.14/tcp/49738 hostname=172.20.10.14
[2026-10-04 18:28:09.348] [out] [delivery_module] DBG 2026-10-04 18:28:09.348+02:00 Dialing peer                               topics="libp2p dialer" tid=6076570 peerId=16U*CbKVbN addrs="[/ip4/172.20.10.14/udp/55956/quic-v1, /ip4/172.20.10.14/tcp/51685]"
[2026-10-04 18:28:09.348] [out] [delivery_module] DBG 2026-10-04 18:28:09.348+02:00 Expanded address and hostname              topics="libp2p dialer" tid=6076570 expandedAddress=/ip4/172.20.10.14/udp/55956/quic-v1 hostname=172.20.10.14 resolvedAddresses="[/ip4/172.20.10.14/udp/55956/quic-v1]"
[2026-10-04 18:28:09.349] [out] [delivery_module] DBG 2026-10-04 18:28:09.349+02:00 New connection established: client         tid=6076570
[2026-10-04 18:28:09.349] [out] [delivery_module] DBG 2026-10-04 18:28:09.349+02:00 Dialing failed                             topics="libp2p dialer" tid=6076570 description="quic dial timed out after 3s" peerId=16U*33uyAY address=/ip4/172.20.10.14/udp/52840/quic-v1 hostname=172.20.10.14
[2026-10-04 18:28:09.349] [out] [delivery_module] DBG 2026-10-04 18:28:09.349+02:00 Dialing failed                             topics="libp2p dialer" tid=6076570 description="TcpTransport dial error: (61) Connection refused" peerId=16U*RZcwkN address=/ip4/172.20.10.14/tcp/51590 hostname=172.20.10.14
[2026-10-04 18:28:09.349] [out] [delivery_module] DBG 2026-10-04 18:28:09.349+02:00 Expanded address and hostname              topics="libp2p dialer" tid=6076570 expandedAddress=/ip4/109.41.112.89/tcp/40786 hostname=109.41.112.89 resolvedAddresses="[/ip4/109.41.112.89/tcp/40786]"
[2026-10-04 18:28:09.349] [out] [delivery_module] DBG 2026-10-04 18:28:09.349+02:00 Error dialing                              topics="libp2p dialer" tid=6076570 conn=nil peerId=16U*JXZN12 protos="[/logos/service-discovery/1.0.0]" addrs="[/ip4/172.20.10.14/udp/62834/quic-v1, /ip4/172.20.10.14/tcp/49738]" description="Unable to establish outgoing link in establishConnection: peer_id=16U*JXZN12 addrs=@[/ip4/172.20.10.14/udp/62834/quic-v1, /ip4/172.20.10.14/tcp/49738]"
[2026-10-04 18:28:09.349] [out] [delivery_module] DBG 2026-10-04 18:28:09.349+02:00 Error dialing                              topics="libp2p dialer" tid=6076570 conn=nil peerId=16U*RZcwkN protos="[/logos/service-discovery/1.0.0]" addrs="[/ip4/172.20.10.14/udp/49587/quic-v1, /ip4/172.20.10.14/tcp/51590]" description="Unable to establish outgoing link in establishConnection: peer_id=16U*RZcwkN addrs=@[/ip4/172.20.10.14/udp/49587/quic-v1, /ip4/172.20.10.14/tcp/51590]"
[2026-10-04 18:28:09.350] [out] [delivery_module] DBG 2026-10-04 18:28:09.350+02:00 Dialing peer                               topics="libp2p dialer" tid=6076570 peerId=16U*JXZN12 addrs="[/ip4/172.20.10.14/udp/62834/quic-v1, /ip4/172.20.10.14/tcp/49738]"
[2026-10-04 18:28:09.350] [out] [delivery_module] DBG 2026-10-04 18:28:09.350+02:00 Expanded address and hostname              topics="libp2p dialer" tid=6076570 expandedAddress=/ip4/172.20.10.14/udp/62834/quic-v1 hostname=172.20.10.14 resolvedAddresses="[/ip4/172.20.10.14/udp/62834/quic-v1]"
[2026-10-04 18:28:09.350] [out] [delivery_module] DBG 2026-10-04 18:28:09.350+02:00 New connection established: client         tid=6076570
[2026-10-04 18:28:09.350] [out] [delivery_module] DBG 2026-10-04 18:28:09.350+02:00 Dialing peer                               topics="libp2p dialer" tid=6076570 peerId=16U*RZcwkN addrs="[/ip4/172.20.10.14/udp/49587/quic-v1, /ip4/172.20.10.14/tcp/51590]"
[2026-10-04 18:28:09.350] [out] [delivery_module] DBG 2026-10-04 18:28:09.350+02:00 Expanded address and hostname              topics="libp2p dialer" tid=6076570 expandedAddress=/ip4/172.20.10.14/udp/49587/quic-v1 hostname=172.20.10.14 resolvedAddresses="[/ip4/172.20.10.14/udp/49587/quic-v1]"
[2026-10-04 18:28:09.350] [out] [delivery_module] DBG 2026-10-04 18:28:09.350+02:00 New connection established: client         tid=6076570
[2026-10-04 18:28:09.441] [out] [delivery_module] DBG 2026-10-04 18:28:09.441+02:00 Kad lookup: RPC error                      topics="kad-dht find" tid=6076570 peer=16U*VpJprH msg="dialStage: timed out dialing the peer"
[2026-10-04 18:28:09.443] [out] [delivery_module] WRN 2026-10-04 18:28:09.443+02:00 ffi request still in flight; caller notified via RET_STALE_WARN tid=6076570 reqId=LogosdeliveryStartNodeReq elapsedMs=5000
[2026-10-04 18:28:11.350] [out] [delivery_module] DBG 2026-10-04 18:28:11.350+02:00 Kad lookup: RPC error                      topics="kad-dht find" tid=6076570 peer=16U*2pfeoX msg="dialStage: timed out dialing the peer"
[2026-10-04 18:28:11.350] [out] [delivery_module] DBG 2026-10-04 18:28:11.350+02:00 Kad lookup: RPC error                      topics="kad-dht find" tid=6076570 peer=16U*oWQB23 msg="dialStage: timed out dialing the peer"
[2026-10-04 18:28:11.351] [out] [delivery_module] DBG 2026-10-04 18:28:11.350+02:00 Lookup query                               topics="kad-dht find" tid=6076570 peer=16U*VpJprH
[2026-10-04 18:28:12.347] [out] [delivery_module] DBG 2026-10-04 18:28:12.347+02:00 Dialing failed                             topics="libp2p dialer" tid=6076570 description="quic dial timed out after 3s" peerId=16U*Lqfd15 address=/ip4/172.20.10.14/udp/62334/quic-v1 hostname=172.20.10.14
[2026-10-04 18:28:12.347] [out] [delivery_module] DBG 2026-10-04 18:28:12.347+02:00 Dialing failed                             topics="libp2p dialer" tid=6076570 description="quic dial timed out after 3s" peerId=16U*8rq3kg address=/ip4/172.20.10.14/udp/49629/quic-v1 hostname=172.20.10.14
[2026-10-04 18:28:12.347] [out] [delivery_module] DBG 2026-10-04 18:28:12.347+02:00 Expanded address and hostname              topics="libp2p dialer" tid=6076570 expandedAddress=/ip4/172.20.10.14/tcp/65350 hostname=172.20.10.14 resolvedAddresses="[/ip4/172.20.10.14/tcp/65350]"
[2026-10-04 18:28:12.347] [out] [delivery_module] DBG 2026-10-04 18:28:12.347+02:00 Expanded address and hostname              topics="libp2p dialer" tid=6076570 expandedAddress=/ip4/172.20.10.14/tcp/50996 hostname=172.20.10.14 resolvedAddresses="[/ip4/172.20.10.14/tcp/50996]"
[2026-10-04 18:28:12.348] [out] [delivery_module] DBG 2026-10-04 18:28:12.348+02:00 Dialing failed                             topics="libp2p dialer" tid=6076570 description="TcpTransport dial error: (61) Connection refused" peerId=16U*Lqfd15 address=/ip4/172.20.10.14/tcp/65350 hostname=172.20.10.14
[2026-10-04 18:28:12.348] [out] [delivery_module] DBG 2026-10-04 18:28:12.348+02:00 Dialing failed                             topics="libp2p dialer" tid=6076570 description="TcpTransport dial error: (61) Connection refused" peerId=16U*8rq3kg address=/ip4/172.20.10.14/tcp/50996 hostname=172.20.10.14
[2026-10-04 18:28:12.348] [out] [delivery_module] DBG 2026-10-04 18:28:12.348+02:00 Error dialing                              topics="libp2p dialer" tid=6076570 conn=nil peerId=16U*Lqfd15 protos="[/logos/service-discovery/1.0.0]" addrs="[/ip4/172.20.10.14/udp/62334/quic-v1, /ip4/172.20.10.14/tcp/65350]" description="Unable to establish outgoing link in establishConnection: peer_id=16U*Lqfd15 addrs=@[/ip4/172.20.10.14/udp/62334/quic-v1, /ip4/172.20.10.14/tcp/65350]"
[2026-10-04 18:28:12.348] [out] [delivery_module] DBG 2026-10-04 18:28:12.348+02:00 Error dialing                              topics="libp2p dialer" tid=6076570 conn=nil peerId=16U*8rq3kg protos="[/logos/service-discovery/1.0.0]" addrs="[/ip4/172.20.10.14/udp/49629/quic-v1, /ip4/172.20.10.14/tcp/50996]" description="Unable to establish outgoing link in establishConnection: peer_id=16U*8rq3kg addrs=@[/ip4/172.20.10.14/udp/49629/quic-v1, /ip4/172.20.10.14/tcp/50996]"
[2026-10-04 18:28:12.350] [out] [delivery_module] DBG 2026-10-04 18:28:12.350+02:00 Dialing failed                             topics="libp2p dialer" tid=6076570 description="quic dial timed out after 3s" peerId=16U*CbKVbN address=/ip4/172.20.10.14/udp/55956/quic-v1 hostname=172.20.10.14
[2026-10-04 18:28:12.350] [out] [delivery_module] DBG 2026-10-04 18:28:12.350+02:00 Dialing failed                             topics="libp2p dialer" tid=6076570 description="quic dial timed out after 3s" peerId=16U*JXZN12 address=/ip4/172.20.10.14/udp/62834/quic-v1 hostname=172.20.10.14
[2026-10-04 18:28:12.350] [out] [delivery_module] DBG 2026-10-04 18:28:12.350+02:00 Expanded address and hostname              topics="libp2p dialer" tid=6076570 expandedAddress=/ip4/172.20.10.14/tcp/51685 hostname=172.20.10.14 resolvedAddresses="[/ip4/172.20.10.14/tcp/51685]"
[2026-10-04 18:28:12.351] [out] [delivery_module] DBG 2026-10-04 18:28:12.351+02:00 Expanded address and hostname              topics="libp2p dialer" tid=6076570 expandedAddress=/ip4/172.20.10.14/tcp/49738 hostname=172.20.10.14 resolvedAddresses="[/ip4/172.20.10.14/tcp/49738]"
[2026-10-04 18:28:12.351] [out] [delivery_module] DBG 2026-10-04 18:28:12.351+02:00 Dialing failed                             topics="libp2p dialer" tid=6076570 description="TcpTransport dial error: (61) Connection refused" peerId=16U*CbKVbN address=/ip4/172.20.10.14/tcp/51685 hostname=172.20.10.14
[2026-10-04 18:28:12.351] [out] [delivery_module] DBG 2026-10-04 18:28:12.351+02:00 Dialing failed                             topics="libp2p dialer" tid=6076570 description="TcpTransport dial error: (61) Connection refused" peerId=16U*JXZN12 address=/ip4/172.20.10.14/tcp/49738 hostname=172.20.10.14
[2026-10-04 18:28:12.351] [out] [delivery_module] DBG 2026-10-04 18:28:12.351+02:00 Dialing failed                             topics="libp2p dialer" tid=6076570 description="quic dial timed out after 3s" peerId=16U*RZcwkN address=/ip4/172.20.10.14/udp/49587/quic-v1 hostname=172.20.10.14
[2026-10-04 18:28:12.351] [out] [delivery_module] DBG 2026-10-04 18:28:12.351+02:00 Error dialing                              topics="libp2p dialer" tid=6076570 conn=nil peerId=16U*CbKVbN protos="[/logos/service-discovery/1.0.0]" addrs="[/ip4/172.20.10.14/udp/55956/quic-v1, /ip4/172.20.10.14/tcp/51685]" description="Unable to establish outgoing link in establishConnection: peer_id=16U*CbKVbN addrs=@[/ip4/172.20.10.14/udp/55956/quic-v1, /ip4/172.20.10.14/tcp/51685]"
[2026-10-04 18:28:12.351] [out] [delivery_module] DBG 2026-10-04 18:28:12.351+02:00 Expanded address and hostname              topics="libp2p dialer" tid=6076570 expandedAddress=/ip4/172.20.10.14/tcp/51590 hostname=172.20.10.14 resolvedAddresses="[/ip4/172.20.10.14/tcp/51590]"
[2026-10-04 18:28:12.351] [out] [delivery_module] DBG 2026-10-04 18:28:12.351+02:00 Error dialing                              topics="libp2p dialer" tid=6076570 conn=nil peerId=16U*JXZN12 protos="[/logos/service-discovery/1.0.0]" addrs="[/ip4/172.20.10.14/udp/62834/quic-v1, /ip4/172.20.10.14/tcp/49738]" description="Unable to establish outgoing link in establishConnection: peer_id=16U*JXZN12 addrs=@[/ip4/172.20.10.14/udp/62834/quic-v1, /ip4/172.20.10.14/tcp/49738]"
[2026-10-04 18:28:12.351] [out] [delivery_module] DBG 2026-10-04 18:28:12.351+02:00 Dialing failed                             topics="libp2p dialer" tid=6076570 description="TcpTransport dial error: (61) Connection refused" peerId=16U*RZcwkN address=/ip4/172.20.10.14/tcp/51590 hostname=172.20.10.14
[2026-10-04 18:28:12.351] [out] [delivery_module] DBG 2026-10-04 18:28:12.351+02:00 Error dialing                              topics="libp2p dialer" tid=6076570 conn=nil peerId=16U*RZcwkN protos="[/logos/service-discovery/1.0.0]" addrs="[/ip4/172.20.10.14/udp/49587/quic-v1, /ip4/172.20.10.14/tcp/51590]" description="Unable to establish outgoing link in establishConnection: peer_id=16U*RZcwkN addrs=@[/ip4/172.20.10.14/udp/49587/quic-v1, /ip4/172.20.10.14/tcp/51590]"
[2026-10-04 18:28:12.450] [out] [delivery_module] DBG 2026-10-04 18:28:12.450+02:00 Kad lookup: RPC error                      topics="kad-dht find" tid=6076570 peer=16U*VpJprH msg="dialStage: timed out dialing the peer"
[2026-10-04 18:28:12.450] [out] [delivery_module] DBG 2026-10-04 18:28:12.450+02:00 Lookup query                               topics="kad-dht find" tid=6076570 peer=16U*VpJprH
[2026-10-04 18:28:14.444] [out] [delivery_module] WRN 2026-10-04 18:28:14.444+02:00 ffi request still in flight; caller notified via RET_STALE_WARN tid=6076570 reqId=LogosdeliveryStartNodeReq elapsedMs=10000
[2026-10-04 18:28:16.352] [out] [delivery_module] DBG 2026-10-04 18:28:16.352+02:00 Lookup query                               topics="kad-dht find" tid=6076570 peer=16U*VpJprH
[2026-10-04 18:28:16.352] [out] [delivery_module] DBG 2026-10-04 18:28:16.352+02:00 Kad lookup: RPC error                      topics="kad-dht find" tid=6076570 peer=16U*VpJprH msg="dialStage: timed out dialing the peer"
[2026-10-04 18:28:17.450] [out] [delivery_module] DBG 2026-10-04 18:28:17.450+02:00 Lookup query                               topics="kad-dht find" tid=6076570 peer=16U*VpJprH
[2026-10-04 18:28:17.451] [out] [delivery_module] DBG 2026-10-04 18:28:17.451+02:00 Finished dialing multiple peers            tid=6076570 successfulConns=5 attempted=6
[2026-10-04 18:28:17.451] [out] [delivery_module] DBG 2026-10-04 18:28:17.451+02:00 Dialing multiple peers                     topics="waku node peer_manager" tid=6076570 numOfPeers=9 nodes="@[16Uiu2HAmNkAqK5qpyC2yxPAhH1pngYWtmr7eSPggN9ucSDLqfd15, 16Uiu2HAm7u8dLdzqHYnpKoSyHP5oF1CLX25VXXmEQgsKMf33uyAY, 16Uiu2HAmLDT687jSSK2WL9MbEeJDzEuZNzbJkFK91Rp8XoJXZN12, 16Uiu2HAm2bjkiKGPjsa8b61DVaX8yRgEu6TAnt5wdJDj94nd1vDS, 16Uiu2HAm5tUZ3UnzroDedb2R3y73dKdfWjUULQS8wnpq62CbKVbN, 16Uiu2HAm3FQwb18rWMNZfewr4JEc8wFfX3G4HowCg9nXrtRZcwkN, 16Uiu2HAm75mHYCn97YHQ3auieTYohvJU9d3WGyGBAjnVc32pfeoX, 16Uiu2HAm1xxiN1EJgFE7buHWW6WVEWAofJ91YizfcAUU8PoWQB23, 16Uiu2HAmMbCcrH3yM2S3FtAmrYi7iktvbvxujHFXagfUnj8rq3kg]"
[2026-10-04 18:28:17.451] [out] [delivery_module] DBG 2026-10-04 18:28:17.451+02:00 Dialing peer                               topics="libp2p dialer" tid=6076570 peerId=16U*Lqfd15 addrs="[/ip4/172.20.10.14/udp/62334/quic-v1, /ip4/172.20.10.14/tcp/65350]"
[2026-10-04 18:28:17.451] [out] [delivery_module] DBG 2026-10-04 18:28:17.451+02:00 Expanded address and hostname              topics="libp2p dialer" tid=6076570 expandedAddress=/ip4/172.20.10.14/udp/62334/quic-v1 hostname=172.20.10.14 resolvedAddresses="[/ip4/172.20.10.14/udp/62334/quic-v1]"
[2026-10-04 18:28:17.452] [out] [delivery_module] DBG 2026-10-04 18:28:17.452+02:00 New connection established: client         tid=6076570
[2026-10-04 18:28:17.452] [out] [delivery_module] DBG 2026-10-04 18:28:17.452+02:00 Dialing peer                               topics="libp2p dialer" tid=6076570 peerId=16U*JXZN12 addrs="[/ip4/172.20.10.14/udp/62834/quic-v1, /ip4/172.20.10.14/tcp/49738]"
[2026-10-04 18:28:17.452] [out] [delivery_module] DBG 2026-10-04 18:28:17.452+02:00 Expanded address and hostname              topics="libp2p dialer" tid=6076570 expandedAddress=/ip4/172.20.10.14/udp/62834/quic-v1 hostname=172.20.10.14 resolvedAddresses="[/ip4/172.20.10.14/udp/62834/quic-v1]"
[2026-10-04 18:28:17.452] [out] [delivery_module] DBG 2026-10-04 18:28:17.452+02:00 New connection established: client         tid=6076570
[2026-10-04 18:28:17.453] [out] [delivery_module] DBG 2026-10-04 18:28:17.453+02:00 Dialing peer                               topics="libp2p dialer" tid=6076570 peerId=16U*CbKVbN addrs="[/ip4/172.20.10.14/udp/55956/quic-v1, /ip4/172.20.10.14/tcp/51685]"
[2026-10-04 18:28:17.453] [out] [delivery_module] DBG 2026-10-04 18:28:17.453+02:00 Expanded address and hostname              topics="libp2p dialer" tid=6076570 expandedAddress=/ip4/172.20.10.14/udp/55956/quic-v1 hostname=172.20.10.14 resolvedAddresses="[/ip4/172.20.10.14/udp/55956/quic-v1]"
[2026-10-04 18:28:17.453] [out] [delivery_module] DBG 2026-10-04 18:28:17.453+02:00 New connection established: client         tid=6076570
[2026-10-04 18:28:17.453] [out] [delivery_module] DBG 2026-10-04 18:28:17.453+02:00 Dialing peer                               topics="libp2p dialer" tid=6076570 peerId=16U*RZcwkN addrs="[/ip4/172.20.10.14/udp/49587/quic-v1, /ip4/172.20.10.14/tcp/51590]"
[2026-10-04 18:28:17.453] [out] [delivery_module] DBG 2026-10-04 18:28:17.453+02:00 Expanded address and hostname              topics="libp2p dialer" tid=6076570 expandedAddress=/ip4/172.20.10.14/udp/49587/quic-v1 hostname=172.20.10.14 resolvedAddresses="[/ip4/172.20.10.14/udp/49587/quic-v1]"
[2026-10-04 18:28:17.453] [out] [delivery_module] DBG 2026-10-04 18:28:17.453+02:00 New connection established: client         tid=6076570
[2026-10-04 18:28:17.454] [out] [delivery_module] DBG 2026-10-04 18:28:17.454+02:00 Dialing peer                               topics="libp2p dialer" tid=6076570 peerId=16U*8rq3kg addrs="[/ip4/172.20.10.14/udp/49629/quic-v1, /ip4/172.20.10.14/tcp/50996]"
[2026-10-04 18:28:17.454] [out] [delivery_module] DBG 2026-10-04 18:28:17.454+02:00 Expanded address and hostname              topics="libp2p dialer" tid=6076570 expandedAddress=/ip4/172.20.10.14/udp/49629/quic-v1 hostname=172.20.10.14 resolvedAddresses="[/ip4/172.20.10.14/udp/49629/quic-v1]"
[2026-10-04 18:28:17.454] [out] [delivery_module] DBG 2026-10-04 18:28:17.454+02:00 New connection established: client         tid=6076570
[2026-10-04 18:28:17.454] [out] [delivery_module] INF 2026-10-04 18:28:17.454+02:00 Relay peer connections                     topics="waku node peer_manager" tid=6076570 inRelayConns=0/50 outRelayConns=6/25 totalConnections=6/150 notConnectedPeers=10 outsideBackoffPeers=9
[2026-10-04 18:28:17.456] [out] [delivery_module] DBG 2026-10-04 18:28:17.456+02:00 ENR addresses updated                      topics="waku enr" tid=6076570 retained=0 total=0
[2026-10-04 18:28:17.456] [out] [delivery_module] DBG 2026-10-04 18:28:17.456+02:00 Subscribing to pubsub topic                topics="waku relay" tid=6076570 pubsubTopic=/waku/2/rs/3/0
[2026-10-04 18:28:17.456] [out] [delivery_module] DBG 2026-10-04 18:28:17.456+02:00 peer filtering updated                     topics="waku discv5" tid=6076570
[2026-10-04 18:28:17.456] [out] [delivery_module] DBG 2026-10-04 18:28:17.456+02:00 ENR shards updated                         topics="waku discv5" tid=6076570 enrUri=enr:-K24QKtqNa3UV6UXaEGmd8LQ1C7RIApaOEMbrJ2YQbhlibdcRXbc5BX1u9DO78e_Q2apITwHwFIlXpVwNaHnBvsqMpUHgmlkgnY0im11bHRpYWRkcnOAgnJzkwADCAAAAAEAAgADAAQABQAGAAeJc2VjcDI1NmsxoQNXhC6_lm-qGb_QToofJ21QgCgv6u7xkyo10RAgopuPI4N0Y3CC0QaDdWRwgtOIhXdha3UyLQ add=true
[2026-10-04 18:28:17.457] [out] [delivery_module] DBG 2026-10-04 18:28:17.456+02:00 Subscribing to pubsub topic                topics="waku relay" tid=6076570 pubsubTopic=/waku/2/rs/3/1
[2026-10-04 18:28:17.457] [out] [delivery_module] DBG 2026-10-04 18:28:17.457+02:00 peer filtering updated                     topics="waku discv5" tid=6076570
[2026-10-04 18:28:17.457] [out] [delivery_module] DBG 2026-10-04 18:28:17.457+02:00 ENR shards updated                         topics="waku discv5" tid=6076570 enrUri=enr:-K24QLyXNbUPhUCMCdHnzO5ZM-IE6yIDOhlLoq4J6jvyXOWVIQamTcUs7Vish-Au9r40HRCDKLt6402UmmpdVbl2_WgIgmlkgnY0im11bHRpYWRkcnOAgnJzkwADCAAAAAEAAgADAAQABQAGAAeJc2VjcDI1NmsxoQNXhC6_lm-qGb_QToofJ21QgCgv6u7xkyo10RAgopuPI4N0Y3CC0QaDdWRwgtOIhXdha3UyLQ add=true
[2026-10-04 18:28:17.457] [out] [delivery_module] DBG 2026-10-04 18:28:17.457+02:00 Subscribing to pubsub topic                topics="waku relay" tid=6076570 pubsubTopic=/waku/2/rs/3/2
[2026-10-04 18:28:17.457] [out] [delivery_module] DBG 2026-10-04 18:28:17.457+02:00 peer filtering updated                     topics="waku discv5" tid=6076570
[2026-10-04 18:28:17.457] [out] [delivery_module] DBG 2026-10-04 18:28:17.457+02:00 ENR shards updated                         topics="waku discv5" tid=6076570 enrUri=enr:-K24QPZoulAkigrphG4LZwIfNkkxcx78GlfUhM9CNbzWFXA8bby4cpj4mBRF1z25r8vCpN7ozuRc4t8sEQ33qFuWRQwJgmlkgnY0im11bHRpYWRkcnOAgnJzkwADCAAAAAEAAgADAAQABQAGAAeJc2VjcDI1NmsxoQNXhC6_lm-qGb_QToofJ21QgCgv6u7xkyo10RAgopuPI4N0Y3CC0QaDdWRwgtOIhXdha3UyLQ add=true
[2026-10-04 18:28:17.457] [out] [delivery_module] DBG 2026-10-04 18:28:17.457+02:00 Subscribing to pubsub topic                topics="waku relay" tid=6076570 pubsubTopic=/waku/2/rs/3/3
[2026-10-04 18:28:17.458] [out] [delivery_module] DBG 2026-10-04 18:28:17.458+02:00 peer filtering updated                     topics="waku discv5" tid=6076570
[2026-10-04 18:28:17.458] [out] [delivery_module] DBG 2026-10-04 18:28:17.458+02:00 ENR shards updated                         topics="waku discv5" tid=6076570 enrUri=enr:-K24QHLPcAjV0wwcBQ_QnPb-OEDdZrD8o8Wo9DvMIa8Tjq89MRHlw-pe9vH6FVKgM9kcuFBAJvfWIc4Vg5YGK0fs_tYKgmlkgnY0im11bHRpYWRkcnOAgnJzkwADCAAAAAEAAgADAAQABQAGAAeJc2VjcDI1NmsxoQNXhC6_lm-qGb_QToofJ21QgCgv6u7xkyo10RAgopuPI4N0Y3CC0QaDdWRwgtOIhXdha3UyLQ add=true
[2026-10-04 18:28:17.458] [out] [delivery_module] DBG 2026-10-04 18:28:17.458+02:00 Subscribing to pubsub topic                topics="waku relay" tid=6076570 pubsubTopic=/waku/2/rs/3/4
[2026-10-04 18:28:17.458] [out] [delivery_module] DBG 2026-10-04 18:28:17.458+02:00 peer filtering updated                     topics="waku discv5" tid=6076570
[2026-10-04 18:28:17.458] [out] [delivery_module] DBG 2026-10-04 18:28:17.458+02:00 ENR shards updated                         topics="waku discv5" tid=6076570 enrUri=enr:-K24QPzW-NNnBiGMz_ekPTFZzcVJyRY4wSczwl-TbMN1TCcGKcKhxRC2bYZNdSnt5aZpVZDw5RRRMQq04N6zKPBh_8ALgmlkgnY0im11bHRpYWRkcnOAgnJzkwADCAAAAAEAAgADAAQABQAGAAeJc2VjcDI1NmsxoQNXhC6_lm-qGb_QToofJ21QgCgv6u7xkyo10RAgopuPI4N0Y3CC0QaDdWRwgtOIhXdha3UyLQ add=true
[2026-10-04 18:28:17.458] [out] [delivery_module] DBG 2026-10-04 18:28:17.458+02:00 Subscribing to pubsub topic                topics="waku relay" tid=6076570 pubsubTopic=/waku/2/rs/3/5
[2026-10-04 18:28:17.459] [out] [delivery_module] DBG 2026-10-04 18:28:17.459+02:00 peer filtering updated                     topics="waku discv5" tid=6076570
[2026-10-04 18:28:17.459] [out] [delivery_module] DBG 2026-10-04 18:28:17.459+02:00 ENR shards updated                         topics="waku discv5" tid=6076570 enrUri=enr:-K24QAYVzTDkVuKx91JbqfIoL9pqV5pNrNe2COUiDAzk3sNQbx_dwK6FLNwd_8sbpCuKpuzjS3QXcQ_ouDrdgrOfHVkMgmlkgnY0im11bHRpYWRkcnOAgnJzkwADCAAAAAEAAgADAAQABQAGAAeJc2VjcDI1NmsxoQNXhC6_lm-qGb_QToofJ21QgCgv6u7xkyo10RAgopuPI4N0Y3CC0QaDdWRwgtOIhXdha3UyLQ add=true
[2026-10-04 18:28:17.459] [out] [delivery_module] DBG 2026-10-04 18:28:17.459+02:00 Subscribing to pubsub topic                topics="waku relay" tid=6076570 pubsubTopic=/waku/2/rs/3/6
[2026-10-04 18:28:17.459] [out] [delivery_module] DBG 2026-10-04 18:28:17.459+02:00 peer filtering updated                     topics="waku discv5" tid=6076570
[2026-10-04 18:28:17.459] [out] [delivery_module] DBG 2026-10-04 18:28:17.459+02:00 ENR shards updated                         topics="waku discv5" tid=6076570 enrUri=enr:-K24QPB_h-YZRCMwkZ4pHkZzs5u3b7bc9S6_nE9Kp1c9fdwRG0q2q7KhuD91T1SJcYIRTVoWQ9t-sOzpR8Kzdkkkb8MNgmlkgnY0im11bHRpYWRkcnOAgnJzkwADCAAAAAEAAgADAAQABQAGAAeJc2VjcDI1NmsxoQNXhC6_lm-qGb_QToofJ21QgCgv6u7xkyo10RAgopuPI4N0Y3CC0QaDdWRwgtOIhXdha3UyLQ add=true
[2026-10-04 18:28:17.459] [out] [delivery_module] NTC 2026-10-04 18:28:17.459+02:00 ENR carries no reachable host, so peers cannot dial this node. Set --nat, --ext-ip, --dns4-domain-name or --ext-multiaddr to advertise one topics="wakunode waku" tid=6076570
[2026-10-04 18:28:17.459] [out] [delivery_module] DBG 2026-10-04 18:28:17.459+02:00 register interest                          topics="service-disco discoverer" tid=6076570 service=/logos/delivery serviceId=key:E6738033B5D413D13CF58622CEB4EF8F392E8D4EB073B56A5486CB0431B2F5D8
[2026-10-04 18:28:17.459] [out] [delivery_module] DBG 2026-10-04 18:28:17.459+02:00 Lookup query                               topics="kad-dht find" tid=6076570 peer=16U*P1S397
[2026-10-04 18:28:17.459] [out] [delivery_module] DBG 2026-10-04 18:28:17.459+02:00 Lookup query                               topics="kad-dht find" tid=6076570 peer=16U*T3UNSE
[2026-10-04 18:28:17.459] [out] [delivery_module] DBG 2026-10-04 18:28:17.459+02:00 Lookup query                               topics="kad-dht find" tid=6076570 peer=16U*VpJprH
[2026-10-04 18:28:17.459] [out] [delivery_module] DBG 2026-10-04 18:28:17.459+02:00 Lookup query                               topics="kad-dht find" tid=6076570 peer=16U*kGyuEP
[2026-10-04 18:28:17.459] [out] [delivery_module] DBG 2026-10-04 18:28:17.459+02:00 Lookup query                               topics="kad-dht find" tid=6076570 peer=16U*iSrhve
[2026-10-04 18:28:17.460] [out] [delivery_module] DBG 2026-10-04 18:28:17.460+02:00 Lookup query                               topics="kad-dht find" tid=6076570 peer=16U*NSkuby
[2026-10-04 18:28:17.460] [out] [delivery_module] DBG 2026-10-04 18:28:17.460+02:00 Lookup query                               topics="kad-dht find" tid=6076570 peer=16U*TwqBiH
[2026-10-04 18:28:17.460] [out] [delivery_module] DBG 2026-10-04 18:28:17.460+02:00 Added service to discover                  topics="waku service discovery" tid=6076570 service=/logos/delivery
[2026-10-04 18:28:17.460] [out] [delivery_module] DBG 2026-10-04 18:28:17.460+02:00 Added provided service                     topics="service-disco advertiser" tid=6076570 service=/logos/delivery serviceId=key:E6738033B5D413D13CF58622CEB4EF8F392E8D4EB073B56A5486CB0431B2F5D8
[2026-10-04 18:28:17.461] [out] [delivery_module] DBG 2026-10-04 18:28:17.461+02:00 Cannot insert self in routing table        topics="kad-dht rtable" tid=6076570 nodeId=key:0025080212210357842EBF966FAA19BFD04E8A1F276D5080282FEAEEF1932A35D11020A29B8F23
[2026-10-04 18:28:17.461] [out] [delivery_module] DBG 2026-10-04 18:28:17.461+02:00 Cannot insert self in routing table        topics="kad-dht rtable" tid=6076570 nodeId=key:0025080212210357842EBF966FAA19BFD04E8A1F276D5080282FEAEEF1932A35D11020A29B8F23
[2026-10-04 18:28:17.462] [out] [delivery_module] DBG 2026-10-04 18:28:17.462+02:00 Added service to advertise                 topics="waku service discovery" tid=6076570 service=/logos/delivery
[2026-10-04 18:28:17.462] [out] [delivery_module] INF 2026-10-04 18:28:17.462+02:00 advertising this node on the delivery network topics="waku discovery advertise" tid=6076570 backend=service protocols="[/vac/waku/relay/2.0.0, /vac/waku/filter-subscribe/2.0.0-beta1, /vac/waku/lightpush/3.0.0, /mix/1.0.0]"
[2026-10-04 18:28:17.462] [out] [delivery_module] DBG 2026-10-04 18:28:17.462+02:00 register interest                          topics="service-disco discoverer" tid=6076570 service=/mix/1.0.0 serviceId=key:913B5C5DBE691438693215140388EC0C7DE80DE328BDE5BD7FC06F90568CEA40
[2026-10-04 18:28:17.463] [out] [delivery_module] DBG 2026-10-04 18:28:17.463+02:00 Lookup query                               topics="kad-dht find" tid=6076570 peer=16U*kGyuEP
[2026-10-04 18:28:17.463] [out] [delivery_module] DBG 2026-10-04 18:28:17.463+02:00 Lookup query                               topics="kad-dht find" tid=6076570 peer=16U*T3UNSE
[2026-10-04 18:28:17.463] [out] [delivery_module] DBG 2026-10-04 18:28:17.463+02:00 Lookup query                               topics="kad-dht find" tid=6076570 peer=16U*P1S397
[2026-10-04 18:28:17.463] [out] [delivery_module] DBG 2026-10-04 18:28:17.463+02:00 Lookup query                               topics="kad-dht find" tid=6076570 peer=16U*VpJprH
[2026-10-04 18:28:17.463] [out] [delivery_module] DBG 2026-10-04 18:28:17.463+02:00 Lookup query                               topics="kad-dht find" tid=6076570 peer=16U*TwqBiH
[2026-10-04 18:28:17.463] [out] [delivery_module] DBG 2026-10-04 18:28:17.463+02:00 Lookup query                               topics="kad-dht find" tid=6076570 peer=16U*iSrhve
[2026-10-04 18:28:17.463] [out] [delivery_module] DBG 2026-10-04 18:28:17.463+02:00 Lookup query                               topics="kad-dht find" tid=6076570 peer=16U*NSkuby
[2026-10-04 18:28:17.463] [out] [delivery_module] DBG 2026-10-04 18:28:17.463+02:00 Added service to discover                  topics="waku service discovery" tid=6076570 service=/mix/1.0.0
[2026-10-04 18:28:17.463] [out] [delivery_module] DBG 2026-10-04 18:28:17.463+02:00 Added provided service                     topics="service-disco advertiser" tid=6076570 service=/mix/1.0.0 serviceId=key:913B5C5DBE691438693215140388EC0C7DE80DE328BDE5BD7FC06F90568CEA40
[2026-10-04 18:28:17.464] [out] [delivery_module] DBG 2026-10-04 18:28:17.464+02:00 Added service to advertise                 topics="waku service discovery" tid=6076570 service=/mix/1.0.0
[2026-10-04 18:28:17.464] [out] [delivery_module] INF 2026-10-04 18:28:17.464+02:00 advertising this node as a mix node        topics="waku discovery advertise" tid=6076570 backend=service
[2026-10-04 18:28:17.464] [out] [delivery_module] INF 2026-10-04 18:28:17.464+02:00 Node is online                             topics="waku online monitor" tid=6076570
[2026-10-04 18:28:17.464] [out] [delivery_module] INF 2026-10-04 18:28:17.464+02:00 Health monitor loop start                  tid=6076570
[2026-10-04 18:28:17.465] [out] [delivery_module] DBG 2026-10-04 18:28:17.465+02:00 calculateConnectionState                   tid=6076570 relayCount=6 storeClientCount=5 lightpushCount=6 filterCount=6
[2026-10-04 18:28:17.465] [out] [delivery_module] DBG 2026-10-04 18:28:17.465+02:00 connectionStatus change                    tid=6076570 oldstatus=Disconnected newstatus=Connected
[2026-10-04 18:28:17.466] [out] [delivery_module] INF 2026-10-04 18:28:17.466+02:00 starting keepalive                         tid=6076570 randomPeersKeepalive=10s allPeersKeepalive=2m
[2026-10-04 18:28:17.466] [out] [delivery_module] DBG 2026-10-04 18:28:17.466+02:00 no listener registered                     tid=6076571 event=onTopicHealthChange
[2026-10-04 18:28:17.466] [out] [delivery_module] DBG 2026-10-04 18:28:17.466+02:00 no listener registered                     tid=6076571 event=onTopicHealthChange
[2026-10-04 18:28:17.466] [out] [delivery_module] DBG 2026-10-04 18:28:17.466+02:00 no listener registered                     tid=6076571 event=onTopicHealthChange
[2026-10-04 18:28:17.466] [out] [delivery_module] DBG 2026-10-04 18:28:17.466+02:00 no listener registered                     tid=6076571 event=onTopicHealthChange
[2026-10-04 18:28:17.466] [out] [delivery_module] DBG 2026-10-04 18:28:17.466+02:00 no listener registered                     tid=6076571 event=onTopicHealthChange
[2026-10-04 18:28:17.466] [out] [delivery_module] DBG 2026-10-04 18:28:17.466+02:00 no listener registered                     tid=6076571 event=onTopicHealthChange
[2026-10-04 18:28:17.466] [out] [delivery_module] DBG 2026-10-04 18:28:17.466+02:00 no listener registered                     tid=6076571 event=onTopicHealthChange
[2026-10-04 18:28:17.466] [info] [logos] [delivery_module] DeliveryModuleImpl::send called with contentTopic: /lp0026forum/1/general/text
[2026-10-04 18:28:17.469] [out] [delivery_module] DBG 2026-10-04 18:28:17.469+02:00 Kad lookup: RPC error                      topics="kad-dht find" tid=6076570 peer=16U*VpJprH msg="dialStage: timed out dialing the peer"
[2026-10-04 18:28:17.469] [out] [delivery_module] DBG 2026-10-04 18:28:17.469+02:00 SendService.send: processing delivery task topics="send service" tid=6076570 requestId=70cba64bf59e12e79842 msgHash=0x36edf717321106d153a59b0e85e59d717efa17ee90497b250e282260db46ecb8
[2026-10-04 18:28:17.469] [out] [delivery_module] DBG 2026-10-04 18:28:17.469+02:00 Trying message delivery via Mix            topics="send service mix processor" tid=6076570 requestId=70cba64bf59e12e79842 msgHash=0x36edf717321106d153a59b0e85e59d717efa17ee90497b250e282260db46ecb8 tryCount=1
[2026-10-04 18:28:17.469] [out] [delivery_module] DBG 2026-10-04 18:28:17.469+02:00 Publishing message without RLN proof       tid=6076570
[2026-10-04 18:28:17.470] [out] [delivery_module] DBG 2026-10-04 18:28:17.469+02:00 Publishing message with lightpush          topics="waku node lightpush api" tid=6076570 pubsubTopic=/waku/2/rs/3/7 contentTopic=/lp0026forum/1/general/text target_peer_id=16U*P1S397 msg_hash=0x36edf717321106d153a59b0e85e59d717efa17ee90497b250e282260db46ecb8 mixify=true
[2026-10-04 18:28:17.470] [out] [delivery_module] DBG 2026-10-04 18:28:17.470+02:00 Publish                                    topics="waku lightpush client" tid=6076570 myPeerId=16U*Hv8wAS peerId= msgHash=0x36edf717321106d153a59b0e85e59d717efa17ee90497b250e282260db46ecb8 sentTime=1791131297470028032
[2026-10-04 18:28:17.470] [out] [delivery_module] DBG 2026-10-04 18:28:17.470+02:00 Destination data                           tid=6076570 destination=MixDestination[MixNode](16Uiu2HAm4S1JYkuzDKLKQvwgAhZKs9otxXqt8SCGtB4hoJP1S397)
[2026-10-04 18:28:17.470] [out] [delivery_module] DBG 2026-10-04 18:28:17.470+02:00 Selected mix node:                         tid=6076570 indexInPath=0 peerId=16U*TwqBiH
[2026-10-04 18:28:17.470] [out] [delivery_module] DBG 2026-10-04 18:28:17.470+02:00 Selected mix node:                         tid=6076570 indexInPath=1 peerId=16U*VpJprH
[2026-10-04 18:28:17.470] [out] [delivery_module] DBG 2026-10-04 18:28:17.470+02:00 Selected mix node:                         tid=6076570 indexInPath=2 peerId=16U*P1S397
[2026-10-04 18:28:17.470] [out] [delivery_module] DBG 2026-10-04 18:28:17.470+02:00 Selected mix node for surbs:               tid=6076570 indexInPath=0 peerId=16U*NSkuby
[2026-10-04 18:28:17.470] [out] [delivery_module] DBG 2026-10-04 18:28:17.470+02:00 Selected mix node for surbs:               tid=6076570 indexInPath=1 peerId=16U*kGyuEP
[2026-10-04 18:28:17.470] [info] [logos] [delivery_module] DeliveryModuleImpl: Send initiated for topic: /lp0026forum/1/general/text, with success, requestId: 70cba64bf59e12e79842
[2026-10-04 18:28:17.569] [out] [delivery_module] DBG 2026-10-04 18:28:17.569+02:00 calculateConnectionState                   tid=6076570 relayCount=6 storeClientCount=5 lightpushCount=6 filterCount=6
[2026-10-04 18:28:17.671] [out] [delivery_module] DBG 2026-10-04 18:28:17.670+02:00 calculateConnectionState                   tid=6076570 relayCount=6 storeClientCount=5 lightpushCount=6 filterCount=6
[2026-10-04 18:28:17.677] [out] [delivery_module] DBG 2026-10-04 18:28:17.677+02:00 Dialing peer                               topics="libp2p dialer" tid=6076570 peerId=16U*t5HAoy addrs="[/ip4/109.41.112.89/tcp/45860, /ip4/109.41.112.89/tcp/44569, /ip4/109.41.112.89/tcp/45681]"
[2026-10-04 18:28:17.677] [out] [delivery_module] DBG 2026-10-04 18:28:17.677+02:00 Expanded address and hostname              topics="libp2p dialer" tid=6076570 expandedAddress=/ip4/109.41.112.89/tcp/45860 hostname=109.41.112.89 resolvedAddresses="[/ip4/109.41.112.89/tcp/45860]"
[2026-10-04 18:28:17.680] [out] [delivery_module] DBG 2026-10-04 18:28:17.680+02:00 Lookup query                               topics="kad-dht find" tid=6076570 peer=16U*CbKVbN
[2026-10-04 18:28:17.680] [out] [delivery_module] DBG 2026-10-04 18:28:17.680+02:00 Lookup query                               topics="kad-dht find" tid=6076570 peer=16U*JXZN12
[2026-10-04 18:28:17.680] [out] [delivery_module] DBG 2026-10-04 18:28:17.680+02:00 Lookup query                               topics="kad-dht find" tid=6076570 peer=16U*nd1vDS
[2026-10-04 18:28:17.680] [out] [delivery_module] DBG 2026-10-04 18:28:17.680+02:00 Lookup query                               topics="kad-dht find" tid=6076570 peer=16U*t5HAoy
[2026-10-04 18:28:17.730] [out] [delivery_module] DBG 2026-10-04 18:28:17.730+02:00 Lookup query                               topics="kad-dht find" tid=6076570 peer=16U*RZcwkN
[2026-10-04 18:28:17.730] [out] [delivery_module] DBG 2026-10-04 18:28:17.730+02:00 Lookup query                               topics="kad-dht find" tid=6076570 peer=16U*33uyAY
[2026-10-04 18:28:17.770] [out] [delivery_module] DBG 2026-10-04 18:28:17.770+02:00 Lookup query                               topics="kad-dht find" tid=6076570 peer=16U*8rq3kg
[2026-10-04 18:28:17.871] [out] [delivery_module] DBG 2026-10-04 18:28:17.871+02:00 calculateConnectionState                   tid=6076570 relayCount=6 storeClientCount=5 lightpushCount=6 filterCount=6
[2026-10-04 18:28:17.874] [out] [delivery_module] DBG 2026-10-04 18:28:17.874+02:00 Lookup query                               topics="kad-dht find" tid=6076570 peer=16U*2pfeoX
[2026-10-04 18:28:17.883] [out] [delivery_module] DBG 2026-10-04 18:28:17.883+02:00 Lookup query                               topics="kad-dht find" tid=6076570 peer=16U*8rq3kg
[2026-10-04 18:28:17.883] [out] [delivery_module] DBG 2026-10-04 18:28:17.883+02:00 Lookup query                               topics="kad-dht find" tid=6076570 peer=16U*t5HAoy
[2026-10-04 18:28:17.883] [out] [delivery_module] DBG 2026-10-04 18:28:17.883+02:00 Lookup query                               topics="kad-dht find" tid=6076570 peer=16U*RZcwkN
[2026-10-04 18:28:17.883] [out] [delivery_module] DBG 2026-10-04 18:28:17.883+02:00 Lookup query                               topics="kad-dht find" tid=6076570 peer=16U*33uyAY
[2026-10-04 18:28:17.900] [out] [delivery_module] DBG 2026-10-04 18:28:17.900+02:00 Lookup query                               topics="kad-dht find" tid=6076570 peer=16U*oWQB23
[2026-10-04 18:28:17.976] [out] [delivery_module] DBG 2026-10-04 18:28:17.976+02:00 Lookup query                               topics="kad-dht find" tid=6076570 peer=16U*JXZN12
[2026-10-04 18:28:17.976] [out] [delivery_module] DBG 2026-10-04 18:28:17.976+02:00 Lookup query                               topics="kad-dht find" tid=6076570 peer=16U*CbKVbN
[2026-10-04 18:28:18.024] [out] [delivery_module] DBG 2026-10-04 18:28:18.024+02:00 Lookup query                               topics="kad-dht find" tid=6076570 peer=16U*nd1vDS
[2026-10-04 18:28:18.217] [out] [delivery_module] DBG 2026-10-04 18:28:18.217+02:00 Lookup query                               topics="kad-dht find" tid=6076570 peer=16U*Lqfd15
[2026-10-04 18:28:18.292] [out] [delivery_module] DBG 2026-10-04 18:28:18.292+02:00 Lookup query                               topics="kad-dht find" tid=6076570 peer=16U*oWQB23
[2026-10-04 18:28:20.453] [out] [delivery_module] DBG 2026-10-04 18:28:20.453+02:00 Dialing failed                             topics="libp2p dialer" tid=6076570 description="quic dial timed out after 3s" peerId=16U*Lqfd15 address=/ip4/172.20.10.14/udp/62334/quic-v1 hostname=172.20.10.14
[2026-10-04 18:28:20.453] [out] [delivery_module] DBG 2026-10-04 18:28:20.453+02:00 Expanded address and hostname              topics="libp2p dialer" tid=6076570 expandedAddress=/ip4/172.20.10.14/tcp/65350 hostname=172.20.10.14 resolvedAddresses="[/ip4/172.20.10.14/tcp/65350]"
[2026-10-04 18:28:20.454] [out] [delivery_module] DBG 2026-10-04 18:28:20.454+02:00 Dialing failed                             topics="libp2p dialer" tid=6076570 description="quic dial timed out after 3s" peerId=16U*JXZN12 address=/ip4/172.20.10.14/udp/62834/quic-v1 hostname=172.20.10.14
[2026-10-04 18:28:20.454] [out] [delivery_module] DBG 2026-10-04 18:28:20.454+02:00 Dialing failed                             topics="libp2p dialer" tid=6076570 description="TcpTransport dial error: (61) Connection refused" peerId=16U*Lqfd15 address=/ip4/172.20.10.14/tcp/65350 hostname=172.20.10.14
[2026-10-04 18:28:20.454] [out] [delivery_module] DBG 2026-10-04 18:28:20.454+02:00 Expanded address and hostname              topics="libp2p dialer" tid=6076570 expandedAddress=/ip4/172.20.10.14/tcp/49738 hostname=172.20.10.14 resolvedAddresses="[/ip4/172.20.10.14/tcp/49738]"
[2026-10-04 18:28:20.455] [out] [delivery_module] DBG 2026-10-04 18:28:20.455+02:00 Dialing failed                             topics="libp2p dialer" tid=6076570 description="quic dial timed out after 3s" peerId=16U*CbKVbN address=/ip4/172.20.10.14/udp/55956/quic-v1 hostname=172.20.10.14
[2026-10-04 18:28:20.455] [out] [delivery_module] DBG 2026-10-04 18:28:20.455+02:00 Dialing failed                             topics="libp2p dialer" tid=6076570 description="quic dial timed out after 3s" peerId=16U*RZcwkN address=/ip4/172.20.10.14/udp/49587/quic-v1 hostname=172.20.10.14
[2026-10-04 18:28:20.455] [out] [delivery_module] DBG 2026-10-04 18:28:20.455+02:00 Expanded address and hostname              topics="libp2p dialer" tid=6076570 expandedAddress=/ip4/172.20.10.14/tcp/51685 hostname=172.20.10.14 resolvedAddresses="[/ip4/172.20.10.14/tcp/51685]"
[2026-10-04 18:28:20.455] [out] [delivery_module] DBG 2026-10-04 18:28:20.455+02:00 Expanded address and hostname              topics="libp2p dialer" tid=6076570 expandedAddress=/ip4/172.20.10.14/tcp/51590 hostname=172.20.10.14 resolvedAddresses="[/ip4/172.20.10.14/tcp/51590]"
[2026-10-04 18:28:20.455] [out] [delivery_module] DBG 2026-10-04 18:28:20.455+02:00 Dialing peer                               topics="libp2p dialer" tid=6076570 peerId=16U*Lqfd15 addrs="[/ip4/172.20.10.14/udp/62334/quic-v1, /ip4/172.20.10.14/tcp/65350]"
[2026-10-04 18:28:20.456] [out] [delivery_module] DBG 2026-10-04 18:28:20.455+02:00 Expanded address and hostname              topics="libp2p dialer" tid=6076570 expandedAddress=/ip4/172.20.10.14/udp/62334/quic-v1 hostname=172.20.10.14 resolvedAddresses="[/ip4/172.20.10.14/udp/62334/quic-v1]"
[2026-10-04 18:28:20.456] [out] [delivery_module] DBG 2026-10-04 18:28:20.456+02:00 New connection established: client         tid=6076570
[2026-10-04 18:28:20.456] [out] [delivery_module] DBG 2026-10-04 18:28:20.456+02:00 Dialing failed                             topics="libp2p dialer" tid=6076570 description="TcpTransport dial error: (61) Connection refused" peerId=16U*JXZN12 address=/ip4/172.20.10.14/tcp/49738 hostname=172.20.10.14
[2026-10-04 18:28:20.456] [out] [delivery_module] DBG 2026-10-04 18:28:20.456+02:00 Dialing failed                             topics="libp2p dialer" tid=6076570 description="TcpTransport dial error: (61) Connection refused" peerId=16U*CbKVbN address=/ip4/172.20.10.14/tcp/51685 hostname=172.20.10.14
[2026-10-04 18:28:20.456] [out] [delivery_module] DBG 2026-10-04 18:28:20.456+02:00 Dialing failed                             topics="libp2p dialer" tid=6076570 description="TcpTransport dial error: (61) Connection refused" peerId=16U*RZcwkN address=/ip4/172.20.10.14/tcp/51590 hostname=172.20.10.14
[2026-10-04 18:28:20.457] [out] [delivery_module] DBG 2026-10-04 18:28:20.456+02:00 Dialing failed                             topics="libp2p dialer" tid=6076570 description="quic dial timed out after 3s" peerId=16U*8rq3kg address=/ip4/172.20.10.14/udp/49629/quic-v1 hostname=172.20.10.14
[2026-10-04 18:28:20.457] [out] [delivery_module] DBG 2026-10-04 18:28:20.457+02:00 Expanded address and hostname              topics="libp2p dialer" tid=6076570 expandedAddress=/ip4/172.20.10.14/tcp/50996 hostname=172.20.10.14 resolvedAddresses="[/ip4/172.20.10.14/tcp/50996]"
[2026-10-04 18:28:20.457] [out] [delivery_module] DBG 2026-10-04 18:28:20.457+02:00 Dialing peer                               topics="libp2p dialer" tid=6076570 peerId=16U*JXZN12 addrs="[/ip4/172.20.10.14/udp/62834/quic-v1, /ip4/172.20.10.14/tcp/49738]"
[2026-10-04 18:28:20.457] [out] [delivery_module] DBG 2026-10-04 18:28:20.457+02:00 Expanded address and hostname              topics="libp2p dialer" tid=6076570 expandedAddress=/ip4/172.20.10.14/udp/62834/quic-v1 hostname=172.20.10.14 resolvedAddresses="[/ip4/172.20.10.14/udp/62834/quic-v1]"
[2026-10-04 18:28:20.457] [out] [delivery_module] DBG 2026-10-04 18:28:20.457+02:00 New connection established: client         tid=6076570
[2026-10-04 18:28:20.458] [out] [delivery_module] DBG 2026-10-04 18:28:20.458+02:00 Dialing peer                               topics="libp2p dialer" tid=6076570 peerId=16U*CbKVbN addrs="[/ip4/172.20.10.14/udp/55956/quic-v1, /ip4/172.20.10.14/tcp/51685]"
[2026-10-04 18:28:20.458] [out] [delivery_module] DBG 2026-10-04 18:28:20.458+02:00 Expanded address and hostname              topics="libp2p dialer" tid=6076570 expandedAddress=/ip4/172.20.10.14/udp/55956/quic-v1 hostname=172.20.10.14 resolvedAddresses="[/ip4/172.20.10.14/udp/55956/quic-v1]"
[2026-10-04 18:28:20.458] [out] [delivery_module] DBG 2026-10-04 18:28:20.458+02:00 New connection established: client         tid=6076570
[2026-10-04 18:28:20.458] [out] [delivery_module] DBG 2026-10-04 18:28:20.458+02:00 Dialing peer                               topics="libp2p dialer" tid=6076570 peerId=16U*RZcwkN addrs="[/ip4/172.20.10.14/udp/49587/quic-v1, /ip4/172.20.10.14/tcp/51590]"
[2026-10-04 18:28:20.459] [out] [delivery_module] DBG 2026-10-04 18:28:20.459+02:00 Expanded address and hostname              topics="libp2p dialer" tid=6076570 expandedAddress=/ip4/172.20.10.14/udp/49587/quic-v1 hostname=172.20.10.14 resolvedAddresses="[/ip4/172.20.10.14/udp/49587/quic-v1]"
[2026-10-04 18:28:20.459] [out] [delivery_module] DBG 2026-10-04 18:28:20.459+02:00 New connection established: client         tid=6076570
[2026-10-04 18:28:20.459] [out] [delivery_module] DBG 2026-10-04 18:28:20.459+02:00 Dialing failed                             topics="libp2p dialer" tid=6076570 description="TcpTransport dial error: (61) Connection refused" peerId=16U*8rq3kg address=/ip4/172.20.10.14/tcp/50996 hostname=172.20.10.14
[2026-10-04 18:28:20.459] [out] [delivery_module] DBG 2026-10-04 18:28:20.459+02:00 Dialing peer                               topics="libp2p dialer" tid=6076570 peerId=16U*8rq3kg addrs="[/ip4/172.20.10.14/udp/49629/quic-v1, /ip4/172.20.10.14/tcp/50996]"
[2026-10-04 18:28:20.459] [out] [delivery_module] DBG 2026-10-04 18:28:20.459+02:00 Expanded address and hostname              topics="libp2p dialer" tid=6076570 expandedAddress=/ip4/172.20.10.14/udp/49629/quic-v1 hostname=172.20.10.14 resolvedAddresses="[/ip4/172.20.10.14/udp/49629/quic-v1]"
[2026-10-04 18:28:20.459] [out] [delivery_module] DBG 2026-10-04 18:28:20.459+02:00 New connection established: client         tid=6076570
[2026-10-04 18:28:21.353] [out] [delivery_module] DBG 2026-10-04 18:28:21.353+02:00 Lookup query                               topics="kad-dht find" tid=6076570 peer=16U*VpJprH
[2026-10-04 18:28:21.354] [out] [delivery_module] DBG 2026-10-04 18:28:21.353+02:00 Kad lookup: RPC error                      topics="kad-dht find" tid=6076570 peer=16U*VpJprH msg="dialStage: timed out dialing the peer"
[2026-10-04 18:28:21.452] [out] [delivery_module] DBG 2026-10-04 18:28:21.452+02:00 getting adverts                            topics="service-disco discoverer" tid=6076570 serviceId=key:913B5C5DBE691438693215140388EC0C7DE80DE328BDE5BD7FC06F90568CEA40 registrar=16U*iSrhve
[2026-10-04 18:28:21.453] [out] [delivery_module] DBG 2026-10-04 18:28:21.453+02:00 getting adverts                            topics="service-disco discoverer" tid=6076570 serviceId=key:913B5C5DBE691438693215140388EC0C7DE80DE328BDE5BD7FC06F90568CEA40 registrar=16U*NSkuby
[2026-10-04 18:28:21.453] [out] [delivery_module] DBG 2026-10-04 18:28:21.453+02:00 getting adverts                            topics="service-disco discoverer" tid=6076570 serviceId=key:913B5C5DBE691438693215140388EC0C7DE80DE328BDE5BD7FC06F90568CEA40 registrar=16U*TwqBiH
[2026-10-04 18:28:21.453] [out] [delivery_module] DBG 2026-10-04 18:28:21.453+02:00 getting adverts                            topics="service-disco discoverer" tid=6076570 serviceId=key:913B5C5DBE691438693215140388EC0C7DE80DE328BDE5BD7FC06F90568CEA40 registrar=16U*Hv8wAS
[2026-10-04 18:28:21.453] [out] [delivery_module] DBG 2026-10-04 18:28:21.453+02:00 Cannot insert self in routing table        topics="kad-dht rtable" tid=6076570 nodeId=key:0025080212210357842EBF966FAA19BFD04E8A1F276D5080282FEAEEF1932A35D11020A29B8F23
[2026-10-04 18:28:21.454] [out] [delivery_module] DBG 2026-10-04 18:28:21.454+02:00 adverts found                              topics="service-disco discoverer" tid=6076570 serviceId=key:913B5C5DBE691438693215140388EC0C7DE80DE328BDE5BD7FC06F90568CEA40 remote=16U*Hv8wAS count=0
[2026-10-04 18:28:21.455] [out] [delivery_module] DBG 2026-10-04 18:28:21.455+02:00 getting adverts                            topics="service-disco discoverer" tid=6076570 serviceId=key:E6738033B5D413D13CF58622CEB4EF8F392E8D4EB073B56A5486CB0431B2F5D8 registrar=16U*NSkuby
[2026-10-04 18:28:21.455] [out] [delivery_module] DBG 2026-10-04 18:28:21.455+02:00 getting adverts                            topics="service-disco discoverer" tid=6076570 serviceId=key:E6738033B5D413D13CF58622CEB4EF8F392E8D4EB073B56A5486CB0431B2F5D8 registrar=16U*iSrhve
[2026-10-04 18:28:21.455] [out] [delivery_module] DBG 2026-10-04 18:28:21.455+02:00 getting adverts                            topics="service-disco discoverer" tid=6076570 serviceId=key:E6738033B5D413D13CF58622CEB4EF8F392E8D4EB073B56A5486CB0431B2F5D8 registrar=16U*TwqBiH
[2026-10-04 18:28:21.455] [out] [delivery_module] DBG 2026-10-04 18:28:21.455+02:00 getting adverts                            topics="service-disco discoverer" tid=6076570 serviceId=key:E6738033B5D413D13CF58622CEB4EF8F392E8D4EB073B56A5486CB0431B2F5D8 registrar=16U*Hv8wAS
[2026-10-04 18:28:21.455] [out] [delivery_module] DBG 2026-10-04 18:28:21.455+02:00 Cannot insert self in routing table        topics="kad-dht rtable" tid=6076570 nodeId=key:0025080212210357842EBF966FAA19BFD04E8A1F276D5080282FEAEEF1932A35D11020A29B8F23
[2026-10-04 18:28:21.456] [out] [delivery_module] DBG 2026-10-04 18:28:21.456+02:00 adverts found                              topics="service-disco discoverer" tid=6076570 serviceId=key:E6738033B5D413D13CF58622CEB4EF8F392E8D4EB073B56A5486CB0431B2F5D8 remote=16U*Hv8wAS count=1
[2026-10-04 18:28:21.853] [out] [delivery_module] DBG 2026-10-04 18:28:21.853+02:00 adverts found                              topics="service-disco discoverer" tid=6076570 serviceId=key:913B5C5DBE691438693215140388EC0C7DE80DE328BDE5BD7FC06F90568CEA40 remote=16U*NSkuby count=1
[2026-10-04 18:28:21.907] [out] [delivery_module] DBG 2026-10-04 18:28:21.907+02:00 adverts found                              topics="service-disco discoverer" tid=6076570 serviceId=key:E6738033B5D413D13CF58622CEB4EF8F392E8D4EB073B56A5486CB0431B2F5D8 remote=16U*NSkuby count=3
[2026-10-04 18:28:22.013] [out] [delivery_module] DBG 2026-10-04 18:28:22.013+02:00 adverts found                              topics="service-disco discoverer" tid=6076570 serviceId=key:913B5C5DBE691438693215140388EC0C7DE80DE328BDE5BD7FC06F90568CEA40 remote=16U*iSrhve count=4
[2026-10-04 18:28:22.125] [out] [delivery_module] DBG 2026-10-04 18:28:22.125+02:00 adverts found                              topics="service-disco discoverer" tid=6076570 serviceId=key:E6738033B5D413D13CF58622CEB4EF8F392E8D4EB073B56A5486CB0431B2F5D8 remote=16U*iSrhve count=3
[2026-10-04 18:28:22.180] [out] [delivery_module] DBG 2026-10-04 18:28:22.180+02:00 adverts found                              topics="service-disco discoverer" tid=6076570 serviceId=key:913B5C5DBE691438693215140388EC0C7DE80DE328BDE5BD7FC06F90568CEA40 remote=16U*TwqBiH count=2
[2026-10-04 18:28:22.181] [out] [delivery_module] DBG 2026-10-04 18:28:22.181+02:00 adverts found                              topics="service-disco discoverer" tid=6076570 serviceId=key:E6738033B5D413D13CF58622CEB4EF8F392E8D4EB073B56A5486CB0431B2F5D8 remote=16U*TwqBiH count=7
[2026-10-04 18:28:22.192] [out] [delivery_module] DBG 2026-10-04 18:28:22.192+02:00 getting adverts                            topics="service-disco discoverer" tid=6076570 serviceId=key:913B5C5DBE691438693215140388EC0C7DE80DE328BDE5BD7FC06F90568CEA40 registrar=16U*VpJprH
[2026-10-04 18:28:22.192] [out] [delivery_module] DBG 2026-10-04 18:28:22.192+02:00 getting adverts                            topics="service-disco discoverer" tid=6076570 serviceId=key:913B5C5DBE691438693215140388EC0C7DE80DE328BDE5BD7FC06F90568CEA40 registrar=16U*T3UNSE
[2026-10-04 18:28:22.192] [out] [delivery_module] DBG 2026-10-04 18:28:22.192+02:00 getting adverts                            topics="service-disco discoverer" tid=6076570 serviceId=key:913B5C5DBE691438693215140388EC0C7DE80DE328BDE5BD7FC06F90568CEA40 registrar=16U*P1S397
[2026-10-04 18:28:22.192] [out] [delivery_module] DBG 2026-10-04 18:28:22.192+02:00 getting adverts                            topics="service-disco discoverer" tid=6076570 serviceId=key:E6738033B5D413D13CF58622CEB4EF8F392E8D4EB073B56A5486CB0431B2F5D8 registrar=16U*kGyuEP
[2026-10-04 18:28:22.452] [out] [delivery_module] DBG 2026-10-04 18:28:22.452+02:00 Lookup query                               topics="kad-dht find" tid=6076570 peer=16U*VpJprH
[2026-10-04 18:28:22.452] [out] [delivery_module] DBG 2026-10-04 18:28:22.452+02:00 Kad lookup: RPC error                      topics="kad-dht find" tid=6076570 peer=16U*VpJprH msg="dialStage: timed out dialing the peer"
[2026-10-04 18:28:22.460] [out] [delivery_module] DBG 2026-10-04 18:28:22.460+02:00 ENR addresses updated                      topics="waku enr" tid=6076570 retained=0 total=0
[2026-10-04 18:28:22.460] [out] [delivery_module] INF 2026-10-04 18:28:22.460+02:00 ENR reconciled with the discv5 record      topics="wakunode waku" tid=6076570 enr=enr:-K24QNWdAOOEvdDK7kwS2wdBkaH4GWeu63z1SypOV8uCDiahcIRQe9TpzadjkeWhFmh-4c_4EjjO8_v5A0PYrz1MKO0OgmlkgnY0im11bHRpYWRkcnOAgnJzkwADCAAAAAEAAgADAAQABQAGAAeJc2VjcDI1NmsxoQNXhC6_lm-qGb_QToofJ21QgCgv6u7xkyo10RAgopuPI4N0Y3CC0QaDdWRwgtOIhXdha3UyLQ
[2026-10-04 18:28:22.461] [out] [delivery_module] DBG 2026-10-04 18:28:22.461+02:00 Lookup query                               topics="kad-dht find" tid=6076570 peer=16U*VpJprH
[2026-10-04 18:28:22.461] [out] [delivery_module] DBG 2026-10-04 18:28:22.461+02:00 Kad lookup: RPC error                      topics="kad-dht find" tid=6076570 peer=16U*VpJprH msg="dialStage: timed out dialing the peer"
[2026-10-04 18:28:22.464] [out] [delivery_module] DBG 2026-10-04 18:28:22.464+02:00 Lookup query                               topics="kad-dht find" tid=6076570 peer=16U*VpJprH
[2026-10-04 18:28:22.465] [out] [delivery_module] DBG 2026-10-04 18:28:22.465+02:00 Kad lookup: RPC error                      topics="kad-dht find" tid=6076570 peer=16U*VpJprH msg="dialStage: timed out dialing the peer"
[2026-10-04 18:28:22.474] [out] [delivery_module] DBG 2026-10-04 18:28:22.474+02:00 Mix lightpush timed out                    topics="waku node lightpush api" tid=6076570 pubsubTopic=/waku/2/rs/3/7 timeout=5s
[2026-10-04 18:28:22.474] [out] [delivery_module] DBG 2026-10-04 18:28:22.474+02:00 MixSendProcessor.sendImpl failed           topics="send service mix processor" tid=6076570 error="Waku lightpush over mix timed out"
[2026-10-04 18:28:22.476] [out] [delivery_module] DBG 2026-10-04 18:28:22.476+02:00 Trying message delivery via Mix            topics="send service mix processor" tid=6076570 requestId=70cba64bf59e12e79842 msgHash=0x36edf717321106d153a59b0e85e59d717efa17ee90497b250e282260db46ecb8 tryCount=2
[2026-10-04 18:28:22.476] [out] [delivery_module] DBG 2026-10-04 18:28:22.476+02:00 Publishing message without RLN proof       tid=6076570
[2026-10-04 18:28:22.476] [out] [delivery_module] DBG 2026-10-04 18:28:22.476+02:00 Publishing message with lightpush          topics="waku node lightpush api" tid=6076570 pubsubTopic=/waku/2/rs/3/7 contentTopic=/lp0026forum/1/general/text target_peer_id=16U*T3UNSE msg_hash=0x36edf717321106d153a59b0e85e59d717efa17ee90497b250e282260db46ecb8 mixify=true
[2026-10-04 18:28:22.476] [out] [delivery_module] DBG 2026-10-04 18:28:22.476+02:00 Publish                                    topics="waku lightpush client" tid=6076570 myPeerId=16U*Hv8wAS peerId= msgHash=0x36edf717321106d153a59b0e85e59d717efa17ee90497b250e282260db46ecb8 sentTime=1791131302476763904
[2026-10-04 18:28:22.476] [out] [delivery_module] DBG 2026-10-04 18:28:22.476+02:00 Destination data                           tid=6076570 destination=MixDestination[MixNode](16Uiu2HAkvwhGHKNry6LACrB8TmEFoCJKEX29XR5dDUzk3UT3UNSE)
[2026-10-04 18:28:22.476] [out] [delivery_module] DBG 2026-10-04 18:28:22.476+02:00 Selected mix node:                         tid=6076570 indexInPath=0 peerId=16U*VpJprH
[2026-10-04 18:28:22.476] [out] [delivery_module] DBG 2026-10-04 18:28:22.476+02:00 Selected mix node:                         tid=6076570 indexInPath=1 peerId=16U*NSkuby
[2026-10-04 18:28:22.477] [out] [delivery_module] DBG 2026-10-04 18:28:22.477+02:00 Selected mix node:                         tid=6076570 indexInPath=2 peerId=16U*T3UNSE
[2026-10-04 18:28:22.477] [out] [delivery_module] DBG 2026-10-04 18:28:22.477+02:00 Selected mix node for surbs:               tid=6076570 indexInPath=0 peerId=16U*P1S397
[2026-10-04 18:28:22.477] [out] [delivery_module] DBG 2026-10-04 18:28:22.477+02:00 Selected mix node for surbs:               tid=6076570 indexInPath=1 peerId=16U*NSkuby
[2026-10-04 18:28:22.614] [out] [delivery_module] DBG 2026-10-04 18:28:22.614+02:00 adverts found                              topics="service-disco discoverer" tid=6076570 serviceId=key:913B5C5DBE691438693215140388EC0C7DE80DE328BDE5BD7FC06F90568CEA40 remote=16U*P1S397 count=1
[2026-10-04 18:28:22.681] [out] [delivery_module] DBG 2026-10-04 18:28:22.681+02:00 Kad lookup: RPC error                      topics="kad-dht find" tid=6076570 peer=16U*JXZN12 msg="dialStage: timed out dialing the peer"
[2026-10-04 18:28:22.681] [out] [delivery_module] DBG 2026-10-04 18:28:22.681+02:00 Kad lookup: RPC error                      topics="kad-dht find" tid=6076570 peer=16U*CbKVbN msg="dialStage: timed out dialing the peer"
[2026-10-04 18:28:22.681] [out] [delivery_module] DBG 2026-10-04 18:28:22.681+02:00 Kad lookup: RPC error                      topics="kad-dht find" tid=6076570 peer=16U*t5HAoy msg="dialStage: timed out dialing the peer"
[2026-10-04 18:28:22.681] [out] [delivery_module] DBG 2026-10-04 18:28:22.681+02:00 Kad lookup: RPC error                      topics="kad-dht find" tid=6076570 peer=16U*nd1vDS msg="dialStage: timed out dialing the peer"
[2026-10-04 18:28:22.833] [out] [delivery_module] DBG 2026-10-04 18:28:22.833+02:00 adverts found                              topics="service-disco discoverer" tid=6076570 serviceId=key:E6738033B5D413D13CF58622CEB4EF8F392E8D4EB073B56A5486CB0431B2F5D8 remote=16U*kGyuEP count=6
[2026-10-04 18:28:22.834] [out] [delivery_module] DBG 2026-10-04 18:28:22.834+02:00 adverts found                              topics="service-disco discoverer" tid=6076570 serviceId=key:913B5C5DBE691438693215140388EC0C7DE80DE328BDE5BD7FC06F90568CEA40 remote=16U*T3UNSE count=2
[2026-10-04 18:28:22.840] [out] [delivery_module] DBG 2026-10-04 18:28:22.840+02:00 getting adverts                            topics="service-disco discoverer" tid=6076570 serviceId=key:E6738033B5D413D13CF58622CEB4EF8F392E8D4EB073B56A5486CB0431B2F5D8 registrar=16U*VpJprH
[2026-10-04 18:28:22.884] [out] [delivery_module] DBG 2026-10-04 18:28:22.884+02:00 Kad lookup: RPC error                      topics="kad-dht find" tid=6076570 peer=16U*8rq3kg msg="dialStage: timed out dialing the peer"
[2026-10-04 18:28:22.884] [out] [delivery_module] DBG 2026-10-04 18:28:22.884+02:00 Kad lookup: RPC error                      topics="kad-dht find" tid=6076570 peer=16U*RZcwkN msg="dialStage: timed out dialing the peer"
[2026-10-04 18:28:22.884] [out] [delivery_module] DBG 2026-10-04 18:28:22.884+02:00 Kad lookup: RPC error                      topics="kad-dht find" tid=6076570 peer=16U*t5HAoy msg="dialStage: timed out dialing the peer"
[2026-10-04 18:28:22.884] [out] [delivery_module] DBG 2026-10-04 18:28:22.884+02:00 Kad lookup: RPC error                      topics="kad-dht find" tid=6076570 peer=16U*33uyAY msg="dialStage: timed out dialing the peer"
[2026-10-04 18:28:22.903] [out] [delivery_module] DBG 2026-10-04 18:28:22.903+02:00 Lookup query                               topics="kad-dht find" tid=6076570 peer=16U*oWQB23
[2026-10-04 18:28:22.903] [out] [delivery_module] DBG 2026-10-04 18:28:22.903+02:00 Kad lookup: RPC error                      topics="kad-dht find" tid=6076570 peer=16U*oWQB23 msg="dialStage: timed out dialing the peer"
[2026-10-04 18:28:23.294] [out] [delivery_module] DBG 2026-10-04 18:28:23.294+02:00 Kad lookup: RPC error                      topics="kad-dht find" tid=6076570 peer=16U*oWQB23 msg="dialStage: timed out dialing the peer"
[2026-10-04 18:28:23.458] [out] [delivery_module] DBG 2026-10-04 18:28:23.458+02:00 Dialing failed                             topics="libp2p dialer" tid=6076570 description="quic dial timed out after 3s" peerId=16U*Lqfd15 address=/ip4/172.20.10.14/udp/62334/quic-v1 hostname=172.20.10.14
[2026-10-04 18:28:23.459] [out] [delivery_module] DBG 2026-10-04 18:28:23.458+02:00 Expanded address and hostname              topics="libp2p dialer" tid=6076570 expandedAddress=/ip4/172.20.10.14/tcp/65350 hostname=172.20.10.14 resolvedAddresses="[/ip4/172.20.10.14/tcp/65350]"
[2026-10-04 18:28:23.460] [out] [delivery_module] DBG 2026-10-04 18:28:23.459+02:00 Dialing failed                             topics="libp2p dialer" tid=6076570 description="TcpTransport dial error: (61) Connection refused" peerId=16U*Lqfd15 address=/ip4/172.20.10.14/tcp/65350 hostname=172.20.10.14
[2026-10-04 18:28:23.460] [out] [delivery_module] DBG 2026-10-04 18:28:23.460+02:00 Dialing failed                             topics="libp2p dialer" tid=6076570 description="quic dial timed out after 3s" peerId=16U*JXZN12 address=/ip4/172.20.10.14/udp/62834/quic-v1 hostname=172.20.10.14
[2026-10-04 18:28:23.460] [out] [delivery_module] DBG 2026-10-04 18:28:23.460+02:00 Expanded address and hostname              topics="libp2p dialer" tid=6076570 expandedAddress=/ip4/172.20.10.14/tcp/49738 hostname=172.20.10.14 resolvedAddresses="[/ip4/172.20.10.14/tcp/49738]"
[2026-10-04 18:28:23.461] [out] [delivery_module] DBG 2026-10-04 18:28:23.461+02:00 Dialing failed                             topics="libp2p dialer" tid=6076570 description="quic dial timed out after 3s" peerId=16U*CbKVbN address=/ip4/172.20.10.14/udp/55956/quic-v1 hostname=172.20.10.14
[2026-10-04 18:28:23.461] [out] [delivery_module] DBG 2026-10-04 18:28:23.461+02:00 Dialing failed                             topics="libp2p dialer" tid=6076570 description="quic dial timed out after 3s" peerId=16U*RZcwkN address=/ip4/172.20.10.14/udp/49587/quic-v1 hostname=172.20.10.14
[2026-10-04 18:28:23.461] [out] [delivery_module] DBG 2026-10-04 18:28:23.461+02:00 Error dialing                              topics="libp2p dialer" tid=6076570 conn=nil peerId=16U*Lqfd15 protos="[/logos/service-discovery/1.0.0]" addrs="[/ip4/172.20.10.14/udp/62334/quic-v1, /ip4/172.20.10.14/tcp/65350]" description="Unable to establish outgoing link in establishConnection: peer_id=16U*Lqfd15 addrs=@[/ip4/172.20.10.14/udp/62334/quic-v1, /ip4/172.20.10.14/tcp/65350]"
[2026-10-04 18:28:23.461] [out] [delivery_module] DBG 2026-10-04 18:28:23.461+02:00 Expanded address and hostname              topics="libp2p dialer" tid=6076570 expandedAddress=/ip4/172.20.10.14/tcp/51685 hostname=172.20.10.14 resolvedAddresses="[/ip4/172.20.10.14/tcp/51685]"
[2026-10-04 18:28:23.462] [out] [delivery_module] DBG 2026-10-04 18:28:23.462+02:00 Expanded address and hostname              topics="libp2p dialer" tid=6076570 expandedAddress=/ip4/172.20.10.14/tcp/51590 hostname=172.20.10.14 resolvedAddresses="[/ip4/172.20.10.14/tcp/51590]"
[2026-10-04 18:28:23.463] [out] [delivery_module] DBG 2026-10-04 18:28:23.463+02:00 Dialing peer                               topics="libp2p dialer" tid=6076570 peerId=16U*Lqfd15 addrs="[/ip4/172.20.10.14/udp/62334/quic-v1, /ip4/172.20.10.14/tcp/65350]"
[2026-10-04 18:28:23.463] [out] [delivery_module] DBG 2026-10-04 18:28:23.463+02:00 Expanded address and hostname              topics="libp2p dialer" tid=6076570 expandedAddress=/ip4/172.20.10.14/udp/62334/quic-v1 hostname=172.20.10.14 resolvedAddresses="[/ip4/172.20.10.14/udp/62334/quic-v1]"
[2026-10-04 18:28:23.463] [out] [delivery_module] DBG 2026-10-04 18:28:23.463+02:00 New connection established: client         tid=6076570
[2026-10-04 18:28:23.464] [out] [delivery_module] DBG 2026-10-04 18:28:23.464+02:00 Dialing failed                             topics="libp2p dialer" tid=6076570 description="TcpTransport dial error: (61) Connection refused" peerId=16U*JXZN12 address=/ip4/172.20.10.14/tcp/49738 hostname=172.20.10.14
[2026-10-04 18:28:23.464] [out] [delivery_module] DBG 2026-10-04 18:28:23.464+02:00 Dialing failed                             topics="libp2p dialer" tid=6076570 description="TcpTransport dial error: (61) Connection refused" peerId=16U*CbKVbN address=/ip4/172.20.10.14/tcp/51685 hostname=172.20.10.14
[2026-10-04 18:28:23.464] [out] [delivery_module] DBG 2026-10-04 18:28:23.464+02:00 Dialing failed                             topics="libp2p dialer" tid=6076570 description="TcpTransport dial error: (61) Connection refused" peerId=16U*RZcwkN address=/ip4/172.20.10.14/tcp/51590 hostname=172.20.10.14
[2026-10-04 18:28:23.464] [out] [delivery_module] DBG 2026-10-04 18:28:23.464+02:00 Dialing failed                             topics="libp2p dialer" tid=6076570 description="quic dial timed out after 3s" peerId=16U*8rq3kg address=/ip4/172.20.10.14/udp/49629/quic-v1 hostname=172.20.10.14
[2026-10-04 18:28:23.464] [out] [delivery_module] DBG 2026-10-04 18:28:23.464+02:00 Expanded address and hostname              topics="libp2p dialer" tid=6076570 expandedAddress=/ip4/172.20.10.14/tcp/50996 hostname=172.20.10.14 resolvedAddresses="[/ip4/172.20.10.14/tcp/50996]"
[2026-10-04 18:28:23.464] [out] [delivery_module] DBG 2026-10-04 18:28:23.464+02:00 Error dialing                              topics="libp2p dialer" tid=6076570 conn=nil peerId=16U*JXZN12 protos="[/logos/service-discovery/1.0.0]" addrs="[/ip4/172.20.10.14/udp/62834/quic-v1, /ip4/172.20.10.14/tcp/49738]" description="Unable to establish outgoing link in establishConnection: peer_id=16U*JXZN12 addrs=@[/ip4/172.20.10.14/udp/62834/quic-v1, /ip4/172.20.10.14/tcp/49738]"
[2026-10-04 18:28:23.465] [out] [delivery_module] DBG 2026-10-04 18:28:23.465+02:00 Dialing peer                               topics="libp2p dialer" tid=6076570 peerId=16U*JXZN12 addrs="[/ip4/172.20.10.14/udp/62834/quic-v1, /ip4/172.20.10.14/tcp/49738]"
[2026-10-04 18:28:23.465] [out] [delivery_module] DBG 2026-10-04 18:28:23.465+02:00 Expanded address and hostname              topics="libp2p dialer" tid=6076570 expandedAddress=/ip4/172.20.10.14/udp/62834/quic-v1 hostname=172.20.10.14 resolvedAddresses="[/ip4/172.20.10.14/udp/62834/quic-v1]"
[2026-10-04 18:28:23.465] [out] [delivery_module] DBG 2026-10-04 18:28:23.465+02:00 New connection established: client         tid=6076570
[2026-10-04 18:28:23.465] [out] [delivery_module] DBG 2026-10-04 18:28:23.465+02:00 Error dialing                              topics="libp2p dialer" tid=6076570 conn=nil peerId=16U*CbKVbN protos="[/logos/service-discovery/1.0.0]" addrs="[/ip4/172.20.10.14/udp/55956/quic-v1, /ip4/172.20.10.14/tcp/51685]" description="Unable to establish outgoing link in establishConnection: peer_id=16U*CbKVbN addrs=@[/ip4/172.20.10.14/udp/55956/quic-v1, /ip4/172.20.10.14/tcp/51685]"
[2026-10-04 18:28:23.465] [out] [delivery_module] DBG 2026-10-04 18:28:23.465+02:00 Error dialing                              topics="libp2p dialer" tid=6076570 conn=nil peerId=16U*RZcwkN protos="[/logos/service-discovery/1.0.0]" addrs="[/ip4/172.20.10.14/udp/49587/quic-v1, /ip4/172.20.10.14/tcp/51590]" description="Unable to establish outgoing link in establishConnection: peer_id=16U*RZcwkN addrs=@[/ip4/172.20.10.14/udp/49587/quic-v1, /ip4/172.20.10.14/tcp/51590]"
[2026-10-04 18:28:23.465] [out] [delivery_module] DBG 2026-10-04 18:28:23.465+02:00 Dialing peer                               topics="libp2p dialer" tid=6076570 peerId=16U*CbKVbN addrs="[/ip4/172.20.10.14/udp/55956/quic-v1, /ip4/172.20.10.14/tcp/51685]"
[2026-10-04 18:28:23.465] [out] [delivery_module] DBG 2026-10-04 18:28:23.465+02:00 Expanded address and hostname              topics="libp2p dialer" tid=6076570 expandedAddress=/ip4/172.20.10.14/udp/55956/quic-v1 hostname=172.20.10.14 resolvedAddresses="[/ip4/172.20.10.14/udp/55956/quic-v1]"
[2026-10-04 18:28:23.465] [out] [delivery_module] DBG 2026-10-04 18:28:23.465+02:00 New connection established: client         tid=6076570
[2026-10-04 18:28:23.466] [out] [delivery_module] DBG 2026-10-04 18:28:23.466+02:00 Dialing peer                               topics="libp2p dialer" tid=6076570 peerId=16U*RZcwkN addrs="[/ip4/172.20.10.14/udp/49587/quic-v1, /ip4/172.20.10.14/tcp/51590]"
[2026-10-04 18:28:23.466] [out] [delivery_module] DBG 2026-10-04 18:28:23.466+02:00 Expanded address and hostname              topics="libp2p dialer" tid=6076570 expandedAddress=/ip4/172.20.10.14/udp/49587/quic-v1 hostname=172.20.10.14 resolvedAddresses="[/ip4/172.20.10.14/udp/49587/quic-v1]"
[2026-10-04 18:28:23.466] [out] [delivery_module] DBG 2026-10-04 18:28:23.466+02:00 New connection established: client         tid=6076570
[2026-10-04 18:28:23.466] [out] [delivery_module] DBG 2026-10-04 18:28:23.466+02:00 Dialing failed                             topics="libp2p dialer" tid=6076570 description="TcpTransport dial error: (61) Connection refused" peerId=16U*8rq3kg address=/ip4/172.20.10.14/tcp/50996 hostname=172.20.10.14
[2026-10-04 18:28:23.466] [out] [delivery_module] DBG 2026-10-04 18:28:23.466+02:00 Error dialing                              topics="libp2p dialer" tid=6076570 conn=nil peerId=16U*8rq3kg protos="[/logos/service-discovery/1.0.0]" addrs="[/ip4/172.20.10.14/udp/49629/quic-v1, /ip4/172.20.10.14/tcp/50996]" description="Unable to establish outgoing link in establishConnection: peer_id=16U*8rq3kg addrs=@[/ip4/172.20.10.14/udp/49629/quic-v1, /ip4/172.20.10.14/tcp/50996]"
[2026-10-04 18:28:23.467] [out] [delivery_module] DBG 2026-10-04 18:28:23.467+02:00 Dialing peer                               topics="libp2p dialer" tid=6076570 peerId=16U*8rq3kg addrs="[/ip4/172.20.10.14/udp/49629/quic-v1, /ip4/172.20.10.14/tcp/50996]"
[2026-10-04 18:28:23.467] [out] [delivery_module] DBG 2026-10-04 18:28:23.467+02:00 Expanded address and hostname              topics="libp2p dialer" tid=6076570 expandedAddress=/ip4/172.20.10.14/udp/49629/quic-v1 hostname=172.20.10.14 resolvedAddresses="[/ip4/172.20.10.14/udp/49629/quic-v1]"
[2026-10-04 18:28:23.467] [out] [delivery_module] DBG 2026-10-04 18:28:23.467+02:00 New connection established: client         tid=6076570
[2026-10-04 18:28:26.356] [out] [delivery_module] DBG 2026-10-04 18:28:26.356+02:00 Lookup query                               topics="kad-dht find" tid=6076570 peer=16U*VpJprH
[2026-10-04 18:28:26.357] [out] [delivery_module] DBG 2026-10-04 18:28:26.357+02:00 Kad lookup: RPC error                      topics="kad-dht find" tid=6076570 peer=16U*VpJprH msg="dialStage: timed out dialing the peer"
[2026-10-04 18:28:26.466] [out] [delivery_module] DBG 2026-10-04 18:28:26.466+02:00 Dialing failed                             topics="libp2p dialer" tid=6076570 description="quic dial timed out after 3s" peerId=16U*Lqfd15 address=/ip4/172.20.10.14/udp/62334/quic-v1 hostname=172.20.10.14
[2026-10-04 18:28:26.466] [out] [delivery_module] DBG 2026-10-04 18:28:26.466+02:00 Dialing failed                             topics="libp2p dialer" tid=6076570 description="quic dial timed out after 3s" peerId=16U*JXZN12 address=/ip4/172.20.10.14/udp/62834/quic-v1 hostname=172.20.10.14
[2026-10-04 18:28:26.466] [out] [delivery_module] DBG 2026-10-04 18:28:26.466+02:00 Expanded address and hostname              topics="libp2p dialer" tid=6076570 expandedAddress=/ip4/172.20.10.14/tcp/65350 hostname=172.20.10.14 resolvedAddresses="[/ip4/172.20.10.14/tcp/65350]"
[2026-10-04 18:28:26.467] [out] [delivery_module] DBG 2026-10-04 18:28:26.467+02:00 Expanded address and hostname              topics="libp2p dialer" tid=6076570 expandedAddress=/ip4/172.20.10.14/tcp/49738 hostname=172.20.10.14 resolvedAddresses="[/ip4/172.20.10.14/tcp/49738]"
[2026-10-04 18:28:26.467] [out] [delivery_module] DBG 2026-10-04 18:28:26.467+02:00 Dialing failed                             topics="libp2p dialer" tid=6076570 description="quic dial timed out after 3s" peerId=16U*CbKVbN address=/ip4/172.20.10.14/udp/55956/quic-v1 hostname=172.20.10.14
[2026-10-04 18:28:26.467] [out] [delivery_module] DBG 2026-10-04 18:28:26.467+02:00 Expanded address and hostname              topics="libp2p dialer" tid=6076570 expandedAddress=/ip4/172.20.10.14/tcp/51685 hostname=172.20.10.14 resolvedAddresses="[/ip4/172.20.10.14/tcp/51685]"
[2026-10-04 18:28:26.467] [out] [delivery_module] DBG 2026-10-04 18:28:26.467+02:00 Dialing failed                             topics="libp2p dialer" tid=6076570 description="TcpTransport dial error: (61) Connection refused" peerId=16U*Lqfd15 address=/ip4/172.20.10.14/tcp/65350 hostname=172.20.10.14
[2026-10-04 18:28:26.467] [out] [delivery_module] DBG 2026-10-04 18:28:26.467+02:00 Dialing failed                             topics="libp2p dialer" tid=6076570 description="TcpTransport dial error: (61) Connection refused" peerId=16U*JXZN12 address=/ip4/172.20.10.14/tcp/49738 hostname=172.20.10.14
[2026-10-04 18:28:26.467] [out] [delivery_module] DBG 2026-10-04 18:28:26.467+02:00 Dialing failed                             topics="libp2p dialer" tid=6076570 description="quic dial timed out after 3s" peerId=16U*RZcwkN address=/ip4/172.20.10.14/udp/49587/quic-v1 hostname=172.20.10.14
[2026-10-04 18:28:26.468] [out] [delivery_module] DBG 2026-10-04 18:28:26.467+02:00 Error dialing                              topics="libp2p dialer" tid=6076570 conn=nil peerId=16U*Lqfd15 protos="[/logos/service-discovery/1.0.0]" addrs="[/ip4/172.20.10.14/udp/62334/quic-v1, /ip4/172.20.10.14/tcp/65350]" description="Unable to establish outgoing link in establishConnection: peer_id=16U*Lqfd15 addrs=@[/ip4/172.20.10.14/udp/62334/quic-v1, /ip4/172.20.10.14/tcp/65350]"
[2026-10-04 18:28:26.468] [out] [delivery_module] DBG 2026-10-04 18:28:26.468+02:00 Dialing failed                             topics="libp2p dialer" tid=6076570 description="TcpTransport dial error: (61) Connection refused" peerId=16U*CbKVbN address=/ip4/172.20.10.14/tcp/51685 hostname=172.20.10.14
[2026-10-04 18:28:26.468] [out] [delivery_module] DBG 2026-10-04 18:28:26.468+02:00 Expanded address and hostname              topics="libp2p dialer" tid=6076570 expandedAddress=/ip4/172.20.10.14/tcp/51590 hostname=172.20.10.14 resolvedAddresses="[/ip4/172.20.10.14/tcp/51590]"
[2026-10-04 18:28:26.468] [out] [delivery_module] DBG 2026-10-04 18:28:26.468+02:00 Dialing peer                               topics="libp2p dialer" tid=6076570 peerId=16U*Lqfd15 addrs="[/ip4/172.20.10.14/udp/62334/quic-v1, /ip4/172.20.10.14/tcp/65350]"
[2026-10-04 18:28:26.468] [out] [delivery_module] DBG 2026-10-04 18:28:26.468+02:00 Expanded address and hostname              topics="libp2p dialer" tid=6076570 expandedAddress=/ip4/172.20.10.14/udp/62334/quic-v1 hostname=172.20.10.14 resolvedAddresses="[/ip4/172.20.10.14/udp/62334/quic-v1]"
[2026-10-04 18:28:26.468] [out] [delivery_module] DBG 2026-10-04 18:28:26.468+02:00 New connection established: client         tid=6076570
[2026-10-04 18:28:26.468] [out] [delivery_module] DBG 2026-10-04 18:28:26.468+02:00 Error dialing                              topics="libp2p dialer" tid=6076570 conn=nil peerId=16U*JXZN12 protos="[/logos/service-discovery/1.0.0]" addrs="[/ip4/172.20.10.14/udp/62834/quic-v1, /ip4/172.20.10.14/tcp/49738]" description="Unable to establish outgoing link in establishConnection: peer_id=16U*JXZN12 addrs=@[/ip4/172.20.10.14/udp/62834/quic-v1, /ip4/172.20.10.14/tcp/49738]"
[2026-10-04 18:28:26.468] [out] [delivery_module] DBG 2026-10-04 18:28:26.468+02:00 Dialing peer                               topics="libp2p dialer" tid=6076570 peerId=16U*JXZN12 addrs="[/ip4/172.20.10.14/udp/62834/quic-v1, /ip4/172.20.10.14/tcp/49738]"
[2026-10-04 18:28:26.468] [out] [delivery_module] DBG 2026-10-04 18:28:26.468+02:00 Expanded address and hostname              topics="libp2p dialer" tid=6076570 expandedAddress=/ip4/172.20.10.14/udp/62834/quic-v1 hostname=172.20.10.14 resolvedAddresses="[/ip4/172.20.10.14/udp/62834/quic-v1]"
[2026-10-04 18:28:26.469] [out] [delivery_module] DBG 2026-10-04 18:28:26.469+02:00 New connection established: client         tid=6076570
[2026-10-04 18:28:26.469] [out] [delivery_module] DBG 2026-10-04 18:28:26.469+02:00 Dialing failed                             topics="libp2p dialer" tid=6076570 description="quic dial timed out after 3s" peerId=16U*8rq3kg address=/ip4/172.20.10.14/udp/49629/quic-v1 hostname=172.20.10.14
[2026-10-04 18:28:26.469] [out] [delivery_module] DBG 2026-10-04 18:28:26.469+02:00 Expanded address and hostname              topics="libp2p dialer" tid=6076570 expandedAddress=/ip4/172.20.10.14/tcp/50996 hostname=172.20.10.14 resolvedAddresses="[/ip4/172.20.10.14/tcp/50996]"
[2026-10-04 18:28:26.469] [out] [delivery_module] DBG 2026-10-04 18:28:26.469+02:00 Error dialing                              topics="libp2p dialer" tid=6076570 conn=nil peerId=16U*CbKVbN protos="[/logos/service-discovery/1.0.0]" addrs="[/ip4/172.20.10.14/udp/55956/quic-v1, /ip4/172.20.10.14/tcp/51685]" description="Unable to establish outgoing link in establishConnection: peer_id=16U*CbKVbN addrs=@[/ip4/172.20.10.14/udp/55956/quic-v1, /ip4/172.20.10.14/tcp/51685]"
[2026-10-04 18:28:26.469] [out] [delivery_module] DBG 2026-10-04 18:28:26.469+02:00 Dialing peer                               topics="libp2p dialer" tid=6076570 peerId=16U*CbKVbN addrs="[/ip4/172.20.10.14/udp/55956/quic-v1, /ip4/172.20.10.14/tcp/51685]"
[2026-10-04 18:28:26.469] [out] [delivery_module] DBG 2026-10-04 18:28:26.469+02:00 Expanded address and hostname              topics="libp2p dialer" tid=6076570 expandedAddress=/ip4/172.20.10.14/udp/55956/quic-v1 hostname=172.20.10.14 resolvedAddresses="[/ip4/172.20.10.14/udp/55956/quic-v1]"
[2026-10-04 18:28:26.469] [out] [delivery_module] DBG 2026-10-04 18:28:26.469+02:00 New connection established: client         tid=6076570
[2026-10-04 18:28:26.470] [out] [delivery_module] DBG 2026-10-04 18:28:26.470+02:00 Dialing failed                             topics="libp2p dialer" tid=6076570 description="TcpTransport dial error: (61) Connection refused" peerId=16U*RZcwkN address=/ip4/172.20.10.14/tcp/51590 hostname=172.20.10.14
[2026-10-04 18:28:26.470] [out] [delivery_module] DBG 2026-10-04 18:28:26.470+02:00 Dialing failed                             topics="libp2p dialer" tid=6076570 description="TcpTransport dial error: (61) Connection refused" peerId=16U*8rq3kg address=/ip4/172.20.10.14/tcp/50996 hostname=172.20.10.14
[2026-10-04 18:28:26.470] [out] [delivery_module] DBG 2026-10-04 18:28:26.470+02:00 Error dialing                              topics="libp2p dialer" tid=6076570 conn=nil peerId=16U*RZcwkN protos="[/logos/service-discovery/1.0.0]" addrs="[/ip4/172.20.10.14/udp/49587/quic-v1, /ip4/172.20.10.14/tcp/51590]" description="Unable to establish outgoing link in establishConnection: peer_id=16U*RZcwkN addrs=@[/ip4/172.20.10.14/udp/49587/quic-v1, /ip4/172.20.10.14/tcp/51590]"
[2026-10-04 18:28:26.470] [out] [delivery_module] DBG 2026-10-04 18:28:26.470+02:00 Dialing peer                               topics="libp2p dialer" tid=6076570 peerId=16U*RZcwkN addrs="[/ip4/172.20.10.14/udp/49587/quic-v1, /ip4/172.20.10.14/tcp/51590]"
[2026-10-04 18:28:26.470] [out] [delivery_module] DBG 2026-10-04 18:28:26.470+02:00 Expanded address and hostname              topics="libp2p dialer" tid=6076570 expandedAddress=/ip4/172.20.10.14/udp/49587/quic-v1 hostname=172.20.10.14 resolvedAddresses="[/ip4/172.20.10.14/udp/49587/quic-v1]"
[2026-10-04 18:28:26.470] [out] [delivery_module] DBG 2026-10-04 18:28:26.470+02:00 New connection established: client         tid=6076570
[2026-10-04 18:28:26.470] [out] [delivery_module] DBG 2026-10-04 18:28:26.470+02:00 Error dialing                              topics="libp2p dialer" tid=6076570 conn=nil peerId=16U*8rq3kg protos="[/logos/service-discovery/1.0.0]" addrs="[/ip4/172.20.10.14/udp/49629/quic-v1, /ip4/172.20.10.14/tcp/50996]" description="Unable to establish outgoing link in establishConnection: peer_id=16U*8rq3kg addrs=@[/ip4/172.20.10.14/udp/49629/quic-v1, /ip4/172.20.10.14/tcp/50996]"
[2026-10-04 18:28:26.471] [out] [delivery_module] DBG 2026-10-04 18:28:26.471+02:00 Dialing peer                               topics="libp2p dialer" tid=6076570 peerId=16U*8rq3kg addrs="[/ip4/172.20.10.14/udp/49629/quic-v1, /ip4/172.20.10.14/tcp/50996]"
[2026-10-04 18:28:26.471] [out] [delivery_module] DBG 2026-10-04 18:28:26.471+02:00 Expanded address and hostname              topics="libp2p dialer" tid=6076570 expandedAddress=/ip4/172.20.10.14/udp/49629/quic-v1 hostname=172.20.10.14 resolvedAddresses="[/ip4/172.20.10.14/udp/49629/quic-v1]"
[2026-10-04 18:28:26.471] [out] [delivery_module] DBG 2026-10-04 18:28:26.471+02:00 New connection established: client         tid=6076570
[2026-10-04 18:28:27.194] [out] [delivery_module] DBG 2026-10-04 18:28:27.194+02:00 getting adverts                            topics="service-disco discoverer" tid=6076570 serviceId=key:913B5C5DBE691438693215140388EC0C7DE80DE328BDE5BD7FC06F90568CEA40 registrar=16U*kGyuEP
[2026-10-04 18:28:27.453] [out] [delivery_module] DBG 2026-10-04 18:28:27.453+02:00 Lookup query                               topics="kad-dht find" tid=6076570 peer=16U*VpJprH
[2026-10-04 18:28:27.454] [out] [delivery_module] DBG 2026-10-04 18:28:27.454+02:00 Kad lookup: RPC error                      topics="kad-dht find" tid=6076570 peer=16U*VpJprH msg="dialStage: timed out dialing the peer"
[2026-10-04 18:28:27.454] [out] [delivery_module] DBG 2026-10-04 18:28:27.454+02:00 Finished dialing multiple peers            topics="waku node peer_manager" tid=6076570 successfulConns=0 attempted=9
[2026-10-04 18:28:27.462] [out] [delivery_module] DBG 2026-10-04 18:28:27.462+02:00 Lookup query                               topics="kad-dht find" tid=6076570 peer=16U*VpJprH
[2026-10-04 18:28:27.463] [out] [delivery_module] DBG 2026-10-04 18:28:27.463+02:00 Kad lookup: RPC error                      topics="kad-dht find" tid=6076570 peer=16U*VpJprH msg="dialStage: timed out dialing the peer"
[2026-10-04 18:28:27.466] [out] [delivery_module] DBG 2026-10-04 18:28:27.466+02:00 Lookup query                               topics="kad-dht find" tid=6076570 peer=16U*VpJprH
[2026-10-04 18:28:27.466] [out] [delivery_module] DBG 2026-10-04 18:28:27.466+02:00 Lookup query                               topics="kad-dht find" tid=6076570 peer=16U*oWQB23
[2026-10-04 18:28:27.467] [out] [delivery_module] DBG 2026-10-04 18:28:27.467+02:00 Kad lookup: RPC error                      topics="kad-dht find" tid=6076570 peer=16U*VpJprH msg="dialStage: timed out dialing the peer"
[2026-10-04 18:28:27.481] [out] [delivery_module] DBG 2026-10-04 18:28:27.481+02:00 Mix lightpush timed out                    topics="waku node lightpush api" tid=6076570 pubsubTopic=/waku/2/rs/3/7 timeout=5s
[2026-10-04 18:28:27.481] [out] [delivery_module] DBG 2026-10-04 18:28:27.481+02:00 MixSendProcessor.sendImpl failed           topics="send service mix processor" tid=6076570 error="Waku lightpush over mix timed out"
[2026-10-04 18:28:27.842] [out] [delivery_module] DBG 2026-10-04 18:28:27.841+02:00 getting adverts                            topics="service-disco discoverer" tid=6076570 serviceId=key:E6738033B5D413D13CF58622CEB4EF8F392E8D4EB073B56A5486CB0431B2F5D8 registrar=16U*T3UNSE
[2026-10-04 18:28:27.842] [out] [delivery_module] DBG 2026-10-04 18:28:27.842+02:00 getting adverts                            topics="service-disco discoverer" tid=6076570 serviceId=key:E6738033B5D413D13CF58622CEB4EF8F392E8D4EB073B56A5486CB0431B2F5D8 registrar=16U*P1S397
[2026-10-04 18:28:27.905] [out] [delivery_module] DBG 2026-10-04 18:28:27.904+02:00 Lookup query                               topics="kad-dht find" tid=6076570 peer=16U*oWQB23
[2026-10-04 18:28:27.905] [out] [delivery_module] DBG 2026-10-04 18:28:27.905+02:00 Kad lookup: RPC error                      topics="kad-dht find" tid=6076570 peer=16U*oWQB23 msg="dialStage: timed out dialing the peer"
[2026-10-04 18:28:28.053] [out] [delivery_module] DBG 2026-10-04 18:28:28.053+02:00 adverts found                              topics="service-disco discoverer" tid=6076570 serviceId=key:913B5C5DBE691438693215140388EC0C7DE80DE328BDE5BD7FC06F90568CEA40 remote=16U*kGyuEP count=2
[2026-10-04 18:28:28.055] [out] [delivery_module] DBG 2026-10-04 18:28:28.055+02:00 Peer added via service discovery           topics="waku service discovery" tid=6076570 source="service lookup" peerId=16Uiu2HAm8Y9kgBNtjxvCnf1X6gnZJW5EGE4UwwCL3CCm55TwqBiH addresses="[/ip4/34.123.201.25/tcp/30303, /ip4/34.123.201.25/udp/30303/quic-v1, /dns4/delivery-02.gc-us-central1-a.logos.dev.status.im/tcp/30303]" protocols="[/mix/1.0.0]"
[2026-10-04 18:28:28.056] [out] [delivery_module] DBG 2026-10-04 18:28:28.056+02:00 Peer added via service discovery           topics="waku service discovery" tid=6076570 source="service lookup" peerId=16Uiu2HAm8YokiNun9BkeA1ZRmhLbtNUvcwRr64F69tYj9fkGyuEP addresses="[/ip4/47.242.130.189/tcp/30303, /ip4/47.242.130.189/udp/30303/quic-v1, /dns4/delivery-01.ac-cn-hongkong-c.logos.dev.status.im/tcp/30303]" protocols="[/mix/1.0.0]"
[2026-10-04 18:28:28.056] [out] [delivery_module] DBG 2026-10-04 18:28:28.056+02:00 Peer added via service discovery           topics="waku service discovery" tid=6076570 source="service lookup" peerId=16Uiu2HAm4S1JYkuzDKLKQvwgAhZKs9otxXqt8SCGtB4hoJP1S397 addresses="[/ip4/136.119.156.87/tcp/30303, /ip4/136.119.156.87/udp/30303/quic-v1, /dns4/delivery-01.gc-us-central1-a.logos.dev.status.im/tcp/30303]" protocols="[/mix/1.0.0]"
[2026-10-04 18:28:28.056] [out] [delivery_module] DBG 2026-10-04 18:28:28.056+02:00 Peer added via service discovery           topics="waku service discovery" tid=6076570 source="service lookup" peerId=16Uiu2HAmTUbnxLGT9JvV6mu9oPyDjqHK4Phs1VDJNUgESgNSkuby addresses="[/ip4/138.68.122.137/tcp/30303, /ip4/138.68.122.137/udp/30303/quic-v1, /dns4/delivery-01.do-ams3.logos.dev.status.im/tcp/30303]" protocols="[/mix/1.0.0]"
[2026-10-04 18:28:28.056] [out] [delivery_module] DBG 2026-10-04 18:28:28.056+02:00 Service lookup complete                    topics="waku service discovery" tid=6076570 service=/mix/1.0.0 found=4
[2026-10-04 18:28:28.058] [out] [delivery_module] DBG 2026-10-04 18:28:28.058+02:00 calculateConnectionState                   tid=6076570 relayCount=6 storeClientCount=5 lightpushCount=6 filterCount=6
[2026-10-04 18:28:28.483] [out] [delivery_module] DBG 2026-10-04 18:28:28.483+02:00 Trying message delivery via Mix            topics="send service mix processor" tid=6076570 requestId=70cba64bf59e12e79842 msgHash=0x36edf717321106d153a59b0e85e59d717efa17ee90497b250e282260db46ecb8 tryCount=3
[2026-10-04 18:28:28.483] [out] [delivery_module] DBG 2026-10-04 18:28:28.483+02:00 Publishing message without RLN proof       tid=6076570
[2026-10-04 18:28:28.483] [out] [delivery_module] DBG 2026-10-04 18:28:28.483+02:00 Publishing message with lightpush          topics="waku node lightpush api" tid=6076570 pubsubTopic=/waku/2/rs/3/7 contentTopic=/lp0026forum/1/general/text target_peer_id=16U*kGyuEP msg_hash=0x36edf717321106d153a59b0e85e59d717efa17ee90497b250e282260db46ecb8 mixify=true
[2026-10-04 18:28:28.483] [out] [delivery_module] DBG 2026-10-04 18:28:28.483+02:00 Publish                                    topics="waku lightpush client" tid=6076570 myPeerId=16U*Hv8wAS peerId= msgHash=0x36edf717321106d153a59b0e85e59d717efa17ee90497b250e282260db46ecb8 sentTime=1791131308483443968
[2026-10-04 18:28:28.483] [out] [delivery_module] DBG 2026-10-04 18:28:28.483+02:00 Destination data                           tid=6076570 destination=MixDestination[MixNode](16Uiu2HAm8YokiNun9BkeA1ZRmhLbtNUvcwRr64F69tYj9fkGyuEP)
[2026-10-04 18:28:28.483] [out] [delivery_module] DBG 2026-10-04 18:28:28.483+02:00 Selected mix node:                         tid=6076570 indexInPath=0 peerId=16U*P1S397
[2026-10-04 18:28:28.483] [out] [delivery_module] DBG 2026-10-04 18:28:28.483+02:00 Selected mix node:                         tid=6076570 indexInPath=1 peerId=16U*NSkuby
[2026-10-04 18:28:28.483] [out] [delivery_module] DBG 2026-10-04 18:28:28.483+02:00 Selected mix node:                         tid=6076570 indexInPath=2 peerId=16U*kGyuEP
[2026-10-04 18:28:28.483] [out] [delivery_module] DBG 2026-10-04 18:28:28.483+02:00 Selected mix node for surbs:               tid=6076570 indexInPath=0 peerId=16U*T3UNSE
[2026-10-04 18:28:28.483] [out] [delivery_module] DBG 2026-10-04 18:28:28.483+02:00 Selected mix node for surbs:               tid=6076570 indexInPath=1 peerId=16U*P1S397
[2026-10-04 18:28:28.549] [out] [delivery_module] DBG 2026-10-04 18:28:28.548+02:00 adverts found                              topics="service-disco discoverer" tid=6076570 serviceId=key:E6738033B5D413D13CF58622CEB4EF8F392E8D4EB073B56A5486CB0431B2F5D8 remote=16U*P1S397 count=7
[2026-10-04 18:28:28.714] [out] [delivery_module] DBG 2026-10-04 18:28:28.714+02:00 adverts found                              topics="service-disco discoverer" tid=6076570 serviceId=key:E6738033B5D413D13CF58622CEB4EF8F392E8D4EB073B56A5486CB0431B2F5D8 remote=16U*T3UNSE count=0
[2026-10-04 18:28:28.716] [out] [delivery_module] DBG 2026-10-04 18:28:28.716+02:00 Peer added via service discovery           topics="waku service discovery" tid=6076570 source="service lookup" peerId=16Uiu2HAm4S1JYkuzDKLKQvwgAhZKs9otxXqt8SCGtB4hoJP1S397 addresses="[/ip4/136.119.156.87/tcp/30303, /ip4/136.119.156.87/udp/30303/quic-v1, /dns4/delivery-01.gc-us-central1-a.logos.dev.status.im/tcp/30303]" protocols="[/logos/delivery]"
[2026-10-04 18:28:28.716] [out] [delivery_module] DBG 2026-10-04 18:28:28.716+02:00 Peer added via service discovery           topics="waku service discovery" tid=6076570 source="service lookup" peerId=16Uiu2HAm75mHYCn97YHQ3auieTYohvJU9d3WGyGBAjnVc32pfeoX addresses="[/ip4/192.168.68.53/tcp/27431, /ip4/192.168.68.53/udp/16011/quic-v1]" protocols="[/logos/delivery]"
[2026-10-04 18:28:28.716] [out] [delivery_module] DBG 2026-10-04 18:28:28.716+02:00 Peer added via service discovery           topics="waku service discovery" tid=6076570 source="service lookup" peerId=16Uiu2HAkvwhGHKNry6LACrB8TmEFoCJKEX29XR5dDUzk3UT3UNSE addresses="[/ip4/43.99.103.10/tcp/30303, /ip4/43.99.103.10/udp/30303/quic-v1, /dns4/delivery-02.ac-cn-hongkong-c.logos.dev.status.im/tcp/30303]" protocols="[/logos/delivery]"
[2026-10-04 18:28:28.716] [out] [delivery_module] DBG 2026-10-04 18:28:28.716+02:00 Peer added via service discovery           topics="waku service discovery" tid=6076570 source="service lookup" peerId=16Uiu2HAm8Y9kgBNtjxvCnf1X6gnZJW5EGE4UwwCL3CCm55TwqBiH addresses="[/ip4/34.123.201.25/tcp/30303, /ip4/34.123.201.25/udp/30303/quic-v1, /dns4/delivery-02.gc-us-central1-a.logos.dev.status.im/tcp/30303]" protocols="[/logos/delivery]"
[2026-10-04 18:28:28.716] [out] [delivery_module] DBG 2026-10-04 18:28:28.716+02:00 Peer added via service discovery           topics="waku service discovery" tid=6076570 source="service lookup" peerId=16Uiu2HAmJYciuT2s3xyGckraHNCKTU7chGjeW7zLcXVRoVHv8wAS addresses="[/ip4/172.20.10.14/tcp/53510, /ip4/172.20.10.14/udp/59448/quic-v1]" protocols="[/logos/delivery]"
[2026-10-04 18:28:28.716] [out] [delivery_module] DBG 2026-10-04 18:28:28.716+02:00 Peer added via service discovery           topics="waku service discovery" tid=6076570 source="service lookup" peerId=16Uiu2HAm8YokiNun9BkeA1ZRmhLbtNUvcwRr64F69tYj9fkGyuEP addresses="[/ip4/47.242.130.189/tcp/30303, /ip4/47.242.130.189/udp/30303/quic-v1, /dns4/delivery-01.ac-cn-hongkong-c.logos.dev.status.im/tcp/30303]" protocols="[/logos/delivery]"
[2026-10-04 18:28:28.716] [out] [delivery_module] DBG 2026-10-04 18:28:28.716+02:00 Peer added via service discovery           topics="waku service discovery" tid=6076570 source="service lookup" peerId=16Uiu2HAm1xxiN1EJgFE7buHWW6WVEWAofJ91YizfcAUU8PoWQB23 addresses="[/ip4/88.160.11.28/tcp/17981, /ip4/88.160.11.28/udp/19925/quic-v1]" protocols="[/logos/delivery]"
[2026-10-04 18:28:28.716] [out] [delivery_module] DBG 2026-10-04 18:28:28.716+02:00 Peer added via service discovery           topics="waku service discovery" tid=6076570 source="service lookup" peerId=16Uiu2HAmTUbnxLGT9JvV6mu9oPyDjqHK4Phs1VDJNUgESgNSkuby addresses="[/ip4/138.68.122.137/tcp/30303, /ip4/138.68.122.137/udp/30303/quic-v1, /dns4/delivery-01.do-ams3.logos.dev.status.im/tcp/30303]" protocols="[/logos/delivery]"
[2026-10-04 18:28:28.716] [out] [delivery_module] DBG 2026-10-04 18:28:28.716+02:00 Peer added via service discovery           topics="waku service discovery" tid=6076570 source="service lookup" peerId=16Uiu2HAm5hiDKtofKsaY3hNNyzzhFagoKo8uMWTFJ2huwMiSrhve addresses="[/ip4/173.42.114.210/tcp/37795]" protocols="[/logos/delivery]"
[2026-10-04 18:28:28.716] [out] [delivery_module] DBG 2026-10-04 18:28:28.716+02:00 Service lookup complete                    topics="waku service discovery" tid=6076570 service=/logos/delivery found=9
[2026-10-04 18:28:28.717] [out] [delivery_module] DBG 2026-10-04 18:28:28.717+02:00 calculateConnectionState                   tid=6076570 relayCount=6 storeClientCount=5 lightpushCount=6 filterCount=6
[2026-10-04 18:28:29.469] [out] [delivery_module] DBG 2026-10-04 18:28:29.469+02:00 Dialing failed                             topics="libp2p dialer" tid=6076570 description="quic dial timed out after 3s" peerId=16U*Lqfd15 address=/ip4/172.20.10.14/udp/62334/quic-v1 hostname=172.20.10.14
[2026-10-04 18:28:29.469] [out] [delivery_module] DBG 2026-10-04 18:28:29.469+02:00 Expanded address and hostname              topics="libp2p dialer" tid=6076570 expandedAddress=/ip4/172.20.10.14/tcp/65350 hostname=172.20.10.14 resolvedAddresses="[/ip4/172.20.10.14/tcp/65350]"
[2026-10-04 18:28:29.470] [out] [delivery_module] DBG 2026-10-04 18:28:29.470+02:00 Dialing failed                             topics="libp2p dialer" tid=6076570 description="TcpTransport dial error: (61) Connection refused" peerId=16U*Lqfd15 address=/ip4/172.20.10.14/tcp/65350 hostname=172.20.10.14
[2026-10-04 18:28:29.470] [out] [delivery_module] DBG 2026-10-04 18:28:29.470+02:00 Dialing failed                             topics="libp2p dialer" tid=6076570 description="quic dial timed out after 3s" peerId=16U*JXZN12 address=/ip4/172.20.10.14/udp/62834/quic-v1 hostname=172.20.10.14
[2026-10-04 18:28:29.471] [out] [delivery_module] DBG 2026-10-04 18:28:29.471+02:00 Expanded address and hostname              topics="libp2p dialer" tid=6076570 expandedAddress=/ip4/172.20.10.14/tcp/49738 hostname=172.20.10.14 resolvedAddresses="[/ip4/172.20.10.14/tcp/49738]"
[2026-10-04 18:28:29.471] [out] [delivery_module] DBG 2026-10-04 18:28:29.471+02:00 Dialing failed                             topics="libp2p dialer" tid=6076570 description="quic dial timed out after 3s" peerId=16U*CbKVbN address=/ip4/172.20.10.14/udp/55956/quic-v1 hostname=172.20.10.14
[2026-10-04 18:28:29.471] [out] [delivery_module] DBG 2026-10-04 18:28:29.471+02:00 Error dialing                              topics="libp2p dialer" tid=6076570 conn=nil peerId=16U*Lqfd15 protos="[/logos/service-discovery/1.0.0]" addrs="[/ip4/172.20.10.14/udp/62334/quic-v1, /ip4/172.20.10.14/tcp/65350]" description="Unable to establish outgoing link in establishConnection: peer_id=16U*Lqfd15 addrs=@[/ip4/172.20.10.14/udp/62334/quic-v1, /ip4/172.20.10.14/tcp/65350]"
[2026-10-04 18:28:29.471] [out] [delivery_module] DBG 2026-10-04 18:28:29.471+02:00 Expanded address and hostname              topics="libp2p dialer" tid=6076570 expandedAddress=/ip4/172.20.10.14/tcp/51685 hostname=172.20.10.14 resolvedAddresses="[/ip4/172.20.10.14/tcp/51685]"
[2026-10-04 18:28:29.472] [out] [delivery_module] DBG 2026-10-04 18:28:29.472+02:00 Dialing failed                             topics="libp2p dialer" tid=6076570 description="TcpTransport dial error: (61) Connection refused" peerId=16U*JXZN12 address=/ip4/172.20.10.14/tcp/49738 hostname=172.20.10.14
[2026-10-04 18:28:29.472] [out] [delivery_module] DBG 2026-10-04 18:28:29.472+02:00 Dialing failed                             topics="libp2p dialer" tid=6076570 description="TcpTransport dial error: (61) Connection refused" peerId=16U*CbKVbN address=/ip4/172.20.10.14/tcp/51685 hostname=172.20.10.14
[2026-10-04 18:28:29.472] [out] [delivery_module] DBG 2026-10-04 18:28:29.472+02:00 Dialing failed                             topics="libp2p dialer" tid=6076570 description="quic dial timed out after 3s" peerId=16U*RZcwkN address=/ip4/172.20.10.14/udp/49587/quic-v1 hostname=172.20.10.14
[2026-10-04 18:28:29.472] [out] [delivery_module] DBG 2026-10-04 18:28:29.472+02:00 Error dialing                              topics="libp2p dialer" tid=6076570 conn=nil peerId=16U*JXZN12 protos="[/logos/service-discovery/1.0.0]" addrs="[/ip4/172.20.10.14/udp/62834/quic-v1, /ip4/172.20.10.14/tcp/49738]" description="Unable to establish outgoing link in establishConnection: peer_id=16U*JXZN12 addrs=@[/ip4/172.20.10.14/udp/62834/quic-v1, /ip4/172.20.10.14/tcp/49738]"
[2026-10-04 18:28:29.472] [out] [delivery_module] DBG 2026-10-04 18:28:29.472+02:00 Dialing failed                             topics="libp2p dialer" tid=6076570 description="quic dial timed out after 3s" peerId=16U*8rq3kg address=/ip4/172.20.10.14/udp/49629/quic-v1 hostname=172.20.10.14
[2026-10-04 18:28:29.472] [out] [delivery_module] DBG 2026-10-04 18:28:29.472+02:00 Expanded address and hostname              topics="libp2p dialer" tid=6076570 expandedAddress=/ip4/172.20.10.14/tcp/51590 hostname=172.20.10.14 resolvedAddresses="[/ip4/172.20.10.14/tcp/51590]"
[2026-10-04 18:28:29.473] [out] [delivery_module] DBG 2026-10-04 18:28:29.473+02:00 Dialing peer                               topics="libp2p dialer" tid=6076570 peerId=16U*JXZN12 addrs="[/ip4/172.20.10.14/udp/62834/quic-v1, /ip4/172.20.10.14/tcp/49738]"
[2026-10-04 18:28:29.473] [out] [delivery_module] DBG 2026-10-04 18:28:29.473+02:00 Expanded address and hostname              topics="libp2p dialer" tid=6076570 expandedAddress=/ip4/172.20.10.14/udp/62834/quic-v1 hostname=172.20.10.14 resolvedAddresses="[/ip4/172.20.10.14/udp/62834/quic-v1]"
[2026-10-04 18:28:29.473] [out] [delivery_module] DBG 2026-10-04 18:28:29.473+02:00 New connection established: client         tid=6076570
[2026-10-04 18:28:29.474] [out] [delivery_module] DBG 2026-10-04 18:28:29.474+02:00 Expanded address and hostname              topics="libp2p dialer" tid=6076570 expandedAddress=/ip4/172.20.10.14/tcp/50996 hostname=172.20.10.14 resolvedAddresses="[/ip4/172.20.10.14/tcp/50996]"
[2026-10-04 18:28:29.474] [out] [delivery_module] DBG 2026-10-04 18:28:29.474+02:00 Error dialing                              topics="libp2p dialer" tid=6076570 conn=nil peerId=16U*CbKVbN protos="[/logos/service-discovery/1.0.0]" addrs="[/ip4/172.20.10.14/udp/55956/quic-v1, /ip4/172.20.10.14/tcp/51685]" description="Unable to establish outgoing link in establishConnection: peer_id=16U*CbKVbN addrs=@[/ip4/172.20.10.14/udp/55956/quic-v1, /ip4/172.20.10.14/tcp/51685]"
[2026-10-04 18:28:29.474] [out] [delivery_module] DBG 2026-10-04 18:28:29.474+02:00 Dialing peer                               topics="libp2p dialer" tid=6076570 peerId=16U*CbKVbN addrs="[/ip4/172.20.10.14/udp/55956/quic-v1, /ip4/172.20.10.14/tcp/51685]"
[2026-10-04 18:28:29.474] [out] [delivery_module] DBG 2026-10-04 18:28:29.474+02:00 Expanded address and hostname              topics="libp2p dialer" tid=6076570 expandedAddress=/ip4/172.20.10.14/udp/55956/quic-v1 hostname=172.20.10.14 resolvedAddresses="[/ip4/172.20.10.14/udp/55956/quic-v1]"
[2026-10-04 18:28:29.475] [out] [delivery_module] DBG 2026-10-04 18:28:29.475+02:00 New connection established: client         tid=6076570
[2026-10-04 18:28:29.475] [out] [delivery_module] DBG 2026-10-04 18:28:29.475+02:00 Dialing failed                             topics="libp2p dialer" tid=6076570 description="TcpTransport dial error: (61) Connection refused" peerId=16U*RZcwkN address=/ip4/172.20.10.14/tcp/51590 hostname=172.20.10.14
[2026-10-04 18:28:29.475] [out] [delivery_module] DBG 2026-10-04 18:28:29.475+02:00 Dialing failed                             topics="libp2p dialer" tid=6076570 description="TcpTransport dial error: (61) Connection refused" peerId=16U*8rq3kg address=/ip4/172.20.10.14/tcp/50996 hostname=172.20.10.14
[2026-10-04 18:28:29.475] [out] [delivery_module] DBG 2026-10-04 18:28:29.475+02:00 Error dialing                              topics="libp2p dialer" tid=6076570 conn=nil peerId=16U*RZcwkN protos="[/logos/service-discovery/1.0.0]" addrs="[/ip4/172.20.10.14/udp/49587/quic-v1, /ip4/172.20.10.14/tcp/51590]" description="Unable to establish outgoing link in establishConnection: peer_id=16U*RZcwkN addrs=@[/ip4/172.20.10.14/udp/49587/quic-v1, /ip4/172.20.10.14/tcp/51590]"
[2026-10-04 18:28:29.475] [out] [delivery_module] DBG 2026-10-04 18:28:29.475+02:00 Dialing peer                               topics="libp2p dialer" tid=6076570 peerId=16U*RZcwkN addrs="[/ip4/172.20.10.14/udp/49587/quic-v1, /ip4/172.20.10.14/tcp/51590]"
[2026-10-04 18:28:29.476] [out] [delivery_module] DBG 2026-10-04 18:28:29.476+02:00 Expanded address and hostname              topics="libp2p dialer" tid=6076570 expandedAddress=/ip4/172.20.10.14/udp/49587/quic-v1 hostname=172.20.10.14 resolvedAddresses="[/ip4/172.20.10.14/udp/49587/quic-v1]"
[2026-10-04 18:28:29.476] [out] [delivery_module] DBG 2026-10-04 18:28:29.476+02:00 New connection established: client         tid=6076570
[2026-10-04 18:28:29.476] [out] [delivery_module] DBG 2026-10-04 18:28:29.476+02:00 Error dialing                              topics="libp2p dialer" tid=6076570 conn=nil peerId=16U*8rq3kg protos="[/logos/service-discovery/1.0.0]" addrs="[/ip4/172.20.10.14/udp/49629/quic-v1, /ip4/172.20.10.14/tcp/50996]" description="Unable to establish outgoing link in establishConnection: peer_id=16U*8rq3kg addrs=@[/ip4/172.20.10.14/udp/49629/quic-v1, /ip4/172.20.10.14/tcp/50996]"
[2026-10-04 18:28:29.476] [out] [delivery_module] DBG 2026-10-04 18:28:29.476+02:00 Dialing peer                               topics="libp2p dialer" tid=6076570 peerId=16U*8rq3kg addrs="[/ip4/172.20.10.14/udp/49629/quic-v1, /ip4/172.20.10.14/tcp/50996]"
[2026-10-04 18:28:29.476] [out] [delivery_module] DBG 2026-10-04 18:28:29.476+02:00 Expanded address and hostname              topics="libp2p dialer" tid=6076570 expandedAddress=/ip4/172.20.10.14/udp/49629/quic-v1 hostname=172.20.10.14 resolvedAddresses="[/ip4/172.20.10.14/udp/49629/quic-v1]"
[2026-10-04 18:28:29.476] [out] [delivery_module] DBG 2026-10-04 18:28:29.476+02:00 New connection established: client         tid=6076570
[2026-10-04 18:28:29.719] [out] [delivery_module] INF 2026-10-04 18:28:29.718+02:00 Message received                           tid=6076570 msg_hash=0x36edf717321106d153a59b0e85e59d717efa17ee90497b250e282260db46ecb8 contentTopic=/lp0026forum/1/general/text pubsubTopic=/waku/2/rs/3/7 source=live
[2026-10-04 18:28:30.311] [out] [delivery_module] DBG 2026-10-04 18:28:30.311+02:00 Message propagated via Mix                 topics="send service mix processor" tid=6076570 requestId=70cba64bf59e12e79842 msgHash=0x36edf717321106d153a59b0e85e59d717efa17ee90497b250e282260db46ecb8
[2026-10-04 18:28:30.312] [out] [delivery_module] INF 2026-10-04 18:28:30.312+02:00 Message successfully propagated            topics="send service" tid=6076570 requestId=70cba64bf59e12e79842 msgHash=withheld
[2026-10-04 18:28:30.312] [out] [delivery_module] INF 2026-10-04 18:28:30.312+02:00 Message successfully sent over mix         topics="send service" tid=6076570 requestId=70cba64bf59e12e79842
[QmlInspector] Client disconnected
