run-logos-standalone-ui: hot-reloading QML from <repo>/src/qml
  (export DEV_QML_PATH to override, or LOGOS_QML_HOT_RELOAD=0 to disable)
Session directory: "~/Library/Application Support/Logos/LogosStandalone"
[2026-10-04 18:17:11.674] [info] [logos] Granting host services to 'capability_module': token_registry,token_delivery
[2026-10-04 18:17:11.699] [out] [capability_module] [2026-10-04 18:17:11.699] [info] Granting host services to capability_module: ["token_registry","token_delivery"]
RemoteTransportConnection: Connecting to registry: "local:logos_capability_module_3d620f9389cc" at "18:17:11.700"
RemoteTransportConnection: Registry connect attempt started (no peer contact yet): "local:logos_capability_module_3d620f9389cc"
LogosAPIConsumer: Informing module token for module: "capability_module" with token: "redacted:ebb134bb…"
RemoteTransportConnection: Requesting object: "capability_module" at "18:17:11.700"
[LogosObject] RemoteTransportConnection: returning RemoteLogosObject for: "capability_module"
[LogosObject] Created RemoteLogosObject wrapping QRemoteObjectReplica 105553179165888
[LogosObject] LogosAPIConsumer: calling LogosObject::informModuleToken for "capability_module"
LogosAPIConsumer: informModuleToken completed with result: true
[LogosObject] Destroying RemoteLogosObject 0
[2026-10-04 18:17:11.722] [info] [logos] Module loaded: capability_module
LogosAPIConsumer: Informing module token for module: "modules_state" with token: "redacted:adbbcb90…"
RemoteTransportConnection: Requesting object: "capability_module" at "18:17:11.747"
[LogosObject] RemoteTransportConnection: returning RemoteLogosObject for: "capability_module"
[LogosObject] Created RemoteLogosObject wrapping QRemoteObjectReplica 105553179173856
[LogosObject] LogosAPIConsumer: calling LogosObject::informModuleToken for "modules_state"
LogosAPIConsumer: informModuleToken completed with result: true
[LogosObject] Destroying RemoteLogosObject 0
[2026-10-04 18:17:11.749] [info] [logos] Module loaded: modules_state
RemoteTransportConnection: Connecting to registry: "local:logos_modules_state_3d620f9389cc" at "18:17:11.749"
RemoteTransportConnection: Registry connect attempt started (no peer contact yet): "local:logos_modules_state_3d620f9389cc"
RemoteTransportConnection: Connecting to registry: "local:logos_capability_module_3d620f9389cc" at "18:17:11.749"
RemoteTransportConnection: Registry connect attempt started (no peer contact yet): "local:logos_capability_module_3d620f9389cc"
LogosAPIConsumer: '"modules_state"::""' deferred pending the module becoming reachable
LogosAPIConsumer: '"modules_state"::""' deferred pending the module becoming reachable
Logos Core started (modules dir: "/nix/store/4v2cj5cr5dlsjb9cl0blr0cds0qf07iv-logos-forum_module-plugin-dir-modules" )
Set app icon from metadata: "/nix/store/hm2v6s8qm0jgxswq3kdn2jyyw3jnbjsz-logos-forum_module-plugin-dir/src/icons/icon.png"
[2026-10-04 18:17:11.785] [info] [logos] [delivery_module] DeliveryModuleImpl: Initializing...
LogosAPIConsumer: Informing module token for module: "delivery_module" with token: "redacted:68f009dd…"
RemoteTransportConnection: Requesting object: "capability_module" at "18:17:11.786"
[LogosObject] RemoteTransportConnection: returning RemoteLogosObject for: "capability_module"
[LogosObject] Created RemoteLogosObject wrapping QRemoteObjectReplica 105553178712448
[LogosObject] LogosAPIConsumer: calling LogosObject::informModuleToken for "delivery_module"
LogosAPIConsumer: informModuleToken completed with result: true
[LogosObject] Destroying RemoteLogosObject 0
[2026-10-04 18:17:11.786] [info] [logos] Module loaded: delivery_module
RemoteTransportConnection: Connecting to registry: "local:logos_delivery_module_3d620f9389cc" at "18:17:11.786"
RemoteTransportConnection: Registry connect attempt started (no peer contact yet): "local:logos_delivery_module_3d620f9389cc"
RemoteTransportConnection: Connecting to registry: "local:logos_capability_module_3d620f9389cc" at "18:17:11.786"
RemoteTransportConnection: Registry connect attempt started (no peer contact yet): "local:logos_capability_module_3d620f9389cc"
LogosAPIConsumer: '"delivery_module"::""' deferred pending the module becoming reachable
LogosAPIClient: getToken for module: "modules_state"
LogosAPIClient: Found token for module: "modules_state"
RemoteTransportConnection: Requesting object: "modules_state" at "18:17:11.786"
[LogosObject] RemoteTransportConnection: returning RemoteLogosObject for: "modules_state"
[LogosObject] Created RemoteLogosObject wrapping QRemoteObjectReplica 105553179170080
[LogosObject] LogosAPIConsumer: async calling via LogosObject::callMethodAsync "note_transition"
[LogosObject] RemoteLogosObject::callMethodAsync "note_transition" args: 7
LogosAPIClient: getToken for module: "modules_state"
LogosAPIClient: Found token for module: "modules_state"
[LogosObject] LogosAPIConsumer: async calling via LogosObject::callMethodAsync "note_transition"
[LogosObject] RemoteLogosObject::callMethodAsync "note_transition" args: 7
Loaded dependency (with transitive deps): "delivery_module"
[2026-10-04 18:17:11.812] [info] [logos] [storage_module] StorageModuleImpl: Initializing...
LogosAPIConsumer: Informing module token for module: "storage_module" with token: "redacted:87ab55eb…"
RemoteTransportConnection: Requesting object: "capability_module" at "18:17:11.813"
[LogosObject] Created RemoteLogosObject wrapping QRemoteObjectReplica 105553179146464
LogosAPIClient: invoking remote method "modules_state" "apply_snapshot" args_count: 1
LogosAPIClient: getToken for module: "modules_state"
LogosAPIClient: Found token for module: "modules_state"
LogosAPIConsumer: Calling invokeRemoteMethod: "modules_state" "apply_snapshot" args_count: 1 timeout: 20000
[LogosObject] LogosAPIConsumer: calling via LogosObject::callMethod "apply_snapshot"
[LogosObject] RemoteLogosObject::callMethod "apply_snapshot" args: 1
[LogosObject] Created RemoteLogosObject wrapping QRemoteObjectReplica 105553179173536
LogosAPIClient: getToken for module: "modules_state"
LogosAPIClient: Found token for module: "modules_state"
[LogosObject] LogosAPIConsumer: async calling via LogosObject::callMethodAsync "note_transition"
[LogosObject] RemoteLogosObject::callMethodAsync "note_transition" args: 7
LogosAPIClient: getToken for module: "modules_state"
LogosAPIClient: Found token for module: "modules_state"
[LogosObject] LogosAPIConsumer: async calling via LogosObject::callMethodAsync "note_transition"
[LogosObject] RemoteLogosObject::callMethodAsync "note_transition" args: 7
[2026-10-04 18:17:11.817] [info] [logos] Pushed module snapshot to modules_state
LogosAPIClient: getToken for module: "modules_state"
LogosAPIClient: Found token for module: "modules_state"
[LogosObject] LogosAPIConsumer: async calling via LogosObject::callMethodAsync "note_transition"
[LogosObject] RemoteLogosObject::callMethodAsync "note_transition" args: 7
[LogosObject] RemoteTransportConnection: returning RemoteLogosObject for: "capability_module"
[LogosObject] Created RemoteLogosObject wrapping QRemoteObjectReplica 105553179146400
[LogosObject] LogosAPIConsumer: calling LogosObject::informModuleToken for "storage_module"
LogosAPIConsumer: informModuleToken completed with result: true
[LogosObject] Destroying RemoteLogosObject 0
[2026-10-04 18:17:11.817] [info] [logos] Module loaded: storage_module
RemoteTransportConnection: Connecting to registry: "local:logos_storage_module_3d620f9389cc" at "18:17:11.817"
RemoteTransportConnection: Registry connect attempt started (no peer contact yet): "local:logos_storage_module_3d620f9389cc"
RemoteTransportConnection: Connecting to registry: "local:logos_capability_module_3d620f9389cc" at "18:17:11.818"
RemoteTransportConnection: Registry connect attempt started (no peer contact yet): "local:logos_capability_module_3d620f9389cc"
LogosAPIConsumer: '"storage_module"::""' deferred pending the module becoming reachable
LogosAPIClient: getToken for module: "modules_state"
LogosAPIClient: Found token for module: "modules_state"
[LogosObject] LogosAPIConsumer: async calling via LogosObject::callMethodAsync "note_transition"
[LogosObject] RemoteLogosObject::callMethodAsync "note_transition" args: 7
Loaded dependency (with transitive deps): "storage_module"
DEV_QML_PATH override active: <repo>/src/qml/Main.qml
RemoteTransportConnection: Connecting to registry: "local:logos_capability_module_3d620f9389cc" at "18:17:11.818"
RemoteTransportConnection: Registry connect attempt started (no peer contact yet): "local:logos_capability_module_3d620f9389cc"
LogosAPIConsumer: Informing module token for module: "forum_module" with token: "redacted:14b47bfa…"
RemoteTransportConnection: Requesting object: "capability_module" at "18:17:11.818"
[LogosObject] RemoteTransportConnection: returning RemoteLogosObject for: "capability_module"
[LogosObject] Created RemoteLogosObject wrapping QRemoteObjectReplica 105553179175552
[LogosObject] LogosAPIConsumer: calling LogosObject::informModuleToken for "forum_module"
[LogosObject] Created RemoteLogosObject wrapping QRemoteObjectReplica 105553179177248
LogosAPIClient: getToken for module: "modules_state"
LogosAPIClient: Found token for module: "modules_state"
[LogosObject] LogosAPIConsumer: async calling via LogosObject::callMethodAsync "note_transition"
[LogosObject] RemoteLogosObject::callMethodAsync "note_transition" args: 7
LogosAPIConsumer: informModuleToken completed with result: true
[LogosObject] Destroying RemoteLogosObject 0
Loaded UI plugin: "/nix/store/hm2v6s8qm0jgxswq3kdn2jyyw3jnbjsz-logos-forum_module-plugin-dir"
[QmlInspector] Inspector server listening on port 3769
[QmlInspector] Client connected from "::1"
[2026-10-04 18:17:19.629] [warning] [logos] [capability_module] Warning: QObject::connect: No such signal ::eventResponse(QString,QVariantList)
[2026-10-04 18:17:19.629] [info] [logos] [delivery_module] DeliveryModuleImpl::getNodeInfo called with nodeInfoId: MyPeerId
[2026-10-04 18:17:19.629] [info] [logos] [delivery_module] DeliveryModuleImpl: Cannot get node info - context not initialized. Call createNode first.
[2026-10-04 18:17:19.629] [info] [logos] [delivery_module] DeliveryModuleImpl::createNode called
[2026-10-04 18:17:19.635] [info] [logos] [delivery_module] DeliveryModuleImpl: Waiting for createNode callback...
[2026-10-04 18:17:19.636] [out] [delivery_module] DBG 2026-10-04 18:17:19.636+02:00 Whether to mount storeSync is not specified, defaulting to not mounting topics="waku conf builder" tid=6037042
[2026-10-04 18:17:19.636] [out] [delivery_module] NTC 2026-10-04 18:17:19.636+02:00 No node key provided, generated a new one; identity will not persist across restarts topics="waku conf builder" tid=6037042
[2026-10-04 18:17:19.636] [out] [delivery_module] INF 2026-10-04 18:17:19.636+02:00 Sharding configuration:                    topics="waku conf builder" tid=6037042 shardingConf="(kind: AutoSharding, numShardsInCluster: 8)" subscribeShards="@[0, 1, 2, 3, 4, 5, 6, 7]"
[2026-10-04 18:17:19.637] [out] [delivery_module] INF 2026-10-04 18:17:19.637+02:00 Configuration: Enabled protocols           topics="waku conf" tid=6037042 relay=true rlnRelay=false store=false filter=true lightPush=true peerExchange=true rendezvous=true
[2026-10-04 18:17:19.637] [out] [delivery_module] INF 2026-10-04 18:17:19.637+02:00 Configuration. Network                     topics="waku conf" tid=6037042 cluster=3
[2026-10-04 18:17:19.637] [out] [delivery_module] DBG 2026-10-04 18:17:19.637+02:00 Configuration. Active Relay Shards         topics="waku conf" tid=6037042 shard=0
[2026-10-04 18:17:19.637] [out] [delivery_module] DBG 2026-10-04 18:17:19.637+02:00 Configuration. Active Relay Shards         topics="waku conf" tid=6037042 shard=1
[2026-10-04 18:17:19.637] [out] [delivery_module] DBG 2026-10-04 18:17:19.637+02:00 Configuration. Active Relay Shards         topics="waku conf" tid=6037042 shard=2
[2026-10-04 18:17:19.637] [out] [delivery_module] DBG 2026-10-04 18:17:19.637+02:00 Configuration. Active Relay Shards         topics="waku conf" tid=6037042 shard=3
[2026-10-04 18:17:19.637] [out] [delivery_module] DBG 2026-10-04 18:17:19.637+02:00 Configuration. Active Relay Shards         topics="waku conf" tid=6037042 shard=4
[2026-10-04 18:17:19.637] [out] [delivery_module] DBG 2026-10-04 18:17:19.637+02:00 Configuration. Active Relay Shards         topics="waku conf" tid=6037042 shard=5
[2026-10-04 18:17:19.637] [out] [delivery_module] DBG 2026-10-04 18:17:19.637+02:00 Configuration. Active Relay Shards         topics="waku conf" tid=6037042 shard=6
[2026-10-04 18:17:19.637] [out] [delivery_module] DBG 2026-10-04 18:17:19.637+02:00 Configuration. Active Relay Shards         topics="waku conf" tid=6037042 shard=7
[2026-10-04 18:17:19.637] [out] [delivery_module] INF 2026-10-04 18:17:19.637+02:00 Setting up storage                         tid=6037042
[2026-10-04 18:17:19.637] [out] [delivery_module] INF 2026-10-04 18:17:19.637+02:00 Initializing node                          tid=6037042
[2026-10-04 18:17:19.637] [out] [delivery_module] DBG 2026-10-04 18:17:19.637+02:00 Setting up NATService                      topics="libp2p natservice" tid=6037042 portMapping=true reachability=false holePunching=false
[2026-10-04 18:17:19.637] [out] [delivery_module] INF 2026-10-04 18:17:19.637+02:00 Initializing networking                    tid=6037042 addrs="@[/ip4/0.0.0.0/tcp/0, /ip4/0.0.0.0/udp/0/quic-v1]"
[2026-10-04 18:17:19.637] [out] [delivery_module] INF 2026-10-04 18:17:19.637+02:00 Mounting protocols                         tid=6037042
[2026-10-04 18:17:19.637] [out] [delivery_module] INF 2026-10-04 18:17:19.637+02:00 Created WakuMetadata protocol              topics="waku node" tid=6037042 clusterId=3 shards="[0, 1, 2, 3, 4, 5, 6, 7]"
[2026-10-04 18:17:19.637] [out] [delivery_module] INF 2026-10-04 18:17:19.637+02:00 Mounting mix protocol                      topics="waku node" tid=6037042INF 2026-10-04 18:17:19.637+02:00 node info                                  topics="waku node" tid=6037042 wakuInfo="(listenAddresses: [/ip4/0.0.0.0/tcp/0/p2p/16Uiu2HAm3FQwb18rWMNZfewr4JEc8wFfX3G4HowCg9nXrtRZcwkN, /ip4/0.0.0.0/udp/0/quic-v1/p2p/16Uiu2HAm3FQwb18rWMNZfewr4JEc8wFfX3G4HowCg9nXrtRZcwkN], enrUri: enr:-JO4QJP6WonxpgMaLupWjDPF3RAYmfJG3Q8lMSYnl0u7XafkZ9R7PYuk9s8jOHznnSbF3sJDe91f0jOdbBWqQ1ppVXYBgmlkgnY0gnJzkwADCAAAAAEAAgADAAQABQAGAAeJc2VjcDI1NmsxoQJ0PK8KVW8uTdOg_76sRZPovVknCcjUalaIEUv0-bplI4V3YWt1Mi0, mixPubKey: none())"
[2026-10-04 18:17:19.637] [out] [delivery_module]  nodeId="(listenAddresses: [/ip4/0.0.0.0/tcp/0/p2p/16Uiu2HAm3FQwb18rWMNZfewr4JEc8wFfX3G4HowCg9nXrtRZcwkN, /ip4/0.0.0.0/udp/0/quic-v1/p2p/16Uiu2HAm3FQwb18rWMNZfewr4JEc8wFfX3G4HowCg9nXrtRZcwkN], enrUri: enr:-JO4QJP6WonxpgMaLupWjDPF3RAYmfJG3Q8lMSYnl0u7XafkZ9R7PYuk9s8jOHznnSbF3sJDe91f0jOdbBWqQ1ppVXYBgmlkgnY0gnJzkwADCAAAAAEAAgADAAQABQAGAAeJc2VjcDI1NmsxoQJ0PK8KVW8uTdOg_76sRZPovVknCcjUalaIEUv0-bplI4V3YWt1Mi0, mixPubKey: none())"
[2026-10-04 18:17:19.637] [out] [delivery_module] INF 2026-10-04 18:17:19.637+02:00 local addr                                 topics="waku node" tid=6037042 localaddr=/ip4/0.0.0.0/tcp/0
[2026-10-04 18:17:19.637] [out] [delivery_module] INF 2026-10-04 18:17:19.637+02:00 mixPubKey                                  topics="waku node" tid=6037042 mixPubKey="[118, 90, 247, 233, 200, 123, 247, 137, 171, 74, 140, 25, 170, 185, 222, 235, 202, 31, 120, 65, 121, 18, 208, 169, 185, 219, 6, 135, 19, 37, 149, 91]"
[2026-10-04 18:17:19.637] [out] [delivery_module] INF 2026-10-04 18:17:19.637+02:00 Using mix bootstrap nodes                  topics="waku mix" tid=6037042 entries=0 poolSize=0
[2026-10-04 18:17:19.637] [out] [delivery_module] INF 2026-10-04 18:17:19.637+02:00 Mix cannot publish yet, waiting for more mix nodes topics="waku node" tid=6037042 poolSize=0 required=4
[2026-10-04 18:17:19.638] [out] [delivery_module] INF 2026-10-04 18:17:19.638+02:00 mounting store client                      topics="waku node store api" tid=6037042
[2026-10-04 18:17:19.638] [out] [delivery_module] INF 2026-10-04 18:17:19.638+02:00 Mounting auto sharding                     topics="waku node" tid=6037042 clusterId=3 shardCount=8
[2026-10-04 18:17:19.638] [out] [delivery_module] DBG 2026-10-04 18:17:19.638+02:00 Shards created from content topics         tid=6037042 contentTopics=[] shards=[]
[2026-10-04 18:17:19.638] [out] [delivery_module] DBG 2026-10-04 18:17:19.638+02:00 Setting max message size                   tid=6037042 num_bytes=153600
[2026-10-04 18:17:19.638] [out] [delivery_module] INF 2026-10-04 18:17:19.638+02:00 mounting relay protocol                    topics="waku node relay api" tid=6037042
[2026-10-04 18:17:19.638] [out] [delivery_module] DBG 2026-10-04 18:17:19.638+02:00 relay mounted successfully                 topics="waku node relay api" tid=6037042
[2026-10-04 18:17:19.638] [out] [delivery_module] DBG 2026-10-04 18:17:19.638+02:00 Adding validator to signed shards          tid=6037042 protectedShards=[] clusterId=3
[2026-10-04 18:17:19.638] [out] [delivery_module] INF 2026-10-04 18:17:19.638+02:00 Mounting rendezvous discovery protocol     topics="waku node" tid=6037042
[2026-10-04 18:17:19.638] [out] [delivery_module] INF 2026-10-04 18:17:19.638+02:00 Waku rendezvous initialized                topics="waku node" tid=6037042 clusterId=3 shards="[0, 1, 2, 3, 4, 5, 6, 7]" capabilities="[Relay, Filter, Lightpush, Mix]" wakuPeerRecord="(peerId: 16U*RZcwkN, seqNo: 1791130639, addresses: [/ip4/0.0.0.0/tcp/0, /ip4/0.0.0.0/udp/0/quic-v1], mixKey: 0x765af7e9c87bf789ab4a8c19aab9deebca1f78417912d0a9b9db06871325955b)"
[2026-10-04 18:17:19.638] [out] [delivery_module] INF 2026-10-04 18:17:19.638+02:00 Mounting rendezvous client                 topics="waku node" tid=6037042
[2026-10-04 18:17:19.638] [out] [delivery_module] INF 2026-10-04 18:17:19.638+02:00 Waku rendezvous client initialized         topics="waku node" tid=6037042 clusterId=3
[2026-10-04 18:17:19.638] [out] [delivery_module] INF 2026-10-04 18:17:19.638+02:00 mounting libp2p ping protocol              topics="waku node ping api" tid=6037042
[2026-10-04 18:17:19.638] [out] [delivery_module] INF 2026-10-04 18:17:19.638+02:00 mounting light push                        topics="waku node lightpush api" tid=6037042
[2026-10-04 18:17:19.638] [out] [delivery_module] INF 2026-10-04 18:17:19.638+02:00 mounting lightpush with relay              topics="waku node lightpush api" tid=6037042
[2026-10-04 18:17:19.638] [out] [delivery_module] DBG 2026-10-04 18:17:19.638+02:00 lightpush mounted successfully             topics="waku node lightpush api" tid=6037042
[2026-10-04 18:17:19.638] [out] [delivery_module] INF 2026-10-04 18:17:19.638+02:00 mounting legacy light push                 topics="waku node lightpush api" tid=6037042
[2026-10-04 18:17:19.638] [out] [delivery_module] INF 2026-10-04 18:17:19.638+02:00 mounting legacy lightpush with relay       topics="waku node lightpush api" tid=6037042
[2026-10-04 18:17:19.638] [out] [delivery_module] DBG 2026-10-04 18:17:19.638+02:00 legacy lightpush mounted successfully      topics="waku node lightpush api" tid=6037042
[2026-10-04 18:17:19.638] [out] [delivery_module] INF 2026-10-04 18:17:19.638+02:00 mounting light push client                 topics="waku node lightpush api" tid=6037042
[2026-10-04 18:17:19.638] [out] [delivery_module] INF 2026-10-04 18:17:19.638+02:00 mounting legacy light push client          topics="waku node lightpush api" tid=6037042
[2026-10-04 18:17:19.638] [out] [delivery_module] INF 2026-10-04 18:17:19.638+02:00 mounting filter protocol                   topics="waku node filter api" tid=6037042
[2026-10-04 18:17:19.638] [out] [delivery_module] INF 2026-10-04 18:17:19.638+02:00 Starting filter protocol                   topics="waku filter" tid=6037042
[2026-10-04 18:17:19.638] [out] [delivery_module] DBG 2026-10-04 18:17:19.638+02:00 Starting to maintain subscriptions         topics="waku filter" tid=6037042
[2026-10-04 18:17:19.638] [out] [delivery_module] DBG 2026-10-04 18:17:19.638+02:00 Maintaining subscriptions                  topics="waku filter" tid=6037042
[2026-10-04 18:17:19.638] [out] [delivery_module] DBG 2026-10-04 18:17:19.638+02:00 Cleanup                                    topics="waku filter subscriptions" tid=6037042 currentPeerIds=[]
[2026-10-04 18:17:19.638] [out] [delivery_module] DBG 2026-10-04 18:17:19.638+02:00 After cleanup                              topics="waku filter subscriptions" tid=6037042 currentPeerIds=[]
[2026-10-04 18:17:19.638] [out] [delivery_module] INF 2026-10-04 18:17:19.638+02:00 mounting filter client                     topics="waku node filter api" tid=6037042
[2026-10-04 18:17:19.638] [out] [delivery_module] INF 2026-10-04 18:17:19.638+02:00 mounting waku peer exchange                topics="waku node peerexchange api" tid=6037042
[2026-10-04 18:17:19.638] [out] [delivery_module] INF 2026-10-04 18:17:19.638+02:00 mounting waku peer exchange client         topics="waku node peerexchange api" tid=6037042
[2026-10-04 18:17:19.638] [out] [delivery_module] INF 2026-10-04 18:17:19.638+02:00 No external callbacks to be set            topics="wakunode waku" tid=6037042
[2026-10-04 18:17:19.638] [out] [delivery_module] INF 2026-10-04 18:17:19.638+02:00 Setting up AutonatService                  topics="libp2p autonatservice" tid=6037042
[2026-10-04 18:17:19.638] [info] [logos] [delivery_module] DeliveryModuleImpl::createNode callback called with ret: 0
[2026-10-04 18:17:19.639] [info] [logos] [delivery_module] DeliveryModuleImpl: Delivery context created successfully
[2026-10-04 18:17:19.639] [info] [logos] [delivery_module] DeliveryModuleImpl::start called
[2026-10-04 18:17:19.639] [info] [logos] [delivery_module] DeliveryModuleImpl::getNodeInfo called with nodeInfoId: MyPeerId
[2026-10-04 18:17:19.639] [out] [delivery_module] INF 2026-10-04 18:17:19.639+02:00 Retrieve dynamic bootstrap nodes           topics="wakunode waku" tid=6037042
[2026-10-04 18:17:19.639] [out] [delivery_module] INF 2026-10-04 18:17:19.639+02:00 Running nwaku node                         tid=6037042 version=v0.39.0-gca2814
[2026-10-04 18:17:19.639] [out] [delivery_module] INF 2026-10-04 18:17:19.639+02:00 Starting Waku node                         topics="waku node" tid=6037042 version=v0.39.0-gca2814
[2026-10-04 18:17:19.639] [out] [delivery_module] DBG 2026-10-04 18:17:19.639+02:00 Waku rendezvous periodic requests started  topics="waku rendezvous client" tid=6037042 interval=10s
[2026-10-04 18:17:19.639] [out] [delivery_module] INF 2026-10-04 18:17:19.639+02:00 Waku rendezvous client started             topics="waku rendezvous client" tid=6037042
[2026-10-04 18:17:19.639] [out] [delivery_module] DBG 2026-10-04 18:17:19.639+02:00 starting switch for peer                   topics="libp2p switch" tid=6037042 peerInfo="(peerId: 16Uiu2HAm3FQwb18rWMNZfewr4JEc8wFfX3G4HowCg9nXrtRZcwkN, listenAddrs: [/ip4/0.0.0.0/tcp/0, /ip4/0.0.0.0/udp/0/quic-v1], addrs: [], protocols: [/ipfs/id/1.0.0, /libp2p/autonat/1.0.0, /libp2p/circuit/relay/0.2.0/hop, /vac/waku/metadata/1.0.0, /mix/1.0.0, /logos/service-discovery/1.0.0, /vac/waku/relay/2.0.0, /vac/waku/rendezvous/1.0.0, /ipfs/ping/1.0.0, /vac/waku/lightpush/3.0.0, /vac/waku/lightpush/2.0.0-beta1, /vac/waku/filter-subscribe/2.0.0-beta1, /vac/waku/filter-push/2.0.0-beta1, /vac/waku/peer-exchange/2.0.0-alpha1], protoVersion: ipfs/0.1.0, agentVersion: logos-delivery-v0.39.0-gca2814)"
[2026-10-04 18:17:19.639] [out] [delivery_module] DBG 2026-10-04 18:17:19.639+02:00 No private listen addresses to map; releasing any prior mappings topics="libp2p natservice" tid=6037042
[2026-10-04 18:17:19.640] [out] [delivery_module] DBG 2026-10-04 18:17:19.640+02:00 Configured QUIC UDP receive buffer         tid=6037042 requestedBytes=8388608 effectiveBytes=8388608
[2026-10-04 18:17:19.640] [out] [delivery_module] DBG 2026-10-04 18:17:19.640+02:00 About to accept incoming connection        topics="libp2p switch" tid=6037042
[2026-10-04 18:17:19.640] [out] [delivery_module] DBG 2026-10-04 18:17:19.640+02:00 About to accept incoming connection        topics="libp2p switch" tid=6037042
[2026-10-04 18:17:19.640] [out] [delivery_module] DBG 2026-10-04 18:17:19.640+02:00 No private listen addresses to map; releasing any prior mappings topics="libp2p natservice" tid=6037042
[2026-10-04 18:17:19.640] [out] [delivery_module] DBG 2026-10-04 18:17:19.640+02:00 Lookup query                               topics="kad-dht find" tid=6037042 peer=16U*VpJprH
[2026-10-04 18:17:19.640] [out] [delivery_module] DBG 2026-10-04 18:17:19.640+02:00 Dialing peer                               topics="libp2p dialer" tid=6037042 peerId=16U*VpJprH addrs="[/dns4/delivery-02.do-ams3.logos.dev.status.im/tcp/30303]"
[2026-10-04 18:17:19.640] [out] [delivery_module] DBG 2026-10-04 18:17:19.640+02:00 resolved addresses                         topics="libp2p dialer" tid=6037042 originalAddresses=/dns4/delivery-02.do-ams3.logos.dev.status.im/tcp/30303/p2p/16Uiu2HAmMK7PYygBtKUQ8EHp7EfaD3bCEsJrkFooK8RQ2PVpJprH resolvedAddresses="[/dns4/delivery-02.do-ams3.logos.dev.status.im/tcp/30303/p2p/16Uiu2HAmMK7PYygBtKUQ8EHp7EfaD3bCEsJrkFooK8RQ2PVpJprH]"
[2026-10-04 18:17:19.640] [out] [delivery_module] DBG 2026-10-04 18:17:19.640+02:00 Lookup query                               topics="kad-dht find" tid=6037042 peer=16U*T3UNSE
[2026-10-04 18:17:19.640] [out] [delivery_module] DBG 2026-10-04 18:17:19.640+02:00 Dialing peer                               topics="libp2p dialer" tid=6037042 peerId=16U*T3UNSE addrs="[/dns4/delivery-02.ac-cn-hongkong-c.logos.dev.status.im/tcp/30303]"
[2026-10-04 18:17:19.640] [out] [delivery_module] DBG 2026-10-04 18:17:19.640+02:00 resolved addresses                         topics="libp2p dialer" tid=6037042 originalAddresses=/dns4/delivery-02.ac-cn-hongkong-c.logos.dev.status.im/tcp/30303/p2p/16Uiu2HAkvwhGHKNry6LACrB8TmEFoCJKEX29XR5dDUzk3UT3UNSE resolvedAddresses="[/dns4/delivery-02.ac-cn-hongkong-c.logos.dev.status.im/tcp/30303/p2p/16Uiu2HAkvwhGHKNry6LACrB8TmEFoCJKEX29XR5dDUzk3UT3UNSE]"
[2026-10-04 18:17:19.641] [out] [delivery_module] DBG 2026-10-04 18:17:19.641+02:00 Lookup query                               topics="kad-dht find" tid=6037042 peer=16U*P1S397
[2026-10-04 18:17:19.641] [out] [delivery_module] DBG 2026-10-04 18:17:19.641+02:00 Dialing peer                               topics="libp2p dialer" tid=6037042 peerId=16U*P1S397 addrs="[/dns4/delivery-01.gc-us-central1-a.logos.dev.status.im/tcp/30303]"
[2026-10-04 18:17:19.641] [out] [delivery_module] DBG 2026-10-04 18:17:19.641+02:00 resolved addresses                         topics="libp2p dialer" tid=6037042 originalAddresses=/dns4/delivery-01.gc-us-central1-a.logos.dev.status.im/tcp/30303/p2p/16Uiu2HAm4S1JYkuzDKLKQvwgAhZKs9otxXqt8SCGtB4hoJP1S397 resolvedAddresses="[/dns4/delivery-01.gc-us-central1-a.logos.dev.status.im/tcp/30303/p2p/16Uiu2HAm4S1JYkuzDKLKQvwgAhZKs9otxXqt8SCGtB4hoJP1S397]"
[2026-10-04 18:17:19.641] [out] [delivery_module] DBG 2026-10-04 18:17:19.641+02:00 Lookup query                               topics="kad-dht find" tid=6037042 peer=16U*kGyuEP
[2026-10-04 18:17:19.641] [out] [delivery_module] DBG 2026-10-04 18:17:19.641+02:00 Dialing peer                               topics="libp2p dialer" tid=6037042 peerId=16U*kGyuEP addrs="[/dns4/delivery-01.ac-cn-hongkong-c.logos.dev.status.im/tcp/30303]"
[2026-10-04 18:17:19.641] [out] [delivery_module] DBG 2026-10-04 18:17:19.641+02:00 resolved addresses                         topics="libp2p dialer" tid=6037042 originalAddresses=/dns4/delivery-01.ac-cn-hongkong-c.logos.dev.status.im/tcp/30303/p2p/16Uiu2HAm8YokiNun9BkeA1ZRmhLbtNUvcwRr64F69tYj9fkGyuEP resolvedAddresses="[/dns4/delivery-01.ac-cn-hongkong-c.logos.dev.status.im/tcp/30303/p2p/16Uiu2HAm8YokiNun9BkeA1ZRmhLbtNUvcwRr64F69tYj9fkGyuEP]"
[2026-10-04 18:17:19.641] [out] [delivery_module] DBG 2026-10-04 18:17:19.641+02:00 Lookup query                               topics="kad-dht find" tid=6037042 peer=16U*NSkuby
[2026-10-04 18:17:19.641] [out] [delivery_module] DBG 2026-10-04 18:17:19.641+02:00 Dialing peer                               topics="libp2p dialer" tid=6037042 peerId=16U*NSkuby addrs="[/dns4/delivery-01.do-ams3.logos.dev.status.im/tcp/30303]"
[2026-10-04 18:17:19.641] [out] [delivery_module] DBG 2026-10-04 18:17:19.641+02:00 resolved addresses                         topics="libp2p dialer" tid=6037042 originalAddresses=/dns4/delivery-01.do-ams3.logos.dev.status.im/tcp/30303/p2p/16Uiu2HAmTUbnxLGT9JvV6mu9oPyDjqHK4Phs1VDJNUgESgNSkuby resolvedAddresses="[/dns4/delivery-01.do-ams3.logos.dev.status.im/tcp/30303/p2p/16Uiu2HAmTUbnxLGT9JvV6mu9oPyDjqHK4Phs1VDJNUgESgNSkuby]"
[2026-10-04 18:17:19.641] [out] [delivery_module] DBG 2026-10-04 18:17:19.641+02:00 Lookup query                               topics="kad-dht find" tid=6037042 peer=16U*TwqBiH
[2026-10-04 18:17:19.641] [out] [delivery_module] DBG 2026-10-04 18:17:19.641+02:00 Dialing peer                               topics="libp2p dialer" tid=6037042 peerId=16U*TwqBiH addrs="[/dns4/delivery-02.gc-us-central1-a.logos.dev.status.im/tcp/30303]"
[2026-10-04 18:17:19.641] [out] [delivery_module] DBG 2026-10-04 18:17:19.641+02:00 resolved addresses                         topics="libp2p dialer" tid=6037042 originalAddresses=/dns4/delivery-02.gc-us-central1-a.logos.dev.status.im/tcp/30303/p2p/16Uiu2HAm8Y9kgBNtjxvCnf1X6gnZJW5EGE4UwwCL3CCm55TwqBiH resolvedAddresses="[/dns4/delivery-02.gc-us-central1-a.logos.dev.status.im/tcp/30303/p2p/16Uiu2HAm8Y9kgBNtjxvCnf1X6gnZJW5EGE4UwwCL3CCm55TwqBiH]"
[2026-10-04 18:17:19.641] [out] [delivery_module] ERR 2026-10-04 18:17:19.641+02:00 Failed to create signed extended peer record topics="service-discovery" tid=6037042 error="no dialable address to publish yet"
[2026-10-04 18:17:19.641] [out] [delivery_module] INF 2026-10-04 18:17:19.641+02:00 Service Discovery started                  topics="service-discovery" tid=6037042
[2026-10-04 18:17:19.641] [out] [delivery_module] INF 2026-10-04 18:17:19.641+02:00 start                                      topics="waku relay" tid=6037042
[2026-10-04 18:17:19.641] [out] [delivery_module] DBG 2026-10-04 18:17:19.641+02:00 Waku rendezvous periodic registration started topics="waku rendezvous" tid=6037042 interval=10s
[2026-10-04 18:17:19.641] [out] [delivery_module] INF 2026-10-04 18:17:19.641+02:00 Waku rendezvous discovery started          topics="waku rendezvous" tid=6037042
[2026-10-04 18:17:19.641] [out] [delivery_module] DBG 2026-10-04 18:17:19.641+02:00 Started libp2p node                        topics="libp2p switch" tid=6037042 peer="(peerId: 16Uiu2HAm3FQwb18rWMNZfewr4JEc8wFfX3G4HowCg9nXrtRZcwkN, listenAddrs: [/ip4/0.0.0.0/tcp/51590, /ip4/0.0.0.0/udp/49587/quic-v1], addrs: [/ip4/0.0.0.0/tcp/51590, /ip4/0.0.0.0/udp/49587/quic-v1], protocols: [/ipfs/id/1.0.0, /libp2p/autonat/1.0.0, /libp2p/circuit/relay/0.2.0/hop, /vac/waku/metadata/1.0.0, /mix/1.0.0, /logos/service-discovery/1.0.0, /vac/waku/relay/2.0.0, /vac/waku/rendezvous/1.0.0, /ipfs/ping/1.0.0, /vac/waku/lightpush/3.0.0, /vac/waku/lightpush/2.0.0-beta1, /vac/waku/filter-subscribe/2.0.0-beta1, /vac/waku/filter-push/2.0.0-beta1, /vac/waku/peer-exchange/2.0.0-alpha1], protoVersion: ipfs/0.1.0, agentVersion: logos-delivery-v0.39.0-gca2814)"
[2026-10-04 18:17:19.642] [out] [delivery_module] INF 2026-10-04 18:17:19.642+02:00 Announced base resolved                    topics="waku node" tid=6037042 addrs="@[/ip4/172.20.10.14/tcp/51590, /ip4/172.20.10.14/udp/49587/quic-v1]" explicit=@[]
[2026-10-04 18:17:19.643] [info] [logos] [delivery_module] DeliveryModuleImpl::subscribe called with contentTopic: /lp0026forum/1/general/text
[2026-10-04 18:17:19.643] [out] [delivery_module] DBG 2026-10-04 18:17:19.643+02:00 Subscribing to pubsub topic                topics="waku relay" tid=6037042 pubsubTopic=/waku/2/rs/3/7
[2026-10-04 18:17:19.643] [out] [delivery_module] DBG 2026-10-04 18:17:19.643+02:00 No mesh peer for the given pubsub topic    topics="waku relay" tid=6037042 pubsubTopic=/waku/2/rs/3/7
[2026-10-04 18:17:19.643] [info] [logos] [delivery_module] DeliveryModuleImpl: Subscribe completed for topic: /lp0026forum/1/general/text with success
[2026-10-04 18:17:19.798] [out] [delivery_module] INF 2026-10-04 18:17:19.798+02:00 Using mix bootstrap nodes                  topics="waku mix" tid=6037042 entries=1 poolSize=1
[2026-10-04 18:17:19.799] [out] [delivery_module] INF 2026-10-04 18:17:19.799+02:00 Using mix bootstrap nodes                  topics="waku mix" tid=6037042 entries=1 poolSize=2
[2026-10-04 18:17:19.799] [out] [delivery_module] INF 2026-10-04 18:17:19.799+02:00 Using mix bootstrap nodes                  topics="waku mix" tid=6037042 entries=1 poolSize=3
[2026-10-04 18:17:19.799] [out] [delivery_module] INF 2026-10-04 18:17:19.799+02:00 Using mix bootstrap nodes                  topics="waku mix" tid=6037042 entries=1 poolSize=4
[2026-10-04 18:17:19.800] [out] [delivery_module] DBG 2026-10-04 18:17:19.800+02:00 Expanded address and hostname              topics="libp2p dialer" tid=6037042 expandedAddress=/dns4/delivery-02.gc-us-central1-a.logos.dev.status.im/tcp/30303 hostname=delivery-02.gc-us-central1-a.logos.dev.status.im resolvedAddresses="[/ip4/34.123.201.25/tcp/30303]"
[2026-10-04 18:17:19.800] [out] [delivery_module] DBG 2026-10-04 18:17:19.800+02:00 Expanded address and hostname              topics="libp2p dialer" tid=6037042 expandedAddress=/dns4/delivery-01.ac-cn-hongkong-c.logos.dev.status.im/tcp/30303 hostname=delivery-01.ac-cn-hongkong-c.logos.dev.status.im resolvedAddresses="[/ip4/47.242.130.189/tcp/30303]"
[2026-10-04 18:17:19.800] [out] [delivery_module] DBG 2026-10-04 18:17:19.800+02:00 Expanded address and hostname              topics="libp2p dialer" tid=6037042 expandedAddress=/dns4/delivery-01.do-ams3.logos.dev.status.im/tcp/30303 hostname=delivery-01.do-ams3.logos.dev.status.im resolvedAddresses="[/ip4/138.68.122.137/tcp/30303]"
[2026-10-04 18:17:19.803] [out] [delivery_module] DBG 2026-10-04 18:17:19.803+02:00 Expanded address and hostname              topics="libp2p dialer" tid=6037042 expandedAddress=/dns4/delivery-01.gc-us-central1-a.logos.dev.status.im/tcp/30303 hostname=delivery-01.gc-us-central1-a.logos.dev.status.im resolvedAddresses="[/ip4/136.119.156.87/tcp/30303]"
[2026-10-04 18:17:19.804] [out] [delivery_module] INF 2026-10-04 18:17:19.804+02:00 Using mix bootstrap nodes                  topics="waku mix" tid=6037042 entries=1 poolSize=5
[2026-10-04 18:17:19.804] [out] [delivery_module] INF 2026-10-04 18:17:19.804+02:00 Using mix bootstrap nodes                  topics="waku mix" tid=6037042 entries=1 poolSize=6
[2026-10-04 18:17:19.804] [out] [delivery_module] DBG 2026-10-04 18:17:19.804+02:00 Expanded address and hostname              topics="libp2p dialer" tid=6037042 expandedAddress=/dns4/delivery-02.do-ams3.logos.dev.status.im/tcp/30303 hostname=delivery-02.do-ams3.logos.dev.status.im resolvedAddresses="[/ip4/174.138.106.244/tcp/30303]"
[2026-10-04 18:17:19.804] [out] [delivery_module] DBG 2026-10-04 18:17:19.804+02:00 Expanded address and hostname              topics="libp2p dialer" tid=6037042 expandedAddress=/dns4/delivery-02.ac-cn-hongkong-c.logos.dev.status.im/tcp/30303 hostname=delivery-02.ac-cn-hongkong-c.logos.dev.status.im resolvedAddresses="[/ip4/43.99.103.10/tcp/30303]"
[2026-10-04 18:17:20.691] [out] [delivery_module] DBG 2026-10-04 18:17:20.691+02:00 Dial successful                            topics="libp2p dialer" tid=6037042 peerId=16U*NSkuby
[2026-10-04 18:17:20.691] [out] [delivery_module] DBG 2026-10-04 18:17:20.691+02:00 starting sendNonHighPriorityTask           topics="libp2p pubsubpeer" tid=6037042 p=16U*NSkuby
[2026-10-04 18:17:20.691] [out] [delivery_module] DBG 2026-10-04 18:17:20.691+02:00 created new pubsub peer                    topics="libp2p pubsub" tid=6037042 peerId=16U*NSkuby
[2026-10-04 18:17:20.692] [out] [delivery_module] DBG 2026-10-04 18:17:20.691+02:00 no listener registered                     tid=6037044 event=onConnectionChange
[2026-10-04 18:17:20.692] [out] [delivery_module] DBG 2026-10-04 18:17:20.692+02:00 Incoming WakuRelay connection              topics="waku relay" tid=6037042 connection=16U*NSkuby:6ac27c1074d339a4df10a50d protocol=/vac/waku/relay/2.0.0
[2026-10-04 18:17:20.692] [out] [delivery_module] DBG 2026-10-04 18:17:20.692+02:00 starting pubsub read loop                  topics="libp2p pubsubpeer" tid=6037042 stream=16U*NSkuby:6ac27c1074d339a4df10a50d peer=16U*NSkuby closed=false
[2026-10-04 18:17:20.693] [out] [delivery_module] DBG 2026-10-04 18:17:20.693+02:00 identify: info sent                        topics="libp2p identify" tid=6037042 stream=16U*NSkuby:6ac27c1074d339a4df10a50e info="(peerId: 16Uiu2HAm3FQwb18rWMNZfewr4JEc8wFfX3G4HowCg9nXrtRZcwkN, listenAddrs: [/ip4/0.0.0.0/tcp/51590, /ip4/0.0.0.0/udp/49587/quic-v1], addrs: [/ip4/0.0.0.0/tcp/51590, /ip4/0.0.0.0/udp/49587/quic-v1], protocols: [/ipfs/id/1.0.0, /libp2p/autonat/1.0.0, /libp2p/circuit/relay/0.2.0/hop, /vac/waku/metadata/1.0.0, /mix/1.0.0, /logos/service-discovery/1.0.0, /vac/waku/relay/2.0.0, /vac/waku/rendezvous/1.0.0, /ipfs/ping/1.0.0, /vac/waku/lightpush/3.0.0, /vac/waku/lightpush/2.0.0-beta1, /vac/waku/filter-subscribe/2.0.0-beta1, /vac/waku/filter-push/2.0.0-beta1, /vac/waku/peer-exchange/2.0.0-alpha1], protoVersion: ipfs/0.1.0, agentVersion: logos-delivery-v0.39.0-gca2814)"
[2026-10-04 18:17:20.969] [out] [delivery_module] DBG 2026-10-04 18:17:20.969+02:00 starting pubsub read loop                  topics="libp2p pubsubpeer" tid=6037042 stream=16U*NSkuby:6ac27c1074d339a4df10a50f peer=16U*NSkuby closed=false
[2026-10-04 18:17:20.973] [out] [delivery_module] DBG 2026-10-04 18:17:20.972+02:00 identify: info received                    topics="libp2p identify" tid=6037042 stream=16U*NSkuby:6ac27c1074d339a4df10a510 pubkey=ok(sec...9ab7)) addresses=/ip4/138.68.122.137/tcp/30303,/ip4/138.68.122.137/udp/30303/quic-v1,/dns4/delivery-01.do-ams3.logos.dev.status.im/tcp/30303 protocols=/ipfs/id/1.0.0,/libp2p/autonat/1.0.0,/libp2p/circuit/relay/0.2.0/hop,/vac/waku/metadata/1.0.0,/mix/1.0.0,/logos/service-discovery/1.0.0,/vac/waku/store-query/3.0.0,/vac/waku/relay/2.0.0,/vac/waku/rendezvous/1.0.0,/ipfs/ping/1.0.0,/vac/waku/lightpush/3.0.0,/vac/waku/lightpush/2.0.0-beta1,/vac/waku/filter-subscribe/2.0.0-beta1,/vac/waku/filter-push/2.0.0-beta1,/vac/waku/peer-exchange/2.0.0-alpha1 observable_address=ok(/ip4/109.41.112.89/tcp/40228) proto_version=ipfs/0.1.0 agent_version=logos-delivery-v0.39.0-gca2814 signedPeerRecord=None
[2026-10-04 18:17:20.973] [out] [delivery_module] DBG 2026-10-04 18:17:20.973+02:00 Event identified                           topics="waku node peer_manager" tid=6037042 peerId=16U*NSkuby
[2026-10-04 18:17:20.974] [out] [delivery_module] DBG 2026-10-04 18:17:20.974+02:00 no listener registered                     tid=6037044 event=onConnectionChange
[2026-10-04 18:17:21.126] [out] [delivery_module] DBG 2026-10-04 18:17:21.126+02:00 Dial successful                            topics="libp2p dialer" tid=6037042 peerId=16U*P1S397
[2026-10-04 18:17:21.127] [out] [delivery_module] DBG 2026-10-04 18:17:21.127+02:00 starting sendNonHighPriorityTask           topics="libp2p pubsubpeer" tid=6037042 p=16U*P1S397
[2026-10-04 18:17:21.127] [out] [delivery_module] DBG 2026-10-04 18:17:21.127+02:00 created new pubsub peer                    topics="libp2p pubsub" tid=6037042 peerId=16U*P1S397
[2026-10-04 18:17:21.127] [out] [delivery_module] DBG 2026-10-04 18:17:21.127+02:00 no listener registered                     tid=6037044 event=onConnectionChange
[2026-10-04 18:17:21.127] [out] [delivery_module] DBG 2026-10-04 18:17:21.127+02:00 Dial successful                            topics="libp2p dialer" tid=6037042 peerId=16U*TwqBiH
[2026-10-04 18:17:21.127] [out] [delivery_module] DBG 2026-10-04 18:17:21.127+02:00 starting sendNonHighPriorityTask           topics="libp2p pubsubpeer" tid=6037042 p=16U*TwqBiH
[2026-10-04 18:17:21.127] [out] [delivery_module] DBG 2026-10-04 18:17:21.127+02:00 created new pubsub peer                    topics="libp2p pubsub" tid=6037042 peerId=16U*TwqBiH
[2026-10-04 18:17:21.127] [out] [delivery_module] DBG 2026-10-04 18:17:21.127+02:00 no listener registered                     tid=6037044 event=onConnectionChange
[2026-10-04 18:17:21.127] [out] [delivery_module] DBG 2026-10-04 18:17:21.127+02:00 Incoming WakuRelay connection              topics="waku relay" tid=6037042 connection=16U*P1S397:6ac27c1174d339a4df10a517 protocol=/vac/waku/relay/2.0.0
[2026-10-04 18:17:21.127] [out] [delivery_module] DBG 2026-10-04 18:17:21.127+02:00 starting pubsub read loop                  topics="libp2p pubsubpeer" tid=6037042 stream=16U*P1S397:6ac27c1174d339a4df10a517 peer=16U*P1S397 closed=false
[2026-10-04 18:17:21.128] [out] [delivery_module] DBG 2026-10-04 18:17:21.127+02:00 identify: info sent                        topics="libp2p identify" tid=6037042 stream=16U*P1S397:6ac27c1174d339a4df10a518 info="(peerId: 16Uiu2HAm3FQwb18rWMNZfewr4JEc8wFfX3G4HowCg9nXrtRZcwkN, listenAddrs: [/ip4/0.0.0.0/tcp/51590, /ip4/0.0.0.0/udp/49587/quic-v1], addrs: [/ip4/0.0.0.0/tcp/51590, /ip4/0.0.0.0/udp/49587/quic-v1], protocols: [/ipfs/id/1.0.0, /libp2p/autonat/1.0.0, /libp2p/circuit/relay/0.2.0/hop, /vac/waku/metadata/1.0.0, /mix/1.0.0, /logos/service-discovery/1.0.0, /vac/waku/relay/2.0.0, /vac/waku/rendezvous/1.0.0, /ipfs/ping/1.0.0, /vac/waku/lightpush/3.0.0, /vac/waku/lightpush/2.0.0-beta1, /vac/waku/filter-subscribe/2.0.0-beta1, /vac/waku/filter-push/2.0.0-beta1, /vac/waku/peer-exchange/2.0.0-alpha1], protoVersion: ipfs/0.1.0, agentVersion: logos-delivery-v0.39.0-gca2814)"
[2026-10-04 18:17:21.128] [out] [delivery_module] DBG 2026-10-04 18:17:21.128+02:00 Incoming WakuRelay connection              topics="waku relay" tid=6037042 connection=16U*TwqBiH:6ac27c1174d339a4df10a519 protocol=/vac/waku/relay/2.0.0
[2026-10-04 18:17:21.128] [out] [delivery_module] DBG 2026-10-04 18:17:21.128+02:00 starting pubsub read loop                  topics="libp2p pubsubpeer" tid=6037042 stream=16U*TwqBiH:6ac27c1174d339a4df10a519 peer=16U*TwqBiH closed=false
[2026-10-04 18:17:21.128] [out] [delivery_module] DBG 2026-10-04 18:17:21.128+02:00 identify: info sent                        topics="libp2p identify" tid=6037042 stream=16U*TwqBiH:6ac27c1174d339a4df10a51a info="(peerId: 16Uiu2HAm3FQwb18rWMNZfewr4JEc8wFfX3G4HowCg9nXrtRZcwkN, listenAddrs: [/ip4/0.0.0.0/tcp/51590, /ip4/0.0.0.0/udp/49587/quic-v1], addrs: [/ip4/0.0.0.0/tcp/51590, /ip4/0.0.0.0/udp/49587/quic-v1], protocols: [/ipfs/id/1.0.0, /libp2p/autonat/1.0.0, /libp2p/circuit/relay/0.2.0/hop, /vac/waku/metadata/1.0.0, /mix/1.0.0, /logos/service-discovery/1.0.0, /vac/waku/relay/2.0.0, /vac/waku/rendezvous/1.0.0, /ipfs/ping/1.0.0, /vac/waku/lightpush/3.0.0, /vac/waku/lightpush/2.0.0-beta1, /vac/waku/filter-subscribe/2.0.0-beta1, /vac/waku/filter-push/2.0.0-beta1, /vac/waku/peer-exchange/2.0.0-alpha1], protoVersion: ipfs/0.1.0, agentVersion: logos-delivery-v0.39.0-gca2814)"
[2026-10-04 18:17:21.213] [out] [delivery_module] DBG 2026-10-04 18:17:21.213+02:00 Received WakuMetadata request              topics="waku metadata" tid=6037042 remoteClusterId=ok(3) remoteShards="[5, 0, 2, 1, 4, 7, 3, 6]" localClusterId=3 localShards="[7]" peer=16U*NSkuby
[2026-10-04 18:17:21.481] [out] [delivery_module] DBG 2026-10-04 18:17:21.481+02:00 no listener registered                     tid=6037044 event=onConnectionChange
[2026-10-04 18:17:21.485] [out] [delivery_module] DBG 2026-10-04 18:17:21.485+02:00 starting pubsub read loop                  topics="libp2p pubsubpeer" tid=6037042 stream=16U*TwqBiH:6ac27c1174d339a4df10a51d peer=16U*TwqBiH closed=false
[2026-10-04 18:17:21.503] [out] [delivery_module] DBG 2026-10-04 18:17:21.503+02:00 identify: info received                    topics="libp2p identify" tid=6037042 stream=16U*TwqBiH:6ac27c1174d339a4df10a51e pubkey=ok(sec...fed6)) addresses=/ip4/34.123.201.25/tcp/30303,/ip4/34.123.201.25/udp/30303/quic-v1,/dns4/delivery-02.gc-us-central1-a.logos.dev.status.im/tcp/30303 protocols=/ipfs/id/1.0.0,/libp2p/autonat/1.0.0,/libp2p/circuit/relay/0.2.0/hop,/vac/waku/metadata/1.0.0,/mix/1.0.0,/logos/service-discovery/1.0.0,/vac/waku/store-query/3.0.0,/vac/waku/relay/2.0.0,/vac/waku/rendezvous/1.0.0,/ipfs/ping/1.0.0,/vac/waku/lightpush/3.0.0,/vac/waku/lightpush/2.0.0-beta1,/vac/waku/filter-subscribe/2.0.0-beta1,/vac/waku/filter-push/2.0.0-beta1,/vac/waku/peer-exchange/2.0.0-alpha1 observable_address=ok(/ip4/109.41.112.89/tcp/47952) proto_version=ipfs/0.1.0 agent_version=logos-delivery-v0.39.0-gca2814 signedPeerRecord=None
[2026-10-04 18:17:21.505] [out] [delivery_module] DBG 2026-10-04 18:17:21.505+02:00 Event identified                           topics="waku node peer_manager" tid=6037042 peerId=16U*TwqBiH
[2026-10-04 18:17:21.505] [out] [delivery_module] DBG 2026-10-04 18:17:21.505+02:00 no listener registered                     tid=6037044 event=onConnectionChange
[2026-10-04 18:17:21.508] [out] [delivery_module] DBG 2026-10-04 18:17:21.508+02:00 starting pubsub read loop                  topics="libp2p pubsubpeer" tid=6037042 stream=16U*P1S397:6ac27c1174d339a4df10a51b peer=16U*P1S397 closed=false
[2026-10-04 18:17:21.508] [out] [delivery_module] DBG 2026-10-04 18:17:21.508+02:00 Dial successful                            topics="libp2p dialer" tid=6037042 peerId=16U*T3UNSE
[2026-10-04 18:17:21.509] [out] [delivery_module] DBG 2026-10-04 18:17:21.509+02:00 starting sendNonHighPriorityTask           topics="libp2p pubsubpeer" tid=6037042 p=16U*T3UNSE
[2026-10-04 18:17:21.509] [out] [delivery_module] DBG 2026-10-04 18:17:21.509+02:00 created new pubsub peer                    topics="libp2p pubsub" tid=6037042 peerId=16U*T3UNSE
[2026-10-04 18:17:21.509] [out] [delivery_module] DBG 2026-10-04 18:17:21.509+02:00 no listener registered                     tid=6037044 event=onConnectionChange
[2026-10-04 18:17:21.509] [out] [delivery_module] DBG 2026-10-04 18:17:21.509+02:00 Incoming WakuRelay connection              topics="waku relay" tid=6037042 connection=16U*T3UNSE:6ac27c1174d339a4df10a522 protocol=/vac/waku/relay/2.0.0
[2026-10-04 18:17:21.509] [out] [delivery_module] DBG 2026-10-04 18:17:21.509+02:00 starting pubsub read loop                  topics="libp2p pubsubpeer" tid=6037042 stream=16U*T3UNSE:6ac27c1174d339a4df10a522 peer=16U*T3UNSE closed=false
[2026-10-04 18:17:21.509] [out] [delivery_module] DBG 2026-10-04 18:17:21.509+02:00 identify: info sent                        topics="libp2p identify" tid=6037042 stream=16U*T3UNSE:6ac27c1174d339a4df10a523 info="(peerId: 16Uiu2HAm3FQwb18rWMNZfewr4JEc8wFfX3G4HowCg9nXrtRZcwkN, listenAddrs: [/ip4/0.0.0.0/tcp/51590, /ip4/0.0.0.0/udp/49587/quic-v1], addrs: [/ip4/0.0.0.0/tcp/51590, /ip4/0.0.0.0/udp/49587/quic-v1], protocols: [/ipfs/id/1.0.0, /libp2p/autonat/1.0.0, /libp2p/circuit/relay/0.2.0/hop, /vac/waku/metadata/1.0.0, /mix/1.0.0, /logos/service-discovery/1.0.0, /vac/waku/relay/2.0.0, /vac/waku/rendezvous/1.0.0, /ipfs/ping/1.0.0, /vac/waku/lightpush/3.0.0, /vac/waku/lightpush/2.0.0-beta1, /vac/waku/filter-subscribe/2.0.0-beta1, /vac/waku/filter-push/2.0.0-beta1, /vac/waku/peer-exchange/2.0.0-alpha1], protoVersion: ipfs/0.1.0, agentVersion: logos-delivery-v0.39.0-gca2814)"
[2026-10-04 18:17:21.513] [out] [delivery_module] DBG 2026-10-04 18:17:21.513+02:00 identify: info received                    topics="libp2p identify" tid=6037042 stream=16U*P1S397:6ac27c1174d339a4df10a51c pubkey=ok(sec...97dc)) addresses=/ip4/136.119.156.87/tcp/30303,/ip4/136.119.156.87/udp/30303/quic-v1,/dns4/delivery-01.gc-us-central1-a.logos.dev.status.im/tcp/30303 protocols=/ipfs/id/1.0.0,/libp2p/autonat/1.0.0,/libp2p/circuit/relay/0.2.0/hop,/vac/waku/metadata/1.0.0,/mix/1.0.0,/logos/service-discovery/1.0.0,/vac/waku/store-query/3.0.0,/vac/waku/relay/2.0.0,/vac/waku/rendezvous/1.0.0,/ipfs/ping/1.0.0,/vac/waku/lightpush/3.0.0,/vac/waku/lightpush/2.0.0-beta1,/vac/waku/filter-subscribe/2.0.0-beta1,/vac/waku/filter-push/2.0.0-beta1,/vac/waku/peer-exchange/2.0.0-alpha1 observable_address=ok(/ip4/109.41.112.89/tcp/38415) proto_version=ipfs/0.1.0 agent_version=logos-delivery-v0.39.0-gca2814 signedPeerRecord=None
[2026-10-04 18:17:21.514] [out] [delivery_module] DBG 2026-10-04 18:17:21.514+02:00 Dial successful                            topics="libp2p dialer" tid=6037042 peerId=16U*kGyuEP
[2026-10-04 18:17:21.514] [out] [delivery_module] DBG 2026-10-04 18:17:21.514+02:00 starting sendNonHighPriorityTask           topics="libp2p pubsubpeer" tid=6037042 p=16U*kGyuEP
[2026-10-04 18:17:21.514] [out] [delivery_module] DBG 2026-10-04 18:17:21.514+02:00 created new pubsub peer                    topics="libp2p pubsub" tid=6037042 peerId=16U*kGyuEP
[2026-10-04 18:17:21.514] [out] [delivery_module] DBG 2026-10-04 18:17:21.514+02:00 no listener registered                     tid=6037044 event=onConnectionChange
[2026-10-04 18:17:21.514] [out] [delivery_module] DBG 2026-10-04 18:17:21.514+02:00 Event identified                           topics="waku node peer_manager" tid=6037042 peerId=16U*P1S397
[2026-10-04 18:17:21.514] [out] [delivery_module] DBG 2026-10-04 18:17:21.514+02:00 no listener registered                     tid=6037044 event=onConnectionChange
[2026-10-04 18:17:21.514] [out] [delivery_module] DBG 2026-10-04 18:17:21.514+02:00 Incoming WakuRelay connection              topics="waku relay" tid=6037042 connection=16U*kGyuEP:6ac27c1174d339a4df10a527 protocol=/vac/waku/relay/2.0.0
[2026-10-04 18:17:21.514] [out] [delivery_module] DBG 2026-10-04 18:17:21.514+02:00 starting pubsub read loop                  topics="libp2p pubsubpeer" tid=6037042 stream=16U*kGyuEP:6ac27c1174d339a4df10a527 peer=16U*kGyuEP closed=false
[2026-10-04 18:17:21.520] [out] [delivery_module] DBG 2026-10-04 18:17:21.520+02:00 identify: info sent                        topics="libp2p identify" tid=6037042 stream=16U*kGyuEP:6ac27c1174d339a4df10a528 info="(peerId: 16Uiu2HAm3FQwb18rWMNZfewr4JEc8wFfX3G4HowCg9nXrtRZcwkN, listenAddrs: [/ip4/0.0.0.0/tcp/51590, /ip4/0.0.0.0/udp/49587/quic-v1], addrs: [/ip4/0.0.0.0/tcp/51590, /ip4/0.0.0.0/udp/49587/quic-v1], protocols: [/ipfs/id/1.0.0, /libp2p/autonat/1.0.0, /libp2p/circuit/relay/0.2.0/hop, /vac/waku/metadata/1.0.0, /mix/1.0.0, /logos/service-discovery/1.0.0, /vac/waku/relay/2.0.0, /vac/waku/rendezvous/1.0.0, /ipfs/ping/1.0.0, /vac/waku/lightpush/3.0.0, /vac/waku/lightpush/2.0.0-beta1, /vac/waku/filter-subscribe/2.0.0-beta1, /vac/waku/filter-push/2.0.0-beta1, /vac/waku/peer-exchange/2.0.0-alpha1], protoVersion: ipfs/0.1.0, agentVersion: logos-delivery-v0.39.0-gca2814)"
[2026-10-04 18:17:21.644] [out] [delivery_module] WRN 2026-10-04 18:17:21.644+02:00 NAT port mapping failed                    topics="libp2p natservice" tid=6037042 port=51590 proto=mpTcp err="plum: mapping 0 failed"
[2026-10-04 18:17:21.898] [out] [delivery_module] DBG 2026-10-04 18:17:21.898+02:00 Received WakuMetadata request              topics="waku metadata" tid=6037042 remoteClusterId=ok(3) remoteShards="[5, 0, 2, 1, 4, 7, 3, 6]" localClusterId=3 localShards="[7]" peer=16U*TwqBiH
[2026-10-04 18:17:21.898] [out] [delivery_module] DBG 2026-10-04 18:17:21.898+02:00 Received WakuMetadata request              topics="waku metadata" tid=6037042 remoteClusterId=ok(3) remoteShards="[5, 0, 2, 1, 4, 7, 3, 6]" localClusterId=3 localShards="[7]" peer=16U*P1S397
[2026-10-04 18:17:21.967] [out] [delivery_module] DBG 2026-10-04 18:17:21.967+02:00 identify: info received                    topics="libp2p identify" tid=6037042 stream=16U*T3UNSE:6ac27c1174d339a4df10a525 pubkey=ok(sec...6d2a)) addresses=/ip4/43.99.103.10/tcp/30303,/ip4/43.99.103.10/udp/30303/quic-v1,/dns4/delivery-02.ac-cn-hongkong-c.logos.dev.status.im/tcp/30303 protocols=/ipfs/id/1.0.0,/libp2p/autonat/1.0.0,/libp2p/circuit/relay/0.2.0/hop,/vac/waku/metadata/1.0.0,/mix/1.0.0,/logos/service-discovery/1.0.0,/vac/waku/store-query/3.0.0,/vac/waku/relay/2.0.0,/vac/waku/rendezvous/1.0.0,/ipfs/ping/1.0.0,/vac/waku/lightpush/3.0.0,/vac/waku/lightpush/2.0.0-beta1,/vac/waku/filter-subscribe/2.0.0-beta1,/vac/waku/filter-push/2.0.0-beta1,/vac/waku/peer-exchange/2.0.0-alpha1 observable_address=ok(/ip4/109.41.112.89/tcp/33404) proto_version=ipfs/0.1.0 agent_version=logos-delivery-v0.39.0-gca2814 signedPeerRecord=None
[2026-10-04 18:17:21.967] [out] [delivery_module] DBG 2026-10-04 18:17:21.967+02:00 starting pubsub read loop                  topics="libp2p pubsubpeer" tid=6037042 stream=16U*T3UNSE:6ac27c1174d339a4df10a524 peer=16U*T3UNSE closed=false
[2026-10-04 18:17:21.967] [out] [delivery_module] DBG 2026-10-04 18:17:21.967+02:00 Event identified                           topics="waku node peer_manager" tid=6037042 peerId=16U*T3UNSE
[2026-10-04 18:17:21.967] [out] [delivery_module] DBG 2026-10-04 18:17:21.967+02:00 no listener registered                     tid=6037044 event=onConnectionChange
[2026-10-04 18:17:21.967] [out] [delivery_module] DBG 2026-10-04 18:17:21.967+02:00 starting pubsub read loop                  topics="libp2p pubsubpeer" tid=6037042 stream=16U*kGyuEP:6ac27c1174d339a4df10a529 peer=16U*kGyuEP closed=false
[2026-10-04 18:17:21.988] [out] [delivery_module] DBG 2026-10-04 18:17:21.988+02:00 identify: info received                    topics="libp2p identify" tid=6037042 stream=16U*kGyuEP:6ac27c1174d339a4df10a52a pubkey=ok(sec...c56e)) addresses=/ip4/47.242.130.189/tcp/30303,/ip4/47.242.130.189/udp/30303/quic-v1,/dns4/delivery-01.ac-cn-hongkong-c.logos.dev.status.im/tcp/30303 protocols=/ipfs/id/1.0.0,/libp2p/autonat/1.0.0,/libp2p/circuit/relay/0.2.0/hop,/vac/waku/metadata/1.0.0,/mix/1.0.0,/logos/service-discovery/1.0.0,/vac/waku/store-query/3.0.0,/vac/waku/relay/2.0.0,/vac/waku/rendezvous/1.0.0,/ipfs/ping/1.0.0,/vac/waku/lightpush/3.0.0,/vac/waku/lightpush/2.0.0-beta1,/vac/waku/filter-subscribe/2.0.0-beta1,/vac/waku/filter-push/2.0.0-beta1,/vac/waku/peer-exchange/2.0.0-alpha1 observable_address=ok(/ip4/109.41.112.89/tcp/41572) proto_version=ipfs/0.1.0 agent_version=logos-delivery-v0.39.0-gca2814 signedPeerRecord=None
[2026-10-04 18:17:21.988] [out] [delivery_module] DBG 2026-10-04 18:17:21.988+02:00 Event identified                           topics="waku node peer_manager" tid=6037042 peerId=16U*kGyuEP
[2026-10-04 18:17:21.988] [out] [delivery_module] DBG 2026-10-04 18:17:21.988+02:00 no listener registered                     tid=6037044 event=onConnectionChange
[2026-10-04 18:17:22.048] [out] [delivery_module] DBG 2026-10-04 18:17:22.048+02:00 Dialing peer                               topics="libp2p dialer" tid=6037042 peerId=16U*nd1vDS addrs="[/ip4/109.41.112.89/tcp/44402, /ip4/109.41.112.89/tcp/43317]"
[2026-10-04 18:17:22.048] [out] [delivery_module] DBG 2026-10-04 18:17:22.048+02:00 Expanded address and hostname              topics="libp2p dialer" tid=6037042 expandedAddress=/ip4/109.41.112.89/tcp/44402 hostname=109.41.112.89 resolvedAddresses="[/ip4/109.41.112.89/tcp/44402]"
[2026-10-04 18:17:22.049] [out] [delivery_module] DBG 2026-10-04 18:17:22.049+02:00 Dialing peer                               topics="libp2p dialer" tid=6037042 peerId=16U*JXZN12 addrs="[/ip4/172.20.10.14/udp/62834/quic-v1, /ip4/172.20.10.14/tcp/49738]"
[2026-10-04 18:17:22.049] [out] [delivery_module] DBG 2026-10-04 18:17:22.049+02:00 Expanded address and hostname              topics="libp2p dialer" tid=6037042 expandedAddress=/ip4/172.20.10.14/udp/62834/quic-v1 hostname=172.20.10.14 resolvedAddresses="[/ip4/172.20.10.14/udp/62834/quic-v1]"
[2026-10-04 18:17:22.049] [out] [delivery_module] DBG 2026-10-04 18:17:22.049+02:00 New connection established: client         tid=6037042
[2026-10-04 18:17:22.050] [out] [delivery_module] DBG 2026-10-04 18:17:22.050+02:00 Dialing peer                               topics="libp2p dialer" tid=6037042 peerId=16U*8rq3kg addrs="[/ip4/172.20.10.14/udp/49629/quic-v1, /ip4/172.20.10.14/tcp/50996]"
[2026-10-04 18:17:22.050] [out] [delivery_module] DBG 2026-10-04 18:17:22.050+02:00 Expanded address and hostname              topics="libp2p dialer" tid=6037042 expandedAddress=/ip4/172.20.10.14/udp/49629/quic-v1 hostname=172.20.10.14 resolvedAddresses="[/ip4/172.20.10.14/udp/49629/quic-v1]"
[2026-10-04 18:17:22.050] [out] [delivery_module] DBG 2026-10-04 18:17:22.050+02:00 New connection established: client         tid=6037042
[2026-10-04 18:17:22.050] [out] [delivery_module] DBG 2026-10-04 18:17:22.050+02:00 Dialing peer                               topics="libp2p dialer" tid=6037042 peerId=16U*Lqfd15 addrs="[/ip4/172.20.10.14/udp/62334/quic-v1, /ip4/172.20.10.14/tcp/65350]"
[2026-10-04 18:17:22.050] [out] [delivery_module] DBG 2026-10-04 18:17:22.050+02:00 Expanded address and hostname              topics="libp2p dialer" tid=6037042 expandedAddress=/ip4/172.20.10.14/udp/62334/quic-v1 hostname=172.20.10.14 resolvedAddresses="[/ip4/172.20.10.14/udp/62334/quic-v1]"
[2026-10-04 18:17:22.050] [out] [delivery_module] DBG 2026-10-04 18:17:22.050+02:00 New connection established: client         tid=6037042
[2026-10-04 18:17:22.051] [out] [delivery_module] DBG 2026-10-04 18:17:22.051+02:00 Dialing peer                               topics="libp2p dialer" tid=6037042 peerId=16U*iSrhve addrs="[/ip4/173.42.114.210/tcp/37795]"
[2026-10-04 18:17:22.051] [out] [delivery_module] DBG 2026-10-04 18:17:22.051+02:00 Expanded address and hostname              topics="libp2p dialer" tid=6037042 expandedAddress=/ip4/173.42.114.210/tcp/37795 hostname=173.42.114.210 resolvedAddresses="[/ip4/173.42.114.210/tcp/37795]"
[2026-10-04 18:17:22.053] [out] [delivery_module] DBG 2026-10-04 18:17:22.053+02:00 Dialing peer                               topics="libp2p dialer" tid=6037042 peerId=16U*oWQB23 addrs="[/ip4/192.168.1.175/udp/51237/quic-v1, /ip4/192.168.1.175/tcp/55326, /ip4/88.160.11.28/tcp/17981]"
[2026-10-04 18:17:22.053] [out] [delivery_module] DBG 2026-10-04 18:17:22.053+02:00 Expanded address and hostname              topics="libp2p dialer" tid=6037042 expandedAddress=/ip4/192.168.1.175/udp/51237/quic-v1 hostname=192.168.1.175 resolvedAddresses="[/ip4/192.168.1.175/udp/51237/quic-v1]"
[2026-10-04 18:17:22.053] [out] [delivery_module] DBG 2026-10-04 18:17:22.053+02:00 New connection established: client         tid=6037042
[2026-10-04 18:17:22.053] [out] [delivery_module] DBG 2026-10-04 18:17:22.053+02:00 Dialing peer                               topics="libp2p dialer" tid=6037042 peerId=16U*2pfeoX addrs="[/ip4/192.168.68.53/udp/16011/quic-v1, /ip4/192.168.68.53/tcp/27431]"
[2026-10-04 18:17:22.053] [out] [delivery_module] DBG 2026-10-04 18:17:22.053+02:00 Expanded address and hostname              topics="libp2p dialer" tid=6037042 expandedAddress=/ip4/192.168.68.53/udp/16011/quic-v1 hostname=192.168.68.53 resolvedAddresses="[/ip4/192.168.68.53/udp/16011/quic-v1]"
[2026-10-04 18:17:22.054] [out] [delivery_module] DBG 2026-10-04 18:17:22.054+02:00 New connection established: client         tid=6037042
[2026-10-04 18:17:22.054] [out] [delivery_module] DBG 2026-10-04 18:17:22.054+02:00 Lookup query                               topics="kad-dht find" tid=6037042 peer=16U*nd1vDS
[2026-10-04 18:17:22.054] [out] [delivery_module] DBG 2026-10-04 18:17:22.054+02:00 Lookup query                               topics="kad-dht find" tid=6037042 peer=16U*JXZN12
[2026-10-04 18:17:22.054] [out] [delivery_module] DBG 2026-10-04 18:17:22.054+02:00 Lookup query                               topics="kad-dht find" tid=6037042 peer=16U*8rq3kg
[2026-10-04 18:17:22.054] [out] [delivery_module] DBG 2026-10-04 18:17:22.054+02:00 Lookup query                               topics="kad-dht find" tid=6037042 peer=16U*Lqfd15
[2026-10-04 18:17:22.054] [out] [delivery_module] DBG 2026-10-04 18:17:22.054+02:00 Lookup query                               topics="kad-dht find" tid=6037042 peer=16U*iSrhve
[2026-10-04 18:17:22.226] [out] [delivery_module] DBG 2026-10-04 18:17:22.226+02:00 no listener registered                     tid=6037044 event=onConnectionChange
[2026-10-04 18:17:22.251] [out] [delivery_module] DBG 2026-10-04 18:17:22.251+02:00 no listener registered                     tid=6037044 event=onConnectionChange
[2026-10-04 18:17:22.378] [out] [delivery_module] DBG 2026-10-04 18:17:22.378+02:00 Received WakuMetadata request              topics="waku metadata" tid=6037042 remoteClusterId=ok(3) remoteShards="[5, 0, 2, 1, 4, 7, 3, 6]" localClusterId=3 localShards="[7]" peer=16U*T3UNSE
[2026-10-04 18:17:22.399] [out] [delivery_module] DBG 2026-10-04 18:17:22.399+02:00 Received WakuMetadata request              topics="waku metadata" tid=6037042 remoteClusterId=ok(3) remoteShards="[5, 0, 2, 1, 4, 7, 3, 6]" localClusterId=3 localShards="[7]" peer=16U*kGyuEP
[2026-10-04 18:17:22.645] [out] [delivery_module] WRN 2026-10-04 18:17:22.645+02:00 NAT port mapping failed                    topics="libp2p natservice" tid=6037042 port=49587 proto=mpUdp err="plum: mapping 0 failed"
[2026-10-04 18:17:22.645] [out] [delivery_module] INF 2026-10-04 18:17:22.645+02:00 Mix self hop set                           topics="waku node" tid=6037042 hop=/ip4/172.20.10.14/tcp/51590 before=/ip4/0.0.0.0/tcp/0
[2026-10-04 18:17:22.645] [out] [delivery_module] DBG 2026-10-04 18:17:22.645+02:00 ENR addresses updated                      topics="waku enr" tid=6037042 retained=0 total=0
[2026-10-04 18:17:22.646] [out] [delivery_module] DBG 2026-10-04 18:17:22.646+02:00 ENR addresses updated                      topics="waku enr" tid=6037042 retained=0 total=0
[2026-10-04 18:17:22.646] [out] [delivery_module] INF 2026-10-04 18:17:22.646+02:00 Found previous WakuRelay peers. Reconnecting. topics="waku node" tid=6037042
[2026-10-04 18:17:22.646] [out] [delivery_module] DBG 2026-10-04 18:17:22.646+02:00 Reconnecting peers                         topics="waku node peer_manager" tid=6037042 proto=/vac/waku/relay/2.0.0
[2026-10-04 18:17:22.646] [out] [delivery_module] INF 2026-10-04 18:17:22.646+02:00 Random kademlia lookups disabled           topics="waku service discovery" tid=6037042
[2026-10-04 18:17:22.646] [out] [delivery_module] DBG 2026-10-04 18:17:22.646+02:00 Periodic service lookup started            topics="waku service discovery" tid=6037042 interval=1m services={}
[2026-10-04 18:17:22.646] [out] [delivery_module] INF 2026-10-04 18:17:22.646+02:00 Kademlia discovery started                 topics="waku service discovery" tid=6037042
[2026-10-04 18:17:22.646] [out] [delivery_module] INF 2026-10-04 18:17:22.646+02:00 Discovery ENR initialized                  topics="eth p2p discv5" tid=6037042 enrAutoUpdate=false seqNum=4 ip=none() tcpPort=none() udpPort=none() customEnrFields=@[] uri=enr:-Ka4QObgLdP7S7b4_EtnPmFjOw36XuqIaBgcWIKJWskwXvMSXhXmH_hD7J6f1wRnTk0GUxknN0fdhMBnTjgNQ28hm4sEgmlkgnY0im11bHRpYWRkcnOAgnJzkwADCAAAAAEAAgADAAQABQAGAAeJc2VjcDI1NmsxoQJ0PK8KVW8uTdOg_76sRZPovVknCcjUalaIEUv0-bplI4N0Y3CCyYaFd2FrdTIt
[2026-10-04 18:17:22.646] [out] [delivery_module] WRN 2026-10-04 18:17:22.646+02:00 No external IP provided for the ENR, this node will not be discoverable topics="eth p2p discv5" tid=6037042
[2026-10-04 18:17:22.646] [out] [delivery_module] DBG 2026-10-04 18:17:22.646+02:00 peer filtering updated                     topics="waku discv5" tid=6037042
[2026-10-04 18:17:22.646] [out] [delivery_module] INF 2026-10-04 18:17:22.646+02:00 Starting discovery v5 service              topics="waku discv5" tid=6037042
[2026-10-04 18:17:22.646] [out] [delivery_module] INF 2026-10-04 18:17:22.646+02:00 Start listening on udp port                topics="waku discv5" tid=6037042 address=0.0.0.0 port=52358
[2026-10-04 18:17:22.646] [out] [delivery_module] INF 2026-10-04 18:17:22.646+02:00 Starting discovery node                    topics="eth p2p discv5" tid=6037042 node=61*ca87b9:unaddressable bindAddress=0.0.0.0:52358
[2026-10-04 18:17:22.646] [out] [delivery_module] DBG 2026-10-04 18:17:22.646+02:00 Total nodes in routing table after populate topics="eth p2p discv5" tid=6037042 total=0
[2026-10-04 18:17:22.646] [out] [delivery_module] DBG 2026-10-04 18:17:22.646+02:00 Starting discovery v5 search               topics="waku discv5" tid=6037042
[2026-10-04 18:17:22.646] [out] [delivery_module] DBG 2026-10-04 18:17:22.646+02:00 Successfully started discovery v5 service  topics="waku discv5" tid=6037042
[2026-10-04 18:17:22.646] [out] [delivery_module] INF 2026-10-04 18:17:22.646+02:00 Discv5: discoverable ENR                   topics="waku discv5" tid=6037042 enrUri=enr:-Ka4QObgLdP7S7b4_EtnPmFjOw36XuqIaBgcWIKJWskwXvMSXhXmH_hD7J6f1wRnTk0GUxknN0fdhMBnTjgNQ28hm4sEgmlkgnY0im11bHRpYWRkcnOAgnJzkwADCAAAAAEAAgADAAQABQAGAAeJc2VjcDI1NmsxoQJ0PK8KVW8uTdOg_76sRZPovVknCcjUalaIEUv0-bplI4N0Y3CCyYaFd2FrdTIt enr="(4, id: \"v4\", multiaddrs: 0x, rs: 0x00030800000001000200030004000500060007, secp256k1: 0x02743CAF0A556F2E4DD3A0FFBEAC4593E8BD592709C8D46A5688114BF4F9BA6523, tcp: 51590, waku2: 0x2D)"
[2026-10-04 18:17:22.646] [out] [delivery_module] INF 2026-10-04 18:17:22.646+02:00 Node started successfully                  topics="waku node" tid=6037042
[2026-10-04 18:17:22.646] [out] [delivery_module] DBG 2026-10-04 18:17:22.646+02:00 Publishing Signed XPR                      topics="service-discovery" tid=6037042 xpr="(envelope: (publicKey: secp256k1 key (04743caf0a556f2e4dd3a0ffbeac4593e8bd592709c8d46a5688114bf4f9ba6523330896daae055120cdc6c23710e38fce20e8376942b1451c25bf1797aa36aeec), payloadType: @[3, 1], payload: @[10, 39, 0, 37, 8, 2, 18, 33, 2, 116, 60, 175, 10, 85, 111, 46, 77, 211, 160, 255, 190, 172, 69, 147, 232, 189, 89, 39, 9, 200, 212, 106, 86, 136, 17, 75, 244, 249, 186, 101, 35, 16, 207, 242, 7, 26, 10, 10, 8, 4, 172, 20, 10, 14, 6, 201, 134, 26, 13, 10, 11, 4, 172, 20, 10, 14, 145, 2, 193, 179, 205, 3], signature: 3044022100A5E612017A652EB8F70AAAA170313205FE5E996818D017926C7AB516E382F8BF021F66C2640F667191A5B99EA770298C8C6A945370A4FF7E37039A8DCA2D77166B), data: (peerId: 16Uiu2HAm3FQwb18rWMNZfewr4JEc8wFfX3G4HowCg9nXrtRZcwkN, seqNo: 129359, addresses: @[(address: /ip4/172.20.10.14/tcp/51590), (address: /ip4/172.20.10.14/udp/49587/quic-v1)], services: @[]))"
[2026-10-04 18:17:22.646] [out] [delivery_module] DBG 2026-10-04 18:17:22.646+02:00 Lookup query                               topics="kad-dht find" tid=6037042 peer=16U*VpJprH
[2026-10-04 18:17:22.646] [out] [delivery_module] DBG 2026-10-04 18:17:22.646+02:00 Lookup query                               topics="kad-dht find" tid=6037042 peer=16U*T3UNSE
[2026-10-04 18:17:22.646] [out] [delivery_module] DBG 2026-10-04 18:17:22.646+02:00 Lookup query                               topics="kad-dht find" tid=6037042 peer=16U*P1S397
[2026-10-04 18:17:22.647] [out] [delivery_module] DBG 2026-10-04 18:17:22.646+02:00 Lookup query                               topics="kad-dht find" tid=6037042 peer=16U*kGyuEP
[2026-10-04 18:17:22.647] [out] [delivery_module] DBG 2026-10-04 18:17:22.647+02:00 Lookup query                               topics="kad-dht find" tid=6037042 peer=16U*NSkuby
[2026-10-04 18:17:22.647] [out] [delivery_module] DBG 2026-10-04 18:17:22.647+02:00 Lookup query                               topics="kad-dht find" tid=6037042 peer=16U*TwqBiH
[2026-10-04 18:17:22.647] [out] [delivery_module] DBG 2026-10-04 18:17:22.647+02:00 Dialing multiple peers                     tid=6037042 numOfPeers=6 nodes="@[\"/dns4/delivery-01.do-ams3.logos.dev.status.im/tcp/30303/p2p/16Uiu2HAmTUbnxLGT9JvV6mu9oPyDjqHK4Phs1VDJNUgESgNSkuby\", \"/dns4/delivery-02.do-ams3.logos.dev.status.im/tcp/30303/p2p/16Uiu2HAmMK7PYygBtKUQ8EHp7EfaD3bCEsJrkFooK8RQ2PVpJprH\", \"/dns4/delivery-01.gc-us-central1-a.logos.dev.status.im/tcp/30303/p2p/16Uiu2HAm4S1JYkuzDKLKQvwgAhZKs9otxXqt8SCGtB4hoJP1S397\", \"/dns4/delivery-02.gc-us-central1-a.logos.dev.status.im/tcp/30303/p2p/16Uiu2HAm8Y9kgBNtjxvCnf1X6gnZJW5EGE4UwwCL3CCm55TwqBiH\", \"/dns4/delivery-01.ac-cn-hongkong-c.logos.dev.status.im/tcp/30303/p2p/16Uiu2HAm8YokiNun9BkeA1ZRmhLbtNUvcwRr64F69tYj9fkGyuEP\", \"/dns4/delivery-02.ac-cn-hongkong-c.logos.dev.status.im/tcp/30303/p2p/16Uiu2HAkvwhGHKNry6LACrB8TmEFoCJKEX29XR5dDUzk3UT3UNSE\"]"
[2026-10-04 18:17:22.767] [out] [delivery_module] DBG 2026-10-04 18:17:22.767+02:00 no listener registered                     tid=6037044 event=onConnectionChange
[2026-10-04 18:17:22.805] [out] [delivery_module] DBG 2026-10-04 18:17:22.805+02:00 no listener registered                     tid=6037044 event=onConnectionChange
[2026-10-04 18:17:22.860] [out] [delivery_module] DBG 2026-10-04 18:17:22.860+02:00 Lookup query                               topics="kad-dht find" tid=6037042 peer=16U*oWQB23
[2026-10-04 18:17:22.860] [out] [delivery_module] DBG 2026-10-04 18:17:22.860+02:00 Lookup query                               topics="kad-dht find" tid=6037042 peer=16U*2pfeoX
[2026-10-04 18:17:22.878] [out] [delivery_module] DBG 2026-10-04 18:17:22.878+02:00 Lookup query                               topics="kad-dht find" tid=6037042 peer=16U*nd1vDS
[2026-10-04 18:17:22.878] [out] [delivery_module] DBG 2026-10-04 18:17:22.878+02:00 Lookup query                               topics="kad-dht find" tid=6037042 peer=16U*JXZN12
[2026-10-04 18:17:22.878] [out] [delivery_module] DBG 2026-10-04 18:17:22.878+02:00 Lookup query                               topics="kad-dht find" tid=6037042 peer=16U*8rq3kg
[2026-10-04 18:17:22.878] [out] [delivery_module] DBG 2026-10-04 18:17:22.878+02:00 Lookup query                               topics="kad-dht find" tid=6037042 peer=16U*Lqfd15
[2026-10-04 18:17:22.878] [out] [delivery_module] DBG 2026-10-04 18:17:22.878+02:00 Lookup query                               topics="kad-dht find" tid=6037042 peer=16U*iSrhve
[2026-10-04 18:17:23.143] [out] [delivery_module] DBG 2026-10-04 18:17:23.143+02:00 Lookup query                               topics="kad-dht find" tid=6037042 peer=16U*oWQB23
[2026-10-04 18:17:23.143] [out] [delivery_module] DBG 2026-10-04 18:17:23.143+02:00 Lookup query                               topics="kad-dht find" tid=6037042 peer=16U*2pfeoX
[2026-10-04 18:17:23.358] [out] [delivery_module] DBG 2026-10-04 18:17:23.358+02:00 Dial successful                            topics="libp2p dialer" tid=6037042 peerId=16U*iSrhve
[2026-10-04 18:17:23.359] [out] [delivery_module] DBG 2026-10-04 18:17:23.359+02:00 starting sendNonHighPriorityTask           topics="libp2p pubsubpeer" tid=6037042 p=16U*iSrhve
[2026-10-04 18:17:23.359] [out] [delivery_module] DBG 2026-10-04 18:17:23.359+02:00 created new pubsub peer                    topics="libp2p pubsub" tid=6037042 peerId=16U*iSrhve
[2026-10-04 18:17:23.359] [out] [delivery_module] DBG 2026-10-04 18:17:23.359+02:00 no listener registered                     tid=6037044 event=onConnectionChange
[2026-10-04 18:17:23.363] [out] [delivery_module] DBG 2026-10-04 18:17:23.363+02:00 Incoming WakuRelay connection              topics="waku relay" tid=6037042 connection=16U*iSrhve:6ac27c1374d339a4df10a538 protocol=/vac/waku/relay/2.0.0
[2026-10-04 18:17:23.363] [out] [delivery_module] DBG 2026-10-04 18:17:23.363+02:00 starting pubsub read loop                  topics="libp2p pubsubpeer" tid=6037042 stream=16U*iSrhve:6ac27c1374d339a4df10a538 peer=16U*iSrhve closed=false
[2026-10-04 18:17:23.363] [out] [delivery_module] DBG 2026-10-04 18:17:23.363+02:00 identify: info sent                        topics="libp2p identify" tid=6037042 stream=16U*iSrhve:6ac27c1374d339a4df10a539 info="(peerId: 16Uiu2HAm3FQwb18rWMNZfewr4JEc8wFfX3G4HowCg9nXrtRZcwkN, listenAddrs: [/ip4/0.0.0.0/tcp/51590, /ip4/0.0.0.0/udp/49587/quic-v1], addrs: [/ip4/172.20.10.14/tcp/51590, /ip4/172.20.10.14/udp/49587/quic-v1], protocols: [/ipfs/id/1.0.0, /libp2p/autonat/1.0.0, /libp2p/circuit/relay/0.2.0/hop, /vac/waku/metadata/1.0.0, /mix/1.0.0, /logos/service-discovery/1.0.0, /vac/waku/relay/2.0.0, /vac/waku/rendezvous/1.0.0, /ipfs/ping/1.0.0, /vac/waku/lightpush/3.0.0, /vac/waku/lightpush/2.0.0-beta1, /vac/waku/filter-subscribe/2.0.0-beta1, /vac/waku/filter-push/2.0.0-beta1, /vac/waku/peer-exchange/2.0.0-alpha1], protoVersion: ipfs/0.1.0, agentVersion: logos-delivery-v0.39.0-gca2814)"
[2026-10-04 18:17:23.688] [out] [delivery_module] DBG 2026-10-04 18:17:23.687+02:00 identify: info received                    topics="libp2p identify" tid=6037042 stream=16U*iSrhve:6ac27c1374d339a4df10a537 pubkey=ok(sec...2232)) addresses=/ip4/173.42.114.210/tcp/37795 protocols=/ipfs/id/1.0.0,/libp2p/autonat/1.0.0,/libp2p/circuit/relay/0.2.0/hop,/vac/waku/metadata/1.0.0,/logos/service-discovery/1.0.0,/vac/waku/relay/2.0.0,/vac/waku/rendezvous/1.0.0,/ipfs/ping/1.0.0,/vac/waku/lightpush/3.0.0,/vac/waku/lightpush/2.0.0-beta1,/vac/waku/filter-subscribe/2.0.0-beta1,/vac/waku/filter-push/2.0.0-beta1,/vac/waku/peer-exchange/2.0.0-alpha1 observable_address=ok(/ip4/109.41.112.89/tcp/48676) proto_version=ipfs/0.1.0 agent_version=logos-delivery-v0.39.0-gca2814 signedPeerRecord=None
[2026-10-04 18:17:23.689] [out] [delivery_module] DBG 2026-10-04 18:17:23.689+02:00 starting pubsub read loop                  topics="libp2p pubsubpeer" tid=6037042 stream=16U*iSrhve:6ac27c1374d339a4df10a536 peer=16U*iSrhve closed=false
[2026-10-04 18:17:23.689] [out] [delivery_module] DBG 2026-10-04 18:17:23.689+02:00 Event identified                           topics="waku node peer_manager" tid=6037042 peerId=16U*iSrhve
[2026-10-04 18:17:23.689] [out] [delivery_module] DBG 2026-10-04 18:17:23.689+02:00 no listener registered                     tid=6037044 event=onConnectionChange
[2026-10-04 18:17:24.040] [out] [delivery_module] DBG 2026-10-04 18:17:24.039+02:00 Received WakuMetadata request              topics="waku metadata" tid=6037042 remoteClusterId=ok(3) remoteShards="[5, 0, 2, 1, 4, 7, 3, 6]" localClusterId=3 localShards="[7]" peer=16U*iSrhve
[2026-10-04 18:17:24.288] [out] [delivery_module] DBG 2026-10-04 18:17:24.288+02:00 no listener registered                     tid=6037044 event=onConnectionChange
[2026-10-04 18:17:24.642] [out] [delivery_module] DBG 2026-10-04 18:17:24.642+02:00 Lookup query                               topics="kad-dht find" tid=6037042 peer=16U*VpJprH
[2026-10-04 18:17:24.643] [out] [delivery_module] DBG 2026-10-04 18:17:24.643+02:00 Kad lookup: RPC error                      topics="kad-dht find" tid=6037042 peer=16U*VpJprH msg="dialStage: timed out dialing the peer"
[2026-10-04 18:17:24.643] [out] [delivery_module] WRN 2026-10-04 18:17:24.643+02:00 ffi request still in flight; caller notified via RET_STALE_WARN tid=6037042 reqId=LogosdeliveryStartNodeReq elapsedMs=5000
[2026-10-04 18:17:25.051] [out] [delivery_module] DBG 2026-10-04 18:17:25.051+02:00 Dialing failed                             topics="libp2p dialer" tid=6037042 description="quic dial timed out after 3s" peerId=16U*JXZN12 address=/ip4/172.20.10.14/udp/62834/quic-v1 hostname=172.20.10.14
[2026-10-04 18:17:25.051] [out] [delivery_module] DBG 2026-10-04 18:17:25.051+02:00 Dialing failed                             topics="libp2p dialer" tid=6037042 description="quic dial timed out after 3s" peerId=16U*8rq3kg address=/ip4/172.20.10.14/udp/49629/quic-v1 hostname=172.20.10.14
[2026-10-04 18:17:25.051] [out] [delivery_module] DBG 2026-10-04 18:17:25.051+02:00 Expanded address and hostname              topics="libp2p dialer" tid=6037042 expandedAddress=/ip4/172.20.10.14/tcp/49738 hostname=172.20.10.14 resolvedAddresses="[/ip4/172.20.10.14/tcp/49738]"
[2026-10-04 18:17:25.052] [out] [delivery_module] DBG 2026-10-04 18:17:25.052+02:00 Expanded address and hostname              topics="libp2p dialer" tid=6037042 expandedAddress=/ip4/172.20.10.14/tcp/50996 hostname=172.20.10.14 resolvedAddresses="[/ip4/172.20.10.14/tcp/50996]"
[2026-10-04 18:17:25.053] [out] [delivery_module] DBG 2026-10-04 18:17:25.053+02:00 Dialing failed                             topics="libp2p dialer" tid=6037042 description="TcpTransport dial error: (61) Connection refused" peerId=16U*JXZN12 address=/ip4/172.20.10.14/tcp/49738 hostname=172.20.10.14
[2026-10-04 18:17:25.053] [out] [delivery_module] DBG 2026-10-04 18:17:25.053+02:00 Dialing failed                             topics="libp2p dialer" tid=6037042 description="TcpTransport dial error: (61) Connection refused" peerId=16U*8rq3kg address=/ip4/172.20.10.14/tcp/50996 hostname=172.20.10.14
[2026-10-04 18:17:25.053] [out] [delivery_module] DBG 2026-10-04 18:17:25.053+02:00 Dialing failed                             topics="libp2p dialer" tid=6037042 description="quic dial timed out after 3s" peerId=16U*Lqfd15 address=/ip4/172.20.10.14/udp/62334/quic-v1 hostname=172.20.10.14
[2026-10-04 18:17:25.053] [out] [delivery_module] DBG 2026-10-04 18:17:25.053+02:00 Expanded address and hostname              topics="libp2p dialer" tid=6037042 expandedAddress=/ip4/172.20.10.14/tcp/65350 hostname=172.20.10.14 resolvedAddresses="[/ip4/172.20.10.14/tcp/65350]"
[2026-10-04 18:17:25.054] [out] [delivery_module] DBG 2026-10-04 18:17:25.053+02:00 Error dialing                              topics="libp2p dialer" tid=6037042 conn=nil peerId=16U*JXZN12 protos="[/logos/service-discovery/1.0.0]" addrs="[/ip4/172.20.10.14/udp/62834/quic-v1, /ip4/172.20.10.14/tcp/49738]" description="Unable to establish outgoing link in establishConnection: peer_id=16U*JXZN12 addrs=@[/ip4/172.20.10.14/udp/62834/quic-v1, /ip4/172.20.10.14/tcp/49738]"
[2026-10-04 18:17:25.054] [out] [delivery_module] DBG 2026-10-04 18:17:25.054+02:00 Error dialing                              topics="libp2p dialer" tid=6037042 conn=nil peerId=16U*8rq3kg protos="[/logos/service-discovery/1.0.0]" addrs="[/ip4/172.20.10.14/udp/49629/quic-v1, /ip4/172.20.10.14/tcp/50996]" description="Unable to establish outgoing link in establishConnection: peer_id=16U*8rq3kg addrs=@[/ip4/172.20.10.14/udp/49629/quic-v1, /ip4/172.20.10.14/tcp/50996]"
[2026-10-04 18:17:25.054] [out] [delivery_module] DBG 2026-10-04 18:17:25.054+02:00 Dialing failed                             topics="libp2p dialer" tid=6037042 description="TcpTransport dial error: (61) Connection refused" peerId=16U*Lqfd15 address=/ip4/172.20.10.14/tcp/65350 hostname=172.20.10.14
[2026-10-04 18:17:25.054] [out] [delivery_module] DBG 2026-10-04 18:17:25.054+02:00 Dialing peer                               topics="libp2p dialer" tid=6037042 peerId=16U*JXZN12 addrs="[/ip4/172.20.10.14/udp/62834/quic-v1, /ip4/172.20.10.14/tcp/49738]"
[2026-10-04 18:17:25.054] [out] [delivery_module] DBG 2026-10-04 18:17:25.054+02:00 Expanded address and hostname              topics="libp2p dialer" tid=6037042 expandedAddress=/ip4/172.20.10.14/udp/62834/quic-v1 hostname=172.20.10.14 resolvedAddresses="[/ip4/172.20.10.14/udp/62834/quic-v1]"
[2026-10-04 18:17:25.054] [out] [delivery_module] DBG 2026-10-04 18:17:25.054+02:00 New connection established: client         tid=6037042
[2026-10-04 18:17:25.055] [out] [delivery_module] DBG 2026-10-04 18:17:25.055+02:00 Dialing failed                             topics="libp2p dialer" tid=6037042 description="quic dial timed out after 3s" peerId=16U*oWQB23 address=/ip4/192.168.1.175/udp/51237/quic-v1 hostname=192.168.1.175
[2026-10-04 18:17:25.055] [out] [delivery_module] DBG 2026-10-04 18:17:25.055+02:00 Error dialing                              topics="libp2p dialer" tid=6037042 conn=nil peerId=16U*Lqfd15 protos="[/logos/service-discovery/1.0.0]" addrs="[/ip4/172.20.10.14/udp/62334/quic-v1, /ip4/172.20.10.14/tcp/65350]" description="Unable to establish outgoing link in establishConnection: peer_id=16U*Lqfd15 addrs=@[/ip4/172.20.10.14/udp/62334/quic-v1, /ip4/172.20.10.14/tcp/65350]"
[2026-10-04 18:17:25.055] [out] [delivery_module] DBG 2026-10-04 18:17:25.055+02:00 Dialing peer                               topics="libp2p dialer" tid=6037042 peerId=16U*8rq3kg addrs="[/ip4/172.20.10.14/udp/49629/quic-v1, /ip4/172.20.10.14/tcp/50996]"
[2026-10-04 18:17:25.055] [out] [delivery_module] DBG 2026-10-04 18:17:25.055+02:00 Expanded address and hostname              topics="libp2p dialer" tid=6037042 expandedAddress=/ip4/172.20.10.14/udp/49629/quic-v1 hostname=172.20.10.14 resolvedAddresses="[/ip4/172.20.10.14/udp/49629/quic-v1]"
[2026-10-04 18:17:25.055] [out] [delivery_module] DBG 2026-10-04 18:17:25.055+02:00 New connection established: client         tid=6037042
[2026-10-04 18:17:25.056] [out] [delivery_module] DBG 2026-10-04 18:17:25.055+02:00 Expanded address and hostname              topics="libp2p dialer" tid=6037042 expandedAddress=/ip4/192.168.1.175/tcp/55326 hostname=192.168.1.175 resolvedAddresses="[/ip4/192.168.1.175/tcp/55326]"
[2026-10-04 18:17:25.056] [out] [delivery_module] DBG 2026-10-04 18:17:25.056+02:00 Dialing failed                             topics="libp2p dialer" tid=6037042 description="quic dial timed out after 3s" peerId=16U*2pfeoX address=/ip4/192.168.68.53/udp/16011/quic-v1 hostname=192.168.68.53
[2026-10-04 18:17:25.056] [out] [delivery_module] DBG 2026-10-04 18:17:25.056+02:00 Dialing peer                               topics="libp2p dialer" tid=6037042 peerId=16U*Lqfd15 addrs="[/ip4/172.20.10.14/udp/62334/quic-v1, /ip4/172.20.10.14/tcp/65350]"
[2026-10-04 18:17:25.056] [out] [delivery_module] DBG 2026-10-04 18:17:25.056+02:00 Expanded address and hostname              topics="libp2p dialer" tid=6037042 expandedAddress=/ip4/172.20.10.14/udp/62334/quic-v1 hostname=172.20.10.14 resolvedAddresses="[/ip4/172.20.10.14/udp/62334/quic-v1]"
[2026-10-04 18:17:25.056] [out] [delivery_module] DBG 2026-10-04 18:17:25.056+02:00 New connection established: client         tid=6037042
[2026-10-04 18:17:25.057] [out] [delivery_module] DBG 2026-10-04 18:17:25.057+02:00 Expanded address and hostname              topics="libp2p dialer" tid=6037042 expandedAddress=/ip4/192.168.68.53/tcp/27431 hostname=192.168.68.53 resolvedAddresses="[/ip4/192.168.68.53/tcp/27431]"
[2026-10-04 18:17:25.555] [out] [delivery_module] DBG 2026-10-04 18:17:25.555+02:00 New connection established: server         tid=6037042
[2026-10-04 18:17:25.555] [out] [delivery_module] DBG 2026-10-04 18:17:25.555+02:00 Accepted an incoming connection            topics="libp2p switch" tid=6037042 conn=:6ac27c1574d339a4df10a53e
[2026-10-04 18:17:25.556] [out] [delivery_module] DBG 2026-10-04 18:17:25.556+02:00 starting sendNonHighPriorityTask           topics="libp2p pubsubpeer" tid=6037042 p=16U*33uyAY
[2026-10-04 18:17:25.556] [out] [delivery_module] DBG 2026-10-04 18:17:25.556+02:00 created new pubsub peer                    topics="libp2p pubsub" tid=6037042 peerId=16U*33uyAY
[2026-10-04 18:17:25.556] [out] [delivery_module] DBG 2026-10-04 18:17:25.556+02:00 no listener registered                     tid=6037044 event=onConnectionChange
[2026-10-04 18:17:25.556] [out] [delivery_module] DBG 2026-10-04 18:17:25.556+02:00 Creating stream                            tid=6037042
[2026-10-04 18:17:25.556] [out] [delivery_module] DBG 2026-10-04 18:17:25.556+02:00 New stream created                         tid=6037042
[2026-10-04 18:17:25.556] [out] [delivery_module] DBG 2026-10-04 18:17:25.556+02:00 Creating stream                            tid=6037042
[2026-10-04 18:17:25.556] [out] [delivery_module] DBG 2026-10-04 18:17:25.556+02:00 New stream created                         tid=6037042
[2026-10-04 18:17:25.556] [out] [delivery_module] DBG 2026-10-04 18:17:25.556+02:00 About to accept incoming connection        topics="libp2p switch" tid=6037042
[2026-10-04 18:17:25.556] [out] [delivery_module] DBG 2026-10-04 18:17:25.556+02:00 New stream created                         tid=6037042
[2026-10-04 18:17:25.556] [out] [delivery_module] DBG 2026-10-04 18:17:25.556+02:00 New stream created                         tid=6037042
[2026-10-04 18:17:25.556] [out] [delivery_module] DBG 2026-10-04 18:17:25.556+02:00 Incoming WakuRelay connection              topics="waku relay" tid=6037042 connection=16U*33uyAY:6ac27c1574d339a4df10a541 protocol=/vac/waku/relay/2.0.0
[2026-10-04 18:17:25.556] [out] [delivery_module] DBG 2026-10-04 18:17:25.556+02:00 starting pubsub read loop                  topics="libp2p pubsubpeer" tid=6037042 stream=16U*33uyAY:6ac27c1574d339a4df10a541 peer=16U*33uyAY closed=false
[2026-10-04 18:17:25.557] [out] [delivery_module] DBG 2026-10-04 18:17:25.556+02:00 identify: info sent                        topics="libp2p identify" tid=6037042 stream=16U*33uyAY:6ac27c1574d339a4df10a542 info="(peerId: 16Uiu2HAm3FQwb18rWMNZfewr4JEc8wFfX3G4HowCg9nXrtRZcwkN, listenAddrs: [/ip4/0.0.0.0/tcp/51590, /ip4/0.0.0.0/udp/49587/quic-v1], addrs: [/ip4/172.20.10.14/tcp/51590, /ip4/172.20.10.14/udp/49587/quic-v1], protocols: [/ipfs/id/1.0.0, /libp2p/autonat/1.0.0, /libp2p/circuit/relay/0.2.0/hop, /vac/waku/metadata/1.0.0, /mix/1.0.0, /logos/service-discovery/1.0.0, /vac/waku/relay/2.0.0, /vac/waku/rendezvous/1.0.0, /ipfs/ping/1.0.0, /vac/waku/lightpush/3.0.0, /vac/waku/lightpush/2.0.0-beta1, /vac/waku/filter-subscribe/2.0.0-beta1, /vac/waku/filter-push/2.0.0-beta1, /vac/waku/peer-exchange/2.0.0-alpha1], protoVersion: ipfs/0.1.0, agentVersion: logos-delivery-v0.39.0-gca2814)"
[2026-10-04 18:17:25.557] [out] [delivery_module] DBG 2026-10-04 18:17:25.557+02:00 identify: info received                    topics="libp2p identify" tid=6037042 stream=16U*33uyAY:6ac27c1574d339a4df10a540 pubkey=ok(sec...b258)) addresses=/ip4/172.20.10.14/tcp/51591,/ip4/172.20.10.14/udp/52840/quic-v1 protocols=/ipfs/id/1.0.0,/libp2p/autonat/1.0.0,/libp2p/circuit/relay/0.2.0/hop,/vac/waku/metadata/1.0.0,/mix/1.0.0,/logos/service-discovery/1.0.0,/vac/waku/relay/2.0.0,/vac/waku/rendezvous/1.0.0,/ipfs/ping/1.0.0,/vac/waku/lightpush/3.0.0,/vac/waku/lightpush/2.0.0-beta1,/vac/waku/filter-subscribe/2.0.0-beta1,/vac/waku/filter-push/2.0.0-beta1,/vac/waku/peer-exchange/2.0.0-alpha1 observable_address=ok(/ip4/172.20.10.14/udp/49587/quic-v1) proto_version=ipfs/0.1.0 agent_version=logos-delivery-v0.39.0-gca2814 signedPeerRecord=None
[2026-10-04 18:17:25.557] [out] [delivery_module] DBG 2026-10-04 18:17:25.557+02:00 Event identified                           topics="waku node peer_manager" tid=6037042 peerId=16U*33uyAY
[2026-10-04 18:17:25.557] [out] [delivery_module] DBG 2026-10-04 18:17:25.557+02:00 Creating stream                            tid=6037042
[2026-10-04 18:17:25.557] [out] [delivery_module] DBG 2026-10-04 18:17:25.557+02:00 New stream created                         tid=6037042
[2026-10-04 18:17:25.557] [out] [delivery_module] DBG 2026-10-04 18:17:25.557+02:00 no listener registered                     tid=6037044 event=onConnectionChange
[2026-10-04 18:17:25.558] [out] [delivery_module] DBG 2026-10-04 18:17:25.558+02:00 starting pubsub read loop                  topics="libp2p pubsubpeer" tid=6037042 stream=16U*33uyAY:6ac27c1574d339a4df10a53f peer=16U*33uyAY closed=false
[2026-10-04 18:17:25.558] [out] [delivery_module] DBG 2026-10-04 18:17:25.558+02:00 New stream created                         tid=6037042
[2026-10-04 18:17:25.559] [out] [delivery_module] DBG 2026-10-04 18:17:25.559+02:00 Received WakuMetadata request              topics="waku metadata" tid=6037042 remoteClusterId=ok(3) remoteShards="[7]" localClusterId=3 localShards="[7]" peer=16U*33uyAY
[2026-10-04 18:17:25.559] [out] [delivery_module] DBG 2026-10-04 18:17:25.559+02:00 no listener registered                     tid=6037044 event=onConnectionChange
[2026-10-04 18:17:25.560] [out] [delivery_module] DBG 2026-10-04 18:17:25.560+02:00 New stream created                         tid=6037042
[2026-10-04 18:17:25.561] [out] [delivery_module] DBG 2026-10-04 18:17:25.561+02:00 Creating stream                            tid=6037042
[2026-10-04 18:17:25.561] [out] [delivery_module] DBG 2026-10-04 18:17:25.561+02:00 New stream created                         tid=6037042
[2026-10-04 18:17:27.056] [out] [delivery_module] DBG 2026-10-04 18:17:27.056+02:00 Kad lookup: RPC error                      topics="kad-dht find" tid=6037042 peer=16U*nd1vDS msg="dialStage: timed out dialing the peer"
[2026-10-04 18:17:27.648] [out] [delivery_module] DBG 2026-10-04 18:17:27.648+02:00 Kad lookup: RPC error                      topics="kad-dht find" tid=6037042 peer=16U*VpJprH msg="dialStage: timed out dialing the peer"
[2026-10-04 18:17:27.649] [out] [delivery_module] DBG 2026-10-04 18:17:27.649+02:00 Lookup query                               topics="kad-dht find" tid=6037042 peer=16U*VpJprH
[2026-10-04 18:17:27.863] [out] [delivery_module] DBG 2026-10-04 18:17:27.863+02:00 Kad lookup: RPC error                      topics="kad-dht find" tid=6037042 peer=16U*2pfeoX msg="dialStage: timed out dialing the peer"
[2026-10-04 18:17:28.056] [out] [delivery_module] DBG 2026-10-04 18:17:28.056+02:00 Dialing failed                             topics="libp2p dialer" tid=6037042 description="quic dial timed out after 3s" peerId=16U*JXZN12 address=/ip4/172.20.10.14/udp/62834/quic-v1 hostname=172.20.10.14
[2026-10-04 18:17:28.056] [out] [delivery_module] DBG 2026-10-04 18:17:28.056+02:00 Expanded address and hostname              topics="libp2p dialer" tid=6037042 expandedAddress=/ip4/172.20.10.14/tcp/49738 hostname=172.20.10.14 resolvedAddresses="[/ip4/172.20.10.14/tcp/49738]"
[2026-10-04 18:17:28.058] [out] [delivery_module] DBG 2026-10-04 18:17:28.058+02:00 Dialing failed                             topics="libp2p dialer" tid=6037042 description="quic dial timed out after 3s" peerId=16U*8rq3kg address=/ip4/172.20.10.14/udp/49629/quic-v1 hostname=172.20.10.14
[2026-10-04 18:17:28.060] [out] [delivery_module] DBG 2026-10-04 18:17:28.059+02:00 Expanded address and hostname              topics="libp2p dialer" tid=6037042 expandedAddress=/ip4/172.20.10.14/tcp/50996 hostname=172.20.10.14 resolvedAddresses="[/ip4/172.20.10.14/tcp/50996]"
[2026-10-04 18:17:28.060] [out] [delivery_module] DBG 2026-10-04 18:17:28.060+02:00 Dialing failed                             topics="libp2p dialer" tid=6037042 description="TcpTransport dial error: (61) Connection refused" peerId=16U*JXZN12 address=/ip4/172.20.10.14/tcp/49738 hostname=172.20.10.14
[2026-10-04 18:17:28.061] [out] [delivery_module] DBG 2026-10-04 18:17:28.061+02:00 Dialing failed                             topics="libp2p dialer" tid=6037042 description="quic dial timed out after 3s" peerId=16U*Lqfd15 address=/ip4/172.20.10.14/udp/62334/quic-v1 hostname=172.20.10.14
[2026-10-04 18:17:28.061] [out] [delivery_module] DBG 2026-10-04 18:17:28.061+02:00 Error dialing                              topics="libp2p dialer" tid=6037042 conn=nil peerId=16U*JXZN12 protos="[/logos/service-discovery/1.0.0]" addrs="[/ip4/172.20.10.14/udp/62834/quic-v1, /ip4/172.20.10.14/tcp/49738]" description="Unable to establish outgoing link in establishConnection: peer_id=16U*JXZN12 addrs=@[/ip4/172.20.10.14/udp/62834/quic-v1, /ip4/172.20.10.14/tcp/49738]"
[2026-10-04 18:17:28.061] [out] [delivery_module] DBG 2026-10-04 18:17:28.061+02:00 Dialing failed                             topics="libp2p dialer" tid=6037042 description="TcpTransport dial error: (61) Connection refused" peerId=16U*8rq3kg address=/ip4/172.20.10.14/tcp/50996 hostname=172.20.10.14
[2026-10-04 18:17:28.061] [out] [delivery_module] DBG 2026-10-04 18:17:28.061+02:00 Expanded address and hostname              topics="libp2p dialer" tid=6037042 expandedAddress=/ip4/172.20.10.14/tcp/65350 hostname=172.20.10.14 resolvedAddresses="[/ip4/172.20.10.14/tcp/65350]"
[2026-10-04 18:17:28.062] [out] [delivery_module] DBG 2026-10-04 18:17:28.062+02:00 Dialing peer                               topics="libp2p dialer" tid=6037042 peerId=16U*JXZN12 addrs="[/ip4/172.20.10.14/udp/62834/quic-v1, /ip4/172.20.10.14/tcp/49738]"
[2026-10-04 18:17:28.062] [out] [delivery_module] DBG 2026-10-04 18:17:28.062+02:00 Expanded address and hostname              topics="libp2p dialer" tid=6037042 expandedAddress=/ip4/172.20.10.14/udp/62834/quic-v1 hostname=172.20.10.14 resolvedAddresses="[/ip4/172.20.10.14/udp/62834/quic-v1]"
[2026-10-04 18:17:28.062] [out] [delivery_module] DBG 2026-10-04 18:17:28.062+02:00 New connection established: client         tid=6037042
[2026-10-04 18:17:28.063] [out] [delivery_module] DBG 2026-10-04 18:17:28.063+02:00 Error dialing                              topics="libp2p dialer" tid=6037042 conn=nil peerId=16U*8rq3kg protos="[/logos/service-discovery/1.0.0]" addrs="[/ip4/172.20.10.14/udp/49629/quic-v1, /ip4/172.20.10.14/tcp/50996]" description="Unable to establish outgoing link in establishConnection: peer_id=16U*8rq3kg addrs=@[/ip4/172.20.10.14/udp/49629/quic-v1, /ip4/172.20.10.14/tcp/50996]"
[2026-10-04 18:17:28.063] [out] [delivery_module] DBG 2026-10-04 18:17:28.063+02:00 Dialing peer                               topics="libp2p dialer" tid=6037042 peerId=16U*8rq3kg addrs="[/ip4/172.20.10.14/udp/49629/quic-v1, /ip4/172.20.10.14/tcp/50996]"
[2026-10-04 18:17:28.063] [out] [delivery_module] DBG 2026-10-04 18:17:28.063+02:00 Expanded address and hostname              topics="libp2p dialer" tid=6037042 expandedAddress=/ip4/172.20.10.14/udp/49629/quic-v1 hostname=172.20.10.14 resolvedAddresses="[/ip4/172.20.10.14/udp/49629/quic-v1]"
[2026-10-04 18:17:28.064] [out] [delivery_module] DBG 2026-10-04 18:17:28.064+02:00 New connection established: client         tid=6037042
[2026-10-04 18:17:28.064] [out] [delivery_module] DBG 2026-10-04 18:17:28.064+02:00 Dialing failed                             topics="libp2p dialer" tid=6037042 description="TcpTransport dial error: (61) Connection refused" peerId=16U*Lqfd15 address=/ip4/172.20.10.14/tcp/65350 hostname=172.20.10.14
[2026-10-04 18:17:28.064] [out] [delivery_module] DBG 2026-10-04 18:17:28.064+02:00 Error dialing                              topics="libp2p dialer" tid=6037042 conn=nil peerId=16U*Lqfd15 protos="[/logos/service-discovery/1.0.0]" addrs="[/ip4/172.20.10.14/udp/62334/quic-v1, /ip4/172.20.10.14/tcp/65350]" description="Unable to establish outgoing link in establishConnection: peer_id=16U*Lqfd15 addrs=@[/ip4/172.20.10.14/udp/62334/quic-v1, /ip4/172.20.10.14/tcp/65350]"
[2026-10-04 18:17:28.064] [out] [delivery_module] DBG 2026-10-04 18:17:28.064+02:00 Dialing peer                               topics="libp2p dialer" tid=6037042 peerId=16U*Lqfd15 addrs="[/ip4/172.20.10.14/udp/62334/quic-v1, /ip4/172.20.10.14/tcp/65350]"
[2026-10-04 18:17:28.064] [out] [delivery_module] DBG 2026-10-04 18:17:28.064+02:00 Expanded address and hostname              topics="libp2p dialer" tid=6037042 expandedAddress=/ip4/172.20.10.14/udp/62334/quic-v1 hostname=172.20.10.14 resolvedAddresses="[/ip4/172.20.10.14/udp/62334/quic-v1]"
[2026-10-04 18:17:28.064] [out] [delivery_module] DBG 2026-10-04 18:17:28.064+02:00 New connection established: client         tid=6037042
[2026-10-04 18:17:29.643] [out] [delivery_module] WRN 2026-10-04 18:17:29.643+02:00 ffi request still in flight; caller notified via RET_STALE_WARN tid=6037042 reqId=LogosdeliveryStartNodeReq elapsedMs=10000
[2026-10-04 18:17:29.643] [out] [delivery_module] DBG 2026-10-04 18:17:29.643+02:00 Lookup query                               topics="kad-dht find" tid=6037042 peer=16U*VpJprH
[2026-10-04 18:17:29.643] [out] [delivery_module] DBG 2026-10-04 18:17:29.643+02:00 Kad lookup: RPC error                      topics="kad-dht find" tid=6037042 peer=16U*VpJprH msg="dialStage: timed out dialing the peer"
[2026-10-04 18:17:31.065] [out] [delivery_module] DBG 2026-10-04 18:17:31.065+02:00 Dialing failed                             topics="libp2p dialer" tid=6037042 description="quic dial timed out after 3s" peerId=16U*JXZN12 address=/ip4/172.20.10.14/udp/62834/quic-v1 hostname=172.20.10.14
[2026-10-04 18:17:31.065] [out] [delivery_module] DBG 2026-10-04 18:17:31.065+02:00 Dialing failed                             topics="libp2p dialer" tid=6037042 description="quic dial timed out after 3s" peerId=16U*8rq3kg address=/ip4/172.20.10.14/udp/49629/quic-v1 hostname=172.20.10.14
[2026-10-04 18:17:31.065] [out] [delivery_module] DBG 2026-10-04 18:17:31.065+02:00 Expanded address and hostname              topics="libp2p dialer" tid=6037042 expandedAddress=/ip4/172.20.10.14/tcp/49738 hostname=172.20.10.14 resolvedAddresses="[/ip4/172.20.10.14/tcp/49738]"
[2026-10-04 18:17:31.065] [out] [delivery_module] DBG 2026-10-04 18:17:31.065+02:00 Expanded address and hostname              topics="libp2p dialer" tid=6037042 expandedAddress=/ip4/172.20.10.14/tcp/50996 hostname=172.20.10.14 resolvedAddresses="[/ip4/172.20.10.14/tcp/50996]"
[2026-10-04 18:17:31.066] [out] [delivery_module] DBG 2026-10-04 18:17:31.066+02:00 Dialing failed                             topics="libp2p dialer" tid=6037042 description="TcpTransport dial error: (61) Connection refused" peerId=16U*JXZN12 address=/ip4/172.20.10.14/tcp/49738 hostname=172.20.10.14
[2026-10-04 18:17:31.066] [out] [delivery_module] DBG 2026-10-04 18:17:31.066+02:00 Dialing failed                             topics="libp2p dialer" tid=6037042 description="TcpTransport dial error: (61) Connection refused" peerId=16U*8rq3kg address=/ip4/172.20.10.14/tcp/50996 hostname=172.20.10.14
[2026-10-04 18:17:31.066] [out] [delivery_module] DBG 2026-10-04 18:17:31.066+02:00 Dialing failed                             topics="libp2p dialer" tid=6037042 description="quic dial timed out after 3s" peerId=16U*Lqfd15 address=/ip4/172.20.10.14/udp/62334/quic-v1 hostname=172.20.10.14
[2026-10-04 18:17:31.066] [out] [delivery_module] DBG 2026-10-04 18:17:31.066+02:00 Expanded address and hostname              topics="libp2p dialer" tid=6037042 expandedAddress=/ip4/172.20.10.14/tcp/65350 hostname=172.20.10.14 resolvedAddresses="[/ip4/172.20.10.14/tcp/65350]"
[2026-10-04 18:17:31.066] [out] [delivery_module] DBG 2026-10-04 18:17:31.066+02:00 Error dialing                              topics="libp2p dialer" tid=6037042 conn=nil peerId=16U*JXZN12 protos="[/logos/service-discovery/1.0.0]" addrs="[/ip4/172.20.10.14/udp/62834/quic-v1, /ip4/172.20.10.14/tcp/49738]" description="Unable to establish outgoing link in establishConnection: peer_id=16U*JXZN12 addrs=@[/ip4/172.20.10.14/udp/62834/quic-v1, /ip4/172.20.10.14/tcp/49738]"
[2026-10-04 18:17:31.066] [out] [delivery_module] DBG 2026-10-04 18:17:31.066+02:00 Error dialing                              topics="libp2p dialer" tid=6037042 conn=nil peerId=16U*8rq3kg protos="[/logos/service-discovery/1.0.0]" addrs="[/ip4/172.20.10.14/udp/49629/quic-v1, /ip4/172.20.10.14/tcp/50996]" description="Unable to establish outgoing link in establishConnection: peer_id=16U*8rq3kg addrs=@[/ip4/172.20.10.14/udp/49629/quic-v1, /ip4/172.20.10.14/tcp/50996]"
[2026-10-04 18:17:31.066] [out] [delivery_module] DBG 2026-10-04 18:17:31.066+02:00 Dialing failed                             topics="libp2p dialer" tid=6037042 description="TcpTransport dial error: (61) Connection refused" peerId=16U*Lqfd15 address=/ip4/172.20.10.14/tcp/65350 hostname=172.20.10.14
[2026-10-04 18:17:31.066] [out] [delivery_module] DBG 2026-10-04 18:17:31.066+02:00 Error dialing                              topics="libp2p dialer" tid=6037042 conn=nil peerId=16U*Lqfd15 protos="[/logos/service-discovery/1.0.0]" addrs="[/ip4/172.20.10.14/udp/62334/quic-v1, /ip4/172.20.10.14/tcp/65350]" description="Unable to establish outgoing link in establishConnection: peer_id=16U*Lqfd15 addrs=@[/ip4/172.20.10.14/udp/62334/quic-v1, /ip4/172.20.10.14/tcp/65350]"
[2026-10-04 18:17:32.648] [out] [delivery_module] DBG 2026-10-04 18:17:32.648+02:00 Finished dialing multiple peers            tid=6037042 successfulConns=5 attempted=6
[2026-10-04 18:17:32.648] [out] [delivery_module] DBG 2026-10-04 18:17:32.648+02:00 Dialing multiple peers                     topics="waku node peer_manager" tid=6037042 numOfPeers=6 nodes="@[16Uiu2HAm1xxiN1EJgFE7buHWW6WVEWAofJ91YizfcAUU8PoWQB23, 16Uiu2HAmLDT687jSSK2WL9MbEeJDzEuZNzbJkFK91Rp8XoJXZN12, 16Uiu2HAm2bjkiKGPjsa8b61DVaX8yRgEu6TAnt5wdJDj94nd1vDS, 16Uiu2HAmMbCcrH3yM2S3FtAmrYi7iktvbvxujHFXagfUnj8rq3kg, 16Uiu2HAmNkAqK5qpyC2yxPAhH1pngYWtmr7eSPggN9ucSDLqfd15, 16Uiu2HAm75mHYCn97YHQ3auieTYohvJU9d3WGyGBAjnVc32pfeoX]"
[2026-10-04 18:17:32.649] [out] [delivery_module] DBG 2026-10-04 18:17:32.648+02:00 Dialing peer                               topics="libp2p dialer" tid=6037042 peerId=16U*JXZN12 addrs="[/ip4/172.20.10.14/udp/62834/quic-v1, /ip4/172.20.10.14/tcp/49738]"
[2026-10-04 18:17:32.649] [out] [delivery_module] DBG 2026-10-04 18:17:32.649+02:00 Expanded address and hostname              topics="libp2p dialer" tid=6037042 expandedAddress=/ip4/172.20.10.14/udp/62834/quic-v1 hostname=172.20.10.14 resolvedAddresses="[/ip4/172.20.10.14/udp/62834/quic-v1]"
[2026-10-04 18:17:32.649] [out] [delivery_module] DBG 2026-10-04 18:17:32.649+02:00 New connection established: client         tid=6037042
[2026-10-04 18:17:32.649] [out] [delivery_module] DBG 2026-10-04 18:17:32.649+02:00 Dialing peer                               topics="libp2p dialer" tid=6037042 peerId=16U*8rq3kg addrs="[/ip4/172.20.10.14/udp/49629/quic-v1, /ip4/172.20.10.14/tcp/50996]"
[2026-10-04 18:17:32.649] [out] [delivery_module] DBG 2026-10-04 18:17:32.649+02:00 Expanded address and hostname              topics="libp2p dialer" tid=6037042 expandedAddress=/ip4/172.20.10.14/udp/49629/quic-v1 hostname=172.20.10.14 resolvedAddresses="[/ip4/172.20.10.14/udp/49629/quic-v1]"
[2026-10-04 18:17:32.649] [out] [delivery_module] DBG 2026-10-04 18:17:32.649+02:00 New connection established: client         tid=6037042
[2026-10-04 18:17:32.650] [out] [delivery_module] DBG 2026-10-04 18:17:32.650+02:00 Dialing peer                               topics="libp2p dialer" tid=6037042 peerId=16U*Lqfd15 addrs="[/ip4/172.20.10.14/udp/62334/quic-v1, /ip4/172.20.10.14/tcp/65350]"
[2026-10-04 18:17:32.650] [out] [delivery_module] DBG 2026-10-04 18:17:32.650+02:00 Expanded address and hostname              topics="libp2p dialer" tid=6037042 expandedAddress=/ip4/172.20.10.14/udp/62334/quic-v1 hostname=172.20.10.14 resolvedAddresses="[/ip4/172.20.10.14/udp/62334/quic-v1]"
[2026-10-04 18:17:32.650] [out] [delivery_module] DBG 2026-10-04 18:17:32.650+02:00 New connection established: client         tid=6037042
[2026-10-04 18:17:32.650] [out] [delivery_module] INF 2026-10-04 18:17:32.650+02:00 Relay peer connections                     topics="waku node peer_manager" tid=6037042 inRelayConns=1/50 outRelayConns=6/25 totalConnections=7/150 notConnectedPeers=7 outsideBackoffPeers=6
[2026-10-04 18:17:32.652] [out] [delivery_module] DBG 2026-10-04 18:17:32.652+02:00 ENR addresses updated                      topics="waku enr" tid=6037042 retained=0 total=0
[2026-10-04 18:17:32.652] [out] [delivery_module] DBG 2026-10-04 18:17:32.652+02:00 Subscribing to pubsub topic                topics="waku relay" tid=6037042 pubsubTopic=/waku/2/rs/3/0
[2026-10-04 18:17:32.653] [out] [delivery_module] DBG 2026-10-04 18:17:32.653+02:00 peer filtering updated                     topics="waku discv5" tid=6037042
[2026-10-04 18:17:32.653] [out] [delivery_module] DBG 2026-10-04 18:17:32.653+02:00 ENR shards updated                         topics="waku discv5" tid=6037042 enrUri=enr:-K24QGd9mNBzlpUo69plD0PF4pUk3bt5KeoQvPE70gKA81RmOtDwVP8wnBoNW8mTSILYo_eFnZerG718wwfTcjENvPYHgmlkgnY0im11bHRpYWRkcnOAgnJzkwADCAAAAAEAAgADAAQABQAGAAeJc2VjcDI1NmsxoQJ0PK8KVW8uTdOg_76sRZPovVknCcjUalaIEUv0-bplI4N0Y3CCyYaDdWRwgsyGhXdha3UyLQ add=true
[2026-10-04 18:17:32.653] [out] [delivery_module] DBG 2026-10-04 18:17:32.653+02:00 Subscribing to pubsub topic                topics="waku relay" tid=6037042 pubsubTopic=/waku/2/rs/3/1
[2026-10-04 18:17:32.653] [out] [delivery_module] DBG 2026-10-04 18:17:32.653+02:00 peer filtering updated                     topics="waku discv5" tid=6037042
[2026-10-04 18:17:32.653] [out] [delivery_module] DBG 2026-10-04 18:17:32.653+02:00 ENR shards updated                         topics="waku discv5" tid=6037042 enrUri=enr:-K24QGPWopxg9Hq_72z6SyC309c57vsM_OPV26Ze2TQlPOD2HEK8nawtEyk8jJER_s67fdaZcG-47Ujz9NQaLqCxoAsIgmlkgnY0im11bHRpYWRkcnOAgnJzkwADCAAAAAEAAgADAAQABQAGAAeJc2VjcDI1NmsxoQJ0PK8KVW8uTdOg_76sRZPovVknCcjUalaIEUv0-bplI4N0Y3CCyYaDdWRwgsyGhXdha3UyLQ add=true
[2026-10-04 18:17:32.653] [out] [delivery_module] DBG 2026-10-04 18:17:32.653+02:00 Subscribing to pubsub topic                topics="waku relay" tid=6037042 pubsubTopic=/waku/2/rs/3/2
[2026-10-04 18:17:32.654] [out] [delivery_module] DBG 2026-10-04 18:17:32.654+02:00 peer filtering updated                     topics="waku discv5" tid=6037042
[2026-10-04 18:17:32.654] [out] [delivery_module] DBG 2026-10-04 18:17:32.654+02:00 ENR shards updated                         topics="waku discv5" tid=6037042 enrUri=enr:-K24QMRhAeJJrilJlv_gbecvwsp6gTqo5_H0MNXW0raVBx-SZSMIZcQVQ_JLwtMrvZRtDOsw40-YeEVKKPbeqkOZkyEJgmlkgnY0im11bHRpYWRkcnOAgnJzkwADCAAAAAEAAgADAAQABQAGAAeJc2VjcDI1NmsxoQJ0PK8KVW8uTdOg_76sRZPovVknCcjUalaIEUv0-bplI4N0Y3CCyYaDdWRwgsyGhXdha3UyLQ add=true
[2026-10-04 18:17:32.654] [out] [delivery_module] DBG 2026-10-04 18:17:32.654+02:00 Subscribing to pubsub topic                topics="waku relay" tid=6037042 pubsubTopic=/waku/2/rs/3/3
[2026-10-04 18:17:32.654] [out] [delivery_module] DBG 2026-10-04 18:17:32.654+02:00 peer filtering updated                     topics="waku discv5" tid=6037042
[2026-10-04 18:17:32.654] [out] [delivery_module] DBG 2026-10-04 18:17:32.654+02:00 ENR shards updated                         topics="waku discv5" tid=6037042 enrUri=enr:-K24QCt4mQTlW-2dFntMTIj93rbApz-VTX_ieaZ5hpZS4X2MLzwJkjWJaRg1G1_nyss5QRwPBd76jQ2A4n3aFmGvUusKgmlkgnY0im11bHRpYWRkcnOAgnJzkwADCAAAAAEAAgADAAQABQAGAAeJc2VjcDI1NmsxoQJ0PK8KVW8uTdOg_76sRZPovVknCcjUalaIEUv0-bplI4N0Y3CCyYaDdWRwgsyGhXdha3UyLQ add=true
[2026-10-04 18:17:32.654] [out] [delivery_module] DBG 2026-10-04 18:17:32.654+02:00 Subscribing to pubsub topic                topics="waku relay" tid=6037042 pubsubTopic=/waku/2/rs/3/4
[2026-10-04 18:17:32.654] [out] [delivery_module] DBG 2026-10-04 18:17:32.654+02:00 peer filtering updated                     topics="waku discv5" tid=6037042
[2026-10-04 18:17:32.654] [out] [delivery_module] DBG 2026-10-04 18:17:32.654+02:00 ENR shards updated                         topics="waku discv5" tid=6037042 enrUri=enr:-K24QJss7pAIIPgUTcIkqrpxV2ZLH16CMrFed0wkSVV1sDb6TYWJCyr6Ox3w0_SNPgQqEDiDTemBuF9_8PWLLj1YM1ULgmlkgnY0im11bHRpYWRkcnOAgnJzkwADCAAAAAEAAgADAAQABQAGAAeJc2VjcDI1NmsxoQJ0PK8KVW8uTdOg_76sRZPovVknCcjUalaIEUv0-bplI4N0Y3CCyYaDdWRwgsyGhXdha3UyLQ add=true
[2026-10-04 18:17:32.654] [out] [delivery_module] DBG 2026-10-04 18:17:32.654+02:00 Subscribing to pubsub topic                topics="waku relay" tid=6037042 pubsubTopic=/waku/2/rs/3/5
[2026-10-04 18:17:32.655] [out] [delivery_module] DBG 2026-10-04 18:17:32.655+02:00 peer filtering updated                     topics="waku discv5" tid=6037042
[2026-10-04 18:17:32.655] [out] [delivery_module] DBG 2026-10-04 18:17:32.655+02:00 ENR shards updated                         topics="waku discv5" tid=6037042 enrUri=enr:-K24QLUPWu1zmnB-wd-wk5dfQjoo3T2kh2PPoeGTXwcsfSRiBeEeuoPn1RWBFAW6qOWY00P_PkY7UTXi5sisUx9UeW8MgmlkgnY0im11bHRpYWRkcnOAgnJzkwADCAAAAAEAAgADAAQABQAGAAeJc2VjcDI1NmsxoQJ0PK8KVW8uTdOg_76sRZPovVknCcjUalaIEUv0-bplI4N0Y3CCyYaDdWRwgsyGhXdha3UyLQ add=true
[2026-10-04 18:17:32.655] [out] [delivery_module] DBG 2026-10-04 18:17:32.655+02:00 Subscribing to pubsub topic                topics="waku relay" tid=6037042 pubsubTopic=/waku/2/rs/3/6
[2026-10-04 18:17:32.655] [out] [delivery_module] DBG 2026-10-04 18:17:32.655+02:00 peer filtering updated                     topics="waku discv5" tid=6037042
[2026-10-04 18:17:32.655] [out] [delivery_module] DBG 2026-10-04 18:17:32.655+02:00 ENR shards updated                         topics="waku discv5" tid=6037042 enrUri=enr:-K24QJazY86Nh47uQMcdcOWROrsuW7_SwAXciZHoNhtX33ZSfZXtTlb74gU5Za70Z-KU7nBkq6JAGi-In58Yj3b9fM8NgmlkgnY0im11bHRpYWRkcnOAgnJzkwADCAAAAAEAAgADAAQABQAGAAeJc2VjcDI1NmsxoQJ0PK8KVW8uTdOg_76sRZPovVknCcjUalaIEUv0-bplI4N0Y3CCyYaDdWRwgsyGhXdha3UyLQ add=true
[2026-10-04 18:17:32.655] [out] [delivery_module] NTC 2026-10-04 18:17:32.655+02:00 ENR carries no reachable host, so peers cannot dial this node. Set --nat, --ext-ip, --dns4-domain-name or --ext-multiaddr to advertise one topics="wakunode waku" tid=6037042
[2026-10-04 18:17:32.655] [out] [delivery_module] DBG 2026-10-04 18:17:32.655+02:00 register interest                          topics="service-disco discoverer" tid=6037042 service=/logos/delivery serviceId=key:E6738033B5D413D13CF58622CEB4EF8F392E8D4EB073B56A5486CB0431B2F5D8
[2026-10-04 18:17:32.655] [out] [delivery_module] DBG 2026-10-04 18:17:32.655+02:00 Lookup query                               topics="kad-dht find" tid=6037042 peer=16U*P1S397
[2026-10-04 18:17:32.655] [out] [delivery_module] DBG 2026-10-04 18:17:32.655+02:00 Lookup query                               topics="kad-dht find" tid=6037042 peer=16U*T3UNSE
[2026-10-04 18:17:32.655] [out] [delivery_module] DBG 2026-10-04 18:17:32.655+02:00 Lookup query                               topics="kad-dht find" tid=6037042 peer=16U*VpJprH
[2026-10-04 18:17:32.655] [out] [delivery_module] DBG 2026-10-04 18:17:32.655+02:00 Lookup query                               topics="kad-dht find" tid=6037042 peer=16U*33uyAY
[2026-10-04 18:17:32.655] [out] [delivery_module] DBG 2026-10-04 18:17:32.655+02:00 Lookup query                               topics="kad-dht find" tid=6037042 peer=16U*kGyuEP
[2026-10-04 18:17:32.655] [out] [delivery_module] DBG 2026-10-04 18:17:32.655+02:00 Lookup query                               topics="kad-dht find" tid=6037042 peer=16U*iSrhve
[2026-10-04 18:17:32.655] [out] [delivery_module] DBG 2026-10-04 18:17:32.655+02:00 Lookup query                               topics="kad-dht find" tid=6037042 peer=16U*NSkuby
[2026-10-04 18:17:32.655] [out] [delivery_module] DBG 2026-10-04 18:17:32.655+02:00 Lookup query                               topics="kad-dht find" tid=6037042 peer=16U*TwqBiH
[2026-10-04 18:17:32.655] [out] [delivery_module] DBG 2026-10-04 18:17:32.655+02:00 Added service to discover                  topics="waku service discovery" tid=6037042 service=/logos/delivery
[2026-10-04 18:17:32.656] [out] [delivery_module] DBG 2026-10-04 18:17:32.656+02:00 Added provided service                     topics="service-disco advertiser" tid=6037042 service=/logos/delivery serviceId=key:E6738033B5D413D13CF58622CEB4EF8F392E8D4EB073B56A5486CB0431B2F5D8
[2026-10-04 18:17:32.656] [out] [delivery_module] DBG 2026-10-04 18:17:32.656+02:00 Creating stream                            tid=6037042
[2026-10-04 18:17:32.656] [out] [delivery_module] DBG 2026-10-04 18:17:32.656+02:00 New stream created                         tid=6037042
[2026-10-04 18:17:32.657] [out] [delivery_module] DBG 2026-10-04 18:17:32.657+02:00 Cannot insert self in routing table        topics="kad-dht rtable" tid=6037042 nodeId=key:00250802122102743CAF0A556F2E4DD3A0FFBEAC4593E8BD592709C8D46A5688114BF4F9BA6523
[2026-10-04 18:17:32.657] [out] [delivery_module] DBG 2026-10-04 18:17:32.657+02:00 Cannot insert self in routing table        topics="kad-dht rtable" tid=6037042 nodeId=key:00250802122102743CAF0A556F2E4DD3A0FFBEAC4593E8BD592709C8D46A5688114BF4F9BA6523
[2026-10-04 18:17:32.658] [out] [delivery_module] DBG 2026-10-04 18:17:32.658+02:00 Added service to advertise                 topics="waku service discovery" tid=6037042 service=/logos/delivery
[2026-10-04 18:17:32.658] [out] [delivery_module] INF 2026-10-04 18:17:32.658+02:00 advertising this node on the delivery network topics="waku discovery advertise" tid=6037042 backend=service protocols="[/vac/waku/relay/2.0.0, /vac/waku/filter-subscribe/2.0.0-beta1, /vac/waku/lightpush/3.0.0, /mix/1.0.0]"
[2026-10-04 18:17:32.658] [out] [delivery_module] DBG 2026-10-04 18:17:32.658+02:00 register interest                          topics="service-disco discoverer" tid=6037042 service=/mix/1.0.0 serviceId=key:913B5C5DBE691438693215140388EC0C7DE80DE328BDE5BD7FC06F90568CEA40
[2026-10-04 18:17:32.658] [out] [delivery_module] DBG 2026-10-04 18:17:32.658+02:00 Lookup query                               topics="kad-dht find" tid=6037042 peer=16U*kGyuEP
[2026-10-04 18:17:32.658] [out] [delivery_module] DBG 2026-10-04 18:17:32.658+02:00 Lookup query                               topics="kad-dht find" tid=6037042 peer=16U*33uyAY
[2026-10-04 18:17:32.659] [out] [delivery_module] DBG 2026-10-04 18:17:32.659+02:00 Lookup query                               topics="kad-dht find" tid=6037042 peer=16U*T3UNSE
[2026-10-04 18:17:32.659] [out] [delivery_module] DBG 2026-10-04 18:17:32.659+02:00 Lookup query                               topics="kad-dht find" tid=6037042 peer=16U*P1S397
[2026-10-04 18:17:32.659] [out] [delivery_module] DBG 2026-10-04 18:17:32.659+02:00 Lookup query                               topics="kad-dht find" tid=6037042 peer=16U*VpJprH
[2026-10-04 18:17:32.659] [out] [delivery_module] DBG 2026-10-04 18:17:32.659+02:00 Lookup query                               topics="kad-dht find" tid=6037042 peer=16U*TwqBiH
[2026-10-04 18:17:32.659] [out] [delivery_module] DBG 2026-10-04 18:17:32.659+02:00 Lookup query                               topics="kad-dht find" tid=6037042 peer=16U*iSrhve
[2026-10-04 18:17:32.659] [out] [delivery_module] DBG 2026-10-04 18:17:32.659+02:00 Lookup query                               topics="kad-dht find" tid=6037042 peer=16U*NSkuby
[2026-10-04 18:17:32.659] [out] [delivery_module] DBG 2026-10-04 18:17:32.659+02:00 Added service to discover                  topics="waku service discovery" tid=6037042 service=/mix/1.0.0
[2026-10-04 18:17:32.659] [out] [delivery_module] DBG 2026-10-04 18:17:32.659+02:00 Added provided service                     topics="service-disco advertiser" tid=6037042 service=/mix/1.0.0 serviceId=key:913B5C5DBE691438693215140388EC0C7DE80DE328BDE5BD7FC06F90568CEA40
[2026-10-04 18:17:32.660] [out] [delivery_module] DBG 2026-10-04 18:17:32.660+02:00 Creating stream                            tid=6037042
[2026-10-04 18:17:32.660] [out] [delivery_module] DBG 2026-10-04 18:17:32.660+02:00 New stream created                         tid=6037042
[2026-10-04 18:17:32.660] [out] [delivery_module] DBG 2026-10-04 18:17:32.660+02:00 Added service to advertise                 topics="waku service discovery" tid=6037042 service=/mix/1.0.0
[2026-10-04 18:17:32.660] [out] [delivery_module] INF 2026-10-04 18:17:32.660+02:00 advertising this node as a mix node        topics="waku discovery advertise" tid=6037042 backend=service
[2026-10-04 18:17:32.660] [out] [delivery_module] INF 2026-10-04 18:17:32.660+02:00 Node is online                             topics="waku online monitor" tid=6037042
[2026-10-04 18:17:32.660] [out] [delivery_module] INF 2026-10-04 18:17:32.660+02:00 Health monitor loop start                  tid=6037042
[2026-10-04 18:17:32.661] [out] [delivery_module] DBG 2026-10-04 18:17:32.661+02:00 calculateConnectionState                   tid=6037042 relayCount=7 storeClientCount=5 lightpushCount=7 filterCount=7
[2026-10-04 18:17:32.661] [out] [delivery_module] DBG 2026-10-04 18:17:32.661+02:00 connectionStatus change                    tid=6037042 oldstatus=Disconnected newstatus=Connected
[2026-10-04 18:17:32.662] [out] [delivery_module] INF 2026-10-04 18:17:32.661+02:00 starting keepalive                         tid=6037042 randomPeersKeepalive=10s allPeersKeepalive=2m
[2026-10-04 18:17:32.662] [out] [delivery_module] DBG 2026-10-04 18:17:32.662+02:00 no listener registered                     tid=6037044 event=onTopicHealthChange
[2026-10-04 18:17:32.662] [out] [delivery_module] DBG 2026-10-04 18:17:32.662+02:00 no listener registered                     tid=6037044 event=onTopicHealthChange
[2026-10-04 18:17:32.662] [out] [delivery_module] DBG 2026-10-04 18:17:32.662+02:00 no listener registered                     tid=6037044 event=onTopicHealthChange
[2026-10-04 18:17:32.662] [out] [delivery_module] DBG 2026-10-04 18:17:32.662+02:00 no listener registered                     tid=6037044 event=onTopicHealthChange
[2026-10-04 18:17:32.662] [out] [delivery_module] DBG 2026-10-04 18:17:32.662+02:00 no listener registered                     tid=6037044 event=onTopicHealthChange
[2026-10-04 18:17:32.662] [out] [delivery_module] DBG 2026-10-04 18:17:32.662+02:00 no listener registered                     tid=6037044 event=onTopicHealthChange
[2026-10-04 18:17:32.662] [out] [delivery_module] DBG 2026-10-04 18:17:32.662+02:00 no listener registered                     tid=6037044 event=onTopicHealthChange
[2026-10-04 18:17:32.666] [out] [delivery_module] DBG 2026-10-04 18:17:32.666+02:00 New stream created                         tid=6037042
[2026-10-04 18:17:32.666] [out] [delivery_module] DBG 2026-10-04 18:17:32.666+02:00 New stream created                         tid=6037042
[2026-10-04 18:17:32.666] [out] [delivery_module] DBG 2026-10-04 18:17:32.666+02:00 Lookup query                               topics="kad-dht find" tid=6037042 peer=16U*nd1vDS
[2026-10-04 18:17:32.666] [out] [delivery_module] DBG 2026-10-04 18:17:32.666+02:00 Lookup query                               topics="kad-dht find" tid=6037042 peer=16U*VpJprH
[2026-10-04 18:17:32.666] [out] [delivery_module] DBG 2026-10-04 18:17:32.666+02:00 Lookup query                               topics="kad-dht find" tid=6037042 peer=16U*JXZN12
[2026-10-04 18:17:32.666] [out] [delivery_module] DBG 2026-10-04 18:17:32.666+02:00 Lookup query                               topics="kad-dht find" tid=6037042 peer=16U*8rq3kg
[2026-10-04 18:17:32.666] [out] [delivery_module] DBG 2026-10-04 18:17:32.666+02:00 Lookup query                               topics="kad-dht find" tid=6037042 peer=16U*Lqfd15
[2026-10-04 18:17:32.666] [out] [delivery_module] DBG 2026-10-04 18:17:32.666+02:00 Lookup query                               topics="kad-dht find" tid=6037042 peer=16U*oWQB23
[2026-10-04 18:17:32.667] [out] [delivery_module] DBG 2026-10-04 18:17:32.667+02:00 Lookup query                               topics="kad-dht find" tid=6037042 peer=16U*2pfeoX
[2026-10-04 18:17:32.667] [out] [delivery_module] DBG 2026-10-04 18:17:32.667+02:00 Kad lookup: RPC error                      topics="kad-dht find" tid=6037042 peer=16U*VpJprH msg="dialStage: timed out dialing the peer"
[2026-10-04 18:17:32.764] [out] [delivery_module] DBG 2026-10-04 18:17:32.764+02:00 calculateConnectionState                   tid=6037042 relayCount=7 storeClientCount=5 lightpushCount=7 filterCount=7
[2026-10-04 18:17:33.449] [out] [delivery_module] DBG 2026-10-04 18:17:33.449+02:00 calculateConnectionState                   tid=6037042 relayCount=7 storeClientCount=5 lightpushCount=7 filterCount=7
[2026-10-04 18:17:33.484] [out] [delivery_module] DBG 2026-10-04 18:17:33.484+02:00 Lookup query                               topics="kad-dht find" tid=6037042 peer=16U*JXZN12
[2026-10-04 18:17:33.484] [out] [delivery_module] DBG 2026-10-04 18:17:33.484+02:00 Lookup query                               topics="kad-dht find" tid=6037042 peer=16U*nd1vDS
[2026-10-04 18:17:33.484] [out] [delivery_module] DBG 2026-10-04 18:17:33.484+02:00 Lookup query                               topics="kad-dht find" tid=6037042 peer=16U*8rq3kg
[2026-10-04 18:17:33.484] [out] [delivery_module] DBG 2026-10-04 18:17:33.484+02:00 Lookup query                               topics="kad-dht find" tid=6037042 peer=16U*2pfeoX
[2026-10-04 18:17:33.551] [out] [delivery_module] DBG 2026-10-04 18:17:33.551+02:00 calculateConnectionState                   tid=6037042 relayCount=7 storeClientCount=5 lightpushCount=7 filterCount=7
[2026-10-04 18:17:33.718] [out] [delivery_module] DBG 2026-10-04 18:17:33.718+02:00 Lookup query                               topics="kad-dht find" tid=6037042 peer=16U*oWQB23
[2026-10-04 18:17:33.906] [out] [delivery_module] DBG 2026-10-04 18:17:33.906+02:00 Lookup query                               topics="kad-dht find" tid=6037042 peer=16U*Lqfd15
[2026-10-04 18:17:33.926] [out] [delivery_module] DBG 2026-10-04 18:17:33.926+02:00 Lookup query                               topics="kad-dht find" tid=6037042 peer=16U*8rq3kg
[2026-10-04 18:17:33.926] [out] [delivery_module] DBG 2026-10-04 18:17:33.926+02:00 Lookup query                               topics="kad-dht find" tid=6037042 peer=16U*JXZN12
[2026-10-04 18:17:33.926] [out] [delivery_module] DBG 2026-10-04 18:17:33.926+02:00 Lookup query                               topics="kad-dht find" tid=6037042 peer=16U*nd1vDS
[2026-10-04 18:17:33.926] [out] [delivery_module] DBG 2026-10-04 18:17:33.926+02:00 Lookup query                               topics="kad-dht find" tid=6037042 peer=16U*Lqfd15
[2026-10-04 18:17:34.029] [out] [delivery_module] DBG 2026-10-04 18:17:34.029+02:00 calculateConnectionState                   tid=6037042 relayCount=7 storeClientCount=5 lightpushCount=7 filterCount=7
[2026-10-04 18:17:34.140] [out] [delivery_module] DBG 2026-10-04 18:17:34.140+02:00 Lookup query                               topics="kad-dht find" tid=6037042 peer=16U*oWQB23
[2026-10-04 18:17:34.321] [out] [delivery_module] DBG 2026-10-04 18:17:34.321+02:00 Lookup query                               topics="kad-dht find" tid=6037042 peer=16U*2pfeoX
[2026-10-04 18:17:34.645] [out] [delivery_module] DBG 2026-10-04 18:17:34.645+02:00 Lookup query                               topics="kad-dht find" tid=6037042 peer=16U*nd1vDS
[2026-10-04 18:17:34.645] [out] [delivery_module] DBG 2026-10-04 18:17:34.645+02:00 Lookup query                               topics="kad-dht find" tid=6037042 peer=16U*VpJprH
[2026-10-04 18:17:34.645] [out] [delivery_module] DBG 2026-10-04 18:17:34.645+02:00 Lookup query                               topics="kad-dht find" tid=6037042 peer=16U*JXZN12
[2026-10-04 18:17:34.645] [out] [delivery_module] DBG 2026-10-04 18:17:34.645+02:00 Lookup query                               topics="kad-dht find" tid=6037042 peer=16U*8rq3kg
[2026-10-04 18:17:34.645] [out] [delivery_module] DBG 2026-10-04 18:17:34.645+02:00 Lookup query                               topics="kad-dht find" tid=6037042 peer=16U*Lqfd15
[2026-10-04 18:17:34.645] [out] [delivery_module] DBG 2026-10-04 18:17:34.645+02:00 Lookup query                               topics="kad-dht find" tid=6037042 peer=16U*oWQB23
[2026-10-04 18:17:34.645] [out] [delivery_module] DBG 2026-10-04 18:17:34.645+02:00 Lookup query                               topics="kad-dht find" tid=6037042 peer=16U*2pfeoX
[2026-10-04 18:17:34.645] [out] [delivery_module] DBG 2026-10-04 18:17:34.645+02:00 Kad lookup: RPC error                      topics="kad-dht find" tid=6037042 peer=16U*VpJprH msg="dialStage: timed out dialing the peer"
[2026-10-04 18:17:35.650] [out] [delivery_module] DBG 2026-10-04 18:17:35.650+02:00 Dialing failed                             topics="libp2p dialer" tid=6037042 description="quic dial timed out after 3s" peerId=16U*JXZN12 address=/ip4/172.20.10.14/udp/62834/quic-v1 hostname=172.20.10.14
[2026-10-04 18:17:35.651] [out] [delivery_module] DBG 2026-10-04 18:17:35.650+02:00 Dialing failed                             topics="libp2p dialer" tid=6037042 description="quic dial timed out after 3s" peerId=16U*8rq3kg address=/ip4/172.20.10.14/udp/49629/quic-v1 hostname=172.20.10.14
[2026-10-04 18:17:35.651] [out] [delivery_module] DBG 2026-10-04 18:17:35.650+02:00 Dialing failed                             topics="libp2p dialer" tid=6037042 description="quic dial timed out after 3s" peerId=16U*Lqfd15 address=/ip4/172.20.10.14/udp/62334/quic-v1 hostname=172.20.10.14
[2026-10-04 18:17:35.651] [out] [delivery_module] DBG 2026-10-04 18:17:35.651+02:00 Expanded address and hostname              topics="libp2p dialer" tid=6037042 expandedAddress=/ip4/172.20.10.14/tcp/49738 hostname=172.20.10.14 resolvedAddresses="[/ip4/172.20.10.14/tcp/49738]"
[2026-10-04 18:17:35.651] [out] [delivery_module] DBG 2026-10-04 18:17:35.651+02:00 Expanded address and hostname              topics="libp2p dialer" tid=6037042 expandedAddress=/ip4/172.20.10.14/tcp/50996 hostname=172.20.10.14 resolvedAddresses="[/ip4/172.20.10.14/tcp/50996]"
[2026-10-04 18:17:35.651] [out] [delivery_module] DBG 2026-10-04 18:17:35.651+02:00 Expanded address and hostname              topics="libp2p dialer" tid=6037042 expandedAddress=/ip4/172.20.10.14/tcp/65350 hostname=172.20.10.14 resolvedAddresses="[/ip4/172.20.10.14/tcp/65350]"
[2026-10-04 18:17:35.651] [out] [delivery_module] DBG 2026-10-04 18:17:35.651+02:00 Dialing failed                             topics="libp2p dialer" tid=6037042 description="TcpTransport dial error: (61) Connection refused" peerId=16U*JXZN12 address=/ip4/172.20.10.14/tcp/49738 hostname=172.20.10.14
[2026-10-04 18:17:35.651] [out] [delivery_module] DBG 2026-10-04 18:17:35.651+02:00 Dialing failed                             topics="libp2p dialer" tid=6037042 description="TcpTransport dial error: (61) Connection refused" peerId=16U*8rq3kg address=/ip4/172.20.10.14/tcp/50996 hostname=172.20.10.14
[2026-10-04 18:17:35.651] [out] [delivery_module] DBG 2026-10-04 18:17:35.651+02:00 Dialing failed                             topics="libp2p dialer" tid=6037042 description="TcpTransport dial error: (61) Connection refused" peerId=16U*Lqfd15 address=/ip4/172.20.10.14/tcp/65350 hostname=172.20.10.14
[2026-10-04 18:17:35.651] [out] [delivery_module] DBG 2026-10-04 18:17:35.651+02:00 Dialing peer                               topics="libp2p dialer" tid=6037042 peerId=16U*JXZN12 addrs="[/ip4/172.20.10.14/udp/62834/quic-v1, /ip4/172.20.10.14/tcp/49738]"
[2026-10-04 18:17:35.651] [out] [delivery_module] DBG 2026-10-04 18:17:35.651+02:00 Expanded address and hostname              topics="libp2p dialer" tid=6037042 expandedAddress=/ip4/172.20.10.14/udp/62834/quic-v1 hostname=172.20.10.14 resolvedAddresses="[/ip4/172.20.10.14/udp/62834/quic-v1]"
[2026-10-04 18:17:35.651] [out] [delivery_module] DBG 2026-10-04 18:17:35.651+02:00 New connection established: client         tid=6037042
[2026-10-04 18:17:35.651] [out] [delivery_module] DBG 2026-10-04 18:17:35.651+02:00 Dialing peer                               topics="libp2p dialer" tid=6037042 peerId=16U*8rq3kg addrs="[/ip4/172.20.10.14/udp/49629/quic-v1, /ip4/172.20.10.14/tcp/50996]"
[2026-10-04 18:17:35.651] [out] [delivery_module] DBG 2026-10-04 18:17:35.651+02:00 Expanded address and hostname              topics="libp2p dialer" tid=6037042 expandedAddress=/ip4/172.20.10.14/udp/49629/quic-v1 hostname=172.20.10.14 resolvedAddresses="[/ip4/172.20.10.14/udp/49629/quic-v1]"
[2026-10-04 18:17:35.651] [out] [delivery_module] DBG 2026-10-04 18:17:35.651+02:00 New connection established: client         tid=6037042
[2026-10-04 18:17:35.652] [out] [delivery_module] DBG 2026-10-04 18:17:35.652+02:00 Dialing peer                               topics="libp2p dialer" tid=6037042 peerId=16U*Lqfd15 addrs="[/ip4/172.20.10.14/udp/62334/quic-v1, /ip4/172.20.10.14/tcp/65350]"
[2026-10-04 18:17:35.652] [out] [delivery_module] DBG 2026-10-04 18:17:35.652+02:00 Expanded address and hostname              topics="libp2p dialer" tid=6037042 expandedAddress=/ip4/172.20.10.14/udp/62334/quic-v1 hostname=172.20.10.14 resolvedAddresses="[/ip4/172.20.10.14/udp/62334/quic-v1]"
[2026-10-04 18:17:35.652] [out] [delivery_module] DBG 2026-10-04 18:17:35.652+02:00 New connection established: client         tid=6037042
[2026-10-04 18:17:36.649] [out] [delivery_module] DBG 2026-10-04 18:17:36.649+02:00 getting adverts                            topics="service-disco discoverer" tid=6037042 serviceId=key:913B5C5DBE691438693215140388EC0C7DE80DE328BDE5BD7FC06F90568CEA40 registrar=16U*TwqBiH
[2026-10-04 18:17:36.650] [out] [delivery_module] DBG 2026-10-04 18:17:36.650+02:00 getting adverts                            topics="service-disco discoverer" tid=6037042 serviceId=key:913B5C5DBE691438693215140388EC0C7DE80DE328BDE5BD7FC06F90568CEA40 registrar=16U*NSkuby
[2026-10-04 18:17:36.650] [out] [delivery_module] DBG 2026-10-04 18:17:36.650+02:00 getting adverts                            topics="service-disco discoverer" tid=6037042 serviceId=key:913B5C5DBE691438693215140388EC0C7DE80DE328BDE5BD7FC06F90568CEA40 registrar=16U*iSrhve
[2026-10-04 18:17:36.650] [out] [delivery_module] DBG 2026-10-04 18:17:36.650+02:00 getting adverts                            topics="service-disco discoverer" tid=6037042 serviceId=key:913B5C5DBE691438693215140388EC0C7DE80DE328BDE5BD7FC06F90568CEA40 registrar=16U*RZcwkN
[2026-10-04 18:17:36.650] [out] [delivery_module] DBG 2026-10-04 18:17:36.650+02:00 Cannot insert self in routing table        topics="kad-dht rtable" tid=6037042 nodeId=key:00250802122102743CAF0A556F2E4DD3A0FFBEAC4593E8BD592709C8D46A5688114BF4F9BA6523
[2026-10-04 18:17:36.651] [out] [delivery_module] DBG 2026-10-04 18:17:36.651+02:00 adverts found                              topics="service-disco discoverer" tid=6037042 serviceId=key:913B5C5DBE691438693215140388EC0C7DE80DE328BDE5BD7FC06F90568CEA40 remote=16U*RZcwkN count=0
[2026-10-04 18:17:36.652] [out] [delivery_module] DBG 2026-10-04 18:17:36.652+02:00 getting adverts                            topics="service-disco discoverer" tid=6037042 serviceId=key:E6738033B5D413D13CF58622CEB4EF8F392E8D4EB073B56A5486CB0431B2F5D8 registrar=16U*iSrhve
[2026-10-04 18:17:36.653] [out] [delivery_module] DBG 2026-10-04 18:17:36.653+02:00 getting adverts                            topics="service-disco discoverer" tid=6037042 serviceId=key:E6738033B5D413D13CF58622CEB4EF8F392E8D4EB073B56A5486CB0431B2F5D8 registrar=16U*NSkuby
[2026-10-04 18:17:36.653] [out] [delivery_module] DBG 2026-10-04 18:17:36.653+02:00 getting adverts                            topics="service-disco discoverer" tid=6037042 serviceId=key:E6738033B5D413D13CF58622CEB4EF8F392E8D4EB073B56A5486CB0431B2F5D8 registrar=16U*TwqBiH
[2026-10-04 18:17:36.653] [out] [delivery_module] DBG 2026-10-04 18:17:36.653+02:00 getting adverts                            topics="service-disco discoverer" tid=6037042 serviceId=key:E6738033B5D413D13CF58622CEB4EF8F392E8D4EB073B56A5486CB0431B2F5D8 registrar=16U*RZcwkN
[2026-10-04 18:17:36.653] [out] [delivery_module] DBG 2026-10-04 18:17:36.653+02:00 Cannot insert self in routing table        topics="kad-dht rtable" tid=6037042 nodeId=key:00250802122102743CAF0A556F2E4DD3A0FFBEAC4593E8BD592709C8D46A5688114BF4F9BA6523
[2026-10-04 18:17:36.653] [out] [delivery_module] DBG 2026-10-04 18:17:36.653+02:00 adverts found                              topics="service-disco discoverer" tid=6037042 serviceId=key:E6738033B5D413D13CF58622CEB4EF8F392E8D4EB073B56A5486CB0431B2F5D8 remote=16U*RZcwkN count=1
[2026-10-04 18:17:37.022] [out] [delivery_module] DBG 2026-10-04 18:17:37.022+02:00 adverts found                              topics="service-disco discoverer" tid=6037042 serviceId=key:913B5C5DBE691438693215140388EC0C7DE80DE328BDE5BD7FC06F90568CEA40 remote=16U*NSkuby count=2
[2026-10-04 18:17:37.022] [out] [delivery_module] DBG 2026-10-04 18:17:37.022+02:00 adverts found                              topics="service-disco discoverer" tid=6037042 serviceId=key:E6738033B5D413D13CF58622CEB4EF8F392E8D4EB073B56A5486CB0431B2F5D8 remote=16U*NSkuby count=7
[2026-10-04 18:17:37.294] [out] [delivery_module] DBG 2026-10-04 18:17:37.294+02:00 adverts found                              topics="service-disco discoverer" tid=6037042 serviceId=key:913B5C5DBE691438693215140388EC0C7DE80DE328BDE5BD7FC06F90568CEA40 remote=16U*iSrhve count=5
[2026-10-04 18:17:37.295] [out] [delivery_module] DBG 2026-10-04 18:17:37.295+02:00 adverts found                              topics="service-disco discoverer" tid=6037042 serviceId=key:E6738033B5D413D13CF58622CEB4EF8F392E8D4EB073B56A5486CB0431B2F5D8 remote=16U*iSrhve count=5
[2026-10-04 18:17:37.296] [out] [delivery_module] DBG 2026-10-04 18:17:37.296+02:00 adverts found                              topics="service-disco discoverer" tid=6037042 serviceId=key:913B5C5DBE691438693215140388EC0C7DE80DE328BDE5BD7FC06F90568CEA40 remote=16U*TwqBiH count=1
[2026-10-04 18:17:37.296] [out] [delivery_module] DBG 2026-10-04 18:17:37.296+02:00 adverts found                              topics="service-disco discoverer" tid=6037042 serviceId=key:E6738033B5D413D13CF58622CEB4EF8F392E8D4EB073B56A5486CB0431B2F5D8 remote=16U*TwqBiH count=2
[2026-10-04 18:17:37.312] [out] [delivery_module] DBG 2026-10-04 18:17:37.312+02:00 getting adverts                            topics="service-disco discoverer" tid=6037042 serviceId=key:913B5C5DBE691438693215140388EC0C7DE80DE328BDE5BD7FC06F90568CEA40 registrar=16U*T3UNSE
[2026-10-04 18:17:37.313] [out] [delivery_module] DBG 2026-10-04 18:17:37.313+02:00 getting adverts                            topics="service-disco discoverer" tid=6037042 serviceId=key:913B5C5DBE691438693215140388EC0C7DE80DE328BDE5BD7FC06F90568CEA40 registrar=16U*P1S397
[2026-10-04 18:17:37.313] [out] [delivery_module] DBG 2026-10-04 18:17:37.313+02:00 getting adverts                            topics="service-disco discoverer" tid=6037042 serviceId=key:913B5C5DBE691438693215140388EC0C7DE80DE328BDE5BD7FC06F90568CEA40 registrar=16U*VpJprH
[2026-10-04 18:17:37.313] [out] [delivery_module] DBG 2026-10-04 18:17:37.313+02:00 getting adverts                            topics="service-disco discoverer" tid=6037042 serviceId=key:913B5C5DBE691438693215140388EC0C7DE80DE328BDE5BD7FC06F90568CEA40 registrar=16U*33uyAY
[2026-10-04 18:17:37.313] [out] [delivery_module] DBG 2026-10-04 18:17:37.313+02:00 Creating stream                            tid=6037042
[2026-10-04 18:17:37.313] [out] [delivery_module] DBG 2026-10-04 18:17:37.313+02:00 New stream created                         tid=6037042
[2026-10-04 18:17:37.313] [out] [delivery_module] DBG 2026-10-04 18:17:37.313+02:00 getting adverts                            topics="service-disco discoverer" tid=6037042 serviceId=key:E6738033B5D413D13CF58622CEB4EF8F392E8D4EB073B56A5486CB0431B2F5D8 registrar=16U*kGyuEP
[2026-10-04 18:17:37.314] [out] [delivery_module] DBG 2026-10-04 18:17:37.314+02:00 New stream created                         tid=6037042
[2026-10-04 18:17:37.316] [out] [delivery_module] DBG 2026-10-04 18:17:37.316+02:00 adverts found                              topics="service-disco discoverer" tid=6037042 serviceId=key:913B5C5DBE691438693215140388EC0C7DE80DE328BDE5BD7FC06F90568CEA40 remote=16U*33uyAY count=0
[2026-10-04 18:17:37.656] [out] [delivery_module] DBG 2026-10-04 18:17:37.656+02:00 ENR addresses updated                      topics="waku enr" tid=6037042 retained=0 total=0
[2026-10-04 18:17:37.656] [out] [delivery_module] INF 2026-10-04 18:17:37.656+02:00 ENR reconciled with the discv5 record      topics="wakunode waku" tid=6037042 enr=enr:-K24QPeXBD7KHb8KaasxGfAtEVlQfoXdNJayPSMKd2PlkYgjSehisJNMxqcEMtCt8wV9l6Q6qKzf9Im1bQmH9HuTPl4OgmlkgnY0im11bHRpYWRkcnOAgnJzkwADCAAAAAEAAgADAAQABQAGAAeJc2VjcDI1NmsxoQJ0PK8KVW8uTdOg_76sRZPovVknCcjUalaIEUv0-bplI4N0Y3CCyYaDdWRwgsyGhXdha3UyLQ
[2026-10-04 18:17:37.656] [out] [delivery_module] DBG 2026-10-04 18:17:37.656+02:00 Lookup query                               topics="kad-dht find" tid=6037042 peer=16U*VpJprH
[2026-10-04 18:17:37.657] [out] [delivery_module] DBG 2026-10-04 18:17:37.657+02:00 Kad lookup: RPC error                      topics="kad-dht find" tid=6037042 peer=16U*VpJprH msg="dialStage: timed out dialing the peer"
[2026-10-04 18:17:37.660] [out] [delivery_module] DBG 2026-10-04 18:17:37.660+02:00 Lookup query                               topics="kad-dht find" tid=6037042 peer=16U*VpJprH
[2026-10-04 18:17:37.661] [out] [delivery_module] DBG 2026-10-04 18:17:37.661+02:00 Kad lookup: RPC error                      topics="kad-dht find" tid=6037042 peer=16U*VpJprH msg="dialStage: timed out dialing the peer"
[2026-10-04 18:17:37.667] [out] [delivery_module] DBG 2026-10-04 18:17:37.667+02:00 Lookup query                               topics="kad-dht find" tid=6037042 peer=16U*nd1vDS
[2026-10-04 18:17:37.668] [out] [delivery_module] DBG 2026-10-04 18:17:37.667+02:00 Lookup query                               topics="kad-dht find" tid=6037042 peer=16U*VpJprH
[2026-10-04 18:17:37.668] [out] [delivery_module] DBG 2026-10-04 18:17:37.668+02:00 Lookup query                               topics="kad-dht find" tid=6037042 peer=16U*JXZN12
[2026-10-04 18:17:37.668] [out] [delivery_module] DBG 2026-10-04 18:17:37.668+02:00 Lookup query                               topics="kad-dht find" tid=6037042 peer=16U*8rq3kg
[2026-10-04 18:17:37.668] [out] [delivery_module] DBG 2026-10-04 18:17:37.668+02:00 Lookup query                               topics="kad-dht find" tid=6037042 peer=16U*Lqfd15
[2026-10-04 18:17:37.668] [out] [delivery_module] DBG 2026-10-04 18:17:37.668+02:00 Lookup query                               topics="kad-dht find" tid=6037042 peer=16U*oWQB23
[2026-10-04 18:17:37.668] [out] [delivery_module] DBG 2026-10-04 18:17:37.668+02:00 Lookup query                               topics="kad-dht find" tid=6037042 peer=16U*2pfeoX
[2026-10-04 18:17:37.668] [out] [delivery_module] DBG 2026-10-04 18:17:37.668+02:00 Kad lookup: RPC error                      topics="kad-dht find" tid=6037042 peer=16U*nd1vDS msg="dialStage: timed out dialing the peer"
[2026-10-04 18:17:37.668] [out] [delivery_module] DBG 2026-10-04 18:17:37.668+02:00 Kad lookup: RPC error                      topics="kad-dht find" tid=6037042 peer=16U*VpJprH msg="dialStage: timed out dialing the peer"
[2026-10-04 18:17:37.668] [out] [delivery_module] DBG 2026-10-04 18:17:37.668+02:00 Kad lookup: RPC error                      topics="kad-dht find" tid=6037042 peer=16U*JXZN12 msg="dialStage: timed out dialing the peer"
[2026-10-04 18:17:37.668] [out] [delivery_module] DBG 2026-10-04 18:17:37.668+02:00 Kad lookup: RPC error                      topics="kad-dht find" tid=6037042 peer=16U*8rq3kg msg="dialStage: timed out dialing the peer"
[2026-10-04 18:17:37.668] [out] [delivery_module] DBG 2026-10-04 18:17:37.668+02:00 Kad lookup: RPC error                      topics="kad-dht find" tid=6037042 peer=16U*Lqfd15 msg="dialStage: timed out dialing the peer"
[2026-10-04 18:17:37.668] [out] [delivery_module] DBG 2026-10-04 18:17:37.668+02:00 Kad lookup: RPC error                      topics="kad-dht find" tid=6037042 peer=16U*oWQB23 msg="dialStage: timed out dialing the peer"
[2026-10-04 18:17:37.668] [out] [delivery_module] DBG 2026-10-04 18:17:37.668+02:00 Kad lookup: RPC error                      topics="kad-dht find" tid=6037042 peer=16U*2pfeoX msg="dialStage: timed out dialing the peer"
[2026-10-04 18:17:38.073] [out] [delivery_module] DBG 2026-10-04 18:17:38.072+02:00 adverts found                              topics="service-disco discoverer" tid=6037042 serviceId=key:913B5C5DBE691438693215140388EC0C7DE80DE328BDE5BD7FC06F90568CEA40 remote=16U*P1S397 count=3
[2026-10-04 18:17:38.303] [out] [delivery_module] DBG 2026-10-04 18:17:38.303+02:00 adverts found                              topics="service-disco discoverer" tid=6037042 serviceId=key:E6738033B5D413D13CF58622CEB4EF8F392E8D4EB073B56A5486CB0431B2F5D8 remote=16U*kGyuEP count=5
[2026-10-04 18:17:38.308] [out] [delivery_module] DBG 2026-10-04 18:17:38.308+02:00 getting adverts                            topics="service-disco discoverer" tid=6037042 serviceId=key:E6738033B5D413D13CF58622CEB4EF8F392E8D4EB073B56A5486CB0431B2F5D8 registrar=16U*33uyAY
[2026-10-04 18:17:38.308] [out] [delivery_module] DBG 2026-10-04 18:17:38.308+02:00 Creating stream                            tid=6037042
[2026-10-04 18:17:38.308] [out] [delivery_module] DBG 2026-10-04 18:17:38.308+02:00 New stream created                         tid=6037042
[2026-10-04 18:17:38.308] [out] [delivery_module] DBG 2026-10-04 18:17:38.308+02:00 adverts found                              topics="service-disco discoverer" tid=6037042 serviceId=key:913B5C5DBE691438693215140388EC0C7DE80DE328BDE5BD7FC06F90568CEA40 remote=16U*T3UNSE count=1
[2026-10-04 18:17:38.310] [out] [delivery_module] DBG 2026-10-04 18:17:38.310+02:00 adverts found                              topics="service-disco discoverer" tid=6037042 serviceId=key:E6738033B5D413D13CF58622CEB4EF8F392E8D4EB073B56A5486CB0431B2F5D8 remote=16U*33uyAY count=1
[2026-10-04 18:17:38.310] [out] [delivery_module] DBG 2026-10-04 18:17:38.310+02:00 getting adverts                            topics="service-disco discoverer" tid=6037042 serviceId=key:E6738033B5D413D13CF58622CEB4EF8F392E8D4EB073B56A5486CB0431B2F5D8 registrar=16U*VpJprH
[2026-10-04 18:17:38.311] [out] [delivery_module] DBG 2026-10-04 18:17:38.311+02:00 New stream created                         tid=6037042
[2026-10-04 18:17:38.485] [out] [delivery_module] DBG 2026-10-04 18:17:38.485+02:00 Kad lookup: RPC error                      topics="kad-dht find" tid=6037042 peer=16U*nd1vDS msg="dialStage: timed out dialing the peer"
[2026-10-04 18:17:38.485] [out] [delivery_module] DBG 2026-10-04 18:17:38.485+02:00 Kad lookup: RPC error                      topics="kad-dht find" tid=6037042 peer=16U*8rq3kg msg="dialStage: timed out dialing the peer"
[2026-10-04 18:17:38.485] [out] [delivery_module] DBG 2026-10-04 18:17:38.485+02:00 Kad lookup: RPC error                      topics="kad-dht find" tid=6037042 peer=16U*2pfeoX msg="dialStage: timed out dialing the peer"
[2026-10-04 18:17:38.485] [out] [delivery_module] DBG 2026-10-04 18:17:38.485+02:00 Kad lookup: RPC error                      topics="kad-dht find" tid=6037042 peer=16U*JXZN12 msg="dialStage: timed out dialing the peer"
[2026-10-04 18:17:38.652] [out] [delivery_module] DBG 2026-10-04 18:17:38.652+02:00 Dialing failed                             topics="libp2p dialer" tid=6037042 description="quic dial timed out after 3s" peerId=16U*JXZN12 address=/ip4/172.20.10.14/udp/62834/quic-v1 hostname=172.20.10.14
[2026-10-04 18:17:38.653] [out] [delivery_module] DBG 2026-10-04 18:17:38.652+02:00 Dialing failed                             topics="libp2p dialer" tid=6037042 description="quic dial timed out after 3s" peerId=16U*8rq3kg address=/ip4/172.20.10.14/udp/49629/quic-v1 hostname=172.20.10.14
[2026-10-04 18:17:38.653] [out] [delivery_module] DBG 2026-10-04 18:17:38.652+02:00 Dialing failed                             topics="libp2p dialer" tid=6037042 description="quic dial timed out after 3s" peerId=16U*Lqfd15 address=/ip4/172.20.10.14/udp/62334/quic-v1 hostname=172.20.10.14
[2026-10-04 18:17:38.653] [out] [delivery_module] DBG 2026-10-04 18:17:38.653+02:00 Expanded address and hostname              topics="libp2p dialer" tid=6037042 expandedAddress=/ip4/172.20.10.14/tcp/49738 hostname=172.20.10.14 resolvedAddresses="[/ip4/172.20.10.14/tcp/49738]"
[2026-10-04 18:17:38.653] [out] [delivery_module] DBG 2026-10-04 18:17:38.653+02:00 Expanded address and hostname              topics="libp2p dialer" tid=6037042 expandedAddress=/ip4/172.20.10.14/tcp/50996 hostname=172.20.10.14 resolvedAddresses="[/ip4/172.20.10.14/tcp/50996]"
[2026-10-04 18:17:38.653] [out] [delivery_module] DBG 2026-10-04 18:17:38.653+02:00 Expanded address and hostname              topics="libp2p dialer" tid=6037042 expandedAddress=/ip4/172.20.10.14/tcp/65350 hostname=172.20.10.14 resolvedAddresses="[/ip4/172.20.10.14/tcp/65350]"
[2026-10-04 18:17:38.653] [out] [delivery_module] DBG 2026-10-04 18:17:38.653+02:00 Dialing failed                             topics="libp2p dialer" tid=6037042 description="TcpTransport dial error: (61) Connection refused" peerId=16U*JXZN12 address=/ip4/172.20.10.14/tcp/49738 hostname=172.20.10.14
[2026-10-04 18:17:38.653] [out] [delivery_module] DBG 2026-10-04 18:17:38.653+02:00 Dialing failed                             topics="libp2p dialer" tid=6037042 description="TcpTransport dial error: (61) Connection refused" peerId=16U*8rq3kg address=/ip4/172.20.10.14/tcp/50996 hostname=172.20.10.14
[2026-10-04 18:17:38.653] [out] [delivery_module] DBG 2026-10-04 18:17:38.653+02:00 Error dialing                              topics="libp2p dialer" tid=6037042 conn=nil peerId=16U*JXZN12 protos="[/logos/service-discovery/1.0.0]" addrs="[/ip4/172.20.10.14/udp/62834/quic-v1, /ip4/172.20.10.14/tcp/49738]" description="Unable to establish outgoing link in establishConnection: peer_id=16U*JXZN12 addrs=@[/ip4/172.20.10.14/udp/62834/quic-v1, /ip4/172.20.10.14/tcp/49738]"
[2026-10-04 18:17:38.653] [out] [delivery_module] DBG 2026-10-04 18:17:38.653+02:00 Error dialing                              topics="libp2p dialer" tid=6037042 conn=nil peerId=16U*8rq3kg protos="[/logos/service-discovery/1.0.0]" addrs="[/ip4/172.20.10.14/udp/49629/quic-v1, /ip4/172.20.10.14/tcp/50996]" description="Unable to establish outgoing link in establishConnection: peer_id=16U*8rq3kg addrs=@[/ip4/172.20.10.14/udp/49629/quic-v1, /ip4/172.20.10.14/tcp/50996]"
[2026-10-04 18:17:38.653] [out] [delivery_module] DBG 2026-10-04 18:17:38.653+02:00 Dialing failed                             topics="libp2p dialer" tid=6037042 description="TcpTransport dial error: (61) Connection refused" peerId=16U*Lqfd15 address=/ip4/172.20.10.14/tcp/65350 hostname=172.20.10.14
[2026-10-04 18:17:38.653] [out] [delivery_module] DBG 2026-10-04 18:17:38.653+02:00 Dialing peer                               topics="libp2p dialer" tid=6037042 peerId=16U*JXZN12 addrs="[/ip4/172.20.10.14/udp/62834/quic-v1, /ip4/172.20.10.14/tcp/49738]"
[2026-10-04 18:17:38.653] [out] [delivery_module] DBG 2026-10-04 18:17:38.653+02:00 Expanded address and hostname              topics="libp2p dialer" tid=6037042 expandedAddress=/ip4/172.20.10.14/udp/62834/quic-v1 hostname=172.20.10.14 resolvedAddresses="[/ip4/172.20.10.14/udp/62834/quic-v1]"
[2026-10-04 18:17:38.653] [out] [delivery_module] DBG 2026-10-04 18:17:38.653+02:00 New connection established: client         tid=6037042
[2026-10-04 18:17:38.654] [out] [delivery_module] DBG 2026-10-04 18:17:38.654+02:00 Dialing peer                               topics="libp2p dialer" tid=6037042 peerId=16U*8rq3kg addrs="[/ip4/172.20.10.14/udp/49629/quic-v1, /ip4/172.20.10.14/tcp/50996]"
[2026-10-04 18:17:38.654] [out] [delivery_module] DBG 2026-10-04 18:17:38.654+02:00 Expanded address and hostname              topics="libp2p dialer" tid=6037042 expandedAddress=/ip4/172.20.10.14/udp/49629/quic-v1 hostname=172.20.10.14 resolvedAddresses="[/ip4/172.20.10.14/udp/49629/quic-v1]"
[2026-10-04 18:17:38.654] [out] [delivery_module] DBG 2026-10-04 18:17:38.654+02:00 New connection established: client         tid=6037042
[2026-10-04 18:17:38.654] [out] [delivery_module] DBG 2026-10-04 18:17:38.654+02:00 Error dialing                              topics="libp2p dialer" tid=6037042 conn=nil peerId=16U*Lqfd15 protos="[/logos/service-discovery/1.0.0]" addrs="[/ip4/172.20.10.14/udp/62334/quic-v1, /ip4/172.20.10.14/tcp/65350]" description="Unable to establish outgoing link in establishConnection: peer_id=16U*Lqfd15 addrs=@[/ip4/172.20.10.14/udp/62334/quic-v1, /ip4/172.20.10.14/tcp/65350]"
[2026-10-04 18:17:38.654] [out] [delivery_module] DBG 2026-10-04 18:17:38.654+02:00 Dialing peer                               topics="libp2p dialer" tid=6037042 peerId=16U*Lqfd15 addrs="[/ip4/172.20.10.14/udp/62334/quic-v1, /ip4/172.20.10.14/tcp/65350]"
[2026-10-04 18:17:38.654] [out] [delivery_module] DBG 2026-10-04 18:17:38.654+02:00 Expanded address and hostname              topics="libp2p dialer" tid=6037042 expandedAddress=/ip4/172.20.10.14/udp/62334/quic-v1 hostname=172.20.10.14 resolvedAddresses="[/ip4/172.20.10.14/udp/62334/quic-v1]"
[2026-10-04 18:17:38.654] [out] [delivery_module] DBG 2026-10-04 18:17:38.654+02:00 New connection established: client         tid=6037042
[2026-10-04 18:17:38.720] [out] [delivery_module] DBG 2026-10-04 18:17:38.720+02:00 Kad lookup: RPC error                      topics="kad-dht find" tid=6037042 peer=16U*oWQB23 msg="dialStage: timed out dialing the peer"
[2026-10-04 18:17:38.720] [out] [delivery_module] DBG 2026-10-04 18:17:38.720+02:00 Lookup query                               topics="kad-dht find" tid=6037042 peer=16U*oWQB23
[2026-10-04 18:17:38.928] [out] [delivery_module] DBG 2026-10-04 18:17:38.927+02:00 Kad lookup: RPC error                      topics="kad-dht find" tid=6037042 peer=16U*8rq3kg msg="dialStage: timed out dialing the peer"
[2026-10-04 18:17:38.928] [out] [delivery_module] DBG 2026-10-04 18:17:38.927+02:00 Kad lookup: RPC error                      topics="kad-dht find" tid=6037042 peer=16U*nd1vDS msg="dialStage: timed out dialing the peer"
[2026-10-04 18:17:38.928] [out] [delivery_module] DBG 2026-10-04 18:17:38.927+02:00 Kad lookup: RPC error                      topics="kad-dht find" tid=6037042 peer=16U*JXZN12 msg="dialStage: timed out dialing the peer"
[2026-10-04 18:17:38.928] [out] [delivery_module] DBG 2026-10-04 18:17:38.928+02:00 Kad lookup: RPC error                      topics="kad-dht find" tid=6037042 peer=16U*Lqfd15 msg="dialStage: timed out dialing the peer"
[2026-10-04 18:17:39.144] [out] [delivery_module] DBG 2026-10-04 18:17:39.144+02:00 Kad lookup: RPC error                      topics="kad-dht find" tid=6037042 peer=16U*oWQB23 msg="dialStage: timed out dialing the peer"
[2026-10-04 18:17:39.648] [out] [delivery_module] DBG 2026-10-04 18:17:39.647+02:00 Kad lookup: RPC error                      topics="kad-dht find" tid=6037042 peer=16U*nd1vDS msg="dialStage: timed out dialing the peer"
[2026-10-04 18:17:39.648] [out] [delivery_module] DBG 2026-10-04 18:17:39.648+02:00 Kad lookup: RPC error                      topics="kad-dht find" tid=6037042 peer=16U*8rq3kg msg="dialStage: timed out dialing the peer"
[2026-10-04 18:17:39.648] [out] [delivery_module] DBG 2026-10-04 18:17:39.648+02:00 Kad lookup: RPC error                      topics="kad-dht find" tid=6037042 peer=16U*Lqfd15 msg="dialStage: timed out dialing the peer"
[2026-10-04 18:17:39.648] [out] [delivery_module] DBG 2026-10-04 18:17:39.648+02:00 Kad lookup: RPC error                      topics="kad-dht find" tid=6037042 peer=16U*2pfeoX msg="dialStage: timed out dialing the peer"
[2026-10-04 18:17:39.648] [out] [delivery_module] DBG 2026-10-04 18:17:39.648+02:00 Kad lookup: RPC error                      topics="kad-dht find" tid=6037042 peer=16U*VpJprH msg="dialStage: timed out dialing the peer"
[2026-10-04 18:17:39.648] [out] [delivery_module] DBG 2026-10-04 18:17:39.648+02:00 Kad lookup: RPC error                      topics="kad-dht find" tid=6037042 peer=16U*JXZN12 msg="dialStage: timed out dialing the peer"
[2026-10-04 18:17:39.648] [out] [delivery_module] DBG 2026-10-04 18:17:39.648+02:00 Kad lookup: RPC error                      topics="kad-dht find" tid=6037042 peer=16U*oWQB23 msg="dialStage: timed out dialing the peer"
[2026-10-04 18:17:39.648] [out] [delivery_module] DBG 2026-10-04 18:17:39.648+02:00 Lookup query                               topics="kad-dht find" tid=6037042 peer=16U*VpJprH
[2026-10-04 18:17:39.648] [out] [delivery_module] DBG 2026-10-04 18:17:39.648+02:00 Lookup query                               topics="kad-dht find" tid=6037042 peer=16U*oWQB23
[2026-10-04 18:17:39.940] [out] [delivery_module] DBG 2026-10-04 18:17:39.940+02:00 New stream created                         tid=6037042
[2026-10-04 18:17:40.864] [out] [delivery_module] DBG 2026-10-04 18:17:40.864+02:00 calculateConnectionState                   tid=6037042 relayCount=7 storeClientCount=5 lightpushCount=7 filterCount=7
[2026-10-04 18:17:40.912] [out] [delivery_module] DBG 2026-10-04 18:17:40.912+02:00 Creating stream                            tid=6037042
[2026-10-04 18:17:40.912] [out] [delivery_module] DBG 2026-10-04 18:17:40.912+02:00 New stream created                         tid=6037042
[2026-10-04 18:17:40.913] [out] [delivery_module] DBG 2026-10-04 18:17:40.913+02:00 New stream created                         tid=6037042
[2026-10-04 18:17:40.914] [out] [delivery_module] DBG 2026-10-04 18:17:40.914+02:00 Creating stream                            tid=6037042
[2026-10-04 18:17:40.915] [out] [delivery_module] DBG 2026-10-04 18:17:40.914+02:00 New stream created                         tid=6037042
[2026-10-04 18:17:40.915] [out] [delivery_module] DBG 2026-10-04 18:17:40.915+02:00 New stream created                         tid=6037042
[2026-10-04 18:17:41.656] [out] [delivery_module] DBG 2026-10-04 18:17:41.656+02:00 Dialing failed                             topics="libp2p dialer" tid=6037042 description="quic dial timed out after 3s" peerId=16U*JXZN12 address=/ip4/172.20.10.14/udp/62834/quic-v1 hostname=172.20.10.14
[2026-10-04 18:17:41.656] [out] [delivery_module] DBG 2026-10-04 18:17:41.656+02:00 Dialing failed                             topics="libp2p dialer" tid=6037042 description="quic dial timed out after 3s" peerId=16U*8rq3kg address=/ip4/172.20.10.14/udp/49629/quic-v1 hostname=172.20.10.14
[2026-10-04 18:17:41.656] [out] [delivery_module] DBG 2026-10-04 18:17:41.656+02:00 Dialing failed                             topics="libp2p dialer" tid=6037042 description="quic dial timed out after 3s" peerId=16U*Lqfd15 address=/ip4/172.20.10.14/udp/62334/quic-v1 hostname=172.20.10.14
[2026-10-04 18:17:41.656] [out] [delivery_module] DBG 2026-10-04 18:17:41.656+02:00 Expanded address and hostname              topics="libp2p dialer" tid=6037042 expandedAddress=/ip4/172.20.10.14/tcp/49738 hostname=172.20.10.14 resolvedAddresses="[/ip4/172.20.10.14/tcp/49738]"
[2026-10-04 18:17:41.656] [out] [delivery_module] DBG 2026-10-04 18:17:41.656+02:00 Expanded address and hostname              topics="libp2p dialer" tid=6037042 expandedAddress=/ip4/172.20.10.14/tcp/50996 hostname=172.20.10.14 resolvedAddresses="[/ip4/172.20.10.14/tcp/50996]"
[2026-10-04 18:17:41.656] [out] [delivery_module] DBG 2026-10-04 18:17:41.656+02:00 Expanded address and hostname              topics="libp2p dialer" tid=6037042 expandedAddress=/ip4/172.20.10.14/tcp/65350 hostname=172.20.10.14 resolvedAddresses="[/ip4/172.20.10.14/tcp/65350]"
[2026-10-04 18:17:41.657] [out] [delivery_module] DBG 2026-10-04 18:17:41.657+02:00 Dialing failed                             topics="libp2p dialer" tid=6037042 description="TcpTransport dial error: (61) Connection refused" peerId=16U*JXZN12 address=/ip4/172.20.10.14/tcp/49738 hostname=172.20.10.14
[2026-10-04 18:17:41.657] [out] [delivery_module] DBG 2026-10-04 18:17:41.657+02:00 Dialing failed                             topics="libp2p dialer" tid=6037042 description="TcpTransport dial error: (61) Connection refused" peerId=16U*8rq3kg address=/ip4/172.20.10.14/tcp/50996 hostname=172.20.10.14
[2026-10-04 18:17:41.657] [out] [delivery_module] DBG 2026-10-04 18:17:41.657+02:00 Dialing failed                             topics="libp2p dialer" tid=6037042 description="TcpTransport dial error: (61) Connection refused" peerId=16U*Lqfd15 address=/ip4/172.20.10.14/tcp/65350 hostname=172.20.10.14
[2026-10-04 18:17:41.657] [out] [delivery_module] DBG 2026-10-04 18:17:41.657+02:00 Error dialing                              topics="libp2p dialer" tid=6037042 conn=nil peerId=16U*JXZN12 protos="[/logos/service-discovery/1.0.0]" addrs="[/ip4/172.20.10.14/udp/62834/quic-v1, /ip4/172.20.10.14/tcp/49738]" description="Unable to establish outgoing link in establishConnection: peer_id=16U*JXZN12 addrs=@[/ip4/172.20.10.14/udp/62834/quic-v1, /ip4/172.20.10.14/tcp/49738]"
[2026-10-04 18:17:41.657] [out] [delivery_module] DBG 2026-10-04 18:17:41.657+02:00 Error dialing                              topics="libp2p dialer" tid=6037042 conn=nil peerId=16U*8rq3kg protos="[/logos/service-discovery/1.0.0]" addrs="[/ip4/172.20.10.14/udp/49629/quic-v1, /ip4/172.20.10.14/tcp/50996]" description="Unable to establish outgoing link in establishConnection: peer_id=16U*8rq3kg addrs=@[/ip4/172.20.10.14/udp/49629/quic-v1, /ip4/172.20.10.14/tcp/50996]"
[2026-10-04 18:17:41.657] [out] [delivery_module] DBG 2026-10-04 18:17:41.657+02:00 Dialing peer                               topics="libp2p dialer" tid=6037042 peerId=16U*JXZN12 addrs="[/ip4/172.20.10.14/udp/62834/quic-v1, /ip4/172.20.10.14/tcp/49738]"
[2026-10-04 18:17:41.657] [out] [delivery_module] DBG 2026-10-04 18:17:41.657+02:00 Expanded address and hostname              topics="libp2p dialer" tid=6037042 expandedAddress=/ip4/172.20.10.14/udp/62834/quic-v1 hostname=172.20.10.14 resolvedAddresses="[/ip4/172.20.10.14/udp/62834/quic-v1]"
[2026-10-04 18:17:41.657] [out] [delivery_module] DBG 2026-10-04 18:17:41.657+02:00 New connection established: client         tid=6037042
[2026-10-04 18:17:41.658] [out] [delivery_module] DBG 2026-10-04 18:17:41.658+02:00 Dialing peer                               topics="libp2p dialer" tid=6037042 peerId=16U*8rq3kg addrs="[/ip4/172.20.10.14/udp/49629/quic-v1, /ip4/172.20.10.14/tcp/50996]"
[2026-10-04 18:17:41.658] [out] [delivery_module] DBG 2026-10-04 18:17:41.658+02:00 Expanded address and hostname              topics="libp2p dialer" tid=6037042 expandedAddress=/ip4/172.20.10.14/udp/49629/quic-v1 hostname=172.20.10.14 resolvedAddresses="[/ip4/172.20.10.14/udp/49629/quic-v1]"
[2026-10-04 18:17:41.659] [out] [delivery_module] DBG 2026-10-04 18:17:41.659+02:00 New connection established: client         tid=6037042
[2026-10-04 18:17:41.659] [out] [delivery_module] DBG 2026-10-04 18:17:41.659+02:00 Error dialing                              topics="libp2p dialer" tid=6037042 conn=nil peerId=16U*Lqfd15 protos="[/logos/service-discovery/1.0.0]" addrs="[/ip4/172.20.10.14/udp/62334/quic-v1, /ip4/172.20.10.14/tcp/65350]" description="Unable to establish outgoing link in establishConnection: peer_id=16U*Lqfd15 addrs=@[/ip4/172.20.10.14/udp/62334/quic-v1, /ip4/172.20.10.14/tcp/65350]"
[2026-10-04 18:17:41.659] [out] [delivery_module] DBG 2026-10-04 18:17:41.659+02:00 Dialing peer                               topics="libp2p dialer" tid=6037042 peerId=16U*Lqfd15 addrs="[/ip4/172.20.10.14/udp/62334/quic-v1, /ip4/172.20.10.14/tcp/65350]"
[2026-10-04 18:17:41.659] [out] [delivery_module] DBG 2026-10-04 18:17:41.659+02:00 Expanded address and hostname              topics="libp2p dialer" tid=6037042 expandedAddress=/ip4/172.20.10.14/udp/62334/quic-v1 hostname=172.20.10.14 resolvedAddresses="[/ip4/172.20.10.14/udp/62334/quic-v1]"
[2026-10-04 18:17:41.660] [out] [delivery_module] DBG 2026-10-04 18:17:41.660+02:00 New connection established: client         tid=6037042
[2026-10-04 18:17:42.314] [out] [delivery_module] DBG 2026-10-04 18:17:42.314+02:00 getting adverts                            topics="service-disco discoverer" tid=6037042 serviceId=key:913B5C5DBE691438693215140388EC0C7DE80DE328BDE5BD7FC06F90568CEA40 registrar=16U*kGyuEP
[2026-10-04 18:17:42.652] [out] [delivery_module] DBG 2026-10-04 18:17:42.651+02:00 Finished dialing multiple peers            topics="waku node peer_manager" tid=6037042 successfulConns=0 attempted=6
[2026-10-04 18:17:42.657] [out] [delivery_module] DBG 2026-10-04 18:17:42.657+02:00 Lookup query                               topics="kad-dht find" tid=6037042 peer=16U*VpJprH
[2026-10-04 18:17:42.657] [out] [delivery_module] DBG 2026-10-04 18:17:42.657+02:00 Kad lookup: RPC error                      topics="kad-dht find" tid=6037042 peer=16U*VpJprH msg="dialStage: timed out dialing the peer"
[2026-10-04 18:17:42.662] [out] [delivery_module] DBG 2026-10-04 18:17:42.662+02:00 Lookup query                               topics="kad-dht find" tid=6037042 peer=16U*VpJprH
[2026-10-04 18:17:42.662] [out] [delivery_module] DBG 2026-10-04 18:17:42.662+02:00 Lookup query                               topics="kad-dht find" tid=6037042 peer=16U*oWQB23
[2026-10-04 18:17:42.663] [out] [delivery_module] DBG 2026-10-04 18:17:42.663+02:00 Kad lookup: RPC error                      topics="kad-dht find" tid=6037042 peer=16U*VpJprH msg="dialStage: timed out dialing the peer"
[2026-10-04 18:17:42.667] [out] [delivery_module] DBG 2026-10-04 18:17:42.667+02:00 New stream created                         tid=6037042
[2026-10-04 18:17:42.669] [out] [delivery_module] DBG 2026-10-04 18:17:42.669+02:00 Kad lookup: RPC error                      topics="kad-dht find" tid=6037042 peer=16U*nd1vDS msg="dialStage: timed out dialing the peer"
[2026-10-04 18:17:42.669] [out] [delivery_module] DBG 2026-10-04 18:17:42.669+02:00 Kad lookup: RPC error                      topics="kad-dht find" tid=6037042 peer=16U*JXZN12 msg="dialStage: timed out dialing the peer"
[2026-10-04 18:17:42.669] [out] [delivery_module] DBG 2026-10-04 18:17:42.669+02:00 Kad lookup: RPC error                      topics="kad-dht find" tid=6037042 peer=16U*8rq3kg msg="dialStage: timed out dialing the peer"
[2026-10-04 18:17:42.669] [out] [delivery_module] DBG 2026-10-04 18:17:42.669+02:00 Kad lookup: RPC error                      topics="kad-dht find" tid=6037042 peer=16U*VpJprH msg="dialStage: timed out dialing the peer"
[2026-10-04 18:17:42.669] [out] [delivery_module] DBG 2026-10-04 18:17:42.669+02:00 Kad lookup: RPC error                      topics="kad-dht find" tid=6037042 peer=16U*2pfeoX msg="dialStage: timed out dialing the peer"
[2026-10-04 18:17:42.669] [out] [delivery_module] DBG 2026-10-04 18:17:42.669+02:00 Kad lookup: RPC error                      topics="kad-dht find" tid=6037042 peer=16U*oWQB23 msg="dialStage: timed out dialing the peer"
[2026-10-04 18:17:42.669] [out] [delivery_module] DBG 2026-10-04 18:17:42.669+02:00 Kad lookup: RPC error                      topics="kad-dht find" tid=6037042 peer=16U*Lqfd15 msg="dialStage: timed out dialing the peer"
[2026-10-04 18:17:42.669] [out] [delivery_module] DBG 2026-10-04 18:17:42.669+02:00 Lookup query                               topics="kad-dht find" tid=6037042 peer=16U*VpJprH
[2026-10-04 18:17:42.669] [out] [delivery_module] DBG 2026-10-04 18:17:42.669+02:00 Lookup query                               topics="kad-dht find" tid=6037042 peer=16U*oWQB23
[2026-10-04 18:17:43.312] [out] [delivery_module] DBG 2026-10-04 18:17:43.312+02:00 getting adverts                            topics="service-disco discoverer" tid=6037042 serviceId=key:E6738033B5D413D13CF58622CEB4EF8F392E8D4EB073B56A5486CB0431B2F5D8 registrar=16U*T3UNSE
[2026-10-04 18:17:43.314] [out] [delivery_module] DBG 2026-10-04 18:17:43.313+02:00 getting adverts                            topics="service-disco discoverer" tid=6037042 serviceId=key:E6738033B5D413D13CF58622CEB4EF8F392E8D4EB073B56A5486CB0431B2F5D8 registrar=16U*P1S397
[2026-10-04 18:17:43.317] [out] [delivery_module] DBG 2026-10-04 18:17:43.317+02:00 adverts found                              topics="service-disco discoverer" tid=6037042 serviceId=key:913B5C5DBE691438693215140388EC0C7DE80DE328BDE5BD7FC06F90568CEA40 remote=16U*kGyuEP count=2
[2026-10-04 18:17:43.320] [out] [delivery_module] DBG 2026-10-04 18:17:43.320+02:00 Peer added via service discovery           topics="waku service discovery" tid=6037042 source="service lookup" peerId=16Uiu2HAm8Y9kgBNtjxvCnf1X6gnZJW5EGE4UwwCL3CCm55TwqBiH addresses="[/ip4/34.123.201.25/tcp/30303, /ip4/34.123.201.25/udp/30303/quic-v1, /dns4/delivery-02.gc-us-central1-a.logos.dev.status.im/tcp/30303]" protocols="[/mix/1.0.0]"
[2026-10-04 18:17:43.320] [out] [delivery_module] DBG 2026-10-04 18:17:43.320+02:00 Peer added via service discovery           topics="waku service discovery" tid=6037042 source="service lookup" peerId=16Uiu2HAkvwhGHKNry6LACrB8TmEFoCJKEX29XR5dDUzk3UT3UNSE addresses="[/ip4/43.99.103.10/tcp/30303, /ip4/43.99.103.10/udp/30303/quic-v1, /dns4/delivery-02.ac-cn-hongkong-c.logos.dev.status.im/tcp/30303]" protocols="[/mix/1.0.0]"
[2026-10-04 18:17:43.320] [out] [delivery_module] DBG 2026-10-04 18:17:43.320+02:00 Peer added via service discovery           topics="waku service discovery" tid=6037042 source="service lookup" peerId=16Uiu2HAm8YokiNun9BkeA1ZRmhLbtNUvcwRr64F69tYj9fkGyuEP addresses="[/ip4/47.242.130.189/tcp/30303, /ip4/47.242.130.189/udp/30303/quic-v1, /dns4/delivery-01.ac-cn-hongkong-c.logos.dev.status.im/tcp/30303]" protocols="[/mix/1.0.0]"
[2026-10-04 18:17:43.320] [out] [delivery_module] DBG 2026-10-04 18:17:43.320+02:00 Peer added via service discovery           topics="waku service discovery" tid=6037042 source="service lookup" peerId=16Uiu2HAm4S1JYkuzDKLKQvwgAhZKs9otxXqt8SCGtB4hoJP1S397 addresses="[/ip4/136.119.156.87/tcp/30303, /ip4/136.119.156.87/udp/30303/quic-v1, /dns4/delivery-01.gc-us-central1-a.logos.dev.status.im/tcp/30303]" protocols="[/mix/1.0.0]"
[2026-10-04 18:17:43.320] [out] [delivery_module] DBG 2026-10-04 18:17:43.320+02:00 Peer added via service discovery           topics="waku service discovery" tid=6037042 source="service lookup" peerId=16Uiu2HAmTUbnxLGT9JvV6mu9oPyDjqHK4Phs1VDJNUgESgNSkuby addresses="[/ip4/138.68.122.137/tcp/30303, /ip4/138.68.122.137/udp/30303/quic-v1, /dns4/delivery-01.do-ams3.logos.dev.status.im/tcp/30303]" protocols="[/mix/1.0.0]"
[2026-10-04 18:17:43.320] [out] [delivery_module] DBG 2026-10-04 18:17:43.320+02:00 Service lookup complete                    topics="waku service discovery" tid=6037042 service=/mix/1.0.0 found=5
[2026-10-04 18:17:43.322] [out] [delivery_module] DBG 2026-10-04 18:17:43.322+02:00 calculateConnectionState                   tid=6037042 relayCount=7 storeClientCount=5 lightpushCount=7 filterCount=7
[2026-10-04 18:17:43.722] [out] [delivery_module] DBG 2026-10-04 18:17:43.721+02:00 Lookup query                               topics="kad-dht find" tid=6037042 peer=16U*oWQB23
[2026-10-04 18:17:43.723] [out] [delivery_module] DBG 2026-10-04 18:17:43.722+02:00 Kad lookup: RPC error                      topics="kad-dht find" tid=6037042 peer=16U*oWQB23 msg="dialStage: timed out dialing the peer"
[2026-10-04 18:17:43.946] [out] [delivery_module] DBG 2026-10-04 18:17:43.946+02:00 adverts found                              topics="service-disco discoverer" tid=6037042 serviceId=key:E6738033B5D413D13CF58622CEB4EF8F392E8D4EB073B56A5486CB0431B2F5D8 remote=16U*P1S397 count=3
[2026-10-04 18:17:44.652] [out] [delivery_module] DBG 2026-10-04 18:17:44.651+02:00 Lookup query                               topics="kad-dht find" tid=6037042 peer=16U*VpJprH
[2026-10-04 18:17:44.652] [out] [delivery_module] DBG 2026-10-04 18:17:44.651+02:00 Lookup query                               topics="kad-dht find" tid=6037042 peer=16U*oWQB23
[2026-10-04 18:17:44.653] [out] [delivery_module] DBG 2026-10-04 18:17:44.653+02:00 Kad lookup: RPC error                      topics="kad-dht find" tid=6037042 peer=16U*VpJprH msg="dialStage: timed out dialing the peer"
[2026-10-04 18:17:44.653] [out] [delivery_module] DBG 2026-10-04 18:17:44.653+02:00 Kad lookup: RPC error                      topics="kad-dht find" tid=6037042 peer=16U*oWQB23 msg="dialStage: timed out dialing the peer"
[2026-10-04 18:17:44.659] [out] [delivery_module] DBG 2026-10-04 18:17:44.659+02:00 Dialing failed                             topics="libp2p dialer" tid=6037042 description="quic dial timed out after 3s" peerId=16U*JXZN12 address=/ip4/172.20.10.14/udp/62834/quic-v1 hostname=172.20.10.14
[2026-10-04 18:17:44.660] [out] [delivery_module] DBG 2026-10-04 18:17:44.660+02:00 Expanded address and hostname              topics="libp2p dialer" tid=6037042 expandedAddress=/ip4/172.20.10.14/tcp/49738 hostname=172.20.10.14 resolvedAddresses="[/ip4/172.20.10.14/tcp/49738]"
[2026-10-04 18:17:44.660] [out] [delivery_module] DBG 2026-10-04 18:17:44.660+02:00 Dialing failed                             topics="libp2p dialer" tid=6037042 description="quic dial timed out after 3s" peerId=16U*8rq3kg address=/ip4/172.20.10.14/udp/49629/quic-v1 hostname=172.20.10.14
[2026-10-04 18:17:44.660] [out] [delivery_module] DBG 2026-10-04 18:17:44.660+02:00 Expanded address and hostname              topics="libp2p dialer" tid=6037042 expandedAddress=/ip4/172.20.10.14/tcp/50996 hostname=172.20.10.14 resolvedAddresses="[/ip4/172.20.10.14/tcp/50996]"
[2026-10-04 18:17:44.660] [out] [delivery_module] DBG 2026-10-04 18:17:44.660+02:00 Dialing failed                             topics="libp2p dialer" tid=6037042 description="TcpTransport dial error: (61) Connection refused" peerId=16U*JXZN12 address=/ip4/172.20.10.14/tcp/49738 hostname=172.20.10.14
[2026-10-04 18:17:44.660] [out] [delivery_module] DBG 2026-10-04 18:17:44.660+02:00 Dialing failed                             topics="libp2p dialer" tid=6037042 description="TcpTransport dial error: (61) Connection refused" peerId=16U*8rq3kg address=/ip4/172.20.10.14/tcp/50996 hostname=172.20.10.14
[2026-10-04 18:17:44.660] [out] [delivery_module] DBG 2026-10-04 18:17:44.660+02:00 Dialing failed                             topics="libp2p dialer" tid=6037042 description="quic dial timed out after 3s" peerId=16U*Lqfd15 address=/ip4/172.20.10.14/udp/62334/quic-v1 hostname=172.20.10.14
[2026-10-04 18:17:44.660] [out] [delivery_module] DBG 2026-10-04 18:17:44.660+02:00 Error dialing                              topics="libp2p dialer" tid=6037042 conn=nil peerId=16U*JXZN12 protos="[/logos/service-discovery/1.0.0]" addrs="[/ip4/172.20.10.14/udp/62834/quic-v1, /ip4/172.20.10.14/tcp/49738]" description="Unable to establish outgoing link in establishConnection: peer_id=16U*JXZN12 addrs=@[/ip4/172.20.10.14/udp/62834/quic-v1, /ip4/172.20.10.14/tcp/49738]"
[2026-10-04 18:17:44.660] [out] [delivery_module] DBG 2026-10-04 18:17:44.660+02:00 Expanded address and hostname              topics="libp2p dialer" tid=6037042 expandedAddress=/ip4/172.20.10.14/tcp/65350 hostname=172.20.10.14 resolvedAddresses="[/ip4/172.20.10.14/tcp/65350]"
[2026-10-04 18:17:44.661] [out] [delivery_module] DBG 2026-10-04 18:17:44.661+02:00 Dialing peer                               topics="libp2p dialer" tid=6037042 peerId=16U*JXZN12 addrs="[/ip4/172.20.10.14/udp/62834/quic-v1, /ip4/172.20.10.14/tcp/49738]"
[2026-10-04 18:17:44.661] [out] [delivery_module] DBG 2026-10-04 18:17:44.661+02:00 Expanded address and hostname              topics="libp2p dialer" tid=6037042 expandedAddress=/ip4/172.20.10.14/udp/62834/quic-v1 hostname=172.20.10.14 resolvedAddresses="[/ip4/172.20.10.14/udp/62834/quic-v1]"
[2026-10-04 18:17:44.661] [out] [delivery_module] DBG 2026-10-04 18:17:44.661+02:00 New connection established: client         tid=6037042
[2026-10-04 18:17:44.661] [out] [delivery_module] DBG 2026-10-04 18:17:44.661+02:00 Error dialing                              topics="libp2p dialer" tid=6037042 conn=nil peerId=16U*8rq3kg protos="[/logos/service-discovery/1.0.0]" addrs="[/ip4/172.20.10.14/udp/49629/quic-v1, /ip4/172.20.10.14/tcp/50996]" description="Unable to establish outgoing link in establishConnection: peer_id=16U*8rq3kg addrs=@[/ip4/172.20.10.14/udp/49629/quic-v1, /ip4/172.20.10.14/tcp/50996]"
[2026-10-04 18:17:44.661] [out] [delivery_module] DBG 2026-10-04 18:17:44.661+02:00 Dialing peer                               topics="libp2p dialer" tid=6037042 peerId=16U*8rq3kg addrs="[/ip4/172.20.10.14/udp/49629/quic-v1, /ip4/172.20.10.14/tcp/50996]"
[2026-10-04 18:17:44.661] [out] [delivery_module] DBG 2026-10-04 18:17:44.661+02:00 Expanded address and hostname              topics="libp2p dialer" tid=6037042 expandedAddress=/ip4/172.20.10.14/udp/49629/quic-v1 hostname=172.20.10.14 resolvedAddresses="[/ip4/172.20.10.14/udp/49629/quic-v1]"
[2026-10-04 18:17:44.661] [out] [delivery_module] DBG 2026-10-04 18:17:44.661+02:00 New connection established: client         tid=6037042
[2026-10-04 18:17:44.661] [out] [delivery_module] DBG 2026-10-04 18:17:44.661+02:00 Dialing failed                             topics="libp2p dialer" tid=6037042 description="TcpTransport dial error: (61) Connection refused" peerId=16U*Lqfd15 address=/ip4/172.20.10.14/tcp/65350 hostname=172.20.10.14
[2026-10-04 18:17:44.661] [out] [delivery_module] DBG 2026-10-04 18:17:44.661+02:00 Error dialing                              topics="libp2p dialer" tid=6037042 conn=nil peerId=16U*Lqfd15 protos="[/logos/service-discovery/1.0.0]" addrs="[/ip4/172.20.10.14/udp/62334/quic-v1, /ip4/172.20.10.14/tcp/65350]" description="Unable to establish outgoing link in establishConnection: peer_id=16U*Lqfd15 addrs=@[/ip4/172.20.10.14/udp/62334/quic-v1, /ip4/172.20.10.14/tcp/65350]"
[2026-10-04 18:17:44.661] [out] [delivery_module] DBG 2026-10-04 18:17:44.661+02:00 Dialing peer                               topics="libp2p dialer" tid=6037042 peerId=16U*Lqfd15 addrs="[/ip4/172.20.10.14/udp/62334/quic-v1, /ip4/172.20.10.14/tcp/65350]"
[2026-10-04 18:17:44.661] [out] [delivery_module] DBG 2026-10-04 18:17:44.661+02:00 Expanded address and hostname              topics="libp2p dialer" tid=6037042 expandedAddress=/ip4/172.20.10.14/udp/62334/quic-v1 hostname=172.20.10.14 resolvedAddresses="[/ip4/172.20.10.14/udp/62334/quic-v1]"
[2026-10-04 18:17:44.661] [out] [delivery_module] DBG 2026-10-04 18:17:44.661+02:00 New connection established: client         tid=6037042
[2026-10-04 18:17:46.001] [out] [delivery_module] DBG 2026-10-04 18:17:46.001+02:00 adverts found                              topics="service-disco discoverer" tid=6037042 serviceId=key:E6738033B5D413D13CF58622CEB4EF8F392E8D4EB073B56A5486CB0431B2F5D8 remote=16U*T3UNSE count=6
[2026-10-04 18:17:46.008] [out] [delivery_module] DBG 2026-10-04 18:17:46.008+02:00 Peer added via service discovery           topics="waku service discovery" tid=6037042 source="service lookup" peerId=16Uiu2HAm4S1JYkuzDKLKQvwgAhZKs9otxXqt8SCGtB4hoJP1S397 addresses="[/ip4/136.119.156.87/tcp/30303, /ip4/136.119.156.87/udp/30303/quic-v1, /dns4/delivery-01.gc-us-central1-a.logos.dev.status.im/tcp/30303]" protocols="[/logos/delivery]"
[2026-10-04 18:17:46.008] [out] [delivery_module] DBG 2026-10-04 18:17:46.008+02:00 Peer added via service discovery           topics="waku service discovery" tid=6037042 source="service lookup" peerId=16Uiu2HAmMbCcrH3yM2S3FtAmrYi7iktvbvxujHFXagfUnj8rq3kg addresses="[/ip4/172.20.10.14/tcp/50996, /ip4/172.20.10.14/udp/49629/quic-v1]" protocols="[/logos/delivery]"
[2026-10-04 18:17:46.009] [out] [delivery_module] DBG 2026-10-04 18:17:46.008+02:00 Peer added via service discovery           topics="waku service discovery" tid=6037042 source="service lookup" peerId=16Uiu2HAm3FQwb18rWMNZfewr4JEc8wFfX3G4HowCg9nXrtRZcwkN addresses="[/ip4/172.20.10.14/tcp/51590, /ip4/172.20.10.14/udp/49587/quic-v1]" protocols="[/logos/delivery]"
[2026-10-04 18:17:46.009] [out] [delivery_module] DBG 2026-10-04 18:17:46.009+02:00 Peer added via service discovery           topics="waku service discovery" tid=6037042 source="service lookup" peerId=16Uiu2HAm7u8dLdzqHYnpKoSyHP5oF1CLX25VXXmEQgsKMf33uyAY addresses="[/ip4/172.20.10.14/tcp/51591, /ip4/172.20.10.14/udp/52840/quic-v1]" protocols="[/logos/delivery]"
[2026-10-04 18:17:46.009] [out] [delivery_module] DBG 2026-10-04 18:17:46.009+02:00 Peer added via service discovery           topics="waku service discovery" tid=6037042 source="service lookup" peerId=16Uiu2HAm75mHYCn97YHQ3auieTYohvJU9d3WGyGBAjnVc32pfeoX addresses="[/ip4/192.168.68.53/tcp/27431, /ip4/192.168.68.53/udp/16011/quic-v1]" protocols="[/logos/delivery]"
[2026-10-04 18:17:46.009] [out] [delivery_module] DBG 2026-10-04 18:17:46.009+02:00 Peer added via service discovery           topics="waku service discovery" tid=6037042 source="service lookup" peerId=16Uiu2HAkvwhGHKNry6LACrB8TmEFoCJKEX29XR5dDUzk3UT3UNSE addresses="[/ip4/43.99.103.10/tcp/30303, /ip4/43.99.103.10/udp/30303/quic-v1, /dns4/delivery-02.ac-cn-hongkong-c.logos.dev.status.im/tcp/30303]" protocols="[/logos/delivery]"
[2026-10-04 18:17:46.009] [out] [delivery_module] DBG 2026-10-04 18:17:46.009+02:00 Peer added via service discovery           topics="waku service discovery" tid=6037042 source="service lookup" peerId=16Uiu2HAm8Y9kgBNtjxvCnf1X6gnZJW5EGE4UwwCL3CCm55TwqBiH addresses="[/ip4/34.123.201.25/tcp/30303, /ip4/34.123.201.25/udp/30303/quic-v1, /dns4/delivery-02.gc-us-central1-a.logos.dev.status.im/tcp/30303]" protocols="[/logos/delivery]"
[2026-10-04 18:17:46.009] [out] [delivery_module] DBG 2026-10-04 18:17:46.009+02:00 Peer added via service discovery           topics="waku service discovery" tid=6037042 source="service lookup" peerId=16Uiu2HAm8YokiNun9BkeA1ZRmhLbtNUvcwRr64F69tYj9fkGyuEP addresses="[/ip4/47.242.130.189/tcp/30303, /ip4/47.242.130.189/udp/30303/quic-v1, /dns4/delivery-01.ac-cn-hongkong-c.logos.dev.status.im/tcp/30303]" protocols="[/logos/delivery]"
[2026-10-04 18:17:46.009] [out] [delivery_module] DBG 2026-10-04 18:17:46.009+02:00 Peer added via service discovery           topics="waku service discovery" tid=6037042 source="service lookup" peerId=16Uiu2HAmTUbnxLGT9JvV6mu9oPyDjqHK4Phs1VDJNUgESgNSkuby addresses="[/ip4/138.68.122.137/tcp/30303, /ip4/138.68.122.137/udp/30303/quic-v1, /dns4/delivery-01.do-ams3.logos.dev.status.im/tcp/30303]" protocols="[/logos/delivery]"
[2026-10-04 18:17:46.009] [out] [delivery_module] DBG 2026-10-04 18:17:46.009+02:00 Peer added via service discovery           topics="waku service discovery" tid=6037042 source="service lookup" peerId=16Uiu2HAm5hiDKtofKsaY3hNNyzzhFagoKo8uMWTFJ2huwMiSrhve addresses="[/ip4/173.42.114.210/tcp/37795]" protocols="[/logos/delivery]"
[2026-10-04 18:17:46.009] [out] [delivery_module] DBG 2026-10-04 18:17:46.009+02:00 Service lookup complete                    topics="waku service discovery" tid=6037042 service=/logos/delivery found=10
[2026-10-04 18:17:46.011] [out] [delivery_module] DBG 2026-10-04 18:17:46.011+02:00 calculateConnectionState                   tid=6037042 relayCount=7 storeClientCount=5 lightpushCount=7 filterCount=7
[2026-10-04 18:17:47.658] [out] [delivery_module] DBG 2026-10-04 18:17:47.658+02:00 Lookup query                               topics="kad-dht find" tid=6037042 peer=16U*VpJprH
[2026-10-04 18:17:47.658] [out] [delivery_module] DBG 2026-10-04 18:17:47.658+02:00 Kad lookup: RPC error                      topics="kad-dht find" tid=6037042 peer=16U*VpJprH msg="dialStage: timed out dialing the peer"
[2026-10-04 18:17:47.662] [out] [delivery_module] DBG 2026-10-04 18:17:47.662+02:00 Lookup query                               topics="kad-dht find" tid=6037042 peer=16U*VpJprH
[2026-10-04 18:17:47.662] [out] [delivery_module] DBG 2026-10-04 18:17:47.662+02:00 Lookup query                               topics="kad-dht find" tid=6037042 peer=16U*oWQB23
[2026-10-04 18:17:47.662] [out] [delivery_module] DBG 2026-10-04 18:17:47.662+02:00 Dialing failed                             topics="libp2p dialer" tid=6037042 description="quic dial timed out after 3s" peerId=16U*JXZN12 address=/ip4/172.20.10.14/udp/62834/quic-v1 hostname=172.20.10.14
[2026-10-04 18:17:47.662] [out] [delivery_module] DBG 2026-10-04 18:17:47.662+02:00 Dialing failed                             topics="libp2p dialer" tid=6037042 description="quic dial timed out after 3s" peerId=16U*8rq3kg address=/ip4/172.20.10.14/udp/49629/quic-v1 hostname=172.20.10.14
[2026-10-04 18:17:47.662] [out] [delivery_module] DBG 2026-10-04 18:17:47.662+02:00 Dialing failed                             topics="libp2p dialer" tid=6037042 description="quic dial timed out after 3s" peerId=16U*Lqfd15 address=/ip4/172.20.10.14/udp/62334/quic-v1 hostname=172.20.10.14
[2026-10-04 18:17:47.662] [out] [delivery_module] DBG 2026-10-04 18:17:47.662+02:00 Expanded address and hostname              topics="libp2p dialer" tid=6037042 expandedAddress=/ip4/172.20.10.14/tcp/49738 hostname=172.20.10.14 resolvedAddresses="[/ip4/172.20.10.14/tcp/49738]"
[2026-10-04 18:17:47.663] [out] [delivery_module] DBG 2026-10-04 18:17:47.663+02:00 Expanded address and hostname              topics="libp2p dialer" tid=6037042 expandedAddress=/ip4/172.20.10.14/tcp/50996 hostname=172.20.10.14 resolvedAddresses="[/ip4/172.20.10.14/tcp/50996]"
[2026-10-04 18:17:47.663] [out] [delivery_module] DBG 2026-10-04 18:17:47.663+02:00 Expanded address and hostname              topics="libp2p dialer" tid=6037042 expandedAddress=/ip4/172.20.10.14/tcp/65350 hostname=172.20.10.14 resolvedAddresses="[/ip4/172.20.10.14/tcp/65350]"
[2026-10-04 18:17:47.663] [out] [delivery_module] DBG 2026-10-04 18:17:47.663+02:00 Dialing failed                             topics="libp2p dialer" tid=6037042 description="TcpTransport dial error: (61) Connection refused" peerId=16U*JXZN12 address=/ip4/172.20.10.14/tcp/49738 hostname=172.20.10.14
[2026-10-04 18:17:47.663] [out] [delivery_module] DBG 2026-10-04 18:17:47.663+02:00 Dialing failed                             topics="libp2p dialer" tid=6037042 description="TcpTransport dial error: (61) Connection refused" peerId=16U*8rq3kg address=/ip4/172.20.10.14/tcp/50996 hostname=172.20.10.14
[2026-10-04 18:17:47.663] [out] [delivery_module] DBG 2026-10-04 18:17:47.663+02:00 Kad lookup: RPC error                      topics="kad-dht find" tid=6037042 peer=16U*VpJprH msg="dialStage: timed out dialing the peer"
[2026-10-04 18:17:47.663] [out] [delivery_module] DBG 2026-10-04 18:17:47.663+02:00 Dialing failed                             topics="libp2p dialer" tid=6037042 description="TcpTransport dial error: (61) Connection refused" peerId=16U*Lqfd15 address=/ip4/172.20.10.14/tcp/65350 hostname=172.20.10.14
[2026-10-04 18:17:47.663] [out] [delivery_module] DBG 2026-10-04 18:17:47.663+02:00 Error dialing                              topics="libp2p dialer" tid=6037042 conn=nil peerId=16U*JXZN12 protos="[/logos/service-discovery/1.0.0]" addrs="[/ip4/172.20.10.14/udp/62834/quic-v1, /ip4/172.20.10.14/tcp/49738]" description="Unable to establish outgoing link in establishConnection: peer_id=16U*JXZN12 addrs=@[/ip4/172.20.10.14/udp/62834/quic-v1, /ip4/172.20.10.14/tcp/49738]"
[2026-10-04 18:17:47.663] [out] [delivery_module] DBG 2026-10-04 18:17:47.663+02:00 Error dialing                              topics="libp2p dialer" tid=6037042 conn=nil peerId=16U*8rq3kg protos="[/logos/service-discovery/1.0.0]" addrs="[/ip4/172.20.10.14/udp/49629/quic-v1, /ip4/172.20.10.14/tcp/50996]" description="Unable to establish outgoing link in establishConnection: peer_id=16U*8rq3kg addrs=@[/ip4/172.20.10.14/udp/49629/quic-v1, /ip4/172.20.10.14/tcp/50996]"
[2026-10-04 18:17:47.663] [out] [delivery_module] DBG 2026-10-04 18:17:47.663+02:00 Kad lookup: RPC error                      topics="kad-dht find" tid=6037042 peer=16U*oWQB23 msg="dialStage: timed out dialing the peer"
[2026-10-04 18:17:47.663] [out] [delivery_module] DBG 2026-10-04 18:17:47.663+02:00 Dialing peer                               topics="libp2p dialer" tid=6037042 peerId=16U*JXZN12 addrs="[/ip4/172.20.10.14/udp/62834/quic-v1, /ip4/172.20.10.14/tcp/49738]"
[2026-10-04 18:17:47.663] [out] [delivery_module] DBG 2026-10-04 18:17:47.663+02:00 Expanded address and hostname              topics="libp2p dialer" tid=6037042 expandedAddress=/ip4/172.20.10.14/udp/62834/quic-v1 hostname=172.20.10.14 resolvedAddresses="[/ip4/172.20.10.14/udp/62834/quic-v1]"
[2026-10-04 18:17:47.663] [out] [delivery_module] DBG 2026-10-04 18:17:47.663+02:00 New connection established: client         tid=6037042
[2026-10-04 18:17:47.664] [out] [delivery_module] DBG 2026-10-04 18:17:47.664+02:00 Dialing peer                               topics="libp2p dialer" tid=6037042 peerId=16U*8rq3kg addrs="[/ip4/172.20.10.14/udp/49629/quic-v1, /ip4/172.20.10.14/tcp/50996]"
[2026-10-04 18:17:47.664] [out] [delivery_module] DBG 2026-10-04 18:17:47.664+02:00 Expanded address and hostname              topics="libp2p dialer" tid=6037042 expandedAddress=/ip4/172.20.10.14/udp/49629/quic-v1 hostname=172.20.10.14 resolvedAddresses="[/ip4/172.20.10.14/udp/49629/quic-v1]"
[2026-10-04 18:17:47.664] [out] [delivery_module] DBG 2026-10-04 18:17:47.664+02:00 New connection established: client         tid=6037042
[2026-10-04 18:17:47.664] [out] [delivery_module] DBG 2026-10-04 18:17:47.664+02:00 Error dialing                              topics="libp2p dialer" tid=6037042 conn=nil peerId=16U*Lqfd15 protos="[/logos/service-discovery/1.0.0]" addrs="[/ip4/172.20.10.14/udp/62334/quic-v1, /ip4/172.20.10.14/tcp/65350]" description="Unable to establish outgoing link in establishConnection: peer_id=16U*Lqfd15 addrs=@[/ip4/172.20.10.14/udp/62334/quic-v1, /ip4/172.20.10.14/tcp/65350]"
[2026-10-04 18:17:47.664] [out] [delivery_module] DBG 2026-10-04 18:17:47.664+02:00 Dialing peer                               topics="libp2p dialer" tid=6037042 peerId=16U*Lqfd15 addrs="[/ip4/172.20.10.14/udp/62334/quic-v1, /ip4/172.20.10.14/tcp/65350]"
[2026-10-04 18:17:47.664] [out] [delivery_module] DBG 2026-10-04 18:17:47.664+02:00 Expanded address and hostname              topics="libp2p dialer" tid=6037042 expandedAddress=/ip4/172.20.10.14/udp/62334/quic-v1 hostname=172.20.10.14 resolvedAddresses="[/ip4/172.20.10.14/udp/62334/quic-v1]"
[2026-10-04 18:17:47.664] [out] [delivery_module] DBG 2026-10-04 18:17:47.664+02:00 New connection established: client         tid=6037042
[2026-10-04 18:17:47.670] [out] [delivery_module] DBG 2026-10-04 18:17:47.670+02:00 Lookup query                               topics="kad-dht find" tid=6037042 peer=16U*VpJprH
[2026-10-04 18:17:47.670] [out] [delivery_module] DBG 2026-10-04 18:17:47.670+02:00 Lookup query                               topics="kad-dht find" tid=6037042 peer=16U*oWQB23
[2026-10-04 18:17:47.670] [out] [delivery_module] DBG 2026-10-04 18:17:47.670+02:00 Kad lookup: RPC error                      topics="kad-dht find" tid=6037042 peer=16U*VpJprH msg="dialStage: timed out dialing the peer"
[2026-10-04 18:17:47.670] [out] [delivery_module] DBG 2026-10-04 18:17:47.670+02:00 Kad lookup: RPC error                      topics="kad-dht find" tid=6037042 peer=16U*oWQB23 msg="dialStage: timed out dialing the peer"
[2026-10-04 18:17:48.725] [out] [delivery_module] DBG 2026-10-04 18:17:48.725+02:00 Lookup query                               topics="kad-dht find" tid=6037042 peer=16U*oWQB23
[2026-10-04 18:17:48.725] [out] [delivery_module] DBG 2026-10-04 18:17:48.725+02:00 Kad lookup: RPC error                      topics="kad-dht find" tid=6037042 peer=16U*oWQB23 msg="dialStage: timed out dialing the peer"
[2026-10-04 18:17:49.644] [out] [delivery_module] DBG 2026-10-04 18:17:49.644+02:00 Connection upgrade failed                  topics="libp2p dialer" tid=6037042 description="Timeout exceeded!" peerId=16U*VpJprH address=/ip4/174.138.106.244/tcp/30303 hostname=delivery-02.do-ams3.logos.dev.status.im
[2026-10-04 18:17:49.644] [out] [delivery_module] DBG 2026-10-04 18:17:49.644+02:00 Error dialing                              topics="libp2p dialer" tid=6037042 conn=nil peerId=16U*VpJprH protos="[/logos/service-discovery/1.0.0]" addrs="[/dns4/delivery-02.do-ams3.logos.dev.status.im/tcp/30303]" description="Unable to establish outgoing link in establishConnection: peer_id=16U*VpJprH addrs=@[/dns4/delivery-02.do-ams3.logos.dev.status.im/tcp/30303]"
[2026-10-04 18:17:49.645] [out] [delivery_module] DBG 2026-10-04 18:17:49.645+02:00 Dialing peer                               topics="libp2p dialer" tid=6037042 peerId=16U*VpJprH addrs="[/ip4/174.138.106.244/tcp/30303, /dns4/delivery-02.do-ams3.logos.dev.status.im/tcp/30303]"
[2026-10-04 18:17:49.645] [out] [delivery_module] DBG 2026-10-04 18:17:49.645+02:00 Expanded address and hostname              topics="libp2p dialer" tid=6037042 expandedAddress=/ip4/174.138.106.244/tcp/30303 hostname=174.138.106.244 resolvedAddresses="[/ip4/174.138.106.244/tcp/30303]"
[2026-10-04 18:17:49.653] [out] [delivery_module] DBG 2026-10-04 18:17:49.653+02:00 Kad lookup: RPC error                      topics="kad-dht find" tid=6037042 peer=16U*VpJprH msg="dialStage: timed out dialing the peer"
[2026-10-04 18:17:49.653] [out] [delivery_module] DBG 2026-10-04 18:17:49.653+02:00 Kad lookup: RPC error                      topics="kad-dht find" tid=6037042 peer=16U*oWQB23 msg="dialStage: timed out dialing the peer"
[2026-10-04 18:17:49.654] [out] [delivery_module] DBG 2026-10-04 18:17:49.654+02:00 Lookup query                               topics="kad-dht find" tid=6037042 peer=16U*oWQB23
[2026-10-04 18:17:49.702] [out] [delivery_module] DBG 2026-10-04 18:17:49.702+02:00 New stream created                         tid=6037042
[2026-10-04 18:17:50.664] [out] [delivery_module] DBG 2026-10-04 18:17:50.664+02:00 Dialing failed                             topics="libp2p dialer" tid=6037042 description="quic dial timed out after 3s" peerId=16U*JXZN12 address=/ip4/172.20.10.14/udp/62834/quic-v1 hostname=172.20.10.14
[2026-10-04 18:17:50.664] [out] [delivery_module] DBG 2026-10-04 18:17:50.664+02:00 Expanded address and hostname              topics="libp2p dialer" tid=6037042 expandedAddress=/ip4/172.20.10.14/tcp/49738 hostname=172.20.10.14 resolvedAddresses="[/ip4/172.20.10.14/tcp/49738]"
[2026-10-04 18:17:50.665] [out] [delivery_module] DBG 2026-10-04 18:17:50.665+02:00 Dialing failed                             topics="libp2p dialer" tid=6037042 description="quic dial timed out after 3s" peerId=16U*8rq3kg address=/ip4/172.20.10.14/udp/49629/quic-v1 hostname=172.20.10.14
[2026-10-04 18:17:50.665] [out] [delivery_module] DBG 2026-10-04 18:17:50.665+02:00 Expanded address and hostname              topics="libp2p dialer" tid=6037042 expandedAddress=/ip4/172.20.10.14/tcp/50996 hostname=172.20.10.14 resolvedAddresses="[/ip4/172.20.10.14/tcp/50996]"
[2026-10-04 18:17:50.666] [out] [delivery_module] DBG 2026-10-04 18:17:50.666+02:00 Dialing failed                             topics="libp2p dialer" tid=6037042 description="TcpTransport dial error: (61) Connection refused" peerId=16U*JXZN12 address=/ip4/172.20.10.14/tcp/49738 hostname=172.20.10.14
[2026-10-04 18:17:50.666] [out] [delivery_module] DBG 2026-10-04 18:17:50.666+02:00 Dialing failed                             topics="libp2p dialer" tid=6037042 description="TcpTransport dial error: (61) Connection refused" peerId=16U*8rq3kg address=/ip4/172.20.10.14/tcp/50996 hostname=172.20.10.14
[2026-10-04 18:17:50.666] [out] [delivery_module] DBG 2026-10-04 18:17:50.666+02:00 Dialing failed                             topics="libp2p dialer" tid=6037042 description="quic dial timed out after 3s" peerId=16U*Lqfd15 address=/ip4/172.20.10.14/udp/62334/quic-v1 hostname=172.20.10.14
[2026-10-04 18:17:50.666] [out] [delivery_module] DBG 2026-10-04 18:17:50.666+02:00 Expanded address and hostname              topics="libp2p dialer" tid=6037042 expandedAddress=/ip4/172.20.10.14/tcp/65350 hostname=172.20.10.14 resolvedAddresses="[/ip4/172.20.10.14/tcp/65350]"
[2026-10-04 18:17:50.666] [out] [delivery_module] DBG 2026-10-04 18:17:50.666+02:00 Error dialing                              topics="libp2p dialer" tid=6037042 conn=nil peerId=16U*JXZN12 protos="[/logos/service-discovery/1.0.0]" addrs="[/ip4/172.20.10.14/udp/62834/quic-v1, /ip4/172.20.10.14/tcp/49738]" description="Unable to establish outgoing link in establishConnection: peer_id=16U*JXZN12 addrs=@[/ip4/172.20.10.14/udp/62834/quic-v1, /ip4/172.20.10.14/tcp/49738]"
[2026-10-04 18:17:50.666] [out] [delivery_module] DBG 2026-10-04 18:17:50.666+02:00 Dialing peer                               topics="libp2p dialer" tid=6037042 peerId=16U*JXZN12 addrs="[/ip4/172.20.10.14/udp/62834/quic-v1, /ip4/172.20.10.14/tcp/49738]"
[2026-10-04 18:17:50.666] [out] [delivery_module] DBG 2026-10-04 18:17:50.666+02:00 Expanded address and hostname              topics="libp2p dialer" tid=6037042 expandedAddress=/ip4/172.20.10.14/udp/62834/quic-v1 hostname=172.20.10.14 resolvedAddresses="[/ip4/172.20.10.14/udp/62834/quic-v1]"
[2026-10-04 18:17:50.667] [out] [delivery_module] DBG 2026-10-04 18:17:50.667+02:00 New connection established: client         tid=6037042
[2026-10-04 18:17:50.667] [out] [delivery_module] DBG 2026-10-04 18:17:50.667+02:00 Error dialing                              topics="libp2p dialer" tid=6037042 conn=nil peerId=16U*8rq3kg protos="[/logos/service-discovery/1.0.0]" addrs="[/ip4/172.20.10.14/udp/49629/quic-v1, /ip4/172.20.10.14/tcp/50996]" description="Unable to establish outgoing link in establishConnection: peer_id=16U*8rq3kg addrs=@[/ip4/172.20.10.14/udp/49629/quic-v1, /ip4/172.20.10.14/tcp/50996]"
[2026-10-04 18:17:50.667] [out] [delivery_module] DBG 2026-10-04 18:17:50.667+02:00 Dialing peer                               topics="libp2p dialer" tid=6037042 peerId=16U*8rq3kg addrs="[/ip4/172.20.10.14/udp/49629/quic-v1, /ip4/172.20.10.14/tcp/50996]"
[2026-10-04 18:17:50.667] [out] [delivery_module] DBG 2026-10-04 18:17:50.667+02:00 Expanded address and hostname              topics="libp2p dialer" tid=6037042 expandedAddress=/ip4/172.20.10.14/udp/49629/quic-v1 hostname=172.20.10.14 resolvedAddresses="[/ip4/172.20.10.14/udp/49629/quic-v1]"
[2026-10-04 18:17:50.667] [out] [delivery_module] DBG 2026-10-04 18:17:50.667+02:00 New connection established: client         tid=6037042
[2026-10-04 18:17:50.668] [out] [delivery_module] DBG 2026-10-04 18:17:50.668+02:00 Dialing failed                             topics="libp2p dialer" tid=6037042 description="TcpTransport dial error: (61) Connection refused" peerId=16U*Lqfd15 address=/ip4/172.20.10.14/tcp/65350 hostname=172.20.10.14
[2026-10-04 18:17:50.668] [out] [delivery_module] DBG 2026-10-04 18:17:50.668+02:00 Error dialing                              topics="libp2p dialer" tid=6037042 conn=nil peerId=16U*Lqfd15 protos="[/logos/service-discovery/1.0.0]" addrs="[/ip4/172.20.10.14/udp/62334/quic-v1, /ip4/172.20.10.14/tcp/65350]" description="Unable to establish outgoing link in establishConnection: peer_id=16U*Lqfd15 addrs=@[/ip4/172.20.10.14/udp/62334/quic-v1, /ip4/172.20.10.14/tcp/65350]"
[2026-10-04 18:17:50.668] [out] [delivery_module] DBG 2026-10-04 18:17:50.668+02:00 Dialing peer                               topics="libp2p dialer" tid=6037042 peerId=16U*Lqfd15 addrs="[/ip4/172.20.10.14/udp/62334/quic-v1, /ip4/172.20.10.14/tcp/65350]"
[2026-10-04 18:17:50.668] [out] [delivery_module] DBG 2026-10-04 18:17:50.668+02:00 Expanded address and hostname              topics="libp2p dialer" tid=6037042 expandedAddress=/ip4/172.20.10.14/udp/62334/quic-v1 hostname=172.20.10.14 resolvedAddresses="[/ip4/172.20.10.14/udp/62334/quic-v1]"
[2026-10-04 18:17:50.668] [out] [delivery_module] DBG 2026-10-04 18:17:50.668+02:00 New connection established: client         tid=6037042
[2026-10-04 18:17:50.919] [out] [delivery_module] DBG 2026-10-04 18:17:50.919+02:00 Creating stream                            tid=6037042
[2026-10-04 18:17:50.919] [out] [delivery_module] DBG 2026-10-04 18:17:50.919+02:00 New stream created                         tid=6037042
[2026-10-04 18:17:50.924] [out] [delivery_module] DBG 2026-10-04 18:17:50.924+02:00 Creating stream                            tid=6037042
[2026-10-04 18:17:50.924] [out] [delivery_module] DBG 2026-10-04 18:17:50.924+02:00 New stream created                         tid=6037042
[2026-10-04 18:17:50.969] [out] [delivery_module] INF 2026-10-04 18:17:50.969+02:00 Message received                           tid=6037042 msg_hash=0xaef42d19f03fa8059fba81a134fa3c8057538ae4331570b4bd44214247161fda contentTopic=/lp0026forum/1/general/text pubsubTopic=/waku/2/rs/3/7 source=live
[QmlInspector] Client disconnected
