run-logos-standalone-ui: hot-reloading QML from <repo>/src/qml
  (export DEV_QML_PATH to override, or LOGOS_QML_HOT_RELOAD=0 to disable)
Session directory: "~/Library/Application Support/Logos/LogosStandalone"
[2026-10-07 10:35:28.824] [info] [logos] Granting host services to 'capability_module': token_registry,token_delivery
[2026-10-07 10:35:28.851] [out] [capability_module] [2026-10-07 10:35:28.850] [info] Granting host services to capability_module: ["token_registry","token_delivery"]
RemoteTransportConnection: Connecting to registry: "local:logos_capability_module_e2142e445188" at "10:35:28.851"
RemoteTransportConnection: Registry connect attempt started (no peer contact yet): "local:logos_capability_module_e2142e445188"
LogosAPIConsumer: Informing module token for module: "capability_module" with token: "redacted:ce14d065…"
RemoteTransportConnection: Requesting object: "capability_module" at "10:35:28.852"
[LogosObject] RemoteTransportConnection: returning RemoteLogosObject for: "capability_module"
[LogosObject] Created RemoteLogosObject wrapping QRemoteObjectReplica 105553170776832
[LogosObject] LogosAPIConsumer: calling LogosObject::informModuleToken for "capability_module"
LogosAPIConsumer: informModuleToken completed with result: true
[LogosObject] Destroying RemoteLogosObject 0
[2026-10-07 10:35:28.877] [info] [logos] Module loaded: capability_module
LogosAPIConsumer: Informing module token for module: "modules_state" with token: "redacted:7d1f3dd0…"
RemoteTransportConnection: Requesting object: "capability_module" at "10:35:28.903"
[LogosObject] RemoteTransportConnection: returning RemoteLogosObject for: "capability_module"
[LogosObject] Created RemoteLogosObject wrapping QRemoteObjectReplica 105553170731168
[LogosObject] LogosAPIConsumer: calling LogosObject::informModuleToken for "modules_state"
LogosAPIConsumer: informModuleToken completed with result: true
[LogosObject] Destroying RemoteLogosObject 0
[2026-10-07 10:35:28.903] [info] [logos] Module loaded: modules_state
RemoteTransportConnection: Connecting to registry: "local:logos_modules_state_e2142e445188" at "10:35:28.904"
RemoteTransportConnection: Registry connect attempt started (no peer contact yet): "local:logos_modules_state_e2142e445188"
RemoteTransportConnection: Connecting to registry: "local:logos_capability_module_e2142e445188" at "10:35:28.904"
RemoteTransportConnection: Registry connect attempt started (no peer contact yet): "local:logos_capability_module_e2142e445188"
LogosAPIConsumer: '"modules_state"::""' deferred pending the module becoming reachable
LogosAPIConsumer: '"modules_state"::""' deferred pending the module becoming reachable
Logos Core started (modules dir: "/nix/store/4v2cj5cr5dlsjb9cl0blr0cds0qf07iv-logos-forum_module-plugin-dir-modules" )
Set app icon from metadata: "/nix/store/xgd8k2vxqbzz6vqxbaqmxvq0fyb20zz0-logos-forum_module-plugin-dir/src/icons/icon.png"
[2026-10-07 10:35:28.939] [info] [logos] [delivery_module] DeliveryModuleImpl: Initializing...
LogosAPIConsumer: Informing module token for module: "delivery_module" with token: "redacted:e30a306c…"
RemoteTransportConnection: Requesting object: "capability_module" at "10:35:28.940"
[LogosObject] RemoteTransportConnection: returning RemoteLogosObject for: "capability_module"
[LogosObject] Created RemoteLogosObject wrapping QRemoteObjectReplica 105553170331744
[LogosObject] LogosAPIConsumer: calling LogosObject::informModuleToken for "delivery_module"
LogosAPIConsumer: informModuleToken completed with result: true
[LogosObject] Destroying RemoteLogosObject 0
[2026-10-07 10:35:28.941] [info] [logos] Module loaded: delivery_module
RemoteTransportConnection: Connecting to registry: "local:logos_delivery_module_e2142e445188" at "10:35:28.941"
RemoteTransportConnection: Registry connect attempt started (no peer contact yet): "local:logos_delivery_module_e2142e445188"
RemoteTransportConnection: Connecting to registry: "local:logos_capability_module_e2142e445188" at "10:35:28.941"
RemoteTransportConnection: Registry connect attempt started (no peer contact yet): "local:logos_capability_module_e2142e445188"
LogosAPIConsumer: '"delivery_module"::""' deferred pending the module becoming reachable
LogosAPIClient: getToken for module: "modules_state"
LogosAPIClient: Found token for module: "modules_state"
RemoteTransportConnection: Requesting object: "modules_state" at "10:35:28.941"
[LogosObject] RemoteTransportConnection: returning RemoteLogosObject for: "modules_state"
[LogosObject] Created RemoteLogosObject wrapping QRemoteObjectReplica 105553170745856
[LogosObject] LogosAPIConsumer: async calling via LogosObject::callMethodAsync "note_transition"
[LogosObject] RemoteLogosObject::callMethodAsync "note_transition" args: 7
LogosAPIClient: getToken for module: "modules_state"
LogosAPIClient: Found token for module: "modules_state"
[LogosObject] LogosAPIConsumer: async calling via LogosObject::callMethodAsync "note_transition"
[LogosObject] RemoteLogosObject::callMethodAsync "note_transition" args: 7
Loaded dependency (with transitive deps): "delivery_module"
[2026-10-07 10:35:28.967] [info] [logos] [storage_module] StorageModuleImpl: Initializing...
LogosAPIConsumer: Informing module token for module: "storage_module" with token: "redacted:e9f800dc…"
RemoteTransportConnection: Requesting object: "capability_module" at "10:35:28.968"
[LogosObject] Created RemoteLogosObject wrapping QRemoteObjectReplica 105553170732416
LogosAPIClient: invoking remote method "modules_state" "apply_snapshot" args_count: 1
LogosAPIClient: getToken for module: "modules_state"
LogosAPIClient: Found token for module: "modules_state"
LogosAPIConsumer: Calling invokeRemoteMethod: "modules_state" "apply_snapshot" args_count: 1 timeout: 20000
[LogosObject] LogosAPIConsumer: calling via LogosObject::callMethod "apply_snapshot"
[LogosObject] RemoteLogosObject::callMethod "apply_snapshot" args: 1
[LogosObject] Created RemoteLogosObject wrapping QRemoteObjectReplica 105553170745632
LogosAPIClient: getToken for module: "modules_state"
LogosAPIClient: Found token for module: "modules_state"
[LogosObject] LogosAPIConsumer: async calling via LogosObject::callMethodAsync "note_transition"
[LogosObject] RemoteLogosObject::callMethodAsync "note_transition" args: 7
LogosAPIClient: getToken for module: "modules_state"
LogosAPIClient: Found token for module: "modules_state"
[LogosObject] LogosAPIConsumer: async calling via LogosObject::callMethodAsync "note_transition"
[LogosObject] RemoteLogosObject::callMethodAsync "note_transition" args: 7
[2026-10-07 10:35:28.968] [info] [logos] Pushed module snapshot to modules_state
LogosAPIClient: getToken for module: "modules_state"
LogosAPIClient: Found token for module: "modules_state"
[LogosObject] LogosAPIConsumer: async calling via LogosObject::callMethodAsync "note_transition"
[LogosObject] RemoteLogosObject::callMethodAsync "note_transition" args: 7
[LogosObject] RemoteTransportConnection: returning RemoteLogosObject for: "capability_module"
[LogosObject] Created RemoteLogosObject wrapping QRemoteObjectReplica 105553170332320
[LogosObject] LogosAPIConsumer: calling LogosObject::informModuleToken for "storage_module"
LogosAPIConsumer: informModuleToken completed with result: true
[LogosObject] Destroying RemoteLogosObject 0
[2026-10-07 10:35:28.969] [info] [logos] Module loaded: storage_module
RemoteTransportConnection: Connecting to registry: "local:logos_storage_module_e2142e445188" at "10:35:28.969"
RemoteTransportConnection: Registry connect attempt started (no peer contact yet): "local:logos_storage_module_e2142e445188"
RemoteTransportConnection: Connecting to registry: "local:logos_capability_module_e2142e445188" at "10:35:28.969"
RemoteTransportConnection: Registry connect attempt started (no peer contact yet): "local:logos_capability_module_e2142e445188"
LogosAPIConsumer: '"storage_module"::""' deferred pending the module becoming reachable
LogosAPIClient: getToken for module: "modules_state"
LogosAPIClient: Found token for module: "modules_state"
[LogosObject] LogosAPIConsumer: async calling via LogosObject::callMethodAsync "note_transition"
[LogosObject] RemoteLogosObject::callMethodAsync "note_transition" args: 7
Loaded dependency (with transitive deps): "storage_module"
DEV_QML_PATH override active: <repo>/src/qml/Main.qml
RemoteTransportConnection: Connecting to registry: "local:logos_capability_module_e2142e445188" at "10:35:28.969"
RemoteTransportConnection: Registry connect attempt started (no peer contact yet): "local:logos_capability_module_e2142e445188"
LogosAPIConsumer: Informing module token for module: "forum_module" with token: "redacted:104ac85e…"
RemoteTransportConnection: Requesting object: "capability_module" at "10:35:28.969"
[LogosObject] RemoteTransportConnection: returning RemoteLogosObject for: "capability_module"
[LogosObject] Created RemoteLogosObject wrapping QRemoteObjectReplica 105553170784736
[LogosObject] LogosAPIConsumer: calling LogosObject::informModuleToken for "forum_module"
[LogosObject] Created RemoteLogosObject wrapping QRemoteObjectReplica 105553170783776
LogosAPIClient: getToken for module: "modules_state"
LogosAPIClient: Found token for module: "modules_state"
[LogosObject] LogosAPIConsumer: async calling via LogosObject::callMethodAsync "note_transition"
[LogosObject] RemoteLogosObject::callMethodAsync "note_transition" args: 7
LogosAPIConsumer: informModuleToken completed with result: true
[LogosObject] Destroying RemoteLogosObject 0
qt.qpa.fonts: Populating font family aliases took 40 ms. Replace uses of missing font family "Public Sans" with one that exists to avoid this cost. 
Loaded UI plugin: "/nix/store/xgd8k2vxqbzz6vqxbaqmxvq0fyb20zz0-logos-forum_module-plugin-dir"
[QmlInspector] Inspector server listening on port 3768
[QmlInspector] Client connected from "::ffff:127.0.0.1"
[2026-10-07 10:35:36.782] [warning] [logos] [capability_module] Warning: QObject::connect: No such signal ::eventResponse(QString,QVariantList)
[2026-10-07 10:35:36.782] [info] [logos] [delivery_module] DeliveryModuleImpl::getNodeInfo called with nodeInfoId: MyPeerId
[2026-10-07 10:35:36.782] [info] [logos] [delivery_module] DeliveryModuleImpl: Cannot get node info - context not initialized. Call createNode first.
[2026-10-07 10:35:36.783] [info] [logos] [delivery_module] DeliveryModuleImpl::createNode called
[2026-10-07 10:35:36.789] [info] [logos] [delivery_module] DeliveryModuleImpl: Waiting for createNode callback...
[2026-10-07 10:35:36.790] [out] [delivery_module] DBG 2026-10-07 10:35:36.790+02:00 Whether to mount storeSync is not specified, defaulting to not mounting topics="waku conf builder" tid=1150721
[2026-10-07 10:35:36.790] [out] [delivery_module] NTC 2026-10-07 10:35:36.790+02:00 No node key provided, generated a new one; identity will not persist across restarts topics="waku conf builder" tid=1150721
[2026-10-07 10:35:36.790] [out] [delivery_module] INF 2026-10-07 10:35:36.790+02:00 Sharding configuration:                    topics="waku conf builder" tid=1150721 shardingConf="(kind: AutoSharding, numShardsInCluster: 8)" subscribeShards="@[0, 1, 2, 3, 4, 5, 6, 7]"
[2026-10-07 10:35:36.791] [out] [delivery_module] INF 2026-10-07 10:35:36.791+02:00 Configuration: Enabled protocols           topics="waku conf" tid=1150721 relay=true rlnRelay=false store=false filter=true lightPush=true peerExchange=true rendezvous=true
[2026-10-07 10:35:36.791] [out] [delivery_module] INF 2026-10-07 10:35:36.791+02:00 Configuration. Network                     topics="waku conf" tid=1150721 cluster=3
[2026-10-07 10:35:36.791] [out] [delivery_module] DBG 2026-10-07 10:35:36.791+02:00 Configuration. Active Relay Shards         topics="waku conf" tid=1150721 shard=0
[2026-10-07 10:35:36.791] [out] [delivery_module] DBG 2026-10-07 10:35:36.791+02:00 Configuration. Active Relay Shards         topics="waku conf" tid=1150721 shard=1
[2026-10-07 10:35:36.791] [out] [delivery_module] DBG 2026-10-07 10:35:36.791+02:00 Configuration. Active Relay Shards         topics="waku conf" tid=1150721 shard=2
[2026-10-07 10:35:36.791] [out] [delivery_module] DBG 2026-10-07 10:35:36.791+02:00 Configuration. Active Relay Shards         topics="waku conf" tid=1150721 shard=3
[2026-10-07 10:35:36.791] [out] [delivery_module] DBG 2026-10-07 10:35:36.791+02:00 Configuration. Active Relay Shards         topics="waku conf" tid=1150721 shard=4
[2026-10-07 10:35:36.791] [out] [delivery_module] DBG 2026-10-07 10:35:36.791+02:00 Configuration. Active Relay Shards         topics="waku conf" tid=1150721 shard=5
[2026-10-07 10:35:36.791] [out] [delivery_module] DBG 2026-10-07 10:35:36.791+02:00 Configuration. Active Relay Shards         topics="waku conf" tid=1150721 shard=6
[2026-10-07 10:35:36.791] [out] [delivery_module] DBG 2026-10-07 10:35:36.791+02:00 Configuration. Active Relay Shards         topics="waku conf" tid=1150721 shard=7
[2026-10-07 10:35:36.791] [out] [delivery_module] INF 2026-10-07 10:35:36.791+02:00 Setting up storage                         tid=1150721
[2026-10-07 10:35:36.791] [out] [delivery_module] INF 2026-10-07 10:35:36.791+02:00 Initializing node                          tid=1150721
[2026-10-07 10:35:36.791] [out] [delivery_module] DBG 2026-10-07 10:35:36.791+02:00 Setting up NATService                      topics="libp2p natservice" tid=1150721 portMapping=true reachability=false holePunching=false
[2026-10-07 10:35:36.791] [out] [delivery_module] INF 2026-10-07 10:35:36.791+02:00 Initializing networking                    tid=1150721 addrs="@[/ip4/0.0.0.0/tcp/0, /ip4/0.0.0.0/udp/0/quic-v1]"
[2026-10-07 10:35:36.791] [out] [delivery_module] INF 2026-10-07 10:35:36.791+02:00 Mounting protocols                         tid=1150721
[2026-10-07 10:35:36.791] [out] [delivery_module] INF 2026-10-07 10:35:36.791+02:00 Created WakuMetadata protocol              topics="waku node" tid=1150721 clusterId=3 shards="[0, 1, 2, 3, 4, 5, 6, 7]"
[2026-10-07 10:35:36.791] [out] [delivery_module] INF 2026-10-07 10:35:36.791+02:00 Mounting mix protocol                      topics="waku node" tid=1150721INF 2026-10-07 10:35:36.791+02:00 node info                                  topics="waku node" tid=1150721 wakuInfo="(listenAddresses: [/ip4/0.0.0.0/tcp/0/p2p/16Uiu2HAmGhbo2ucTWZLQdvgiRirWEGedChnWvAzhGTYdLUNb4EaX, /ip4/0.0.0.0/udp/0/quic-v1/p2p/16Uiu2HAmGhbo2ucTWZLQdvgiRirWEGedChnWvAzhGTYdLUNb4EaX], enrUri: enr:-JO4QA-UuHntTJlUNSLYZahPkg3O-ro8jH3KO2fREWdaNOhaYttsQ-Ka4EvTVPxrGo-lT5tr1PXnqLNmOYbtrb_bsLQBgmlkgnY0gnJzkwADCAAAAAEAAgADAAQABQAGAAeJc2VjcDI1NmsxoQM8Gfxe4BQY8XU7R2mN-iI1QcqIEg_RTN9gw_N5PlD9ZIV3YWt1Mi0, mixPubKey: none())"
[2026-10-07 10:35:36.791] [out] [delivery_module]  nodeId="(listenAddresses: [/ip4/0.0.0.0/tcp/0/p2p/16Uiu2HAmGhbo2ucTWZLQdvgiRirWEGedChnWvAzhGTYdLUNb4EaX, /ip4/0.0.0.0/udp/0/quic-v1/p2p/16Uiu2HAmGhbo2ucTWZLQdvgiRirWEGedChnWvAzhGTYdLUNb4EaX], enrUri: enr:-JO4QA-UuHntTJlUNSLYZahPkg3O-ro8jH3KO2fREWdaNOhaYttsQ-Ka4EvTVPxrGo-lT5tr1PXnqLNmOYbtrb_bsLQBgmlkgnY0gnJzkwADCAAAAAEAAgADAAQABQAGAAeJc2VjcDI1NmsxoQM8Gfxe4BQY8XU7R2mN-iI1QcqIEg_RTN9gw_N5PlD9ZIV3YWt1Mi0, mixPubKey: none())"
[2026-10-07 10:35:36.791] [out] [delivery_module] INF 2026-10-07 10:35:36.791+02:00 local addr                                 topics="waku node" tid=1150721 localaddr=/ip4/0.0.0.0/tcp/0
[2026-10-07 10:35:36.791] [out] [delivery_module] INF 2026-10-07 10:35:36.791+02:00 mixPubKey                                  topics="waku node" tid=1150721 mixPubKey="[178, 217, 251, 28, 103, 84, 49, 66, 254, 227, 142, 152, 167, 160, 242, 237, 157, 100, 88, 140, 140, 69, 74, 130, 38, 253, 21, 238, 2, 213, 83, 68]"
[2026-10-07 10:35:36.791] [out] [delivery_module] INF 2026-10-07 10:35:36.791+02:00 Using mix bootstrap nodes                  topics="waku mix" tid=1150721 entries=0 poolSize=0
[2026-10-07 10:35:36.791] [out] [delivery_module] INF 2026-10-07 10:35:36.791+02:00 Mix cannot publish yet, waiting for more mix nodes topics="waku node" tid=1150721 poolSize=0 required=4
[2026-10-07 10:35:36.792] [out] [delivery_module] INF 2026-10-07 10:35:36.792+02:00 mounting store client                      topics="waku node store api" tid=1150721
[2026-10-07 10:35:36.792] [out] [delivery_module] INF 2026-10-07 10:35:36.792+02:00 Mounting auto sharding                     topics="waku node" tid=1150721 clusterId=3 shardCount=8
[2026-10-07 10:35:36.792] [out] [delivery_module] DBG 2026-10-07 10:35:36.792+02:00 Shards created from content topics         tid=1150721 contentTopics=[] shards=[]
[2026-10-07 10:35:36.792] [out] [delivery_module] DBG 2026-10-07 10:35:36.792+02:00 Setting max message size                   tid=1150721 num_bytes=153600
[2026-10-07 10:35:36.792] [out] [delivery_module] INF 2026-10-07 10:35:36.792+02:00 mounting relay protocol                    topics="waku node relay api" tid=1150721
[2026-10-07 10:35:36.792] [out] [delivery_module] DBG 2026-10-07 10:35:36.792+02:00 relay mounted successfully                 topics="waku node relay api" tid=1150721
[2026-10-07 10:35:36.792] [out] [delivery_module] DBG 2026-10-07 10:35:36.792+02:00 Adding validator to signed shards          tid=1150721 protectedShards=[] clusterId=3
[2026-10-07 10:35:36.792] [out] [delivery_module] INF 2026-10-07 10:35:36.792+02:00 Mounting rendezvous discovery protocol     topics="waku node" tid=1150721
[2026-10-07 10:35:36.792] [out] [delivery_module] INF 2026-10-07 10:35:36.792+02:00 Waku rendezvous initialized                topics="waku node" tid=1150721 clusterId=3 shards="[0, 1, 2, 3, 4, 5, 6, 7]" capabilities="[Relay, Filter, Lightpush, Mix]" wakuPeerRecord="(peerId: 16U*Nb4EaX, seqNo: 1791362136, addresses: [/ip4/0.0.0.0/tcp/0, /ip4/0.0.0.0/udp/0/quic-v1], mixKey: 0xb2d9fb1c67543142fee38e98a7a0f2ed9d64588c8c454a8226fd15ee02d55344)"
[2026-10-07 10:35:36.792] [out] [delivery_module] INF 2026-10-07 10:35:36.792+02:00 Mounting rendezvous client                 topics="waku node" tid=1150721
[2026-10-07 10:35:36.792] [out] [delivery_module] INF 2026-10-07 10:35:36.792+02:00 Waku rendezvous client initialized         topics="waku node" tid=1150721 clusterId=3
[2026-10-07 10:35:36.792] [out] [delivery_module] INF 2026-10-07 10:35:36.792+02:00 mounting libp2p ping protocol              topics="waku node ping api" tid=1150721
[2026-10-07 10:35:36.792] [out] [delivery_module] INF 2026-10-07 10:35:36.792+02:00 mounting light push                        topics="waku node lightpush api" tid=1150721
[2026-10-07 10:35:36.792] [out] [delivery_module] INF 2026-10-07 10:35:36.792+02:00 mounting lightpush with relay              topics="waku node lightpush api" tid=1150721
[2026-10-07 10:35:36.792] [out] [delivery_module] DBG 2026-10-07 10:35:36.792+02:00 lightpush mounted successfully             topics="waku node lightpush api" tid=1150721
[2026-10-07 10:35:36.792] [out] [delivery_module] INF 2026-10-07 10:35:36.792+02:00 mounting legacy light push                 topics="waku node lightpush api" tid=1150721
[2026-10-07 10:35:36.792] [out] [delivery_module] INF 2026-10-07 10:35:36.792+02:00 mounting legacy lightpush with relay       topics="waku node lightpush api" tid=1150721
[2026-10-07 10:35:36.792] [out] [delivery_module] DBG 2026-10-07 10:35:36.792+02:00 legacy lightpush mounted successfully      topics="waku node lightpush api" tid=1150721
[2026-10-07 10:35:36.792] [out] [delivery_module] INF 2026-10-07 10:35:36.792+02:00 mounting light push client                 topics="waku node lightpush api" tid=1150721
[2026-10-07 10:35:36.792] [out] [delivery_module] INF 2026-10-07 10:35:36.792+02:00 mounting legacy light push client          topics="waku node lightpush api" tid=1150721
[2026-10-07 10:35:36.792] [out] [delivery_module] INF 2026-10-07 10:35:36.792+02:00 mounting filter protocol                   topics="waku node filter api" tid=1150721
[2026-10-07 10:35:36.792] [out] [delivery_module] INF 2026-10-07 10:35:36.792+02:00 Starting filter protocol                   topics="waku filter" tid=1150721
[2026-10-07 10:35:36.792] [out] [delivery_module] DBG 2026-10-07 10:35:36.792+02:00 Starting to maintain subscriptions         topics="waku filter" tid=1150721
[2026-10-07 10:35:36.792] [out] [delivery_module] DBG 2026-10-07 10:35:36.792+02:00 Maintaining subscriptions                  topics="waku filter" tid=1150721
[2026-10-07 10:35:36.792] [out] [delivery_module] DBG 2026-10-07 10:35:36.792+02:00 Cleanup                                    topics="waku filter subscriptions" tid=1150721 currentPeerIds=[]
[2026-10-07 10:35:36.792] [out] [delivery_module] DBG 2026-10-07 10:35:36.792+02:00 After cleanup                              topics="waku filter subscriptions" tid=1150721 currentPeerIds=[]
[2026-10-07 10:35:36.792] [out] [delivery_module] INF 2026-10-07 10:35:36.792+02:00 mounting filter client                     topics="waku node filter api" tid=1150721
[2026-10-07 10:35:36.792] [out] [delivery_module] INF 2026-10-07 10:35:36.792+02:00 mounting waku peer exchange                topics="waku node peerexchange api" tid=1150721
[2026-10-07 10:35:36.792] [out] [delivery_module] INF 2026-10-07 10:35:36.792+02:00 mounting waku peer exchange client         topics="waku node peerexchange api" tid=1150721
[2026-10-07 10:35:36.792] [out] [delivery_module] INF 2026-10-07 10:35:36.792+02:00 No external callbacks to be set            topics="wakunode waku" tid=1150721
[2026-10-07 10:35:36.792] [out] [delivery_module] INF 2026-10-07 10:35:36.792+02:00 Setting up AutonatService                  topics="libp2p autonatservice" tid=1150721
[2026-10-07 10:35:36.792] [info] [logos] [delivery_module] DeliveryModuleImpl::createNode callback called with ret: 0
[2026-10-07 10:35:36.795] [info] [logos] [delivery_module] DeliveryModuleImpl: Delivery context created successfully
[2026-10-07 10:35:36.795] [info] [logos] [delivery_module] DeliveryModuleImpl::start called
[2026-10-07 10:35:36.795] [out] [delivery_module] INF 2026-10-07 10:35:36.795+02:00 Retrieve dynamic bootstrap nodes           topics="wakunode waku" tid=1150721
[2026-10-07 10:35:36.795] [out] [delivery_module] INF 2026-10-07 10:35:36.795+02:00 Running nwaku node                         tid=1150721 version=v0.39.0-gca2814
[2026-10-07 10:35:36.795] [out] [delivery_module] INF 2026-10-07 10:35:36.795+02:00 Starting Waku node                         topics="waku node" tid=1150721 version=v0.39.0-gca2814
[2026-10-07 10:35:36.795] [out] [delivery_module] DBG 2026-10-07 10:35:36.795+02:00 Waku rendezvous periodic requests started  topics="waku rendezvous client" tid=1150721 interval=10s
[2026-10-07 10:35:36.795] [out] [delivery_module] INF 2026-10-07 10:35:36.795+02:00 Waku rendezvous client started             topics="waku rendezvous client" tid=1150721
[2026-10-07 10:35:36.795] [out] [delivery_module] DBG 2026-10-07 10:35:36.795+02:00 starting switch for peer                   topics="libp2p switch" tid=1150721 peerInfo="(peerId: 16Uiu2HAmGhbo2ucTWZLQdvgiRirWEGedChnWvAzhGTYdLUNb4EaX, listenAddrs: [/ip4/0.0.0.0/tcp/0, /ip4/0.0.0.0/udp/0/quic-v1], addrs: [], protocols: [/ipfs/id/1.0.0, /libp2p/autonat/1.0.0, /libp2p/circuit/relay/0.2.0/hop, /vac/waku/metadata/1.0.0, /mix/1.0.0, /logos/service-discovery/1.0.0, /vac/waku/relay/2.0.0, /vac/waku/rendezvous/1.0.0, /ipfs/ping/1.0.0, /vac/waku/lightpush/3.0.0, /vac/waku/lightpush/2.0.0-beta1, /vac/waku/filter-subscribe/2.0.0-beta1, /vac/waku/filter-push/2.0.0-beta1, /vac/waku/peer-exchange/2.0.0-alpha1], protoVersion: ipfs/0.1.0, agentVersion: logos-delivery-v0.39.0-gca2814)"
[2026-10-07 10:35:36.795] [out] [delivery_module] DBG 2026-10-07 10:35:36.795+02:00 No private listen addresses to map; releasing any prior mappings topics="libp2p natservice" tid=1150721
[2026-10-07 10:35:36.795] [info] [logos] [delivery_module] DeliveryModuleImpl::getNodeInfo called with nodeInfoId: MyPeerId
[2026-10-07 10:35:36.796] [out] [delivery_module] DBG 2026-10-07 10:35:36.796+02:00 Configured QUIC UDP receive buffer         tid=1150721 requestedBytes=8388608 effectiveBytes=8388608
[2026-10-07 10:35:36.796] [out] [delivery_module] DBG 2026-10-07 10:35:36.796+02:00 About to accept incoming connection        topics="libp2p switch" tid=1150721
[2026-10-07 10:35:36.796] [out] [delivery_module] DBG 2026-10-07 10:35:36.796+02:00 About to accept incoming connection        topics="libp2p switch" tid=1150721
[2026-10-07 10:35:36.796] [out] [delivery_module] DBG 2026-10-07 10:35:36.796+02:00 No private listen addresses to map; releasing any prior mappings topics="libp2p natservice" tid=1150721
[2026-10-07 10:35:36.796] [out] [delivery_module] DBG 2026-10-07 10:35:36.796+02:00 Lookup query                               topics="kad-dht find" tid=1150721 peer=16U*VpJprH
[2026-10-07 10:35:36.796] [out] [delivery_module] DBG 2026-10-07 10:35:36.796+02:00 Dialing peer                               topics="libp2p dialer" tid=1150721 peerId=16U*VpJprH addrs="[/dns4/delivery-02.do-ams3.logos.dev.status.im/tcp/30303]"
[2026-10-07 10:35:36.796] [out] [delivery_module] DBG 2026-10-07 10:35:36.796+02:00 resolved addresses                         topics="libp2p dialer" tid=1150721 originalAddresses=/dns4/delivery-02.do-ams3.logos.dev.status.im/tcp/30303/p2p/16Uiu2HAmMK7PYygBtKUQ8EHp7EfaD3bCEsJrkFooK8RQ2PVpJprH resolvedAddresses="[/dns4/delivery-02.do-ams3.logos.dev.status.im/tcp/30303/p2p/16Uiu2HAmMK7PYygBtKUQ8EHp7EfaD3bCEsJrkFooK8RQ2PVpJprH]"
[2026-10-07 10:35:36.796] [out] [delivery_module] DBG 2026-10-07 10:35:36.796+02:00 Lookup query                               topics="kad-dht find" tid=1150721 peer=16U*P1S397
[2026-10-07 10:35:36.797] [out] [delivery_module] DBG 2026-10-07 10:35:36.797+02:00 Dialing peer                               topics="libp2p dialer" tid=1150721 peerId=16U*P1S397 addrs="[/dns4/delivery-01.gc-us-central1-a.logos.dev.status.im/tcp/30303]"
[2026-10-07 10:35:36.797] [out] [delivery_module] DBG 2026-10-07 10:35:36.797+02:00 resolved addresses                         topics="libp2p dialer" tid=1150721 originalAddresses=/dns4/delivery-01.gc-us-central1-a.logos.dev.status.im/tcp/30303/p2p/16Uiu2HAm4S1JYkuzDKLKQvwgAhZKs9otxXqt8SCGtB4hoJP1S397 resolvedAddresses="[/dns4/delivery-01.gc-us-central1-a.logos.dev.status.im/tcp/30303/p2p/16Uiu2HAm4S1JYkuzDKLKQvwgAhZKs9otxXqt8SCGtB4hoJP1S397]"
[2026-10-07 10:35:36.797] [out] [delivery_module] DBG 2026-10-07 10:35:36.797+02:00 Lookup query                               topics="kad-dht find" tid=1150721 peer=16U*T3UNSE
[2026-10-07 10:35:36.797] [out] [delivery_module] DBG 2026-10-07 10:35:36.797+02:00 Dialing peer                               topics="libp2p dialer" tid=1150721 peerId=16U*T3UNSE addrs="[/dns4/delivery-02.ac-cn-hongkong-c.logos.dev.status.im/tcp/30303]"
[2026-10-07 10:35:36.797] [out] [delivery_module] DBG 2026-10-07 10:35:36.797+02:00 resolved addresses                         topics="libp2p dialer" tid=1150721 originalAddresses=/dns4/delivery-02.ac-cn-hongkong-c.logos.dev.status.im/tcp/30303/p2p/16Uiu2HAkvwhGHKNry6LACrB8TmEFoCJKEX29XR5dDUzk3UT3UNSE resolvedAddresses="[/dns4/delivery-02.ac-cn-hongkong-c.logos.dev.status.im/tcp/30303/p2p/16Uiu2HAkvwhGHKNry6LACrB8TmEFoCJKEX29XR5dDUzk3UT3UNSE]"
[2026-10-07 10:35:36.797] [out] [delivery_module] DBG 2026-10-07 10:35:36.797+02:00 Lookup query                               topics="kad-dht find" tid=1150721 peer=16U*kGyuEP
[2026-10-07 10:35:36.797] [out] [delivery_module] DBG 2026-10-07 10:35:36.797+02:00 Dialing peer                               topics="libp2p dialer" tid=1150721 peerId=16U*kGyuEP addrs="[/dns4/delivery-01.ac-cn-hongkong-c.logos.dev.status.im/tcp/30303]"
[2026-10-07 10:35:36.797] [out] [delivery_module] DBG 2026-10-07 10:35:36.797+02:00 resolved addresses                         topics="libp2p dialer" tid=1150721 originalAddresses=/dns4/delivery-01.ac-cn-hongkong-c.logos.dev.status.im/tcp/30303/p2p/16Uiu2HAm8YokiNun9BkeA1ZRmhLbtNUvcwRr64F69tYj9fkGyuEP resolvedAddresses="[/dns4/delivery-01.ac-cn-hongkong-c.logos.dev.status.im/tcp/30303/p2p/16Uiu2HAm8YokiNun9BkeA1ZRmhLbtNUvcwRr64F69tYj9fkGyuEP]"
[2026-10-07 10:35:36.797] [out] [delivery_module] DBG 2026-10-07 10:35:36.797+02:00 Lookup query                               topics="kad-dht find" tid=1150721 peer=16U*NSkuby
[2026-10-07 10:35:36.797] [out] [delivery_module] DBG 2026-10-07 10:35:36.797+02:00 Dialing peer                               topics="libp2p dialer" tid=1150721 peerId=16U*NSkuby addrs="[/dns4/delivery-01.do-ams3.logos.dev.status.im/tcp/30303]"
[2026-10-07 10:35:36.797] [out] [delivery_module] DBG 2026-10-07 10:35:36.797+02:00 resolved addresses                         topics="libp2p dialer" tid=1150721 originalAddresses=/dns4/delivery-01.do-ams3.logos.dev.status.im/tcp/30303/p2p/16Uiu2HAmTUbnxLGT9JvV6mu9oPyDjqHK4Phs1VDJNUgESgNSkuby resolvedAddresses="[/dns4/delivery-01.do-ams3.logos.dev.status.im/tcp/30303/p2p/16Uiu2HAmTUbnxLGT9JvV6mu9oPyDjqHK4Phs1VDJNUgESgNSkuby]"
[2026-10-07 10:35:36.797] [out] [delivery_module] DBG 2026-10-07 10:35:36.797+02:00 Lookup query                               topics="kad-dht find" tid=1150721 peer=16U*TwqBiH
[2026-10-07 10:35:36.797] [out] [delivery_module] DBG 2026-10-07 10:35:36.797+02:00 Dialing peer                               topics="libp2p dialer" tid=1150721 peerId=16U*TwqBiH addrs="[/dns4/delivery-02.gc-us-central1-a.logos.dev.status.im/tcp/30303]"
[2026-10-07 10:35:36.797] [out] [delivery_module] DBG 2026-10-07 10:35:36.797+02:00 resolved addresses                         topics="libp2p dialer" tid=1150721 originalAddresses=/dns4/delivery-02.gc-us-central1-a.logos.dev.status.im/tcp/30303/p2p/16Uiu2HAm8Y9kgBNtjxvCnf1X6gnZJW5EGE4UwwCL3CCm55TwqBiH resolvedAddresses="[/dns4/delivery-02.gc-us-central1-a.logos.dev.status.im/tcp/30303/p2p/16Uiu2HAm8Y9kgBNtjxvCnf1X6gnZJW5EGE4UwwCL3CCm55TwqBiH]"
[2026-10-07 10:35:36.797] [out] [delivery_module] ERR 2026-10-07 10:35:36.797+02:00 Failed to create signed extended peer record topics="service-discovery" tid=1150721 error="no dialable address to publish yet"
[2026-10-07 10:35:36.797] [out] [delivery_module] INF 2026-10-07 10:35:36.797+02:00 Service Discovery started                  topics="service-discovery" tid=1150721
[2026-10-07 10:35:36.797] [out] [delivery_module] INF 2026-10-07 10:35:36.797+02:00 start                                      topics="waku relay" tid=1150721
[2026-10-07 10:35:36.797] [out] [delivery_module] DBG 2026-10-07 10:35:36.797+02:00 Waku rendezvous periodic registration started topics="waku rendezvous" tid=1150721 interval=10s
[2026-10-07 10:35:36.797] [out] [delivery_module] INF 2026-10-07 10:35:36.797+02:00 Waku rendezvous discovery started          topics="waku rendezvous" tid=1150721
[2026-10-07 10:35:36.797] [out] [delivery_module] DBG 2026-10-07 10:35:36.797+02:00 Started libp2p node                        topics="libp2p switch" tid=1150721 peer="(peerId: 16Uiu2HAmGhbo2ucTWZLQdvgiRirWEGedChnWvAzhGTYdLUNb4EaX, listenAddrs: [/ip4/0.0.0.0/tcp/51218, /ip4/0.0.0.0/udp/50339/quic-v1], addrs: [/ip4/0.0.0.0/tcp/51218, /ip4/0.0.0.0/udp/50339/quic-v1], protocols: [/ipfs/id/1.0.0, /libp2p/autonat/1.0.0, /libp2p/circuit/relay/0.2.0/hop, /vac/waku/metadata/1.0.0, /mix/1.0.0, /logos/service-discovery/1.0.0, /vac/waku/relay/2.0.0, /vac/waku/rendezvous/1.0.0, /ipfs/ping/1.0.0, /vac/waku/lightpush/3.0.0, /vac/waku/lightpush/2.0.0-beta1, /vac/waku/filter-subscribe/2.0.0-beta1, /vac/waku/filter-push/2.0.0-beta1, /vac/waku/peer-exchange/2.0.0-alpha1], protoVersion: ipfs/0.1.0, agentVersion: logos-delivery-v0.39.0-gca2814)"
[2026-10-07 10:35:36.799] [out] [delivery_module] INF 2026-10-07 10:35:36.799+02:00 Announced base resolved                    topics="waku node" tid=1150721 addrs="@[/ip4/172.16.34.89/tcp/51218, /ip4/172.16.34.89/udp/50339/quic-v1]" explicit=@[]
[2026-10-07 10:35:36.799] [info] [logos] [delivery_module] DeliveryModuleImpl::subscribe called with contentTopic: /lp0026forum/1/general/text
[2026-10-07 10:35:36.799] [out] [delivery_module] DBG 2026-10-07 10:35:36.799+02:00 Subscribing to pubsub topic                topics="waku relay" tid=1150721 pubsubTopic=/waku/2/rs/3/7
[2026-10-07 10:35:36.800] [info] [logos] [delivery_module] DeliveryModuleImpl: Subscribe completed for topic: /lp0026forum/1/general/text with success
[2026-10-07 10:35:36.800] [out] [delivery_module] DBG 2026-10-07 10:35:36.800+02:00 No mesh peer for the given pubsub topic    topics="waku relay" tid=1150721 pubsubTopic=/waku/2/rs/3/7
[2026-10-07 10:35:36.810] [out] [delivery_module] INF 2026-10-07 10:35:36.810+02:00 Using mix bootstrap nodes                  topics="waku mix" tid=1150721 entries=1 poolSize=1
[2026-10-07 10:35:36.811] [out] [delivery_module] INF 2026-10-07 10:35:36.811+02:00 Using mix bootstrap nodes                  topics="waku mix" tid=1150721 entries=1 poolSize=2
[2026-10-07 10:35:36.811] [out] [delivery_module] INF 2026-10-07 10:35:36.811+02:00 Using mix bootstrap nodes                  topics="waku mix" tid=1150721 entries=1 poolSize=3
[2026-10-07 10:35:36.811] [out] [delivery_module] INF 2026-10-07 10:35:36.811+02:00 Using mix bootstrap nodes                  topics="waku mix" tid=1150721 entries=1 poolSize=4
[2026-10-07 10:35:36.815] [out] [delivery_module] DBG 2026-10-07 10:35:36.815+02:00 Expanded address and hostname              topics="libp2p dialer" tid=1150721 expandedAddress=/dns4/delivery-02.ac-cn-hongkong-c.logos.dev.status.im/tcp/30303 hostname=delivery-02.ac-cn-hongkong-c.logos.dev.status.im resolvedAddresses="[/ip4/43.99.103.10/tcp/30303]"
[2026-10-07 10:35:36.815] [out] [delivery_module] DBG 2026-10-07 10:35:36.815+02:00 Expanded address and hostname              topics="libp2p dialer" tid=1150721 expandedAddress=/dns4/delivery-01.ac-cn-hongkong-c.logos.dev.status.im/tcp/30303 hostname=delivery-01.ac-cn-hongkong-c.logos.dev.status.im resolvedAddresses="[/ip4/47.242.130.189/tcp/30303]"
[2026-10-07 10:35:36.815] [out] [delivery_module] DBG 2026-10-07 10:35:36.815+02:00 Expanded address and hostname              topics="libp2p dialer" tid=1150721 expandedAddress=/dns4/delivery-01.do-ams3.logos.dev.status.im/tcp/30303 hostname=delivery-01.do-ams3.logos.dev.status.im resolvedAddresses="[/ip4/138.68.122.137/tcp/30303]"
[2026-10-07 10:35:36.816] [out] [delivery_module] DBG 2026-10-07 10:35:36.816+02:00 Expanded address and hostname              topics="libp2p dialer" tid=1150721 expandedAddress=/dns4/delivery-01.gc-us-central1-a.logos.dev.status.im/tcp/30303 hostname=delivery-01.gc-us-central1-a.logos.dev.status.im resolvedAddresses="[/ip4/136.119.156.87/tcp/30303]"
[2026-10-07 10:35:36.816] [out] [delivery_module] DBG 2026-10-07 10:35:36.816+02:00 Expanded address and hostname              topics="libp2p dialer" tid=1150721 expandedAddress=/dns4/delivery-02.do-ams3.logos.dev.status.im/tcp/30303 hostname=delivery-02.do-ams3.logos.dev.status.im resolvedAddresses="[/ip4/174.138.106.244/tcp/30303]"
[2026-10-07 10:35:36.816] [out] [delivery_module] DBG 2026-10-07 10:35:36.816+02:00 Expanded address and hostname              topics="libp2p dialer" tid=1150721 expandedAddress=/dns4/delivery-02.gc-us-central1-a.logos.dev.status.im/tcp/30303 hostname=delivery-02.gc-us-central1-a.logos.dev.status.im resolvedAddresses="[/ip4/34.123.201.25/tcp/30303]"
[2026-10-07 10:35:36.932] [out] [delivery_module] DBG 2026-10-07 10:35:36.932+02:00 Dial successful                            topics="libp2p dialer" tid=1150721 peerId=16U*NSkuby
[2026-10-07 10:35:36.932] [out] [delivery_module] DBG 2026-10-07 10:35:36.932+02:00 starting sendNonHighPriorityTask           topics="libp2p pubsubpeer" tid=1150721 p=16U*NSkuby
[2026-10-07 10:35:36.932] [out] [delivery_module] DBG 2026-10-07 10:35:36.932+02:00 created new pubsub peer                    topics="libp2p pubsub" tid=1150721 peerId=16U*NSkuby
[2026-10-07 10:35:36.932] [out] [delivery_module] DBG 2026-10-07 10:35:36.932+02:00 no listener registered                     tid=1150722 event=onConnectionChange
[2026-10-07 10:35:37.029] [out] [delivery_module] DBG 2026-10-07 10:35:37.029+02:00 Dial successful                            topics="libp2p dialer" tid=1150721 peerId=16U*VpJprH
[2026-10-07 10:35:37.029] [out] [delivery_module] DBG 2026-10-07 10:35:37.029+02:00 starting sendNonHighPriorityTask           topics="libp2p pubsubpeer" tid=1150721 p=16U*VpJprH
[2026-10-07 10:35:37.029] [out] [delivery_module] DBG 2026-10-07 10:35:37.029+02:00 created new pubsub peer                    topics="libp2p pubsub" tid=1150721 peerId=16U*VpJprH
[2026-10-07 10:35:37.029] [out] [delivery_module] DBG 2026-10-07 10:35:37.029+02:00 no listener registered                     tid=1150722 event=onConnectionChange
[2026-10-07 10:35:37.030] [out] [delivery_module] DBG 2026-10-07 10:35:37.030+02:00 Incoming WakuRelay connection              topics="waku relay" tid=1150721 connection=16U*NSkuby:6ac60459e8c003e098ee1c72 protocol=/vac/waku/relay/2.0.0
[2026-10-07 10:35:37.030] [out] [delivery_module] DBG 2026-10-07 10:35:37.030+02:00 starting pubsub read loop                  topics="libp2p pubsubpeer" tid=1150721 stream=16U*NSkuby:6ac60459e8c003e098ee1c72 peer=16U*NSkuby closed=false
[2026-10-07 10:35:37.030] [out] [delivery_module] DBG 2026-10-07 10:35:37.030+02:00 identify: info sent                        topics="libp2p identify" tid=1150721 stream=16U*NSkuby:6ac60459e8c003e098ee1c73 info="(peerId: 16Uiu2HAmGhbo2ucTWZLQdvgiRirWEGedChnWvAzhGTYdLUNb4EaX, listenAddrs: [/ip4/0.0.0.0/tcp/51218, /ip4/0.0.0.0/udp/50339/quic-v1], addrs: [/ip4/0.0.0.0/tcp/51218, /ip4/0.0.0.0/udp/50339/quic-v1], protocols: [/ipfs/id/1.0.0, /libp2p/autonat/1.0.0, /libp2p/circuit/relay/0.2.0/hop, /vac/waku/metadata/1.0.0, /mix/1.0.0, /logos/service-discovery/1.0.0, /vac/waku/relay/2.0.0, /vac/waku/rendezvous/1.0.0, /ipfs/ping/1.0.0, /vac/waku/lightpush/3.0.0, /vac/waku/lightpush/2.0.0-beta1, /vac/waku/filter-subscribe/2.0.0-beta1, /vac/waku/filter-push/2.0.0-beta1, /vac/waku/peer-exchange/2.0.0-alpha1], protoVersion: ipfs/0.1.0, agentVersion: logos-delivery-v0.39.0-gca2814)"
[2026-10-07 10:35:37.030] [out] [delivery_module] DBG 2026-10-07 10:35:37.030+02:00 Incoming WakuRelay connection              topics="waku relay" tid=1150721 connection=16U*VpJprH:6ac60459e8c003e098ee1c74 protocol=/vac/waku/relay/2.0.0
[2026-10-07 10:35:37.030] [out] [delivery_module] DBG 2026-10-07 10:35:37.030+02:00 starting pubsub read loop                  topics="libp2p pubsubpeer" tid=1150721 stream=16U*VpJprH:6ac60459e8c003e098ee1c74 peer=16U*VpJprH closed=false
[2026-10-07 10:35:37.031] [out] [delivery_module] DBG 2026-10-07 10:35:37.031+02:00 identify: info sent                        topics="libp2p identify" tid=1150721 stream=16U*VpJprH:6ac60459e8c003e098ee1c75 info="(peerId: 16Uiu2HAmGhbo2ucTWZLQdvgiRirWEGedChnWvAzhGTYdLUNb4EaX, listenAddrs: [/ip4/0.0.0.0/tcp/51218, /ip4/0.0.0.0/udp/50339/quic-v1], addrs: [/ip4/0.0.0.0/tcp/51218, /ip4/0.0.0.0/udp/50339/quic-v1], protocols: [/ipfs/id/1.0.0, /libp2p/autonat/1.0.0, /libp2p/circuit/relay/0.2.0/hop, /vac/waku/metadata/1.0.0, /mix/1.0.0, /logos/service-discovery/1.0.0, /vac/waku/relay/2.0.0, /vac/waku/rendezvous/1.0.0, /ipfs/ping/1.0.0, /vac/waku/lightpush/3.0.0, /vac/waku/lightpush/2.0.0-beta1, /vac/waku/filter-subscribe/2.0.0-beta1, /vac/waku/filter-push/2.0.0-beta1, /vac/waku/peer-exchange/2.0.0-alpha1], protoVersion: ipfs/0.1.0, agentVersion: logos-delivery-v0.39.0-gca2814)"
[2026-10-07 10:35:37.052] [out] [delivery_module] DBG 2026-10-07 10:35:37.052+02:00 identify: info received                    topics="libp2p identify" tid=1150721 stream=16U*NSkuby:6ac60458e8c003e098ee1c6f pubkey=ok(sec...9ab7)) addresses=/ip4/138.68.122.137/tcp/30303,/ip4/138.68.122.137/udp/30303/quic-v1,/dns4/delivery-01.do-ams3.logos.dev.status.im/tcp/30303 protocols=/ipfs/id/1.0.0,/libp2p/autonat/1.0.0,/libp2p/circuit/relay/0.2.0/hop,/vac/waku/metadata/1.0.0,/mix/1.0.0,/logos/service-discovery/1.0.0,/vac/waku/store-query/3.0.0,/vac/waku/relay/2.0.0,/vac/waku/rendezvous/1.0.0,/ipfs/ping/1.0.0,/vac/waku/lightpush/3.0.0,/vac/waku/lightpush/2.0.0-beta1,/vac/waku/filter-subscribe/2.0.0-beta1,/vac/waku/filter-push/2.0.0-beta1,/vac/waku/peer-exchange/2.0.0-alpha1 observable_address=ok(/ip4/83.135.41.108/tcp/2701) proto_version=ipfs/0.1.0 agent_version=logos-delivery-v0.39.0-g890397 signedPeerRecord=None
[2026-10-07 10:35:37.053] [out] [delivery_module] DBG 2026-10-07 10:35:37.052+02:00 starting pubsub read loop                  topics="libp2p pubsubpeer" tid=1150721 stream=16U*NSkuby:6ac60458e8c003e098ee1c6e peer=16U*NSkuby closed=false
[2026-10-07 10:35:37.053] [out] [delivery_module] DBG 2026-10-07 10:35:37.053+02:00 Event identified                           topics="waku node peer_manager" tid=1150721 peerId=16U*NSkuby
[2026-10-07 10:35:37.053] [out] [delivery_module] DBG 2026-10-07 10:35:37.053+02:00 no listener registered                     tid=1150722 event=onConnectionChange
[2026-10-07 10:35:37.063] [out] [delivery_module] DBG 2026-10-07 10:35:37.063+02:00 identify: info received                    topics="libp2p identify" tid=1150721 stream=16U*VpJprH:6ac60459e8c003e098ee1c77 pubkey=ok(sec...7631)) addresses=/ip4/174.138.106.244/tcp/30303,/ip4/174.138.106.244/udp/30303/quic-v1,/dns4/delivery-02.do-ams3.logos.dev.status.im/tcp/30303 protocols=/ipfs/id/1.0.0,/libp2p/autonat/1.0.0,/libp2p/circuit/relay/0.2.0/hop,/vac/waku/metadata/1.0.0,/mix/1.0.0,/logos/service-discovery/1.0.0,/vac/waku/store-query/3.0.0,/vac/waku/relay/2.0.0,/vac/waku/rendezvous/1.0.0,/ipfs/ping/1.0.0,/vac/waku/lightpush/3.0.0,/vac/waku/lightpush/2.0.0-beta1,/vac/waku/filter-subscribe/2.0.0-beta1,/vac/waku/filter-push/2.0.0-beta1,/vac/waku/peer-exchange/2.0.0-alpha1 observable_address=ok(/ip4/83.135.41.108/tcp/22005) proto_version=ipfs/0.1.0 agent_version=logos-delivery-v0.39.0-g890397 signedPeerRecord=None
[2026-10-07 10:35:37.064] [out] [delivery_module] DBG 2026-10-07 10:35:37.064+02:00 starting pubsub read loop                  topics="libp2p pubsubpeer" tid=1150721 stream=16U*VpJprH:6ac60459e8c003e098ee1c76 peer=16U*VpJprH closed=false
[2026-10-07 10:35:37.064] [out] [delivery_module] DBG 2026-10-07 10:35:37.064+02:00 Event identified                           topics="waku node peer_manager" tid=1150721 peerId=16U*VpJprH
[2026-10-07 10:35:37.065] [out] [delivery_module] DBG 2026-10-07 10:35:37.065+02:00 no listener registered                     tid=1150722 event=onConnectionChange
[2026-10-07 10:35:37.119] [out] [delivery_module] DBG 2026-10-07 10:35:37.119+02:00 no listener registered                     tid=1150722 event=onTopicHealthChange
[2026-10-07 10:35:37.120] [out] [delivery_module] DBG 2026-10-07 10:35:37.120+02:00 Received WakuMetadata request              topics="waku metadata" tid=1150721 remoteClusterId=ok(3) remoteShards="[5, 0, 2, 1, 4, 7, 3, 6]" localClusterId=3 localShards="[7]" peer=16U*NSkuby
[2026-10-07 10:35:37.144] [out] [delivery_module] DBG 2026-10-07 10:35:37.144+02:00 Received WakuMetadata request              topics="waku metadata" tid=1150721 remoteClusterId=ok(3) remoteShards="[5, 0, 2, 1, 4, 7, 3, 6]" localClusterId=3 localShards="[7]" peer=16U*VpJprH
[2026-10-07 10:35:37.155] [out] [delivery_module] DBG 2026-10-07 10:35:37.155+02:00 no listener registered                     tid=1150722 event=onConnectionChange
[2026-10-07 10:35:37.173] [out] [delivery_module] DBG 2026-10-07 10:35:37.173+02:00 no listener registered                     tid=1150722 event=onConnectionChange
[2026-10-07 10:35:37.213] [out] [delivery_module] DBG 2026-10-07 10:35:37.213+02:00 Dialing peer                               topics="libp2p dialer" tid=1150721 peerId=16U*7ZEp3L addrs="[/ip4/192.168.1.3/udp/56395/quic-v1, /ip4/192.168.1.3/tcp/49737]"
[2026-10-07 10:35:37.213] [out] [delivery_module] DBG 2026-10-07 10:35:37.213+02:00 Expanded address and hostname              topics="libp2p dialer" tid=1150721 expandedAddress=/ip4/192.168.1.3/udp/56395/quic-v1 hostname=192.168.1.3 resolvedAddresses="[/ip4/192.168.1.3/udp/56395/quic-v1]"
[2026-10-07 10:35:37.213] [out] [delivery_module] DBG 2026-10-07 10:35:37.213+02:00 New connection established: client         tid=1150721
[2026-10-07 10:35:37.215] [out] [delivery_module] DBG 2026-10-07 10:35:37.215+02:00 Dialing peer                               topics="libp2p dialer" tid=1150721 peerId=16U*CKtDKK addrs="[/ip4/173.42.114.210/tcp/37945]"
[2026-10-07 10:35:37.215] [out] [delivery_module] DBG 2026-10-07 10:35:37.215+02:00 Expanded address and hostname              topics="libp2p dialer" tid=1150721 expandedAddress=/ip4/173.42.114.210/tcp/37945 hostname=173.42.114.210 resolvedAddresses="[/ip4/173.42.114.210/tcp/37945]"
[2026-10-07 10:35:37.216] [out] [delivery_module] DBG 2026-10-07 10:35:37.216+02:00 Dialing peer                               topics="libp2p dialer" tid=1150721 peerId=16U*k3v1b3 addrs="[/ip4/10.16.8.125/udp/55890/quic-v1, /ip4/10.16.8.125/tcp/49352]"
[2026-10-07 10:35:37.216] [out] [delivery_module] DBG 2026-10-07 10:35:37.216+02:00 Expanded address and hostname              topics="libp2p dialer" tid=1150721 expandedAddress=/ip4/10.16.8.125/udp/55890/quic-v1 hostname=10.16.8.125 resolvedAddresses="[/ip4/10.16.8.125/udp/55890/quic-v1]"
[2026-10-07 10:35:37.216] [out] [delivery_module] DBG 2026-10-07 10:35:37.216+02:00 New connection established: client         tid=1150721
[2026-10-07 10:35:37.217] [out] [delivery_module] DBG 2026-10-07 10:35:37.217+02:00 Dialing peer                               topics="libp2p dialer" tid=1150721 peerId=16U*2FWeUS addrs="[/ip4/173.42.114.210/tcp/43243]"
[2026-10-07 10:35:37.217] [out] [delivery_module] DBG 2026-10-07 10:35:37.217+02:00 Expanded address and hostname              topics="libp2p dialer" tid=1150721 expandedAddress=/ip4/173.42.114.210/tcp/43243 hostname=173.42.114.210 resolvedAddresses="[/ip4/173.42.114.210/tcp/43243]"
[2026-10-07 10:35:37.218] [out] [delivery_module] DBG 2026-10-07 10:35:37.218+02:00 Dialing peer                               topics="libp2p dialer" tid=1150721 peerId=16U*yWaRuc addrs="[/ip4/172.16.34.89/udp/60946/quic-v1, /ip4/172.16.34.89/tcp/53686]"
[2026-10-07 10:35:37.218] [out] [delivery_module] DBG 2026-10-07 10:35:37.218+02:00 Expanded address and hostname              topics="libp2p dialer" tid=1150721 expandedAddress=/ip4/172.16.34.89/udp/60946/quic-v1 hostname=172.16.34.89 resolvedAddresses="[/ip4/172.16.34.89/udp/60946/quic-v1]"
[2026-10-07 10:35:37.218] [out] [delivery_module] DBG 2026-10-07 10:35:37.218+02:00 New connection established: client         tid=1150721
[2026-10-07 10:35:37.218] [out] [delivery_module] DBG 2026-10-07 10:35:37.218+02:00 Dialing peer                               topics="libp2p dialer" tid=1150721 peerId=16U*oJnadu addrs="[/ip4/10.1.0.169/udp/53213/quic-v1, /ip4/10.1.0.169/tcp/65467]"
[2026-10-07 10:35:37.218] [out] [delivery_module] DBG 2026-10-07 10:35:37.218+02:00 Expanded address and hostname              topics="libp2p dialer" tid=1150721 expandedAddress=/ip4/10.1.0.169/udp/53213/quic-v1 hostname=10.1.0.169 resolvedAddresses="[/ip4/10.1.0.169/udp/53213/quic-v1]"
[2026-10-07 10:35:37.218] [out] [delivery_module] DBG 2026-10-07 10:35:37.218+02:00 New connection established: client         tid=1150721
[2026-10-07 10:35:37.220] [out] [delivery_module] DBG 2026-10-07 10:35:37.220+02:00 Dialing peer                               topics="libp2p dialer" tid=1150721 peerId=16U*jQfE1X addrs="[/ip4/173.42.114.210/tcp/34927]"
[2026-10-07 10:35:37.220] [out] [delivery_module] DBG 2026-10-07 10:35:37.220+02:00 Expanded address and hostname              topics="libp2p dialer" tid=1150721 expandedAddress=/ip4/173.42.114.210/tcp/34927 hostname=173.42.114.210 resolvedAddresses="[/ip4/173.42.114.210/tcp/34927]"
[2026-10-07 10:35:37.221] [out] [delivery_module] DBG 2026-10-07 10:35:37.221+02:00 Dialing peer                               topics="libp2p dialer" tid=1150721 peerId=16U*28TTLb addrs="[/ip4/173.42.114.210/tcp/36503]"
[2026-10-07 10:35:37.221] [out] [delivery_module] DBG 2026-10-07 10:35:37.221+02:00 Expanded address and hostname              topics="libp2p dialer" tid=1150721 expandedAddress=/ip4/173.42.114.210/tcp/36503 hostname=173.42.114.210 resolvedAddresses="[/ip4/173.42.114.210/tcp/36503]"
[2026-10-07 10:35:37.222] [out] [delivery_module] DBG 2026-10-07 10:35:37.222+02:00 Lookup query                               topics="kad-dht find" tid=1150721 peer=16U*7ZEp3L
[2026-10-07 10:35:37.222] [out] [delivery_module] DBG 2026-10-07 10:35:37.222+02:00 Lookup query                               topics="kad-dht find" tid=1150721 peer=16U*CKtDKK
[2026-10-07 10:35:37.222] [out] [delivery_module] DBG 2026-10-07 10:35:37.222+02:00 Lookup query                               topics="kad-dht find" tid=1150721 peer=16U*k3v1b3
[2026-10-07 10:35:37.222] [out] [delivery_module] DBG 2026-10-07 10:35:37.222+02:00 Lookup query                               topics="kad-dht find" tid=1150721 peer=16U*2FWeUS
[2026-10-07 10:35:37.222] [out] [delivery_module] DBG 2026-10-07 10:35:37.222+02:00 Lookup query                               topics="kad-dht find" tid=1150721 peer=16U*yWaRuc
[2026-10-07 10:35:37.223] [out] [delivery_module] DBG 2026-10-07 10:35:37.223+02:00 Handshake done                             tid=1150721 status=1
[2026-10-07 10:35:37.223] [out] [delivery_module] DBG 2026-10-07 10:35:37.223+02:00 No mesh peer for the given pubsub topic    topics="waku relay" tid=1150721 pubsubTopic=/waku/2/rs/3/7
[2026-10-07 10:35:37.223] [out] [delivery_module] DBG 2026-10-07 10:35:37.223+02:00 no listener registered                     tid=1150722 event=onTopicHealthChange
[2026-10-07 10:35:37.223] [out] [delivery_module] DBG 2026-10-07 10:35:37.223+02:00 Dial successful                            topics="libp2p dialer" tid=1150721 peerId=16U*yWaRuc
[2026-10-07 10:35:37.223] [out] [delivery_module] DBG 2026-10-07 10:35:37.223+02:00 starting sendNonHighPriorityTask           topics="libp2p pubsubpeer" tid=1150721 p=16U*yWaRuc
[2026-10-07 10:35:37.223] [out] [delivery_module] DBG 2026-10-07 10:35:37.223+02:00 created new pubsub peer                    topics="libp2p pubsub" tid=1150721 peerId=16U*yWaRuc
[2026-10-07 10:35:37.223] [out] [delivery_module] DBG 2026-10-07 10:35:37.223+02:00 Creating stream                            tid=1150721
[2026-10-07 10:35:37.223] [out] [delivery_module] DBG 2026-10-07 10:35:37.223+02:00 New stream created                         tid=1150721
[2026-10-07 10:35:37.223] [out] [delivery_module] DBG 2026-10-07 10:35:37.223+02:00 no listener registered                     tid=1150722 event=onConnectionChange
[2026-10-07 10:35:37.223] [out] [delivery_module] DBG 2026-10-07 10:35:37.223+02:00 Creating stream                            tid=1150721
[2026-10-07 10:35:37.223] [out] [delivery_module] DBG 2026-10-07 10:35:37.223+02:00 New stream created                         tid=1150721
[2026-10-07 10:35:37.225] [out] [delivery_module] DBG 2026-10-07 10:35:37.225+02:00 New stream created                         tid=1150721
[2026-10-07 10:35:37.225] [out] [delivery_module] DBG 2026-10-07 10:35:37.225+02:00 Incoming WakuRelay connection              topics="waku relay" tid=1150721 connection=16U*yWaRuc:6ac60459e8c003e098ee1c83 protocol=/vac/waku/relay/2.0.0
[2026-10-07 10:35:37.225] [out] [delivery_module] DBG 2026-10-07 10:35:37.225+02:00 starting pubsub read loop                  topics="libp2p pubsubpeer" tid=1150721 stream=16U*yWaRuc:6ac60459e8c003e098ee1c83 peer=16U*yWaRuc closed=false
[2026-10-07 10:35:37.227] [out] [delivery_module] DBG 2026-10-07 10:35:37.227+02:00 Lookup query                               topics="kad-dht find" tid=1150721 peer=16U*oJnadu
[2026-10-07 10:35:37.227] [out] [delivery_module] DBG 2026-10-07 10:35:37.227+02:00 New stream created                         tid=1150721
[2026-10-07 10:35:37.227] [out] [delivery_module] DBG 2026-10-07 10:35:37.227+02:00 identify: info sent                        topics="libp2p identify" tid=1150721 stream=16U*yWaRuc:6ac60459e8c003e098ee1c84 info="(peerId: 16Uiu2HAmGhbo2ucTWZLQdvgiRirWEGedChnWvAzhGTYdLUNb4EaX, listenAddrs: [/ip4/0.0.0.0/tcp/51218, /ip4/0.0.0.0/udp/50339/quic-v1], addrs: [/ip4/0.0.0.0/tcp/51218, /ip4/0.0.0.0/udp/50339/quic-v1], protocols: [/ipfs/id/1.0.0, /libp2p/autonat/1.0.0, /libp2p/circuit/relay/0.2.0/hop, /vac/waku/metadata/1.0.0, /mix/1.0.0, /logos/service-discovery/1.0.0, /vac/waku/relay/2.0.0, /vac/waku/rendezvous/1.0.0, /ipfs/ping/1.0.0, /vac/waku/lightpush/3.0.0, /vac/waku/lightpush/2.0.0-beta1, /vac/waku/filter-subscribe/2.0.0-beta1, /vac/waku/filter-push/2.0.0-beta1, /vac/waku/peer-exchange/2.0.0-alpha1], protoVersion: ipfs/0.1.0, agentVersion: logos-delivery-v0.39.0-gca2814)"
[2026-10-07 10:35:37.228] [out] [delivery_module] DBG 2026-10-07 10:35:37.228+02:00 identify: info received                    topics="libp2p identify" tid=1150721 stream=16U*yWaRuc:6ac60459e8c003e098ee1c82 pubkey=ok(sec...1d50)) addresses=/ip4/172.16.34.89/tcp/53686,/ip4/172.16.34.89/udp/60946/quic-v1 protocols=/ipfs/id/1.0.0,/libp2p/autonat/1.0.0,/libp2p/circuit/relay/0.2.0/hop,/vac/waku/metadata/1.0.0,/mix/1.0.0,/logos/service-discovery/1.0.0,/vac/waku/relay/2.0.0,/vac/waku/rendezvous/1.0.0,/ipfs/ping/1.0.0,/vac/waku/lightpush/3.0.0,/vac/waku/lightpush/2.0.0-beta1,/vac/waku/filter-subscribe/2.0.0-beta1,/vac/waku/filter-push/2.0.0-beta1,/vac/waku/peer-exchange/2.0.0-alpha1 observable_address=ok(/ip4/172.16.34.89/udp/50339/quic-v1) proto_version=ipfs/0.1.0 agent_version=logos-delivery-v0.39.0-g3a478e signedPeerRecord=None
[2026-10-07 10:35:37.228] [out] [delivery_module] DBG 2026-10-07 10:35:37.228+02:00 Event identified                           topics="waku node peer_manager" tid=1150721 peerId=16U*yWaRuc
[2026-10-07 10:35:37.228] [out] [delivery_module] DBG 2026-10-07 10:35:37.228+02:00 Creating stream                            tid=1150721
[2026-10-07 10:35:37.228] [out] [delivery_module] DBG 2026-10-07 10:35:37.228+02:00 New stream created                         tid=1150721
[2026-10-07 10:35:37.228] [out] [delivery_module] DBG 2026-10-07 10:35:37.228+02:00 no listener registered                     tid=1150722 event=onConnectionChange
[2026-10-07 10:35:37.228] [out] [delivery_module] DBG 2026-10-07 10:35:37.228+02:00 starting pubsub read loop                  topics="libp2p pubsubpeer" tid=1150721 stream=16U*yWaRuc:6ac60459e8c003e098ee1c81 peer=16U*yWaRuc closed=false
[2026-10-07 10:35:37.229] [out] [delivery_module] DBG 2026-10-07 10:35:37.229+02:00 New stream created                         tid=1150721
[2026-10-07 10:35:37.229] [out] [delivery_module] DBG 2026-10-07 10:35:37.229+02:00 Received WakuMetadata request              topics="waku metadata" tid=1150721 remoteClusterId=ok(3) remoteShards="[5, 0, 2, 1, 4, 7, 3, 6]" localClusterId=3 localShards="[7]" peer=16U*yWaRuc
[2026-10-07 10:35:37.230] [out] [delivery_module] DBG 2026-10-07 10:35:37.230+02:00 no listener registered                     tid=1150722 event=onConnectionChange
[2026-10-07 10:35:37.230] [out] [delivery_module] DBG 2026-10-07 10:35:37.230+02:00 Creating stream                            tid=1150721
[2026-10-07 10:35:37.230] [out] [delivery_module] DBG 2026-10-07 10:35:37.230+02:00 New stream created                         tid=1150721
[2026-10-07 10:35:37.234] [out] [delivery_module] DBG 2026-10-07 10:35:37.233+02:00 Lookup query                               topics="kad-dht find" tid=1150721 peer=16U*jQfE1X
[2026-10-07 10:35:37.429] [out] [delivery_module] DBG 2026-10-07 10:35:37.429+02:00 Dial successful                            topics="libp2p dialer" tid=1150721 peerId=16U*TwqBiH
[2026-10-07 10:35:37.429] [out] [delivery_module] DBG 2026-10-07 10:35:37.429+02:00 Dial successful                            topics="libp2p dialer" tid=1150721 peerId=16U*P1S397
[2026-10-07 10:35:37.430] [out] [delivery_module] DBG 2026-10-07 10:35:37.430+02:00 starting sendNonHighPriorityTask           topics="libp2p pubsubpeer" tid=1150721 p=16U*TwqBiH
[2026-10-07 10:35:37.430] [out] [delivery_module] DBG 2026-10-07 10:35:37.430+02:00 created new pubsub peer                    topics="libp2p pubsub" tid=1150721 peerId=16U*TwqBiH
[2026-10-07 10:35:37.430] [out] [delivery_module] DBG 2026-10-07 10:35:37.430+02:00 no listener registered                     tid=1150722 event=onConnectionChange
[2026-10-07 10:35:37.431] [out] [delivery_module] DBG 2026-10-07 10:35:37.430+02:00 starting sendNonHighPriorityTask           topics="libp2p pubsubpeer" tid=1150721 p=16U*P1S397
[2026-10-07 10:35:37.431] [out] [delivery_module] DBG 2026-10-07 10:35:37.431+02:00 no listener registered                     tid=1150722 event=onConnectionChange
[2026-10-07 10:35:37.431] [out] [delivery_module] DBG 2026-10-07 10:35:37.431+02:00 created new pubsub peer                    topics="libp2p pubsub" tid=1150721 peerId=16U*P1S397
[2026-10-07 10:35:37.432] [out] [delivery_module] DBG 2026-10-07 10:35:37.432+02:00 Incoming WakuRelay connection              topics="waku relay" tid=1150721 connection=16U*TwqBiH:6ac60459e8c003e098ee1c8e protocol=/vac/waku/relay/2.0.0
[2026-10-07 10:35:37.432] [out] [delivery_module] DBG 2026-10-07 10:35:37.432+02:00 starting pubsub read loop                  topics="libp2p pubsubpeer" tid=1150721 stream=16U*TwqBiH:6ac60459e8c003e098ee1c8e peer=16U*TwqBiH closed=false
[2026-10-07 10:35:37.432] [out] [delivery_module] DBG 2026-10-07 10:35:37.432+02:00 identify: info sent                        topics="libp2p identify" tid=1150721 stream=16U*TwqBiH:6ac60459e8c003e098ee1c8f info="(peerId: 16Uiu2HAmGhbo2ucTWZLQdvgiRirWEGedChnWvAzhGTYdLUNb4EaX, listenAddrs: [/ip4/0.0.0.0/tcp/51218, /ip4/0.0.0.0/udp/50339/quic-v1], addrs: [/ip4/0.0.0.0/tcp/51218, /ip4/0.0.0.0/udp/50339/quic-v1], protocols: [/ipfs/id/1.0.0, /libp2p/autonat/1.0.0, /libp2p/circuit/relay/0.2.0/hop, /vac/waku/metadata/1.0.0, /mix/1.0.0, /logos/service-discovery/1.0.0, /vac/waku/relay/2.0.0, /vac/waku/rendezvous/1.0.0, /ipfs/ping/1.0.0, /vac/waku/lightpush/3.0.0, /vac/waku/lightpush/2.0.0-beta1, /vac/waku/filter-subscribe/2.0.0-beta1, /vac/waku/filter-push/2.0.0-beta1, /vac/waku/peer-exchange/2.0.0-alpha1], protoVersion: ipfs/0.1.0, agentVersion: logos-delivery-v0.39.0-gca2814)"
[2026-10-07 10:35:37.453] [out] [delivery_module] DBG 2026-10-07 10:35:37.453+02:00 Incoming WakuRelay connection              topics="waku relay" tid=1150721 connection=16U*P1S397:6ac60459e8c003e098ee1c94 protocol=/vac/waku/relay/2.0.0
[2026-10-07 10:35:37.453] [out] [delivery_module] DBG 2026-10-07 10:35:37.453+02:00 starting pubsub read loop                  topics="libp2p pubsubpeer" tid=1150721 stream=16U*P1S397:6ac60459e8c003e098ee1c94 peer=16U*P1S397 closed=false
[2026-10-07 10:35:37.453] [out] [delivery_module] DBG 2026-10-07 10:35:37.453+02:00 identify: info sent                        topics="libp2p identify" tid=1150721 stream=16U*P1S397:6ac60459e8c003e098ee1c95 info="(peerId: 16Uiu2HAmGhbo2ucTWZLQdvgiRirWEGedChnWvAzhGTYdLUNb4EaX, listenAddrs: [/ip4/0.0.0.0/tcp/51218, /ip4/0.0.0.0/udp/50339/quic-v1], addrs: [/ip4/0.0.0.0/tcp/51218, /ip4/0.0.0.0/udp/50339/quic-v1], protocols: [/ipfs/id/1.0.0, /libp2p/autonat/1.0.0, /libp2p/circuit/relay/0.2.0/hop, /vac/waku/metadata/1.0.0, /mix/1.0.0, /logos/service-discovery/1.0.0, /vac/waku/relay/2.0.0, /vac/waku/rendezvous/1.0.0, /ipfs/ping/1.0.0, /vac/waku/lightpush/3.0.0, /vac/waku/lightpush/2.0.0-beta1, /vac/waku/filter-subscribe/2.0.0-beta1, /vac/waku/filter-push/2.0.0-beta1, /vac/waku/peer-exchange/2.0.0-alpha1], protoVersion: ipfs/0.1.0, agentVersion: logos-delivery-v0.39.0-gca2814)"
[2026-10-07 10:35:37.576] [out] [delivery_module] DBG 2026-10-07 10:35:37.576+02:00 starting pubsub read loop                  topics="libp2p pubsubpeer" tid=1150721 stream=16U*TwqBiH:6ac60459e8c003e098ee1c90 peer=16U*TwqBiH closed=false
[2026-10-07 10:35:37.585] [out] [delivery_module] DBG 2026-10-07 10:35:37.585+02:00 identify: info received                    topics="libp2p identify" tid=1150721 stream=16U*TwqBiH:6ac60459e8c003e098ee1c91 pubkey=ok(sec...fed6)) addresses=/ip4/34.123.201.25/tcp/30303,/ip4/34.123.201.25/udp/30303/quic-v1,/dns4/delivery-02.gc-us-central1-a.logos.dev.status.im/tcp/30303 protocols=/ipfs/id/1.0.0,/libp2p/autonat/1.0.0,/libp2p/circuit/relay/0.2.0/hop,/vac/waku/metadata/1.0.0,/mix/1.0.0,/logos/service-discovery/1.0.0,/vac/waku/store-query/3.0.0,/vac/waku/relay/2.0.0,/vac/waku/rendezvous/1.0.0,/ipfs/ping/1.0.0,/vac/waku/lightpush/3.0.0,/vac/waku/lightpush/2.0.0-beta1,/vac/waku/filter-subscribe/2.0.0-beta1,/vac/waku/filter-push/2.0.0-beta1,/vac/waku/peer-exchange/2.0.0-alpha1 observable_address=ok(/ip4/83.135.41.108/tcp/59208) proto_version=ipfs/0.1.0 agent_version=logos-delivery-v0.39.0-g890397 signedPeerRecord=None
[2026-10-07 10:35:37.585] [out] [delivery_module] DBG 2026-10-07 10:35:37.585+02:00 starting pubsub read loop                  topics="libp2p pubsubpeer" tid=1150721 stream=16U*P1S397:6ac60459e8c003e098ee1c92 peer=16U*P1S397 closed=false
[2026-10-07 10:35:37.586] [out] [delivery_module] DBG 2026-10-07 10:35:37.586+02:00 Event identified                           topics="waku node peer_manager" tid=1150721 peerId=16U*TwqBiH
[2026-10-07 10:35:37.586] [out] [delivery_module] DBG 2026-10-07 10:35:37.586+02:00 no listener registered                     tid=1150722 event=onConnectionChange
[2026-10-07 10:35:37.589] [out] [delivery_module] DBG 2026-10-07 10:35:37.589+02:00 identify: info received                    topics="libp2p identify" tid=1150721 stream=16U*P1S397:6ac60459e8c003e098ee1c93 pubkey=ok(sec...97dc)) addresses=/ip4/136.119.156.87/tcp/30303,/ip4/136.119.156.87/udp/30303/quic-v1,/dns4/delivery-01.gc-us-central1-a.logos.dev.status.im/tcp/30303 protocols=/ipfs/id/1.0.0,/libp2p/autonat/1.0.0,/libp2p/circuit/relay/0.2.0/hop,/vac/waku/metadata/1.0.0,/mix/1.0.0,/logos/service-discovery/1.0.0,/vac/waku/store-query/3.0.0,/vac/waku/relay/2.0.0,/vac/waku/rendezvous/1.0.0,/ipfs/ping/1.0.0,/vac/waku/lightpush/3.0.0,/vac/waku/lightpush/2.0.0-beta1,/vac/waku/filter-subscribe/2.0.0-beta1,/vac/waku/filter-push/2.0.0-beta1,/vac/waku/peer-exchange/2.0.0-alpha1 observable_address=ok(/ip4/83.135.41.108/tcp/43510) proto_version=ipfs/0.1.0 agent_version=logos-delivery-v0.39.0-g890397 signedPeerRecord=None
[2026-10-07 10:35:37.592] [out] [delivery_module] DBG 2026-10-07 10:35:37.592+02:00 Event identified                           topics="waku node peer_manager" tid=1150721 peerId=16U*P1S397
[2026-10-07 10:35:37.592] [out] [delivery_module] DBG 2026-10-07 10:35:37.592+02:00 no listener registered                     tid=1150722 event=onConnectionChange
[2026-10-07 10:35:37.726] [out] [delivery_module] DBG 2026-10-07 10:35:37.726+02:00 Received WakuMetadata request              topics="waku metadata" tid=1150721 remoteClusterId=ok(3) remoteShards="[5, 0, 2, 1, 4, 7, 3, 6]" localClusterId=3 localShards="[7]" peer=16U*TwqBiH
[2026-10-07 10:35:37.726] [out] [delivery_module] DBG 2026-10-07 10:35:37.726+02:00 no listener registered                     tid=1150722 event=onTopicHealthChange
[2026-10-07 10:35:37.782] [out] [delivery_module] DBG 2026-10-07 10:35:37.782+02:00 Dial successful                            topics="libp2p dialer" tid=1150721 peerId=16U*kGyuEP
[2026-10-07 10:35:37.783] [out] [delivery_module] DBG 2026-10-07 10:35:37.783+02:00 Dial successful                            topics="libp2p dialer" tid=1150721 peerId=16U*T3UNSE
[2026-10-07 10:35:37.783] [out] [delivery_module] DBG 2026-10-07 10:35:37.783+02:00 starting sendNonHighPriorityTask           topics="libp2p pubsubpeer" tid=1150721 p=16U*kGyuEP
[2026-10-07 10:35:37.783] [out] [delivery_module] DBG 2026-10-07 10:35:37.783+02:00 created new pubsub peer                    topics="libp2p pubsub" tid=1150721 peerId=16U*kGyuEP
[2026-10-07 10:35:37.783] [out] [delivery_module] DBG 2026-10-07 10:35:37.783+02:00 no listener registered                     tid=1150722 event=onConnectionChange
[2026-10-07 10:35:37.783] [out] [delivery_module] DBG 2026-10-07 10:35:37.783+02:00 starting sendNonHighPriorityTask           topics="libp2p pubsubpeer" tid=1150721 p=16U*T3UNSE
[2026-10-07 10:35:37.783] [out] [delivery_module] DBG 2026-10-07 10:35:37.783+02:00 created new pubsub peer                    topics="libp2p pubsub" tid=1150721 peerId=16U*T3UNSE
[2026-10-07 10:35:37.783] [out] [delivery_module] DBG 2026-10-07 10:35:37.783+02:00 no listener registered                     tid=1150722 event=onConnectionChange
[2026-10-07 10:35:37.784] [out] [delivery_module] DBG 2026-10-07 10:35:37.784+02:00 Incoming WakuRelay connection              topics="waku relay" tid=1150721 connection=16U*kGyuEP:6ac60459e8c003e098ee1ca0 protocol=/vac/waku/relay/2.0.0
[2026-10-07 10:35:37.784] [out] [delivery_module] DBG 2026-10-07 10:35:37.784+02:00 starting pubsub read loop                  topics="libp2p pubsubpeer" tid=1150721 stream=16U*kGyuEP:6ac60459e8c003e098ee1ca0 peer=16U*kGyuEP closed=false
[2026-10-07 10:35:37.784] [out] [delivery_module] DBG 2026-10-07 10:35:37.784+02:00 identify: info sent                        topics="libp2p identify" tid=1150721 stream=16U*kGyuEP:6ac60459e8c003e098ee1ca1 info="(peerId: 16Uiu2HAmGhbo2ucTWZLQdvgiRirWEGedChnWvAzhGTYdLUNb4EaX, listenAddrs: [/ip4/0.0.0.0/tcp/51218, /ip4/0.0.0.0/udp/50339/quic-v1], addrs: [/ip4/0.0.0.0/tcp/51218, /ip4/0.0.0.0/udp/50339/quic-v1], protocols: [/ipfs/id/1.0.0, /libp2p/autonat/1.0.0, /libp2p/circuit/relay/0.2.0/hop, /vac/waku/metadata/1.0.0, /mix/1.0.0, /logos/service-discovery/1.0.0, /vac/waku/relay/2.0.0, /vac/waku/rendezvous/1.0.0, /ipfs/ping/1.0.0, /vac/waku/lightpush/3.0.0, /vac/waku/lightpush/2.0.0-beta1, /vac/waku/filter-subscribe/2.0.0-beta1, /vac/waku/filter-push/2.0.0-beta1, /vac/waku/peer-exchange/2.0.0-alpha1], protoVersion: ipfs/0.1.0, agentVersion: logos-delivery-v0.39.0-gca2814)"
[2026-10-07 10:35:37.784] [out] [delivery_module] DBG 2026-10-07 10:35:37.784+02:00 Incoming WakuRelay connection              topics="waku relay" tid=1150721 connection=16U*T3UNSE:6ac60459e8c003e098ee1ca2 protocol=/vac/waku/relay/2.0.0
[2026-10-07 10:35:37.784] [out] [delivery_module] DBG 2026-10-07 10:35:37.784+02:00 starting pubsub read loop                  topics="libp2p pubsubpeer" tid=1150721 stream=16U*T3UNSE:6ac60459e8c003e098ee1ca2 peer=16U*T3UNSE closed=false
[2026-10-07 10:35:37.785] [out] [delivery_module] DBG 2026-10-07 10:35:37.785+02:00 identify: info sent                        topics="libp2p identify" tid=1150721 stream=16U*T3UNSE:6ac60459e8c003e098ee1ca3 info="(peerId: 16Uiu2HAmGhbo2ucTWZLQdvgiRirWEGedChnWvAzhGTYdLUNb4EaX, listenAddrs: [/ip4/0.0.0.0/tcp/51218, /ip4/0.0.0.0/udp/50339/quic-v1], addrs: [/ip4/0.0.0.0/tcp/51218, /ip4/0.0.0.0/udp/50339/quic-v1], protocols: [/ipfs/id/1.0.0, /libp2p/autonat/1.0.0, /libp2p/circuit/relay/0.2.0/hop, /vac/waku/metadata/1.0.0, /mix/1.0.0, /logos/service-discovery/1.0.0, /vac/waku/relay/2.0.0, /vac/waku/rendezvous/1.0.0, /ipfs/ping/1.0.0, /vac/waku/lightpush/3.0.0, /vac/waku/lightpush/2.0.0-beta1, /vac/waku/filter-subscribe/2.0.0-beta1, /vac/waku/filter-push/2.0.0-beta1, /vac/waku/peer-exchange/2.0.0-alpha1], protoVersion: ipfs/0.1.0, agentVersion: logos-delivery-v0.39.0-gca2814)"
[2026-10-07 10:35:37.802] [out] [delivery_module] WRN 2026-10-07 10:35:37.802+02:00 NAT port mapping failed                    topics="libp2p natservice" tid=1150721 port=51218 proto=mpTcp err="plum: mapping 0 failed"
[2026-10-07 10:35:37.806] [out] [delivery_module] DBG 2026-10-07 10:35:37.805+02:00 Received WakuMetadata request              topics="waku metadata" tid=1150721 remoteClusterId=ok(3) remoteShards="[5, 0, 2, 1, 4, 7, 3, 6]" localClusterId=3 localShards="[7]" peer=16U*P1S397
[2026-10-07 10:35:37.809] [out] [delivery_module] DBG 2026-10-07 10:35:37.809+02:00 Dial successful                            topics="libp2p dialer" tid=1150721 peerId=16U*jQfE1X
[2026-10-07 10:35:37.809] [out] [delivery_module] DBG 2026-10-07 10:35:37.809+02:00 Dial successful                            topics="libp2p dialer" tid=1150721 peerId=16U*2FWeUS
[2026-10-07 10:35:37.809] [out] [delivery_module] DBG 2026-10-07 10:35:37.809+02:00 Dial successful                            topics="libp2p dialer" tid=1150721 peerId=16U*CKtDKK
[2026-10-07 10:35:37.809] [out] [delivery_module] DBG 2026-10-07 10:35:37.809+02:00 starting sendNonHighPriorityTask           topics="libp2p pubsubpeer" tid=1150721 p=16U*jQfE1X
[2026-10-07 10:35:37.809] [out] [delivery_module] DBG 2026-10-07 10:35:37.809+02:00 created new pubsub peer                    topics="libp2p pubsub" tid=1150721 peerId=16U*jQfE1X
[2026-10-07 10:35:37.809] [out] [delivery_module] DBG 2026-10-07 10:35:37.809+02:00 no listener registered                     tid=1150722 event=onConnectionChange
[2026-10-07 10:35:37.810] [out] [delivery_module] DBG 2026-10-07 10:35:37.810+02:00 Dial successful                            topics="libp2p dialer" tid=1150721 peerId=16U*28TTLb
[2026-10-07 10:35:37.810] [out] [delivery_module] DBG 2026-10-07 10:35:37.810+02:00 starting sendNonHighPriorityTask           topics="libp2p pubsubpeer" tid=1150721 p=16U*2FWeUS
[2026-10-07 10:35:37.810] [out] [delivery_module] DBG 2026-10-07 10:35:37.810+02:00 created new pubsub peer                    topics="libp2p pubsub" tid=1150721 peerId=16U*2FWeUS
[2026-10-07 10:35:37.810] [out] [delivery_module] DBG 2026-10-07 10:35:37.810+02:00 no listener registered                     tid=1150722 event=onConnectionChange
[2026-10-07 10:35:37.811] [out] [delivery_module] DBG 2026-10-07 10:35:37.811+02:00 starting sendNonHighPriorityTask           topics="libp2p pubsubpeer" tid=1150721 p=16U*CKtDKK
[2026-10-07 10:35:37.811] [out] [delivery_module] DBG 2026-10-07 10:35:37.811+02:00 created new pubsub peer                    topics="libp2p pubsub" tid=1150721 peerId=16U*CKtDKK
[2026-10-07 10:35:37.811] [out] [delivery_module] DBG 2026-10-07 10:35:37.811+02:00 no listener registered                     tid=1150722 event=onConnectionChange
[2026-10-07 10:35:37.811] [out] [delivery_module] DBG 2026-10-07 10:35:37.811+02:00 starting sendNonHighPriorityTask           topics="libp2p pubsubpeer" tid=1150721 p=16U*28TTLb
[2026-10-07 10:35:37.811] [out] [delivery_module] DBG 2026-10-07 10:35:37.811+02:00 created new pubsub peer                    topics="libp2p pubsub" tid=1150721 peerId=16U*28TTLb
[2026-10-07 10:35:37.811] [out] [delivery_module] DBG 2026-10-07 10:35:37.811+02:00 no listener registered                     tid=1150722 event=onConnectionChange
[2026-10-07 10:35:37.812] [out] [delivery_module] DBG 2026-10-07 10:35:37.812+02:00 Incoming WakuRelay connection              topics="waku relay" tid=1150721 connection=16U*CKtDKK:6ac60459e8c003e098ee1cb0 protocol=/vac/waku/relay/2.0.0
[2026-10-07 10:35:37.812] [out] [delivery_module] DBG 2026-10-07 10:35:37.812+02:00 starting pubsub read loop                  topics="libp2p pubsubpeer" tid=1150721 stream=16U*CKtDKK:6ac60459e8c003e098ee1cb0 peer=16U*CKtDKK closed=false
[2026-10-07 10:35:37.812] [out] [delivery_module] DBG 2026-10-07 10:35:37.812+02:00 identify: info sent                        topics="libp2p identify" tid=1150721 stream=16U*CKtDKK:6ac60459e8c003e098ee1cb1 info="(peerId: 16Uiu2HAmGhbo2ucTWZLQdvgiRirWEGedChnWvAzhGTYdLUNb4EaX, listenAddrs: [/ip4/0.0.0.0/tcp/51218, /ip4/0.0.0.0/udp/50339/quic-v1], addrs: [/ip4/0.0.0.0/tcp/51218, /ip4/0.0.0.0/udp/50339/quic-v1], protocols: [/ipfs/id/1.0.0, /libp2p/autonat/1.0.0, /libp2p/circuit/relay/0.2.0/hop, /vac/waku/metadata/1.0.0, /mix/1.0.0, /logos/service-discovery/1.0.0, /vac/waku/relay/2.0.0, /vac/waku/rendezvous/1.0.0, /ipfs/ping/1.0.0, /vac/waku/lightpush/3.0.0, /vac/waku/lightpush/2.0.0-beta1, /vac/waku/filter-subscribe/2.0.0-beta1, /vac/waku/filter-push/2.0.0-beta1, /vac/waku/peer-exchange/2.0.0-alpha1], protoVersion: ipfs/0.1.0, agentVersion: logos-delivery-v0.39.0-gca2814)"
[2026-10-07 10:35:37.816] [out] [delivery_module] DBG 2026-10-07 10:35:37.816+02:00 Incoming WakuRelay connection              topics="waku relay" tid=1150721 connection=16U*28TTLb:6ac60459e8c003e098ee1cb2 protocol=/vac/waku/relay/2.0.0
[2026-10-07 10:35:37.816] [out] [delivery_module] DBG 2026-10-07 10:35:37.816+02:00 starting pubsub read loop                  topics="libp2p pubsubpeer" tid=1150721 stream=16U*28TTLb:6ac60459e8c003e098ee1cb2 peer=16U*28TTLb closed=false
[2026-10-07 10:35:37.816] [out] [delivery_module] DBG 2026-10-07 10:35:37.816+02:00 identify: info sent                        topics="libp2p identify" tid=1150721 stream=16U*28TTLb:6ac60459e8c003e098ee1cb3 info="(peerId: 16Uiu2HAmGhbo2ucTWZLQdvgiRirWEGedChnWvAzhGTYdLUNb4EaX, listenAddrs: [/ip4/0.0.0.0/tcp/51218, /ip4/0.0.0.0/udp/50339/quic-v1], addrs: [/ip4/0.0.0.0/tcp/51218, /ip4/0.0.0.0/udp/50339/quic-v1], protocols: [/ipfs/id/1.0.0, /libp2p/autonat/1.0.0, /libp2p/circuit/relay/0.2.0/hop, /vac/waku/metadata/1.0.0, /mix/1.0.0, /logos/service-discovery/1.0.0, /vac/waku/relay/2.0.0, /vac/waku/rendezvous/1.0.0, /ipfs/ping/1.0.0, /vac/waku/lightpush/3.0.0, /vac/waku/lightpush/2.0.0-beta1, /vac/waku/filter-subscribe/2.0.0-beta1, /vac/waku/filter-push/2.0.0-beta1, /vac/waku/peer-exchange/2.0.0-alpha1], protoVersion: ipfs/0.1.0, agentVersion: logos-delivery-v0.39.0-gca2814)"
[2026-10-07 10:35:37.816] [out] [delivery_module] DBG 2026-10-07 10:35:37.816+02:00 Incoming WakuRelay connection              topics="waku relay" tid=1150721 connection=16U*2FWeUS:6ac60459e8c003e098ee1cb4 protocol=/vac/waku/relay/2.0.0
[2026-10-07 10:35:37.816] [out] [delivery_module] DBG 2026-10-07 10:35:37.816+02:00 starting pubsub read loop                  topics="libp2p pubsubpeer" tid=1150721 stream=16U*2FWeUS:6ac60459e8c003e098ee1cb4 peer=16U*2FWeUS closed=false
[2026-10-07 10:35:37.816] [out] [delivery_module] DBG 2026-10-07 10:35:37.816+02:00 identify: info sent                        topics="libp2p identify" tid=1150721 stream=16U*2FWeUS:6ac60459e8c003e098ee1cb5 info="(peerId: 16Uiu2HAmGhbo2ucTWZLQdvgiRirWEGedChnWvAzhGTYdLUNb4EaX, listenAddrs: [/ip4/0.0.0.0/tcp/51218, /ip4/0.0.0.0/udp/50339/quic-v1], addrs: [/ip4/0.0.0.0/tcp/51218, /ip4/0.0.0.0/udp/50339/quic-v1], protocols: [/ipfs/id/1.0.0, /libp2p/autonat/1.0.0, /libp2p/circuit/relay/0.2.0/hop, /vac/waku/metadata/1.0.0, /mix/1.0.0, /logos/service-discovery/1.0.0, /vac/waku/relay/2.0.0, /vac/waku/rendezvous/1.0.0, /ipfs/ping/1.0.0, /vac/waku/lightpush/3.0.0, /vac/waku/lightpush/2.0.0-beta1, /vac/waku/filter-subscribe/2.0.0-beta1, /vac/waku/filter-push/2.0.0-beta1, /vac/waku/peer-exchange/2.0.0-alpha1], protoVersion: ipfs/0.1.0, agentVersion: logos-delivery-v0.39.0-gca2814)"
[2026-10-07 10:35:37.816] [out] [delivery_module] DBG 2026-10-07 10:35:37.816+02:00 Incoming WakuRelay connection              topics="waku relay" tid=1150721 connection=16U*jQfE1X:6ac60459e8c003e098ee1cb6 protocol=/vac/waku/relay/2.0.0
[2026-10-07 10:35:37.817] [out] [delivery_module] DBG 2026-10-07 10:35:37.817+02:00 starting pubsub read loop                  topics="libp2p pubsubpeer" tid=1150721 stream=16U*jQfE1X:6ac60459e8c003e098ee1cb6 peer=16U*jQfE1X closed=false
[2026-10-07 10:35:37.817] [out] [delivery_module] DBG 2026-10-07 10:35:37.817+02:00 identify: info sent                        topics="libp2p identify" tid=1150721 stream=16U*jQfE1X:6ac60459e8c003e098ee1cb7 info="(peerId: 16Uiu2HAmGhbo2ucTWZLQdvgiRirWEGedChnWvAzhGTYdLUNb4EaX, listenAddrs: [/ip4/0.0.0.0/tcp/51218, /ip4/0.0.0.0/udp/50339/quic-v1], addrs: [/ip4/0.0.0.0/tcp/51218, /ip4/0.0.0.0/udp/50339/quic-v1], protocols: [/ipfs/id/1.0.0, /libp2p/autonat/1.0.0, /libp2p/circuit/relay/0.2.0/hop, /vac/waku/metadata/1.0.0, /mix/1.0.0, /logos/service-discovery/1.0.0, /vac/waku/relay/2.0.0, /vac/waku/rendezvous/1.0.0, /ipfs/ping/1.0.0, /vac/waku/lightpush/3.0.0, /vac/waku/lightpush/2.0.0-beta1, /vac/waku/filter-subscribe/2.0.0-beta1, /vac/waku/filter-push/2.0.0-beta1, /vac/waku/peer-exchange/2.0.0-alpha1], protoVersion: ipfs/0.1.0, agentVersion: logos-delivery-v0.39.0-gca2814)"
[2026-10-07 10:35:37.862] [out] [delivery_module] DBG 2026-10-07 10:35:37.862+02:00 no listener registered                     tid=1150722 event=onConnectionChange
[2026-10-07 10:35:37.862] [out] [delivery_module] DBG 2026-10-07 10:35:37.862+02:00 no listener registered                     tid=1150722 event=onConnectionChange
[2026-10-07 10:35:37.941] [out] [delivery_module] DBG 2026-10-07 10:35:37.940+02:00 identify: info received                    topics="libp2p identify" tid=1150721 stream=16U*2FWeUS:6ac60459e8c003e098ee1cab pubkey=ok(sec...8d4a)) addresses=/ip4/173.42.114.210/tcp/43243 protocols=/ipfs/id/1.0.0,/libp2p/autonat/1.0.0,/libp2p/circuit/relay/0.2.0/hop,/vac/waku/metadata/1.0.0,/logos/service-discovery/1.0.0,/vac/waku/relay/2.0.0,/vac/waku/rendezvous/1.0.0,/ipfs/ping/1.0.0,/vac/waku/lightpush/3.0.0,/vac/waku/lightpush/2.0.0-beta1,/vac/waku/filter-subscribe/2.0.0-beta1,/vac/waku/filter-push/2.0.0-beta1,/vac/waku/peer-exchange/2.0.0-alpha1 observable_address=ok(/ip4/83.135.41.108/tcp/54660) proto_version=ipfs/0.1.0 agent_version=logos-delivery-v0.39.0-gca2814 signedPeerRecord=None
[2026-10-07 10:35:37.943] [out] [delivery_module] DBG 2026-10-07 10:35:37.943+02:00 starting pubsub read loop                  topics="libp2p pubsubpeer" tid=1150721 stream=16U*2FWeUS:6ac60459e8c003e098ee1caa peer=16U*2FWeUS closed=false
[2026-10-07 10:35:37.944] [out] [delivery_module] DBG 2026-10-07 10:35:37.943+02:00 starting pubsub read loop                  topics="libp2p pubsubpeer" tid=1150721 stream=16U*jQfE1X:6ac60459e8c003e098ee1ca8 peer=16U*jQfE1X closed=false
[2026-10-07 10:35:37.944] [out] [delivery_module] DBG 2026-10-07 10:35:37.944+02:00 starting pubsub read loop                  topics="libp2p pubsubpeer" tid=1150721 stream=16U*28TTLb:6ac60459e8c003e098ee1cae peer=16U*28TTLb closed=false
[2026-10-07 10:35:37.944] [out] [delivery_module] DBG 2026-10-07 10:35:37.944+02:00 Event identified                           topics="waku node peer_manager" tid=1150721 peerId=16U*2FWeUS
[2026-10-07 10:35:37.944] [out] [delivery_module] DBG 2026-10-07 10:35:37.944+02:00 identify: info received                    topics="libp2p identify" tid=1150721 stream=16U*jQfE1X:6ac60459e8c003e098ee1ca9 pubkey=ok(sec...14d1)) addresses=/ip4/173.42.114.210/tcp/34927 protocols=/ipfs/id/1.0.0,/libp2p/autonat/1.0.0,/libp2p/circuit/relay/0.2.0/hop,/vac/waku/metadata/1.0.0,/logos/service-discovery/1.0.0,/vac/waku/relay/2.0.0,/vac/waku/rendezvous/1.0.0,/ipfs/ping/1.0.0,/vac/waku/lightpush/3.0.0,/vac/waku/lightpush/2.0.0-beta1,/vac/waku/filter-subscribe/2.0.0-beta1,/vac/waku/filter-push/2.0.0-beta1,/vac/waku/peer-exchange/2.0.0-alpha1 observable_address=ok(/ip4/83.135.41.108/tcp/64249) proto_version=ipfs/0.1.0 agent_version=logos-delivery-v0.39.0-gca2814 signedPeerRecord=None
[2026-10-07 10:35:37.944] [out] [delivery_module] DBG 2026-10-07 10:35:37.944+02:00 no listener registered                     tid=1150722 event=onConnectionChange
[2026-10-07 10:35:37.945] [out] [delivery_module] DBG 2026-10-07 10:35:37.944+02:00 identify: info received                    topics="libp2p identify" tid=1150721 stream=16U*CKtDKK:6ac60459e8c003e098ee1cad pubkey=ok(sec...f39a)) addresses=/ip4/173.42.114.210/tcp/37945 protocols=/ipfs/id/1.0.0,/libp2p/autonat/1.0.0,/libp2p/circuit/relay/0.2.0/hop,/vac/waku/metadata/1.0.0,/logos/service-discovery/1.0.0,/vac/waku/relay/2.0.0,/vac/waku/rendezvous/1.0.0,/ipfs/ping/1.0.0,/vac/waku/lightpush/3.0.0,/vac/waku/lightpush/2.0.0-beta1,/vac/waku/filter-subscribe/2.0.0-beta1,/vac/waku/filter-push/2.0.0-beta1,/vac/waku/peer-exchange/2.0.0-alpha1 observable_address=ok(/ip4/83.135.41.108/tcp/46349) proto_version=ipfs/0.1.0 agent_version=logos-delivery-v0.39.0-gca2814 signedPeerRecord=None
[2026-10-07 10:35:37.945] [out] [delivery_module] DBG 2026-10-07 10:35:37.945+02:00 identify: info received                    topics="libp2p identify" tid=1150721 stream=16U*28TTLb:6ac60459e8c003e098ee1caf pubkey=ok(sec...4b7b)) addresses=/ip4/173.42.114.210/tcp/36503 protocols=/ipfs/id/1.0.0,/libp2p/autonat/1.0.0,/libp2p/circuit/relay/0.2.0/hop,/vac/waku/metadata/1.0.0,/logos/service-discovery/1.0.0,/vac/waku/relay/2.0.0,/vac/waku/rendezvous/1.0.0,/ipfs/ping/1.0.0,/vac/waku/lightpush/3.0.0,/vac/waku/lightpush/2.0.0-beta1,/vac/waku/filter-subscribe/2.0.0-beta1,/vac/waku/filter-push/2.0.0-beta1,/vac/waku/peer-exchange/2.0.0-alpha1 observable_address=ok(/ip4/83.135.41.108/tcp/11580) proto_version=ipfs/0.1.0 agent_version=logos-delivery-v0.39.0-gca2814 signedPeerRecord=None
[2026-10-07 10:35:37.945] [out] [delivery_module] DBG 2026-10-07 10:35:37.945+02:00 starting pubsub read loop                  topics="libp2p pubsubpeer" tid=1150721 stream=16U*CKtDKK:6ac60459e8c003e098ee1cac peer=16U*CKtDKK closed=false
[2026-10-07 10:35:37.945] [out] [delivery_module] DBG 2026-10-07 10:35:37.945+02:00 Event identified                           topics="waku node peer_manager" tid=1150721 peerId=16U*jQfE1X
[2026-10-07 10:35:37.945] [out] [delivery_module] DBG 2026-10-07 10:35:37.945+02:00 no listener registered                     tid=1150722 event=onConnectionChange
[2026-10-07 10:35:37.946] [out] [delivery_module] DBG 2026-10-07 10:35:37.946+02:00 Event identified                           topics="waku node peer_manager" tid=1150721 peerId=16U*CKtDKK
[2026-10-07 10:35:37.946] [out] [delivery_module] DBG 2026-10-07 10:35:37.946+02:00 Event identified                           topics="waku node peer_manager" tid=1150721 peerId=16U*28TTLb
[2026-10-07 10:35:37.946] [out] [delivery_module] DBG 2026-10-07 10:35:37.946+02:00 no listener registered                     tid=1150722 event=onConnectionChange
[2026-10-07 10:35:37.946] [out] [delivery_module] DBG 2026-10-07 10:35:37.946+02:00 no listener registered                     tid=1150722 event=onConnectionChange
[2026-10-07 10:35:38.073] [out] [delivery_module] DBG 2026-10-07 10:35:38.073+02:00 identify: info received                    topics="libp2p identify" tid=1150721 stream=16U*kGyuEP:6ac60459e8c003e098ee1ca5 pubkey=ok(sec...c56e)) addresses=/ip4/47.242.130.189/tcp/30303,/ip4/47.242.130.189/udp/30303/quic-v1,/dns4/delivery-01.ac-cn-hongkong-c.logos.dev.status.im/tcp/30303 protocols=/ipfs/id/1.0.0,/libp2p/autonat/1.0.0,/libp2p/circuit/relay/0.2.0/hop,/vac/waku/metadata/1.0.0,/mix/1.0.0,/logos/service-discovery/1.0.0,/vac/waku/store-query/3.0.0,/vac/waku/relay/2.0.0,/vac/waku/rendezvous/1.0.0,/ipfs/ping/1.0.0,/vac/waku/lightpush/3.0.0,/vac/waku/lightpush/2.0.0-beta1,/vac/waku/filter-subscribe/2.0.0-beta1,/vac/waku/filter-push/2.0.0-beta1,/vac/waku/peer-exchange/2.0.0-alpha1 observable_address=ok(/ip4/83.135.41.108/tcp/19112) proto_version=ipfs/0.1.0 agent_version=logos-delivery-v0.39.0-g890397 signedPeerRecord=None
[2026-10-07 10:35:38.073] [out] [delivery_module] DBG 2026-10-07 10:35:38.073+02:00 identify: info received                    topics="libp2p identify" tid=1150721 stream=16U*T3UNSE:6ac60459e8c003e098ee1ca7 pubkey=ok(sec...6d2a)) addresses=/ip4/43.99.103.10/tcp/30303,/ip4/43.99.103.10/udp/30303/quic-v1,/dns4/delivery-02.ac-cn-hongkong-c.logos.dev.status.im/tcp/30303 protocols=/ipfs/id/1.0.0,/libp2p/autonat/1.0.0,/libp2p/circuit/relay/0.2.0/hop,/vac/waku/metadata/1.0.0,/mix/1.0.0,/logos/service-discovery/1.0.0,/vac/waku/store-query/3.0.0,/vac/waku/relay/2.0.0,/vac/waku/rendezvous/1.0.0,/ipfs/ping/1.0.0,/vac/waku/lightpush/3.0.0,/vac/waku/lightpush/2.0.0-beta1,/vac/waku/filter-subscribe/2.0.0-beta1,/vac/waku/filter-push/2.0.0-beta1,/vac/waku/peer-exchange/2.0.0-alpha1 observable_address=ok(/ip4/83.135.41.108/tcp/65205) proto_version=ipfs/0.1.0 agent_version=logos-delivery-v0.39.0-g890397 signedPeerRecord=None
[2026-10-07 10:35:38.074] [out] [delivery_module] DBG 2026-10-07 10:35:38.074+02:00 starting pubsub read loop                  topics="libp2p pubsubpeer" tid=1150721 stream=16U*kGyuEP:6ac60459e8c003e098ee1ca4 peer=16U*kGyuEP closed=false
[2026-10-07 10:35:38.074] [out] [delivery_module] DBG 2026-10-07 10:35:38.074+02:00 starting pubsub read loop                  topics="libp2p pubsubpeer" tid=1150721 stream=16U*T3UNSE:6ac60459e8c003e098ee1ca6 peer=16U*T3UNSE closed=false
[2026-10-07 10:35:38.074] [out] [delivery_module] DBG 2026-10-07 10:35:38.074+02:00 Event identified                           topics="waku node peer_manager" tid=1150721 peerId=16U*T3UNSE
[2026-10-07 10:35:38.074] [out] [delivery_module] DBG 2026-10-07 10:35:38.074+02:00 no listener registered                     tid=1150722 event=onConnectionChange
[2026-10-07 10:35:38.074] [out] [delivery_module] DBG 2026-10-07 10:35:38.074+02:00 Event identified                           topics="waku node peer_manager" tid=1150721 peerId=16U*kGyuEP
[2026-10-07 10:35:38.074] [out] [delivery_module] DBG 2026-10-07 10:35:38.074+02:00 no listener registered                     tid=1150722 event=onConnectionChange
[2026-10-07 10:35:38.089] [out] [delivery_module] DBG 2026-10-07 10:35:38.088+02:00 Received WakuMetadata request              topics="waku metadata" tid=1150721 remoteClusterId=ok(3) remoteShards="[5, 0, 2, 1, 4, 7, 3, 6]" localClusterId=3 localShards="[7]" peer=16U*CKtDKK
[2026-10-07 10:35:38.089] [out] [delivery_module] DBG 2026-10-07 10:35:38.089+02:00 Received WakuMetadata request              topics="waku metadata" tid=1150721 remoteClusterId=ok(3) remoteShards="[5, 0, 2, 1, 4, 7, 3, 6]" localClusterId=3 localShards="[7]" peer=16U*2FWeUS
[2026-10-07 10:35:38.092] [out] [delivery_module] DBG 2026-10-07 10:35:38.092+02:00 Received WakuMetadata request              topics="waku metadata" tid=1150721 remoteClusterId=ok(3) remoteShards="[5, 0, 2, 1, 4, 7, 3, 6]" localClusterId=3 localShards="[7]" peer=16U*jQfE1X
[2026-10-07 10:35:38.092] [out] [delivery_module] DBG 2026-10-07 10:35:38.092+02:00 Received WakuMetadata request              topics="waku metadata" tid=1150721 remoteClusterId=ok(3) remoteShards="[5, 0, 2, 1, 4, 7, 3, 6]" localClusterId=3 localShards="[7]" peer=16U*28TTLb
[2026-10-07 10:35:38.200] [out] [delivery_module] DBG 2026-10-07 10:35:38.200+02:00 no listener registered                     tid=1150722 event=onConnectionChange
[2026-10-07 10:35:38.200] [out] [delivery_module] DBG 2026-10-07 10:35:38.200+02:00 no listener registered                     tid=1150722 event=onConnectionChange
[2026-10-07 10:35:38.202] [out] [delivery_module] DBG 2026-10-07 10:35:38.202+02:00 no listener registered                     tid=1150722 event=onConnectionChange
[2026-10-07 10:35:38.204] [out] [delivery_module] DBG 2026-10-07 10:35:38.204+02:00 Lookup query                               topics="kad-dht find" tid=1150721 peer=16U*28TTLb
[2026-10-07 10:35:38.215] [out] [delivery_module] DBG 2026-10-07 10:35:38.215+02:00 no listener registered                     tid=1150722 event=onConnectionChange
[2026-10-07 10:35:38.303] [out] [delivery_module] DBG 2026-10-07 10:35:38.303+02:00 Received WakuMetadata request              topics="waku metadata" tid=1150721 remoteClusterId=ok(3) remoteShards="[5, 0, 2, 1, 4, 7, 3, 6]" localClusterId=3 localShards="[7]" peer=16U*kGyuEP
[2026-10-07 10:35:38.304] [out] [delivery_module] DBG 2026-10-07 10:35:38.304+02:00 Received WakuMetadata request              topics="waku metadata" tid=1150721 remoteClusterId=ok(3) remoteShards="[5, 0, 2, 1, 4, 7, 3, 6]" localClusterId=3 localShards="[7]" peer=16U*T3UNSE
[2026-10-07 10:35:38.497] [out] [delivery_module] DBG 2026-10-07 10:35:38.497+02:00 no listener registered                     tid=1150722 event=onConnectionChange
[2026-10-07 10:35:38.603] [out] [delivery_module] DBG 2026-10-07 10:35:38.603+02:00 no listener registered                     tid=1150722 event=onConnectionChange
[2026-10-07 10:35:38.610] [out] [delivery_module] DBG 2026-10-07 10:35:38.610+02:00 Dialing peer                               topics="libp2p dialer" tid=1150721 peerId=16U*JuCbPs addrs="[/ip4/83.135.41.108/tcp/42291]"
[2026-10-07 10:35:38.610] [out] [delivery_module] DBG 2026-10-07 10:35:38.610+02:00 Expanded address and hostname              topics="libp2p dialer" tid=1150721 expandedAddress=/ip4/83.135.41.108/tcp/42291 hostname=83.135.41.108 resolvedAddresses="[/ip4/83.135.41.108/tcp/42291]"
[2026-10-07 10:35:38.612] [out] [delivery_module] DBG 2026-10-07 10:35:38.612+02:00 Dialing peer                               topics="libp2p dialer" tid=1150721 peerId=16U*qTrp93 addrs="[/ip4/83.135.41.108/tcp/25235]"
[2026-10-07 10:35:38.612] [out] [delivery_module] DBG 2026-10-07 10:35:38.612+02:00 Expanded address and hostname              topics="libp2p dialer" tid=1150721 expandedAddress=/ip4/83.135.41.108/tcp/25235 hostname=83.135.41.108 resolvedAddresses="[/ip4/83.135.41.108/tcp/25235]"
[2026-10-07 10:35:38.614] [out] [delivery_module] DBG 2026-10-07 10:35:38.614+02:00 Dialing peer                               topics="libp2p dialer" tid=1150721 peerId=16U*baEE4m addrs="[/ip4/83.135.41.108/tcp/13510]"
[2026-10-07 10:35:38.614] [out] [delivery_module] DBG 2026-10-07 10:35:38.614+02:00 Expanded address and hostname              topics="libp2p dialer" tid=1150721 expandedAddress=/ip4/83.135.41.108/tcp/13510 hostname=83.135.41.108 resolvedAddresses="[/ip4/83.135.41.108/tcp/13510]"
[2026-10-07 10:35:38.615] [out] [delivery_module] DBG 2026-10-07 10:35:38.615+02:00 Dialing peer                               topics="libp2p dialer" tid=1150721 peerId=16U*M2e2Us addrs="[/ip4/83.135.41.108/tcp/37990]"
[2026-10-07 10:35:38.615] [out] [delivery_module] DBG 2026-10-07 10:35:38.615+02:00 Expanded address and hostname              topics="libp2p dialer" tid=1150721 expandedAddress=/ip4/83.135.41.108/tcp/37990 hostname=83.135.41.108 resolvedAddresses="[/ip4/83.135.41.108/tcp/37990]"
[2026-10-07 10:35:38.615] [out] [delivery_module] DBG 2026-10-07 10:35:38.615+02:00 Lookup query                               topics="kad-dht find" tid=1150721 peer=16U*JuCbPs
[2026-10-07 10:35:38.615] [out] [delivery_module] DBG 2026-10-07 10:35:38.615+02:00 Lookup query                               topics="kad-dht find" tid=1150721 peer=16U*qTrp93
[2026-10-07 10:35:38.615] [out] [delivery_module] DBG 2026-10-07 10:35:38.615+02:00 Lookup query                               topics="kad-dht find" tid=1150721 peer=16U*baEE4m
[2026-10-07 10:35:38.615] [out] [delivery_module] DBG 2026-10-07 10:35:38.615+02:00 Lookup query                               topics="kad-dht find" tid=1150721 peer=16U*M2e2Us
[2026-10-07 10:35:39.808] [out] [delivery_module] WRN 2026-10-07 10:35:39.808+02:00 NAT port mapping failed                    topics="libp2p natservice" tid=1150721 port=50339 proto=mpUdp err="plum: mapping 0 failed"
[2026-10-07 10:35:39.809] [out] [delivery_module] INF 2026-10-07 10:35:39.809+02:00 Mix self hop set                           topics="waku node" tid=1150721 hop=/ip4/172.16.34.89/tcp/51218 before=/ip4/0.0.0.0/tcp/0
[2026-10-07 10:35:39.810] [out] [delivery_module] DBG 2026-10-07 10:35:39.809+02:00 ENR addresses updated                      topics="waku enr" tid=1150721 retained=0 total=0
[2026-10-07 10:35:39.810] [out] [delivery_module] DBG 2026-10-07 10:35:39.810+02:00 ENR addresses updated                      topics="waku enr" tid=1150721 retained=0 total=0
[2026-10-07 10:35:39.810] [out] [delivery_module] INF 2026-10-07 10:35:39.810+02:00 Found previous WakuRelay peers. Reconnecting. topics="waku node" tid=1150721
[2026-10-07 10:35:39.810] [out] [delivery_module] DBG 2026-10-07 10:35:39.810+02:00 Reconnecting peers                         topics="waku node peer_manager" tid=1150721 proto=/vac/waku/relay/2.0.0
[2026-10-07 10:35:39.811] [out] [delivery_module] INF 2026-10-07 10:35:39.811+02:00 Random kademlia lookups disabled           topics="waku service discovery" tid=1150721
[2026-10-07 10:35:39.811] [out] [delivery_module] DBG 2026-10-07 10:35:39.811+02:00 Periodic service lookup started            topics="waku service discovery" tid=1150721 interval=1m services={}
[2026-10-07 10:35:39.811] [out] [delivery_module] INF 2026-10-07 10:35:39.811+02:00 Kademlia discovery started                 topics="waku service discovery" tid=1150721
[2026-10-07 10:35:39.811] [out] [delivery_module] INF 2026-10-07 10:35:39.811+02:00 Discovery ENR initialized                  topics="eth p2p discv5" tid=1150721 enrAutoUpdate=false seqNum=4 ip=none() tcpPort=none() udpPort=none() customEnrFields=@[] uri=enr:-Ka4QPfnY-LQRsEeXRiWFkNLfiq9CinatOdpcmya7LwEIkmWS7dTIhbkED8McW31rvrz8loKWaJK4E0UY-4WAioohbMEgmlkgnY0im11bHRpYWRkcnOAgnJzkwADCAAAAAEAAgADAAQABQAGAAeJc2VjcDI1NmsxoQM8Gfxe4BQY8XU7R2mN-iI1QcqIEg_RTN9gw_N5PlD9ZIN0Y3CCyBKFd2FrdTIt
[2026-10-07 10:35:39.811] [out] [delivery_module] WRN 2026-10-07 10:35:39.811+02:00 No external IP provided for the ENR, this node will not be discoverable topics="eth p2p discv5" tid=1150721
[2026-10-07 10:35:39.811] [out] [delivery_module] DBG 2026-10-07 10:35:39.811+02:00 peer filtering updated                     topics="waku discv5" tid=1150721
[2026-10-07 10:35:39.811] [out] [delivery_module] INF 2026-10-07 10:35:39.811+02:00 Starting discovery v5 service              topics="waku discv5" tid=1150721
[2026-10-07 10:35:39.811] [out] [delivery_module] INF 2026-10-07 10:35:39.811+02:00 Start listening on udp port                topics="waku discv5" tid=1150721 address=0.0.0.0 port=53969
[2026-10-07 10:35:39.812] [out] [delivery_module] INF 2026-10-07 10:35:39.811+02:00 Starting discovery node                    topics="eth p2p discv5" tid=1150721 node=4b*d6b323:unaddressable bindAddress=0.0.0.0:53969
[2026-10-07 10:35:39.812] [out] [delivery_module] DBG 2026-10-07 10:35:39.812+02:00 Total nodes in routing table after populate topics="eth p2p discv5" tid=1150721 total=0
[2026-10-07 10:35:39.812] [out] [delivery_module] DBG 2026-10-07 10:35:39.812+02:00 Starting discovery v5 search               topics="waku discv5" tid=1150721
[2026-10-07 10:35:39.812] [out] [delivery_module] DBG 2026-10-07 10:35:39.812+02:00 Successfully started discovery v5 service  topics="waku discv5" tid=1150721
[2026-10-07 10:35:39.812] [out] [delivery_module] INF 2026-10-07 10:35:39.812+02:00 Discv5: discoverable ENR                   topics="waku discv5" tid=1150721 enrUri=enr:-Ka4QPfnY-LQRsEeXRiWFkNLfiq9CinatOdpcmya7LwEIkmWS7dTIhbkED8McW31rvrz8loKWaJK4E0UY-4WAioohbMEgmlkgnY0im11bHRpYWRkcnOAgnJzkwADCAAAAAEAAgADAAQABQAGAAeJc2VjcDI1NmsxoQM8Gfxe4BQY8XU7R2mN-iI1QcqIEg_RTN9gw_N5PlD9ZIN0Y3CCyBKFd2FrdTIt enr="(4, id: \"v4\", multiaddrs: 0x, rs: 0x00030800000001000200030004000500060007, secp256k1: 0x033C19FC5EE01418F1753B47698DFA223541CA88120FD14CDF60C3F3793E50FD64, tcp: 51218, waku2: 0x2D)"
[2026-10-07 10:35:39.812] [out] [delivery_module] INF 2026-10-07 10:35:39.812+02:00 Node started successfully                  topics="waku node" tid=1150721
[2026-10-07 10:35:39.812] [out] [delivery_module] DBG 2026-10-07 10:35:39.812+02:00 Publishing Signed XPR                      topics="service-discovery" tid=1150721 xpr="(envelope: (publicKey: secp256k1 key (043c19fc5ee01418f1753b47698dfa223541ca88120fd14cdf60c3f3793e50fd64b9e4561cf63abd58e9c7b1729c0a72a5df1033c44675d7006b9387f9e7a3e635), payloadType: @[3, 1], payload: @[10, 39, 0, 37, 8, 2, 18, 33, 3, 60, 25, 252, 94, 224, 20, 24, 241, 117, 59, 71, 105, 141, 250, 34, 53, 65, 202, 136, 18, 15, 209, 76, 223, 96, 195, 243, 121, 62, 80, 253, 100, 16, 235, 172, 1, 26, 10, 10, 8, 4, 172, 16, 34, 89, 6, 200, 18, 26, 13, 10, 11, 4, 172, 16, 34, 89, 145, 2, 196, 163, 205, 3], signature: 3045022100DC1CB7E999F1EED714CC23C1474F5BB156A31CB03E8872AFBE197527F50EE8DF022025EC39C44C7C91B0C895308CB6E04F2063D5F8AF39D9A581134494E0E816C81E), data: (peerId: 16Uiu2HAmGhbo2ucTWZLQdvgiRirWEGedChnWvAzhGTYdLUNb4EaX, seqNo: 22123, addresses: @[(address: /ip4/172.16.34.89/tcp/51218), (address: /ip4/172.16.34.89/udp/50339/quic-v1)], services: @[]))"
[2026-10-07 10:35:39.813] [out] [delivery_module] DBG 2026-10-07 10:35:39.813+02:00 Lookup query                               topics="kad-dht find" tid=1150721 peer=16U*VpJprH
[2026-10-07 10:35:39.813] [out] [delivery_module] DBG 2026-10-07 10:35:39.813+02:00 Lookup query                               topics="kad-dht find" tid=1150721 peer=16U*P1S397
[2026-10-07 10:35:39.813] [out] [delivery_module] DBG 2026-10-07 10:35:39.813+02:00 Lookup query                               topics="kad-dht find" tid=1150721 peer=16U*T3UNSE
[2026-10-07 10:35:39.813] [out] [delivery_module] DBG 2026-10-07 10:35:39.813+02:00 Lookup query                               topics="kad-dht find" tid=1150721 peer=16U*CKtDKK
[2026-10-07 10:35:39.814] [out] [delivery_module] DBG 2026-10-07 10:35:39.814+02:00 Lookup query                               topics="kad-dht find" tid=1150721 peer=16U*2FWeUS
[2026-10-07 10:35:39.814] [out] [delivery_module] DBG 2026-10-07 10:35:39.814+02:00 Lookup query                               topics="kad-dht find" tid=1150721 peer=16U*yWaRuc
[2026-10-07 10:35:39.814] [out] [delivery_module] DBG 2026-10-07 10:35:39.814+02:00 Lookup query                               topics="kad-dht find" tid=1150721 peer=16U*kGyuEP
[2026-10-07 10:35:39.814] [out] [delivery_module] DBG 2026-10-07 10:35:39.814+02:00 Lookup query                               topics="kad-dht find" tid=1150721 peer=16U*jQfE1X
[2026-10-07 10:35:39.814] [out] [delivery_module] DBG 2026-10-07 10:35:39.814+02:00 Lookup query                               topics="kad-dht find" tid=1150721 peer=16U*NSkuby
[2026-10-07 10:35:39.814] [out] [delivery_module] DBG 2026-10-07 10:35:39.814+02:00 Lookup query                               topics="kad-dht find" tid=1150721 peer=16U*28TTLb
[2026-10-07 10:35:39.814] [out] [delivery_module] DBG 2026-10-07 10:35:39.814+02:00 Dialing multiple peers                     tid=1150721 numOfPeers=6 nodes="@[\"/dns4/delivery-01.do-ams3.logos.dev.status.im/tcp/30303/p2p/16Uiu2HAmTUbnxLGT9JvV6mu9oPyDjqHK4Phs1VDJNUgESgNSkuby\", \"/dns4/delivery-02.do-ams3.logos.dev.status.im/tcp/30303/p2p/16Uiu2HAmMK7PYygBtKUQ8EHp7EfaD3bCEsJrkFooK8RQ2PVpJprH\", \"/dns4/delivery-01.gc-us-central1-a.logos.dev.status.im/tcp/30303/p2p/16Uiu2HAm4S1JYkuzDKLKQvwgAhZKs9otxXqt8SCGtB4hoJP1S397\", \"/dns4/delivery-02.gc-us-central1-a.logos.dev.status.im/tcp/30303/p2p/16Uiu2HAm8Y9kgBNtjxvCnf1X6gnZJW5EGE4UwwCL3CCm55TwqBiH\", \"/dns4/delivery-01.ac-cn-hongkong-c.logos.dev.status.im/tcp/30303/p2p/16Uiu2HAm8YokiNun9BkeA1ZRmhLbtNUvcwRr64F69tYj9fkGyuEP\", \"/dns4/delivery-02.ac-cn-hongkong-c.logos.dev.status.im/tcp/30303/p2p/16Uiu2HAkvwhGHKNry6LACrB8TmEFoCJKEX29XR5dDUzk3UT3UNSE\"]"
[2026-10-07 10:35:39.815] [out] [delivery_module] DBG 2026-10-07 10:35:39.815+02:00 Finished dialing multiple peers            tid=1150721 successfulConns=6 attempted=6
[2026-10-07 10:35:39.815] [out] [delivery_module] DBG 2026-10-07 10:35:39.815+02:00 Dialing multiple peers                     topics="waku node peer_manager" tid=1150721 numOfPeers=7 nodes="@[16Uiu2HAkxBrmLdjythutRKhtiVcG39BUhZLXbxwzG4UmQBk3v1b3, 16Uiu2HAmAResE15q4BDR96fpXuErsrxP4kzNDeA9LpPsbh7ZEp3L, 16Uiu2HAmSoaKyaKReR5uLqsqKtA27q12JAyZruCZs7uvfxbaEE4m, 16Uiu2HAmGrN1UrxbdCWhsu7K3VPnYn2TDBS25giWCTnGFXM2e2Us, 16Uiu2HAmNZEb7u1NWT4W8M9jRZ4VAW8eC9VnpD5QZxFgaRqTrp93, 16Uiu2HAm9434oWPE4i7oHK942oq3adX21vUWwx4LQeB9CNJuCbPs, 16Uiu2HAkvZeQMdx51Z2HeYYjkxCW9iY1zamZUExe4nV6UioJnadu]"
[2026-10-07 10:35:39.816] [out] [delivery_module] INF 2026-10-07 10:35:39.816+02:00 Relay peer connections                     topics="waku node peer_manager" tid=1150721 inRelayConns=0/50 outRelayConns=11/25 totalConnections=11/150 notConnectedPeers=7 outsideBackoffPeers=7
[2026-10-07 10:35:39.817] [out] [delivery_module] DBG 2026-10-07 10:35:39.817+02:00 ENR addresses updated                      topics="waku enr" tid=1150721 retained=0 total=0
[2026-10-07 10:35:39.817] [out] [delivery_module] DBG 2026-10-07 10:35:39.817+02:00 Subscribing to pubsub topic                topics="waku relay" tid=1150721 pubsubTopic=/waku/2/rs/3/0
[2026-10-07 10:35:39.818] [out] [delivery_module] DBG 2026-10-07 10:35:39.818+02:00 peer filtering updated                     topics="waku discv5" tid=1150721
[2026-10-07 10:35:39.818] [out] [delivery_module] DBG 2026-10-07 10:35:39.818+02:00 ENR shards updated                         topics="waku discv5" tid=1150721 enrUri=enr:-K24QKIiS8ioaN3RyhaiJ7dqPlbGhXUz86m5cIexxOxmZxcuLbhHWGirS5KQkliWgE3jA0eDtI4NnV8SSMvEabAx72EHgmlkgnY0im11bHRpYWRkcnOAgnJzkwADCAAAAAEAAgADAAQABQAGAAeJc2VjcDI1NmsxoQM8Gfxe4BQY8XU7R2mN-iI1QcqIEg_RTN9gw_N5PlD9ZIN0Y3CCyBKDdWRwgtLRhXdha3UyLQ add=true
[2026-10-07 10:35:39.818] [out] [delivery_module] DBG 2026-10-07 10:35:39.818+02:00 Subscribing to pubsub topic                topics="waku relay" tid=1150721 pubsubTopic=/waku/2/rs/3/1
[2026-10-07 10:35:39.818] [out] [delivery_module] DBG 2026-10-07 10:35:39.818+02:00 peer filtering updated                     topics="waku discv5" tid=1150721
[2026-10-07 10:35:39.818] [out] [delivery_module] DBG 2026-10-07 10:35:39.818+02:00 ENR shards updated                         topics="waku discv5" tid=1150721 enrUri=enr:-K24QMU7ft1rTURU1GJGzhaq4VQclDCTZ4V7KsfSjRAAcCEcer8j_LFbq77m8e31V6yvVY7O0haVJVx9vupyf0yYSOsIgmlkgnY0im11bHRpYWRkcnOAgnJzkwADCAAAAAEAAgADAAQABQAGAAeJc2VjcDI1NmsxoQM8Gfxe4BQY8XU7R2mN-iI1QcqIEg_RTN9gw_N5PlD9ZIN0Y3CCyBKDdWRwgtLRhXdha3UyLQ add=true
[2026-10-07 10:35:39.818] [out] [delivery_module] DBG 2026-10-07 10:35:39.818+02:00 Subscribing to pubsub topic                topics="waku relay" tid=1150721 pubsubTopic=/waku/2/rs/3/2
[2026-10-07 10:35:39.819] [out] [delivery_module] DBG 2026-10-07 10:35:39.819+02:00 peer filtering updated                     topics="waku discv5" tid=1150721
[2026-10-07 10:35:39.819] [out] [delivery_module] DBG 2026-10-07 10:35:39.819+02:00 ENR shards updated                         topics="waku discv5" tid=1150721 enrUri=enr:-K24QBx66XRYpk9dnz9WOf1gKhXTOJkjW2smvj5Y9xh2CDEgAOXKDRkEhGWPOmLaNT3e07RekbvNOMQ34bKSZqlrjw4JgmlkgnY0im11bHRpYWRkcnOAgnJzkwADCAAAAAEAAgADAAQABQAGAAeJc2VjcDI1NmsxoQM8Gfxe4BQY8XU7R2mN-iI1QcqIEg_RTN9gw_N5PlD9ZIN0Y3CCyBKDdWRwgtLRhXdha3UyLQ add=true
[2026-10-07 10:35:39.819] [out] [delivery_module] DBG 2026-10-07 10:35:39.819+02:00 Subscribing to pubsub topic                topics="waku relay" tid=1150721 pubsubTopic=/waku/2/rs/3/3
[2026-10-07 10:35:39.819] [out] [delivery_module] DBG 2026-10-07 10:35:39.819+02:00 peer filtering updated                     topics="waku discv5" tid=1150721
[2026-10-07 10:35:39.819] [out] [delivery_module] DBG 2026-10-07 10:35:39.819+02:00 ENR shards updated                         topics="waku discv5" tid=1150721 enrUri=enr:-K24QEbi7VZZqA_En3OKqmAWKdK5PwQIuuHzBcnKOvcomflgD-j9vkh-nA--aZIOiIWMs_WGZav2dMgvMaejhZq2jWkKgmlkgnY0im11bHRpYWRkcnOAgnJzkwADCAAAAAEAAgADAAQABQAGAAeJc2VjcDI1NmsxoQM8Gfxe4BQY8XU7R2mN-iI1QcqIEg_RTN9gw_N5PlD9ZIN0Y3CCyBKDdWRwgtLRhXdha3UyLQ add=true
[2026-10-07 10:35:39.819] [out] [delivery_module] DBG 2026-10-07 10:35:39.819+02:00 Subscribing to pubsub topic                topics="waku relay" tid=1150721 pubsubTopic=/waku/2/rs/3/4
[2026-10-07 10:35:39.820] [out] [delivery_module] DBG 2026-10-07 10:35:39.820+02:00 peer filtering updated                     topics="waku discv5" tid=1150721
[2026-10-07 10:35:39.820] [out] [delivery_module] DBG 2026-10-07 10:35:39.820+02:00 ENR shards updated                         topics="waku discv5" tid=1150721 enrUri=enr:-K24QF_c9xBvFRUYCFSS_jWb5YWg2uqkYeS0P7GF695od0d1Kuhdh18cAEGpqr-DMOanKlJgHPlhQHSPLgXm8sXoKNwLgmlkgnY0im11bHRpYWRkcnOAgnJzkwADCAAAAAEAAgADAAQABQAGAAeJc2VjcDI1NmsxoQM8Gfxe4BQY8XU7R2mN-iI1QcqIEg_RTN9gw_N5PlD9ZIN0Y3CCyBKDdWRwgtLRhXdha3UyLQ add=true
[2026-10-07 10:35:39.820] [out] [delivery_module] DBG 2026-10-07 10:35:39.820+02:00 Subscribing to pubsub topic                topics="waku relay" tid=1150721 pubsubTopic=/waku/2/rs/3/5
[2026-10-07 10:35:39.820] [out] [delivery_module] DBG 2026-10-07 10:35:39.820+02:00 peer filtering updated                     topics="waku discv5" tid=1150721
[2026-10-07 10:35:39.820] [out] [delivery_module] DBG 2026-10-07 10:35:39.820+02:00 ENR shards updated                         topics="waku discv5" tid=1150721 enrUri=enr:-K24QHbCSkjmMy4Ux5erQsRExvELgwAFejwaLE2lsgVnjUvWWn2Pcz3ZfBxXMSxZVkDG54Dptda5N9wOcAokhWp8gxkMgmlkgnY0im11bHRpYWRkcnOAgnJzkwADCAAAAAEAAgADAAQABQAGAAeJc2VjcDI1NmsxoQM8Gfxe4BQY8XU7R2mN-iI1QcqIEg_RTN9gw_N5PlD9ZIN0Y3CCyBKDdWRwgtLRhXdha3UyLQ add=true
[2026-10-07 10:35:39.820] [out] [delivery_module] DBG 2026-10-07 10:35:39.820+02:00 Subscribing to pubsub topic                topics="waku relay" tid=1150721 pubsubTopic=/waku/2/rs/3/6
[2026-10-07 10:35:39.820] [out] [delivery_module] DBG 2026-10-07 10:35:39.820+02:00 peer filtering updated                     topics="waku discv5" tid=1150721
[2026-10-07 10:35:39.820] [out] [delivery_module] DBG 2026-10-07 10:35:39.820+02:00 ENR shards updated                         topics="waku discv5" tid=1150721 enrUri=enr:-K24QM75vGr-NqfVQh5w9ZX1aj0oB-nU6umcxQFQ-NuCG0bWIFs5t8Kq5bNyXEHM0YQDMGD_SsWhKvY33Qo7Gra0KBUNgmlkgnY0im11bHRpYWRkcnOAgnJzkwADCAAAAAEAAgADAAQABQAGAAeJc2VjcDI1NmsxoQM8Gfxe4BQY8XU7R2mN-iI1QcqIEg_RTN9gw_N5PlD9ZIN0Y3CCyBKDdWRwgtLRhXdha3UyLQ add=true
[2026-10-07 10:35:39.821] [out] [delivery_module] NTC 2026-10-07 10:35:39.820+02:00 ENR carries no reachable host, so peers cannot dial this node. Set --nat, --ext-ip, --dns4-domain-name or --ext-multiaddr to advertise one topics="wakunode waku" tid=1150721
[2026-10-07 10:35:39.821] [out] [delivery_module] DBG 2026-10-07 10:35:39.821+02:00 register interest                          topics="service-disco discoverer" tid=1150721 service=/logos/delivery serviceId=key:E6738033B5D413D13CF58622CEB4EF8F392E8D4EB073B56A5486CB0431B2F5D8
[2026-10-07 10:35:39.821] [out] [delivery_module] DBG 2026-10-07 10:35:39.821+02:00 Lookup query                               topics="kad-dht find" tid=1150721 peer=16U*P1S397
[2026-10-07 10:35:39.821] [out] [delivery_module] DBG 2026-10-07 10:35:39.821+02:00 Lookup query                               topics="kad-dht find" tid=1150721 peer=16U*T3UNSE
[2026-10-07 10:35:39.821] [out] [delivery_module] DBG 2026-10-07 10:35:39.821+02:00 Lookup query                               topics="kad-dht find" tid=1150721 peer=16U*VpJprH
[2026-10-07 10:35:39.821] [out] [delivery_module] DBG 2026-10-07 10:35:39.821+02:00 Lookup query                               topics="kad-dht find" tid=1150721 peer=16U*CKtDKK
[2026-10-07 10:35:39.821] [out] [delivery_module] DBG 2026-10-07 10:35:39.821+02:00 Lookup query                               topics="kad-dht find" tid=1150721 peer=16U*2FWeUS
[2026-10-07 10:35:39.821] [out] [delivery_module] DBG 2026-10-07 10:35:39.821+02:00 Lookup query                               topics="kad-dht find" tid=1150721 peer=16U*yWaRuc
[2026-10-07 10:35:39.821] [out] [delivery_module] DBG 2026-10-07 10:35:39.821+02:00 Lookup query                               topics="kad-dht find" tid=1150721 peer=16U*kGyuEP
[2026-10-07 10:35:39.821] [out] [delivery_module] DBG 2026-10-07 10:35:39.821+02:00 Lookup query                               topics="kad-dht find" tid=1150721 peer=16U*jQfE1X
[2026-10-07 10:35:39.821] [out] [delivery_module] DBG 2026-10-07 10:35:39.821+02:00 Lookup query                               topics="kad-dht find" tid=1150721 peer=16U*NSkuby
[2026-10-07 10:35:39.821] [out] [delivery_module] DBG 2026-10-07 10:35:39.821+02:00 Lookup query                               topics="kad-dht find" tid=1150721 peer=16U*28TTLb
[2026-10-07 10:35:39.821] [out] [delivery_module] DBG 2026-10-07 10:35:39.821+02:00 Added service to discover                  topics="waku service discovery" tid=1150721 service=/logos/delivery
[2026-10-07 10:35:39.821] [out] [delivery_module] DBG 2026-10-07 10:35:39.821+02:00 Added provided service                     topics="service-disco advertiser" tid=1150721 service=/logos/delivery serviceId=key:E6738033B5D413D13CF58622CEB4EF8F392E8D4EB073B56A5486CB0431B2F5D8
[2026-10-07 10:35:39.822] [out] [delivery_module] DBG 2026-10-07 10:35:39.822+02:00 Creating stream                            tid=1150721
[2026-10-07 10:35:39.822] [out] [delivery_module] DBG 2026-10-07 10:35:39.822+02:00 New stream created                         tid=1150721
[2026-10-07 10:35:39.822] [out] [delivery_module] DBG 2026-10-07 10:35:39.822+02:00 Cannot insert self in routing table        topics="kad-dht rtable" tid=1150721 nodeId=key:002508021221033C19FC5EE01418F1753B47698DFA223541CA88120FD14CDF60C3F3793E50FD64
[2026-10-07 10:35:39.822] [out] [delivery_module] DBG 2026-10-07 10:35:39.822+02:00 Cannot insert self in routing table        topics="kad-dht rtable" tid=1150721 nodeId=key:002508021221033C19FC5EE01418F1753B47698DFA223541CA88120FD14CDF60C3F3793E50FD64
[2026-10-07 10:35:39.823] [out] [delivery_module] DBG 2026-10-07 10:35:39.823+02:00 Added service to advertise                 topics="waku service discovery" tid=1150721 service=/logos/delivery
[2026-10-07 10:35:39.823] [out] [delivery_module] INF 2026-10-07 10:35:39.823+02:00 advertising this node on the delivery network topics="waku discovery advertise" tid=1150721 backend=service protocols="[/vac/waku/relay/2.0.0, /vac/waku/filter-subscribe/2.0.0-beta1, /vac/waku/lightpush/3.0.0, /mix/1.0.0]"
[2026-10-07 10:35:39.823] [out] [delivery_module] DBG 2026-10-07 10:35:39.823+02:00 register interest                          topics="service-disco discoverer" tid=1150721 service=/mix/1.0.0 serviceId=key:913B5C5DBE691438693215140388EC0C7DE80DE328BDE5BD7FC06F90568CEA40
[2026-10-07 10:35:39.824] [out] [delivery_module] DBG 2026-10-07 10:35:39.824+02:00 Lookup query                               topics="kad-dht find" tid=1150721 peer=16U*kGyuEP
[2026-10-07 10:35:39.824] [out] [delivery_module] DBG 2026-10-07 10:35:39.824+02:00 Lookup query                               topics="kad-dht find" tid=1150721 peer=16U*2FWeUS
[2026-10-07 10:35:39.824] [out] [delivery_module] DBG 2026-10-07 10:35:39.824+02:00 Lookup query                               topics="kad-dht find" tid=1150721 peer=16U*yWaRuc
[2026-10-07 10:35:39.824] [out] [delivery_module] DBG 2026-10-07 10:35:39.824+02:00 Lookup query                               topics="kad-dht find" tid=1150721 peer=16U*CKtDKK
[2026-10-07 10:35:39.824] [out] [delivery_module] DBG 2026-10-07 10:35:39.824+02:00 Lookup query                               topics="kad-dht find" tid=1150721 peer=16U*T3UNSE
[2026-10-07 10:35:39.824] [out] [delivery_module] DBG 2026-10-07 10:35:39.824+02:00 Lookup query                               topics="kad-dht find" tid=1150721 peer=16U*P1S397
[2026-10-07 10:35:39.824] [out] [delivery_module] DBG 2026-10-07 10:35:39.824+02:00 Lookup query                               topics="kad-dht find" tid=1150721 peer=16U*VpJprH
[2026-10-07 10:35:39.824] [out] [delivery_module] DBG 2026-10-07 10:35:39.824+02:00 Lookup query                               topics="kad-dht find" tid=1150721 peer=16U*TwqBiH
[2026-10-07 10:35:39.824] [out] [delivery_module] DBG 2026-10-07 10:35:39.824+02:00 Lookup query                               topics="kad-dht find" tid=1150721 peer=16U*28TTLb
[2026-10-07 10:35:39.824] [out] [delivery_module] DBG 2026-10-07 10:35:39.824+02:00 Lookup query                               topics="kad-dht find" tid=1150721 peer=16U*NSkuby
[2026-10-07 10:35:39.824] [out] [delivery_module] DBG 2026-10-07 10:35:39.824+02:00 Added service to discover                  topics="waku service discovery" tid=1150721 service=/mix/1.0.0
[2026-10-07 10:35:39.824] [out] [delivery_module] DBG 2026-10-07 10:35:39.824+02:00 Added provided service                     topics="service-disco advertiser" tid=1150721 service=/mix/1.0.0 serviceId=key:913B5C5DBE691438693215140388EC0C7DE80DE328BDE5BD7FC06F90568CEA40
[2026-10-07 10:35:39.825] [out] [delivery_module] DBG 2026-10-07 10:35:39.825+02:00 Creating stream                            tid=1150721
[2026-10-07 10:35:39.825] [out] [delivery_module] DBG 2026-10-07 10:35:39.825+02:00 New stream created                         tid=1150721
[2026-10-07 10:35:39.825] [out] [delivery_module] DBG 2026-10-07 10:35:39.825+02:00 Added service to advertise                 topics="waku service discovery" tid=1150721 service=/mix/1.0.0
[2026-10-07 10:35:39.825] [out] [delivery_module] INF 2026-10-07 10:35:39.825+02:00 advertising this node as a mix node        topics="waku discovery advertise" tid=1150721 backend=service
[2026-10-07 10:35:39.826] [out] [delivery_module] INF 2026-10-07 10:35:39.826+02:00 Node is online                             topics="waku online monitor" tid=1150721
[2026-10-07 10:35:39.826] [out] [delivery_module] INF 2026-10-07 10:35:39.826+02:00 Health monitor loop start                  tid=1150721
[2026-10-07 10:35:39.827] [out] [delivery_module] DBG 2026-10-07 10:35:39.827+02:00 calculateConnectionState                   tid=1150721 relayCount=11 storeClientCount=6 lightpushCount=11 filterCount=11
[2026-10-07 10:35:39.827] [out] [delivery_module] DBG 2026-10-07 10:35:39.827+02:00 connectionStatus change                    tid=1150721 oldstatus=Disconnected newstatus=Connected
[2026-10-07 10:35:39.827] [out] [delivery_module] INF 2026-10-07 10:35:39.827+02:00 starting keepalive                         tid=1150721 randomPeersKeepalive=10s allPeersKeepalive=2m
[2026-10-07 10:35:39.828] [out] [delivery_module] DBG 2026-10-07 10:35:39.828+02:00 no listener registered                     tid=1150722 event=onTopicHealthChange
[2026-10-07 10:35:39.828] [out] [delivery_module] DBG 2026-10-07 10:35:39.828+02:00 no listener registered                     tid=1150722 event=onTopicHealthChange
[2026-10-07 10:35:39.828] [out] [delivery_module] DBG 2026-10-07 10:35:39.828+02:00 no listener registered                     tid=1150722 event=onTopicHealthChange
[2026-10-07 10:35:39.828] [out] [delivery_module] DBG 2026-10-07 10:35:39.828+02:00 no listener registered                     tid=1150722 event=onTopicHealthChange
[2026-10-07 10:35:39.828] [out] [delivery_module] DBG 2026-10-07 10:35:39.828+02:00 no listener registered                     tid=1150722 event=onTopicHealthChange
[2026-10-07 10:35:39.828] [out] [delivery_module] DBG 2026-10-07 10:35:39.828+02:00 no listener registered                     tid=1150722 event=onTopicHealthChange
[2026-10-07 10:35:39.828] [out] [delivery_module] DBG 2026-10-07 10:35:39.828+02:00 no listener registered                     tid=1150722 event=onTopicHealthChange
[2026-10-07 10:35:39.836] [out] [delivery_module] DBG 2026-10-07 10:35:39.836+02:00 Lookup query                               topics="kad-dht find" tid=1150721 peer=16U*TwqBiH
[2026-10-07 10:35:39.842] [out] [delivery_module] DBG 2026-10-07 10:35:39.842+02:00 Lookup query                               topics="kad-dht find" tid=1150721 peer=16U*TwqBiH
[2026-10-07 10:35:39.843] [out] [delivery_module] DBG 2026-10-07 10:35:39.843+02:00 Lookup query                               topics="kad-dht find" tid=1150721 peer=16U*jQfE1X
[2026-10-07 10:35:39.854] [out] [delivery_module] DBG 2026-10-07 10:35:39.854+02:00 Lookup query                               topics="kad-dht find" tid=1150721 peer=16U*7ZEp3L
[2026-10-07 10:35:39.854] [out] [delivery_module] DBG 2026-10-07 10:35:39.854+02:00 Lookup query                               topics="kad-dht find" tid=1150721 peer=16U*k3v1b3
[2026-10-07 10:35:39.925] [out] [delivery_module] DBG 2026-10-07 10:35:39.925+02:00 Lookup query                               topics="kad-dht find" tid=1150721 peer=16U*7ZEp3L
[2026-10-07 10:35:39.925] [out] [delivery_module] DBG 2026-10-07 10:35:39.925+02:00 Lookup query                               topics="kad-dht find" tid=1150721 peer=16U*oJnadu
[2026-10-07 10:35:39.930] [out] [delivery_module] DBG 2026-10-07 10:35:39.930+02:00 calculateConnectionState                   tid=1150721 relayCount=11 storeClientCount=6 lightpushCount=11 filterCount=11
[2026-10-07 10:35:39.957] [out] [delivery_module] DBG 2026-10-07 10:35:39.957+02:00 Lookup query                               topics="kad-dht find" tid=1150721 peer=16U*JuCbPs
[2026-10-07 10:35:39.957] [out] [delivery_module] DBG 2026-10-07 10:35:39.957+02:00 Lookup query                               topics="kad-dht find" tid=1150721 peer=16U*qTrp93
[2026-10-07 10:35:39.957] [out] [delivery_module] DBG 2026-10-07 10:35:39.957+02:00 Lookup query                               topics="kad-dht find" tid=1150721 peer=16U*baEE4m
[2026-10-07 10:35:39.957] [out] [delivery_module] DBG 2026-10-07 10:35:39.957+02:00 Lookup query                               topics="kad-dht find" tid=1150721 peer=16U*oJnadu
[2026-10-07 10:35:39.962] [out] [delivery_module] DBG 2026-10-07 10:35:39.962+02:00 Lookup query                               topics="kad-dht find" tid=1150721 peer=16U*oJnadu
[2026-10-07 10:35:39.964] [out] [delivery_module] DBG 2026-10-07 10:35:39.964+02:00 Lookup query                               topics="kad-dht find" tid=1150721 peer=16U*M2e2Us
[2026-10-07 10:35:39.984] [out] [delivery_module] DBG 2026-10-07 10:35:39.984+02:00 Lookup query                               topics="kad-dht find" tid=1150721 peer=16U*k3v1b3
[2026-10-07 10:35:39.984] [out] [delivery_module] DBG 2026-10-07 10:35:39.984+02:00 Lookup query                               topics="kad-dht find" tid=1150721 peer=16U*7ZEp3L
[2026-10-07 10:35:40.033] [out] [delivery_module] DBG 2026-10-07 10:35:40.033+02:00 calculateConnectionState                   tid=1150721 relayCount=11 storeClientCount=6 lightpushCount=11 filterCount=11
[2026-10-07 10:35:40.034] [out] [delivery_module] DBG 2026-10-07 10:35:40.034+02:00 no listener registered                     tid=1150722 event=onTopicHealthChange
[2026-10-07 10:35:40.094] [out] [delivery_module] DBG 2026-10-07 10:35:40.094+02:00 Lookup query                               topics="kad-dht find" tid=1150721 peer=16U*JuCbPs
[2026-10-07 10:35:40.094] [out] [delivery_module] DBG 2026-10-07 10:35:40.094+02:00 Lookup query                               topics="kad-dht find" tid=1150721 peer=16U*qTrp93
[2026-10-07 10:35:40.137] [out] [delivery_module] DBG 2026-10-07 10:35:40.137+02:00 calculateConnectionState                   tid=1150721 relayCount=11 storeClientCount=6 lightpushCount=11 filterCount=11
[2026-10-07 10:35:40.138] [out] [delivery_module] DBG 2026-10-07 10:35:40.138+02:00 no listener registered                     tid=1150722 event=onTopicHealthChange
[2026-10-07 10:35:40.207] [out] [delivery_module] DBG 2026-10-07 10:35:40.207+02:00 Lookup query                               topics="kad-dht find" tid=1150721 peer=16U*baEE4m
[2026-10-07 10:35:40.240] [out] [delivery_module] DBG 2026-10-07 10:35:40.240+02:00 Lookup query                               topics="kad-dht find" tid=1150721 peer=16U*k3v1b3
[2026-10-07 10:35:40.241] [out] [delivery_module] DBG 2026-10-07 10:35:40.241+02:00 calculateConnectionState                   tid=1150721 relayCount=11 storeClientCount=6 lightpushCount=11 filterCount=11
[2026-10-07 10:35:40.241] [out] [delivery_module] DBG 2026-10-07 10:35:40.241+02:00 Lookup query                               topics="kad-dht find" tid=1150721 peer=16U*M2e2Us
[2026-10-07 10:35:40.241] [out] [delivery_module] DBG 2026-10-07 10:35:40.241+02:00 Dialing failed                             topics="libp2p dialer" tid=1150721 description="quic dial timed out after 3s" peerId=16U*7ZEp3L address=/ip4/192.168.1.3/udp/56395/quic-v1 hostname=192.168.1.3
[2026-10-07 10:35:40.241] [out] [delivery_module] DBG 2026-10-07 10:35:40.241+02:00 Dialing failed                             topics="libp2p dialer" tid=1150721 description="quic dial timed out after 3s" peerId=16U*k3v1b3 address=/ip4/10.16.8.125/udp/55890/quic-v1 hostname=10.16.8.125
[2026-10-07 10:35:40.243] [out] [delivery_module] DBG 2026-10-07 10:35:40.243+02:00 Expanded address and hostname              topics="libp2p dialer" tid=1150721 expandedAddress=/ip4/192.168.1.3/tcp/49737 hostname=192.168.1.3 resolvedAddresses="[/ip4/192.168.1.3/tcp/49737]"
[2026-10-07 10:35:40.243] [out] [delivery_module] DBG 2026-10-07 10:35:40.243+02:00 Expanded address and hostname              topics="libp2p dialer" tid=1150721 expandedAddress=/ip4/10.16.8.125/tcp/49352 hostname=10.16.8.125 resolvedAddresses="[/ip4/10.16.8.125/tcp/49352]"
[2026-10-07 10:35:40.243] [out] [delivery_module] DBG 2026-10-07 10:35:40.243+02:00 Dialing failed                             topics="libp2p dialer" tid=1150721 description="quic dial timed out after 3s" peerId=16U*oJnadu address=/ip4/10.1.0.169/udp/53213/quic-v1 hostname=10.1.0.169
[2026-10-07 10:35:40.243] [out] [delivery_module] DBG 2026-10-07 10:35:40.243+02:00 Expanded address and hostname              topics="libp2p dialer" tid=1150721 expandedAddress=/ip4/10.1.0.169/tcp/65467 hostname=10.1.0.169 resolvedAddresses="[/ip4/10.1.0.169/tcp/65467]"
[2026-10-07 10:35:40.305] [out] [delivery_module] DBG 2026-10-07 10:35:40.305+02:00 Lookup query                               topics="kad-dht find" tid=1150721 peer=16U*baEE4m
[2026-10-07 10:35:40.309] [out] [delivery_module] DBG 2026-10-07 10:35:40.309+02:00 Lookup query                               topics="kad-dht find" tid=1150721 peer=16U*qTrp93
[2026-10-07 10:35:40.333] [out] [delivery_module] DBG 2026-10-07 10:35:40.333+02:00 Lookup query                               topics="kad-dht find" tid=1150721 peer=16U*JuCbPs
[2026-10-07 10:35:40.333] [out] [delivery_module] DBG 2026-10-07 10:35:40.333+02:00 Lookup query                               topics="kad-dht find" tid=1150721 peer=16U*M2e2Us
[2026-10-07 10:35:40.828] [out] [delivery_module] DBG 2026-10-07 10:35:40.828+02:00 no listener registered                     tid=1150722 event=onTopicHealthChange
[2026-10-07 10:35:40.832] [out] [delivery_module] DBG 2026-10-07 10:35:40.832+02:00 calculateConnectionState                   tid=1150721 relayCount=11 storeClientCount=6 lightpushCount=11 filterCount=11
[2026-10-07 10:35:41.015] [out] [delivery_module] DBG 2026-10-07 10:35:41.015+02:00 no listener registered                     tid=1150722 event=onTopicHealthChange
[2026-10-07 10:35:41.020] [out] [delivery_module] DBG 2026-10-07 10:35:41.019+02:00 calculateConnectionState                   tid=1150721 relayCount=11 storeClientCount=6 lightpushCount=11 filterCount=11
[2026-10-07 10:35:41.263] [out] [delivery_module] DBG 2026-10-07 10:35:41.263+02:00 New stream created                         tid=1150721
[2026-10-07 10:35:41.795] [out] [delivery_module] INF 2026-10-07 10:35:41.795+02:00 Failed to query DNS                        topics="libp2p dnsresolver" tid=1150721 address=delivery-01.do-ams3.logos.dev.status.im error="DNS server timeout: Timeout exceeded!"
[2026-10-07 10:35:41.796] [out] [delivery_module] INF 2026-10-07 10:35:41.795+02:00 Failed to query DNS                        topics="libp2p dnsresolver" tid=1150721 address=delivery-01.ac-cn-hongkong-c.logos.dev.status.im error="DNS server timeout: Timeout exceeded!"
[2026-10-07 10:35:41.805] [out] [delivery_module] INF 2026-10-07 10:35:41.805+02:00 Using mix bootstrap nodes                  topics="waku mix" tid=1150721 entries=1 poolSize=5
[2026-10-07 10:35:41.810] [out] [delivery_module] DBG 2026-10-07 10:35:41.810+02:00 calculateConnectionState                   tid=1150721 relayCount=11 storeClientCount=6 lightpushCount=11 filterCount=11
[2026-10-07 10:35:41.811] [out] [delivery_module] INF 2026-10-07 10:35:41.810+02:00 Using mix bootstrap nodes                  topics="waku mix" tid=1150721 entries=1 poolSize=6
[2026-10-07 10:35:41.812] [out] [delivery_module] DBG 2026-10-07 10:35:41.812+02:00 getting adverts                            topics="service-disco discoverer" tid=1150721 serviceId=key:913B5C5DBE691438693215140388EC0C7DE80DE328BDE5BD7FC06F90568CEA40 registrar=16U*TwqBiH
[2026-10-07 10:35:41.812] [out] [delivery_module] DBG 2026-10-07 10:35:41.812+02:00 getting adverts                            topics="service-disco discoverer" tid=1150721 serviceId=key:913B5C5DBE691438693215140388EC0C7DE80DE328BDE5BD7FC06F90568CEA40 registrar=16U*28TTLb
[2026-10-07 10:35:41.813] [out] [delivery_module] DBG 2026-10-07 10:35:41.812+02:00 getting adverts                            topics="service-disco discoverer" tid=1150721 serviceId=key:913B5C5DBE691438693215140388EC0C7DE80DE328BDE5BD7FC06F90568CEA40 registrar=16U*jQfE1X
[2026-10-07 10:35:41.813] [out] [delivery_module] DBG 2026-10-07 10:35:41.813+02:00 getting adverts                            topics="service-disco discoverer" tid=1150721 serviceId=key:913B5C5DBE691438693215140388EC0C7DE80DE328BDE5BD7FC06F90568CEA40 registrar=16U*NSkuby
[2026-10-07 10:35:41.813] [out] [delivery_module] DBG 2026-10-07 10:35:41.813+02:00 getting adverts                            topics="service-disco discoverer" tid=1150721 serviceId=key:913B5C5DBE691438693215140388EC0C7DE80DE328BDE5BD7FC06F90568CEA40 registrar=16U*Nb4EaX
[2026-10-07 10:35:41.813] [out] [delivery_module] DBG 2026-10-07 10:35:41.813+02:00 Cannot insert self in routing table        topics="kad-dht rtable" tid=1150721 nodeId=key:002508021221033C19FC5EE01418F1753B47698DFA223541CA88120FD14CDF60C3F3793E50FD64
[2026-10-07 10:35:41.814] [out] [delivery_module] DBG 2026-10-07 10:35:41.814+02:00 adverts found                              topics="service-disco discoverer" tid=1150721 serviceId=key:913B5C5DBE691438693215140388EC0C7DE80DE328BDE5BD7FC06F90568CEA40 remote=16U*Nb4EaX count=0
[2026-10-07 10:35:41.815] [out] [delivery_module] DBG 2026-10-07 10:35:41.815+02:00 getting adverts                            topics="service-disco discoverer" tid=1150721 serviceId=key:E6738033B5D413D13CF58622CEB4EF8F392E8D4EB073B56A5486CB0431B2F5D8 registrar=16U*NSkuby
[2026-10-07 10:35:41.815] [out] [delivery_module] DBG 2026-10-07 10:35:41.815+02:00 getting adverts                            topics="service-disco discoverer" tid=1150721 serviceId=key:E6738033B5D413D13CF58622CEB4EF8F392E8D4EB073B56A5486CB0431B2F5D8 registrar=16U*28TTLb
[2026-10-07 10:35:41.815] [out] [delivery_module] DBG 2026-10-07 10:35:41.815+02:00 getting adverts                            topics="service-disco discoverer" tid=1150721 serviceId=key:E6738033B5D413D13CF58622CEB4EF8F392E8D4EB073B56A5486CB0431B2F5D8 registrar=16U*jQfE1X
[2026-10-07 10:35:41.815] [out] [delivery_module] DBG 2026-10-07 10:35:41.815+02:00 getting adverts                            topics="service-disco discoverer" tid=1150721 serviceId=key:E6738033B5D413D13CF58622CEB4EF8F392E8D4EB073B56A5486CB0431B2F5D8 registrar=16U*TwqBiH
[2026-10-07 10:35:41.815] [out] [delivery_module] DBG 2026-10-07 10:35:41.815+02:00 getting adverts                            topics="service-disco discoverer" tid=1150721 serviceId=key:E6738033B5D413D13CF58622CEB4EF8F392E8D4EB073B56A5486CB0431B2F5D8 registrar=16U*Nb4EaX
[2026-10-07 10:35:41.815] [out] [delivery_module] DBG 2026-10-07 10:35:41.815+02:00 Cannot insert self in routing table        topics="kad-dht rtable" tid=1150721 nodeId=key:002508021221033C19FC5EE01418F1753B47698DFA223541CA88120FD14CDF60C3F3793E50FD64
[2026-10-07 10:35:41.816] [out] [delivery_module] DBG 2026-10-07 10:35:41.816+02:00 adverts found                              topics="service-disco discoverer" tid=1150721 serviceId=key:E6738033B5D413D13CF58622CEB4EF8F392E8D4EB073B56A5486CB0431B2F5D8 remote=16U*Nb4EaX count=1
[2026-10-07 10:35:41.868] [out] [delivery_module] DBG 2026-10-07 10:35:41.868+02:00 adverts found                              topics="service-disco discoverer" tid=1150721 serviceId=key:913B5C5DBE691438693215140388EC0C7DE80DE328BDE5BD7FC06F90568CEA40 remote=16U*NSkuby count=1
[2026-10-07 10:35:41.879] [out] [delivery_module] DBG 2026-10-07 10:35:41.879+02:00 adverts found                              topics="service-disco discoverer" tid=1150721 serviceId=key:E6738033B5D413D13CF58622CEB4EF8F392E8D4EB073B56A5486CB0431B2F5D8 remote=16U*NSkuby count=4
[2026-10-07 10:35:41.914] [out] [delivery_module] DBG 2026-10-07 10:35:41.914+02:00 calculateConnectionState                   tid=1150721 relayCount=11 storeClientCount=6 lightpushCount=11 filterCount=11
[2026-10-07 10:35:42.076] [out] [delivery_module] DBG 2026-10-07 10:35:42.076+02:00 adverts found                              topics="service-disco discoverer" tid=1150721 serviceId=key:913B5C5DBE691438693215140388EC0C7DE80DE328BDE5BD7FC06F90568CEA40 remote=16U*28TTLb count=4
[2026-10-07 10:35:42.087] [out] [delivery_module] DBG 2026-10-07 10:35:42.087+02:00 adverts found                              topics="service-disco discoverer" tid=1150721 serviceId=key:913B5C5DBE691438693215140388EC0C7DE80DE328BDE5BD7FC06F90568CEA40 remote=16U*TwqBiH count=3
[2026-10-07 10:35:42.088] [out] [delivery_module] DBG 2026-10-07 10:35:42.087+02:00 adverts found                              topics="service-disco discoverer" tid=1150721 serviceId=key:E6738033B5D413D13CF58622CEB4EF8F392E8D4EB073B56A5486CB0431B2F5D8 remote=16U*TwqBiH count=7
[2026-10-07 10:35:42.088] [out] [delivery_module] DBG 2026-10-07 10:35:42.088+02:00 adverts found                              topics="service-disco discoverer" tid=1150721 serviceId=key:913B5C5DBE691438693215140388EC0C7DE80DE328BDE5BD7FC06F90568CEA40 remote=16U*jQfE1X count=4
[2026-10-07 10:35:42.089] [out] [delivery_module] DBG 2026-10-07 10:35:42.089+02:00 adverts found                              topics="service-disco discoverer" tid=1150721 serviceId=key:E6738033B5D413D13CF58622CEB4EF8F392E8D4EB073B56A5486CB0431B2F5D8 remote=16U*jQfE1X count=6
[2026-10-07 10:35:42.089] [out] [delivery_module] DBG 2026-10-07 10:35:42.089+02:00 adverts found                              topics="service-disco discoverer" tid=1150721 serviceId=key:E6738033B5D413D13CF58622CEB4EF8F392E8D4EB073B56A5486CB0431B2F5D8 remote=16U*28TTLb count=5
[2026-10-07 10:35:42.127] [out] [delivery_module] DBG 2026-10-07 10:35:42.127+02:00 getting adverts                            topics="service-disco discoverer" tid=1150721 serviceId=key:913B5C5DBE691438693215140388EC0C7DE80DE328BDE5BD7FC06F90568CEA40 registrar=16U*T3UNSE
[2026-10-07 10:35:42.127] [out] [delivery_module] DBG 2026-10-07 10:35:42.127+02:00 getting adverts                            topics="service-disco discoverer" tid=1150721 serviceId=key:913B5C5DBE691438693215140388EC0C7DE80DE328BDE5BD7FC06F90568CEA40 registrar=16U*VpJprH
[2026-10-07 10:35:42.127] [out] [delivery_module] DBG 2026-10-07 10:35:42.127+02:00 getting adverts                            topics="service-disco discoverer" tid=1150721 serviceId=key:913B5C5DBE691438693215140388EC0C7DE80DE328BDE5BD7FC06F90568CEA40 registrar=16U*P1S397
[2026-10-07 10:35:42.127] [out] [delivery_module] DBG 2026-10-07 10:35:42.127+02:00 getting adverts                            topics="service-disco discoverer" tid=1150721 serviceId=key:E6738033B5D413D13CF58622CEB4EF8F392E8D4EB073B56A5486CB0431B2F5D8 registrar=16U*kGyuEP
[2026-10-07 10:35:42.127] [out] [delivery_module] DBG 2026-10-07 10:35:42.127+02:00 getting adverts                            topics="service-disco discoverer" tid=1150721 serviceId=key:E6738033B5D413D13CF58622CEB4EF8F392E8D4EB073B56A5486CB0431B2F5D8 registrar=16U*yWaRuc
[2026-10-07 10:35:42.128] [out] [delivery_module] DBG 2026-10-07 10:35:42.128+02:00 Creating stream                            tid=1150721
[2026-10-07 10:35:42.128] [out] [delivery_module] DBG 2026-10-07 10:35:42.128+02:00 New stream created                         tid=1150721
[2026-10-07 10:35:42.128] [out] [delivery_module] DBG 2026-10-07 10:35:42.128+02:00 getting adverts                            topics="service-disco discoverer" tid=1150721 serviceId=key:E6738033B5D413D13CF58622CEB4EF8F392E8D4EB073B56A5486CB0431B2F5D8 registrar=16U*CKtDKK
[2026-10-07 10:35:42.128] [out] [delivery_module] DBG 2026-10-07 10:35:42.128+02:00 getting adverts                            topics="service-disco discoverer" tid=1150721 serviceId=key:E6738033B5D413D13CF58622CEB4EF8F392E8D4EB073B56A5486CB0431B2F5D8 registrar=16U*2FWeUS
[2026-10-07 10:35:42.129] [out] [delivery_module] DBG 2026-10-07 10:35:42.129+02:00 adverts found                              topics="service-disco discoverer" tid=1150721 serviceId=key:E6738033B5D413D13CF58622CEB4EF8F392E8D4EB073B56A5486CB0431B2F5D8 remote=16U*yWaRuc count=6
[2026-10-07 10:35:42.224] [out] [delivery_module] DBG 2026-10-07 10:35:42.224+02:00 Kad lookup: RPC error                      topics="kad-dht find" tid=1150721 peer=16U*7ZEp3L msg="dialStage: timed out dialing the peer"
[2026-10-07 10:35:42.224] [out] [delivery_module] DBG 2026-10-07 10:35:42.224+02:00 Kad lookup: RPC error                      topics="kad-dht find" tid=1150721 peer=16U*k3v1b3 msg="dialStage: timed out dialing the peer"
[2026-10-07 10:35:42.270] [out] [delivery_module] DBG 2026-10-07 10:35:42.270+02:00 adverts found                              topics="service-disco discoverer" tid=1150721 serviceId=key:913B5C5DBE691438693215140388EC0C7DE80DE328BDE5BD7FC06F90568CEA40 remote=16U*VpJprH count=0
[2026-10-07 10:35:42.409] [out] [delivery_module] DBG 2026-10-07 10:35:42.409+02:00 adverts found                              topics="service-disco discoverer" tid=1150721 serviceId=key:E6738033B5D413D13CF58622CEB4EF8F392E8D4EB073B56A5486CB0431B2F5D8 remote=16U*2FWeUS count=6
[2026-10-07 10:35:42.412] [out] [delivery_module] DBG 2026-10-07 10:35:42.412+02:00 adverts found                              topics="service-disco discoverer" tid=1150721 serviceId=key:E6738033B5D413D13CF58622CEB4EF8F392E8D4EB073B56A5486CB0431B2F5D8 remote=16U*CKtDKK count=6
[2026-10-07 10:35:42.431] [out] [delivery_module] DBG 2026-10-07 10:35:42.431+02:00 adverts found                              topics="service-disco discoverer" tid=1150721 serviceId=key:913B5C5DBE691438693215140388EC0C7DE80DE328BDE5BD7FC06F90568CEA40 remote=16U*P1S397 count=1
[2026-10-07 10:35:42.556] [out] [delivery_module] DBG 2026-10-07 10:35:42.556+02:00 adverts found                              topics="service-disco discoverer" tid=1150721 serviceId=key:E6738033B5D413D13CF58622CEB4EF8F392E8D4EB073B56A5486CB0431B2F5D8 remote=16U*kGyuEP count=3
[2026-10-07 10:35:42.564] [out] [delivery_module] DBG 2026-10-07 10:35:42.564+02:00 getting adverts                            topics="service-disco discoverer" tid=1150721 serviceId=key:E6738033B5D413D13CF58622CEB4EF8F392E8D4EB073B56A5486CB0431B2F5D8 registrar=16U*VpJprH
[2026-10-07 10:35:42.564] [out] [delivery_module] DBG 2026-10-07 10:35:42.564+02:00 adverts found                              topics="service-disco discoverer" tid=1150721 serviceId=key:913B5C5DBE691438693215140388EC0C7DE80DE328BDE5BD7FC06F90568CEA40 remote=16U*T3UNSE count=2
[2026-10-07 10:35:42.572] [out] [delivery_module] DBG 2026-10-07 10:35:42.572+02:00 getting adverts                            topics="service-disco discoverer" tid=1150721 serviceId=key:913B5C5DBE691438693215140388EC0C7DE80DE328BDE5BD7FC06F90568CEA40 registrar=16U*CKtDKK
[2026-10-07 10:35:42.630] [out] [delivery_module] DBG 2026-10-07 10:35:42.630+02:00 adverts found                              topics="service-disco discoverer" tid=1150721 serviceId=key:E6738033B5D413D13CF58622CEB4EF8F392E8D4EB073B56A5486CB0431B2F5D8 remote=16U*VpJprH count=5
[2026-10-07 10:35:42.633] [out] [delivery_module] DBG 2026-10-07 10:35:42.633+02:00 getting adverts                            topics="service-disco discoverer" tid=1150721 serviceId=key:E6738033B5D413D13CF58622CEB4EF8F392E8D4EB073B56A5486CB0431B2F5D8 registrar=16U*P1S397
[2026-10-07 10:35:42.633] [out] [delivery_module] DBG 2026-10-07 10:35:42.633+02:00 getting adverts                            topics="service-disco discoverer" tid=1150721 serviceId=key:E6738033B5D413D13CF58622CEB4EF8F392E8D4EB073B56A5486CB0431B2F5D8 registrar=16U*T3UNSE
[2026-10-07 10:35:42.911] [out] [delivery_module] DBG 2026-10-07 10:35:42.911+02:00 adverts found                              topics="service-disco discoverer" tid=1150721 serviceId=key:913B5C5DBE691438693215140388EC0C7DE80DE328BDE5BD7FC06F90568CEA40 remote=16U*CKtDKK count=5
[2026-10-07 10:35:42.915] [out] [delivery_module] DBG 2026-10-07 10:35:42.915+02:00 getting adverts                            topics="service-disco discoverer" tid=1150721 serviceId=key:913B5C5DBE691438693215140388EC0C7DE80DE328BDE5BD7FC06F90568CEA40 registrar=16U*yWaRuc
[2026-10-07 10:35:42.915] [out] [delivery_module] DBG 2026-10-07 10:35:42.915+02:00 Creating stream                            tid=1150721
[2026-10-07 10:35:42.915] [out] [delivery_module] DBG 2026-10-07 10:35:42.915+02:00 New stream created                         tid=1150721
[2026-10-07 10:35:42.915] [out] [delivery_module] DBG 2026-10-07 10:35:42.915+02:00 getting adverts                            topics="service-disco discoverer" tid=1150721 serviceId=key:913B5C5DBE691438693215140388EC0C7DE80DE328BDE5BD7FC06F90568CEA40 registrar=16U*kGyuEP
[2026-10-07 10:35:42.916] [out] [delivery_module] DBG 2026-10-07 10:35:42.916+02:00 getting adverts                            topics="service-disco discoverer" tid=1150721 serviceId=key:913B5C5DBE691438693215140388EC0C7DE80DE328BDE5BD7FC06F90568CEA40 registrar=16U*2FWeUS
[2026-10-07 10:35:42.918] [out] [delivery_module] DBG 2026-10-07 10:35:42.918+02:00 adverts found                              topics="service-disco discoverer" tid=1150721 serviceId=key:913B5C5DBE691438693215140388EC0C7DE80DE328BDE5BD7FC06F90568CEA40 remote=16U*yWaRuc count=3
[2026-10-07 10:35:42.924] [out] [delivery_module] DBG 2026-10-07 10:35:42.924+02:00 adverts found                              topics="service-disco discoverer" tid=1150721 serviceId=key:E6738033B5D413D13CF58622CEB4EF8F392E8D4EB073B56A5486CB0431B2F5D8 remote=16U*P1S397 count=7
[2026-10-07 10:35:43.062] [out] [delivery_module] DBG 2026-10-07 10:35:43.062+02:00 adverts found                              topics="service-disco discoverer" tid=1150721 serviceId=key:E6738033B5D413D13CF58622CEB4EF8F392E8D4EB073B56A5486CB0431B2F5D8 remote=16U*T3UNSE count=9
[2026-10-07 10:35:43.075] [out] [delivery_module] DBG 2026-10-07 10:35:43.075+02:00 Peer added via service discovery           topics="waku service discovery" tid=1150721 source="service lookup" peerId=16Uiu2HAmQNy6gx7xKWAhCNN7T7ScjNY1kugZWnXAtkek6w28TTLb addresses="[/ip4/173.42.114.210/tcp/36503]" protocols="[/logos/delivery]"
[2026-10-07 10:35:43.075] [out] [delivery_module] DBG 2026-10-07 10:35:43.075+02:00 Peer added via service discovery           topics="waku service discovery" tid=1150721 source="service lookup" peerId=16Uiu2HAmDNwugFwkuxDP5ULq9GspC89AQr4ybeNsacjGjLjQfE1X addresses="[/ip4/173.42.114.210/tcp/34927]" protocols="[/logos/delivery]"
[2026-10-07 10:35:43.075] [out] [delivery_module] DBG 2026-10-07 10:35:43.075+02:00 Peer added via service discovery           topics="waku service discovery" tid=1150721 source="service lookup" peerId=16Uiu2HAmTUbnxLGT9JvV6mu9oPyDjqHK4Phs1VDJNUgESgNSkuby addresses="[/ip4/138.68.122.137/tcp/30303, /ip4/138.68.122.137/udp/30303/quic-v1, /dns4/delivery-01.do-ams3.logos.dev.status.im/tcp/30303]" protocols="[/logos/delivery]"
[2026-10-07 10:35:43.075] [out] [delivery_module] DBG 2026-10-07 10:35:43.075+02:00 Peer added via service discovery           topics="waku service discovery" tid=1150721 source="service lookup" peerId=16Uiu2HAm8YokiNun9BkeA1ZRmhLbtNUvcwRr64F69tYj9fkGyuEP addresses="[/ip4/47.242.130.189/tcp/30303, /ip4/47.242.130.189/udp/30303/quic-v1, /dns4/delivery-01.ac-cn-hongkong-c.logos.dev.status.im/tcp/30303]" protocols="[/logos/delivery]"
[2026-10-07 10:35:43.075] [out] [delivery_module] DBG 2026-10-07 10:35:43.075+02:00 Peer added via service discovery           topics="waku service discovery" tid=1150721 source="service lookup" peerId=16Uiu2HAm4S1JYkuzDKLKQvwgAhZKs9otxXqt8SCGtB4hoJP1S397 addresses="[/ip4/136.119.156.87/tcp/30303, /ip4/136.119.156.87/udp/30303/quic-v1, /dns4/delivery-01.gc-us-central1-a.logos.dev.status.im/tcp/30303]" protocols="[/logos/delivery]"
[2026-10-07 10:35:43.075] [out] [delivery_module] DBG 2026-10-07 10:35:43.075+02:00 Peer added via service discovery           topics="waku service discovery" tid=1150721 source="service lookup" peerId=16Uiu2HAmGhbo2ucTWZLQdvgiRirWEGedChnWvAzhGTYdLUNb4EaX addresses="[/ip4/172.16.34.89/tcp/51218, /ip4/172.16.34.89/udp/50339/quic-v1]" protocols="[/logos/delivery]"
[2026-10-07 10:35:43.076] [out] [delivery_module] DBG 2026-10-07 10:35:43.076+02:00 Peer added via service discovery           topics="waku service discovery" tid=1150721 source="service lookup" peerId=16Uiu2HAmMK7PYygBtKUQ8EHp7EfaD3bCEsJrkFooK8RQ2PVpJprH addresses="[/ip4/174.138.106.244/tcp/30303, /ip4/174.138.106.244/udp/30303/quic-v1, /dns4/delivery-02.do-ams3.logos.dev.status.im/tcp/30303]" protocols="[/logos/delivery]"
[2026-10-07 10:35:43.076] [out] [delivery_module] DBG 2026-10-07 10:35:43.076+02:00 Peer added via service discovery           topics="waku service discovery" tid=1150721 source="service lookup" peerId=16Uiu2HAm8Y9kgBNtjxvCnf1X6gnZJW5EGE4UwwCL3CCm55TwqBiH addresses="[/ip4/34.123.201.25/tcp/30303, /ip4/34.123.201.25/udp/30303/quic-v1, /dns4/delivery-02.gc-us-central1-a.logos.dev.status.im/tcp/30303]" protocols="[/logos/delivery]"
[2026-10-07 10:35:43.076] [out] [delivery_module] DBG 2026-10-07 10:35:43.076+02:00 Peer added via service discovery           topics="waku service discovery" tid=1150721 source="service lookup" peerId=16Uiu2HAkyjYrnpwttfaxiNLhdhzc4QKUWWKWXD5C2hYey4CKtDKK addresses="[/ip4/173.42.114.210/tcp/37945]" protocols="[/logos/delivery]"
[2026-10-07 10:35:43.076] [out] [delivery_module] DBG 2026-10-07 10:35:43.076+02:00 Peer added via service discovery           topics="waku service discovery" tid=1150721 source="service lookup" peerId=16Uiu2HAkvCmpXVyfo16wPs9m3p2Z99ghpnZTFDyzzowVM7jqCixh addresses="[/ip4/173.42.114.210/tcp/37219]" protocols="[/logos/delivery]"
[2026-10-07 10:35:43.076] [out] [delivery_module] DBG 2026-10-07 10:35:43.076+02:00 Peer added via service discovery           topics="waku service discovery" tid=1150721 source="service lookup" peerId=16Uiu2HAm7h4a2g52pbRFvpTFHVvosQ6PkG5H1PSwwaSJo72FWeUS addresses="[/ip4/173.42.114.210/tcp/43243]" protocols="[/logos/delivery]"
[2026-10-07 10:35:43.076] [out] [delivery_module] DBG 2026-10-07 10:35:43.076+02:00 Peer added via service discovery           topics="waku service discovery" tid=1150721 source="service lookup" peerId=16Uiu2HAm7x52UXKinnZ4Ld26Wwn5e8J8eJtqaotXFiM7NGyWaRuc addresses="[/ip4/172.16.34.89/tcp/53686, /ip4/172.16.34.89/udp/60946/quic-v1]" protocols="[/logos/delivery]"
[2026-10-07 10:35:43.076] [out] [delivery_module] DBG 2026-10-07 10:35:43.076+02:00 Peer added via service discovery           topics="waku service discovery" tid=1150721 source="service lookup" peerId=16Uiu2HAkxBrmLdjythutRKhtiVcG39BUhZLXbxwzG4UmQBk3v1b3 addresses="[/ip4/10.16.8.125/tcp/49352, /ip4/10.16.8.125/udp/55890/quic-v1]" protocols="[/logos/delivery]"
[2026-10-07 10:35:43.076] [out] [delivery_module] DBG 2026-10-07 10:35:43.076+02:00 Peer added via service discovery           topics="waku service discovery" tid=1150721 source="service lookup" peerId=16Uiu2HAkvwhGHKNry6LACrB8TmEFoCJKEX29XR5dDUzk3UT3UNSE addresses="[/ip4/43.99.103.10/tcp/30303, /ip4/43.99.103.10/udp/30303/quic-v1, /dns4/delivery-02.ac-cn-hongkong-c.logos.dev.status.im/tcp/30303]" protocols="[/logos/delivery]"
[2026-10-07 10:35:43.076] [out] [delivery_module] DBG 2026-10-07 10:35:43.076+02:00 Service lookup complete                    topics="waku service discovery" tid=1150721 service=/logos/delivery found=14
[2026-10-07 10:35:43.078] [out] [delivery_module] DBG 2026-10-07 10:35:43.078+02:00 calculateConnectionState                   tid=1150721 relayCount=11 storeClientCount=6 lightpushCount=11 filterCount=11
[2026-10-07 10:35:43.170] [out] [delivery_module] DBG 2026-10-07 10:35:43.170+02:00 adverts found                              topics="service-disco discoverer" tid=1150721 serviceId=key:913B5C5DBE691438693215140388EC0C7DE80DE328BDE5BD7FC06F90568CEA40 remote=16U*2FWeUS count=6
[2026-10-07 10:35:43.340] [out] [delivery_module] DBG 2026-10-07 10:35:43.340+02:00 adverts found                              topics="service-disco discoverer" tid=1150721 serviceId=key:913B5C5DBE691438693215140388EC0C7DE80DE328BDE5BD7FC06F90568CEA40 remote=16U*kGyuEP count=2
[2026-10-07 10:35:43.350] [out] [delivery_module] DBG 2026-10-07 10:35:43.350+02:00 Peer added via service discovery           topics="waku service discovery" tid=1150721 source="service lookup" peerId=16Uiu2HAm8YokiNun9BkeA1ZRmhLbtNUvcwRr64F69tYj9fkGyuEP addresses="[/ip4/47.242.130.189/tcp/30303, /ip4/47.242.130.189/udp/30303/quic-v1, /dns4/delivery-01.ac-cn-hongkong-c.logos.dev.status.im/tcp/30303]" protocols="[/mix/1.0.0]"
[2026-10-07 10:35:43.350] [out] [delivery_module] DBG 2026-10-07 10:35:43.350+02:00 Peer added via service discovery           topics="waku service discovery" tid=1150721 source="service lookup" peerId=16Uiu2HAm4S1JYkuzDKLKQvwgAhZKs9otxXqt8SCGtB4hoJP1S397 addresses="[/ip4/136.119.156.87/tcp/30303, /ip4/136.119.156.87/udp/30303/quic-v1, /dns4/delivery-01.gc-us-central1-a.logos.dev.status.im/tcp/30303]" protocols="[/mix/1.0.0]"
[2026-10-07 10:35:43.350] [out] [delivery_module] DBG 2026-10-07 10:35:43.350+02:00 Peer added via service discovery           topics="waku service discovery" tid=1150721 source="service lookup" peerId=16Uiu2HAm7x52UXKinnZ4Ld26Wwn5e8J8eJtqaotXFiM7NGyWaRuc addresses="[/ip4/172.16.34.89/tcp/53686, /ip4/172.16.34.89/udp/60946/quic-v1]" protocols="[/mix/1.0.0]"
[2026-10-07 10:35:43.350] [out] [delivery_module] DBG 2026-10-07 10:35:43.350+02:00 Peer added via service discovery           topics="waku service discovery" tid=1150721 source="service lookup" peerId=16Uiu2HAm8Y9kgBNtjxvCnf1X6gnZJW5EGE4UwwCL3CCm55TwqBiH addresses="[/ip4/34.123.201.25/tcp/30303, /ip4/34.123.201.25/udp/30303/quic-v1, /dns4/delivery-02.gc-us-central1-a.logos.dev.status.im/tcp/30303]" protocols="[/mix/1.0.0]"
[2026-10-07 10:35:43.350] [out] [delivery_module] DBG 2026-10-07 10:35:43.350+02:00 Peer added via service discovery           topics="waku service discovery" tid=1150721 source="service lookup" peerId=16Uiu2HAmMK7PYygBtKUQ8EHp7EfaD3bCEsJrkFooK8RQ2PVpJprH addresses="[/ip4/174.138.106.244/tcp/30303, /ip4/174.138.106.244/udp/30303/quic-v1, /dns4/delivery-02.do-ams3.logos.dev.status.im/tcp/30303]" protocols="[/mix/1.0.0]"
[2026-10-07 10:35:43.350] [out] [delivery_module] DBG 2026-10-07 10:35:43.350+02:00 Peer added via service discovery           topics="waku service discovery" tid=1150721 source="service lookup" peerId=16Uiu2HAmTUbnxLGT9JvV6mu9oPyDjqHK4Phs1VDJNUgESgNSkuby addresses="[/ip4/138.68.122.137/tcp/30303, /ip4/138.68.122.137/udp/30303/quic-v1, /dns4/delivery-01.do-ams3.logos.dev.status.im/tcp/30303]" protocols="[/mix/1.0.0]"
[2026-10-07 10:35:43.350] [out] [delivery_module] DBG 2026-10-07 10:35:43.350+02:00 Peer added via service discovery           topics="waku service discovery" tid=1150721 source="service lookup" peerId=16Uiu2HAkvwhGHKNry6LACrB8TmEFoCJKEX29XR5dDUzk3UT3UNSE addresses="[/ip4/43.99.103.10/tcp/30303, /ip4/43.99.103.10/udp/30303/quic-v1, /dns4/delivery-02.ac-cn-hongkong-c.logos.dev.status.im/tcp/30303]" protocols="[/mix/1.0.0]"
[2026-10-07 10:35:43.350] [out] [delivery_module] DBG 2026-10-07 10:35:43.350+02:00 Service lookup complete                    topics="waku service discovery" tid=1150721 service=/mix/1.0.0 found=7
[2026-10-07 10:35:43.353] [out] [delivery_module] DBG 2026-10-07 10:35:43.353+02:00 calculateConnectionState                   tid=1150721 relayCount=11 storeClientCount=6 lightpushCount=11 filterCount=11
[2026-10-07 10:35:43.616] [out] [delivery_module] DBG 2026-10-07 10:35:43.616+02:00 Kad lookup: RPC error                      topics="kad-dht find" tid=1150721 peer=16U*M2e2Us msg="waitStage: timed out waiting for the peer's stream"
[2026-10-07 10:35:43.616] [out] [delivery_module] DBG 2026-10-07 10:35:43.616+02:00 Kad lookup: RPC error                      topics="kad-dht find" tid=1150721 peer=16U*qTrp93 msg="dialStage: timed out dialing the peer"
[2026-10-07 10:35:43.616] [out] [delivery_module] DBG 2026-10-07 10:35:43.616+02:00 Kad lookup: RPC error                      topics="kad-dht find" tid=1150721 peer=16U*JuCbPs msg="dialStage: timed out dialing the peer"
[2026-10-07 10:35:43.616] [out] [delivery_module] DBG 2026-10-07 10:35:43.616+02:00 Kad lookup: RPC error                      topics="kad-dht find" tid=1150721 peer=16U*baEE4m msg="dialStage: timed out dialing the peer"
[2026-10-07 10:35:43.617] [out] [delivery_module] DBG 2026-10-07 10:35:43.617+02:00 Lookup query                               topics="kad-dht find" tid=1150721 peer=16U*7ZEp3L
[2026-10-07 10:35:43.617] [out] [delivery_module] DBG 2026-10-07 10:35:43.617+02:00 Lookup query                               topics="kad-dht find" tid=1150721 peer=16U*k3v1b3
[2026-10-07 10:35:44.823] [out] [delivery_module] DBG 2026-10-07 10:35:44.823+02:00 ENR addresses updated                      topics="waku enr" tid=1150721 retained=0 total=0
[2026-10-07 10:35:44.823] [out] [delivery_module] INF 2026-10-07 10:35:44.823+02:00 ENR reconciled with the discv5 record      topics="wakunode waku" tid=1150721 enr=enr:-K24QFrrNMT6veflKR1ngAZWEJL4Cc3cYO_xArOgAWrlhFEyCsd3SNPpeGF53-c1puOTt5lPOgP4p6-FNhRj5eE1H4wOgmlkgnY0im11bHRpYWRkcnOAgnJzkwADCAAAAAEAAgADAAQABQAGAAeJc2VjcDI1NmsxoQM8Gfxe4BQY8XU7R2mN-iI1QcqIEg_RTN9gw_N5PlD9ZIN0Y3CCyBKDdWRwgtLRhXdha3UyLQ
[2026-10-07 10:35:44.858] [out] [delivery_module] DBG 2026-10-07 10:35:44.858+02:00 Kad lookup: RPC error                      topics="kad-dht find" tid=1150721 peer=16U*k3v1b3 msg="dialStage: timed out dialing the peer"
[2026-10-07 10:35:44.858] [out] [delivery_module] DBG 2026-10-07 10:35:44.858+02:00 Kad lookup: RPC error                      topics="kad-dht find" tid=1150721 peer=16U*7ZEp3L msg="dialStage: timed out dialing the peer"
[2026-10-07 10:35:44.859] [out] [delivery_module] DBG 2026-10-07 10:35:44.859+02:00 Lookup query                               topics="kad-dht find" tid=1150721 peer=16U*7ZEp3L
[2026-10-07 10:35:44.859] [out] [delivery_module] DBG 2026-10-07 10:35:44.859+02:00 Lookup query                               topics="kad-dht find" tid=1150721 peer=16U*k3v1b3
[2026-10-07 10:35:44.925] [out] [delivery_module] DBG 2026-10-07 10:35:44.925+02:00 Kad lookup: RPC error                      topics="kad-dht find" tid=1150721 peer=16U*oJnadu msg="waitStage: timed out before dialing"
[2026-10-07 10:35:44.963] [out] [delivery_module] DBG 2026-10-07 10:35:44.963+02:00 Kad lookup: RPC error                      topics="kad-dht find" tid=1150721 peer=16U*oJnadu msg="waitStage: timed out waiting for the peer's stream"
[2026-10-07 10:35:44.988] [out] [delivery_module] DBG 2026-10-07 10:35:44.988+02:00 Lookup query                               topics="kad-dht find" tid=1150721 peer=16U*k3v1b3
[2026-10-07 10:35:44.988] [out] [delivery_module] DBG 2026-10-07 10:35:44.988+02:00 Lookup query                               topics="kad-dht find" tid=1150721 peer=16U*7ZEp3L
[2026-10-07 10:35:44.988] [out] [delivery_module] DBG 2026-10-07 10:35:44.988+02:00 Kad lookup: RPC error                      topics="kad-dht find" tid=1150721 peer=16U*k3v1b3 msg="dialStage: timed out dialing the peer"
[2026-10-07 10:35:45.241] [out] [delivery_module] DBG 2026-10-07 10:35:45.241+02:00 Lookup query                               topics="kad-dht find" tid=1150721 peer=16U*7ZEp3L
[2026-10-07 10:35:45.241] [out] [delivery_module] DBG 2026-10-07 10:35:45.241+02:00 Lookup query                               topics="kad-dht find" tid=1150721 peer=16U*k3v1b3
[2026-10-07 10:35:45.241] [out] [delivery_module] DBG 2026-10-07 10:35:45.241+02:00 Kad lookup: RPC error                      topics="kad-dht find" tid=1150721 peer=16U*k3v1b3 msg="dialStage: timed out dialing the peer"
[2026-10-07 10:35:48.619] [out] [delivery_module] DBG 2026-10-07 10:35:48.619+02:00 Lookup query                               topics="kad-dht find" tid=1150721 peer=16U*7ZEp3L
[2026-10-07 10:35:48.619] [out] [delivery_module] DBG 2026-10-07 10:35:48.619+02:00 Lookup query                               topics="kad-dht find" tid=1150721 peer=16U*k3v1b3
[2026-10-07 10:35:48.619] [out] [delivery_module] DBG 2026-10-07 10:35:48.619+02:00 Kad lookup: RPC error                      topics="kad-dht find" tid=1150721 peer=16U*k3v1b3 msg="dialStage: timed out dialing the peer"
[2026-10-07 10:35:48.619] [out] [delivery_module] DBG 2026-10-07 10:35:48.619+02:00 Kad lookup: RPC error                      topics="kad-dht find" tid=1150721 peer=16U*7ZEp3L msg="dialStage: timed out dialing the peer"
[2026-10-07 10:35:49.816] [out] [delivery_module] DBG 2026-10-07 10:35:49.816+02:00 Finished dialing multiple peers            topics="waku node peer_manager" tid=1150721 successfulConns=0 attempted=7
[2026-10-07 10:35:49.829] [out] [delivery_module] DBG 2026-10-07 10:35:49.829+02:00 Creating stream                            tid=1150721
[2026-10-07 10:35:49.829] [out] [delivery_module] DBG 2026-10-07 10:35:49.829+02:00 New stream created                         tid=1150721
[2026-10-07 10:35:49.861] [out] [delivery_module] DBG 2026-10-07 10:35:49.861+02:00 Lookup query                               topics="kad-dht find" tid=1150721 peer=16U*7ZEp3L
[2026-10-07 10:35:49.861] [out] [delivery_module] DBG 2026-10-07 10:35:49.861+02:00 Lookup query                               topics="kad-dht find" tid=1150721 peer=16U*k3v1b3
[2026-10-07 10:35:49.862] [out] [delivery_module] DBG 2026-10-07 10:35:49.862+02:00 Kad lookup: RPC error                      topics="kad-dht find" tid=1150721 peer=16U*k3v1b3 msg="dialStage: timed out dialing the peer"
[2026-10-07 10:35:49.862] [out] [delivery_module] DBG 2026-10-07 10:35:49.862+02:00 Kad lookup: RPC error                      topics="kad-dht find" tid=1150721 peer=16U*7ZEp3L msg="dialStage: timed out dialing the peer"
[2026-10-07 10:35:49.990] [out] [delivery_module] DBG 2026-10-07 10:35:49.990+02:00 Lookup query                               topics="kad-dht find" tid=1150721 peer=16U*k3v1b3
[2026-10-07 10:35:49.990] [out] [delivery_module] DBG 2026-10-07 10:35:49.990+02:00 Lookup query                               topics="kad-dht find" tid=1150721 peer=16U*7ZEp3L
[2026-10-07 10:35:49.991] [out] [delivery_module] DBG 2026-10-07 10:35:49.991+02:00 Kad lookup: RPC error                      topics="kad-dht find" tid=1150721 peer=16U*k3v1b3 msg="dialStage: timed out dialing the peer"
[2026-10-07 10:35:49.991] [out] [delivery_module] DBG 2026-10-07 10:35:49.991+02:00 Kad lookup: RPC error                      topics="kad-dht find" tid=1150721 peer=16U*7ZEp3L msg="dialStage: timed out dialing the peer"
[2026-10-07 10:35:50.243] [out] [delivery_module] DBG 2026-10-07 10:35:50.243+02:00 Lookup query                               topics="kad-dht find" tid=1150721 peer=16U*7ZEp3L
[2026-10-07 10:35:50.244] [out] [delivery_module] DBG 2026-10-07 10:35:50.244+02:00 Lookup query                               topics="kad-dht find" tid=1150721 peer=16U*k3v1b3
[2026-10-07 10:35:50.246] [out] [delivery_module] DBG 2026-10-07 10:35:50.245+02:00 Kad lookup: RPC error                      topics="kad-dht find" tid=1150721 peer=16U*k3v1b3 msg="dialStage: timed out dialing the peer"
[2026-10-07 10:35:50.246] [out] [delivery_module] DBG 2026-10-07 10:35:50.246+02:00 Kad lookup: RPC error                      topics="kad-dht find" tid=1150721 peer=16U*7ZEp3L msg="dialStage: timed out dialing the peer"
[2026-10-07 10:35:53.622] [out] [delivery_module] DBG 2026-10-07 10:35:53.622+02:00 Lookup query                               topics="kad-dht find" tid=1150721 peer=16U*7ZEp3L
[2026-10-07 10:35:53.622] [out] [delivery_module] DBG 2026-10-07 10:35:53.622+02:00 Lookup query                               topics="kad-dht find" tid=1150721 peer=16U*k3v1b3
[2026-10-07 10:35:53.622] [out] [delivery_module] DBG 2026-10-07 10:35:53.622+02:00 Kad lookup: RPC error                      topics="kad-dht find" tid=1150721 peer=16U*k3v1b3 msg="dialStage: timed out dialing the peer"
[2026-10-07 10:35:53.622] [out] [delivery_module] DBG 2026-10-07 10:35:53.622+02:00 Kad lookup: RPC error                      topics="kad-dht find" tid=1150721 peer=16U*7ZEp3L msg="dialStage: timed out dialing the peer"
[2026-10-07 10:35:54.865] [out] [delivery_module] DBG 2026-10-07 10:35:54.865+02:00 Lookup query                               topics="kad-dht find" tid=1150721 peer=16U*7ZEp3L
[2026-10-07 10:35:54.865] [out] [delivery_module] DBG 2026-10-07 10:35:54.865+02:00 Lookup query                               topics="kad-dht find" tid=1150721 peer=16U*k3v1b3
[2026-10-07 10:35:54.865] [out] [delivery_module] DBG 2026-10-07 10:35:54.865+02:00 Kad lookup: RPC error                      topics="kad-dht find" tid=1150721 peer=16U*7ZEp3L msg="dialStage: timed out dialing the peer"
[2026-10-07 10:35:54.866] [out] [delivery_module] DBG 2026-10-07 10:35:54.865+02:00 Kad lookup: RPC error                      topics="kad-dht find" tid=1150721 peer=16U*k3v1b3 msg="dialStage: timed out dialing the peer"
[2026-10-07 10:35:54.993] [out] [delivery_module] DBG 2026-10-07 10:35:54.992+02:00 Lookup query                               topics="kad-dht find" tid=1150721 peer=16U*k3v1b3
[2026-10-07 10:35:54.993] [out] [delivery_module] DBG 2026-10-07 10:35:54.993+02:00 Lookup query                               topics="kad-dht find" tid=1150721 peer=16U*7ZEp3L
[2026-10-07 10:35:54.993] [out] [delivery_module] DBG 2026-10-07 10:35:54.993+02:00 Kad lookup: RPC error                      topics="kad-dht find" tid=1150721 peer=16U*k3v1b3 msg="dialStage: timed out dialing the peer"
[2026-10-07 10:35:54.993] [out] [delivery_module] DBG 2026-10-07 10:35:54.993+02:00 Kad lookup: RPC error                      topics="kad-dht find" tid=1150721 peer=16U*7ZEp3L msg="dialStage: timed out dialing the peer"
[2026-10-07 10:35:55.247] [out] [delivery_module] DBG 2026-10-07 10:35:55.247+02:00 Lookup query                               topics="kad-dht find" tid=1150721 peer=16U*7ZEp3L
[2026-10-07 10:35:55.247] [out] [delivery_module] DBG 2026-10-07 10:35:55.247+02:00 Lookup query                               topics="kad-dht find" tid=1150721 peer=16U*k3v1b3
[2026-10-07 10:35:55.247] [out] [delivery_module] DBG 2026-10-07 10:35:55.247+02:00 Kad lookup: RPC error                      topics="kad-dht find" tid=1150721 peer=16U*k3v1b3 msg="dialStage: timed out dialing the peer"
[2026-10-07 10:35:55.247] [out] [delivery_module] DBG 2026-10-07 10:35:55.247+02:00 Kad lookup: RPC error                      topics="kad-dht find" tid=1150721 peer=16U*7ZEp3L msg="dialStage: timed out dialing the peer"
[2026-10-07 10:35:56.271] [out] [delivery_module] DBG 2026-10-07 10:35:56.271+02:00 New stream created                         tid=1150721
[2026-10-07 10:35:57.548] [out] [delivery_module] DBG 2026-10-07 10:35:57.548+02:00 calculateConnectionState                   tid=1150721 relayCount=11 storeClientCount=6 lightpushCount=11 filterCount=11
[2026-10-07 10:35:58.624] [out] [delivery_module] DBG 2026-10-07 10:35:58.624+02:00 Lookup query                               topics="kad-dht find" tid=1150721 peer=16U*7ZEp3L
[2026-10-07 10:35:58.624] [out] [delivery_module] DBG 2026-10-07 10:35:58.624+02:00 Lookup query                               topics="kad-dht find" tid=1150721 peer=16U*k3v1b3
[2026-10-07 10:35:58.624] [out] [delivery_module] DBG 2026-10-07 10:35:58.624+02:00 Kad lookup: RPC error                      topics="kad-dht find" tid=1150721 peer=16U*k3v1b3 msg="dialStage: timed out dialing the peer"
[2026-10-07 10:35:58.624] [out] [delivery_module] DBG 2026-10-07 10:35:58.624+02:00 Kad lookup: RPC error                      topics="kad-dht find" tid=1150721 peer=16U*7ZEp3L msg="dialStage: timed out dialing the peer"
[2026-10-07 10:35:59.866] [out] [delivery_module] DBG 2026-10-07 10:35:59.866+02:00 Lookup query                               topics="kad-dht find" tid=1150721 peer=16U*7ZEp3L
[2026-10-07 10:35:59.866] [out] [delivery_module] DBG 2026-10-07 10:35:59.866+02:00 Lookup query                               topics="kad-dht find" tid=1150721 peer=16U*k3v1b3
[2026-10-07 10:35:59.866] [out] [delivery_module] DBG 2026-10-07 10:35:59.866+02:00 Kad lookup: RPC error                      topics="kad-dht find" tid=1150721 peer=16U*k3v1b3 msg="dialStage: timed out dialing the peer"
[2026-10-07 10:35:59.866] [out] [delivery_module] DBG 2026-10-07 10:35:59.866+02:00 Kad lookup: RPC error                      topics="kad-dht find" tid=1150721 peer=16U*7ZEp3L msg="dialStage: timed out dialing the peer"
[2026-10-07 10:35:59.995] [out] [delivery_module] DBG 2026-10-07 10:35:59.995+02:00 Lookup query                               topics="kad-dht find" tid=1150721 peer=16U*k3v1b3
[2026-10-07 10:35:59.995] [out] [delivery_module] DBG 2026-10-07 10:35:59.995+02:00 Lookup query                               topics="kad-dht find" tid=1150721 peer=16U*7ZEp3L
[2026-10-07 10:35:59.996] [out] [delivery_module] DBG 2026-10-07 10:35:59.996+02:00 Kad lookup: RPC error                      topics="kad-dht find" tid=1150721 peer=16U*7ZEp3L msg="dialStage: timed out dialing the peer"
[2026-10-07 10:35:59.996] [out] [delivery_module] DBG 2026-10-07 10:35:59.996+02:00 Kad lookup: RPC error                      topics="kad-dht find" tid=1150721 peer=16U*k3v1b3 msg="dialStage: timed out dialing the peer"
[2026-10-07 10:36:00.250] [out] [delivery_module] DBG 2026-10-07 10:36:00.250+02:00 Lookup query                               topics="kad-dht find" tid=1150721 peer=16U*7ZEp3L
[2026-10-07 10:36:00.250] [out] [delivery_module] DBG 2026-10-07 10:36:00.250+02:00 Lookup query                               topics="kad-dht find" tid=1150721 peer=16U*k3v1b3
[2026-10-07 10:36:00.250] [out] [delivery_module] DBG 2026-10-07 10:36:00.250+02:00 Kad lookup: RPC error                      topics="kad-dht find" tid=1150721 peer=16U*k3v1b3 msg="dialStage: timed out dialing the peer"
[2026-10-07 10:36:00.250] [out] [delivery_module] DBG 2026-10-07 10:36:00.250+02:00 Kad lookup: RPC error                      topics="kad-dht find" tid=1150721 peer=16U*7ZEp3L msg="dialStage: timed out dialing the peer"
[2026-10-07 10:36:00.306] [info] [logos] [delivery_module] DeliveryModuleImpl::send called with contentTopic: /lp0026forum/1/general/text
[2026-10-07 10:36:00.306] [out] [delivery_module] DBG 2026-10-07 10:36:00.306+02:00 SendService.send: processing delivery task topics="send service" tid=1150721 requestId=0448e4eb43d9af5702bd msgHash=0x4ea30c2456e018bdd92f67bc03a1c52da62f7125c710d145ecd00bd890d19c90
[2026-10-07 10:36:00.306] [info] [logos] [delivery_module] DeliveryModuleImpl: Send initiated for topic: /lp0026forum/1/general/text, with success, requestId: 0448e4eb43d9af5702bd
[2026-10-07 10:36:00.307] [out] [delivery_module] DBG 2026-10-07 10:36:00.307+02:00 Trying message delivery via Mix            topics="send service mix processor" tid=1150721 requestId=0448e4eb43d9af5702bd msgHash=0x4ea30c2456e018bdd92f67bc03a1c52da62f7125c710d145ecd00bd890d19c90 tryCount=1
[2026-10-07 10:36:00.307] [out] [delivery_module] DBG 2026-10-07 10:36:00.307+02:00 Publishing message without RLN proof       tid=1150721
[2026-10-07 10:36:00.307] [out] [delivery_module] DBG 2026-10-07 10:36:00.307+02:00 Publishing message with lightpush          topics="waku node lightpush api" tid=1150721 pubsubTopic=/waku/2/rs/3/7 contentTopic=/lp0026forum/1/general/text target_peer_id=16U*VpJprH msg_hash=0x4ea30c2456e018bdd92f67bc03a1c52da62f7125c710d145ecd00bd890d19c90 mixify=true
[2026-10-07 10:36:00.307] [out] [delivery_module] DBG 2026-10-07 10:36:00.307+02:00 Publish                                    topics="waku lightpush client" tid=1150721 myPeerId=16U*Nb4EaX peerId= msgHash=0x4ea30c2456e018bdd92f67bc03a1c52da62f7125c710d145ecd00bd890d19c90 sentTime=1791362160307687936
[2026-10-07 10:36:00.307] [out] [delivery_module] DBG 2026-10-07 10:36:00.307+02:00 Destination data                           tid=1150721 destination=MixDestination[MixNode](16Uiu2HAmMK7PYygBtKUQ8EHp7EfaD3bCEsJrkFooK8RQ2PVpJprH)
[2026-10-07 10:36:00.307] [out] [delivery_module] DBG 2026-10-07 10:36:00.307+02:00 Selected mix node:                         tid=1150721 indexInPath=0 peerId=16U*NSkuby
[2026-10-07 10:36:00.307] [out] [delivery_module] DBG 2026-10-07 10:36:00.307+02:00 Selected mix node:                         tid=1150721 indexInPath=1 peerId=16U*TwqBiH
[2026-10-07 10:36:00.307] [out] [delivery_module] DBG 2026-10-07 10:36:00.307+02:00 Selected mix node:                         tid=1150721 indexInPath=2 peerId=16U*VpJprH
[2026-10-07 10:36:00.307] [out] [delivery_module] DBG 2026-10-07 10:36:00.307+02:00 Selected mix node for surbs:               tid=1150721 indexInPath=0 peerId=16U*NSkuby
[2026-10-07 10:36:00.308] [out] [delivery_module] DBG 2026-10-07 10:36:00.308+02:00 Selected mix node for surbs:               tid=1150721 indexInPath=1 peerId=16U*TwqBiH
[2026-10-07 10:36:00.360] [out] [delivery_module] DBG 2026-10-07 10:36:00.360+02:00 Creating stream                            tid=1150721
[2026-10-07 10:36:00.360] [out] [delivery_module] DBG 2026-10-07 10:36:00.360+02:00 New stream created                         tid=1150721
[2026-10-07 10:36:00.924] [out] [delivery_module] INF 2026-10-07 10:36:00.924+02:00 Message received                           tid=1150721 msg_hash=0x4ea30c2456e018bdd92f67bc03a1c52da62f7125c710d145ecd00bd890d19c90 contentTopic=/lp0026forum/1/general/text pubsubTopic=/waku/2/rs/3/7 source=live
[2026-10-07 10:36:01.322] [out] [delivery_module] DBG 2026-10-07 10:36:01.322+02:00 Message propagated via Mix                 topics="send service mix processor" tid=1150721 requestId=0448e4eb43d9af5702bd msgHash=0x4ea30c2456e018bdd92f67bc03a1c52da62f7125c710d145ecd00bd890d19c90
[2026-10-07 10:36:01.322] [out] [delivery_module] INF 2026-10-07 10:36:01.322+02:00 Message successfully propagated            topics="send service" tid=1150721 requestId=0448e4eb43d9af5702bd msgHash=withheld
[2026-10-07 10:36:01.322] [out] [delivery_module] INF 2026-10-07 10:36:01.322+02:00 Message successfully sent over mix         topics="send service" tid=1150721 requestId=0448e4eb43d9af5702bd
[2026-10-07 10:36:02.819] [out] [delivery_module] DBG 2026-10-07 10:36:02.819+02:00 Dialing multiple peers                     topics="waku node peer_manager" tid=1150721 numOfPeers=1 nodes=@[16Uiu2HAkvCmpXVyfo16wPs9m3p2Z99ghpnZTFDyzzowVM7jqCixh]
[2026-10-07 10:36:02.819] [out] [delivery_module] DBG 2026-10-07 10:36:02.819+02:00 Dialing peer                               topics="libp2p dialer" tid=1150721 peerId=16U*jqCixh addrs="[/ip4/173.42.114.210/tcp/37219]"
[2026-10-07 10:36:02.819] [out] [delivery_module] DBG 2026-10-07 10:36:02.819+02:00 Expanded address and hostname              topics="libp2p dialer" tid=1150721 expandedAddress=/ip4/173.42.114.210/tcp/37219 hostname=173.42.114.210 resolvedAddresses="[/ip4/173.42.114.210/tcp/37219]"
[2026-10-07 10:36:03.308] [info] [logos] [delivery_module] DeliveryModuleImpl::send called with contentTopic: /lp0026forum/1/general/text
[2026-10-07 10:36:03.309] [out] [delivery_module] DBG 2026-10-07 10:36:03.309+02:00 SendService.send: processing delivery task topics="send service" tid=1150721 requestId=c5631ad92b47d9d840ce msgHash=0x9597f414e608b860f47d776110de2ee7f752da330a4c7069bb9bfa38cb2956e2
[2026-10-07 10:36:03.309] [info] [logos] [delivery_module] DeliveryModuleImpl: Send initiated for topic: /lp0026forum/1/general/text, with success, requestId: c5631ad92b47d9d840ce
[2026-10-07 10:36:03.309] [out] [delivery_module] DBG 2026-10-07 10:36:03.309+02:00 Trying message delivery via Mix            topics="send service mix processor" tid=1150721 requestId=c5631ad92b47d9d840ce msgHash=0x9597f414e608b860f47d776110de2ee7f752da330a4c7069bb9bfa38cb2956e2 tryCount=1
[2026-10-07 10:36:03.309] [out] [delivery_module] DBG 2026-10-07 10:36:03.309+02:00 Publishing message without RLN proof       tid=1150721
[2026-10-07 10:36:03.309] [out] [delivery_module] DBG 2026-10-07 10:36:03.309+02:00 Publishing message with lightpush          topics="waku node lightpush api" tid=1150721 pubsubTopic=/waku/2/rs/3/7 contentTopic=/lp0026forum/1/general/text target_peer_id=16U*yWaRuc msg_hash=0x9597f414e608b860f47d776110de2ee7f752da330a4c7069bb9bfa38cb2956e2 mixify=true
[2026-10-07 10:36:03.309] [out] [delivery_module] DBG 2026-10-07 10:36:03.309+02:00 Publish                                    topics="waku lightpush client" tid=1150721 myPeerId=16U*Nb4EaX peerId= msgHash=0x9597f414e608b860f47d776110de2ee7f752da330a4c7069bb9bfa38cb2956e2 sentTime=1791362163309869056
[2026-10-07 10:36:03.309] [out] [delivery_module] DBG 2026-10-07 10:36:03.309+02:00 Destination data                           tid=1150721 destination=MixDestination[MixNode](16Uiu2HAm7x52UXKinnZ4Ld26Wwn5e8J8eJtqaotXFiM7NGyWaRuc)
[2026-10-07 10:36:03.310] [out] [delivery_module] DBG 2026-10-07 10:36:03.309+02:00 Selected mix node:                         tid=1150721 indexInPath=0 peerId=16U*VpJprH
[2026-10-07 10:36:03.310] [out] [delivery_module] DBG 2026-10-07 10:36:03.310+02:00 Selected mix node:                         tid=1150721 indexInPath=1 peerId=16U*kGyuEP
[2026-10-07 10:36:03.310] [out] [delivery_module] DBG 2026-10-07 10:36:03.310+02:00 Selected mix node:                         tid=1150721 indexInPath=2 peerId=16U*yWaRuc
[2026-10-07 10:36:03.310] [out] [delivery_module] DBG 2026-10-07 10:36:03.310+02:00 Selected mix node for surbs:               tid=1150721 indexInPath=0 peerId=16U*VpJprH
[2026-10-07 10:36:03.310] [out] [delivery_module] DBG 2026-10-07 10:36:03.310+02:00 Selected mix node for surbs:               tid=1150721 indexInPath=1 peerId=16U*P1S397
[2026-10-07 10:36:03.393] [out] [delivery_module] DBG 2026-10-07 10:36:03.392+02:00 Dial successful                            topics="libp2p dialer" tid=1150721 peerId=16U*jqCixh
[2026-10-07 10:36:03.393] [out] [delivery_module] DBG 2026-10-07 10:36:03.393+02:00 starting sendNonHighPriorityTask           topics="libp2p pubsubpeer" tid=1150721 p=16U*jqCixh
[2026-10-07 10:36:03.393] [out] [delivery_module] DBG 2026-10-07 10:36:03.393+02:00 created new pubsub peer                    topics="libp2p pubsub" tid=1150721 peerId=16U*jqCixh
[2026-10-07 10:36:03.393] [out] [delivery_module] DBG 2026-10-07 10:36:03.393+02:00 no listener registered                     tid=1150722 event=onConnectionChange
[2026-10-07 10:36:03.395] [out] [delivery_module] DBG 2026-10-07 10:36:03.395+02:00 calculateConnectionState                   tid=1150721 relayCount=11 storeClientCount=6 lightpushCount=11 filterCount=11
[2026-10-07 10:36:03.409] [out] [delivery_module] DBG 2026-10-07 10:36:03.409+02:00 Incoming WakuRelay connection              topics="waku relay" tid=1150721 connection=16U*jqCixh:6ac60473e8c003e098ee1d25 protocol=/vac/waku/relay/2.0.0
[2026-10-07 10:36:03.409] [out] [delivery_module] DBG 2026-10-07 10:36:03.409+02:00 starting pubsub read loop                  topics="libp2p pubsubpeer" tid=1150721 stream=16U*jqCixh:6ac60473e8c003e098ee1d25 peer=16U*jqCixh closed=false
[2026-10-07 10:36:03.409] [out] [delivery_module] DBG 2026-10-07 10:36:03.409+02:00 identify: info sent                        topics="libp2p identify" tid=1150721 stream=16U*jqCixh:6ac60473e8c003e098ee1d26 info="(peerId: 16Uiu2HAmGhbo2ucTWZLQdvgiRirWEGedChnWvAzhGTYdLUNb4EaX, listenAddrs: [/ip4/0.0.0.0/tcp/51218, /ip4/0.0.0.0/udp/50339/quic-v1], addrs: [/ip4/172.16.34.89/tcp/51218, /ip4/172.16.34.89/udp/50339/quic-v1], protocols: [/ipfs/id/1.0.0, /libp2p/autonat/1.0.0, /libp2p/circuit/relay/0.2.0/hop, /vac/waku/metadata/1.0.0, /mix/1.0.0, /logos/service-discovery/1.0.0, /vac/waku/relay/2.0.0, /vac/waku/rendezvous/1.0.0, /ipfs/ping/1.0.0, /vac/waku/lightpush/3.0.0, /vac/waku/lightpush/2.0.0-beta1, /vac/waku/filter-subscribe/2.0.0-beta1, /vac/waku/filter-push/2.0.0-beta1, /vac/waku/peer-exchange/2.0.0-alpha1], protoVersion: ipfs/0.1.0, agentVersion: logos-delivery-v0.39.0-gca2814)"
[2026-10-07 10:36:03.563] [out] [delivery_module] DBG 2026-10-07 10:36:03.563+02:00 starting pubsub read loop                  topics="libp2p pubsubpeer" tid=1150721 stream=16U*jqCixh:6ac60473e8c003e098ee1d23 peer=16U*jqCixh closed=false
[2026-10-07 10:36:03.568] [out] [delivery_module] DBG 2026-10-07 10:36:03.568+02:00 identify: info received                    topics="libp2p identify" tid=1150721 stream=16U*jqCixh:6ac60473e8c003e098ee1d24 pubkey=ok(sec...a9d2)) addresses=/ip4/173.42.114.210/tcp/37219 protocols=/ipfs/id/1.0.0,/libp2p/autonat/1.0.0,/libp2p/circuit/relay/0.2.0/hop,/vac/waku/metadata/1.0.0,/logos/service-discovery/1.0.0,/vac/waku/relay/2.0.0,/vac/waku/rendezvous/1.0.0,/ipfs/ping/1.0.0,/vac/waku/lightpush/3.0.0,/vac/waku/lightpush/2.0.0-beta1,/vac/waku/filter-subscribe/2.0.0-beta1,/vac/waku/filter-push/2.0.0-beta1,/vac/waku/peer-exchange/2.0.0-alpha1 observable_address=ok(/ip4/83.135.41.108/tcp/62075) proto_version=ipfs/0.1.0 agent_version=logos-delivery-v0.39.0-gca2814 signedPeerRecord=None
[2026-10-07 10:36:03.570] [out] [delivery_module] DBG 2026-10-07 10:36:03.570+02:00 calculateConnectionState                   tid=1150721 relayCount=12 storeClientCount=6 lightpushCount=12 filterCount=12
[2026-10-07 10:36:03.570] [out] [delivery_module] DBG 2026-10-07 10:36:03.570+02:00 Event identified                           topics="waku node peer_manager" tid=1150721 peerId=16U*jqCixh
[2026-10-07 10:36:03.570] [out] [delivery_module] DBG 2026-10-07 10:36:03.570+02:00 no listener registered                     tid=1150722 event=onConnectionChange
[2026-10-07 10:36:03.627] [out] [delivery_module] DBG 2026-10-07 10:36:03.627+02:00 Lookup query                               topics="kad-dht find" tid=1150721 peer=16U*7ZEp3L
[2026-10-07 10:36:03.627] [out] [delivery_module] DBG 2026-10-07 10:36:03.627+02:00 Lookup query                               topics="kad-dht find" tid=1150721 peer=16U*k3v1b3
[2026-10-07 10:36:03.627] [out] [delivery_module] DBG 2026-10-07 10:36:03.627+02:00 Kad lookup: RPC error                      topics="kad-dht find" tid=1150721 peer=16U*7ZEp3L msg="dialStage: timed out dialing the peer"
[2026-10-07 10:36:03.627] [out] [delivery_module] DBG 2026-10-07 10:36:03.627+02:00 Kad lookup: RPC error                      topics="kad-dht find" tid=1150721 peer=16U*k3v1b3 msg="dialStage: timed out dialing the peer"
[2026-10-07 10:36:03.674] [out] [delivery_module] DBG 2026-10-07 10:36:03.674+02:00 calculateConnectionState                   tid=1150721 relayCount=12 storeClientCount=6 lightpushCount=12 filterCount=12
[2026-10-07 10:36:03.790] [out] [delivery_module] DBG 2026-10-07 10:36:03.790+02:00 Received WakuMetadata request              topics="waku metadata" tid=1150721 remoteClusterId=ok(3) remoteShards="[5, 0, 2, 1, 4, 7, 3, 6]" localClusterId=3 localShards="[5, 0, 2, 1, 4, 7, 3, 6]" peer=16U*jqCixh
[2026-10-07 10:36:03.931] [out] [delivery_module] DBG 2026-10-07 10:36:03.931+02:00 no listener registered                     tid=1150722 event=onConnectionChange
[2026-10-07 10:36:03.933] [out] [delivery_module] DBG 2026-10-07 10:36:03.933+02:00 calculateConnectionState                   tid=1150721 relayCount=12 storeClientCount=6 lightpushCount=12 filterCount=12
[2026-10-07 10:36:03.933] [out] [delivery_module] DBG 2026-10-07 10:36:03.933+02:00 Finished dialing multiple peers            topics="waku node peer_manager" tid=1150721 successfulConns=1 attempted=1
[2026-10-07 10:36:04.124] [out] [delivery_module] INF 2026-10-07 10:36:04.124+02:00 Message received                           tid=1150721 msg_hash=0x9597f414e608b860f47d776110de2ee7f752da330a4c7069bb9bfa38cb2956e2 contentTopic=/lp0026forum/1/general/text pubsubTopic=/waku/2/rs/3/7 source=live
[2026-10-07 10:36:04.869] [out] [delivery_module] DBG 2026-10-07 10:36:04.869+02:00 Lookup query                               topics="kad-dht find" tid=1150721 peer=16U*7ZEp3L
[2026-10-07 10:36:04.869] [out] [delivery_module] DBG 2026-10-07 10:36:04.869+02:00 Lookup query                               topics="kad-dht find" tid=1150721 peer=16U*k3v1b3
[2026-10-07 10:36:04.870] [out] [delivery_module] DBG 2026-10-07 10:36:04.870+02:00 Kad lookup: RPC error                      topics="kad-dht find" tid=1150721 peer=16U*k3v1b3 msg="dialStage: timed out dialing the peer"
[2026-10-07 10:36:04.870] [out] [delivery_module] DBG 2026-10-07 10:36:04.870+02:00 Kad lookup: RPC error                      topics="kad-dht find" tid=1150721 peer=16U*7ZEp3L msg="dialStage: timed out dialing the peer"
[2026-10-07 10:36:04.997] [out] [delivery_module] DBG 2026-10-07 10:36:04.997+02:00 Lookup query                               topics="kad-dht find" tid=1150721 peer=16U*k3v1b3
[2026-10-07 10:36:04.997] [out] [delivery_module] DBG 2026-10-07 10:36:04.997+02:00 Lookup query                               topics="kad-dht find" tid=1150721 peer=16U*7ZEp3L
[2026-10-07 10:36:04.999] [out] [delivery_module] DBG 2026-10-07 10:36:04.999+02:00 Kad lookup: RPC error                      topics="kad-dht find" tid=1150721 peer=16U*k3v1b3 msg="dialStage: timed out dialing the peer"
[2026-10-07 10:36:04.999] [out] [delivery_module] DBG 2026-10-07 10:36:04.999+02:00 Kad lookup: RPC error                      topics="kad-dht find" tid=1150721 peer=16U*7ZEp3L msg="dialStage: timed out dialing the peer"
[2026-10-07 10:36:05.104] [out] [delivery_module] DBG 2026-10-07 10:36:05.104+02:00 Message propagated via Mix                 topics="send service mix processor" tid=1150721 requestId=c5631ad92b47d9d840ce msgHash=0x9597f414e608b860f47d776110de2ee7f752da330a4c7069bb9bfa38cb2956e2
[2026-10-07 10:36:05.104] [out] [delivery_module] INF 2026-10-07 10:36:05.104+02:00 Message successfully propagated            topics="send service" tid=1150721 requestId=c5631ad92b47d9d840ce msgHash=withheld
[2026-10-07 10:36:05.104] [out] [delivery_module] INF 2026-10-07 10:36:05.104+02:00 Message successfully sent over mix         topics="send service" tid=1150721 requestId=c5631ad92b47d9d840ce
[2026-10-07 10:36:05.253] [out] [delivery_module] DBG 2026-10-07 10:36:05.253+02:00 Lookup query                               topics="kad-dht find" tid=1150721 peer=16U*7ZEp3L
[2026-10-07 10:36:05.253] [out] [delivery_module] DBG 2026-10-07 10:36:05.253+02:00 Lookup query                               topics="kad-dht find" tid=1150721 peer=16U*k3v1b3
[2026-10-07 10:36:05.254] [out] [delivery_module] DBG 2026-10-07 10:36:05.254+02:00 Kad lookup: RPC error                      topics="kad-dht find" tid=1150721 peer=16U*7ZEp3L msg="dialStage: timed out dialing the peer"
[2026-10-07 10:36:05.254] [out] [delivery_module] DBG 2026-10-07 10:36:05.254+02:00 Kad lookup: RPC error                      topics="kad-dht find" tid=1150721 peer=16U*k3v1b3 msg="dialStage: timed out dialing the peer"
[2026-10-07 10:36:06.311] [warning] [logos] [capability_module] Warning: QObject::connect: No such signal ::eventResponse(QString,QVariantList)
[2026-10-07 10:36:06.312] [info] [logos] [storage_module] StorageModuleImpl::init called
[2026-10-07 10:36:06.334] [out] [storage_module] WRN 2026-10-07 10:36:06.334+02:00 Data directory has insecure permissions. Correcting them. tid=1152360 data_dir=~/.local/share/lp0026-forum-dev/m7-storage/a-storage current_permissions=0755 required_permissions=0700
[2026-10-07 10:36:06.334] [out] [storage_module] INF 2026-10-07 10:36:06.334+02:00 Creating a private key and saving it       tid=1152360
[2026-10-07 10:36:06.335] [out] [storage_module] WRN 2026-10-07 10:36:06.335+02:00 Node has been marked with --no-bootstrap-node and will NOT be bootstrapped topics="libstorage libstoragelifecycle" tid=1152360
[2026-10-07 10:36:06.336] [out] [storage_module] INF 2026-10-07 10:36:06.336+02:00 Threadpool started                         topics="libstorage libstoragelifecycle" tid=1152360 numThreads=12
[2026-10-07 10:36:06.339] [info] [logos] [storage_module] StorageModuleImpl::start called
[2026-10-07 10:36:06.340] [out] [storage_module] WRN 2026-10-07 10:36:06.340+02:00 No key for a QueryResponse                 topics="storage repostore" tid=1152360
[2026-10-07 10:36:06.342] [out] [storage_module] NTC 2026-10-07 10:36:06.342+02:00 Started Storage node                       topics="storage node" tid=1152360 id=16U*aAGZrd addrs="[/ip4/127.0.0.1/tcp/8571]"
[2026-10-07 10:36:06.602] [info] [logos] [storage_module] StorageModuleImpl::uploadUrl called with path=~/.local/share/lp0026-forum-dev/m7-storage/a-forum-snapshots/topic-6dd197737fd8-1791362166601.txt
[2026-10-07 10:36:06.603] [out] [storage_module] INF 2026-10-07 10:36:06.603+02:00 Storing data                               topics="storage node" tid=1152360
[2026-10-07 10:36:06.607] [out] [storage_module] INF 2026-10-07 10:36:06.607+02:00 Stored data                                topics="storage node" tid=1152360 manifestCid=zDv*maQCsf treeCid=zDz*MC3xC1 blocks=1 datasetSize=1746'NByte filename=some("topic-6dd197737fd8-1791362166601.txt") mimetype=some("text/plain")
[2026-10-07 10:36:06.723] [out] [delivery_module] DBG 2026-10-07 10:36:06.723+02:00 New stream created                         tid=1150721
[2026-10-07 10:36:07.216] [out] [delivery_module] DBG 2026-10-07 10:36:07.216+02:00 Dialing failed                             topics="libp2p dialer" tid=1150721 description="Timeout exceeded!" peerId=16U*7ZEp3L address=/ip4/192.168.1.3/tcp/49737 hostname=192.168.1.3
[2026-10-07 10:36:07.216] [out] [delivery_module] DBG 2026-10-07 10:36:07.216+02:00 Error dialing                              topics="libp2p dialer" tid=1150721 conn=nil peerId=16U*7ZEp3L protos="[/logos/service-discovery/1.0.0]" addrs="[/ip4/192.168.1.3/udp/56395/quic-v1, /ip4/192.168.1.3/tcp/49737]" description="Unable to establish outgoing link in establishConnection: peer_id=16U*7ZEp3L addrs=@[/ip4/192.168.1.3/udp/56395/quic-v1, /ip4/192.168.1.3/tcp/49737]"
[2026-10-07 10:36:07.217] [out] [delivery_module] DBG 2026-10-07 10:36:07.217+02:00 Dialing peer                               topics="libp2p dialer" tid=1150721 peerId=16U*7ZEp3L addrs="[/ip4/192.168.1.3/udp/56395/quic-v1, /ip4/192.168.1.3/tcp/49737]"
[2026-10-07 10:36:07.217] [out] [delivery_module] DBG 2026-10-07 10:36:07.217+02:00 Expanded address and hostname              topics="libp2p dialer" tid=1150721 expandedAddress=/ip4/192.168.1.3/udp/56395/quic-v1 hostname=192.168.1.3 resolvedAddresses="[/ip4/192.168.1.3/udp/56395/quic-v1]"
[2026-10-07 10:36:07.217] [out] [delivery_module] DBG 2026-10-07 10:36:07.217+02:00 New connection established: client         tid=1150721
[2026-10-07 10:36:07.218] [out] [delivery_module] DBG 2026-10-07 10:36:07.218+02:00 Dialing failed                             topics="libp2p dialer" tid=1150721 description="Timeout exceeded!" peerId=16U*k3v1b3 address=/ip4/10.16.8.125/tcp/49352 hostname=10.16.8.125
[2026-10-07 10:36:07.218] [out] [delivery_module] DBG 2026-10-07 10:36:07.218+02:00 Dialing failed                             topics="libp2p dialer" tid=1150721 description="Timeout exceeded!" peerId=16U*oJnadu address=/ip4/10.1.0.169/tcp/65467 hostname=10.1.0.169
[2026-10-07 10:36:07.218] [out] [delivery_module] DBG 2026-10-07 10:36:07.218+02:00 Error dialing                              topics="libp2p dialer" tid=1150721 conn=nil peerId=16U*k3v1b3 protos="[/logos/service-discovery/1.0.0]" addrs="[/ip4/10.16.8.125/udp/55890/quic-v1, /ip4/10.16.8.125/tcp/49352]" description="Unable to establish outgoing link in establishConnection: peer_id=16U*k3v1b3 addrs=@[/ip4/10.16.8.125/udp/55890/quic-v1, /ip4/10.16.8.125/tcp/49352]"
[2026-10-07 10:36:07.219] [out] [delivery_module] DBG 2026-10-07 10:36:07.219+02:00 Dialing peer                               topics="libp2p dialer" tid=1150721 peerId=16U*k3v1b3 addrs="[/ip4/10.16.8.125/udp/55890/quic-v1, /ip4/10.16.8.125/tcp/49352]"
[2026-10-07 10:36:07.219] [out] [delivery_module] DBG 2026-10-07 10:36:07.219+02:00 Expanded address and hostname              topics="libp2p dialer" tid=1150721 expandedAddress=/ip4/10.16.8.125/udp/55890/quic-v1 hostname=10.16.8.125 resolvedAddresses="[/ip4/10.16.8.125/udp/55890/quic-v1]"
[2026-10-07 10:36:07.219] [out] [delivery_module] DBG 2026-10-07 10:36:07.219+02:00 New connection established: client         tid=1150721
[2026-10-07 10:36:07.219] [out] [delivery_module] DBG 2026-10-07 10:36:07.219+02:00 Error dialing                              topics="libp2p dialer" tid=1150721 conn=nil peerId=16U*oJnadu protos="[/logos/service-discovery/1.0.0]" addrs="[/ip4/10.1.0.169/udp/53213/quic-v1, /ip4/10.1.0.169/tcp/65467]" description="Unable to establish outgoing link in establishConnection: peer_id=16U*oJnadu addrs=@[/ip4/10.1.0.169/udp/53213/quic-v1, /ip4/10.1.0.169/tcp/65467]"
[2026-10-07 10:36:07.220] [out] [delivery_module] DBG 2026-10-07 10:36:07.220+02:00 Dialing peer                               topics="libp2p dialer" tid=1150721 peerId=16U*oJnadu addrs="[/ip4/10.1.0.169/udp/53213/quic-v1, /ip4/10.1.0.169/tcp/65467]"
[2026-10-07 10:36:07.220] [out] [delivery_module] DBG 2026-10-07 10:36:07.220+02:00 Expanded address and hostname              topics="libp2p dialer" tid=1150721 expandedAddress=/ip4/10.1.0.169/udp/53213/quic-v1 hostname=10.1.0.169 resolvedAddresses="[/ip4/10.1.0.169/udp/53213/quic-v1]"
[2026-10-07 10:36:07.220] [out] [delivery_module] DBG 2026-10-07 10:36:07.220+02:00 New connection established: client         tid=1150721
[2026-10-07 10:36:07.612] [info] [logos] [delivery_module] DeliveryModuleImpl::send called with contentTopic: /lp0026forum/1/general/text
[2026-10-07 10:36:07.612] [out] [delivery_module] DBG 2026-10-07 10:36:07.612+02:00 SendService.send: processing delivery task topics="send service" tid=1150721 requestId=a2886b7731a515fc6900 msgHash=0x0324068e0f9f32b92c6aae99ee5fbe9f2583dadea551028e8afb760c073489e1
[2026-10-07 10:36:07.613] [info] [logos] [delivery_module] DeliveryModuleImpl: Send initiated for topic: /lp0026forum/1/general/text, with success, requestId: a2886b7731a515fc6900
[2026-10-07 10:36:07.613] [out] [delivery_module] DBG 2026-10-07 10:36:07.613+02:00 Trying message delivery via Mix            topics="send service mix processor" tid=1150721 requestId=a2886b7731a515fc6900 msgHash=0x0324068e0f9f32b92c6aae99ee5fbe9f2583dadea551028e8afb760c073489e1 tryCount=1
[2026-10-07 10:36:07.613] [out] [delivery_module] DBG 2026-10-07 10:36:07.613+02:00 Publishing message without RLN proof       tid=1150721
[2026-10-07 10:36:07.614] [out] [delivery_module] DBG 2026-10-07 10:36:07.613+02:00 Publishing message with lightpush          topics="waku node lightpush api" tid=1150721 pubsubTopic=/waku/2/rs/3/7 contentTopic=/lp0026forum/1/general/text target_peer_id=16U*NSkuby msg_hash=0x0324068e0f9f32b92c6aae99ee5fbe9f2583dadea551028e8afb760c073489e1 mixify=true
[2026-10-07 10:36:07.614] [out] [delivery_module] DBG 2026-10-07 10:36:07.614+02:00 Publish                                    topics="waku lightpush client" tid=1150721 myPeerId=16U*Nb4EaX peerId= msgHash=0x0324068e0f9f32b92c6aae99ee5fbe9f2583dadea551028e8afb760c073489e1 sentTime=1791362167614042880
[2026-10-07 10:36:07.614] [out] [delivery_module] DBG 2026-10-07 10:36:07.614+02:00 Destination data                           tid=1150721 destination=MixDestination[MixNode](16Uiu2HAmTUbnxLGT9JvV6mu9oPyDjqHK4Phs1VDJNUgESgNSkuby)
[2026-10-07 10:36:07.614] [out] [delivery_module] DBG 2026-10-07 10:36:07.614+02:00 Selected mix node:                         tid=1150721 indexInPath=0 peerId=16U*VpJprH
[2026-10-07 10:36:07.614] [out] [delivery_module] DBG 2026-10-07 10:36:07.614+02:00 Selected mix node:                         tid=1150721 indexInPath=1 peerId=16U*kGyuEP
[2026-10-07 10:36:07.614] [out] [delivery_module] DBG 2026-10-07 10:36:07.614+02:00 Selected mix node:                         tid=1150721 indexInPath=2 peerId=16U*NSkuby
[2026-10-07 10:36:07.614] [out] [delivery_module] DBG 2026-10-07 10:36:07.614+02:00 Selected mix node for surbs:               tid=1150721 indexInPath=0 peerId=16U*yWaRuc
[2026-10-07 10:36:07.614] [out] [delivery_module] DBG 2026-10-07 10:36:07.614+02:00 Selected mix node for surbs:               tid=1150721 indexInPath=1 peerId=16U*TwqBiH
[2026-10-07 10:36:07.817] [out] [delivery_module] DBG 2026-10-07 10:36:07.817+02:00 calculateConnectionState                   tid=1150721 relayCount=12 storeClientCount=6 lightpushCount=12 filterCount=12
[2026-10-07 10:36:08.159] [out] [delivery_module] INF 2026-10-07 10:36:08.159+02:00 Message received                           tid=1150721 msg_hash=0x0324068e0f9f32b92c6aae99ee5fbe9f2583dadea551028e8afb760c073489e1 contentTopic=/lp0026forum/1/general/text pubsubTopic=/waku/2/rs/3/7 source=live
[2026-10-07 10:36:08.613] [out] [delivery_module] DBG 2026-10-07 10:36:08.613+02:00 Dialing failed                             topics="libp2p dialer" tid=1150721 description="Timeout exceeded!" peerId=16U*JuCbPs address=/ip4/83.135.41.108/tcp/42291 hostname=83.135.41.108
[2026-10-07 10:36:08.613] [out] [delivery_module] DBG 2026-10-07 10:36:08.613+02:00 Dialing failed                             topics="libp2p dialer" tid=1150721 description="Timeout exceeded!" peerId=16U*qTrp93 address=/ip4/83.135.41.108/tcp/25235 hostname=83.135.41.108
[2026-10-07 10:36:08.613] [out] [delivery_module] DBG 2026-10-07 10:36:08.613+02:00 Error dialing                              topics="libp2p dialer" tid=1150721 conn=nil peerId=16U*JuCbPs protos="[/logos/service-discovery/1.0.0]" addrs="[/ip4/83.135.41.108/tcp/42291]" description="Unable to establish outgoing link in establishConnection: peer_id=16U*JuCbPs addrs=@[/ip4/83.135.41.108/tcp/42291]"
[2026-10-07 10:36:08.613] [out] [delivery_module] DBG 2026-10-07 10:36:08.613+02:00 Error dialing                              topics="libp2p dialer" tid=1150721 conn=nil peerId=16U*qTrp93 protos="[/logos/service-discovery/1.0.0]" addrs="[/ip4/83.135.41.108/tcp/25235]" description="Unable to establish outgoing link in establishConnection: peer_id=16U*qTrp93 addrs=@[/ip4/83.135.41.108/tcp/25235]"
[2026-10-07 10:36:08.613] [out] [delivery_module] DBG 2026-10-07 10:36:08.613+02:00 Dialing peer                               topics="libp2p dialer" tid=1150721 peerId=16U*JuCbPs addrs="[/ip4/83.135.41.108/tcp/42291]"
[2026-10-07 10:36:08.614] [out] [delivery_module] DBG 2026-10-07 10:36:08.614+02:00 Expanded address and hostname              topics="libp2p dialer" tid=1150721 expandedAddress=/ip4/83.135.41.108/tcp/42291 hostname=83.135.41.108 resolvedAddresses="[/ip4/83.135.41.108/tcp/42291]"
[2026-10-07 10:36:08.615] [out] [delivery_module] DBG 2026-10-07 10:36:08.615+02:00 Dialing peer                               topics="libp2p dialer" tid=1150721 peerId=16U*qTrp93 addrs="[/ip4/83.135.41.108/tcp/25235]"
[2026-10-07 10:36:08.615] [out] [delivery_module] DBG 2026-10-07 10:36:08.615+02:00 Expanded address and hostname              topics="libp2p dialer" tid=1150721 expandedAddress=/ip4/83.135.41.108/tcp/25235 hostname=83.135.41.108 resolvedAddresses="[/ip4/83.135.41.108/tcp/25235]"
[2026-10-07 10:36:08.615] [out] [delivery_module] DBG 2026-10-07 10:36:08.615+02:00 Dialing failed                             topics="libp2p dialer" tid=1150721 description="Timeout exceeded!" peerId=16U*baEE4m address=/ip4/83.135.41.108/tcp/13510 hostname=83.135.41.108
[2026-10-07 10:36:08.615] [out] [delivery_module] DBG 2026-10-07 10:36:08.615+02:00 Dialing failed                             topics="libp2p dialer" tid=1150721 description="Timeout exceeded!" peerId=16U*M2e2Us address=/ip4/83.135.41.108/tcp/37990 hostname=83.135.41.108
[2026-10-07 10:36:08.615] [out] [delivery_module] DBG 2026-10-07 10:36:08.615+02:00 Error dialing                              topics="libp2p dialer" tid=1150721 conn=nil peerId=16U*baEE4m protos="[/logos/service-discovery/1.0.0]" addrs="[/ip4/83.135.41.108/tcp/13510]" description="Unable to establish outgoing link in establishConnection: peer_id=16U*baEE4m addrs=@[/ip4/83.135.41.108/tcp/13510]"
[2026-10-07 10:36:08.616] [out] [delivery_module] DBG 2026-10-07 10:36:08.616+02:00 Dialing peer                               topics="libp2p dialer" tid=1150721 peerId=16U*baEE4m addrs="[/ip4/83.135.41.108/tcp/13510]"
[2026-10-07 10:36:08.616] [out] [delivery_module] DBG 2026-10-07 10:36:08.616+02:00 Expanded address and hostname              topics="libp2p dialer" tid=1150721 expandedAddress=/ip4/83.135.41.108/tcp/13510 hostname=83.135.41.108 resolvedAddresses="[/ip4/83.135.41.108/tcp/13510]"
[2026-10-07 10:36:08.616] [out] [delivery_module] DBG 2026-10-07 10:36:08.616+02:00 Error dialing                              topics="libp2p dialer" tid=1150721 conn=nil peerId=16U*M2e2Us protos="[/logos/service-discovery/1.0.0]" addrs="[/ip4/83.135.41.108/tcp/37990]" description="Unable to establish outgoing link in establishConnection: peer_id=16U*M2e2Us addrs=@[/ip4/83.135.41.108/tcp/37990]"
[2026-10-07 10:36:08.616] [out] [delivery_module] DBG 2026-10-07 10:36:08.616+02:00 Dialing peer                               topics="libp2p dialer" tid=1150721 peerId=16U*M2e2Us addrs="[/ip4/83.135.41.108/tcp/37990]"
[2026-10-07 10:36:08.616] [out] [delivery_module] DBG 2026-10-07 10:36:08.616+02:00 Expanded address and hostname              topics="libp2p dialer" tid=1150721 expandedAddress=/ip4/83.135.41.108/tcp/37990 hostname=83.135.41.108 resolvedAddresses="[/ip4/83.135.41.108/tcp/37990]"
[2026-10-07 10:36:08.629] [out] [delivery_module] DBG 2026-10-07 10:36:08.629+02:00 Kad lookup: RPC error                      topics="kad-dht find" tid=1150721 peer=16U*k3v1b3 msg="dialStage: timed out dialing the peer"
[2026-10-07 10:36:08.629] [out] [delivery_module] DBG 2026-10-07 10:36:08.629+02:00 Kad lookup: RPC error                      topics="kad-dht find" tid=1150721 peer=16U*7ZEp3L msg="dialStage: timed out dialing the peer"
[2026-10-07 10:36:08.630] [out] [delivery_module] DBG 2026-10-07 10:36:08.630+02:00 Lookup query                               topics="kad-dht find" tid=1150721 peer=16U*JuCbPs
[2026-10-07 10:36:08.631] [out] [delivery_module] DBG 2026-10-07 10:36:08.631+02:00 Lookup query                               topics="kad-dht find" tid=1150721 peer=16U*qTrp93
[2026-10-07 10:36:08.631] [out] [delivery_module] DBG 2026-10-07 10:36:08.631+02:00 Lookup query                               topics="kad-dht find" tid=1150721 peer=16U*baEE4m
[2026-10-07 10:36:08.631] [out] [delivery_module] DBG 2026-10-07 10:36:08.631+02:00 Lookup query                               topics="kad-dht find" tid=1150721 peer=16U*oJnadu
[2026-10-07 10:36:08.631] [out] [delivery_module] DBG 2026-10-07 10:36:08.631+02:00 Lookup query                               topics="kad-dht find" tid=1150721 peer=16U*M2e2Us
[2026-10-07 10:36:08.786] [out] [delivery_module] DBG 2026-10-07 10:36:08.786+02:00 Message propagated via Mix                 topics="send service mix processor" tid=1150721 requestId=a2886b7731a515fc6900 msgHash=0x0324068e0f9f32b92c6aae99ee5fbe9f2583dadea551028e8afb760c073489e1
[2026-10-07 10:36:08.786] [out] [delivery_module] INF 2026-10-07 10:36:08.786+02:00 Message successfully propagated            topics="send service" tid=1150721 requestId=a2886b7731a515fc6900 msgHash=withheld
[2026-10-07 10:36:08.786] [out] [delivery_module] INF 2026-10-07 10:36:08.786+02:00 Message successfully sent over mix         topics="send service" tid=1150721 requestId=a2886b7731a515fc6900
[QmlInspector] Client disconnected
[2026-10-07 10:36:09.870] [out] [delivery_module] DBG 2026-10-07 10:36:09.870+02:00 Kad lookup: RPC error                      topics="kad-dht find" tid=1150721 peer=16U*7ZEp3L msg="dialStage: timed out dialing the peer"
[2026-10-07 10:36:09.870] [out] [delivery_module] DBG 2026-10-07 10:36:09.870+02:00 Lookup query                               topics="kad-dht find" tid=1150721 peer=16U*JuCbPs
[2026-10-07 10:36:09.870] [out] [delivery_module] DBG 2026-10-07 10:36:09.870+02:00 Lookup query                               topics="kad-dht find" tid=1150721 peer=16U*qTrp93
[2026-10-07 10:36:09.870] [out] [delivery_module] DBG 2026-10-07 10:36:09.870+02:00 Lookup query                               topics="kad-dht find" tid=1150721 peer=16U*baEE4m
[2026-10-07 10:36:09.870] [out] [delivery_module] DBG 2026-10-07 10:36:09.870+02:00 Lookup query                               topics="kad-dht find" tid=1150721 peer=16U*oJnadu
[2026-10-07 10:36:09.870] [out] [delivery_module] DBG 2026-10-07 10:36:09.870+02:00 Lookup query                               topics="kad-dht find" tid=1150721 peer=16U*M2e2Us
[2026-10-07 10:36:09.999] [out] [delivery_module] DBG 2026-10-07 10:36:09.999+02:00 Kad lookup: RPC error                      topics="kad-dht find" tid=1150721 peer=16U*k3v1b3 msg="dialStage: timed out dialing the peer"
[2026-10-07 10:36:09.999] [out] [delivery_module] DBG 2026-10-07 10:36:09.999+02:00 Kad lookup: RPC error                      topics="kad-dht find" tid=1150721 peer=16U*7ZEp3L msg="dialStage: timed out dialing the peer"
[2026-10-07 10:36:10.000] [out] [delivery_module] DBG 2026-10-07 10:36:10.000+02:00 Lookup query                               topics="kad-dht find" tid=1150721 peer=16U*baEE4m
[2026-10-07 10:36:10.000] [out] [delivery_module] DBG 2026-10-07 10:36:10.000+02:00 Lookup query                               topics="kad-dht find" tid=1150721 peer=16U*oJnadu
[2026-10-07 10:36:10.000] [out] [delivery_module] DBG 2026-10-07 10:36:10.000+02:00 Lookup query                               topics="kad-dht find" tid=1150721 peer=16U*qTrp93
[2026-10-07 10:36:10.000] [out] [delivery_module] DBG 2026-10-07 10:36:10.000+02:00 Lookup query                               topics="kad-dht find" tid=1150721 peer=16U*JuCbPs
[2026-10-07 10:36:10.000] [out] [delivery_module] DBG 2026-10-07 10:36:10.000+02:00 Lookup query                               topics="kad-dht find" tid=1150721 peer=16U*M2e2Us
[2026-10-07 10:36:10.220] [out] [delivery_module] DBG 2026-10-07 10:36:10.220+02:00 Dialing failed                             topics="libp2p dialer" tid=1150721 description="quic dial timed out after 3s" peerId=16U*7ZEp3L address=/ip4/192.168.1.3/udp/56395/quic-v1 hostname=192.168.1.3
[2026-10-07 10:36:10.220] [out] [delivery_module] DBG 2026-10-07 10:36:10.220+02:00 Dialing failed                             topics="libp2p dialer" tid=1150721 description="quic dial timed out after 3s" peerId=16U*k3v1b3 address=/ip4/10.16.8.125/udp/55890/quic-v1 hostname=10.16.8.125
[2026-10-07 10:36:10.220] [out] [delivery_module] DBG 2026-10-07 10:36:10.220+02:00 Expanded address and hostname              topics="libp2p dialer" tid=1150721 expandedAddress=/ip4/192.168.1.3/tcp/49737 hostname=192.168.1.3 resolvedAddresses="[/ip4/192.168.1.3/tcp/49737]"
[2026-10-07 10:36:10.221] [out] [delivery_module] DBG 2026-10-07 10:36:10.221+02:00 Expanded address and hostname              topics="libp2p dialer" tid=1150721 expandedAddress=/ip4/10.16.8.125/tcp/49352 hostname=10.16.8.125 resolvedAddresses="[/ip4/10.16.8.125/tcp/49352]"
[2026-10-07 10:36:10.221] [out] [delivery_module] DBG 2026-10-07 10:36:10.221+02:00 Dialing failed                             topics="libp2p dialer" tid=1150721 description="quic dial timed out after 3s" peerId=16U*oJnadu address=/ip4/10.1.0.169/udp/53213/quic-v1 hostname=10.1.0.169
[2026-10-07 10:36:10.221] [out] [delivery_module] DBG 2026-10-07 10:36:10.221+02:00 Expanded address and hostname              topics="libp2p dialer" tid=1150721 expandedAddress=/ip4/10.1.0.169/tcp/65467 hostname=10.1.0.169 resolvedAddresses="[/ip4/10.1.0.169/tcp/65467]"
[2026-10-07 10:36:10.256] [out] [delivery_module] DBG 2026-10-07 10:36:10.256+02:00 Kad lookup: RPC error                      topics="kad-dht find" tid=1150721 peer=16U*7ZEp3L msg="dialStage: timed out dialing the peer"
[2026-10-07 10:36:10.256] [out] [delivery_module] DBG 2026-10-07 10:36:10.256+02:00 Kad lookup: RPC error                      topics="kad-dht find" tid=1150721 peer=16U*k3v1b3 msg="dialStage: timed out dialing the peer"
[2026-10-07 10:36:10.256] [out] [delivery_module] DBG 2026-10-07 10:36:10.256+02:00 Lookup query                               topics="kad-dht find" tid=1150721 peer=16U*JuCbPs
[2026-10-07 10:36:10.256] [out] [delivery_module] DBG 2026-10-07 10:36:10.256+02:00 Lookup query                               topics="kad-dht find" tid=1150721 peer=16U*qTrp93
[2026-10-07 10:36:10.256] [out] [delivery_module] DBG 2026-10-07 10:36:10.256+02:00 Lookup query                               topics="kad-dht find" tid=1150721 peer=16U*baEE4m
[2026-10-07 10:36:10.256] [out] [delivery_module] DBG 2026-10-07 10:36:10.256+02:00 Lookup query                               topics="kad-dht find" tid=1150721 peer=16U*oJnadu
[2026-10-07 10:36:10.256] [out] [delivery_module] DBG 2026-10-07 10:36:10.256+02:00 Lookup query                               topics="kad-dht find" tid=1150721 peer=16U*M2e2Us
[2026-10-07 10:36:10.837] [out] [delivery_module] DBG 2026-10-07 10:36:10.837+02:00 Creating stream                            tid=1150721
[2026-10-07 10:36:10.837] [out] [delivery_module] DBG 2026-10-07 10:36:10.837+02:00 New stream created                         tid=1150721
[2026-10-07 10:36:13.631] [out] [delivery_module] DBG 2026-10-07 10:36:13.631+02:00 Lookup query                               topics="kad-dht find" tid=1150721 peer=16U*JuCbPs
[2026-10-07 10:36:13.632] [out] [delivery_module] DBG 2026-10-07 10:36:13.632+02:00 Lookup query                               topics="kad-dht find" tid=1150721 peer=16U*qTrp93
[2026-10-07 10:36:13.632] [out] [delivery_module] DBG 2026-10-07 10:36:13.632+02:00 Lookup query                               topics="kad-dht find" tid=1150721 peer=16U*baEE4m
[2026-10-07 10:36:13.632] [out] [delivery_module] DBG 2026-10-07 10:36:13.632+02:00 Lookup query                               topics="kad-dht find" tid=1150721 peer=16U*oJnadu
[2026-10-07 10:36:13.632] [out] [delivery_module] DBG 2026-10-07 10:36:13.632+02:00 Lookup query                               topics="kad-dht find" tid=1150721 peer=16U*M2e2Us
[2026-10-07 10:36:13.632] [out] [delivery_module] DBG 2026-10-07 10:36:13.632+02:00 Kad lookup: RPC error                      topics="kad-dht find" tid=1150721 peer=16U*JuCbPs msg="dialStage: timed out dialing the peer"
[2026-10-07 10:36:13.632] [out] [delivery_module] DBG 2026-10-07 10:36:13.632+02:00 Kad lookup: RPC error                      topics="kad-dht find" tid=1150721 peer=16U*qTrp93 msg="dialStage: timed out dialing the peer"
[2026-10-07 10:36:13.632] [out] [delivery_module] DBG 2026-10-07 10:36:13.632+02:00 Kad lookup: RPC error                      topics="kad-dht find" tid=1150721 peer=16U*baEE4m msg="dialStage: timed out dialing the peer"
[2026-10-07 10:36:13.632] [out] [delivery_module] DBG 2026-10-07 10:36:13.632+02:00 Kad lookup: RPC error                      topics="kad-dht find" tid=1150721 peer=16U*oJnadu msg="dialStage: timed out dialing the peer"
[2026-10-07 10:36:13.632] [out] [delivery_module] DBG 2026-10-07 10:36:13.632+02:00 Kad lookup: RPC error                      topics="kad-dht find" tid=1150721 peer=16U*M2e2Us msg="dialStage: timed out dialing the peer"
[2026-10-07 10:36:14.874] [out] [delivery_module] DBG 2026-10-07 10:36:14.874+02:00 Lookup query                               topics="kad-dht find" tid=1150721 peer=16U*JuCbPs
[2026-10-07 10:36:14.874] [out] [delivery_module] DBG 2026-10-07 10:36:14.874+02:00 Lookup query                               topics="kad-dht find" tid=1150721 peer=16U*qTrp93
[2026-10-07 10:36:14.874] [out] [delivery_module] DBG 2026-10-07 10:36:14.874+02:00 Lookup query                               topics="kad-dht find" tid=1150721 peer=16U*baEE4m
[2026-10-07 10:36:14.874] [out] [delivery_module] DBG 2026-10-07 10:36:14.874+02:00 Lookup query                               topics="kad-dht find" tid=1150721 peer=16U*oJnadu
[2026-10-07 10:36:14.875] [out] [delivery_module] DBG 2026-10-07 10:36:14.875+02:00 Lookup query                               topics="kad-dht find" tid=1150721 peer=16U*M2e2Us
[2026-10-07 10:36:14.875] [out] [delivery_module] DBG 2026-10-07 10:36:14.875+02:00 Kad lookup: RPC error                      topics="kad-dht find" tid=1150721 peer=16U*JuCbPs msg="dialStage: timed out dialing the peer"
[2026-10-07 10:36:14.875] [out] [delivery_module] DBG 2026-10-07 10:36:14.875+02:00 Kad lookup: RPC error                      topics="kad-dht find" tid=1150721 peer=16U*baEE4m msg="dialStage: timed out dialing the peer"
[2026-10-07 10:36:14.875] [out] [delivery_module] DBG 2026-10-07 10:36:14.875+02:00 Kad lookup: RPC error                      topics="kad-dht find" tid=1150721 peer=16U*oJnadu msg="dialStage: timed out dialing the peer"
[2026-10-07 10:36:14.875] [out] [delivery_module] DBG 2026-10-07 10:36:14.875+02:00 Kad lookup: RPC error                      topics="kad-dht find" tid=1150721 peer=16U*M2e2Us msg="dialStage: timed out dialing the peer"
[2026-10-07 10:36:14.875] [out] [delivery_module] DBG 2026-10-07 10:36:14.875+02:00 Kad lookup: RPC error                      topics="kad-dht find" tid=1150721 peer=16U*qTrp93 msg="dialStage: timed out dialing the peer"
[2026-10-07 10:36:15.003] [out] [delivery_module] DBG 2026-10-07 10:36:15.003+02:00 Lookup query                               topics="kad-dht find" tid=1150721 peer=16U*baEE4m
[2026-10-07 10:36:15.003] [out] [delivery_module] DBG 2026-10-07 10:36:15.003+02:00 Lookup query                               topics="kad-dht find" tid=1150721 peer=16U*oJnadu
[2026-10-07 10:36:15.003] [out] [delivery_module] DBG 2026-10-07 10:36:15.003+02:00 Lookup query                               topics="kad-dht find" tid=1150721 peer=16U*qTrp93
[2026-10-07 10:36:15.003] [out] [delivery_module] DBG 2026-10-07 10:36:15.003+02:00 Lookup query                               topics="kad-dht find" tid=1150721 peer=16U*JuCbPs
[2026-10-07 10:36:15.004] [out] [delivery_module] DBG 2026-10-07 10:36:15.004+02:00 Lookup query                               topics="kad-dht find" tid=1150721 peer=16U*M2e2Us
[2026-10-07 10:36:15.005] [out] [delivery_module] DBG 2026-10-07 10:36:15.005+02:00 Kad lookup: RPC error                      topics="kad-dht find" tid=1150721 peer=16U*baEE4m msg="dialStage: timed out dialing the peer"
[2026-10-07 10:36:15.005] [out] [delivery_module] DBG 2026-10-07 10:36:15.005+02:00 Kad lookup: RPC error                      topics="kad-dht find" tid=1150721 peer=16U*oJnadu msg="dialStage: timed out dialing the peer"
[2026-10-07 10:36:15.005] [out] [delivery_module] DBG 2026-10-07 10:36:15.005+02:00 Kad lookup: RPC error                      topics="kad-dht find" tid=1150721 peer=16U*M2e2Us msg="dialStage: timed out dialing the peer"
[2026-10-07 10:36:15.005] [out] [delivery_module] DBG 2026-10-07 10:36:15.005+02:00 Kad lookup: RPC error                      topics="kad-dht find" tid=1150721 peer=16U*JuCbPs msg="dialStage: timed out dialing the peer"
[2026-10-07 10:36:15.005] [out] [delivery_module] DBG 2026-10-07 10:36:15.005+02:00 Kad lookup: RPC error                      topics="kad-dht find" tid=1150721 peer=16U*qTrp93 msg="dialStage: timed out dialing the peer"
[2026-10-07 10:36:15.259] [out] [delivery_module] DBG 2026-10-07 10:36:15.259+02:00 Lookup query                               topics="kad-dht find" tid=1150721 peer=16U*JuCbPs
[2026-10-07 10:36:15.259] [out] [delivery_module] DBG 2026-10-07 10:36:15.259+02:00 Lookup query                               topics="kad-dht find" tid=1150721 peer=16U*qTrp93
[2026-10-07 10:36:15.259] [out] [delivery_module] DBG 2026-10-07 10:36:15.259+02:00 Lookup query                               topics="kad-dht find" tid=1150721 peer=16U*baEE4m
[2026-10-07 10:36:15.259] [out] [delivery_module] DBG 2026-10-07 10:36:15.259+02:00 Lookup query                               topics="kad-dht find" tid=1150721 peer=16U*oJnadu
[2026-10-07 10:36:15.259] [out] [delivery_module] DBG 2026-10-07 10:36:15.259+02:00 Lookup query                               topics="kad-dht find" tid=1150721 peer=16U*M2e2Us
[2026-10-07 10:36:15.259] [out] [delivery_module] DBG 2026-10-07 10:36:15.259+02:00 Kad lookup: RPC error                      topics="kad-dht find" tid=1150721 peer=16U*JuCbPs msg="dialStage: timed out dialing the peer"
[2026-10-07 10:36:15.259] [out] [delivery_module] DBG 2026-10-07 10:36:15.259+02:00 Kad lookup: RPC error                      topics="kad-dht find" tid=1150721 peer=16U*qTrp93 msg="dialStage: timed out dialing the peer"
[2026-10-07 10:36:15.259] [out] [delivery_module] DBG 2026-10-07 10:36:15.259+02:00 Kad lookup: RPC error                      topics="kad-dht find" tid=1150721 peer=16U*baEE4m msg="dialStage: timed out dialing the peer"
[2026-10-07 10:36:15.259] [out] [delivery_module] DBG 2026-10-07 10:36:15.259+02:00 Kad lookup: RPC error                      topics="kad-dht find" tid=1150721 peer=16U*oJnadu msg="dialStage: timed out dialing the peer"
[2026-10-07 10:36:15.259] [out] [delivery_module] DBG 2026-10-07 10:36:15.259+02:00 Kad lookup: RPC error                      topics="kad-dht find" tid=1150721 peer=16U*M2e2Us msg="dialStage: timed out dialing the peer"
[2026-10-07 10:36:17.205] [out] [delivery_module] DBG 2026-10-07 10:36:17.205+02:00 New stream created                         tid=1150721
[2026-10-07 10:36:17.818] [out] [delivery_module] DBG 2026-10-07 10:36:17.818+02:00 Creating stream                            tid=1150721
[2026-10-07 10:36:17.818] [out] [delivery_module] DBG 2026-10-07 10:36:17.818+02:00 New stream created                         tid=1150721
[2026-10-07 10:36:17.821] [out] [delivery_module] DBG 2026-10-07 10:36:17.821+02:00 calculateConnectionState                   tid=1150721 relayCount=12 storeClientCount=6 lightpushCount=12 filterCount=12
[2026-10-07 10:36:18.634] [out] [delivery_module] DBG 2026-10-07 10:36:18.634+02:00 Lookup query                               topics="kad-dht find" tid=1150721 peer=16U*JuCbPs
[2026-10-07 10:36:18.634] [out] [delivery_module] DBG 2026-10-07 10:36:18.634+02:00 Lookup query                               topics="kad-dht find" tid=1150721 peer=16U*qTrp93
[2026-10-07 10:36:18.634] [out] [delivery_module] DBG 2026-10-07 10:36:18.634+02:00 Lookup query                               topics="kad-dht find" tid=1150721 peer=16U*baEE4m
[2026-10-07 10:36:18.634] [out] [delivery_module] DBG 2026-10-07 10:36:18.634+02:00 Lookup query                               topics="kad-dht find" tid=1150721 peer=16U*oJnadu
[2026-10-07 10:36:18.635] [out] [delivery_module] DBG 2026-10-07 10:36:18.634+02:00 Lookup query                               topics="kad-dht find" tid=1150721 peer=16U*M2e2Us
[2026-10-07 10:36:18.635] [out] [delivery_module] DBG 2026-10-07 10:36:18.635+02:00 Kad lookup: RPC error                      topics="kad-dht find" tid=1150721 peer=16U*qTrp93 msg="dialStage: timed out dialing the peer"
[2026-10-07 10:36:18.635] [out] [delivery_module] DBG 2026-10-07 10:36:18.635+02:00 Kad lookup: RPC error                      topics="kad-dht find" tid=1150721 peer=16U*baEE4m msg="dialStage: timed out dialing the peer"
[2026-10-07 10:36:18.635] [out] [delivery_module] DBG 2026-10-07 10:36:18.635+02:00 Kad lookup: RPC error                      topics="kad-dht find" tid=1150721 peer=16U*oJnadu msg="dialStage: timed out dialing the peer"
[2026-10-07 10:36:18.635] [out] [delivery_module] DBG 2026-10-07 10:36:18.635+02:00 Kad lookup: RPC error                      topics="kad-dht find" tid=1150721 peer=16U*JuCbPs msg="dialStage: timed out dialing the peer"
[2026-10-07 10:36:18.635] [out] [delivery_module] DBG 2026-10-07 10:36:18.635+02:00 Kad lookup: RPC error                      topics="kad-dht find" tid=1150721 peer=16U*M2e2Us msg="dialStage: timed out dialing the peer"
[2026-10-07 10:36:19.876] [out] [delivery_module] DBG 2026-10-07 10:36:19.876+02:00 Lookup query                               topics="kad-dht find" tid=1150721 peer=16U*JuCbPs
[2026-10-07 10:36:19.876] [out] [delivery_module] DBG 2026-10-07 10:36:19.876+02:00 Lookup query                               topics="kad-dht find" tid=1150721 peer=16U*qTrp93
[2026-10-07 10:36:19.876] [out] [delivery_module] DBG 2026-10-07 10:36:19.876+02:00 Lookup query                               topics="kad-dht find" tid=1150721 peer=16U*baEE4m
[2026-10-07 10:36:19.877] [out] [delivery_module] DBG 2026-10-07 10:36:19.877+02:00 Lookup query                               topics="kad-dht find" tid=1150721 peer=16U*oJnadu
[2026-10-07 10:36:19.877] [out] [delivery_module] DBG 2026-10-07 10:36:19.877+02:00 Lookup query                               topics="kad-dht find" tid=1150721 peer=16U*M2e2Us
[2026-10-07 10:36:19.877] [out] [delivery_module] DBG 2026-10-07 10:36:19.877+02:00 Kad lookup: RPC error                      topics="kad-dht find" tid=1150721 peer=16U*JuCbPs msg="dialStage: timed out dialing the peer"
[2026-10-07 10:36:19.877] [out] [delivery_module] DBG 2026-10-07 10:36:19.877+02:00 Kad lookup: RPC error                      topics="kad-dht find" tid=1150721 peer=16U*qTrp93 msg="dialStage: timed out dialing the peer"
[2026-10-07 10:36:19.877] [out] [delivery_module] DBG 2026-10-07 10:36:19.877+02:00 Kad lookup: RPC error                      topics="kad-dht find" tid=1150721 peer=16U*baEE4m msg="dialStage: timed out dialing the peer"
[2026-10-07 10:36:19.877] [out] [delivery_module] DBG 2026-10-07 10:36:19.877+02:00 Kad lookup: RPC error                      topics="kad-dht find" tid=1150721 peer=16U*M2e2Us msg="dialStage: timed out dialing the peer"
[2026-10-07 10:36:19.877] [out] [delivery_module] DBG 2026-10-07 10:36:19.877+02:00 Kad lookup: RPC error                      topics="kad-dht find" tid=1150721 peer=16U*oJnadu msg="dialStage: timed out dialing the peer"
[2026-10-07 10:36:20.007] [out] [delivery_module] DBG 2026-10-07 10:36:20.007+02:00 Lookup query                               topics="kad-dht find" tid=1150721 peer=16U*baEE4m
[2026-10-07 10:36:20.007] [out] [delivery_module] DBG 2026-10-07 10:36:20.007+02:00 Lookup query                               topics="kad-dht find" tid=1150721 peer=16U*oJnadu
[2026-10-07 10:36:20.007] [out] [delivery_module] DBG 2026-10-07 10:36:20.007+02:00 Lookup query                               topics="kad-dht find" tid=1150721 peer=16U*qTrp93
[2026-10-07 10:36:20.007] [out] [delivery_module] DBG 2026-10-07 10:36:20.007+02:00 Lookup query                               topics="kad-dht find" tid=1150721 peer=16U*JuCbPs
[2026-10-07 10:36:20.007] [out] [delivery_module] DBG 2026-10-07 10:36:20.007+02:00 Lookup query                               topics="kad-dht find" tid=1150721 peer=16U*M2e2Us
[2026-10-07 10:36:20.008] [out] [delivery_module] DBG 2026-10-07 10:36:20.008+02:00 Kad lookup: RPC error                      topics="kad-dht find" tid=1150721 peer=16U*baEE4m msg="dialStage: timed out dialing the peer"
[2026-10-07 10:36:20.009] [out] [delivery_module] DBG 2026-10-07 10:36:20.008+02:00 Kad lookup: RPC error                      topics="kad-dht find" tid=1150721 peer=16U*oJnadu msg="dialStage: timed out dialing the peer"
[2026-10-07 10:36:20.009] [out] [delivery_module] DBG 2026-10-07 10:36:20.008+02:00 Kad lookup: RPC error                      topics="kad-dht find" tid=1150721 peer=16U*qTrp93 msg="dialStage: timed out dialing the peer"
[2026-10-07 10:36:20.009] [out] [delivery_module] DBG 2026-10-07 10:36:20.009+02:00 Kad lookup: RPC error                      topics="kad-dht find" tid=1150721 peer=16U*JuCbPs msg="dialStage: timed out dialing the peer"
[2026-10-07 10:36:20.009] [out] [delivery_module] DBG 2026-10-07 10:36:20.009+02:00 Kad lookup: RPC error                      topics="kad-dht find" tid=1150721 peer=16U*M2e2Us msg="dialStage: timed out dialing the peer"
[2026-10-07 10:36:20.262] [out] [delivery_module] DBG 2026-10-07 10:36:20.261+02:00 Lookup query                               topics="kad-dht find" tid=1150721 peer=16U*JuCbPs
[2026-10-07 10:36:20.262] [out] [delivery_module] DBG 2026-10-07 10:36:20.262+02:00 Lookup query                               topics="kad-dht find" tid=1150721 peer=16U*qTrp93
[2026-10-07 10:36:20.262] [out] [delivery_module] DBG 2026-10-07 10:36:20.262+02:00 Lookup query                               topics="kad-dht find" tid=1150721 peer=16U*baEE4m
[2026-10-07 10:36:20.262] [out] [delivery_module] DBG 2026-10-07 10:36:20.262+02:00 Lookup query                               topics="kad-dht find" tid=1150721 peer=16U*oJnadu
[2026-10-07 10:36:20.262] [out] [delivery_module] DBG 2026-10-07 10:36:20.262+02:00 Lookup query                               topics="kad-dht find" tid=1150721 peer=16U*M2e2Us
[2026-10-07 10:36:20.263] [out] [delivery_module] DBG 2026-10-07 10:36:20.262+02:00 Kad lookup: RPC error                      topics="kad-dht find" tid=1150721 peer=16U*JuCbPs msg="dialStage: timed out dialing the peer"
[2026-10-07 10:36:20.263] [out] [delivery_module] DBG 2026-10-07 10:36:20.262+02:00 Kad lookup: RPC error                      topics="kad-dht find" tid=1150721 peer=16U*qTrp93 msg="dialStage: timed out dialing the peer"
[2026-10-07 10:36:20.263] [out] [delivery_module] DBG 2026-10-07 10:36:20.263+02:00 Kad lookup: RPC error                      topics="kad-dht find" tid=1150721 peer=16U*baEE4m msg="dialStage: timed out dialing the peer"
[2026-10-07 10:36:20.263] [out] [delivery_module] DBG 2026-10-07 10:36:20.263+02:00 Kad lookup: RPC error                      topics="kad-dht find" tid=1150721 peer=16U*oJnadu msg="dialStage: timed out dialing the peer"
[2026-10-07 10:36:20.263] [out] [delivery_module] DBG 2026-10-07 10:36:20.263+02:00 Kad lookup: RPC error                      topics="kad-dht find" tid=1150721 peer=16U*M2e2Us msg="dialStage: timed out dialing the peer"
[2026-10-07 10:36:21.322] [out] [delivery_module] DBG 2026-10-07 10:36:21.322+02:00 Creating stream                            tid=1150721
[2026-10-07 10:36:21.323] [out] [delivery_module] DBG 2026-10-07 10:36:21.322+02:00 New stream created                         tid=1150721
[2026-10-07 10:36:21.976] [out] [delivery_module] DBG 2026-10-07 10:36:21.976+02:00 dialMe answer is not reachable             topics="libp2p autonatservice" tid=1150721 description="Peer could not dial us back: Dial timeout" peerId=16Uiu2HAmMK7PYygBtKUQ8EHp7EfaD3bCEsJrkFooK8RQ2PVpJprH
[2026-10-07 10:36:21.976] [out] [delivery_module] DBG 2026-10-07 10:36:21.976+02:00 Current status                             topics="libp2p autonatservice" tid=1150721 currentStats=Unknown confidence=none() answers=[NotReachable]
[2026-10-07 10:36:23.637] [out] [delivery_module] DBG 2026-10-07 10:36:23.636+02:00 Lookup query                               topics="kad-dht find" tid=1150721 peer=16U*JuCbPs
[2026-10-07 10:36:23.637] [out] [delivery_module] DBG 2026-10-07 10:36:23.636+02:00 Lookup query                               topics="kad-dht find" tid=1150721 peer=16U*qTrp93
[2026-10-07 10:36:23.637] [out] [delivery_module] DBG 2026-10-07 10:36:23.636+02:00 Lookup query                               topics="kad-dht find" tid=1150721 peer=16U*baEE4m
[2026-10-07 10:36:23.637] [out] [delivery_module] DBG 2026-10-07 10:36:23.636+02:00 Lookup query                               topics="kad-dht find" tid=1150721 peer=16U*oJnadu
[2026-10-07 10:36:23.637] [out] [delivery_module] DBG 2026-10-07 10:36:23.637+02:00 Lookup query                               topics="kad-dht find" tid=1150721 peer=16U*M2e2Us
[2026-10-07 10:36:23.638] [out] [delivery_module] DBG 2026-10-07 10:36:23.638+02:00 Kad lookup: RPC error                      topics="kad-dht find" tid=1150721 peer=16U*JuCbPs msg="dialStage: timed out dialing the peer"
[2026-10-07 10:36:23.638] [out] [delivery_module] DBG 2026-10-07 10:36:23.638+02:00 Kad lookup: RPC error                      topics="kad-dht find" tid=1150721 peer=16U*qTrp93 msg="dialStage: timed out dialing the peer"
[2026-10-07 10:36:23.638] [out] [delivery_module] DBG 2026-10-07 10:36:23.638+02:00 Kad lookup: RPC error                      topics="kad-dht find" tid=1150721 peer=16U*baEE4m msg="dialStage: timed out dialing the peer"
[2026-10-07 10:36:23.638] [out] [delivery_module] DBG 2026-10-07 10:36:23.638+02:00 Kad lookup: RPC error                      topics="kad-dht find" tid=1150721 peer=16U*oJnadu msg="dialStage: timed out dialing the peer"
[2026-10-07 10:36:23.638] [out] [delivery_module] DBG 2026-10-07 10:36:23.638+02:00 Kad lookup: RPC error                      topics="kad-dht find" tid=1150721 peer=16U*M2e2Us msg="dialStage: timed out dialing the peer"
[2026-10-07 10:36:23.980] [out] [delivery_module] WRN 2026-10-07 10:36:23.980+02:00 NAT port mapping failed                    topics="libp2p natservice" tid=1150721 port=51218 proto=mpTcp err="plum: mapping 0 failed"
[2026-10-07 10:36:24.879] [out] [delivery_module] DBG 2026-10-07 10:36:24.879+02:00 Lookup query                               topics="kad-dht find" tid=1150721 peer=16U*JuCbPs
[2026-10-07 10:36:24.879] [out] [delivery_module] DBG 2026-10-07 10:36:24.879+02:00 Lookup query                               topics="kad-dht find" tid=1150721 peer=16U*qTrp93
[2026-10-07 10:36:24.879] [out] [delivery_module] DBG 2026-10-07 10:36:24.879+02:00 Lookup query                               topics="kad-dht find" tid=1150721 peer=16U*baEE4m
[2026-10-07 10:36:24.879] [out] [delivery_module] DBG 2026-10-07 10:36:24.879+02:00 Lookup query                               topics="kad-dht find" tid=1150721 peer=16U*oJnadu
[2026-10-07 10:36:24.879] [out] [delivery_module] DBG 2026-10-07 10:36:24.879+02:00 Lookup query                               topics="kad-dht find" tid=1150721 peer=16U*M2e2Us
[2026-10-07 10:36:24.880] [out] [delivery_module] DBG 2026-10-07 10:36:24.880+02:00 Kad lookup: RPC error                      topics="kad-dht find" tid=1150721 peer=16U*JuCbPs msg="dialStage: timed out dialing the peer"
[2026-10-07 10:36:24.880] [out] [delivery_module] DBG 2026-10-07 10:36:24.880+02:00 Kad lookup: RPC error                      topics="kad-dht find" tid=1150721 peer=16U*qTrp93 msg="dialStage: timed out dialing the peer"
[2026-10-07 10:36:24.880] [out] [delivery_module] DBG 2026-10-07 10:36:24.880+02:00 Kad lookup: RPC error                      topics="kad-dht find" tid=1150721 peer=16U*baEE4m msg="dialStage: timed out dialing the peer"
[2026-10-07 10:36:24.880] [out] [delivery_module] DBG 2026-10-07 10:36:24.880+02:00 Kad lookup: RPC error                      topics="kad-dht find" tid=1150721 peer=16U*M2e2Us msg="dialStage: timed out dialing the peer"
[2026-10-07 10:36:24.880] [out] [delivery_module] DBG 2026-10-07 10:36:24.880+02:00 Kad lookup: RPC error                      topics="kad-dht find" tid=1150721 peer=16U*oJnadu msg="dialStage: timed out dialing the peer"
[2026-10-07 10:36:25.010] [out] [delivery_module] DBG 2026-10-07 10:36:25.010+02:00 Lookup query                               topics="kad-dht find" tid=1150721 peer=16U*baEE4m
[2026-10-07 10:36:25.010] [out] [delivery_module] DBG 2026-10-07 10:36:25.010+02:00 Lookup query                               topics="kad-dht find" tid=1150721 peer=16U*oJnadu
[2026-10-07 10:36:25.010] [out] [delivery_module] DBG 2026-10-07 10:36:25.010+02:00 Lookup query                               topics="kad-dht find" tid=1150721 peer=16U*qTrp93
[2026-10-07 10:36:25.010] [out] [delivery_module] DBG 2026-10-07 10:36:25.010+02:00 Lookup query                               topics="kad-dht find" tid=1150721 peer=16U*JuCbPs
[2026-10-07 10:36:25.010] [out] [delivery_module] DBG 2026-10-07 10:36:25.010+02:00 Lookup query                               topics="kad-dht find" tid=1150721 peer=16U*M2e2Us
[2026-10-07 10:36:25.011] [out] [delivery_module] DBG 2026-10-07 10:36:25.011+02:00 Kad lookup: RPC error                      topics="kad-dht find" tid=1150721 peer=16U*baEE4m msg="dialStage: timed out dialing the peer"
[2026-10-07 10:36:25.011] [out] [delivery_module] DBG 2026-10-07 10:36:25.011+02:00 Kad lookup: RPC error                      topics="kad-dht find" tid=1150721 peer=16U*oJnadu msg="dialStage: timed out dialing the peer"
[2026-10-07 10:36:25.011] [out] [delivery_module] DBG 2026-10-07 10:36:25.011+02:00 Kad lookup: RPC error                      topics="kad-dht find" tid=1150721 peer=16U*qTrp93 msg="dialStage: timed out dialing the peer"
[2026-10-07 10:36:25.011] [out] [delivery_module] DBG 2026-10-07 10:36:25.011+02:00 Kad lookup: RPC error                      topics="kad-dht find" tid=1150721 peer=16U*JuCbPs msg="dialStage: timed out dialing the peer"
[2026-10-07 10:36:25.011] [out] [delivery_module] DBG 2026-10-07 10:36:25.011+02:00 Kad lookup: RPC error                      topics="kad-dht find" tid=1150721 peer=16U*M2e2Us msg="dialStage: timed out dialing the peer"
[2026-10-07 10:36:25.264] [out] [delivery_module] DBG 2026-10-07 10:36:25.264+02:00 Lookup query                               topics="kad-dht find" tid=1150721 peer=16U*JuCbPs
[2026-10-07 10:36:25.265] [out] [delivery_module] DBG 2026-10-07 10:36:25.264+02:00 Lookup query                               topics="kad-dht find" tid=1150721 peer=16U*qTrp93
[2026-10-07 10:36:25.265] [out] [delivery_module] DBG 2026-10-07 10:36:25.264+02:00 Lookup query                               topics="kad-dht find" tid=1150721 peer=16U*baEE4m
[2026-10-07 10:36:25.265] [out] [delivery_module] DBG 2026-10-07 10:36:25.265+02:00 Lookup query                               topics="kad-dht find" tid=1150721 peer=16U*oJnadu
[2026-10-07 10:36:25.265] [out] [delivery_module] DBG 2026-10-07 10:36:25.265+02:00 Lookup query                               topics="kad-dht find" tid=1150721 peer=16U*M2e2Us
[2026-10-07 10:36:25.265] [out] [delivery_module] DBG 2026-10-07 10:36:25.265+02:00 Kad lookup: RPC error                      topics="kad-dht find" tid=1150721 peer=16U*JuCbPs msg="dialStage: timed out dialing the peer"
[2026-10-07 10:36:25.265] [out] [delivery_module] DBG 2026-10-07 10:36:25.265+02:00 Kad lookup: RPC error                      topics="kad-dht find" tid=1150721 peer=16U*qTrp93 msg="dialStage: timed out dialing the peer"
[2026-10-07 10:36:25.265] [out] [delivery_module] DBG 2026-10-07 10:36:25.265+02:00 Kad lookup: RPC error                      topics="kad-dht find" tid=1150721 peer=16U*baEE4m msg="dialStage: timed out dialing the peer"
[2026-10-07 10:36:25.265] [out] [delivery_module] DBG 2026-10-07 10:36:25.265+02:00 Kad lookup: RPC error                      topics="kad-dht find" tid=1150721 peer=16U*oJnadu msg="dialStage: timed out dialing the peer"
[2026-10-07 10:36:25.265] [out] [delivery_module] DBG 2026-10-07 10:36:25.265+02:00 Kad lookup: RPC error                      topics="kad-dht find" tid=1150721 peer=16U*M2e2Us msg="dialStage: timed out dialing the peer"
[2026-10-07 10:36:25.984] [out] [delivery_module] WRN 2026-10-07 10:36:25.984+02:00 NAT port mapping failed                    topics="libp2p natservice" tid=1150721 port=50339 proto=mpUdp err="plum: mapping 0 failed"
[2026-10-07 10:36:27.690] [out] [delivery_module] DBG 2026-10-07 10:36:27.690+02:00 New stream created                         tid=1150721
[2026-10-07 10:36:28.033] [out] [delivery_module] DBG 2026-10-07 10:36:28.033+02:00 calculateConnectionState                   tid=1150721 relayCount=12 storeClientCount=6 lightpushCount=12 filterCount=12
[2026-10-07 10:36:28.638] [out] [delivery_module] DBG 2026-10-07 10:36:28.638+02:00 Lookup query                               topics="kad-dht find" tid=1150721 peer=16U*JuCbPs
[2026-10-07 10:36:28.638] [out] [delivery_module] DBG 2026-10-07 10:36:28.638+02:00 Lookup query                               topics="kad-dht find" tid=1150721 peer=16U*qTrp93
[2026-10-07 10:36:28.638] [out] [delivery_module] DBG 2026-10-07 10:36:28.638+02:00 Lookup query                               topics="kad-dht find" tid=1150721 peer=16U*baEE4m
[2026-10-07 10:36:28.638] [out] [delivery_module] DBG 2026-10-07 10:36:28.638+02:00 Lookup query                               topics="kad-dht find" tid=1150721 peer=16U*oJnadu
[2026-10-07 10:36:28.638] [out] [delivery_module] DBG 2026-10-07 10:36:28.638+02:00 Lookup query                               topics="kad-dht find" tid=1150721 peer=16U*M2e2Us
[2026-10-07 10:36:28.638] [out] [delivery_module] DBG 2026-10-07 10:36:28.638+02:00 Kad lookup: RPC error                      topics="kad-dht find" tid=1150721 peer=16U*JuCbPs msg="dialStage: timed out dialing the peer"
[2026-10-07 10:36:28.639] [out] [delivery_module] DBG 2026-10-07 10:36:28.638+02:00 Kad lookup: RPC error                      topics="kad-dht find" tid=1150721 peer=16U*qTrp93 msg="dialStage: timed out dialing the peer"
[2026-10-07 10:36:28.639] [out] [delivery_module] DBG 2026-10-07 10:36:28.638+02:00 Kad lookup: RPC error                      topics="kad-dht find" tid=1150721 peer=16U*oJnadu msg="dialStage: timed out dialing the peer"
[2026-10-07 10:36:28.639] [out] [delivery_module] DBG 2026-10-07 10:36:28.638+02:00 Kad lookup: RPC error                      topics="kad-dht find" tid=1150721 peer=16U*baEE4m msg="dialStage: timed out dialing the peer"
[2026-10-07 10:36:28.639] [out] [delivery_module] DBG 2026-10-07 10:36:28.639+02:00 Kad lookup: RPC error                      topics="kad-dht find" tid=1150721 peer=16U*M2e2Us msg="dialStage: timed out dialing the peer"
[2026-10-07 10:36:29.882] [out] [delivery_module] DBG 2026-10-07 10:36:29.882+02:00 Lookup query                               topics="kad-dht find" tid=1150721 peer=16U*JuCbPs
[2026-10-07 10:36:29.882] [out] [delivery_module] DBG 2026-10-07 10:36:29.882+02:00 Lookup query                               topics="kad-dht find" tid=1150721 peer=16U*qTrp93
[2026-10-07 10:36:29.882] [out] [delivery_module] DBG 2026-10-07 10:36:29.882+02:00 Lookup query                               topics="kad-dht find" tid=1150721 peer=16U*baEE4m
[2026-10-07 10:36:29.882] [out] [delivery_module] DBG 2026-10-07 10:36:29.882+02:00 Lookup query                               topics="kad-dht find" tid=1150721 peer=16U*oJnadu
[2026-10-07 10:36:29.882] [out] [delivery_module] DBG 2026-10-07 10:36:29.882+02:00 Lookup query                               topics="kad-dht find" tid=1150721 peer=16U*M2e2Us
[2026-10-07 10:36:29.882] [out] [delivery_module] DBG 2026-10-07 10:36:29.882+02:00 Kad lookup: RPC error                      topics="kad-dht find" tid=1150721 peer=16U*JuCbPs msg="dialStage: timed out dialing the peer"
[2026-10-07 10:36:29.882] [out] [delivery_module] DBG 2026-10-07 10:36:29.882+02:00 Kad lookup: RPC error                      topics="kad-dht find" tid=1150721 peer=16U*qTrp93 msg="dialStage: timed out dialing the peer"
[2026-10-07 10:36:29.882] [out] [delivery_module] DBG 2026-10-07 10:36:29.882+02:00 Kad lookup: RPC error                      topics="kad-dht find" tid=1150721 peer=16U*baEE4m msg="dialStage: timed out dialing the peer"
[2026-10-07 10:36:29.882] [out] [delivery_module] DBG 2026-10-07 10:36:29.882+02:00 Kad lookup: RPC error                      topics="kad-dht find" tid=1150721 peer=16U*oJnadu msg="dialStage: timed out dialing the peer"
[2026-10-07 10:36:29.882] [out] [delivery_module] DBG 2026-10-07 10:36:29.882+02:00 Kad lookup: RPC error                      topics="kad-dht find" tid=1150721 peer=16U*M2e2Us msg="dialStage: timed out dialing the peer"
[2026-10-07 10:36:30.012] [out] [delivery_module] DBG 2026-10-07 10:36:30.012+02:00 Lookup query                               topics="kad-dht find" tid=1150721 peer=16U*baEE4m
[2026-10-07 10:36:30.012] [out] [delivery_module] DBG 2026-10-07 10:36:30.012+02:00 Lookup query                               topics="kad-dht find" tid=1150721 peer=16U*oJnadu
[2026-10-07 10:36:30.012] [out] [delivery_module] DBG 2026-10-07 10:36:30.012+02:00 Lookup query                               topics="kad-dht find" tid=1150721 peer=16U*qTrp93
[2026-10-07 10:36:30.012] [out] [delivery_module] DBG 2026-10-07 10:36:30.012+02:00 Lookup query                               topics="kad-dht find" tid=1150721 peer=16U*JuCbPs
[2026-10-07 10:36:30.012] [out] [delivery_module] DBG 2026-10-07 10:36:30.012+02:00 Lookup query                               topics="kad-dht find" tid=1150721 peer=16U*M2e2Us
[2026-10-07 10:36:30.012] [out] [delivery_module] DBG 2026-10-07 10:36:30.012+02:00 Kad lookup: RPC error                      topics="kad-dht find" tid=1150721 peer=16U*baEE4m msg="dialStage: timed out dialing the peer"
[2026-10-07 10:36:30.012] [out] [delivery_module] DBG 2026-10-07 10:36:30.012+02:00 Kad lookup: RPC error                      topics="kad-dht find" tid=1150721 peer=16U*qTrp93 msg="dialStage: timed out dialing the peer"
[2026-10-07 10:36:30.012] [out] [delivery_module] DBG 2026-10-07 10:36:30.012+02:00 Kad lookup: RPC error                      topics="kad-dht find" tid=1150721 peer=16U*JuCbPs msg="dialStage: timed out dialing the peer"
[2026-10-07 10:36:30.013] [out] [delivery_module] DBG 2026-10-07 10:36:30.013+02:00 Kad lookup: RPC error                      topics="kad-dht find" tid=1150721 peer=16U*M2e2Us msg="dialStage: timed out dialing the peer"
[2026-10-07 10:36:30.013] [out] [delivery_module] DBG 2026-10-07 10:36:30.013+02:00 Kad lookup: RPC error                      topics="kad-dht find" tid=1150721 peer=16U*oJnadu msg="dialStage: timed out dialing the peer"
[2026-10-07 10:36:30.267] [out] [delivery_module] DBG 2026-10-07 10:36:30.267+02:00 Lookup query                               topics="kad-dht find" tid=1150721 peer=16U*JuCbPs
[2026-10-07 10:36:30.267] [out] [delivery_module] DBG 2026-10-07 10:36:30.267+02:00 Lookup query                               topics="kad-dht find" tid=1150721 peer=16U*qTrp93
[2026-10-07 10:36:30.267] [out] [delivery_module] DBG 2026-10-07 10:36:30.267+02:00 Lookup query                               topics="kad-dht find" tid=1150721 peer=16U*baEE4m
[2026-10-07 10:36:30.267] [out] [delivery_module] DBG 2026-10-07 10:36:30.267+02:00 Lookup query                               topics="kad-dht find" tid=1150721 peer=16U*oJnadu
[2026-10-07 10:36:30.267] [out] [delivery_module] DBG 2026-10-07 10:36:30.267+02:00 Lookup query                               topics="kad-dht find" tid=1150721 peer=16U*M2e2Us
[2026-10-07 10:36:30.268] [out] [delivery_module] DBG 2026-10-07 10:36:30.268+02:00 Kad lookup: RPC error                      topics="kad-dht find" tid=1150721 peer=16U*JuCbPs msg="dialStage: timed out dialing the peer"
[2026-10-07 10:36:30.268] [out] [delivery_module] DBG 2026-10-07 10:36:30.268+02:00 Kad lookup: RPC error                      topics="kad-dht find" tid=1150721 peer=16U*qTrp93 msg="dialStage: timed out dialing the peer"
[2026-10-07 10:36:30.268] [out] [delivery_module] DBG 2026-10-07 10:36:30.268+02:00 Kad lookup: RPC error                      topics="kad-dht find" tid=1150721 peer=16U*baEE4m msg="dialStage: timed out dialing the peer"
[2026-10-07 10:36:30.268] [out] [delivery_module] DBG 2026-10-07 10:36:30.268+02:00 Kad lookup: RPC error                      topics="kad-dht find" tid=1150721 peer=16U*oJnadu msg="dialStage: timed out dialing the peer"
[2026-10-07 10:36:30.268] [out] [delivery_module] DBG 2026-10-07 10:36:30.268+02:00 Kad lookup: RPC error                      topics="kad-dht find" tid=1150721 peer=16U*M2e2Us msg="dialStage: timed out dialing the peer"
[2026-10-07 10:36:31.854] [out] [delivery_module] DBG 2026-10-07 10:36:31.853+02:00 Creating stream                            tid=1150721
[2026-10-07 10:36:31.854] [out] [delivery_module] DBG 2026-10-07 10:36:31.853+02:00 New stream created                         tid=1150721
[2026-10-07 10:36:33.648] [out] [delivery_module] DBG 2026-10-07 10:36:33.647+02:00 Kad lookup: RPC error                      topics="kad-dht find" tid=1150721 peer=16U*JuCbPs msg="dialStage: timed out dialing the peer"
[2026-10-07 10:36:33.648] [out] [delivery_module] DBG 2026-10-07 10:36:33.647+02:00 Kad lookup: RPC error                      topics="kad-dht find" tid=1150721 peer=16U*qTrp93 msg="dialStage: timed out dialing the peer"
[2026-10-07 10:36:33.648] [out] [delivery_module] DBG 2026-10-07 10:36:33.647+02:00 Kad lookup: RPC error                      topics="kad-dht find" tid=1150721 peer=16U*baEE4m msg="dialStage: timed out dialing the peer"
[2026-10-07 10:36:33.648] [out] [delivery_module] DBG 2026-10-07 10:36:33.647+02:00 Kad lookup: RPC error                      topics="kad-dht find" tid=1150721 peer=16U*oJnadu msg="dialStage: timed out dialing the peer"
[2026-10-07 10:36:33.648] [out] [delivery_module] DBG 2026-10-07 10:36:33.647+02:00 Kad lookup: RPC error                      topics="kad-dht find" tid=1150721 peer=16U*M2e2Us msg="dialStage: timed out dialing the peer"
[2026-10-07 10:36:33.658] [out] [delivery_module] DBG 2026-10-07 10:36:33.656+02:00 Lookup query                               topics="kad-dht find" tid=1150721 peer=16U*jQfE1X
[2026-10-07 10:36:33.658] [out] [delivery_module] DBG 2026-10-07 10:36:33.656+02:00 Lookup query                               topics="kad-dht find" tid=1150721 peer=16U*NSkuby
[2026-10-07 10:36:33.658] [out] [delivery_module] DBG 2026-10-07 10:36:33.656+02:00 Lookup query                               topics="kad-dht find" tid=1150721 peer=16U*TwqBiH
[2026-10-07 10:36:33.658] [out] [delivery_module] DBG 2026-10-07 10:36:33.656+02:00 Lookup query                               topics="kad-dht find" tid=1150721 peer=16U*28TTLb
[2026-10-07 10:36:33.658] [out] [delivery_module] DBG 2026-10-07 10:36:33.656+02:00 Lookup query                               topics="kad-dht find" tid=1150721 peer=16U*VpJprH
[2026-10-07 10:36:33.658] [out] [delivery_module] DBG 2026-10-07 10:36:33.656+02:00 Lookup query                               topics="kad-dht find" tid=1150721 peer=16U*P1S397
[2026-10-07 10:36:33.658] [out] [delivery_module] DBG 2026-10-07 10:36:33.656+02:00 Lookup query                               topics="kad-dht find" tid=1150721 peer=16U*T3UNSE
[2026-10-07 10:36:33.658] [out] [delivery_module] DBG 2026-10-07 10:36:33.656+02:00 Lookup query                               topics="kad-dht find" tid=1150721 peer=16U*2FWeUS
[2026-10-07 10:36:33.658] [out] [delivery_module] DBG 2026-10-07 10:36:33.656+02:00 Lookup query                               topics="kad-dht find" tid=1150721 peer=16U*yWaRuc
[2026-10-07 10:36:33.658] [out] [delivery_module] DBG 2026-10-07 10:36:33.656+02:00 Lookup query                               topics="kad-dht find" tid=1150721 peer=16U*kGyuEP
[2026-10-07 10:36:33.658] [out] [delivery_module] DBG 2026-10-07 10:36:33.657+02:00 Lookup query                               topics="kad-dht find" tid=1150721 peer=16U*kGyuEP
[2026-10-07 10:36:33.658] [out] [delivery_module] DBG 2026-10-07 10:36:33.657+02:00 Lookup query                               topics="kad-dht find" tid=1150721 peer=16U*2FWeUS
[2026-10-07 10:36:33.658] [out] [delivery_module] DBG 2026-10-07 10:36:33.657+02:00 Lookup query                               topics="kad-dht find" tid=1150721 peer=16U*yWaRuc
[2026-10-07 10:36:33.658] [out] [delivery_module] DBG 2026-10-07 10:36:33.657+02:00 Lookup query                               topics="kad-dht find" tid=1150721 peer=16U*CKtDKK
[2026-10-07 10:36:33.658] [out] [delivery_module] DBG 2026-10-07 10:36:33.657+02:00 Lookup query                               topics="kad-dht find" tid=1150721 peer=16U*T3UNSE
[2026-10-07 10:36:33.658] [out] [delivery_module] DBG 2026-10-07 10:36:33.657+02:00 Lookup query                               topics="kad-dht find" tid=1150721 peer=16U*P1S397
[2026-10-07 10:36:33.658] [out] [delivery_module] DBG 2026-10-07 10:36:33.657+02:00 Lookup query                               topics="kad-dht find" tid=1150721 peer=16U*VpJprH
[2026-10-07 10:36:33.658] [out] [delivery_module] DBG 2026-10-07 10:36:33.657+02:00 Lookup query                               topics="kad-dht find" tid=1150721 peer=16U*TwqBiH
[2026-10-07 10:36:33.658] [out] [delivery_module] DBG 2026-10-07 10:36:33.657+02:00 Lookup query                               topics="kad-dht find" tid=1150721 peer=16U*28TTLb
[2026-10-07 10:36:33.658] [out] [delivery_module] DBG 2026-10-07 10:36:33.657+02:00 Lookup query                               topics="kad-dht find" tid=1150721 peer=16U*NSkuby
[2026-10-07 10:36:33.658] [out] [delivery_module] DBG 2026-10-07 10:36:33.657+02:00 Lookup query                               topics="kad-dht find" tid=1150721 peer=16U*P1S397
[2026-10-07 10:36:33.658] [out] [delivery_module] DBG 2026-10-07 10:36:33.657+02:00 Lookup query                               topics="kad-dht find" tid=1150721 peer=16U*T3UNSE
[2026-10-07 10:36:33.658] [out] [delivery_module] DBG 2026-10-07 10:36:33.657+02:00 Lookup query                               topics="kad-dht find" tid=1150721 peer=16U*VpJprH
[2026-10-07 10:36:33.658] [out] [delivery_module] DBG 2026-10-07 10:36:33.657+02:00 Lookup query                               topics="kad-dht find" tid=1150721 peer=16U*CKtDKK
[2026-10-07 10:36:33.658] [out] [delivery_module] DBG 2026-10-07 10:36:33.657+02:00 Lookup query                               topics="kad-dht find" tid=1150721 peer=16U*yWaRuc
[2026-10-07 10:36:33.658] [out] [delivery_module] DBG 2026-10-07 10:36:33.657+02:00 Lookup query                               topics="kad-dht find" tid=1150721 peer=16U*2FWeUS
[2026-10-07 10:36:33.658] [out] [delivery_module] DBG 2026-10-07 10:36:33.657+02:00 Lookup query                               topics="kad-dht find" tid=1150721 peer=16U*kGyuEP
[2026-10-07 10:36:33.658] [out] [delivery_module] DBG 2026-10-07 10:36:33.657+02:00 Lookup query                               topics="kad-dht find" tid=1150721 peer=16U*jQfE1X
[2026-10-07 10:36:33.658] [out] [delivery_module] DBG 2026-10-07 10:36:33.657+02:00 Lookup query                               topics="kad-dht find" tid=1150721 peer=16U*NSkuby
[2026-10-07 10:36:33.658] [out] [delivery_module] DBG 2026-10-07 10:36:33.657+02:00 Lookup query                               topics="kad-dht find" tid=1150721 peer=16U*28TTLb
[2026-10-07 10:36:33.658] [out] [delivery_module] DBG 2026-10-07 10:36:33.657+02:00 Lookup query                               topics="kad-dht find" tid=1150721 peer=16U*VpJprH
[2026-10-07 10:36:33.658] [out] [delivery_module] DBG 2026-10-07 10:36:33.657+02:00 Lookup query                               topics="kad-dht find" tid=1150721 peer=16U*T3UNSE
[2026-10-07 10:36:33.660] [out] [delivery_module] DBG 2026-10-07 10:36:33.657+02:00 Lookup query                               topics="kad-dht find" tid=1150721 peer=16U*P1S397
[2026-10-07 10:36:33.660] [out] [delivery_module] DBG 2026-10-07 10:36:33.657+02:00 Lookup query                               topics="kad-dht find" tid=1150721 peer=16U*CKtDKK
[2026-10-07 10:36:33.662] [out] [delivery_module] DBG 2026-10-07 10:36:33.659+02:00 Lookup query                               topics="kad-dht find" tid=1150721 peer=16U*kGyuEP
[2026-10-07 10:36:33.662] [out] [delivery_module] DBG 2026-10-07 10:36:33.659+02:00 Lookup query                               topics="kad-dht find" tid=1150721 peer=16U*yWaRuc
[2026-10-07 10:36:33.662] [out] [delivery_module] DBG 2026-10-07 10:36:33.659+02:00 Lookup query                               topics="kad-dht find" tid=1150721 peer=16U*2FWeUS
[2026-10-07 10:36:33.662] [out] [delivery_module] DBG 2026-10-07 10:36:33.659+02:00 Lookup query                               topics="kad-dht find" tid=1150721 peer=16U*NSkuby
[2026-10-07 10:36:33.662] [out] [delivery_module] DBG 2026-10-07 10:36:33.659+02:00 Lookup query                               topics="kad-dht find" tid=1150721 peer=16U*jQfE1X
[2026-10-07 10:36:33.662] [out] [delivery_module] DBG 2026-10-07 10:36:33.659+02:00 Lookup query                               topics="kad-dht find" tid=1150721 peer=16U*28TTLb
[2026-10-07 10:36:33.692] [out] [delivery_module] DBG 2026-10-07 10:36:33.691+02:00 Lookup query                               topics="kad-dht find" tid=1150721 peer=16U*jqCixh
[2026-10-07 10:36:33.708] [out] [delivery_module] DBG 2026-10-07 10:36:33.708+02:00 Lookup query                               topics="kad-dht find" tid=1150721 peer=16U*7ZEp3L
[2026-10-07 10:36:33.712] [out] [delivery_module] DBG 2026-10-07 10:36:33.712+02:00 Lookup query                               topics="kad-dht find" tid=1150721 peer=16U*jqCixh
[2026-10-07 10:36:33.717] [out] [delivery_module] DBG 2026-10-07 10:36:33.715+02:00 Lookup query                               topics="kad-dht find" tid=1150721 peer=16U*k3v1b3
[2026-10-07 10:36:33.722] [out] [delivery_module] DBG 2026-10-07 10:36:33.722+02:00 Lookup query                               topics="kad-dht find" tid=1150721 peer=16U*TwqBiH
[2026-10-07 10:36:33.734] [out] [delivery_module] DBG 2026-10-07 10:36:33.734+02:00 Lookup query                               topics="kad-dht find" tid=1150721 peer=16U*jqCixh
[2026-10-07 10:36:33.772] [out] [delivery_module] DBG 2026-10-07 10:36:33.772+02:00 Lookup query                               topics="kad-dht find" tid=1150721 peer=16U*k3v1b3
[2026-10-07 10:36:33.775] [out] [delivery_module] DBG 2026-10-07 10:36:33.775+02:00 Lookup query                               topics="kad-dht find" tid=1150721 peer=16U*oJnadu
[2026-10-07 10:36:33.798] [out] [delivery_module] DBG 2026-10-07 10:36:33.798+02:00 Lookup query                               topics="kad-dht find" tid=1150721 peer=16U*M2e2Us
[2026-10-07 10:36:33.798] [out] [delivery_module] DBG 2026-10-07 10:36:33.798+02:00 Lookup query                               topics="kad-dht find" tid=1150721 peer=16U*JuCbPs
[2026-10-07 10:36:33.798] [out] [delivery_module] DBG 2026-10-07 10:36:33.798+02:00 Lookup query                               topics="kad-dht find" tid=1150721 peer=16U*baEE4m
[2026-10-07 10:36:33.809] [out] [delivery_module] DBG 2026-10-07 10:36:33.808+02:00 Lookup query                               topics="kad-dht find" tid=1150721 peer=16U*baEE4m
[2026-10-07 10:36:33.815] [out] [delivery_module] DBG 2026-10-07 10:36:33.815+02:00 Lookup query                               topics="kad-dht find" tid=1150721 peer=16U*oJnadu
[2026-10-07 10:36:33.815] [out] [delivery_module] DBG 2026-10-07 10:36:33.815+02:00 Lookup query                               topics="kad-dht find" tid=1150721 peer=16U*CKtDKK
[2026-10-07 10:36:33.820] [out] [delivery_module] DBG 2026-10-07 10:36:33.820+02:00 Lookup query                               topics="kad-dht find" tid=1150721 peer=16U*7ZEp3L
[2026-10-07 10:36:33.820] [out] [delivery_module] DBG 2026-10-07 10:36:33.820+02:00 Lookup query                               topics="kad-dht find" tid=1150721 peer=16U*oJnadu
[2026-10-07 10:36:33.859] [out] [delivery_module] DBG 2026-10-07 10:36:33.859+02:00 Lookup query                               topics="kad-dht find" tid=1150721 peer=16U*7ZEp3L
[2026-10-07 10:36:33.864] [out] [delivery_module] DBG 2026-10-07 10:36:33.864+02:00 Lookup query                               topics="kad-dht find" tid=1150721 peer=16U*k3v1b3
[2026-10-07 10:36:33.870] [out] [delivery_module] DBG 2026-10-07 10:36:33.870+02:00 Lookup query                               topics="kad-dht find" tid=1150721 peer=16U*qTrp93
[2026-10-07 10:36:33.939] [out] [delivery_module] DBG 2026-10-07 10:36:33.938+02:00 Lookup query                               topics="kad-dht find" tid=1150721 peer=16U*JuCbPs
[2026-10-07 10:36:33.939] [out] [delivery_module] DBG 2026-10-07 10:36:33.938+02:00 Lookup query                               topics="kad-dht find" tid=1150721 peer=16U*qTrp93
[2026-10-07 10:36:33.939] [out] [delivery_module] DBG 2026-10-07 10:36:33.939+02:00 Lookup query                               topics="kad-dht find" tid=1150721 peer=16U*qTrp93
[2026-10-07 10:36:33.939] [out] [delivery_module] DBG 2026-10-07 10:36:33.939+02:00 Lookup query                               topics="kad-dht find" tid=1150721 peer=16U*JuCbPs
[2026-10-07 10:36:33.943] [out] [delivery_module] DBG 2026-10-07 10:36:33.942+02:00 Lookup query                               topics="kad-dht find" tid=1150721 peer=16U*7ZEp3L
[2026-10-07 10:36:33.948] [out] [delivery_module] DBG 2026-10-07 10:36:33.948+02:00 Lookup query                               topics="kad-dht find" tid=1150721 peer=16U*M2e2Us
[2026-10-07 10:36:34.076] [out] [delivery_module] DBG 2026-10-07 10:36:34.074+02:00 Lookup query                               topics="kad-dht find" tid=1150721 peer=16U*JuCbPs
[2026-10-07 10:36:34.076] [out] [delivery_module] DBG 2026-10-07 10:36:34.075+02:00 Lookup query                               topics="kad-dht find" tid=1150721 peer=16U*qTrp93
[2026-10-07 10:36:34.076] [out] [delivery_module] DBG 2026-10-07 10:36:34.075+02:00 Lookup query                               topics="kad-dht find" tid=1150721 peer=16U*baEE4m
[2026-10-07 10:36:34.076] [out] [delivery_module] DBG 2026-10-07 10:36:34.075+02:00 Lookup query                               topics="kad-dht find" tid=1150721 peer=16U*k3v1b3
[2026-10-07 10:36:34.109] [out] [delivery_module] DBG 2026-10-07 10:36:34.108+02:00 Lookup query                               topics="kad-dht find" tid=1150721 peer=16U*jQfE1X
[2026-10-07 10:36:34.115] [out] [delivery_module] DBG 2026-10-07 10:36:34.111+02:00 Lookup query                               topics="kad-dht find" tid=1150721 peer=16U*M2e2Us
[2026-10-07 10:36:34.127] [out] [delivery_module] DBG 2026-10-07 10:36:34.123+02:00 Lookup query                               topics="kad-dht find" tid=1150721 peer=16U*jqCixh
[2026-10-07 10:36:34.190] [out] [delivery_module] DBG 2026-10-07 10:36:34.190+02:00 Lookup query                               topics="kad-dht find" tid=1150721 peer=16U*oJnadu
[2026-10-07 10:36:34.190] [out] [delivery_module] DBG 2026-10-07 10:36:34.190+02:00 Lookup query                               topics="kad-dht find" tid=1150721 peer=16U*baEE4m
[2026-10-07 10:36:34.308] [out] [delivery_module] DBG 2026-10-07 10:36:34.308+02:00 Lookup query                               topics="kad-dht find" tid=1150721 peer=16U*M2e2Us
[2026-10-07 10:36:34.311] [out] [delivery_module] DBG 2026-10-07 10:36:34.311+02:00 Lookup query                               topics="kad-dht find" tid=1150721 peer=16U*TwqBiH
[2026-10-07 10:36:34.887] [out] [delivery_module] DBG 2026-10-07 10:36:34.887+02:00 Kad lookup: RPC error                      topics="kad-dht find" tid=1150721 peer=16U*JuCbPs msg="dialStage: timed out dialing the peer"
[2026-10-07 10:36:34.887] [out] [delivery_module] DBG 2026-10-07 10:36:34.887+02:00 Kad lookup: RPC error                      topics="kad-dht find" tid=1150721 peer=16U*baEE4m msg="dialStage: timed out dialing the peer"
[2026-10-07 10:36:34.887] [out] [delivery_module] DBG 2026-10-07 10:36:34.887+02:00 Kad lookup: RPC error                      topics="kad-dht find" tid=1150721 peer=16U*oJnadu msg="dialStage: timed out dialing the peer"
[2026-10-07 10:36:34.887] [out] [delivery_module] DBG 2026-10-07 10:36:34.887+02:00 Kad lookup: RPC error                      topics="kad-dht find" tid=1150721 peer=16U*M2e2Us msg="dialStage: timed out dialing the peer"
[2026-10-07 10:36:34.887] [out] [delivery_module] DBG 2026-10-07 10:36:34.887+02:00 Kad lookup: RPC error                      topics="kad-dht find" tid=1150721 peer=16U*qTrp93 msg="dialStage: timed out dialing the peer"
[2026-10-07 10:36:34.888] [out] [delivery_module] DBG 2026-10-07 10:36:34.888+02:00 Local table insertion                      tid=1150721 key=key:002508021221033C19FC5EE01418F1753B47698DFA223541CA88120FD14CDF60C3F3793E50FD64 value=key:0A2508021221033C19FC5EE01418F1753B47698DFA223541CA88120FD14CDF60C3F3793E50FD64120203011A480A27002508021221033C19FC5EE01418F1753B47698DFA223541CA88120FD14CDF60C3F3793E50FD6410EBAC011A0A0A0804AC10225906C8121A0D0A0B04AC1022599102C4A3CD032A473045022100DC1CB7E999F1EED714CC23C1474F5BB156A31CB03E8872AFBE197527F50EE8DF022025EC39C44C7C91B0C895308CB6E04F2063D5F8AF39D9A581134494E0E816C81E
[2026-10-07 10:36:34.890] [out] [delivery_module] DBG 2026-10-07 10:36:34.890+02:00 Got PutValue reply                         topics="kad-dht put" tid=1150721 msg="(msgType: ok(putValue), key: ok(@[0, 37, 8, 2, 18, 33, 3, 60, 25, 252, 94, 224, 20, 24, 241, 117, 59, 71, 105, 141, 250, 34, 53, 65, 202, 136, 18, 15, 209, 76, 223, 96, 195, 243, 121, 62, 80, 253, 100]), record: ok((key: ok(@[0, 37, 8, 2, 18, 33, 3, 60, 25, 252, 94, 224, 20, 24, 241, 117, 59, 71, 105, 141, 250, 34, 53, 65, 202, 136, 18, 15, 209, 76, 223, 96, 195, 243, 121, 62, 80, 253, 100]), value: ok(@[10, 37, 8, 2, 18, 33, 3, 60, 25, 252, 94, 224, 20, 24, 241, 117, 59, 71, 105, 141, 250, 34, 53, 65, 202, 136, 18, 15, 209, 76, 223, 96, 195, 243, 121, 62, 80, 253, 100, 18, 2, 3, 1, 26, 72, 10, 39, 0, 37, 8, 2, 18, 33, 3, 60, 25, 252, 94, 224, 20, 24, 241, 117, 59, 71, 105, 141, 250, 34, 53, 65, 202, 136, 18, 15, 209, 76, 223, 96, 195, 243, 121, 62, 80, 253, 100, 16, 235, 172, 1, 26, 10, 10, 8, 4, 172, 16, 34, 89, 6, 200, 18, 26, 13, 10, 11, 4, 172, 16, 34, 89, 145, 2, 196, 163, 205, 3, 42, 71, 48, 69, 2, 33, 0, 220, 28, 183, 233, 153, 241, 238, 215, 20, 204, 35, 193, 71, 79, 91, 177, 86, 163, 28, 176, 62, 136, 114, 175, 190, 25, 117, 39, 245, 14, 232, 223, 2, 32, 37, 236, 57, 196, 76, 124, 145, 176, 200, 149, 48, 140, 182, 224, 79, 32, 99, 213, 248, 175, 57, 217, 165, 129, 19, 68, 148, 224, 232, 22, 200, 30]), timeReceived: none())), closerPeers: [], providerPeers: [], providerStatus: none(), register: none(), getAds: none())" reply="(msgType: ok(putValue), key: ok(@[0, 37, 8, 2, 18, 33, 3, 60, 25, 252, 94, 224, 20, 24, 241, 117, 59, 71, 105, 141, 250, 34, 53, 65, 202, 136, 18, 15, 209, 76, 223, 96, 195, 243, 121, 62, 80, 253, 100]), record: ok((key: ok(@[0, 37, 8, 2, 18, 33, 3, 60, 25, 252, 94, 224, 20, 24, 241, 117, 59, 71, 105, 141, 250, 34, 53, 65, 202, 136, 18, 15, 209, 76, 223, 96, 195, 243, 121, 62, 80, 253, 100]), value: ok(@[10, 37, 8, 2, 18, 33, 3, 60, 25, 252, 94, 224, 20, 24, 241, 117, 59, 71, 105, 141, 250, 34, 53, 65, 202, 136, 18, 15, 209, 76, 223, 96, 195, 243, 121, 62, 80, 253, 100, 18, 2, 3, 1, 26, 72, 10, 39, 0, 37, 8, 2, 18, 33, 3, 60, 25, 252, 94, 224, 20, 24, 241, 117, 59, 71, 105, 141, 250, 34, 53, 65, 202, 136, 18, 15, 209, 76, 223, 96, 195, 243, 121, 62, 80, 253, 100, 16, 235, 172, 1, 26, 10, 10, 8, 4, 172, 16, 34, 89, 6, 200, 18, 26, 13, 10, 11, 4, 172, 16, 34, 89, 145, 2, 196, 163, 205, 3, 42, 71, 48, 69, 2, 33, 0, 220, 28, 183, 233, 153, 241, 238, 215, 20, 204, 35, 193, 71, 79, 91, 177, 86, 163, 28, 176, 62, 136, 114, 175, 190, 25, 117, 39, 245, 14, 232, 223, 2, 32, 37, 236, 57, 196, 76, 124, 145, 176, 200, 149, 48, 140, 182, 224, 79, 32, 99, 213, 248, 175, 57, 217, 165, 129, 19, 68, 148, 224, 232, 22, 200, 30]), timeReceived: none())), closerPeers: [], providerPeers: [], providerStatus: none(), register: none(), getAds: none())" peer=16U*yWaRuc
[2026-10-07 10:36:34.912] [out] [delivery_module] DBG 2026-10-07 10:36:34.912+02:00 Got PutValue reply                         topics="kad-dht put" tid=1150721 msg="(msgType: ok(putValue), key: ok(@[0, 37, 8, 2, 18, 33, 3, 60, 25, 252, 94, 224, 20, 24, 241, 117, 59, 71, 105, 141, 250, 34, 53, 65, 202, 136, 18, 15, 209, 76, 223, 96, 195, 243, 121, 62, 80, 253, 100]), record: ok((key: ok(@[0, 37, 8, 2, 18, 33, 3, 60, 25, 252, 94, 224, 20, 24, 241, 117, 59, 71, 105, 141, 250, 34, 53, 65, 202, 136, 18, 15, 209, 76, 223, 96, 195, 243, 121, 62, 80, 253, 100]), value: ok(@[10, 37, 8, 2, 18, 33, 3, 60, 25, 252, 94, 224, 20, 24, 241, 117, 59, 71, 105, 141, 250, 34, 53, 65, 202, 136, 18, 15, 209, 76, 223, 96, 195, 243, 121, 62, 80, 253, 100, 18, 2, 3, 1, 26, 72, 10, 39, 0, 37, 8, 2, 18, 33, 3, 60, 25, 252, 94, 224, 20, 24, 241, 117, 59, 71, 105, 141, 250, 34, 53, 65, 202, 136, 18, 15, 209, 76, 223, 96, 195, 243, 121, 62, 80, 253, 100, 16, 235, 172, 1, 26, 10, 10, 8, 4, 172, 16, 34, 89, 6, 200, 18, 26, 13, 10, 11, 4, 172, 16, 34, 89, 145, 2, 196, 163, 205, 3, 42, 71, 48, 69, 2, 33, 0, 220, 28, 183, 233, 153, 241, 238, 215, 20, 204, 35, 193, 71, 79, 91, 177, 86, 163, 28, 176, 62, 136, 114, 175, 190, 25, 117, 39, 245, 14, 232, 223, 2, 32, 37, 236, 57, 196, 76, 124, 145, 176, 200, 149, 48, 140, 182, 224, 79, 32, 99, 213, 248, 175, 57, 217, 165, 129, 19, 68, 148, 224, 232, 22, 200, 30]), timeReceived: none())), closerPeers: [], providerPeers: [], providerStatus: none(), register: none(), getAds: none())" reply="(msgType: ok(putValue), key: ok(@[0, 37, 8, 2, 18, 33, 3, 60, 25, 252, 94, 224, 20, 24, 241, 117, 59, 71, 105, 141, 250, 34, 53, 65, 202, 136, 18, 15, 209, 76, 223, 96, 195, 243, 121, 62, 80, 253, 100]), record: ok((key: ok(@[0, 37, 8, 2, 18, 33, 3, 60, 25, 252, 94, 224, 20, 24, 241, 117, 59, 71, 105, 141, 250, 34, 53, 65, 202, 136, 18, 15, 209, 76, 223, 96, 195, 243, 121, 62, 80, 253, 100]), value: ok(@[10, 37, 8, 2, 18, 33, 3, 60, 25, 252, 94, 224, 20, 24, 241, 117, 59, 71, 105, 141, 250, 34, 53, 65, 202, 136, 18, 15, 209, 76, 223, 96, 195, 243, 121, 62, 80, 253, 100, 18, 2, 3, 1, 26, 72, 10, 39, 0, 37, 8, 2, 18, 33, 3, 60, 25, 252, 94, 224, 20, 24, 241, 117, 59, 71, 105, 141, 250, 34, 53, 65, 202, 136, 18, 15, 209, 76, 223, 96, 195, 243, 121, 62, 80, 253, 100, 16, 235, 172, 1, 26, 10, 10, 8, 4, 172, 16, 34, 89, 6, 200, 18, 26, 13, 10, 11, 4, 172, 16, 34, 89, 145, 2, 196, 163, 205, 3, 42, 71, 48, 69, 2, 33, 0, 220, 28, 183, 233, 153, 241, 238, 215, 20, 204, 35, 193, 71, 79, 91, 177, 86, 163, 28, 176, 62, 136, 114, 175, 190, 25, 117, 39, 245, 14, 232, 223, 2, 32, 37, 236, 57, 196, 76, 124, 145, 176, 200, 149, 48, 140, 182, 224, 79, 32, 99, 213, 248, 175, 57, 217, 165, 129, 19, 68, 148, 224, 232, 22, 200, 30]), timeReceived: none())), closerPeers: [], providerPeers: [], providerStatus: none(), register: none(), getAds: none())" peer=16U*NSkuby
[2026-10-07 10:36:34.912] [out] [delivery_module] DBG 2026-10-07 10:36:34.912+02:00 Got PutValue reply                         topics="kad-dht put" tid=1150721 msg="(msgType: ok(putValue), key: ok(@[0, 37, 8, 2, 18, 33, 3, 60, 25, 252, 94, 224, 20, 24, 241, 117, 59, 71, 105, 141, 250, 34, 53, 65, 202, 136, 18, 15, 209, 76, 223, 96, 195, 243, 121, 62, 80, 253, 100]), record: ok((key: ok(@[0, 37, 8, 2, 18, 33, 3, 60, 25, 252, 94, 224, 20, 24, 241, 117, 59, 71, 105, 141, 250, 34, 53, 65, 202, 136, 18, 15, 209, 76, 223, 96, 195, 243, 121, 62, 80, 253, 100]), value: ok(@[10, 37, 8, 2, 18, 33, 3, 60, 25, 252, 94, 224, 20, 24, 241, 117, 59, 71, 105, 141, 250, 34, 53, 65, 202, 136, 18, 15, 209, 76, 223, 96, 195, 243, 121, 62, 80, 253, 100, 18, 2, 3, 1, 26, 72, 10, 39, 0, 37, 8, 2, 18, 33, 3, 60, 25, 252, 94, 224, 20, 24, 241, 117, 59, 71, 105, 141, 250, 34, 53, 65, 202, 136, 18, 15, 209, 76, 223, 96, 195, 243, 121, 62, 80, 253, 100, 16, 235, 172, 1, 26, 10, 10, 8, 4, 172, 16, 34, 89, 6, 200, 18, 26, 13, 10, 11, 4, 172, 16, 34, 89, 145, 2, 196, 163, 205, 3, 42, 71, 48, 69, 2, 33, 0, 220, 28, 183, 233, 153, 241, 238, 215, 20, 204, 35, 193, 71, 79, 91, 177, 86, 163, 28, 176, 62, 136, 114, 175, 190, 25, 117, 39, 245, 14, 232, 223, 2, 32, 37, 236, 57, 196, 76, 124, 145, 176, 200, 149, 48, 140, 182, 224, 79, 32, 99, 213, 248, 175, 57, 217, 165, 129, 19, 68, 148, 224, 232, 22, 200, 30]), timeReceived: none())), closerPeers: [], providerPeers: [], providerStatus: none(), register: none(), getAds: none())" reply="(msgType: ok(putValue), key: ok(@[0, 37, 8, 2, 18, 33, 3, 60, 25, 252, 94, 224, 20, 24, 241, 117, 59, 71, 105, 141, 250, 34, 53, 65, 202, 136, 18, 15, 209, 76, 223, 96, 195, 243, 121, 62, 80, 253, 100]), record: ok((key: ok(@[0, 37, 8, 2, 18, 33, 3, 60, 25, 252, 94, 224, 20, 24, 241, 117, 59, 71, 105, 141, 250, 34, 53, 65, 202, 136, 18, 15, 209, 76, 223, 96, 195, 243, 121, 62, 80, 253, 100]), value: ok(@[10, 37, 8, 2, 18, 33, 3, 60, 25, 252, 94, 224, 20, 24, 241, 117, 59, 71, 105, 141, 250, 34, 53, 65, 202, 136, 18, 15, 209, 76, 223, 96, 195, 243, 121, 62, 80, 253, 100, 18, 2, 3, 1, 26, 72, 10, 39, 0, 37, 8, 2, 18, 33, 3, 60, 25, 252, 94, 224, 20, 24, 241, 117, 59, 71, 105, 141, 250, 34, 53, 65, 202, 136, 18, 15, 209, 76, 223, 96, 195, 243, 121, 62, 80, 253, 100, 16, 235, 172, 1, 26, 10, 10, 8, 4, 172, 16, 34, 89, 6, 200, 18, 26, 13, 10, 11, 4, 172, 16, 34, 89, 145, 2, 196, 163, 205, 3, 42, 71, 48, 69, 2, 33, 0, 220, 28, 183, 233, 153, 241, 238, 215, 20, 204, 35, 193, 71, 79, 91, 177, 86, 163, 28, 176, 62, 136, 114, 175, 190, 25, 117, 39, 245, 14, 232, 223, 2, 32, 37, 236, 57, 196, 76, 124, 145, 176, 200, 149, 48, 140, 182, 224, 79, 32, 99, 213, 248, 175, 57, 217, 165, 129, 19, 68, 148, 224, 232, 22, 200, 30]), timeReceived: none())), closerPeers: [], providerPeers: [], providerStatus: none(), register: none(), getAds: none())" peer=16U*VpJprH
[2026-10-07 10:36:35.018] [out] [delivery_module] DBG 2026-10-07 10:36:35.018+02:00 Kad lookup: RPC error                      topics="kad-dht find" tid=1150721 peer=16U*oJnadu msg="dialStage: timed out dialing the peer"
[2026-10-07 10:36:35.018] [out] [delivery_module] DBG 2026-10-07 10:36:35.018+02:00 Kad lookup: RPC error                      topics="kad-dht find" tid=1150721 peer=16U*qTrp93 msg="dialStage: timed out dialing the peer"
[2026-10-07 10:36:35.018] [out] [delivery_module] DBG 2026-10-07 10:36:35.018+02:00 Kad lookup: RPC error                      topics="kad-dht find" tid=1150721 peer=16U*JuCbPs msg="dialStage: timed out dialing the peer"
[2026-10-07 10:36:35.018] [out] [delivery_module] DBG 2026-10-07 10:36:35.018+02:00 Kad lookup: RPC error                      topics="kad-dht find" tid=1150721 peer=16U*M2e2Us msg="dialStage: timed out dialing the peer"
[2026-10-07 10:36:35.018] [out] [delivery_module] DBG 2026-10-07 10:36:35.018+02:00 Kad lookup: RPC error                      topics="kad-dht find" tid=1150721 peer=16U*baEE4m msg="dialStage: timed out dialing the peer"
[2026-10-07 10:36:35.021] [out] [delivery_module] DBG 2026-10-07 10:36:35.020+02:00 Lookup query                               topics="kad-dht find" tid=1150721 peer=16U*NSkuby
[2026-10-07 10:36:35.021] [out] [delivery_module] DBG 2026-10-07 10:36:35.020+02:00 Lookup query                               topics="kad-dht find" tid=1150721 peer=16U*jQfE1X
[2026-10-07 10:36:35.021] [out] [delivery_module] DBG 2026-10-07 10:36:35.020+02:00 Lookup query                               topics="kad-dht find" tid=1150721 peer=16U*28TTLb
[2026-10-07 10:36:35.021] [out] [delivery_module] DBG 2026-10-07 10:36:35.020+02:00 Lookup query                               topics="kad-dht find" tid=1150721 peer=16U*TwqBiH
[2026-10-07 10:36:35.021] [out] [delivery_module] DBG 2026-10-07 10:36:35.020+02:00 Lookup query                               topics="kad-dht find" tid=1150721 peer=16U*VpJprH
[2026-10-07 10:36:35.021] [out] [delivery_module] DBG 2026-10-07 10:36:35.020+02:00 Lookup query                               topics="kad-dht find" tid=1150721 peer=16U*T3UNSE
[2026-10-07 10:36:35.021] [out] [delivery_module] DBG 2026-10-07 10:36:35.020+02:00 Lookup query                               topics="kad-dht find" tid=1150721 peer=16U*P1S397
[2026-10-07 10:36:35.021] [out] [delivery_module] DBG 2026-10-07 10:36:35.020+02:00 Lookup query                               topics="kad-dht find" tid=1150721 peer=16U*CKtDKK
[2026-10-07 10:36:35.021] [out] [delivery_module] DBG 2026-10-07 10:36:35.020+02:00 Lookup query                               topics="kad-dht find" tid=1150721 peer=16U*kGyuEP
[2026-10-07 10:36:35.021] [out] [delivery_module] DBG 2026-10-07 10:36:35.020+02:00 Lookup query                               topics="kad-dht find" tid=1150721 peer=16U*yWaRuc
[2026-10-07 10:36:35.021] [out] [delivery_module] DBG 2026-10-07 10:36:35.020+02:00 Lookup query                               topics="kad-dht find" tid=1150721 peer=16U*VpJprH
[2026-10-07 10:36:35.021] [out] [delivery_module] DBG 2026-10-07 10:36:35.020+02:00 Lookup query                               topics="kad-dht find" tid=1150721 peer=16U*P1S397
[2026-10-07 10:36:35.021] [out] [delivery_module] DBG 2026-10-07 10:36:35.020+02:00 Lookup query                               topics="kad-dht find" tid=1150721 peer=16U*T3UNSE
[2026-10-07 10:36:35.021] [out] [delivery_module] DBG 2026-10-07 10:36:35.020+02:00 Lookup query                               topics="kad-dht find" tid=1150721 peer=16U*2FWeUS
[2026-10-07 10:36:35.021] [out] [delivery_module] DBG 2026-10-07 10:36:35.020+02:00 Lookup query                               topics="kad-dht find" tid=1150721 peer=16U*yWaRuc
[2026-10-07 10:36:35.021] [out] [delivery_module] DBG 2026-10-07 10:36:35.020+02:00 Lookup query                               topics="kad-dht find" tid=1150721 peer=16U*kGyuEP
[2026-10-07 10:36:35.021] [out] [delivery_module] DBG 2026-10-07 10:36:35.020+02:00 Lookup query                               topics="kad-dht find" tid=1150721 peer=16U*CKtDKK
[2026-10-07 10:36:35.021] [out] [delivery_module] DBG 2026-10-07 10:36:35.020+02:00 Lookup query                               topics="kad-dht find" tid=1150721 peer=16U*jQfE1X
[2026-10-07 10:36:35.021] [out] [delivery_module] DBG 2026-10-07 10:36:35.020+02:00 Lookup query                               topics="kad-dht find" tid=1150721 peer=16U*NSkuby
[2026-10-07 10:36:35.021] [out] [delivery_module] DBG 2026-10-07 10:36:35.020+02:00 Lookup query                               topics="kad-dht find" tid=1150721 peer=16U*TwqBiH
[2026-10-07 10:36:35.021] [out] [delivery_module] DBG 2026-10-07 10:36:35.021+02:00 Lookup query                               topics="kad-dht find" tid=1150721 peer=16U*CKtDKK
[2026-10-07 10:36:35.021] [out] [delivery_module] DBG 2026-10-07 10:36:35.021+02:00 Lookup query                               topics="kad-dht find" tid=1150721 peer=16U*kGyuEP
[2026-10-07 10:36:35.021] [out] [delivery_module] DBG 2026-10-07 10:36:35.021+02:00 Lookup query                               topics="kad-dht find" tid=1150721 peer=16U*2FWeUS
[2026-10-07 10:36:35.021] [out] [delivery_module] DBG 2026-10-07 10:36:35.021+02:00 Lookup query                               topics="kad-dht find" tid=1150721 peer=16U*yWaRuc
[2026-10-07 10:36:35.021] [out] [delivery_module] DBG 2026-10-07 10:36:35.021+02:00 Lookup query                               topics="kad-dht find" tid=1150721 peer=16U*VpJprH
[2026-10-07 10:36:35.021] [out] [delivery_module] DBG 2026-10-07 10:36:35.021+02:00 Lookup query                               topics="kad-dht find" tid=1150721 peer=16U*T3UNSE
[2026-10-07 10:36:35.021] [out] [delivery_module] DBG 2026-10-07 10:36:35.021+02:00 Lookup query                               topics="kad-dht find" tid=1150721 peer=16U*P1S397
[2026-10-07 10:36:35.021] [out] [delivery_module] DBG 2026-10-07 10:36:35.021+02:00 Lookup query                               topics="kad-dht find" tid=1150721 peer=16U*28TTLb
[2026-10-07 10:36:35.021] [out] [delivery_module] DBG 2026-10-07 10:36:35.021+02:00 Lookup query                               topics="kad-dht find" tid=1150721 peer=16U*TwqBiH
[2026-10-07 10:36:35.021] [out] [delivery_module] DBG 2026-10-07 10:36:35.021+02:00 Lookup query                               topics="kad-dht find" tid=1150721 peer=16U*NSkuby
[2026-10-07 10:36:35.021] [out] [delivery_module] DBG 2026-10-07 10:36:35.021+02:00 Lookup query                               topics="kad-dht find" tid=1150721 peer=16U*kGyuEP
[2026-10-07 10:36:35.021] [out] [delivery_module] DBG 2026-10-07 10:36:35.021+02:00 Lookup query                               topics="kad-dht find" tid=1150721 peer=16U*yWaRuc
[2026-10-07 10:36:35.022] [out] [delivery_module] DBG 2026-10-07 10:36:35.021+02:00 Lookup query                               topics="kad-dht find" tid=1150721 peer=16U*2FWeUS
[2026-10-07 10:36:35.022] [out] [delivery_module] DBG 2026-10-07 10:36:35.021+02:00 Lookup query                               topics="kad-dht find" tid=1150721 peer=16U*CKtDKK
[2026-10-07 10:36:35.022] [out] [delivery_module] DBG 2026-10-07 10:36:35.021+02:00 Lookup query                               topics="kad-dht find" tid=1150721 peer=16U*T3UNSE
[2026-10-07 10:36:35.022] [out] [delivery_module] DBG 2026-10-07 10:36:35.021+02:00 Lookup query                               topics="kad-dht find" tid=1150721 peer=16U*P1S397
[2026-10-07 10:36:35.022] [out] [delivery_module] DBG 2026-10-07 10:36:35.021+02:00 Lookup query                               topics="kad-dht find" tid=1150721 peer=16U*VpJprH
[2026-10-07 10:36:35.022] [out] [delivery_module] DBG 2026-10-07 10:36:35.021+02:00 Lookup query                               topics="kad-dht find" tid=1150721 peer=16U*TwqBiH
[2026-10-07 10:36:35.022] [out] [delivery_module] DBG 2026-10-07 10:36:35.021+02:00 Lookup query                               topics="kad-dht find" tid=1150721 peer=16U*28TTLb
[2026-10-07 10:36:35.022] [out] [delivery_module] DBG 2026-10-07 10:36:35.021+02:00 Lookup query                               topics="kad-dht find" tid=1150721 peer=16U*NSkuby
[2026-10-07 10:36:35.023] [out] [delivery_module] DBG 2026-10-07 10:36:35.022+02:00 Got PutValue reply                         topics="kad-dht put" tid=1150721 msg="(msgType: ok(putValue), key: ok(@[0, 37, 8, 2, 18, 33, 3, 60, 25, 252, 94, 224, 20, 24, 241, 117, 59, 71, 105, 141, 250, 34, 53, 65, 202, 136, 18, 15, 209, 76, 223, 96, 195, 243, 121, 62, 80, 253, 100]), record: ok((key: ok(@[0, 37, 8, 2, 18, 33, 3, 60, 25, 252, 94, 224, 20, 24, 241, 117, 59, 71, 105, 141, 250, 34, 53, 65, 202, 136, 18, 15, 209, 76, 223, 96, 195, 243, 121, 62, 80, 253, 100]), value: ok(@[10, 37, 8, 2, 18, 33, 3, 60, 25, 252, 94, 224, 20, 24, 241, 117, 59, 71, 105, 141, 250, 34, 53, 65, 202, 136, 18, 15, 209, 76, 223, 96, 195, 243, 121, 62, 80, 253, 100, 18, 2, 3, 1, 26, 72, 10, 39, 0, 37, 8, 2, 18, 33, 3, 60, 25, 252, 94, 224, 20, 24, 241, 117, 59, 71, 105, 141, 250, 34, 53, 65, 202, 136, 18, 15, 209, 76, 223, 96, 195, 243, 121, 62, 80, 253, 100, 16, 235, 172, 1, 26, 10, 10, 8, 4, 172, 16, 34, 89, 6, 200, 18, 26, 13, 10, 11, 4, 172, 16, 34, 89, 145, 2, 196, 163, 205, 3, 42, 71, 48, 69, 2, 33, 0, 220, 28, 183, 233, 153, 241, 238, 215, 20, 204, 35, 193, 71, 79, 91, 177, 86, 163, 28, 176, 62, 136, 114, 175, 190, 25, 117, 39, 245, 14, 232, 223, 2, 32, 37, 236, 57, 196, 76, 124, 145, 176, 200, 149, 48, 140, 182, 224, 79, 32, 99, 213, 248, 175, 57, 217, 165, 129, 19, 68, 148, 224, 232, 22, 200, 30]), timeReceived: none())), closerPeers: [], providerPeers: [], providerStatus: none(), register: none(), getAds: none())" reply="(msgType: ok(putValue), key: ok(@[0, 37, 8, 2, 18, 33, 3, 60, 25, 252, 94, 224, 20, 24, 241, 117, 59, 71, 105, 141, 250, 34, 53, 65, 202, 136, 18, 15, 209, 76, 223, 96, 195, 243, 121, 62, 80, 253, 100]), record: ok((key: ok(@[0, 37, 8, 2, 18, 33, 3, 60, 25, 252, 94, 224, 20, 24, 241, 117, 59, 71, 105, 141, 250, 34, 53, 65, 202, 136, 18, 15, 209, 76, 223, 96, 195, 243, 121, 62, 80, 253, 100]), value: ok(@[10, 37, 8, 2, 18, 33, 3, 60, 25, 252, 94, 224, 20, 24, 241, 117, 59, 71, 105, 141, 250, 34, 53, 65, 202, 136, 18, 15, 209, 76, 223, 96, 195, 243, 121, 62, 80, 253, 100, 18, 2, 3, 1, 26, 72, 10, 39, 0, 37, 8, 2, 18, 33, 3, 60, 25, 252, 94, 224, 20, 24, 241, 117, 59, 71, 105, 141, 250, 34, 53, 65, 202, 136, 18, 15, 209, 76, 223, 96, 195, 243, 121, 62, 80, 253, 100, 16, 235, 172, 1, 26, 10, 10, 8, 4, 172, 16, 34, 89, 6, 200, 18, 26, 13, 10, 11, 4, 172, 16, 34, 89, 145, 2, 196, 163, 205, 3, 42, 71, 48, 69, 2, 33, 0, 220, 28, 183, 233, 153, 241, 238, 215, 20, 204, 35, 193, 71, 79, 91, 177, 86, 163, 28, 176, 62, 136, 114, 175, 190, 25, 117, 39, 245, 14, 232, 223, 2, 32, 37, 236, 57, 196, 76, 124, 145, 176, 200, 149, 48, 140, 182, 224, 79, 32, 99, 213, 248, 175, 57, 217, 165, 129, 19, 68, 148, 224, 232, 22, 200, 30]), timeReceived: none())), closerPeers: [], providerPeers: [], providerStatus: none(), register: none(), getAds: none())" peer=16U*2FWeUS
[2026-10-07 10:36:35.023] [out] [delivery_module] DBG 2026-10-07 10:36:35.022+02:00 Got PutValue reply                         topics="kad-dht put" tid=1150721 msg="(msgType: ok(putValue), key: ok(@[0, 37, 8, 2, 18, 33, 3, 60, 25, 252, 94, 224, 20, 24, 241, 117, 59, 71, 105, 141, 250, 34, 53, 65, 202, 136, 18, 15, 209, 76, 223, 96, 195, 243, 121, 62, 80, 253, 100]), record: ok((key: ok(@[0, 37, 8, 2, 18, 33, 3, 60, 25, 252, 94, 224, 20, 24, 241, 117, 59, 71, 105, 141, 250, 34, 53, 65, 202, 136, 18, 15, 209, 76, 223, 96, 195, 243, 121, 62, 80, 253, 100]), value: ok(@[10, 37, 8, 2, 18, 33, 3, 60, 25, 252, 94, 224, 20, 24, 241, 117, 59, 71, 105, 141, 250, 34, 53, 65, 202, 136, 18, 15, 209, 76, 223, 96, 195, 243, 121, 62, 80, 253, 100, 18, 2, 3, 1, 26, 72, 10, 39, 0, 37, 8, 2, 18, 33, 3, 60, 25, 252, 94, 224, 20, 24, 241, 117, 59, 71, 105, 141, 250, 34, 53, 65, 202, 136, 18, 15, 209, 76, 223, 96, 195, 243, 121, 62, 80, 253, 100, 16, 235, 172, 1, 26, 10, 10, 8, 4, 172, 16, 34, 89, 6, 200, 18, 26, 13, 10, 11, 4, 172, 16, 34, 89, 145, 2, 196, 163, 205, 3, 42, 71, 48, 69, 2, 33, 0, 220, 28, 183, 233, 153, 241, 238, 215, 20, 204, 35, 193, 71, 79, 91, 177, 86, 163, 28, 176, 62, 136, 114, 175, 190, 25, 117, 39, 245, 14, 232, 223, 2, 32, 37, 236, 57, 196, 76, 124, 145, 176, 200, 149, 48, 140, 182, 224, 79, 32, 99, 213, 248, 175, 57, 217, 165, 129, 19, 68, 148, 224, 232, 22, 200, 30]), timeReceived: none())), closerPeers: [], providerPeers: [], providerStatus: none(), register: none(), getAds: none())" reply="(msgType: ok(putValue), key: ok(@[0, 37, 8, 2, 18, 33, 3, 60, 25, 252, 94, 224, 20, 24, 241, 117, 59, 71, 105, 141, 250, 34, 53, 65, 202, 136, 18, 15, 209, 76, 223, 96, 195, 243, 121, 62, 80, 253, 100]), record: ok((key: ok(@[0, 37, 8, 2, 18, 33, 3, 60, 25, 252, 94, 224, 20, 24, 241, 117, 59, 71, 105, 141, 250, 34, 53, 65, 202, 136, 18, 15, 209, 76, 223, 96, 195, 243, 121, 62, 80, 253, 100]), value: ok(@[10, 37, 8, 2, 18, 33, 3, 60, 25, 252, 94, 224, 20, 24, 241, 117, 59, 71, 105, 141, 250, 34, 53, 65, 202, 136, 18, 15, 209, 76, 223, 96, 195, 243, 121, 62, 80, 253, 100, 18, 2, 3, 1, 26, 72, 10, 39, 0, 37, 8, 2, 18, 33, 3, 60, 25, 252, 94, 224, 20, 24, 241, 117, 59, 71, 105, 141, 250, 34, 53, 65, 202, 136, 18, 15, 209, 76, 223, 96, 195, 243, 121, 62, 80, 253, 100, 16, 235, 172, 1, 26, 10, 10, 8, 4, 172, 16, 34, 89, 6, 200, 18, 26, 13, 10, 11, 4, 172, 16, 34, 89, 145, 2, 196, 163, 205, 3, 42, 71, 48, 69, 2, 33, 0, 220, 28, 183, 233, 153, 241, 238, 215, 20, 204, 35, 193, 71, 79, 91, 177, 86, 163, 28, 176, 62, 136, 114, 175, 190, 25, 117, 39, 245, 14, 232, 223, 2, 32, 37, 236, 57, 196, 76, 124, 145, 176, 200, 149, 48, 140, 182, 224, 79, 32, 99, 213, 248, 175, 57, 217, 165, 129, 19, 68, 148, 224, 232, 22, 200, 30]), timeReceived: none())), closerPeers: [], providerPeers: [], providerStatus: none(), register: none(), getAds: none())" peer=16U*28TTLb
[2026-10-07 10:36:35.024] [out] [delivery_module] DBG 2026-10-07 10:36:35.022+02:00 Got PutValue reply                         topics="kad-dht put" tid=1150721 msg="(msgType: ok(putValue), key: ok(@[0, 37, 8, 2, 18, 33, 3, 60, 25, 252, 94, 224, 20, 24, 241, 117, 59, 71, 105, 141, 250, 34, 53, 65, 202, 136, 18, 15, 209, 76, 223, 96, 195, 243, 121, 62, 80, 253, 100]), record: ok((key: ok(@[0, 37, 8, 2, 18, 33, 3, 60, 25, 252, 94, 224, 20, 24, 241, 117, 59, 71, 105, 141, 250, 34, 53, 65, 202, 136, 18, 15, 209, 76, 223, 96, 195, 243, 121, 62, 80, 253, 100]), value: ok(@[10, 37, 8, 2, 18, 33, 3, 60, 25, 252, 94, 224, 20, 24, 241, 117, 59, 71, 105, 141, 250, 34, 53, 65, 202, 136, 18, 15, 209, 76, 223, 96, 195, 243, 121, 62, 80, 253, 100, 18, 2, 3, 1, 26, 72, 10, 39, 0, 37, 8, 2, 18, 33, 3, 60, 25, 252, 94, 224, 20, 24, 241, 117, 59, 71, 105, 141, 250, 34, 53, 65, 202, 136, 18, 15, 209, 76, 223, 96, 195, 243, 121, 62, 80, 253, 100, 16, 235, 172, 1, 26, 10, 10, 8, 4, 172, 16, 34, 89, 6, 200, 18, 26, 13, 10, 11, 4, 172, 16, 34, 89, 145, 2, 196, 163, 205, 3, 42, 71, 48, 69, 2, 33, 0, 220, 28, 183, 233, 153, 241, 238, 215, 20, 204, 35, 193, 71, 79, 91, 177, 86, 163, 28, 176, 62, 136, 114, 175, 190, 25, 117, 39, 245, 14, 232, 223, 2, 32, 37, 236, 57, 196, 76, 124, 145, 176, 200, 149, 48, 140, 182, 224, 79, 32, 99, 213, 248, 175, 57, 217, 165, 129, 19, 68, 148, 224, 232, 22, 200, 30]), timeReceived: none())), closerPeers: [], providerPeers: [], providerStatus: none(), register: none(), getAds: none())" reply="(msgType: ok(putValue), key: ok(@[0, 37, 8, 2, 18, 33, 3, 60, 25, 252, 94, 224, 20, 24, 241, 117, 59, 71, 105, 141, 250, 34, 53, 65, 202, 136, 18, 15, 209, 76, 223, 96, 195, 243, 121, 62, 80, 253, 100]), record: ok((key: ok(@[0, 37, 8, 2, 18, 33, 3, 60, 25, 252, 94, 224, 20, 24, 241, 117, 59, 71, 105, 141, 250, 34, 53, 65, 202, 136, 18, 15, 209, 76, 223, 96, 195, 243, 121, 62, 80, 253, 100]), value: ok(@[10, 37, 8, 2, 18, 33, 3, 60, 25, 252, 94, 224, 20, 24, 241, 117, 59, 71, 105, 141, 250, 34, 53, 65, 202, 136, 18, 15, 209, 76, 223, 96, 195, 243, 121, 62, 80, 253, 100, 18, 2, 3, 1, 26, 72, 10, 39, 0, 37, 8, 2, 18, 33, 3, 60, 25, 252, 94, 224, 20, 24, 241, 117, 59, 71, 105, 141, 250, 34, 53, 65, 202, 136, 18, 15, 209, 76, 223, 96, 195, 243, 121, 62, 80, 253, 100, 16, 235, 172, 1, 26, 10, 10, 8, 4, 172, 16, 34, 89, 6, 200, 18, 26, 13, 10, 11, 4, 172, 16, 34, 89, 145, 2, 196, 163, 205, 3, 42, 71, 48, 69, 2, 33, 0, 220, 28, 183, 233, 153, 241, 238, 215, 20, 204, 35, 193, 71, 79, 91, 177, 86, 163, 28, 176, 62, 136, 114, 175, 190, 25, 117, 39, 245, 14, 232, 223, 2, 32, 37, 236, 57, 196, 76, 124, 145, 176, 200, 149, 48, 140, 182, 224, 79, 32, 99, 213, 248, 175, 57, 217, 165, 129, 19, 68, 148, 224, 232, 22, 200, 30]), timeReceived: none())), closerPeers: [], providerPeers: [], providerStatus: none(), register: none(), getAds: none())" peer=16U*CKtDKK
[2026-10-07 10:36:35.024] [out] [delivery_module] DBG 2026-10-07 10:36:35.022+02:00 Got PutValue reply                         topics="kad-dht put" tid=1150721 msg="(msgType: ok(putValue), key: ok(@[0, 37, 8, 2, 18, 33, 3, 60, 25, 252, 94, 224, 20, 24, 241, 117, 59, 71, 105, 141, 250, 34, 53, 65, 202, 136, 18, 15, 209, 76, 223, 96, 195, 243, 121, 62, 80, 253, 100]), record: ok((key: ok(@[0, 37, 8, 2, 18, 33, 3, 60, 25, 252, 94, 224, 20, 24, 241, 117, 59, 71, 105, 141, 250, 34, 53, 65, 202, 136, 18, 15, 209, 76, 223, 96, 195, 243, 121, 62, 80, 253, 100]), value: ok(@[10, 37, 8, 2, 18, 33, 3, 60, 25, 252, 94, 224, 20, 24, 241, 117, 59, 71, 105, 141, 250, 34, 53, 65, 202, 136, 18, 15, 209, 76, 223, 96, 195, 243, 121, 62, 80, 253, 100, 18, 2, 3, 1, 26, 72, 10, 39, 0, 37, 8, 2, 18, 33, 3, 60, 25, 252, 94, 224, 20, 24, 241, 117, 59, 71, 105, 141, 250, 34, 53, 65, 202, 136, 18, 15, 209, 76, 223, 96, 195, 243, 121, 62, 80, 253, 100, 16, 235, 172, 1, 26, 10, 10, 8, 4, 172, 16, 34, 89, 6, 200, 18, 26, 13, 10, 11, 4, 172, 16, 34, 89, 145, 2, 196, 163, 205, 3, 42, 71, 48, 69, 2, 33, 0, 220, 28, 183, 233, 153, 241, 238, 215, 20, 204, 35, 193, 71, 79, 91, 177, 86, 163, 28, 176, 62, 136, 114, 175, 190, 25, 117, 39, 245, 14, 232, 223, 2, 32, 37, 236, 57, 196, 76, 124, 145, 176, 200, 149, 48, 140, 182, 224, 79, 32, 99, 213, 248, 175, 57, 217, 165, 129, 19, 68, 148, 224, 232, 22, 200, 30]), timeReceived: none())), closerPeers: [], providerPeers: [], providerStatus: none(), register: none(), getAds: none())" reply="(msgType: ok(putValue), key: ok(@[0, 37, 8, 2, 18, 33, 3, 60, 25, 252, 94, 224, 20, 24, 241, 117, 59, 71, 105, 141, 250, 34, 53, 65, 202, 136, 18, 15, 209, 76, 223, 96, 195, 243, 121, 62, 80, 253, 100]), record: ok((key: ok(@[0, 37, 8, 2, 18, 33, 3, 60, 25, 252, 94, 224, 20, 24, 241, 117, 59, 71, 105, 141, 250, 34, 53, 65, 202, 136, 18, 15, 209, 76, 223, 96, 195, 243, 121, 62, 80, 253, 100]), value: ok(@[10, 37, 8, 2, 18, 33, 3, 60, 25, 252, 94, 224, 20, 24, 241, 117, 59, 71, 105, 141, 250, 34, 53, 65, 202, 136, 18, 15, 209, 76, 223, 96, 195, 243, 121, 62, 80, 253, 100, 18, 2, 3, 1, 26, 72, 10, 39, 0, 37, 8, 2, 18, 33, 3, 60, 25, 252, 94, 224, 20, 24, 241, 117, 59, 71, 105, 141, 250, 34, 53, 65, 202, 136, 18, 15, 209, 76, 223, 96, 195, 243, 121, 62, 80, 253, 100, 16, 235, 172, 1, 26, 10, 10, 8, 4, 172, 16, 34, 89, 6, 200, 18, 26, 13, 10, 11, 4, 172, 16, 34, 89, 145, 2, 196, 163, 205, 3, 42, 71, 48, 69, 2, 33, 0, 220, 28, 183, 233, 153, 241, 238, 215, 20, 204, 35, 193, 71, 79, 91, 177, 86, 163, 28, 176, 62, 136, 114, 175, 190, 25, 117, 39, 245, 14, 232, 223, 2, 32, 37, 236, 57, 196, 76, 124, 145, 176, 200, 149, 48, 140, 182, 224, 79, 32, 99, 213, 248, 175, 57, 217, 165, 129, 19, 68, 148, 224, 232, 22, 200, 30]), timeReceived: none())), closerPeers: [], providerPeers: [], providerStatus: none(), register: none(), getAds: none())" peer=16U*jQfE1X
[2026-10-07 10:36:35.024] [out] [delivery_module] DBG 2026-10-07 10:36:35.023+02:00 Got PutValue reply                         topics="kad-dht put" tid=1150721 msg="(msgType: ok(putValue), key: ok(@[0, 37, 8, 2, 18, 33, 3, 60, 25, 252, 94, 224, 20, 24, 241, 117, 59, 71, 105, 141, 250, 34, 53, 65, 202, 136, 18, 15, 209, 76, 223, 96, 195, 243, 121, 62, 80, 253, 100]), record: ok((key: ok(@[0, 37, 8, 2, 18, 33, 3, 60, 25, 252, 94, 224, 20, 24, 241, 117, 59, 71, 105, 141, 250, 34, 53, 65, 202, 136, 18, 15, 209, 76, 223, 96, 195, 243, 121, 62, 80, 253, 100]), value: ok(@[10, 37, 8, 2, 18, 33, 3, 60, 25, 252, 94, 224, 20, 24, 241, 117, 59, 71, 105, 141, 250, 34, 53, 65, 202, 136, 18, 15, 209, 76, 223, 96, 195, 243, 121, 62, 80, 253, 100, 18, 2, 3, 1, 26, 72, 10, 39, 0, 37, 8, 2, 18, 33, 3, 60, 25, 252, 94, 224, 20, 24, 241, 117, 59, 71, 105, 141, 250, 34, 53, 65, 202, 136, 18, 15, 209, 76, 223, 96, 195, 243, 121, 62, 80, 253, 100, 16, 235, 172, 1, 26, 10, 10, 8, 4, 172, 16, 34, 89, 6, 200, 18, 26, 13, 10, 11, 4, 172, 16, 34, 89, 145, 2, 196, 163, 205, 3, 42, 71, 48, 69, 2, 33, 0, 220, 28, 183, 233, 153, 241, 238, 215, 20, 204, 35, 193, 71, 79, 91, 177, 86, 163, 28, 176, 62, 136, 114, 175, 190, 25, 117, 39, 245, 14, 232, 223, 2, 32, 37, 236, 57, 196, 76, 124, 145, 176, 200, 149, 48, 140, 182, 224, 79, 32, 99, 213, 248, 175, 57, 217, 165, 129, 19, 68, 148, 224, 232, 22, 200, 30]), timeReceived: none())), closerPeers: [], providerPeers: [], providerStatus: none(), register: none(), getAds: none())" reply="(msgType: ok(putValue), key: ok(@[0, 37, 8, 2, 18, 33, 3, 60, 25, 252, 94, 224, 20, 24, 241, 117, 59, 71, 105, 141, 250, 34, 53, 65, 202, 136, 18, 15, 209, 76, 223, 96, 195, 243, 121, 62, 80, 253, 100]), record: ok((key: ok(@[0, 37, 8, 2, 18, 33, 3, 60, 25, 252, 94, 224, 20, 24, 241, 117, 59, 71, 105, 141, 250, 34, 53, 65, 202, 136, 18, 15, 209, 76, 223, 96, 195, 243, 121, 62, 80, 253, 100]), value: ok(@[10, 37, 8, 2, 18, 33, 3, 60, 25, 252, 94, 224, 20, 24, 241, 117, 59, 71, 105, 141, 250, 34, 53, 65, 202, 136, 18, 15, 209, 76, 223, 96, 195, 243, 121, 62, 80, 253, 100, 18, 2, 3, 1, 26, 72, 10, 39, 0, 37, 8, 2, 18, 33, 3, 60, 25, 252, 94, 224, 20, 24, 241, 117, 59, 71, 105, 141, 250, 34, 53, 65, 202, 136, 18, 15, 209, 76, 223, 96, 195, 243, 121, 62, 80, 253, 100, 16, 235, 172, 1, 26, 10, 10, 8, 4, 172, 16, 34, 89, 6, 200, 18, 26, 13, 10, 11, 4, 172, 16, 34, 89, 145, 2, 196, 163, 205, 3, 42, 71, 48, 69, 2, 33, 0, 220, 28, 183, 233, 153, 241, 238, 215, 20, 204, 35, 193, 71, 79, 91, 177, 86, 163, 28, 176, 62, 136, 114, 175, 190, 25, 117, 39, 245, 14, 232, 223, 2, 32, 37, 236, 57, 196, 76, 124, 145, 176, 200, 149, 48, 140, 182, 224, 79, 32, 99, 213, 248, 175, 57, 217, 165, 129, 19, 68, 148, 224, 232, 22, 200, 30]), timeReceived: none())), closerPeers: [], providerPeers: [], providerStatus: none(), register: none(), getAds: none())" peer=16U*P1S397
[2026-10-07 10:36:35.029] [out] [delivery_module] DBG 2026-10-07 10:36:35.028+02:00 Lookup query                               topics="kad-dht find" tid=1150721 peer=16U*jqCixh
[2026-10-07 10:36:35.038] [out] [delivery_module] DBG 2026-10-07 10:36:35.037+02:00 Lookup query                               topics="kad-dht find" tid=1150721 peer=16U*jqCixh
[2026-10-07 10:36:35.044] [out] [delivery_module] DBG 2026-10-07 10:36:35.044+02:00 Lookup query                               topics="kad-dht find" tid=1150721 peer=16U*jqCixh
[2026-10-07 10:36:35.055] [out] [delivery_module] DBG 2026-10-07 10:36:35.054+02:00 Lookup query                               topics="kad-dht find" tid=1150721 peer=16U*jqCixh
[2026-10-07 10:36:35.065] [out] [delivery_module] DBG 2026-10-07 10:36:35.064+02:00 Lookup query                               topics="kad-dht find" tid=1150721 peer=16U*7ZEp3L
[2026-10-07 10:36:35.065] [out] [delivery_module] DBG 2026-10-07 10:36:35.064+02:00 Lookup query                               topics="kad-dht find" tid=1150721 peer=16U*k3v1b3
[2026-10-07 10:36:35.117] [out] [delivery_module] DBG 2026-10-07 10:36:35.115+02:00 Lookup query                               topics="kad-dht find" tid=1150721 peer=16U*7ZEp3L
[2026-10-07 10:36:35.117] [out] [delivery_module] DBG 2026-10-07 10:36:35.115+02:00 Lookup query                               topics="kad-dht find" tid=1150721 peer=16U*k3v1b3
[2026-10-07 10:36:35.122] [out] [delivery_module] DBG 2026-10-07 10:36:35.121+02:00 Got PutValue reply                         topics="kad-dht put" tid=1150721 msg="(msgType: ok(putValue), key: ok(@[0, 37, 8, 2, 18, 33, 3, 60, 25, 252, 94, 224, 20, 24, 241, 117, 59, 71, 105, 141, 250, 34, 53, 65, 202, 136, 18, 15, 209, 76, 223, 96, 195, 243, 121, 62, 80, 253, 100]), record: ok((key: ok(@[0, 37, 8, 2, 18, 33, 3, 60, 25, 252, 94, 224, 20, 24, 241, 117, 59, 71, 105, 141, 250, 34, 53, 65, 202, 136, 18, 15, 209, 76, 223, 96, 195, 243, 121, 62, 80, 253, 100]), value: ok(@[10, 37, 8, 2, 18, 33, 3, 60, 25, 252, 94, 224, 20, 24, 241, 117, 59, 71, 105, 141, 250, 34, 53, 65, 202, 136, 18, 15, 209, 76, 223, 96, 195, 243, 121, 62, 80, 253, 100, 18, 2, 3, 1, 26, 72, 10, 39, 0, 37, 8, 2, 18, 33, 3, 60, 25, 252, 94, 224, 20, 24, 241, 117, 59, 71, 105, 141, 250, 34, 53, 65, 202, 136, 18, 15, 209, 76, 223, 96, 195, 243, 121, 62, 80, 253, 100, 16, 235, 172, 1, 26, 10, 10, 8, 4, 172, 16, 34, 89, 6, 200, 18, 26, 13, 10, 11, 4, 172, 16, 34, 89, 145, 2, 196, 163, 205, 3, 42, 71, 48, 69, 2, 33, 0, 220, 28, 183, 233, 153, 241, 238, 215, 20, 204, 35, 193, 71, 79, 91, 177, 86, 163, 28, 176, 62, 136, 114, 175, 190, 25, 117, 39, 245, 14, 232, 223, 2, 32, 37, 236, 57, 196, 76, 124, 145, 176, 200, 149, 48, 140, 182, 224, 79, 32, 99, 213, 248, 175, 57, 217, 165, 129, 19, 68, 148, 224, 232, 22, 200, 30]), timeReceived: none())), closerPeers: [], providerPeers: [], providerStatus: none(), register: none(), getAds: none())" reply="(msgType: ok(putValue), key: ok(@[0, 37, 8, 2, 18, 33, 3, 60, 25, 252, 94, 224, 20, 24, 241, 117, 59, 71, 105, 141, 250, 34, 53, 65, 202, 136, 18, 15, 209, 76, 223, 96, 195, 243, 121, 62, 80, 253, 100]), record: ok((key: ok(@[0, 37, 8, 2, 18, 33, 3, 60, 25, 252, 94, 224, 20, 24, 241, 117, 59, 71, 105, 141, 250, 34, 53, 65, 202, 136, 18, 15, 209, 76, 223, 96, 195, 243, 121, 62, 80, 253, 100]), value: ok(@[10, 37, 8, 2, 18, 33, 3, 60, 25, 252, 94, 224, 20, 24, 241, 117, 59, 71, 105, 141, 250, 34, 53, 65, 202, 136, 18, 15, 209, 76, 223, 96, 195, 243, 121, 62, 80, 253, 100, 18, 2, 3, 1, 26, 72, 10, 39, 0, 37, 8, 2, 18, 33, 3, 60, 25, 252, 94, 224, 20, 24, 241, 117, 59, 71, 105, 141, 250, 34, 53, 65, 202, 136, 18, 15, 209, 76, 223, 96, 195, 243, 121, 62, 80, 253, 100, 16, 235, 172, 1, 26, 10, 10, 8, 4, 172, 16, 34, 89, 6, 200, 18, 26, 13, 10, 11, 4, 172, 16, 34, 89, 145, 2, 196, 163, 205, 3, 42, 71, 48, 69, 2, 33, 0, 220, 28, 183, 233, 153, 241, 238, 215, 20, 204, 35, 193, 71, 79, 91, 177, 86, 163, 28, 176, 62, 136, 114, 175, 190, 25, 117, 39, 245, 14, 232, 223, 2, 32, 37, 236, 57, 196, 76, 124, 145, 176, 200, 149, 48, 140, 182, 224, 79, 32, 99, 213, 248, 175, 57, 217, 165, 129, 19, 68, 148, 224, 232, 22, 200, 30]), timeReceived: none())), closerPeers: [], providerPeers: [], providerStatus: none(), register: none(), getAds: none())" peer=16U*kGyuEP
[2026-10-07 10:36:35.129] [out] [delivery_module] DBG 2026-10-07 10:36:35.127+02:00 Got PutValue reply                         topics="kad-dht put" tid=1150721 msg="(msgType: ok(putValue), key: ok(@[0, 37, 8, 2, 18, 33, 3, 60, 25, 252, 94, 224, 20, 24, 241, 117, 59, 71, 105, 141, 250, 34, 53, 65, 202, 136, 18, 15, 209, 76, 223, 96, 195, 243, 121, 62, 80, 253, 100]), record: ok((key: ok(@[0, 37, 8, 2, 18, 33, 3, 60, 25, 252, 94, 224, 20, 24, 241, 117, 59, 71, 105, 141, 250, 34, 53, 65, 202, 136, 18, 15, 209, 76, 223, 96, 195, 243, 121, 62, 80, 253, 100]), value: ok(@[10, 37, 8, 2, 18, 33, 3, 60, 25, 252, 94, 224, 20, 24, 241, 117, 59, 71, 105, 141, 250, 34, 53, 65, 202, 136, 18, 15, 209, 76, 223, 96, 195, 243, 121, 62, 80, 253, 100, 18, 2, 3, 1, 26, 72, 10, 39, 0, 37, 8, 2, 18, 33, 3, 60, 25, 252, 94, 224, 20, 24, 241, 117, 59, 71, 105, 141, 250, 34, 53, 65, 202, 136, 18, 15, 209, 76, 223, 96, 195, 243, 121, 62, 80, 253, 100, 16, 235, 172, 1, 26, 10, 10, 8, 4, 172, 16, 34, 89, 6, 200, 18, 26, 13, 10, 11, 4, 172, 16, 34, 89, 145, 2, 196, 163, 205, 3, 42, 71, 48, 69, 2, 33, 0, 220, 28, 183, 233, 153, 241, 238, 215, 20, 204, 35, 193, 71, 79, 91, 177, 86, 163, 28, 176, 62, 136, 114, 175, 190, 25, 117, 39, 245, 14, 232, 223, 2, 32, 37, 236, 57, 196, 76, 124, 145, 176, 200, 149, 48, 140, 182, 224, 79, 32, 99, 213, 248, 175, 57, 217, 165, 129, 19, 68, 148, 224, 232, 22, 200, 30]), timeReceived: none())), closerPeers: [], providerPeers: [], providerStatus: none(), register: none(), getAds: none())" reply="(msgType: ok(putValue), key: ok(@[0, 37, 8, 2, 18, 33, 3, 60, 25, 252, 94, 224, 20, 24, 241, 117, 59, 71, 105, 141, 250, 34, 53, 65, 202, 136, 18, 15, 209, 76, 223, 96, 195, 243, 121, 62, 80, 253, 100]), record: ok((key: ok(@[0, 37, 8, 2, 18, 33, 3, 60, 25, 252, 94, 224, 20, 24, 241, 117, 59, 71, 105, 141, 250, 34, 53, 65, 202, 136, 18, 15, 209, 76, 223, 96, 195, 243, 121, 62, 80, 253, 100]), value: ok(@[10, 37, 8, 2, 18, 33, 3, 60, 25, 252, 94, 224, 20, 24, 241, 117, 59, 71, 105, 141, 250, 34, 53, 65, 202, 136, 18, 15, 209, 76, 223, 96, 195, 243, 121, 62, 80, 253, 100, 18, 2, 3, 1, 26, 72, 10, 39, 0, 37, 8, 2, 18, 33, 3, 60, 25, 252, 94, 224, 20, 24, 241, 117, 59, 71, 105, 141, 250, 34, 53, 65, 202, 136, 18, 15, 209, 76, 223, 96, 195, 243, 121, 62, 80, 253, 100, 16, 235, 172, 1, 26, 10, 10, 8, 4, 172, 16, 34, 89, 6, 200, 18, 26, 13, 10, 11, 4, 172, 16, 34, 89, 145, 2, 196, 163, 205, 3, 42, 71, 48, 69, 2, 33, 0, 220, 28, 183, 233, 153, 241, 238, 215, 20, 204, 35, 193, 71, 79, 91, 177, 86, 163, 28, 176, 62, 136, 114, 175, 190, 25, 117, 39, 245, 14, 232, 223, 2, 32, 37, 236, 57, 196, 76, 124, 145, 176, 200, 149, 48, 140, 182, 224, 79, 32, 99, 213, 248, 175, 57, 217, 165, 129, 19, 68, 148, 224, 232, 22, 200, 30]), timeReceived: none())), closerPeers: [], providerPeers: [], providerStatus: none(), register: none(), getAds: none())" peer=16U*T3UNSE
[2026-10-07 10:36:35.232] [out] [delivery_module] DBG 2026-10-07 10:36:35.232+02:00 Lookup query                               topics="kad-dht find" tid=1150721 peer=16U*k3v1b3
[2026-10-07 10:36:35.232] [out] [delivery_module] DBG 2026-10-07 10:36:35.232+02:00 Lookup query                               topics="kad-dht find" tid=1150721 peer=16U*7ZEp3L
[2026-10-07 10:36:35.242] [out] [delivery_module] DBG 2026-10-07 10:36:35.241+02:00 Lookup query                               topics="kad-dht find" tid=1150721 peer=16U*M2e2Us
[2026-10-07 10:36:35.242] [out] [delivery_module] DBG 2026-10-07 10:36:35.241+02:00 Lookup query                               topics="kad-dht find" tid=1150721 peer=16U*JuCbPs
[2026-10-07 10:36:35.242] [out] [delivery_module] DBG 2026-10-07 10:36:35.241+02:00 Lookup query                               topics="kad-dht find" tid=1150721 peer=16U*qTrp93
[2026-10-07 10:36:35.242] [out] [delivery_module] DBG 2026-10-07 10:36:35.241+02:00 Lookup query                               topics="kad-dht find" tid=1150721 peer=16U*2FWeUS
[2026-10-07 10:36:35.242] [out] [delivery_module] DBG 2026-10-07 10:36:35.241+02:00 Lookup query                               topics="kad-dht find" tid=1150721 peer=16U*baEE4m
[2026-10-07 10:36:35.248] [out] [delivery_module] DBG 2026-10-07 10:36:35.248+02:00 Lookup query                               topics="kad-dht find" tid=1150721 peer=16U*JuCbPs
[2026-10-07 10:36:35.265] [out] [delivery_module] DBG 2026-10-07 10:36:35.265+02:00 Lookup query                               topics="kad-dht find" tid=1150721 peer=16U*k3v1b3
[2026-10-07 10:36:35.268] [out] [delivery_module] DBG 2026-10-07 10:36:35.268+02:00 Lookup query                               topics="kad-dht find" tid=1150721 peer=16U*7ZEp3L
[2026-10-07 10:36:35.270] [out] [delivery_module] DBG 2026-10-07 10:36:35.270+02:00 Kad lookup: RPC error                      topics="kad-dht find" tid=1150721 peer=16U*JuCbPs msg="dialStage: timed out dialing the peer"
[2026-10-07 10:36:35.270] [out] [delivery_module] DBG 2026-10-07 10:36:35.270+02:00 Kad lookup: RPC error                      topics="kad-dht find" tid=1150721 peer=16U*qTrp93 msg="dialStage: timed out dialing the peer"
[2026-10-07 10:36:35.270] [out] [delivery_module] DBG 2026-10-07 10:36:35.270+02:00 Kad lookup: RPC error                      topics="kad-dht find" tid=1150721 peer=16U*baEE4m msg="dialStage: timed out dialing the peer"
[2026-10-07 10:36:35.270] [out] [delivery_module] DBG 2026-10-07 10:36:35.270+02:00 Kad lookup: RPC error                      topics="kad-dht find" tid=1150721 peer=16U*M2e2Us msg="dialStage: timed out dialing the peer"
[2026-10-07 10:36:35.272] [out] [delivery_module] DBG 2026-10-07 10:36:35.272+02:00 Lookup query                               topics="kad-dht find" tid=1150721 peer=16U*jQfE1X
[2026-10-07 10:36:35.272] [out] [delivery_module] DBG 2026-10-07 10:36:35.272+02:00 Lookup query                               topics="kad-dht find" tid=1150721 peer=16U*NSkuby
[2026-10-07 10:36:35.272] [out] [delivery_module] DBG 2026-10-07 10:36:35.272+02:00 Lookup query                               topics="kad-dht find" tid=1150721 peer=16U*28TTLb
[2026-10-07 10:36:35.272] [out] [delivery_module] DBG 2026-10-07 10:36:35.272+02:00 Lookup query                               topics="kad-dht find" tid=1150721 peer=16U*TwqBiH
[2026-10-07 10:36:35.272] [out] [delivery_module] DBG 2026-10-07 10:36:35.272+02:00 Lookup query                               topics="kad-dht find" tid=1150721 peer=16U*VpJprH
[2026-10-07 10:36:35.273] [out] [delivery_module] DBG 2026-10-07 10:36:35.273+02:00 Lookup query                               topics="kad-dht find" tid=1150721 peer=16U*P1S397
[2026-10-07 10:36:35.273] [out] [delivery_module] DBG 2026-10-07 10:36:35.273+02:00 Lookup query                               topics="kad-dht find" tid=1150721 peer=16U*T3UNSE
[2026-10-07 10:36:35.273] [out] [delivery_module] DBG 2026-10-07 10:36:35.273+02:00 Lookup query                               topics="kad-dht find" tid=1150721 peer=16U*CKtDKK
[2026-10-07 10:36:35.273] [out] [delivery_module] DBG 2026-10-07 10:36:35.273+02:00 Lookup query                               topics="kad-dht find" tid=1150721 peer=16U*yWaRuc
[2026-10-07 10:36:35.273] [out] [delivery_module] DBG 2026-10-07 10:36:35.273+02:00 Lookup query                               topics="kad-dht find" tid=1150721 peer=16U*2FWeUS
[2026-10-07 10:36:35.273] [out] [delivery_module] DBG 2026-10-07 10:36:35.273+02:00 Lookup query                               topics="kad-dht find" tid=1150721 peer=16U*CKtDKK
[2026-10-07 10:36:35.273] [out] [delivery_module] DBG 2026-10-07 10:36:35.273+02:00 Lookup query                               topics="kad-dht find" tid=1150721 peer=16U*yWaRuc
[2026-10-07 10:36:35.273] [out] [delivery_module] DBG 2026-10-07 10:36:35.273+02:00 Lookup query                               topics="kad-dht find" tid=1150721 peer=16U*2FWeUS
[2026-10-07 10:36:35.273] [out] [delivery_module] DBG 2026-10-07 10:36:35.273+02:00 Lookup query                               topics="kad-dht find" tid=1150721 peer=16U*kGyuEP
[2026-10-07 10:36:35.274] [out] [delivery_module] DBG 2026-10-07 10:36:35.274+02:00 Lookup query                               topics="kad-dht find" tid=1150721 peer=16U*P1S397
[2026-10-07 10:36:35.274] [out] [delivery_module] DBG 2026-10-07 10:36:35.274+02:00 Lookup query                               topics="kad-dht find" tid=1150721 peer=16U*T3UNSE
[2026-10-07 10:36:35.274] [out] [delivery_module] DBG 2026-10-07 10:36:35.274+02:00 Lookup query                               topics="kad-dht find" tid=1150721 peer=16U*VpJprH
[2026-10-07 10:36:35.274] [out] [delivery_module] DBG 2026-10-07 10:36:35.274+02:00 Lookup query                               topics="kad-dht find" tid=1150721 peer=16U*28TTLb
[2026-10-07 10:36:35.274] [out] [delivery_module] DBG 2026-10-07 10:36:35.274+02:00 Lookup query                               topics="kad-dht find" tid=1150721 peer=16U*TwqBiH
[2026-10-07 10:36:35.274] [out] [delivery_module] DBG 2026-10-07 10:36:35.274+02:00 Lookup query                               topics="kad-dht find" tid=1150721 peer=16U*jQfE1X
[2026-10-07 10:36:35.274] [out] [delivery_module] DBG 2026-10-07 10:36:35.274+02:00 Lookup query                               topics="kad-dht find" tid=1150721 peer=16U*VpJprH
[2026-10-07 10:36:35.274] [out] [delivery_module] DBG 2026-10-07 10:36:35.274+02:00 Lookup query                               topics="kad-dht find" tid=1150721 peer=16U*P1S397
[2026-10-07 10:36:35.274] [out] [delivery_module] DBG 2026-10-07 10:36:35.274+02:00 Lookup query                               topics="kad-dht find" tid=1150721 peer=16U*T3UNSE
[2026-10-07 10:36:35.274] [out] [delivery_module] DBG 2026-10-07 10:36:35.274+02:00 Lookup query                               topics="kad-dht find" tid=1150721 peer=16U*CKtDKK
[2026-10-07 10:36:35.274] [out] [delivery_module] DBG 2026-10-07 10:36:35.274+02:00 Lookup query                               topics="kad-dht find" tid=1150721 peer=16U*yWaRuc
[2026-10-07 10:36:35.274] [out] [delivery_module] DBG 2026-10-07 10:36:35.274+02:00 Lookup query                               topics="kad-dht find" tid=1150721 peer=16U*2FWeUS
[2026-10-07 10:36:35.274] [out] [delivery_module] DBG 2026-10-07 10:36:35.274+02:00 Lookup query                               topics="kad-dht find" tid=1150721 peer=16U*kGyuEP
[2026-10-07 10:36:35.274] [out] [delivery_module] DBG 2026-10-07 10:36:35.274+02:00 Lookup query                               topics="kad-dht find" tid=1150721 peer=16U*jQfE1X
[2026-10-07 10:36:35.274] [out] [delivery_module] DBG 2026-10-07 10:36:35.274+02:00 Lookup query                               topics="kad-dht find" tid=1150721 peer=16U*NSkuby
[2026-10-07 10:36:35.274] [out] [delivery_module] DBG 2026-10-07 10:36:35.274+02:00 Lookup query                               topics="kad-dht find" tid=1150721 peer=16U*28TTLb
[2026-10-07 10:36:35.274] [out] [delivery_module] DBG 2026-10-07 10:36:35.274+02:00 Lookup query                               topics="kad-dht find" tid=1150721 peer=16U*P1S397
[2026-10-07 10:36:35.274] [out] [delivery_module] DBG 2026-10-07 10:36:35.274+02:00 Lookup query                               topics="kad-dht find" tid=1150721 peer=16U*T3UNSE
[2026-10-07 10:36:35.274] [out] [delivery_module] DBG 2026-10-07 10:36:35.274+02:00 Lookup query                               topics="kad-dht find" tid=1150721 peer=16U*VpJprH
[2026-10-07 10:36:35.274] [out] [delivery_module] DBG 2026-10-07 10:36:35.274+02:00 Lookup query                               topics="kad-dht find" tid=1150721 peer=16U*CKtDKK
[2026-10-07 10:36:35.274] [out] [delivery_module] DBG 2026-10-07 10:36:35.274+02:00 Lookup query                               topics="kad-dht find" tid=1150721 peer=16U*yWaRuc
[2026-10-07 10:36:35.274] [out] [delivery_module] DBG 2026-10-07 10:36:35.274+02:00 Lookup query                               topics="kad-dht find" tid=1150721 peer=16U*2FWeUS
[2026-10-07 10:36:35.274] [out] [delivery_module] DBG 2026-10-07 10:36:35.274+02:00 Lookup query                               topics="kad-dht find" tid=1150721 peer=16U*kGyuEP
[2026-10-07 10:36:35.274] [out] [delivery_module] DBG 2026-10-07 10:36:35.274+02:00 Lookup query                               topics="kad-dht find" tid=1150721 peer=16U*jQfE1X
[2026-10-07 10:36:35.274] [out] [delivery_module] DBG 2026-10-07 10:36:35.274+02:00 Lookup query                               topics="kad-dht find" tid=1150721 peer=16U*NSkuby
[2026-10-07 10:36:35.274] [out] [delivery_module] DBG 2026-10-07 10:36:35.274+02:00 Lookup query                               topics="kad-dht find" tid=1150721 peer=16U*28TTLb
[2026-10-07 10:36:35.280] [out] [delivery_module] DBG 2026-10-07 10:36:35.280+02:00 Lookup query                               topics="kad-dht find" tid=1150721 peer=16U*jqCixh
[2026-10-07 10:36:35.286] [out] [delivery_module] DBG 2026-10-07 10:36:35.286+02:00 Lookup query                               topics="kad-dht find" tid=1150721 peer=16U*jqCixh
[2026-10-07 10:36:35.302] [out] [delivery_module] DBG 2026-10-07 10:36:35.302+02:00 Lookup query                               topics="kad-dht find" tid=1150721 peer=16U*7ZEp3L
[2026-10-07 10:36:35.328] [out] [delivery_module] DBG 2026-10-07 10:36:35.328+02:00 Lookup query                               topics="kad-dht find" tid=1150721 peer=16U*k3v1b3
[2026-10-07 10:36:35.335] [out] [delivery_module] DBG 2026-10-07 10:36:35.335+02:00 Lookup query                               topics="kad-dht find" tid=1150721 peer=16U*k3v1b3
[2026-10-07 10:36:35.346] [out] [delivery_module] DBG 2026-10-07 10:36:35.346+02:00 Lookup query                               topics="kad-dht find" tid=1150721 peer=16U*TwqBiH
[2026-10-07 10:36:35.356] [out] [delivery_module] DBG 2026-10-07 10:36:35.356+02:00 Lookup query                               topics="kad-dht find" tid=1150721 peer=16U*baEE4m
[2026-10-07 10:36:35.365] [out] [delivery_module] DBG 2026-10-07 10:36:35.365+02:00 Lookup query                               topics="kad-dht find" tid=1150721 peer=16U*qTrp93
[2026-10-07 10:36:35.365] [out] [delivery_module] DBG 2026-10-07 10:36:35.365+02:00 Lookup query                               topics="kad-dht find" tid=1150721 peer=16U*M2e2Us
[2026-10-07 10:36:35.365] [out] [delivery_module] DBG 2026-10-07 10:36:35.365+02:00 Lookup query                               topics="kad-dht find" tid=1150721 peer=16U*28TTLb
[2026-10-07 10:36:35.382] [out] [delivery_module] DBG 2026-10-07 10:36:35.382+02:00 Lookup query                               topics="kad-dht find" tid=1150721 peer=16U*qTrp93
[2026-10-07 10:36:35.382] [out] [delivery_module] DBG 2026-10-07 10:36:35.382+02:00 Lookup query                               topics="kad-dht find" tid=1150721 peer=16U*baEE4m
[2026-10-07 10:36:35.390] [out] [delivery_module] DBG 2026-10-07 10:36:35.390+02:00 Lookup query                               topics="kad-dht find" tid=1150721 peer=16U*7ZEp3L
[2026-10-07 10:36:35.397] [out] [delivery_module] DBG 2026-10-07 10:36:35.397+02:00 Lookup query                               topics="kad-dht find" tid=1150721 peer=16U*TwqBiH
[2026-10-07 10:36:35.399] [out] [delivery_module] DBG 2026-10-07 10:36:35.399+02:00 Lookup query                               topics="kad-dht find" tid=1150721 peer=16U*k3v1b3
[2026-10-07 10:36:35.426] [out] [delivery_module] DBG 2026-10-07 10:36:35.426+02:00 Lookup query                               topics="kad-dht find" tid=1150721 peer=16U*7ZEp3L
[2026-10-07 10:36:35.479] [out] [delivery_module] DBG 2026-10-07 10:36:35.479+02:00 Lookup query                               topics="kad-dht find" tid=1150721 peer=16U*JuCbPs
[2026-10-07 10:36:35.495] [out] [delivery_module] DBG 2026-10-07 10:36:35.495+02:00 Lookup query                               topics="kad-dht find" tid=1150721 peer=16U*M2e2Us
[2026-10-07 10:36:35.506] [out] [delivery_module] DBG 2026-10-07 10:36:35.506+02:00 Lookup query                               topics="kad-dht find" tid=1150721 peer=16U*baEE4m
[2026-10-07 10:36:35.510] [out] [delivery_module] DBG 2026-10-07 10:36:35.510+02:00 Lookup query                               topics="kad-dht find" tid=1150721 peer=16U*jQfE1X
[2026-10-07 10:36:35.514] [out] [delivery_module] DBG 2026-10-07 10:36:35.513+02:00 Lookup query                               topics="kad-dht find" tid=1150721 peer=16U*qTrp93
[2026-10-07 10:36:35.518] [out] [delivery_module] DBG 2026-10-07 10:36:35.518+02:00 Lookup query                               topics="kad-dht find" tid=1150721 peer=16U*M2e2Us
[2026-10-07 10:36:35.518] [out] [delivery_module] DBG 2026-10-07 10:36:35.518+02:00 Lookup query                               topics="kad-dht find" tid=1150721 peer=16U*k3v1b3
[2026-10-07 10:36:35.597] [out] [delivery_module] DBG 2026-10-07 10:36:35.597+02:00 Lookup query                               topics="kad-dht find" tid=1150721 peer=16U*JuCbPs
[2026-10-07 10:36:35.626] [out] [delivery_module] DBG 2026-10-07 10:36:35.625+02:00 Lookup query                               topics="kad-dht find" tid=1150721 peer=16U*JuCbPs
[2026-10-07 10:36:35.638] [out] [delivery_module] DBG 2026-10-07 10:36:35.638+02:00 Lookup query                               topics="kad-dht find" tid=1150721 peer=16U*M2e2Us
[2026-10-07 10:36:35.647] [out] [delivery_module] DBG 2026-10-07 10:36:35.647+02:00 Lookup query                               topics="kad-dht find" tid=1150721 peer=16U*JuCbPs
[2026-10-07 10:36:35.650] [out] [delivery_module] DBG 2026-10-07 10:36:35.650+02:00 Lookup query                               topics="kad-dht find" tid=1150721 peer=16U*jQfE1X
[2026-10-07 10:36:35.752] [out] [delivery_module] DBG 2026-10-07 10:36:35.752+02:00 Lookup query                               topics="kad-dht find" tid=1150721 peer=16U*qTrp93
[2026-10-07 10:36:35.758] [out] [delivery_module] DBG 2026-10-07 10:36:35.758+02:00 Lookup query                               topics="kad-dht find" tid=1150721 peer=16U*JuCbPs
[2026-10-07 10:36:35.760] [out] [delivery_module] DBG 2026-10-07 10:36:35.760+02:00 Lookup query                               topics="kad-dht find" tid=1150721 peer=16U*baEE4m
[2026-10-07 10:36:35.777] [out] [delivery_module] DBG 2026-10-07 10:36:35.777+02:00 Lookup query                               topics="kad-dht find" tid=1150721 peer=16U*qTrp93
[2026-10-07 10:36:35.778] [out] [delivery_module] DBG 2026-10-07 10:36:35.778+02:00 Got PutValue reply                         topics="kad-dht put" tid=1150721 msg="(msgType: ok(putValue), key: ok(@[0, 37, 8, 2, 18, 33, 3, 60, 25, 252, 94, 224, 20, 24, 241, 117, 59, 71, 105, 141, 250, 34, 53, 65, 202, 136, 18, 15, 209, 76, 223, 96, 195, 243, 121, 62, 80, 253, 100]), record: ok((key: ok(@[0, 37, 8, 2, 18, 33, 3, 60, 25, 252, 94, 224, 20, 24, 241, 117, 59, 71, 105, 141, 250, 34, 53, 65, 202, 136, 18, 15, 209, 76, 223, 96, 195, 243, 121, 62, 80, 253, 100]), value: ok(@[10, 37, 8, 2, 18, 33, 3, 60, 25, 252, 94, 224, 20, 24, 241, 117, 59, 71, 105, 141, 250, 34, 53, 65, 202, 136, 18, 15, 209, 76, 223, 96, 195, 243, 121, 62, 80, 253, 100, 18, 2, 3, 1, 26, 72, 10, 39, 0, 37, 8, 2, 18, 33, 3, 60, 25, 252, 94, 224, 20, 24, 241, 117, 59, 71, 105, 141, 250, 34, 53, 65, 202, 136, 18, 15, 209, 76, 223, 96, 195, 243, 121, 62, 80, 253, 100, 16, 235, 172, 1, 26, 10, 10, 8, 4, 172, 16, 34, 89, 6, 200, 18, 26, 13, 10, 11, 4, 172, 16, 34, 89, 145, 2, 196, 163, 205, 3, 42, 71, 48, 69, 2, 33, 0, 220, 28, 183, 233, 153, 241, 238, 215, 20, 204, 35, 193, 71, 79, 91, 177, 86, 163, 28, 176, 62, 136, 114, 175, 190, 25, 117, 39, 245, 14, 232, 223, 2, 32, 37, 236, 57, 196, 76, 124, 145, 176, 200, 149, 48, 140, 182, 224, 79, 32, 99, 213, 248, 175, 57, 217, 165, 129, 19, 68, 148, 224, 232, 22, 200, 30]), timeReceived: none())), closerPeers: [], providerPeers: [], providerStatus: none(), register: none(), getAds: none())" reply="(msgType: ok(putValue), key: ok(@[0, 37, 8, 2, 18, 33, 3, 60, 25, 252, 94, 224, 20, 24, 241, 117, 59, 71, 105, 141, 250, 34, 53, 65, 202, 136, 18, 15, 209, 76, 223, 96, 195, 243, 121, 62, 80, 253, 100]), record: ok((key: ok(@[0, 37, 8, 2, 18, 33, 3, 60, 25, 252, 94, 224, 20, 24, 241, 117, 59, 71, 105, 141, 250, 34, 53, 65, 202, 136, 18, 15, 209, 76, 223, 96, 195, 243, 121, 62, 80, 253, 100]), value: ok(@[10, 37, 8, 2, 18, 33, 3, 60, 25, 252, 94, 224, 20, 24, 241, 117, 59, 71, 105, 141, 250, 34, 53, 65, 202, 136, 18, 15, 209, 76, 223, 96, 195, 243, 121, 62, 80, 253, 100, 18, 2, 3, 1, 26, 72, 10, 39, 0, 37, 8, 2, 18, 33, 3, 60, 25, 252, 94, 224, 20, 24, 241, 117, 59, 71, 105, 141, 250, 34, 53, 65, 202, 136, 18, 15, 209, 76, 223, 96, 195, 243, 121, 62, 80, 253, 100, 16, 235, 172, 1, 26, 10, 10, 8, 4, 172, 16, 34, 89, 6, 200, 18, 26, 13, 10, 11, 4, 172, 16, 34, 89, 145, 2, 196, 163, 205, 3, 42, 71, 48, 69, 2, 33, 0, 220, 28, 183, 233, 153, 241, 238, 215, 20, 204, 35, 193, 71, 79, 91, 177, 86, 163, 28, 176, 62, 136, 114, 175, 190, 25, 117, 39, 245, 14, 232, 223, 2, 32, 37, 236, 57, 196, 76, 124, 145, 176, 200, 149, 48, 140, 182, 224, 79, 32, 99, 213, 248, 175, 57, 217, 165, 129, 19, 68, 148, 224, 232, 22, 200, 30]), timeReceived: none())), closerPeers: [], providerPeers: [], providerStatus: none(), register: none(), getAds: none())" peer=16U*TwqBiH
[2026-10-07 10:36:35.805] [out] [delivery_module] DBG 2026-10-07 10:36:35.804+02:00 Lookup query                               topics="kad-dht find" tid=1150721 peer=16U*kGyuEP
[2026-10-07 10:36:35.877] [out] [delivery_module] DBG 2026-10-07 10:36:35.877+02:00 Lookup query                               topics="kad-dht find" tid=1150721 peer=16U*baEE4m
[2026-10-07 10:36:35.892] [out] [delivery_module] DBG 2026-10-07 10:36:35.891+02:00 Lookup query                               topics="kad-dht find" tid=1150721 peer=16U*JuCbPs
[2026-10-07 10:36:35.895] [out] [delivery_module] DBG 2026-10-07 10:36:35.895+02:00 Lookup query                               topics="kad-dht find" tid=1150721 peer=16U*7ZEp3L
[2026-10-07 10:36:35.909] [out] [delivery_module] DBG 2026-10-07 10:36:35.908+02:00 Lookup query                               topics="kad-dht find" tid=1150721 peer=16U*qTrp93
[2026-10-07 10:36:35.945] [out] [delivery_module] DBG 2026-10-07 10:36:35.945+02:00 Lookup query                               topics="kad-dht find" tid=1150721 peer=16U*M2e2Us
[2026-10-07 10:36:36.033] [out] [delivery_module] DBG 2026-10-07 10:36:36.032+02:00 Lookup query                               topics="kad-dht find" tid=1150721 peer=16U*baEE4m
[2026-10-07 10:36:36.041] [out] [delivery_module] DBG 2026-10-07 10:36:36.041+02:00 Lookup query                               topics="kad-dht find" tid=1150721 peer=16U*qTrp93
[2026-10-07 10:36:36.046] [out] [delivery_module] DBG 2026-10-07 10:36:36.045+02:00 Lookup query                               topics="kad-dht find" tid=1150721 peer=16U*NSkuby
[2026-10-07 10:36:36.121] [out] [delivery_module] DBG 2026-10-07 10:36:36.121+02:00 Lookup query                               topics="kad-dht find" tid=1150721 peer=16U*M2e2Us
[2026-10-07 10:36:36.154] [out] [delivery_module] DBG 2026-10-07 10:36:36.153+02:00 Lookup query                               topics="kad-dht find" tid=1150721 peer=16U*baEE4m
[2026-10-07 10:36:36.176] [out] [delivery_module] DBG 2026-10-07 10:36:36.176+02:00 Lookup query                               topics="kad-dht find" tid=1150721 peer=16U*jqCixh
[2026-10-07 10:36:36.380] [out] [delivery_module] DBG 2026-10-07 10:36:36.377+02:00 Lookup query                               topics="kad-dht find" tid=1150721 peer=16U*M2e2Us
[2026-10-07 10:36:36.400] [out] [delivery_module] DBG 2026-10-07 10:36:36.399+02:00 Lookup query                               topics="kad-dht find" tid=1150721 peer=16U*jqCixh
[2026-10-07 10:36:36.792] [out] [delivery_module] DBG 2026-10-07 10:36:36.792+02:00 Maintaining subscriptions                  topics="waku filter" tid=1150721
[2026-10-07 10:36:36.792] [out] [delivery_module] DBG 2026-10-07 10:36:36.792+02:00 Cleanup                                    topics="waku filter subscriptions" tid=1150721 currentPeerIds=[]
[2026-10-07 10:36:36.792] [out] [delivery_module] DBG 2026-10-07 10:36:36.792+02:00 After cleanup                              topics="waku filter subscriptions" tid=1150721 currentPeerIds=[]
[2026-10-07 10:36:37.219] [out] [delivery_module] DBG 2026-10-07 10:36:37.219+02:00 Dialing failed                             topics="libp2p dialer" tid=1150721 description="Timeout exceeded!" peerId=16U*7ZEp3L address=/ip4/192.168.1.3/tcp/49737 hostname=192.168.1.3
[2026-10-07 10:36:37.219] [out] [delivery_module] DBG 2026-10-07 10:36:37.219+02:00 Dialing failed                             topics="libp2p dialer" tid=1150721 description="Timeout exceeded!" peerId=16U*k3v1b3 address=/ip4/10.16.8.125/tcp/49352 hostname=10.16.8.125
[2026-10-07 10:36:37.222] [out] [delivery_module] DBG 2026-10-07 10:36:37.222+02:00 Error dialing                              topics="libp2p dialer" tid=1150721 conn=nil peerId=16U*7ZEp3L protos="[/logos/service-discovery/1.0.0]" addrs="[/ip4/192.168.1.3/udp/56395/quic-v1, /ip4/192.168.1.3/tcp/49737]" description="Unable to establish outgoing link in establishConnection: peer_id=16U*7ZEp3L addrs=@[/ip4/192.168.1.3/udp/56395/quic-v1, /ip4/192.168.1.3/tcp/49737]"
[2026-10-07 10:36:37.222] [out] [delivery_module] DBG 2026-10-07 10:36:37.222+02:00 Error dialing                              topics="libp2p dialer" tid=1150721 conn=nil peerId=16U*k3v1b3 protos="[/logos/service-discovery/1.0.0]" addrs="[/ip4/10.16.8.125/udp/55890/quic-v1, /ip4/10.16.8.125/tcp/49352]" description="Unable to establish outgoing link in establishConnection: peer_id=16U*k3v1b3 addrs=@[/ip4/10.16.8.125/udp/55890/quic-v1, /ip4/10.16.8.125/tcp/49352]"
[2026-10-07 10:36:37.223] [out] [delivery_module] DBG 2026-10-07 10:36:37.222+02:00 Dialing peer                               topics="libp2p dialer" tid=1150721 peerId=16U*7ZEp3L addrs="[/ip4/192.168.1.3/udp/56395/quic-v1, /ip4/192.168.1.3/tcp/49737]"
[2026-10-07 10:36:37.223] [out] [delivery_module] DBG 2026-10-07 10:36:37.222+02:00 Expanded address and hostname              topics="libp2p dialer" tid=1150721 expandedAddress=/ip4/192.168.1.3/udp/56395/quic-v1 hostname=192.168.1.3 resolvedAddresses="[/ip4/192.168.1.3/udp/56395/quic-v1]"
[2026-10-07 10:36:37.223] [out] [delivery_module] DBG 2026-10-07 10:36:37.222+02:00 New connection established: client         tid=1150721
[2026-10-07 10:36:37.223] [out] [delivery_module] DBG 2026-10-07 10:36:37.223+02:00 Dialing peer                               topics="libp2p dialer" tid=1150721 peerId=16U*k3v1b3 addrs="[/ip4/10.16.8.125/udp/55890/quic-v1, /ip4/10.16.8.125/tcp/49352]"
[2026-10-07 10:36:37.223] [out] [delivery_module] DBG 2026-10-07 10:36:37.223+02:00 Expanded address and hostname              topics="libp2p dialer" tid=1150721 expandedAddress=/ip4/10.16.8.125/udp/55890/quic-v1 hostname=10.16.8.125 resolvedAddresses="[/ip4/10.16.8.125/udp/55890/quic-v1]"
[2026-10-07 10:36:37.223] [out] [delivery_module] DBG 2026-10-07 10:36:37.223+02:00 New connection established: client         tid=1150721
[2026-10-07 10:36:37.224] [out] [delivery_module] DBG 2026-10-07 10:36:37.224+02:00 Dialing failed                             topics="libp2p dialer" tid=1150721 description="Timeout exceeded!" peerId=16U*oJnadu address=/ip4/10.1.0.169/tcp/65467 hostname=10.1.0.169
[2026-10-07 10:36:37.224] [out] [delivery_module] DBG 2026-10-07 10:36:37.224+02:00 Error dialing                              topics="libp2p dialer" tid=1150721 conn=nil peerId=16U*oJnadu protos="[/logos/service-discovery/1.0.0]" addrs="[/ip4/10.1.0.169/udp/53213/quic-v1, /ip4/10.1.0.169/tcp/65467]" description="Unable to establish outgoing link in establishConnection: peer_id=16U*oJnadu addrs=@[/ip4/10.1.0.169/udp/53213/quic-v1, /ip4/10.1.0.169/tcp/65467]"
[2026-10-07 10:36:37.225] [out] [delivery_module] DBG 2026-10-07 10:36:37.225+02:00 Dialing peer                               topics="libp2p dialer" tid=1150721 peerId=16U*oJnadu addrs="[/ip4/10.1.0.169/udp/53213/quic-v1, /ip4/10.1.0.169/tcp/65467]"
[2026-10-07 10:36:37.225] [out] [delivery_module] DBG 2026-10-07 10:36:37.225+02:00 Expanded address and hostname              topics="libp2p dialer" tid=1150721 expandedAddress=/ip4/10.1.0.169/udp/53213/quic-v1 hostname=10.1.0.169 resolvedAddresses="[/ip4/10.1.0.169/udp/53213/quic-v1]"
[2026-10-07 10:36:37.225] [out] [delivery_module] DBG 2026-10-07 10:36:37.225+02:00 New connection established: client         tid=1150721
[2026-10-07 10:36:38.595] [out] [delivery_module] DBG 2026-10-07 10:36:38.595+02:00 New stream created                         tid=1150721
[2026-10-07 10:36:38.614] [out] [delivery_module] DBG 2026-10-07 10:36:38.614+02:00 Dialing failed                             topics="libp2p dialer" tid=1150721 description="Timeout exceeded!" peerId=16U*JuCbPs address=/ip4/83.135.41.108/tcp/42291 hostname=83.135.41.108
[2026-10-07 10:36:38.615] [out] [delivery_module] DBG 2026-10-07 10:36:38.615+02:00 Error dialing                              topics="libp2p dialer" tid=1150721 conn=nil peerId=16U*JuCbPs protos="[/logos/service-discovery/1.0.0]" addrs="[/ip4/83.135.41.108/tcp/42291]" description="Unable to establish outgoing link in establishConnection: peer_id=16U*JuCbPs addrs=@[/ip4/83.135.41.108/tcp/42291]"
[2026-10-07 10:36:38.615] [out] [delivery_module] DBG 2026-10-07 10:36:38.615+02:00 Dialing peer                               topics="libp2p dialer" tid=1150721 peerId=16U*JuCbPs addrs="[/ip4/83.135.41.108/tcp/42291]"
[2026-10-07 10:36:38.615] [out] [delivery_module] DBG 2026-10-07 10:36:38.615+02:00 Expanded address and hostname              topics="libp2p dialer" tid=1150721 expandedAddress=/ip4/83.135.41.108/tcp/42291 hostname=83.135.41.108 resolvedAddresses="[/ip4/83.135.41.108/tcp/42291]"
[2026-10-07 10:36:38.615] [out] [delivery_module] DBG 2026-10-07 10:36:38.615+02:00 Dialing failed                             topics="libp2p dialer" tid=1150721 description="Timeout exceeded!" peerId=16U*qTrp93 address=/ip4/83.135.41.108/tcp/25235 hostname=83.135.41.108
[2026-10-07 10:36:38.616] [out] [delivery_module] DBG 2026-10-07 10:36:38.615+02:00 Error dialing                              topics="libp2p dialer" tid=1150721 conn=nil peerId=16U*qTrp93 protos="[/logos/service-discovery/1.0.0]" addrs="[/ip4/83.135.41.108/tcp/25235]" description="Unable to establish outgoing link in establishConnection: peer_id=16U*qTrp93 addrs=@[/ip4/83.135.41.108/tcp/25235]"
[2026-10-07 10:36:38.616] [out] [delivery_module] DBG 2026-10-07 10:36:38.616+02:00 Dialing peer                               topics="libp2p dialer" tid=1150721 peerId=16U*qTrp93 addrs="[/ip4/83.135.41.108/tcp/25235]"
[2026-10-07 10:36:38.616] [out] [delivery_module] DBG 2026-10-07 10:36:38.616+02:00 Expanded address and hostname              topics="libp2p dialer" tid=1150721 expandedAddress=/ip4/83.135.41.108/tcp/25235 hostname=83.135.41.108 resolvedAddresses="[/ip4/83.135.41.108/tcp/25235]"
[2026-10-07 10:36:38.616] [out] [delivery_module] DBG 2026-10-07 10:36:38.616+02:00 Dialing failed                             topics="libp2p dialer" tid=1150721 description="Timeout exceeded!" peerId=16U*baEE4m address=/ip4/83.135.41.108/tcp/13510 hostname=83.135.41.108
[2026-10-07 10:36:38.616] [out] [delivery_module] DBG 2026-10-07 10:36:38.616+02:00 Dialing failed                             topics="libp2p dialer" tid=1150721 description="Timeout exceeded!" peerId=16U*M2e2Us address=/ip4/83.135.41.108/tcp/37990 hostname=83.135.41.108
[2026-10-07 10:36:38.616] [out] [delivery_module] DBG 2026-10-07 10:36:38.616+02:00 Error dialing                              topics="libp2p dialer" tid=1150721 conn=nil peerId=16U*baEE4m protos="[/logos/service-discovery/1.0.0]" addrs="[/ip4/83.135.41.108/tcp/13510]" description="Unable to establish outgoing link in establishConnection: peer_id=16U*baEE4m addrs=@[/ip4/83.135.41.108/tcp/13510]"
[2026-10-07 10:36:38.616] [out] [delivery_module] DBG 2026-10-07 10:36:38.616+02:00 Dialing peer                               topics="libp2p dialer" tid=1150721 peerId=16U*baEE4m addrs="[/ip4/83.135.41.108/tcp/13510]"
[2026-10-07 10:36:38.617] [out] [delivery_module] DBG 2026-10-07 10:36:38.616+02:00 Expanded address and hostname              topics="libp2p dialer" tid=1150721 expandedAddress=/ip4/83.135.41.108/tcp/13510 hostname=83.135.41.108 resolvedAddresses="[/ip4/83.135.41.108/tcp/13510]"
[2026-10-07 10:36:38.617] [out] [delivery_module] DBG 2026-10-07 10:36:38.617+02:00 Error dialing                              topics="libp2p dialer" tid=1150721 conn=nil peerId=16U*M2e2Us protos="[/logos/service-discovery/1.0.0]" addrs="[/ip4/83.135.41.108/tcp/37990]" description="Unable to establish outgoing link in establishConnection: peer_id=16U*M2e2Us addrs=@[/ip4/83.135.41.108/tcp/37990]"
[2026-10-07 10:36:38.617] [out] [delivery_module] DBG 2026-10-07 10:36:38.617+02:00 Dialing peer                               topics="libp2p dialer" tid=1150721 peerId=16U*M2e2Us addrs="[/ip4/83.135.41.108/tcp/37990]"
[2026-10-07 10:36:38.617] [out] [delivery_module] DBG 2026-10-07 10:36:38.617+02:00 Expanded address and hostname              topics="libp2p dialer" tid=1150721 expandedAddress=/ip4/83.135.41.108/tcp/37990 hostname=83.135.41.108 resolvedAddresses="[/ip4/83.135.41.108/tcp/37990]"
[2026-10-07 10:36:38.709] [out] [delivery_module] DBG 2026-10-07 10:36:38.709+02:00 Kad lookup: RPC error                      topics="kad-dht find" tid=1150721 peer=16U*7ZEp3L msg="dialStage: timed out dialing the peer"
[2026-10-07 10:36:38.716] [out] [delivery_module] DBG 2026-10-07 10:36:38.716+02:00 Kad lookup: RPC error                      topics="kad-dht find" tid=1150721 peer=16U*k3v1b3 msg="dialStage: timed out dialing the peer"
[2026-10-07 10:36:38.802] [out] [delivery_module] DBG 2026-10-07 10:36:38.798+02:00 Kad lookup: RPC error                      topics="kad-dht find" tid=1150721 peer=16U*k3v1b3 msg="dialStage: timed out dialing the peer"
[2026-10-07 10:36:38.802] [out] [delivery_module] DBG 2026-10-07 10:36:38.798+02:00 Kad lookup: RPC error                      topics="kad-dht find" tid=1150721 peer=16U*oJnadu msg="dialStage: timed out dialing the peer"
[2026-10-07 10:36:38.806] [out] [delivery_module] DBG 2026-10-07 10:36:38.803+02:00 Lookup query                               topics="kad-dht find" tid=1150721 peer=16U*M2e2Us
[2026-10-07 10:36:38.806] [out] [delivery_module] DBG 2026-10-07 10:36:38.803+02:00 Lookup query                               topics="kad-dht find" tid=1150721 peer=16U*JuCbPs
[2026-10-07 10:36:38.806] [out] [delivery_module] DBG 2026-10-07 10:36:38.803+02:00 Lookup query                               topics="kad-dht find" tid=1150721 peer=16U*baEE4m
[2026-10-07 10:36:38.810] [out] [delivery_module] DBG 2026-10-07 10:36:38.809+02:00 Kad lookup: RPC error                      topics="kad-dht find" tid=1150721 peer=16U*baEE4m msg="waitStage: timed out before dialing"
[2026-10-07 10:36:38.815] [out] [delivery_module] DBG 2026-10-07 10:36:38.814+02:00 Kad lookup: RPC error                      topics="kad-dht find" tid=1150721 peer=16U*JuCbPs msg="dialStage: timed out dialing the peer"
[2026-10-07 10:36:38.815] [out] [delivery_module] DBG 2026-10-07 10:36:38.814+02:00 Kad lookup: RPC error                      topics="kad-dht find" tid=1150721 peer=16U*M2e2Us msg="dialStage: timed out dialing the peer"
[2026-10-07 10:36:38.817] [out] [delivery_module] DBG 2026-10-07 10:36:38.816+02:00 Lookup query                               topics="kad-dht find" tid=1150721 peer=16U*baEE4m
[2026-10-07 10:36:38.817] [out] [delivery_module] DBG 2026-10-07 10:36:38.817+02:00 Kad lookup: RPC error                      topics="kad-dht find" tid=1150721 peer=16U*baEE4m msg="dialStage: timed out dialing the peer"
[2026-10-07 10:36:38.829] [out] [delivery_module] DBG 2026-10-07 10:36:38.829+02:00 Kad lookup: RPC error                      topics="kad-dht find" tid=1150721 peer=16U*oJnadu msg="dialStage: timed out dialing the peer"
[2026-10-07 10:36:38.829] [out] [delivery_module] DBG 2026-10-07 10:36:38.829+02:00 Kad lookup: RPC error                      topics="kad-dht find" tid=1150721 peer=16U*7ZEp3L msg="dialStage: timed out dialing the peer"
[2026-10-07 10:36:38.884] [out] [delivery_module] DBG 2026-10-07 10:36:38.881+02:00 Kad lookup: RPC error                      topics="kad-dht find" tid=1150721 peer=16U*7ZEp3L msg="dialStage: timed out dialing the peer"
[2026-10-07 10:36:38.884] [out] [delivery_module] DBG 2026-10-07 10:36:38.881+02:00 Lookup query                               topics="kad-dht find" tid=1150721 peer=16U*qTrp93
[2026-10-07 10:36:38.889] [out] [delivery_module] DBG 2026-10-07 10:36:38.886+02:00 Kad lookup: RPC error                      topics="kad-dht find" tid=1150721 peer=16U*k3v1b3 msg="dialStage: timed out dialing the peer"
[2026-10-07 10:36:38.889] [out] [delivery_module] DBG 2026-10-07 10:36:38.889+02:00 Kad lookup: RPC error                      topics="kad-dht find" tid=1150721 peer=16U*qTrp93 msg="dialStage: timed out dialing the peer"
[2026-10-07 10:36:38.941] [out] [delivery_module] DBG 2026-10-07 10:36:38.941+02:00 Lookup query                               topics="kad-dht find" tid=1150721 peer=16U*qTrp93
[2026-10-07 10:36:38.941] [out] [delivery_module] DBG 2026-10-07 10:36:38.941+02:00 Lookup query                               topics="kad-dht find" tid=1150721 peer=16U*JuCbPs
[2026-10-07 10:36:38.942] [out] [delivery_module] DBG 2026-10-07 10:36:38.942+02:00 Kad lookup: RPC error                      topics="kad-dht find" tid=1150721 peer=16U*qTrp93 msg="waitStage: timed out waiting for the peer's stream"
[2026-10-07 10:36:38.942] [out] [delivery_module] DBG 2026-10-07 10:36:38.942+02:00 Kad lookup: RPC error                      topics="kad-dht find" tid=1150721 peer=16U*JuCbPs msg="waitStage: timed out waiting for the peer's stream"
[2026-10-07 10:36:38.942] [out] [delivery_module] DBG 2026-10-07 10:36:38.942+02:00 Kad lookup: RPC error                      topics="kad-dht find" tid=1150721 peer=16U*JuCbPs msg="dialStage: timed out dialing the peer"
[2026-10-07 10:36:38.942] [out] [delivery_module] DBG 2026-10-07 10:36:38.942+02:00 Kad lookup: RPC error                      topics="kad-dht find" tid=1150721 peer=16U*qTrp93 msg="dialStage: timed out dialing the peer"
[2026-10-07 10:36:38.950] [out] [delivery_module] DBG 2026-10-07 10:36:38.950+02:00 Lookup query                               topics="kad-dht find" tid=1150721 peer=16U*M2e2Us
[2026-10-07 10:36:38.950] [out] [delivery_module] DBG 2026-10-07 10:36:38.950+02:00 Kad lookup: RPC error                      topics="kad-dht find" tid=1150721 peer=16U*M2e2Us msg="dialStage: timed out dialing the peer"
[2026-10-07 10:36:39.078] [out] [delivery_module] DBG 2026-10-07 10:36:39.078+02:00 Kad lookup: RPC error                      topics="kad-dht find" tid=1150721 peer=16U*JuCbPs msg="dialStage: timed out dialing the peer"
[2026-10-07 10:36:39.078] [out] [delivery_module] DBG 2026-10-07 10:36:39.078+02:00 Kad lookup: RPC error                      topics="kad-dht find" tid=1150721 peer=16U*qTrp93 msg="dialStage: timed out dialing the peer"
[2026-10-07 10:36:39.078] [out] [delivery_module] DBG 2026-10-07 10:36:39.078+02:00 Kad lookup: RPC error                      topics="kad-dht find" tid=1150721 peer=16U*baEE4m msg="dialStage: timed out dialing the peer"
[2026-10-07 10:36:39.113] [out] [delivery_module] DBG 2026-10-07 10:36:39.113+02:00 Lookup query                               topics="kad-dht find" tid=1150721 peer=16U*JuCbPs
[2026-10-07 10:36:39.113] [out] [delivery_module] DBG 2026-10-07 10:36:39.113+02:00 Lookup query                               topics="kad-dht find" tid=1150721 peer=16U*qTrp93
[2026-10-07 10:36:39.113] [out] [delivery_module] DBG 2026-10-07 10:36:39.113+02:00 Lookup query                               topics="kad-dht find" tid=1150721 peer=16U*baEE4m
[2026-10-07 10:36:39.113] [out] [delivery_module] DBG 2026-10-07 10:36:39.113+02:00 Lookup query                               topics="kad-dht find" tid=1150721 peer=16U*M2e2Us
[2026-10-07 10:36:39.113] [out] [delivery_module] DBG 2026-10-07 10:36:39.113+02:00 Kad lookup: RPC error                      topics="kad-dht find" tid=1150721 peer=16U*M2e2Us msg="dialStage: timed out dialing the peer"
[2026-10-07 10:36:39.194] [out] [delivery_module] DBG 2026-10-07 10:36:39.194+02:00 Kad lookup: RPC error                      topics="kad-dht find" tid=1150721 peer=16U*baEE4m msg="dialStage: timed out dialing the peer"
[2026-10-07 10:36:39.311] [out] [delivery_module] DBG 2026-10-07 10:36:39.311+02:00 Lookup query                               topics="kad-dht find" tid=1150721 peer=16U*JuCbPs
[2026-10-07 10:36:39.311] [out] [delivery_module] DBG 2026-10-07 10:36:39.311+02:00 Lookup query                               topics="kad-dht find" tid=1150721 peer=16U*qTrp93
[2026-10-07 10:36:39.311] [out] [delivery_module] DBG 2026-10-07 10:36:39.311+02:00 Lookup query                               topics="kad-dht find" tid=1150721 peer=16U*baEE4m
[2026-10-07 10:36:39.312] [out] [delivery_module] DBG 2026-10-07 10:36:39.311+02:00 Lookup query                               topics="kad-dht find" tid=1150721 peer=16U*M2e2Us
[2026-10-07 10:36:39.312] [out] [delivery_module] DBG 2026-10-07 10:36:39.312+02:00 Kad lookup: RPC error                      topics="kad-dht find" tid=1150721 peer=16U*M2e2Us msg="dialStage: timed out dialing the peer"
[2026-10-07 10:36:40.065] [out] [delivery_module] DBG 2026-10-07 10:36:40.065+02:00 Kad lookup: RPC error                      topics="kad-dht find" tid=1150721 peer=16U*7ZEp3L msg="waitStage: timed out before dialing"
[2026-10-07 10:36:40.065] [out] [delivery_module] DBG 2026-10-07 10:36:40.065+02:00 Kad lookup: RPC error                      topics="kad-dht find" tid=1150721 peer=16U*k3v1b3 msg="waitStage: timed out before dialing"
[2026-10-07 10:36:40.118] [out] [delivery_module] DBG 2026-10-07 10:36:40.118+02:00 Kad lookup: RPC error                      topics="kad-dht find" tid=1150721 peer=16U*k3v1b3 msg="dialStage: timed out dialing the peer"
[2026-10-07 10:36:40.118] [out] [delivery_module] DBG 2026-10-07 10:36:40.118+02:00 Kad lookup: RPC error                      topics="kad-dht find" tid=1150721 peer=16U*7ZEp3L msg="dialStage: timed out dialing the peer"
[2026-10-07 10:36:40.224] [out] [delivery_module] DBG 2026-10-07 10:36:40.224+02:00 Dialing failed                             topics="libp2p dialer" tid=1150721 description="quic dial timed out after 3s" peerId=16U*7ZEp3L address=/ip4/192.168.1.3/udp/56395/quic-v1 hostname=192.168.1.3
[2026-10-07 10:36:40.224] [out] [delivery_module] DBG 2026-10-07 10:36:40.224+02:00 Dialing failed                             topics="libp2p dialer" tid=1150721 description="quic dial timed out after 3s" peerId=16U*k3v1b3 address=/ip4/10.16.8.125/udp/55890/quic-v1 hostname=10.16.8.125
[2026-10-07 10:36:40.224] [out] [delivery_module] DBG 2026-10-07 10:36:40.224+02:00 Expanded address and hostname              topics="libp2p dialer" tid=1150721 expandedAddress=/ip4/192.168.1.3/tcp/49737 hostname=192.168.1.3 resolvedAddresses="[/ip4/192.168.1.3/tcp/49737]"
[2026-10-07 10:36:40.225] [out] [delivery_module] DBG 2026-10-07 10:36:40.225+02:00 Expanded address and hostname              topics="libp2p dialer" tid=1150721 expandedAddress=/ip4/10.16.8.125/tcp/49352 hostname=10.16.8.125 resolvedAddresses="[/ip4/10.16.8.125/tcp/49352]"
[2026-10-07 10:36:40.227] [out] [delivery_module] DBG 2026-10-07 10:36:40.227+02:00 Dialing failed                             topics="libp2p dialer" tid=1150721 description="quic dial timed out after 3s" peerId=16U*oJnadu address=/ip4/10.1.0.169/udp/53213/quic-v1 hostname=10.1.0.169
[2026-10-07 10:36:40.227] [out] [delivery_module] DBG 2026-10-07 10:36:40.227+02:00 Expanded address and hostname              topics="libp2p dialer" tid=1150721 expandedAddress=/ip4/10.1.0.169/tcp/65467 hostname=10.1.0.169 resolvedAddresses="[/ip4/10.1.0.169/tcp/65467]"
[2026-10-07 10:36:40.235] [out] [delivery_module] DBG 2026-10-07 10:36:40.235+02:00 Kad lookup: RPC error                      topics="kad-dht find" tid=1150721 peer=16U*k3v1b3 msg="dialStage: timed out dialing the peer"
[2026-10-07 10:36:40.235] [out] [delivery_module] DBG 2026-10-07 10:36:40.235+02:00 Kad lookup: RPC error                      topics="kad-dht find" tid=1150721 peer=16U*7ZEp3L msg="dialStage: timed out dialing the peer"
[2026-10-07 10:36:40.241] [out] [delivery_module] DBG 2026-10-07 10:36:40.241+02:00 Lookup query                               topics="kad-dht find" tid=1150721 peer=16U*M2e2Us
[2026-10-07 10:36:40.242] [out] [delivery_module] DBG 2026-10-07 10:36:40.242+02:00 Lookup query                               topics="kad-dht find" tid=1150721 peer=16U*JuCbPs
[2026-10-07 10:36:40.242] [out] [delivery_module] DBG 2026-10-07 10:36:40.242+02:00 Lookup query                               topics="kad-dht find" tid=1150721 peer=16U*qTrp93
[2026-10-07 10:36:40.242] [out] [delivery_module] DBG 2026-10-07 10:36:40.242+02:00 Lookup query                               topics="kad-dht find" tid=1150721 peer=16U*baEE4m
[2026-10-07 10:36:40.242] [out] [delivery_module] DBG 2026-10-07 10:36:40.242+02:00 Kad lookup: RPC error                      topics="kad-dht find" tid=1150721 peer=16U*baEE4m msg="waitStage: timed out before dialing"
[2026-10-07 10:36:40.242] [out] [delivery_module] DBG 2026-10-07 10:36:40.242+02:00 Kad lookup: RPC error                      topics="kad-dht find" tid=1150721 peer=16U*M2e2Us msg="dialStage: timed out dialing the peer"
[2026-10-07 10:36:40.242] [out] [delivery_module] DBG 2026-10-07 10:36:40.242+02:00 Kad lookup: RPC error                      topics="kad-dht find" tid=1150721 peer=16U*JuCbPs msg="dialStage: timed out dialing the peer"
[2026-10-07 10:36:40.242] [out] [delivery_module] DBG 2026-10-07 10:36:40.242+02:00 Kad lookup: RPC error                      topics="kad-dht find" tid=1150721 peer=16U*qTrp93 msg="dialStage: timed out dialing the peer"
[2026-10-07 10:36:40.249] [out] [delivery_module] DBG 2026-10-07 10:36:40.249+02:00 Lookup query                               topics="kad-dht find" tid=1150721 peer=16U*JuCbPs
[2026-10-07 10:36:40.250] [out] [delivery_module] DBG 2026-10-07 10:36:40.250+02:00 Kad lookup: RPC error                      topics="kad-dht find" tid=1150721 peer=16U*JuCbPs msg="dialStage: timed out dialing the peer"
[2026-10-07 10:36:40.268] [out] [delivery_module] DBG 2026-10-07 10:36:40.268+02:00 Kad lookup: RPC error                      topics="kad-dht find" tid=1150721 peer=16U*k3v1b3 msg="dialStage: timed out dialing the peer"
[2026-10-07 10:36:40.305] [out] [delivery_module] DBG 2026-10-07 10:36:40.305+02:00 Lookup query                               topics="kad-dht find" tid=1150721 peer=16U*7ZEp3L
[2026-10-07 10:36:40.359] [out] [delivery_module] DBG 2026-10-07 10:36:40.359+02:00 Lookup query                               topics="kad-dht find" tid=1150721 peer=16U*7ZEp3L
[2026-10-07 10:36:40.359] [out] [delivery_module] DBG 2026-10-07 10:36:40.359+02:00 Lookup query                               topics="kad-dht find" tid=1150721 peer=16U*baEE4m
[2026-10-07 10:36:40.367] [out] [delivery_module] DBG 2026-10-07 10:36:40.367+02:00 Lookup query                               topics="kad-dht find" tid=1150721 peer=16U*qTrp93
[2026-10-07 10:36:40.367] [out] [delivery_module] DBG 2026-10-07 10:36:40.367+02:00 Lookup query                               topics="kad-dht find" tid=1150721 peer=16U*M2e2Us
[2026-10-07 10:36:40.385] [out] [delivery_module] DBG 2026-10-07 10:36:40.384+02:00 Lookup query                               topics="kad-dht find" tid=1150721 peer=16U*qTrp93
[2026-10-07 10:36:40.385] [out] [delivery_module] DBG 2026-10-07 10:36:40.384+02:00 Lookup query                               topics="kad-dht find" tid=1150721 peer=16U*baEE4m
[2026-10-07 10:36:40.385] [out] [delivery_module] DBG 2026-10-07 10:36:40.385+02:00 Lookup query                               topics="kad-dht find" tid=1150721 peer=16U*7ZEp3L
[2026-10-07 10:36:40.481] [out] [delivery_module] DBG 2026-10-07 10:36:40.481+02:00 Lookup query                               topics="kad-dht find" tid=1150721 peer=16U*JuCbPs
[2026-10-07 10:36:40.497] [out] [delivery_module] DBG 2026-10-07 10:36:40.497+02:00 Lookup query                               topics="kad-dht find" tid=1150721 peer=16U*M2e2Us
[2026-10-07 10:36:40.508] [out] [delivery_module] DBG 2026-10-07 10:36:40.508+02:00 Lookup query                               topics="kad-dht find" tid=1150721 peer=16U*baEE4m
[2026-10-07 10:36:40.509] [out] [delivery_module] DBG 2026-10-07 10:36:40.509+02:00 Lookup query                               topics="kad-dht find" tid=1150721 peer=16U*7ZEp3L
[2026-10-07 10:36:40.517] [out] [delivery_module] DBG 2026-10-07 10:36:40.517+02:00 Lookup query                               topics="kad-dht find" tid=1150721 peer=16U*qTrp93
[2026-10-07 10:36:40.519] [out] [delivery_module] DBG 2026-10-07 10:36:40.519+02:00 Lookup query                               topics="kad-dht find" tid=1150721 peer=16U*M2e2Us
[2026-10-07 10:36:40.599] [out] [delivery_module] DBG 2026-10-07 10:36:40.599+02:00 Lookup query                               topics="kad-dht find" tid=1150721 peer=16U*JuCbPs
[2026-10-07 10:36:40.600] [out] [delivery_module] DBG 2026-10-07 10:36:40.600+02:00 Kad lookup: RPC error                      topics="kad-dht find" tid=1150721 peer=16U*baEE4m msg="dialStage: timed out dialing the peer"
[2026-10-07 10:36:40.622] [out] [delivery_module] DBG 2026-10-07 10:36:40.622+02:00 Kad lookup: RPC error                      topics="kad-dht find" tid=1150721 peer=16U*qTrp93 msg="dialStage: timed out dialing the peer"
[2026-10-07 10:36:40.628] [out] [delivery_module] DBG 2026-10-07 10:36:40.628+02:00 Lookup query                               topics="kad-dht find" tid=1150721 peer=16U*JuCbPs
[2026-10-07 10:36:40.628] [out] [delivery_module] DBG 2026-10-07 10:36:40.628+02:00 Kad lookup: RPC error                      topics="kad-dht find" tid=1150721 peer=16U*M2e2Us msg="dialStage: timed out dialing the peer"
[2026-10-07 10:36:40.640] [out] [delivery_module] DBG 2026-10-07 10:36:40.640+02:00 Lookup query                               topics="kad-dht find" tid=1150721 peer=16U*M2e2Us
[2026-10-07 10:36:40.641] [out] [delivery_module] DBG 2026-10-07 10:36:40.641+02:00 Kad lookup: RPC error                      topics="kad-dht find" tid=1150721 peer=16U*qTrp93 msg="dialStage: timed out dialing the peer"
[2026-10-07 10:36:40.648] [out] [delivery_module] DBG 2026-10-07 10:36:40.648+02:00 Lookup query                               topics="kad-dht find" tid=1150721 peer=16U*JuCbPs
[2026-10-07 10:36:40.650] [out] [delivery_module] DBG 2026-10-07 10:36:40.650+02:00 Kad lookup: RPC error                      topics="kad-dht find" tid=1150721 peer=16U*baEE4m msg="dialStage: timed out dialing the peer"
[2026-10-07 10:36:40.750] [out] [delivery_module] DBG 2026-10-07 10:36:40.750+02:00 Kad lookup: RPC error                      topics="kad-dht find" tid=1150721 peer=16U*7ZEp3L msg="dialStage: timed out dialing the peer"
[2026-10-07 10:36:40.752] [out] [delivery_module] DBG 2026-10-07 10:36:40.752+02:00 Lookup query                               topics="kad-dht find" tid=1150721 peer=16U*qTrp93
[2026-10-07 10:36:40.762] [out] [delivery_module] DBG 2026-10-07 10:36:40.762+02:00 Lookup query                               topics="kad-dht find" tid=1150721 peer=16U*baEE4m
[2026-10-07 10:36:40.762] [out] [delivery_module] DBG 2026-10-07 10:36:40.762+02:00 Kad lookup: RPC error                      topics="kad-dht find" tid=1150721 peer=16U*7ZEp3L msg="dialStage: timed out dialing the peer"
[2026-10-07 10:36:40.772] [out] [delivery_module] DBG 2026-10-07 10:36:40.772+02:00 Kad lookup: RPC error                      topics="kad-dht find" tid=1150721 peer=16U*JuCbPs msg="dialStage: timed out dialing the peer"
[2026-10-07 10:36:40.779] [out] [delivery_module] DBG 2026-10-07 10:36:40.779+02:00 Lookup query                               topics="kad-dht find" tid=1150721 peer=16U*qTrp93
[2026-10-07 10:36:40.780] [out] [delivery_module] DBG 2026-10-07 10:36:40.780+02:00 Kad lookup: RPC error                      topics="kad-dht find" tid=1150721 peer=16U*M2e2Us msg="dialStage: timed out dialing the peer"
[2026-10-07 10:36:40.804] [out] [delivery_module] DBG 2026-10-07 10:36:40.804+02:00 Kad lookup: RPC error                      topics="kad-dht find" tid=1150721 peer=16U*baEE4m msg="dialStage: timed out dialing the peer"
[2026-10-07 10:36:40.879] [out] [delivery_module] DBG 2026-10-07 10:36:40.879+02:00 Lookup query                               topics="kad-dht find" tid=1150721 peer=16U*baEE4m
[2026-10-07 10:36:40.879] [out] [delivery_module] DBG 2026-10-07 10:36:40.879+02:00 Kad lookup: RPC error                      topics="kad-dht find" tid=1150721 peer=16U*qTrp93 msg="dialStage: timed out dialing the peer"
[2026-10-07 10:36:40.900] [out] [delivery_module] DBG 2026-10-07 10:36:40.899+02:00 Lookup query                               topics="kad-dht find" tid=1150721 peer=16U*7ZEp3L
[2026-10-07 10:36:40.900] [out] [delivery_module] DBG 2026-10-07 10:36:40.900+02:00 Kad lookup: RPC error                      topics="kad-dht find" tid=1150721 peer=16U*M2e2Us msg="dialStage: timed out dialing the peer"
[2026-10-07 10:36:40.901] [out] [delivery_module] DBG 2026-10-07 10:36:40.900+02:00 Kad lookup: RPC error                      topics="kad-dht find" tid=1150721 peer=16U*JuCbPs msg="dialStage: timed out dialing the peer"
[2026-10-07 10:36:40.925] [out] [delivery_module] DBG 2026-10-07 10:36:40.925+02:00 Kad lookup: RPC error                      topics="kad-dht find" tid=1150721 peer=16U*JuCbPs msg="dialStage: timed out dialing the peer"
[2026-10-07 10:36:40.954] [out] [delivery_module] DBG 2026-10-07 10:36:40.952+02:00 Lookup query                               topics="kad-dht find" tid=1150721 peer=16U*M2e2Us
[2026-10-07 10:36:40.956] [out] [delivery_module] DBG 2026-10-07 10:36:40.955+02:00 Kad lookup: RPC error                      topics="kad-dht find" tid=1150721 peer=16U*M2e2Us msg="dialStage: timed out dialing the peer"
[2026-10-07 10:36:41.015] [out] [delivery_module] DBG 2026-10-07 10:36:41.015+02:00 Kad lookup: RPC error                      topics="kad-dht find" tid=1150721 peer=16U*JuCbPs msg="dialStage: timed out dialing the peer"
[2026-10-07 10:36:41.035] [out] [delivery_module] DBG 2026-10-07 10:36:41.035+02:00 Kad lookup: RPC error                      topics="kad-dht find" tid=1150721 peer=16U*qTrp93 msg="dialStage: timed out dialing the peer"
[2026-10-07 10:36:41.045] [out] [delivery_module] DBG 2026-10-07 10:36:41.045+02:00 Kad lookup: RPC error                      topics="kad-dht find" tid=1150721 peer=16U*JuCbPs msg="dialStage: timed out dialing the peer"
[2026-10-07 10:36:41.049] [out] [delivery_module] DBG 2026-10-07 10:36:41.049+02:00 Kad lookup: RPC error                      topics="kad-dht find" tid=1150721 peer=16U*baEE4m msg="dialStage: timed out dialing the peer"
[2026-10-07 10:36:41.122] [out] [delivery_module] DBG 2026-10-07 10:36:41.122+02:00 Lookup query                               topics="kad-dht find" tid=1150721 peer=16U*JuCbPs
[2026-10-07 10:36:41.123] [out] [delivery_module] DBG 2026-10-07 10:36:41.123+02:00 Lookup query                               topics="kad-dht find" tid=1150721 peer=16U*7ZEp3L
[2026-10-07 10:36:41.123] [out] [delivery_module] DBG 2026-10-07 10:36:41.123+02:00 Lookup query                               topics="kad-dht find" tid=1150721 peer=16U*qTrp93
[2026-10-07 10:36:41.123] [out] [delivery_module] DBG 2026-10-07 10:36:41.123+02:00 Lookup query                               topics="kad-dht find" tid=1150721 peer=16U*baEE4m
[2026-10-07 10:36:41.123] [out] [delivery_module] DBG 2026-10-07 10:36:41.123+02:00 Lookup query                               topics="kad-dht find" tid=1150721 peer=16U*M2e2Us
[2026-10-07 10:36:41.123] [out] [delivery_module] DBG 2026-10-07 10:36:41.123+02:00 Kad lookup: RPC error                      topics="kad-dht find" tid=1150721 peer=16U*qTrp93 msg="dialStage: timed out dialing the peer"
[2026-10-07 10:36:41.158] [out] [delivery_module] DBG 2026-10-07 10:36:41.158+02:00 Kad lookup: RPC error                      topics="kad-dht find" tid=1150721 peer=16U*baEE4m msg="dialStage: timed out dialing the peer"
[2026-10-07 10:36:41.164] [out] [delivery_module] DBG 2026-10-07 10:36:41.163+02:00 Kad lookup: RPC error                      topics="kad-dht find" tid=1150721 peer=16U*JuCbPs msg="dialStage: timed out dialing the peer"
[2026-10-07 10:36:41.187] [out] [delivery_module] DBG 2026-10-07 10:36:41.186+02:00 Kad lookup: RPC error                      topics="kad-dht find" tid=1150721 peer=16U*7ZEp3L msg="dialStage: timed out dialing the peer"
[2026-10-07 10:36:41.187] [out] [delivery_module] DBG 2026-10-07 10:36:41.186+02:00 Kad lookup: RPC error                      topics="kad-dht find" tid=1150721 peer=16U*qTrp93 msg="dialStage: timed out dialing the peer"
[2026-10-07 10:36:41.262] [out] [delivery_module] DBG 2026-10-07 10:36:41.261+02:00 dialMe answer is not reachable             topics="libp2p autonatservice" tid=1150721 description="Peer could not dial us back: Dial timeout" peerId=16Uiu2HAkvCmpXVyfo16wPs9m3p2Z99ghpnZTFDyzzowVM7jqCixh
[2026-10-07 10:36:41.262] [out] [delivery_module] DBG 2026-10-07 10:36:41.261+02:00 Current status                             topics="libp2p autonatservice" tid=1150721 currentStats=Unknown confidence=none() answers=[NotReachable, NotReachable]
[2026-10-07 10:36:41.360] [out] [delivery_module] DBG 2026-10-07 10:36:41.360+02:00 Kad lookup: RPC error                      topics="kad-dht find" tid=1150721 peer=16U*M2e2Us msg="dialStage: timed out dialing the peer"
[2026-10-07 10:36:41.361] [out] [delivery_module] DBG 2026-10-07 10:36:41.360+02:00 Kad lookup: RPC error                      topics="kad-dht find" tid=1150721 peer=16U*qTrp93 msg="dialStage: timed out dialing the peer"
[2026-10-07 10:36:41.361] [out] [delivery_module] DBG 2026-10-07 10:36:41.360+02:00 Kad lookup: RPC error                      topics="kad-dht find" tid=1150721 peer=16U*baEE4m msg="dialStage: timed out dialing the peer"
[2026-10-07 10:36:41.380] [out] [delivery_module] DBG 2026-10-07 10:36:41.380+02:00 Lookup query                               topics="kad-dht find" tid=1150721 peer=16U*7ZEp3L
[2026-10-07 10:36:41.380] [out] [delivery_module] DBG 2026-10-07 10:36:41.380+02:00 Lookup query                               topics="kad-dht find" tid=1150721 peer=16U*JuCbPs
[2026-10-07 10:36:41.380] [out] [delivery_module] DBG 2026-10-07 10:36:41.380+02:00 Lookup query                               topics="kad-dht find" tid=1150721 peer=16U*qTrp93
[2026-10-07 10:36:41.380] [out] [delivery_module] DBG 2026-10-07 10:36:41.380+02:00 Lookup query                               topics="kad-dht find" tid=1150721 peer=16U*baEE4m
[2026-10-07 10:36:41.380] [out] [delivery_module] DBG 2026-10-07 10:36:41.380+02:00 Lookup query                               topics="kad-dht find" tid=1150721 peer=16U*M2e2Us
[2026-10-07 10:36:41.427] [out] [delivery_module] DBG 2026-10-07 10:36:41.425+02:00 Kad lookup: RPC error                      topics="kad-dht find" tid=1150721 peer=16U*M2e2Us msg="dialStage: timed out dialing the peer"
[2026-10-07 10:36:41.439] [out] [delivery_module] DBG 2026-10-07 10:36:41.436+02:00 Kad lookup: RPC error                      topics="kad-dht find" tid=1150721 peer=16U*baEE4m msg="dialStage: timed out dialing the peer"
[2026-10-07 10:36:41.571] [out] [delivery_module] DBG 2026-10-07 10:36:41.571+02:00 Kad lookup: RPC error                      topics="kad-dht find" tid=1150721 peer=16U*M2e2Us msg="dialStage: timed out dialing the peer"
[2026-10-07 10:36:42.605] [out] [delivery_module] DBG 2026-10-07 10:36:42.605+02:00 Creating stream                            tid=1150721
[2026-10-07 10:36:42.605] [out] [delivery_module] DBG 2026-10-07 10:36:42.605+02:00 New stream created                         tid=1150721
[2026-10-07 10:36:43.267] [out] [delivery_module] WRN 2026-10-07 10:36:43.267+02:00 NAT port mapping failed                    topics="libp2p natservice" tid=1150721 port=51218 proto=mpTcp err="plum: mapping 0 failed"
[2026-10-07 10:36:43.356] [out] [delivery_module] DBG 2026-10-07 10:36:43.356+02:00 getting adverts                            topics="service-disco discoverer" tid=1150721 serviceId=key:913B5C5DBE691438693215140388EC0C7DE80DE328BDE5BD7FC06F90568CEA40 registrar=16U*28TTLb
[2026-10-07 10:36:43.356] [out] [delivery_module] DBG 2026-10-07 10:36:43.356+02:00 getting adverts                            topics="service-disco discoverer" tid=1150721 serviceId=key:913B5C5DBE691438693215140388EC0C7DE80DE328BDE5BD7FC06F90568CEA40 registrar=16U*NSkuby
[2026-10-07 10:36:43.357] [out] [delivery_module] DBG 2026-10-07 10:36:43.357+02:00 getting adverts                            topics="service-disco discoverer" tid=1150721 serviceId=key:913B5C5DBE691438693215140388EC0C7DE80DE328BDE5BD7FC06F90568CEA40 registrar=16U*TwqBiH
[2026-10-07 10:36:43.357] [out] [delivery_module] DBG 2026-10-07 10:36:43.357+02:00 getting adverts                            topics="service-disco discoverer" tid=1150721 serviceId=key:913B5C5DBE691438693215140388EC0C7DE80DE328BDE5BD7FC06F90568CEA40 registrar=16U*jQfE1X
[2026-10-07 10:36:43.357] [out] [delivery_module] DBG 2026-10-07 10:36:43.357+02:00 getting adverts                            topics="service-disco discoverer" tid=1150721 serviceId=key:913B5C5DBE691438693215140388EC0C7DE80DE328BDE5BD7FC06F90568CEA40 registrar=16U*Nb4EaX
[2026-10-07 10:36:43.357] [out] [delivery_module] DBG 2026-10-07 10:36:43.357+02:00 Cannot insert self in routing table        topics="kad-dht rtable" tid=1150721 nodeId=key:002508021221033C19FC5EE01418F1753B47698DFA223541CA88120FD14CDF60C3F3793E50FD64
[2026-10-07 10:36:43.357] [out] [delivery_module] DBG 2026-10-07 10:36:43.357+02:00 adverts found                              topics="service-disco discoverer" tid=1150721 serviceId=key:913B5C5DBE691438693215140388EC0C7DE80DE328BDE5BD7FC06F90568CEA40 remote=16U*Nb4EaX count=0
[2026-10-07 10:36:43.357] [out] [delivery_module] DBG 2026-10-07 10:36:43.357+02:00 getting adverts                            topics="service-disco discoverer" tid=1150721 serviceId=key:E6738033B5D413D13CF58622CEB4EF8F392E8D4EB073B56A5486CB0431B2F5D8 registrar=16U*TwqBiH
[2026-10-07 10:36:43.357] [out] [delivery_module] DBG 2026-10-07 10:36:43.357+02:00 getting adverts                            topics="service-disco discoverer" tid=1150721 serviceId=key:E6738033B5D413D13CF58622CEB4EF8F392E8D4EB073B56A5486CB0431B2F5D8 registrar=16U*28TTLb
[2026-10-07 10:36:43.357] [out] [delivery_module] DBG 2026-10-07 10:36:43.357+02:00 getting adverts                            topics="service-disco discoverer" tid=1150721 serviceId=key:E6738033B5D413D13CF58622CEB4EF8F392E8D4EB073B56A5486CB0431B2F5D8 registrar=16U*NSkuby
[2026-10-07 10:36:43.358] [out] [delivery_module] DBG 2026-10-07 10:36:43.357+02:00 getting adverts                            topics="service-disco discoverer" tid=1150721 serviceId=key:E6738033B5D413D13CF58622CEB4EF8F392E8D4EB073B56A5486CB0431B2F5D8 registrar=16U*jQfE1X
[2026-10-07 10:36:43.358] [out] [delivery_module] DBG 2026-10-07 10:36:43.358+02:00 getting adverts                            topics="service-disco discoverer" tid=1150721 serviceId=key:E6738033B5D413D13CF58622CEB4EF8F392E8D4EB073B56A5486CB0431B2F5D8 registrar=16U*Nb4EaX
[2026-10-07 10:36:43.358] [out] [delivery_module] DBG 2026-10-07 10:36:43.358+02:00 Cannot insert self in routing table        topics="kad-dht rtable" tid=1150721 nodeId=key:002508021221033C19FC5EE01418F1753B47698DFA223541CA88120FD14CDF60C3F3793E50FD64
[2026-10-07 10:36:43.358] [out] [delivery_module] DBG 2026-10-07 10:36:43.358+02:00 adverts found                              topics="service-disco discoverer" tid=1150721 serviceId=key:E6738033B5D413D13CF58622CEB4EF8F392E8D4EB073B56A5486CB0431B2F5D8 remote=16U*Nb4EaX count=1
[2026-10-07 10:36:43.428] [out] [delivery_module] DBG 2026-10-07 10:36:43.428+02:00 adverts found                              topics="service-disco discoverer" tid=1150721 serviceId=key:913B5C5DBE691438693215140388EC0C7DE80DE328BDE5BD7FC06F90568CEA40 remote=16U*NSkuby count=1
[2026-10-07 10:36:43.435] [out] [delivery_module] DBG 2026-10-07 10:36:43.435+02:00 adverts found                              topics="service-disco discoverer" tid=1150721 serviceId=key:E6738033B5D413D13CF58622CEB4EF8F392E8D4EB073B56A5486CB0431B2F5D8 remote=16U*NSkuby count=5
[2026-10-07 10:36:44.742] [out] [delivery_module] DBG 2026-10-07 10:36:43.614+02:00 adverts found                              topics="service-disco discoverer" tid=1150721 serviceId=key:913B5C5DBE691438693215140388EC0C7DE80DE328BDE5BD7FC06F90568CEA40 remote=16U*28TTLb count=4
[2026-10-07 10:36:44.742] [out] [delivery_module] DBG 2026-10-07 10:36:43.616+02:00 adverts found                              topics="service-disco discoverer" tid=1150721 serviceId=key:913B5C5DBE691438693215140388EC0C7DE80DE328BDE5BD7FC06F90568CEA40 remote=16U*jQfE1X count=4
[2026-10-07 10:36:44.742] [out] [delivery_module] DBG 2026-10-07 10:36:43.622+02:00 adverts found                              topics="service-disco discoverer" tid=1150721 serviceId=key:E6738033B5D413D13CF58622CEB4EF8F392E8D4EB073B56A5486CB0431B2F5D8 remote=16U*28TTLb count=5
[2026-10-07 10:36:44.742] [out] [delivery_module] DBG 2026-10-07 10:36:43.645+02:00 adverts found                              topics="service-disco discoverer" tid=1150721 serviceId=key:913B5C5DBE691438693215140388EC0C7DE80DE328BDE5BD7FC06F90568CEA40 remote=16U*TwqBiH count=4
[2026-10-07 10:36:44.742] [out] [delivery_module] DBG 2026-10-07 10:36:43.646+02:00 adverts found                              topics="service-disco discoverer" tid=1150721 serviceId=key:E6738033B5D413D13CF58622CEB4EF8F392E8D4EB073B56A5486CB0431B2F5D8 remote=16U*TwqBiH count=7
[2026-10-07 10:36:44.742] [out] [delivery_module] DBG 2026-10-07 10:36:43.658+02:00 getting adverts                            topics="service-disco discoverer" tid=1150721 serviceId=key:913B5C5DBE691438693215140388EC0C7DE80DE328BDE5BD7FC06F90568CEA40 registrar=16U*VpJprH
[2026-10-07 10:36:44.742] [out] [delivery_module] DBG 2026-10-07 10:36:43.658+02:00 getting adverts                            topics="service-disco discoverer" tid=1150721 serviceId=key:913B5C5DBE691438693215140388EC0C7DE80DE328BDE5BD7FC06F90568CEA40 registrar=16U*T3UNSE
[2026-10-07 10:36:44.742] [out] [delivery_module] DBG 2026-10-07 10:36:43.659+02:00 getting adverts                            topics="service-disco discoverer" tid=1150721 serviceId=key:913B5C5DBE691438693215140388EC0C7DE80DE328BDE5BD7FC06F90568CEA40 registrar=16U*P1S397
[2026-10-07 10:36:44.742] [out] [delivery_module] DBG 2026-10-07 10:36:43.728+02:00 adverts found                              topics="service-disco discoverer" tid=1150721 serviceId=key:913B5C5DBE691438693215140388EC0C7DE80DE328BDE5BD7FC06F90568CEA40 remote=16U*VpJprH count=0
[2026-10-07 10:36:44.742] [out] [delivery_module] DBG 2026-10-07 10:36:43.805+02:00 Lookup query                               topics="kad-dht find" tid=1150721 peer=16U*M2e2Us
[2026-10-07 10:36:44.742] [out] [delivery_module] DBG 2026-10-07 10:36:43.805+02:00 Lookup query                               topics="kad-dht find" tid=1150721 peer=16U*7ZEp3L
[2026-10-07 10:36:44.742] [out] [delivery_module] DBG 2026-10-07 10:36:43.805+02:00 Lookup query                               topics="kad-dht find" tid=1150721 peer=16U*JuCbPs
[2026-10-07 10:36:44.742] [out] [delivery_module] DBG 2026-10-07 10:36:43.806+02:00 Lookup query                               topics="kad-dht find" tid=1150721 peer=16U*baEE4m
[2026-10-07 10:36:44.742] [out] [delivery_module] DBG 2026-10-07 10:36:43.806+02:00 Kad lookup: RPC error                      topics="kad-dht find" tid=1150721 peer=16U*JuCbPs msg="dialStage: timed out dialing the peer"
[2026-10-07 10:36:44.742] [out] [delivery_module] DBG 2026-10-07 10:36:43.807+02:00 Kad lookup: RPC error                      topics="kad-dht find" tid=1150721 peer=16U*M2e2Us msg="dialStage: timed out dialing the peer"
[2026-10-07 10:36:44.742] [out] [delivery_module] DBG 2026-10-07 10:36:43.808+02:00 Kad lookup: RPC error                      topics="kad-dht find" tid=1150721 peer=16U*baEE4m msg="dialStage: timed out dialing the peer"
[2026-10-07 10:36:44.742] [out] [delivery_module] DBG 2026-10-07 10:36:43.820+02:00 Lookup query                               topics="kad-dht find" tid=1150721 peer=16U*baEE4m
[2026-10-07 10:36:44.742] [out] [delivery_module] DBG 2026-10-07 10:36:43.820+02:00 Lookup query                               topics="kad-dht find" tid=1150721 peer=16U*7ZEp3L
[2026-10-07 10:36:44.742] [out] [delivery_module] DBG 2026-10-07 10:36:43.822+02:00 Kad lookup: RPC error                      topics="kad-dht find" tid=1150721 peer=16U*baEE4m msg="dialStage: timed out dialing the peer"
[2026-10-07 10:36:44.742] [out] [delivery_module] DBG 2026-10-07 10:36:43.884+02:00 Lookup query                               topics="kad-dht find" tid=1150721 peer=16U*qTrp93
[2026-10-07 10:36:44.742] [out] [delivery_module] DBG 2026-10-07 10:36:43.884+02:00 Kad lookup: RPC error                      topics="kad-dht find" tid=1150721 peer=16U*qTrp93 msg="dialStage: timed out dialing the peer"
[2026-10-07 10:36:44.742] [out] [delivery_module] DBG 2026-10-07 10:36:43.948+02:00 Lookup query                               topics="kad-dht find" tid=1150721 peer=16U*qTrp93
[2026-10-07 10:36:44.742] [out] [delivery_module] DBG 2026-10-07 10:36:43.948+02:00 Lookup query                               topics="kad-dht find" tid=1150721 peer=16U*JuCbPs
[2026-10-07 10:36:44.742] [out] [delivery_module] DBG 2026-10-07 10:36:43.956+02:00 Lookup query                               topics="kad-dht find" tid=1150721 peer=16U*M2e2Us
[2026-10-07 10:36:44.742] [out] [delivery_module] DBG 2026-10-07 10:36:43.959+02:00 Kad lookup: RPC error                      topics="kad-dht find" tid=1150721 peer=16U*JuCbPs msg="dialStage: timed out dialing the peer"
[2026-10-07 10:36:44.742] [out] [delivery_module] DBG 2026-10-07 10:36:43.959+02:00 Kad lookup: RPC error                      topics="kad-dht find" tid=1150721 peer=16U*qTrp93 msg="dialStage: timed out dialing the peer"
[2026-10-07 10:36:44.742] [out] [delivery_module] DBG 2026-10-07 10:36:43.960+02:00 Kad lookup: RPC error                      topics="kad-dht find" tid=1150721 peer=16U*M2e2Us msg="dialStage: timed out dialing the peer"
[2026-10-07 10:36:44.742] [out] [delivery_module] DBG 2026-10-07 10:36:44.115+02:00 Lookup query                               topics="kad-dht find" tid=1150721 peer=16U*JuCbPs
[2026-10-07 10:36:44.742] [out] [delivery_module] DBG 2026-10-07 10:36:44.115+02:00 Lookup query                               topics="kad-dht find" tid=1150721 peer=16U*qTrp93
[2026-10-07 10:36:44.742] [out] [delivery_module] DBG 2026-10-07 10:36:44.115+02:00 Lookup query                               topics="kad-dht find" tid=1150721 peer=16U*baEE4m
[2026-10-07 10:36:44.742] [out] [delivery_module] DBG 2026-10-07 10:36:44.115+02:00 Lookup query                               topics="kad-dht find" tid=1150721 peer=16U*M2e2Us
[2026-10-07 10:36:44.742] [out] [delivery_module] DBG 2026-10-07 10:36:44.116+02:00 Kad lookup: RPC error                      topics="kad-dht find" tid=1150721 peer=16U*JuCbPs msg="dialStage: timed out dialing the peer"
[2026-10-07 10:36:44.742] [out] [delivery_module] DBG 2026-10-07 10:36:44.116+02:00 Kad lookup: RPC error                      topics="kad-dht find" tid=1150721 peer=16U*qTrp93 msg="dialStage: timed out dialing the peer"
[2026-10-07 10:36:44.742] [out] [delivery_module] DBG 2026-10-07 10:36:44.116+02:00 Kad lookup: RPC error                      topics="kad-dht find" tid=1150721 peer=16U*M2e2Us msg="dialStage: timed out dialing the peer"
[2026-10-07 10:36:44.742] [out] [delivery_module] DBG 2026-10-07 10:36:44.116+02:00 Kad lookup: RPC error                      topics="kad-dht find" tid=1150721 peer=16U*baEE4m msg="dialStage: timed out dialing the peer"
[2026-10-07 10:36:44.742] [out] [delivery_module] DBG 2026-10-07 10:36:44.283+02:00 adverts found                              topics="service-disco discoverer" tid=1150721 serviceId=key:913B5C5DBE691438693215140388EC0C7DE80DE328BDE5BD7FC06F90568CEA40 remote=16U*P1S397 count=1
[2026-10-07 10:36:44.742] [out] [delivery_module] DBG 2026-10-07 10:36:44.315+02:00 Lookup query                               topics="kad-dht find" tid=1150721 peer=16U*JuCbPs
[2026-10-07 10:36:44.742] [out] [delivery_module] DBG 2026-10-07 10:36:44.315+02:00 Lookup query                               topics="kad-dht find" tid=1150721 peer=16U*qTrp93
[2026-10-07 10:36:44.742] [out] [delivery_module] DBG 2026-10-07 10:36:44.315+02:00 Lookup query                               topics="kad-dht find" tid=1150721 peer=16U*baEE4m
[2026-10-07 10:36:44.742] [out] [delivery_module] DBG 2026-10-07 10:36:44.315+02:00 Lookup query                               topics="kad-dht find" tid=1150721 peer=16U*M2e2Us
[2026-10-07 10:36:44.742] [out] [delivery_module] DBG 2026-10-07 10:36:44.317+02:00 Kad lookup: RPC error                      topics="kad-dht find" tid=1150721 peer=16U*qTrp93 msg="dialStage: timed out dialing the peer"
[2026-10-07 10:36:44.742] [out] [delivery_module] DBG 2026-10-07 10:36:44.317+02:00 Kad lookup: RPC error                      topics="kad-dht find" tid=1150721 peer=16U*JuCbPs msg="dialStage: timed out dialing the peer"
[2026-10-07 10:36:44.742] [out] [delivery_module] DBG 2026-10-07 10:36:44.317+02:00 Kad lookup: RPC error                      topics="kad-dht find" tid=1150721 peer=16U*baEE4m msg="dialStage: timed out dialing the peer"
[2026-10-07 10:36:44.742] [out] [delivery_module] DBG 2026-10-07 10:36:44.317+02:00 Kad lookup: RPC error                      topics="kad-dht find" tid=1150721 peer=16U*M2e2Us msg="dialStage: timed out dialing the peer"
[2026-10-07 10:36:44.742] [out] [delivery_module] DBG 2026-10-07 10:36:44.323+02:00 adverts found                              topics="service-disco discoverer" tid=1150721 serviceId=key:E6738033B5D413D13CF58622CEB4EF8F392E8D4EB073B56A5486CB0431B2F5D8 remote=16U*jQfE1X count=6
[2026-10-07 10:36:44.742] [out] [delivery_module] DBG 2026-10-07 10:36:44.329+02:00 getting adverts                            topics="service-disco discoverer" tid=1150721 serviceId=key:E6738033B5D413D13CF58622CEB4EF8F392E8D4EB073B56A5486CB0431B2F5D8 registrar=16U*kGyuEP
[2026-10-07 10:36:44.742] [out] [delivery_module] DBG 2026-10-07 10:36:44.330+02:00 getting adverts                            topics="service-disco discoverer" tid=1150721 serviceId=key:E6738033B5D413D13CF58622CEB4EF8F392E8D4EB073B56A5486CB0431B2F5D8 registrar=16U*2FWeUS
[2026-10-07 10:36:44.742] [out] [delivery_module] DBG 2026-10-07 10:36:44.330+02:00 getting adverts                            topics="service-disco discoverer" tid=1150721 serviceId=key:E6738033B5D413D13CF58622CEB4EF8F392E8D4EB073B56A5486CB0431B2F5D8 registrar=16U*yWaRuc
[2026-10-07 10:36:44.908] [out] [delivery_module] DBG 2026-10-07 10:36:44.330+02:00 Creating stream                            tid=1150721
[2026-10-07 10:36:44.908] [out] [delivery_module] DBG 2026-10-07 10:36:44.330+02:00 New stream created                         tid=1150721
[2026-10-07 10:36:44.908] [out] [delivery_module] DBG 2026-10-07 10:36:44.330+02:00 getting adverts                            topics="service-disco discoverer" tid=1150721 serviceId=key:E6738033B5D413D13CF58622CEB4EF8F392E8D4EB073B56A5486CB0431B2F5D8 registrar=16U*CKtDKK
[2026-10-07 10:36:44.909] [out] [delivery_module] DBG 2026-10-07 10:36:44.335+02:00 adverts found                              topics="service-disco discoverer" tid=1150721 serviceId=key:E6738033B5D413D13CF58622CEB4EF8F392E8D4EB073B56A5486CB0431B2F5D8 remote=16U*yWaRuc count=6
[2026-10-07 10:36:44.909] [out] [delivery_module] DBG 2026-10-07 10:36:44.661+02:00 adverts found                              topics="service-disco discoverer" tid=1150721 serviceId=key:E6738033B5D413D13CF58622CEB4EF8F392E8D4EB073B56A5486CB0431B2F5D8 remote=16U*CKtDKK count=3
[2026-10-07 10:36:44.910] [out] [delivery_module] DBG 2026-10-07 10:36:44.661+02:00 adverts found                              topics="service-disco discoverer" tid=1150721 serviceId=key:E6738033B5D413D13CF58622CEB4EF8F392E8D4EB073B56A5486CB0431B2F5D8 remote=16U*2FWeUS count=6
[2026-10-07 10:36:45.034] [out] [delivery_module] DBG 2026-10-07 10:36:44.752+02:00 adverts found                              topics="service-disco discoverer" tid=1150721 serviceId=key:E6738033B5D413D13CF58622CEB4EF8F392E8D4EB073B56A5486CB0431B2F5D8 remote=16U*kGyuEP count=3
[2026-10-07 10:36:45.034] [out] [delivery_module] DBG 2026-10-07 10:36:44.767+02:00 getting adverts                            topics="service-disco discoverer" tid=1150721 serviceId=key:E6738033B5D413D13CF58622CEB4EF8F392E8D4EB073B56A5486CB0431B2F5D8 registrar=16U*VpJprH
[2026-10-07 10:36:45.034] [out] [delivery_module] DBG 2026-10-07 10:36:44.769+02:00 adverts found                              topics="service-disco discoverer" tid=1150721 serviceId=key:913B5C5DBE691438693215140388EC0C7DE80DE328BDE5BD7FC06F90568CEA40 remote=16U*T3UNSE count=2
[2026-10-07 10:36:45.034] [out] [delivery_module] DBG 2026-10-07 10:36:44.774+02:00 getting adverts                            topics="service-disco discoverer" tid=1150721 serviceId=key:913B5C5DBE691438693215140388EC0C7DE80DE328BDE5BD7FC06F90568CEA40 registrar=16U*CKtDKK
[2026-10-07 10:36:45.034] [out] [delivery_module] DBG 2026-10-07 10:36:44.867+02:00 adverts found                              topics="service-disco discoverer" tid=1150721 serviceId=key:E6738033B5D413D13CF58622CEB4EF8F392E8D4EB073B56A5486CB0431B2F5D8 remote=16U*VpJprH count=5
[2026-10-07 10:36:45.034] [out] [delivery_module] DBG 2026-10-07 10:36:44.882+02:00 getting adverts                            topics="service-disco discoverer" tid=1150721 serviceId=key:E6738033B5D413D13CF58622CEB4EF8F392E8D4EB073B56A5486CB0431B2F5D8 registrar=16U*T3UNSE
[2026-10-07 10:36:45.034] [out] [delivery_module] DBG 2026-10-07 10:36:44.882+02:00 getting adverts                            topics="service-disco discoverer" tid=1150721 serviceId=key:E6738033B5D413D13CF58622CEB4EF8F392E8D4EB073B56A5486CB0431B2F5D8 registrar=16U*P1S397
[2026-10-07 10:36:45.060] [out] [delivery_module] DBG 2026-10-07 10:36:45.029+02:00 adverts found                              topics="service-disco discoverer" tid=1150721 serviceId=key:913B5C5DBE691438693215140388EC0C7DE80DE328BDE5BD7FC06F90568CEA40 remote=16U*CKtDKK count=3
[2026-10-07 10:36:45.060] [out] [delivery_module] DBG 2026-10-07 10:36:45.032+02:00 getting adverts                            topics="service-disco discoverer" tid=1150721 serviceId=key:913B5C5DBE691438693215140388EC0C7DE80DE328BDE5BD7FC06F90568CEA40 registrar=16U*2FWeUS
[2026-10-07 10:36:45.060] [out] [delivery_module] DBG 2026-10-07 10:36:45.032+02:00 getting adverts                            topics="service-disco discoverer" tid=1150721 serviceId=key:913B5C5DBE691438693215140388EC0C7DE80DE328BDE5BD7FC06F90568CEA40 registrar=16U*kGyuEP
[2026-10-07 10:36:45.060] [out] [delivery_module] DBG 2026-10-07 10:36:45.032+02:00 getting adverts                            topics="service-disco discoverer" tid=1150721 serviceId=key:913B5C5DBE691438693215140388EC0C7DE80DE328BDE5BD7FC06F90568CEA40 registrar=16U*yWaRuc
[2026-10-07 10:36:45.060] [out] [delivery_module] DBG 2026-10-07 10:36:45.032+02:00 Creating stream                            tid=1150721
[2026-10-07 10:36:45.060] [out] [delivery_module] DBG 2026-10-07 10:36:45.032+02:00 New stream created                         tid=1150721
[2026-10-07 10:36:45.083] [out] [delivery_module] DBG 2026-10-07 10:36:45.035+02:00 adverts found                              topics="service-disco discoverer" tid=1150721 serviceId=key:913B5C5DBE691438693215140388EC0C7DE80DE328BDE5BD7FC06F90568CEA40 remote=16U*yWaRuc count=3
[2026-10-07 10:36:45.251] [out] [delivery_module] DBG 2026-10-07 10:36:45.244+02:00 Lookup query                               topics="kad-dht find" tid=1150721 peer=16U*M2e2Us
[2026-10-07 10:36:45.251] [out] [delivery_module] DBG 2026-10-07 10:36:45.244+02:00 Lookup query                               topics="kad-dht find" tid=1150721 peer=16U*7ZEp3L
[2026-10-07 10:36:45.251] [out] [delivery_module] DBG 2026-10-07 10:36:45.244+02:00 Lookup query                               topics="kad-dht find" tid=1150721 peer=16U*JuCbPs
[2026-10-07 10:36:45.251] [out] [delivery_module] DBG 2026-10-07 10:36:45.244+02:00 Lookup query                               topics="kad-dht find" tid=1150721 peer=16U*qTrp93
[2026-10-07 10:36:45.251] [out] [delivery_module] DBG 2026-10-07 10:36:45.244+02:00 Lookup query                               topics="kad-dht find" tid=1150721 peer=16U*baEE4m
[2026-10-07 10:36:45.251] [out] [delivery_module] DBG 2026-10-07 10:36:45.245+02:00 Kad lookup: RPC error                      topics="kad-dht find" tid=1150721 peer=16U*M2e2Us msg="dialStage: timed out dialing the peer"
[2026-10-07 10:36:45.251] [out] [delivery_module] DBG 2026-10-07 10:36:45.245+02:00 Kad lookup: RPC error                      topics="kad-dht find" tid=1150721 peer=16U*baEE4m msg="dialStage: timed out dialing the peer"
[2026-10-07 10:36:45.251] [out] [delivery_module] DBG 2026-10-07 10:36:45.245+02:00 Kad lookup: RPC error                      topics="kad-dht find" tid=1150721 peer=16U*qTrp93 msg="dialStage: timed out dialing the peer"
[2026-10-07 10:36:45.251] [out] [delivery_module] DBG 2026-10-07 10:36:45.245+02:00 Kad lookup: RPC error                      topics="kad-dht find" tid=1150721 peer=16U*JuCbPs msg="dialStage: timed out dialing the peer"
[2026-10-07 10:36:45.275] [out] [delivery_module] DBG 2026-10-07 10:36:45.252+02:00 Lookup query                               topics="kad-dht find" tid=1150721 peer=16U*JuCbPs
[2026-10-07 10:36:45.275] [out] [delivery_module] DBG 2026-10-07 10:36:45.252+02:00 Kad lookup: RPC error                      topics="kad-dht find" tid=1150721 peer=16U*JuCbPs msg="dialStage: timed out dialing the peer"
[2026-10-07 10:36:45.275] [out] [delivery_module] WRN 2026-10-07 10:36:45.270+02:00 NAT port mapping failed                    topics="libp2p natservice" tid=1150721 port=50339 proto=mpUdp err="plum: mapping 0 failed"
[2026-10-07 10:36:45.311] [out] [delivery_module] DBG 2026-10-07 10:36:45.308+02:00 Lookup query                               topics="kad-dht find" tid=1150721 peer=16U*7ZEp3L
[2026-10-07 10:36:45.311] [out] [delivery_module] DBG 2026-10-07 10:36:45.308+02:00 Kad lookup: RPC error                      topics="kad-dht find" tid=1150721 peer=16U*7ZEp3L msg="dialStage: timed out dialing the peer"
[2026-10-07 10:36:45.324] [out] [delivery_module] DBG 2026-10-07 10:36:45.312+02:00 adverts found                              topics="service-disco discoverer" tid=1150721 serviceId=key:913B5C5DBE691438693215140388EC0C7DE80DE328BDE5BD7FC06F90568CEA40 remote=16U*2FWeUS count=6
[2026-10-07 10:36:45.324] [out] [delivery_module] DBG 2026-10-07 10:36:45.316+02:00 adverts found                              topics="service-disco discoverer" tid=1150721 serviceId=key:E6738033B5D413D13CF58622CEB4EF8F392E8D4EB073B56A5486CB0431B2F5D8 remote=16U*P1S397 count=8
[2026-10-07 10:36:45.376] [out] [delivery_module] DBG 2026-10-07 10:36:45.362+02:00 Lookup query                               topics="kad-dht find" tid=1150721 peer=16U*7ZEp3L
[2026-10-07 10:36:45.377] [out] [delivery_module] DBG 2026-10-07 10:36:45.362+02:00 Lookup query                               topics="kad-dht find" tid=1150721 peer=16U*baEE4m
[2026-10-07 10:36:45.377] [out] [delivery_module] DBG 2026-10-07 10:36:45.363+02:00 Kad lookup: RPC error                      topics="kad-dht find" tid=1150721 peer=16U*baEE4m msg="dialStage: timed out dialing the peer"
[2026-10-07 10:36:45.377] [out] [delivery_module] DBG 2026-10-07 10:36:45.363+02:00 Kad lookup: RPC error                      topics="kad-dht find" tid=1150721 peer=16U*7ZEp3L msg="dialStage: timed out dialing the peer"
[2026-10-07 10:36:45.377] [out] [delivery_module] DBG 2026-10-07 10:36:45.370+02:00 Lookup query                               topics="kad-dht find" tid=1150721 peer=16U*qTrp93
[2026-10-07 10:36:45.377] [out] [delivery_module] DBG 2026-10-07 10:36:45.370+02:00 Lookup query                               topics="kad-dht find" tid=1150721 peer=16U*M2e2Us
[2026-10-07 10:36:45.377] [out] [delivery_module] DBG 2026-10-07 10:36:45.370+02:00 Kad lookup: RPC error                      topics="kad-dht find" tid=1150721 peer=16U*qTrp93 msg="dialStage: timed out dialing the peer"
[2026-10-07 10:36:45.377] [out] [delivery_module] DBG 2026-10-07 10:36:45.370+02:00 Kad lookup: RPC error                      topics="kad-dht find" tid=1150721 peer=16U*M2e2Us msg="dialStage: timed out dialing the peer"
[2026-10-07 10:36:45.447] [out] [delivery_module] DBG 2026-10-07 10:36:45.388+02:00 Lookup query                               topics="kad-dht find" tid=1150721 peer=16U*qTrp93
[2026-10-07 10:36:45.447] [out] [delivery_module] DBG 2026-10-07 10:36:45.388+02:00 Lookup query                               topics="kad-dht find" tid=1150721 peer=16U*baEE4m
[2026-10-07 10:36:45.447] [out] [delivery_module] DBG 2026-10-07 10:36:45.388+02:00 Lookup query                               topics="kad-dht find" tid=1150721 peer=16U*7ZEp3L
[2026-10-07 10:36:45.447] [out] [delivery_module] DBG 2026-10-07 10:36:45.389+02:00 Kad lookup: RPC error                      topics="kad-dht find" tid=1150721 peer=16U*qTrp93 msg="dialStage: timed out dialing the peer"
[2026-10-07 10:36:45.447] [out] [delivery_module] DBG 2026-10-07 10:36:45.389+02:00 Kad lookup: RPC error                      topics="kad-dht find" tid=1150721 peer=16U*baEE4m msg="dialStage: timed out dialing the peer"
[2026-10-07 10:36:45.447] [out] [delivery_module] DBG 2026-10-07 10:36:45.389+02:00 Kad lookup: RPC error                      topics="kad-dht find" tid=1150721 peer=16U*7ZEp3L msg="dialStage: timed out dialing the peer"
[2026-10-07 10:36:45.476] [out] [delivery_module] DBG 2026-10-07 10:36:45.451+02:00 adverts found                              topics="service-disco discoverer" tid=1150721 serviceId=key:913B5C5DBE691438693215140388EC0C7DE80DE328BDE5BD7FC06F90568CEA40 remote=16U*kGyuEP count=2
[2026-10-07 10:36:45.476] [out] [delivery_module] DBG 2026-10-07 10:36:45.467+02:00 Peer added via service discovery           topics="waku service discovery" tid=1150721 source="service lookup" peerId=16Uiu2HAm8YokiNun9BkeA1ZRmhLbtNUvcwRr64F69tYj9fkGyuEP addresses="[/ip4/47.242.130.189/tcp/30303, /ip4/47.242.130.189/udp/30303/quic-v1, /dns4/delivery-01.ac-cn-hongkong-c.logos.dev.status.im/tcp/30303]" protocols="[/mix/1.0.0]"
[2026-10-07 10:36:45.476] [out] [delivery_module] DBG 2026-10-07 10:36:45.467+02:00 Peer added via service discovery           topics="waku service discovery" tid=1150721 source="service lookup" peerId=16Uiu2HAm4S1JYkuzDKLKQvwgAhZKs9otxXqt8SCGtB4hoJP1S397 addresses="[/ip4/136.119.156.87/tcp/30303, /ip4/136.119.156.87/udp/30303/quic-v1, /dns4/delivery-01.gc-us-central1-a.logos.dev.status.im/tcp/30303]" protocols="[/mix/1.0.0]"
[2026-10-07 10:36:45.476] [out] [delivery_module] DBG 2026-10-07 10:36:45.467+02:00 Peer added via service discovery           topics="waku service discovery" tid=1150721 source="service lookup" peerId=16Uiu2HAm7x52UXKinnZ4Ld26Wwn5e8J8eJtqaotXFiM7NGyWaRuc addresses="[/ip4/172.16.34.89/tcp/53686, /ip4/172.16.34.89/udp/60946/quic-v1]" protocols="[/mix/1.0.0]"
[2026-10-07 10:36:45.476] [out] [delivery_module] DBG 2026-10-07 10:36:45.467+02:00 Peer added via service discovery           topics="waku service discovery" tid=1150721 source="service lookup" peerId=16Uiu2HAm8Y9kgBNtjxvCnf1X6gnZJW5EGE4UwwCL3CCm55TwqBiH addresses="[/ip4/34.123.201.25/tcp/30303, /ip4/34.123.201.25/udp/30303/quic-v1, /dns4/delivery-02.gc-us-central1-a.logos.dev.status.im/tcp/30303]" protocols="[/mix/1.0.0]"
[2026-10-07 10:36:45.476] [out] [delivery_module] DBG 2026-10-07 10:36:45.467+02:00 Peer added via service discovery           topics="waku service discovery" tid=1150721 source="service lookup" peerId=16Uiu2HAmMK7PYygBtKUQ8EHp7EfaD3bCEsJrkFooK8RQ2PVpJprH addresses="[/ip4/174.138.106.244/tcp/30303, /ip4/174.138.106.244/udp/30303/quic-v1, /dns4/delivery-02.do-ams3.logos.dev.status.im/tcp/30303]" protocols="[/mix/1.0.0]"
[2026-10-07 10:36:45.476] [out] [delivery_module] DBG 2026-10-07 10:36:45.467+02:00 Peer added via service discovery           topics="waku service discovery" tid=1150721 source="service lookup" peerId=16Uiu2HAmTUbnxLGT9JvV6mu9oPyDjqHK4Phs1VDJNUgESgNSkuby addresses="[/ip4/138.68.122.137/tcp/30303, /ip4/138.68.122.137/udp/30303/quic-v1, /dns4/delivery-01.do-ams3.logos.dev.status.im/tcp/30303]" protocols="[/mix/1.0.0]"
[2026-10-07 10:36:45.476] [out] [delivery_module] DBG 2026-10-07 10:36:45.467+02:00 Peer added via service discovery           topics="waku service discovery" tid=1150721 source="service lookup" peerId=16Uiu2HAkvwhGHKNry6LACrB8TmEFoCJKEX29XR5dDUzk3UT3UNSE addresses="[/ip4/43.99.103.10/tcp/30303, /ip4/43.99.103.10/udp/30303/quic-v1, /dns4/delivery-02.ac-cn-hongkong-c.logos.dev.status.im/tcp/30303]" protocols="[/mix/1.0.0]"
[2026-10-07 10:36:45.476] [out] [delivery_module] DBG 2026-10-07 10:36:45.467+02:00 Service lookup complete                    topics="waku service discovery" tid=1150721 service=/mix/1.0.0 found=7
[2026-10-07 10:36:45.476] [out] [delivery_module] DBG 2026-10-07 10:36:45.471+02:00 calculateConnectionState                   tid=1150721 relayCount=12 storeClientCount=6 lightpushCount=12 filterCount=12
[2026-10-07 10:36:45.484] [out] [delivery_module] DBG 2026-10-07 10:36:45.483+02:00 Lookup query                               topics="kad-dht find" tid=1150721 peer=16U*JuCbPs
[2026-10-07 10:36:45.484] [out] [delivery_module] DBG 2026-10-07 10:36:45.484+02:00 Kad lookup: RPC error                      topics="kad-dht find" tid=1150721 peer=16U*JuCbPs msg="dialStage: timed out dialing the peer"
[2026-10-07 10:36:45.500] [out] [delivery_module] DBG 2026-10-07 10:36:45.499+02:00 Lookup query                               topics="kad-dht find" tid=1150721 peer=16U*M2e2Us
[2026-10-07 10:36:45.500] [out] [delivery_module] DBG 2026-10-07 10:36:45.500+02:00 Kad lookup: RPC error                      topics="kad-dht find" tid=1150721 peer=16U*M2e2Us msg="dialStage: timed out dialing the peer"
[2026-10-07 10:36:45.517] [out] [delivery_module] DBG 2026-10-07 10:36:45.513+02:00 Lookup query                               topics="kad-dht find" tid=1150721 peer=16U*baEE4m
[2026-10-07 10:36:45.517] [out] [delivery_module] DBG 2026-10-07 10:36:45.513+02:00 Lookup query                               topics="kad-dht find" tid=1150721 peer=16U*7ZEp3L
[2026-10-07 10:36:45.517] [out] [delivery_module] DBG 2026-10-07 10:36:45.514+02:00 Kad lookup: RPC error                      topics="kad-dht find" tid=1150721 peer=16U*baEE4m msg="dialStage: timed out dialing the peer"
[2026-10-07 10:36:45.517] [out] [delivery_module] DBG 2026-10-07 10:36:45.514+02:00 Kad lookup: RPC error                      topics="kad-dht find" tid=1150721 peer=16U*7ZEp3L msg="dialStage: timed out dialing the peer"
[2026-10-07 10:36:45.533] [out] [delivery_module] DBG 2026-10-07 10:36:45.519+02:00 Lookup query                               topics="kad-dht find" tid=1150721 peer=16U*qTrp93
[2026-10-07 10:36:45.533] [out] [delivery_module] DBG 2026-10-07 10:36:45.527+02:00 Lookup query                               topics="kad-dht find" tid=1150721 peer=16U*M2e2Us
[2026-10-07 10:36:45.533] [out] [delivery_module] DBG 2026-10-07 10:36:45.527+02:00 Kad lookup: RPC error                      topics="kad-dht find" tid=1150721 peer=16U*qTrp93 msg="dialStage: timed out dialing the peer"
[2026-10-07 10:36:45.533] [out] [delivery_module] DBG 2026-10-07 10:36:45.529+02:00 Kad lookup: RPC error                      topics="kad-dht find" tid=1150721 peer=16U*M2e2Us msg="dialStage: timed out dialing the peer"
[2026-10-07 10:36:45.607] [out] [delivery_module] DBG 2026-10-07 10:36:45.602+02:00 Lookup query                               topics="kad-dht find" tid=1150721 peer=16U*JuCbPs
[2026-10-07 10:36:45.607] [out] [delivery_module] DBG 2026-10-07 10:36:45.602+02:00 Kad lookup: RPC error                      topics="kad-dht find" tid=1150721 peer=16U*JuCbPs msg="dialStage: timed out dialing the peer"
[2026-10-07 10:36:45.633] [out] [delivery_module] DBG 2026-10-07 10:36:45.631+02:00 Lookup query                               topics="kad-dht find" tid=1150721 peer=16U*JuCbPs
[2026-10-07 10:36:45.633] [out] [delivery_module] DBG 2026-10-07 10:36:45.633+02:00 Kad lookup: RPC error                      topics="kad-dht find" tid=1150721 peer=16U*JuCbPs msg="dialStage: timed out dialing the peer"
[2026-10-07 10:36:45.651] [out] [delivery_module] DBG 2026-10-07 10:36:45.643+02:00 Lookup query                               topics="kad-dht find" tid=1150721 peer=16U*M2e2Us
[2026-10-07 10:36:45.652] [out] [delivery_module] DBG 2026-10-07 10:36:45.647+02:00 Kad lookup: RPC error                      topics="kad-dht find" tid=1150721 peer=16U*M2e2Us msg="dialStage: timed out dialing the peer"
[2026-10-07 10:36:45.652] [out] [delivery_module] DBG 2026-10-07 10:36:45.651+02:00 Lookup query                               topics="kad-dht find" tid=1150721 peer=16U*JuCbPs
[2026-10-07 10:36:45.652] [out] [delivery_module] DBG 2026-10-07 10:36:45.652+02:00 Kad lookup: RPC error                      topics="kad-dht find" tid=1150721 peer=16U*JuCbPs msg="dialStage: timed out dialing the peer"
[2026-10-07 10:36:45.789] [out] [delivery_module] DBG 2026-10-07 10:36:45.758+02:00 Lookup query                               topics="kad-dht find" tid=1150721 peer=16U*qTrp93
[2026-10-07 10:36:45.789] [out] [delivery_module] DBG 2026-10-07 10:36:45.759+02:00 Kad lookup: RPC error                      topics="kad-dht find" tid=1150721 peer=16U*qTrp93 msg="dialStage: timed out dialing the peer"
[2026-10-07 10:36:45.789] [out] [delivery_module] DBG 2026-10-07 10:36:45.766+02:00 Lookup query                               topics="kad-dht find" tid=1150721 peer=16U*baEE4m
[2026-10-07 10:36:45.789] [out] [delivery_module] DBG 2026-10-07 10:36:45.767+02:00 Kad lookup: RPC error                      topics="kad-dht find" tid=1150721 peer=16U*baEE4m msg="dialStage: timed out dialing the peer"
[2026-10-07 10:36:45.789] [out] [delivery_module] DBG 2026-10-07 10:36:45.781+02:00 Lookup query                               topics="kad-dht find" tid=1150721 peer=16U*qTrp93
[2026-10-07 10:36:45.789] [out] [delivery_module] DBG 2026-10-07 10:36:45.781+02:00 Kad lookup: RPC error                      topics="kad-dht find" tid=1150721 peer=16U*qTrp93 msg="dialStage: timed out dialing the peer"
[2026-10-07 10:36:45.883] [out] [delivery_module] DBG 2026-10-07 10:36:45.882+02:00 Lookup query                               topics="kad-dht find" tid=1150721 peer=16U*baEE4m
[2026-10-07 10:36:45.885] [out] [delivery_module] DBG 2026-10-07 10:36:45.883+02:00 Kad lookup: RPC error                      topics="kad-dht find" tid=1150721 peer=16U*baEE4m msg="dialStage: timed out dialing the peer"
[2026-10-07 10:36:45.904] [out] [delivery_module] DBG 2026-10-07 10:36:45.903+02:00 Lookup query                               topics="kad-dht find" tid=1150721 peer=16U*7ZEp3L
[2026-10-07 10:36:45.904] [out] [delivery_module] DBG 2026-10-07 10:36:45.903+02:00 Kad lookup: RPC error                      topics="kad-dht find" tid=1150721 peer=16U*7ZEp3L msg="dialStage: timed out dialing the peer"
[2026-10-07 10:36:45.958] [out] [delivery_module] DBG 2026-10-07 10:36:45.958+02:00 Lookup query                               topics="kad-dht find" tid=1150721 peer=16U*M2e2Us
[2026-10-07 10:36:45.959] [out] [delivery_module] DBG 2026-10-07 10:36:45.959+02:00 Kad lookup: RPC error                      topics="kad-dht find" tid=1150721 peer=16U*M2e2Us msg="dialStage: timed out dialing the peer"
[2026-10-07 10:36:46.124] [out] [delivery_module] DBG 2026-10-07 10:36:46.124+02:00 Lookup query                               topics="kad-dht find" tid=1150721 peer=16U*JuCbPs
[2026-10-07 10:36:46.124] [out] [delivery_module] DBG 2026-10-07 10:36:46.124+02:00 Lookup query                               topics="kad-dht find" tid=1150721 peer=16U*7ZEp3L
[2026-10-07 10:36:46.124] [out] [delivery_module] DBG 2026-10-07 10:36:46.124+02:00 Lookup query                               topics="kad-dht find" tid=1150721 peer=16U*qTrp93
[2026-10-07 10:36:46.124] [out] [delivery_module] DBG 2026-10-07 10:36:46.124+02:00 Lookup query                               topics="kad-dht find" tid=1150721 peer=16U*baEE4m
[2026-10-07 10:36:46.124] [out] [delivery_module] DBG 2026-10-07 10:36:46.124+02:00 Lookup query                               topics="kad-dht find" tid=1150721 peer=16U*M2e2Us
[2026-10-07 10:36:46.125] [out] [delivery_module] DBG 2026-10-07 10:36:46.125+02:00 Kad lookup: RPC error                      topics="kad-dht find" tid=1150721 peer=16U*JuCbPs msg="dialStage: timed out dialing the peer"
[2026-10-07 10:36:46.125] [out] [delivery_module] DBG 2026-10-07 10:36:46.125+02:00 Kad lookup: RPC error                      topics="kad-dht find" tid=1150721 peer=16U*qTrp93 msg="dialStage: timed out dialing the peer"
[2026-10-07 10:36:46.125] [out] [delivery_module] DBG 2026-10-07 10:36:46.125+02:00 Kad lookup: RPC error                      topics="kad-dht find" tid=1150721 peer=16U*7ZEp3L msg="dialStage: timed out dialing the peer"
[2026-10-07 10:36:46.125] [out] [delivery_module] DBG 2026-10-07 10:36:46.125+02:00 Kad lookup: RPC error                      topics="kad-dht find" tid=1150721 peer=16U*baEE4m msg="dialStage: timed out dialing the peer"
[2026-10-07 10:36:46.125] [out] [delivery_module] DBG 2026-10-07 10:36:46.125+02:00 Kad lookup: RPC error                      topics="kad-dht find" tid=1150721 peer=16U*M2e2Us msg="dialStage: timed out dialing the peer"
[2026-10-07 10:36:46.384] [out] [delivery_module] DBG 2026-10-07 10:36:46.383+02:00 Lookup query                               topics="kad-dht find" tid=1150721 peer=16U*7ZEp3L
[2026-10-07 10:36:46.384] [out] [delivery_module] DBG 2026-10-07 10:36:46.383+02:00 Lookup query                               topics="kad-dht find" tid=1150721 peer=16U*JuCbPs
[2026-10-07 10:36:46.385] [out] [delivery_module] DBG 2026-10-07 10:36:46.383+02:00 Lookup query                               topics="kad-dht find" tid=1150721 peer=16U*qTrp93
[2026-10-07 10:36:46.385] [out] [delivery_module] DBG 2026-10-07 10:36:46.383+02:00 Lookup query                               topics="kad-dht find" tid=1150721 peer=16U*baEE4m
[2026-10-07 10:36:46.385] [out] [delivery_module] DBG 2026-10-07 10:36:46.383+02:00 Lookup query                               topics="kad-dht find" tid=1150721 peer=16U*M2e2Us
[2026-10-07 10:36:46.386] [out] [delivery_module] DBG 2026-10-07 10:36:46.384+02:00 Kad lookup: RPC error                      topics="kad-dht find" tid=1150721 peer=16U*qTrp93 msg="dialStage: timed out dialing the peer"
[2026-10-07 10:36:46.386] [out] [delivery_module] DBG 2026-10-07 10:36:46.384+02:00 Kad lookup: RPC error                      topics="kad-dht find" tid=1150721 peer=16U*7ZEp3L msg="dialStage: timed out dialing the peer"
[2026-10-07 10:36:46.386] [out] [delivery_module] DBG 2026-10-07 10:36:46.384+02:00 Kad lookup: RPC error                      topics="kad-dht find" tid=1150721 peer=16U*baEE4m msg="dialStage: timed out dialing the peer"
[2026-10-07 10:36:46.386] [out] [delivery_module] DBG 2026-10-07 10:36:46.384+02:00 Kad lookup: RPC error                      topics="kad-dht find" tid=1150721 peer=16U*M2e2Us msg="dialStage: timed out dialing the peer"
[2026-10-07 10:36:46.386] [out] [delivery_module] DBG 2026-10-07 10:36:46.384+02:00 Kad lookup: RPC error                      topics="kad-dht find" tid=1150721 peer=16U*JuCbPs msg="dialStage: timed out dialing the peer"
[2026-10-07 10:36:46.510] [out] [delivery_module] DBG 2026-10-07 10:36:46.510+02:00 adverts found                              topics="service-disco discoverer" tid=1150721 serviceId=key:E6738033B5D413D13CF58622CEB4EF8F392E8D4EB073B56A5486CB0431B2F5D8 remote=16U*T3UNSE count=10
[2026-10-07 10:36:46.525] [out] [delivery_module] DBG 2026-10-07 10:36:46.522+02:00 Peer added via service discovery           topics="waku service discovery" tid=1150721 source="service lookup" peerId=16Uiu2HAmQNy6gx7xKWAhCNN7T7ScjNY1kugZWnXAtkek6w28TTLb addresses="[/ip4/173.42.114.210/tcp/36503]" protocols="[/logos/delivery]"
[2026-10-07 10:36:46.525] [out] [delivery_module] DBG 2026-10-07 10:36:46.522+02:00 Peer added via service discovery           topics="waku service discovery" tid=1150721 source="service lookup" peerId=16Uiu2HAmDNwugFwkuxDP5ULq9GspC89AQr4ybeNsacjGjLjQfE1X addresses="[/ip4/173.42.114.210/tcp/34927]" protocols="[/logos/delivery]"
[2026-10-07 10:36:46.525] [out] [delivery_module] DBG 2026-10-07 10:36:46.522+02:00 Peer added via service discovery           topics="waku service discovery" tid=1150721 source="service lookup" peerId=16Uiu2HAmTUbnxLGT9JvV6mu9oPyDjqHK4Phs1VDJNUgESgNSkuby addresses="[/ip4/138.68.122.137/tcp/30303, /ip4/138.68.122.137/udp/30303/quic-v1, /dns4/delivery-01.do-ams3.logos.dev.status.im/tcp/30303]" protocols="[/logos/delivery]"
[2026-10-07 10:36:46.525] [out] [delivery_module] DBG 2026-10-07 10:36:46.522+02:00 Peer added via service discovery           topics="waku service discovery" tid=1150721 source="service lookup" peerId=16Uiu2HAm8YokiNun9BkeA1ZRmhLbtNUvcwRr64F69tYj9fkGyuEP addresses="[/ip4/47.242.130.189/tcp/30303, /ip4/47.242.130.189/udp/30303/quic-v1, /dns4/delivery-01.ac-cn-hongkong-c.logos.dev.status.im/tcp/30303]" protocols="[/logos/delivery]"
[2026-10-07 10:36:46.525] [out] [delivery_module] DBG 2026-10-07 10:36:46.522+02:00 Peer added via service discovery           topics="waku service discovery" tid=1150721 source="service lookup" peerId=16Uiu2HAm4S1JYkuzDKLKQvwgAhZKs9otxXqt8SCGtB4hoJP1S397 addresses="[/ip4/136.119.156.87/tcp/30303, /ip4/136.119.156.87/udp/30303/quic-v1, /dns4/delivery-01.gc-us-central1-a.logos.dev.status.im/tcp/30303]" protocols="[/logos/delivery]"
[2026-10-07 10:36:46.525] [out] [delivery_module] DBG 2026-10-07 10:36:46.522+02:00 Peer added via service discovery           topics="waku service discovery" tid=1150721 source="service lookup" peerId=16Uiu2HAmGhbo2ucTWZLQdvgiRirWEGedChnWvAzhGTYdLUNb4EaX addresses="[/ip4/172.16.34.89/tcp/51218, /ip4/172.16.34.89/udp/50339/quic-v1]" protocols="[/logos/delivery]"
[2026-10-07 10:36:46.525] [out] [delivery_module] DBG 2026-10-07 10:36:46.522+02:00 Peer added via service discovery           topics="waku service discovery" tid=1150721 source="service lookup" peerId=16Uiu2HAmMK7PYygBtKUQ8EHp7EfaD3bCEsJrkFooK8RQ2PVpJprH addresses="[/ip4/174.138.106.244/tcp/30303, /ip4/174.138.106.244/udp/30303/quic-v1, /dns4/delivery-02.do-ams3.logos.dev.status.im/tcp/30303]" protocols="[/logos/delivery]"
[2026-10-07 10:36:46.525] [out] [delivery_module] DBG 2026-10-07 10:36:46.522+02:00 Peer added via service discovery           topics="waku service discovery" tid=1150721 source="service lookup" peerId=16Uiu2HAm8Y9kgBNtjxvCnf1X6gnZJW5EGE4UwwCL3CCm55TwqBiH addresses="[/ip4/34.123.201.25/tcp/30303, /ip4/34.123.201.25/udp/30303/quic-v1, /dns4/delivery-02.gc-us-central1-a.logos.dev.status.im/tcp/30303]" protocols="[/logos/delivery]"
[2026-10-07 10:36:46.525] [out] [delivery_module] DBG 2026-10-07 10:36:46.523+02:00 Peer added via service discovery           topics="waku service discovery" tid=1150721 source="service lookup" peerId=16Uiu2HAkyjYrnpwttfaxiNLhdhzc4QKUWWKWXD5C2hYey4CKtDKK addresses="[/ip4/173.42.114.210/tcp/37945]" protocols="[/logos/delivery]"
[2026-10-07 10:36:46.525] [out] [delivery_module] DBG 2026-10-07 10:36:46.523+02:00 Peer added via service discovery           topics="waku service discovery" tid=1150721 source="service lookup" peerId=16Uiu2HAkvCmpXVyfo16wPs9m3p2Z99ghpnZTFDyzzowVM7jqCixh addresses="[/ip4/173.42.114.210/tcp/37219]" protocols="[/logos/delivery]"
[2026-10-07 10:36:46.525] [out] [delivery_module] DBG 2026-10-07 10:36:46.523+02:00 Peer added via service discovery           topics="waku service discovery" tid=1150721 source="service lookup" peerId=16Uiu2HAm7h4a2g52pbRFvpTFHVvosQ6PkG5H1PSwwaSJo72FWeUS addresses="[/ip4/173.42.114.210/tcp/43243]" protocols="[/logos/delivery]"
[2026-10-07 10:36:46.525] [out] [delivery_module] DBG 2026-10-07 10:36:46.523+02:00 Peer added via service discovery           topics="waku service discovery" tid=1150721 source="service lookup" peerId=16Uiu2HAm7x52UXKinnZ4Ld26Wwn5e8J8eJtqaotXFiM7NGyWaRuc addresses="[/ip4/172.16.34.89/tcp/53686, /ip4/172.16.34.89/udp/60946/quic-v1]" protocols="[/logos/delivery]"
[2026-10-07 10:36:46.525] [out] [delivery_module] DBG 2026-10-07 10:36:46.523+02:00 Peer added via service discovery           topics="waku service discovery" tid=1150721 source="service lookup" peerId=16Uiu2HAkxBrmLdjythutRKhtiVcG39BUhZLXbxwzG4UmQBk3v1b3 addresses="[/ip4/10.16.8.125/tcp/49352, /ip4/10.16.8.125/udp/55890/quic-v1]" protocols="[/logos/delivery]"
[2026-10-07 10:36:46.525] [out] [delivery_module] DBG 2026-10-07 10:36:46.523+02:00 Peer added via service discovery           topics="waku service discovery" tid=1150721 source="service lookup" peerId=16Uiu2HAkvwhGHKNry6LACrB8TmEFoCJKEX29XR5dDUzk3UT3UNSE addresses="[/ip4/43.99.103.10/tcp/30303, /ip4/43.99.103.10/udp/30303/quic-v1, /dns4/delivery-02.ac-cn-hongkong-c.logos.dev.status.im/tcp/30303]" protocols="[/logos/delivery]"
[2026-10-07 10:36:46.525] [out] [delivery_module] DBG 2026-10-07 10:36:46.523+02:00 Service lookup complete                    topics="waku service discovery" tid=1150721 service=/logos/delivery found=14
[2026-10-07 10:36:46.525] [out] [delivery_module] DBG 2026-10-07 10:36:46.525+02:00 calculateConnectionState                   tid=1150721 relayCount=12 storeClientCount=6 lightpushCount=12 filterCount=12
[2026-10-07 10:36:48.929] [out] [delivery_module] DBG 2026-10-07 10:36:48.806+02:00 Lookup query                               topics="kad-dht find" tid=1150721 peer=16U*M2e2Us
[2026-10-07 10:36:48.929] [out] [delivery_module] DBG 2026-10-07 10:36:48.806+02:00 Lookup query                               topics="kad-dht find" tid=1150721 peer=16U*7ZEp3L
[2026-10-07 10:36:48.929] [out] [delivery_module] DBG 2026-10-07 10:36:48.806+02:00 Lookup query                               topics="kad-dht find" tid=1150721 peer=16U*JuCbPs
[2026-10-07 10:36:48.929] [out] [delivery_module] DBG 2026-10-07 10:36:48.806+02:00 Lookup query                               topics="kad-dht find" tid=1150721 peer=16U*k3v1b3
[2026-10-07 10:36:48.929] [out] [delivery_module] DBG 2026-10-07 10:36:48.807+02:00 Kad lookup: RPC error                      topics="kad-dht find" tid=1150721 peer=16U*M2e2Us msg="dialStage: timed out dialing the peer"
[2026-10-07 10:36:48.929] [out] [delivery_module] DBG 2026-10-07 10:36:48.807+02:00 Kad lookup: RPC error                      topics="kad-dht find" tid=1150721 peer=16U*JuCbPs msg="dialStage: timed out dialing the peer"
[2026-10-07 10:36:48.929] [out] [delivery_module] DBG 2026-10-07 10:36:48.807+02:00 Kad lookup: RPC error                      topics="kad-dht find" tid=1150721 peer=16U*7ZEp3L msg="dialStage: timed out dialing the peer"
[2026-10-07 10:36:48.929] [out] [delivery_module] DBG 2026-10-07 10:36:48.807+02:00 Lookup query                               topics="kad-dht find" tid=1150721 peer=16U*baEE4m
[2026-10-07 10:36:48.929] [out] [delivery_module] DBG 2026-10-07 10:36:48.808+02:00 Kad lookup: RPC error                      topics="kad-dht find" tid=1150721 peer=16U*baEE4m msg="dialStage: timed out dialing the peer"
[2026-10-07 10:36:48.929] [out] [delivery_module] DBG 2026-10-07 10:36:48.823+02:00 Lookup query                               topics="kad-dht find" tid=1150721 peer=16U*baEE4m
[2026-10-07 10:36:48.929] [out] [delivery_module] DBG 2026-10-07 10:36:48.823+02:00 Lookup query                               topics="kad-dht find" tid=1150721 peer=16U*k3v1b3
[2026-10-07 10:36:48.929] [out] [delivery_module] DBG 2026-10-07 10:36:48.823+02:00 Lookup query                               topics="kad-dht find" tid=1150721 peer=16U*7ZEp3L
[2026-10-07 10:36:48.929] [out] [delivery_module] DBG 2026-10-07 10:36:48.824+02:00 Kad lookup: RPC error                      topics="kad-dht find" tid=1150721 peer=16U*baEE4m msg="dialStage: timed out dialing the peer"
[2026-10-07 10:36:48.929] [out] [delivery_module] DBG 2026-10-07 10:36:48.824+02:00 Kad lookup: RPC error                      topics="kad-dht find" tid=1150721 peer=16U*7ZEp3L msg="dialStage: timed out dialing the peer"
[2026-10-07 10:36:48.929] [out] [delivery_module] DBG 2026-10-07 10:36:48.887+02:00 Lookup query                               topics="kad-dht find" tid=1150721 peer=16U*qTrp93
[2026-10-07 10:36:48.929] [out] [delivery_module] DBG 2026-10-07 10:36:48.887+02:00 Kad lookup: RPC error                      topics="kad-dht find" tid=1150721 peer=16U*qTrp93 msg="dialStage: timed out dialing the peer"
[2026-10-07 10:36:49.440] [out] [delivery_module] DBG 2026-10-07 10:36:48.952+02:00 Lookup query                               topics="kad-dht find" tid=1150721 peer=16U*qTrp93
[2026-10-07 10:36:49.440] [out] [delivery_module] DBG 2026-10-07 10:36:48.952+02:00 Lookup query                               topics="kad-dht find" tid=1150721 peer=16U*JuCbPs
[2026-10-07 10:36:49.440] [out] [delivery_module] DBG 2026-10-07 10:36:48.952+02:00 Kad lookup: RPC error                      topics="kad-dht find" tid=1150721 peer=16U*qTrp93 msg="dialStage: timed out dialing the peer"
[2026-10-07 10:36:49.440] [out] [delivery_module] DBG 2026-10-07 10:36:48.952+02:00 Kad lookup: RPC error                      topics="kad-dht find" tid=1150721 peer=16U*JuCbPs msg="dialStage: timed out dialing the peer"
[2026-10-07 10:36:49.440] [out] [delivery_module] DBG 2026-10-07 10:36:48.957+02:00 Lookup query                               topics="kad-dht find" tid=1150721 peer=16U*M2e2Us
[2026-10-07 10:36:49.440] [out] [delivery_module] DBG 2026-10-07 10:36:48.958+02:00 Kad lookup: RPC error                      topics="kad-dht find" tid=1150721 peer=16U*M2e2Us msg="dialStage: timed out dialing the peer"
[2026-10-07 10:36:49.440] [out] [delivery_module] DBG 2026-10-07 10:36:49.117+02:00 Lookup query                               topics="kad-dht find" tid=1150721 peer=16U*JuCbPs
[2026-10-07 10:36:49.440] [out] [delivery_module] DBG 2026-10-07 10:36:49.117+02:00 Lookup query                               topics="kad-dht find" tid=1150721 peer=16U*qTrp93
[2026-10-07 10:36:49.440] [out] [delivery_module] DBG 2026-10-07 10:36:49.117+02:00 Lookup query                               topics="kad-dht find" tid=1150721 peer=16U*baEE4m
[2026-10-07 10:36:49.440] [out] [delivery_module] DBG 2026-10-07 10:36:49.117+02:00 Lookup query                               topics="kad-dht find" tid=1150721 peer=16U*M2e2Us
[2026-10-07 10:36:49.440] [out] [delivery_module] DBG 2026-10-07 10:36:49.118+02:00 Kad lookup: RPC error                      topics="kad-dht find" tid=1150721 peer=16U*JuCbPs msg="dialStage: timed out dialing the peer"
[2026-10-07 10:36:49.441] [out] [delivery_module] DBG 2026-10-07 10:36:49.118+02:00 Kad lookup: RPC error                      topics="kad-dht find" tid=1150721 peer=16U*qTrp93 msg="dialStage: timed out dialing the peer"
[2026-10-07 10:36:49.441] [out] [delivery_module] DBG 2026-10-07 10:36:49.118+02:00 Kad lookup: RPC error                      topics="kad-dht find" tid=1150721 peer=16U*M2e2Us msg="dialStage: timed out dialing the peer"
[2026-10-07 10:36:49.441] [out] [delivery_module] DBG 2026-10-07 10:36:49.118+02:00 Kad lookup: RPC error                      topics="kad-dht find" tid=1150721 peer=16U*baEE4m msg="dialStage: timed out dialing the peer"
[2026-10-07 10:36:49.441] [out] [delivery_module] DBG 2026-10-07 10:36:49.330+02:00 Lookup query                               topics="kad-dht find" tid=1150721 peer=16U*JuCbPs
[2026-10-07 10:36:49.441] [out] [delivery_module] DBG 2026-10-07 10:36:49.330+02:00 Lookup query                               topics="kad-dht find" tid=1150721 peer=16U*qTrp93
[2026-10-07 10:36:49.441] [out] [delivery_module] DBG 2026-10-07 10:36:49.330+02:00 Lookup query                               topics="kad-dht find" tid=1150721 peer=16U*baEE4m
[2026-10-07 10:36:49.441] [out] [delivery_module] DBG 2026-10-07 10:36:49.330+02:00 Lookup query                               topics="kad-dht find" tid=1150721 peer=16U*M2e2Us
[2026-10-07 10:36:49.441] [out] [delivery_module] DBG 2026-10-07 10:36:49.356+02:00 Kad lookup: RPC error                      topics="kad-dht find" tid=1150721 peer=16U*baEE4m msg="dialStage: timed out dialing the peer"
[2026-10-07 10:36:49.441] [out] [delivery_module] DBG 2026-10-07 10:36:49.357+02:00 Kad lookup: RPC error                      topics="kad-dht find" tid=1150721 peer=16U*JuCbPs msg="dialStage: timed out dialing the peer"
[2026-10-07 10:36:49.441] [out] [delivery_module] DBG 2026-10-07 10:36:49.357+02:00 Kad lookup: RPC error                      topics="kad-dht find" tid=1150721 peer=16U*M2e2Us msg="dialStage: timed out dialing the peer"
[2026-10-07 10:36:49.441] [out] [delivery_module] DBG 2026-10-07 10:36:49.357+02:00 Kad lookup: RPC error                      topics="kad-dht find" tid=1150721 peer=16U*qTrp93 msg="dialStage: timed out dialing the peer"
[2026-10-07 10:36:51.443] [out] [delivery_module] DBG 2026-10-07 10:36:49.691+02:00 New stream created                         tid=1150721
[2026-10-07 10:36:51.443] [out] [delivery_module] DBG 2026-10-07 10:36:50.247+02:00 Lookup query                               topics="kad-dht find" tid=1150721 peer=16U*M2e2Us
[2026-10-07 10:36:51.443] [out] [delivery_module] DBG 2026-10-07 10:36:50.247+02:00 Lookup query                               topics="kad-dht find" tid=1150721 peer=16U*7ZEp3L
[2026-10-07 10:36:51.443] [out] [delivery_module] DBG 2026-10-07 10:36:50.247+02:00 Lookup query                               topics="kad-dht find" tid=1150721 peer=16U*JuCbPs
[2026-10-07 10:36:51.443] [out] [delivery_module] DBG 2026-10-07 10:36:50.247+02:00 Lookup query                               topics="kad-dht find" tid=1150721 peer=16U*qTrp93
[2026-10-07 10:36:51.443] [out] [delivery_module] DBG 2026-10-07 10:36:50.247+02:00 Lookup query                               topics="kad-dht find" tid=1150721 peer=16U*k3v1b3
[2026-10-07 10:36:51.443] [out] [delivery_module] DBG 2026-10-07 10:36:50.247+02:00 Lookup query                               topics="kad-dht find" tid=1150721 peer=16U*baEE4m
[2026-10-07 10:36:51.443] [out] [delivery_module] DBG 2026-10-07 10:36:50.248+02:00 Kad lookup: RPC error                      topics="kad-dht find" tid=1150721 peer=16U*M2e2Us msg="dialStage: timed out dialing the peer"
[2026-10-07 10:36:51.443] [out] [delivery_module] DBG 2026-10-07 10:36:50.248+02:00 Kad lookup: RPC error                      topics="kad-dht find" tid=1150721 peer=16U*7ZEp3L msg="dialStage: timed out dialing the peer"
[2026-10-07 10:36:51.443] [out] [delivery_module] DBG 2026-10-07 10:36:50.248+02:00 Kad lookup: RPC error                      topics="kad-dht find" tid=1150721 peer=16U*JuCbPs msg="dialStage: timed out dialing the peer"
[2026-10-07 10:36:51.443] [out] [delivery_module] DBG 2026-10-07 10:36:50.248+02:00 Kad lookup: RPC error                      topics="kad-dht find" tid=1150721 peer=16U*qTrp93 msg="dialStage: timed out dialing the peer"
[2026-10-07 10:36:51.443] [out] [delivery_module] DBG 2026-10-07 10:36:50.248+02:00 Kad lookup: RPC error                      topics="kad-dht find" tid=1150721 peer=16U*baEE4m msg="dialStage: timed out dialing the peer"
[2026-10-07 10:36:51.443] [out] [delivery_module] DBG 2026-10-07 10:36:50.254+02:00 Lookup query                               topics="kad-dht find" tid=1150721 peer=16U*JuCbPs
[2026-10-07 10:36:51.443] [out] [delivery_module] DBG 2026-10-07 10:36:50.254+02:00 Lookup query                               topics="kad-dht find" tid=1150721 peer=16U*k3v1b3
[2026-10-07 10:36:51.443] [out] [delivery_module] DBG 2026-10-07 10:36:50.254+02:00 Kad lookup: RPC error                      topics="kad-dht find" tid=1150721 peer=16U*JuCbPs msg="dialStage: timed out dialing the peer"
[2026-10-07 10:36:51.443] [out] [delivery_module] DBG 2026-10-07 10:36:50.311+02:00 Lookup query                               topics="kad-dht find" tid=1150721 peer=16U*7ZEp3L
[2026-10-07 10:36:51.443] [out] [delivery_module] DBG 2026-10-07 10:36:50.311+02:00 Lookup query                               topics="kad-dht find" tid=1150721 peer=16U*k3v1b3
[2026-10-07 10:36:51.443] [out] [delivery_module] DBG 2026-10-07 10:36:50.312+02:00 Kad lookup: RPC error                      topics="kad-dht find" tid=1150721 peer=16U*7ZEp3L msg="dialStage: timed out dialing the peer"
[2026-10-07 10:36:51.443] [out] [delivery_module] DBG 2026-10-07 10:36:50.364+02:00 Lookup query                               topics="kad-dht find" tid=1150721 peer=16U*7ZEp3L
[2026-10-07 10:36:51.443] [out] [delivery_module] DBG 2026-10-07 10:36:50.364+02:00 Lookup query                               topics="kad-dht find" tid=1150721 peer=16U*baEE4m
[2026-10-07 10:36:51.443] [out] [delivery_module] DBG 2026-10-07 10:36:50.365+02:00 Kad lookup: RPC error                      topics="kad-dht find" tid=1150721 peer=16U*baEE4m msg="dialStage: timed out dialing the peer"
[2026-10-07 10:36:51.443] [out] [delivery_module] DBG 2026-10-07 10:36:50.365+02:00 Kad lookup: RPC error                      topics="kad-dht find" tid=1150721 peer=16U*7ZEp3L msg="dialStage: timed out dialing the peer"
[2026-10-07 10:36:51.443] [out] [delivery_module] DBG 2026-10-07 10:36:50.373+02:00 Lookup query                               topics="kad-dht find" tid=1150721 peer=16U*qTrp93
[2026-10-07 10:36:51.443] [out] [delivery_module] DBG 2026-10-07 10:36:50.373+02:00 Lookup query                               topics="kad-dht find" tid=1150721 peer=16U*M2e2Us
[2026-10-07 10:36:51.443] [out] [delivery_module] DBG 2026-10-07 10:36:50.373+02:00 Kad lookup: RPC error                      topics="kad-dht find" tid=1150721 peer=16U*qTrp93 msg="dialStage: timed out dialing the peer"
[2026-10-07 10:36:51.443] [out] [delivery_module] DBG 2026-10-07 10:36:50.373+02:00 Kad lookup: RPC error                      topics="kad-dht find" tid=1150721 peer=16U*M2e2Us msg="dialStage: timed out dialing the peer"
[2026-10-07 10:36:51.443] [out] [delivery_module] DBG 2026-10-07 10:36:50.392+02:00 Lookup query                               topics="kad-dht find" tid=1150721 peer=16U*qTrp93
[2026-10-07 10:36:51.443] [out] [delivery_module] DBG 2026-10-07 10:36:50.392+02:00 Lookup query                               topics="kad-dht find" tid=1150721 peer=16U*k3v1b3
[2026-10-07 10:36:51.443] [out] [delivery_module] DBG 2026-10-07 10:36:50.392+02:00 Lookup query                               topics="kad-dht find" tid=1150721 peer=16U*baEE4m
[2026-10-07 10:36:51.443] [out] [delivery_module] DBG 2026-10-07 10:36:50.392+02:00 Lookup query                               topics="kad-dht find" tid=1150721 peer=16U*7ZEp3L
[2026-10-07 10:36:51.443] [out] [delivery_module] DBG 2026-10-07 10:36:50.393+02:00 Kad lookup: RPC error                      topics="kad-dht find" tid=1150721 peer=16U*qTrp93 msg="dialStage: timed out dialing the peer"
[2026-10-07 10:36:51.443] [out] [delivery_module] DBG 2026-10-07 10:36:50.393+02:00 Kad lookup: RPC error                      topics="kad-dht find" tid=1150721 peer=16U*baEE4m msg="dialStage: timed out dialing the peer"
[2026-10-07 10:36:51.443] [out] [delivery_module] DBG 2026-10-07 10:36:50.393+02:00 Kad lookup: RPC error                      topics="kad-dht find" tid=1150721 peer=16U*7ZEp3L msg="dialStage: timed out dialing the peer"
[2026-10-07 10:36:51.443] [out] [delivery_module] DBG 2026-10-07 10:36:50.485+02:00 Lookup query                               topics="kad-dht find" tid=1150721 peer=16U*JuCbPs
[2026-10-07 10:36:51.443] [out] [delivery_module] DBG 2026-10-07 10:36:50.485+02:00 Kad lookup: RPC error                      topics="kad-dht find" tid=1150721 peer=16U*JuCbPs msg="dialStage: timed out dialing the peer"
[2026-10-07 10:36:51.443] [out] [delivery_module] DBG 2026-10-07 10:36:50.502+02:00 Lookup query                               topics="kad-dht find" tid=1150721 peer=16U*M2e2Us
[2026-10-07 10:36:51.443] [out] [delivery_module] DBG 2026-10-07 10:36:50.502+02:00 Kad lookup: RPC error                      topics="kad-dht find" tid=1150721 peer=16U*M2e2Us msg="dialStage: timed out dialing the peer"
[2026-10-07 10:36:51.443] [out] [delivery_module] DBG 2026-10-07 10:36:50.516+02:00 Lookup query                               topics="kad-dht find" tid=1150721 peer=16U*baEE4m
[2026-10-07 10:36:51.443] [out] [delivery_module] DBG 2026-10-07 10:36:50.516+02:00 Lookup query                               topics="kad-dht find" tid=1150721 peer=16U*k3v1b3
[2026-10-07 10:36:51.443] [out] [delivery_module] DBG 2026-10-07 10:36:50.516+02:00 Lookup query                               topics="kad-dht find" tid=1150721 peer=16U*7ZEp3L
[2026-10-07 10:36:51.443] [out] [delivery_module] DBG 2026-10-07 10:36:50.517+02:00 Kad lookup: RPC error                      topics="kad-dht find" tid=1150721 peer=16U*baEE4m msg="dialStage: timed out dialing the peer"
[2026-10-07 10:36:51.443] [out] [delivery_module] DBG 2026-10-07 10:36:50.517+02:00 Kad lookup: RPC error                      topics="kad-dht find" tid=1150721 peer=16U*7ZEp3L msg="dialStage: timed out dialing the peer"
[2026-10-07 10:36:51.443] [out] [delivery_module] DBG 2026-10-07 10:36:50.522+02:00 Lookup query                               topics="kad-dht find" tid=1150721 peer=16U*qTrp93
[2026-10-07 10:36:51.443] [out] [delivery_module] DBG 2026-10-07 10:36:50.522+02:00 Kad lookup: RPC error                      topics="kad-dht find" tid=1150721 peer=16U*qTrp93 msg="dialStage: timed out dialing the peer"
[2026-10-07 10:36:51.443] [out] [delivery_module] DBG 2026-10-07 10:36:50.529+02:00 Lookup query                               topics="kad-dht find" tid=1150721 peer=16U*M2e2Us
[2026-10-07 10:36:51.443] [out] [delivery_module] DBG 2026-10-07 10:36:50.529+02:00 Kad lookup: RPC error                      topics="kad-dht find" tid=1150721 peer=16U*M2e2Us msg="dialStage: timed out dialing the peer"
[2026-10-07 10:36:51.443] [out] [delivery_module] DBG 2026-10-07 10:36:50.604+02:00 Lookup query                               topics="kad-dht find" tid=1150721 peer=16U*JuCbPs
[2026-10-07 10:36:51.443] [out] [delivery_module] DBG 2026-10-07 10:36:50.604+02:00 Kad lookup: RPC error                      topics="kad-dht find" tid=1150721 peer=16U*JuCbPs msg="dialStage: timed out dialing the peer"
[2026-10-07 10:36:51.443] [out] [delivery_module] DBG 2026-10-07 10:36:50.632+02:00 Lookup query                               topics="kad-dht find" tid=1150721 peer=16U*k3v1b3
[2026-10-07 10:36:51.443] [out] [delivery_module] DBG 2026-10-07 10:36:50.632+02:00 Lookup query                               topics="kad-dht find" tid=1150721 peer=16U*JuCbPs
[2026-10-07 10:36:51.443] [out] [delivery_module] DBG 2026-10-07 10:36:50.632+02:00 Kad lookup: RPC error                      topics="kad-dht find" tid=1150721 peer=16U*JuCbPs msg="dialStage: timed out dialing the peer"
[2026-10-07 10:36:51.443] [out] [delivery_module] DBG 2026-10-07 10:36:50.646+02:00 Lookup query                               topics="kad-dht find" tid=1150721 peer=16U*M2e2Us
[2026-10-07 10:36:51.443] [out] [delivery_module] DBG 2026-10-07 10:36:50.646+02:00 Kad lookup: RPC error                      topics="kad-dht find" tid=1150721 peer=16U*M2e2Us msg="dialStage: timed out dialing the peer"
[2026-10-07 10:36:51.443] [out] [delivery_module] DBG 2026-10-07 10:36:50.654+02:00 Lookup query                               topics="kad-dht find" tid=1150721 peer=16U*JuCbPs
[2026-10-07 10:36:51.443] [out] [delivery_module] DBG 2026-10-07 10:36:50.655+02:00 Kad lookup: RPC error                      topics="kad-dht find" tid=1150721 peer=16U*JuCbPs msg="dialStage: timed out dialing the peer"
[2026-10-07 10:36:51.443] [out] [delivery_module] DBG 2026-10-07 10:36:50.759+02:00 Lookup query                               topics="kad-dht find" tid=1150721 peer=16U*qTrp93
[2026-10-07 10:36:51.443] [out] [delivery_module] DBG 2026-10-07 10:36:50.760+02:00 Kad lookup: RPC error                      topics="kad-dht find" tid=1150721 peer=16U*qTrp93 msg="dialStage: timed out dialing the peer"
[2026-10-07 10:36:51.443] [out] [delivery_module] DBG 2026-10-07 10:36:50.770+02:00 Lookup query                               topics="kad-dht find" tid=1150721 peer=16U*baEE4m
[2026-10-07 10:36:51.443] [out] [delivery_module] DBG 2026-10-07 10:36:50.770+02:00 Kad lookup: RPC error                      topics="kad-dht find" tid=1150721 peer=16U*baEE4m msg="dialStage: timed out dialing the peer"
[2026-10-07 10:36:51.443] [out] [delivery_module] DBG 2026-10-07 10:36:50.784+02:00 Lookup query                               topics="kad-dht find" tid=1150721 peer=16U*qTrp93
[2026-10-07 10:36:51.443] [out] [delivery_module] DBG 2026-10-07 10:36:50.784+02:00 Kad lookup: RPC error                      topics="kad-dht find" tid=1150721 peer=16U*qTrp93 msg="dialStage: timed out dialing the peer"
[2026-10-07 10:36:51.443] [out] [delivery_module] DBG 2026-10-07 10:36:50.884+02:00 Lookup query                               topics="kad-dht find" tid=1150721 peer=16U*baEE4m
[2026-10-07 10:36:51.443] [out] [delivery_module] DBG 2026-10-07 10:36:50.885+02:00 Kad lookup: RPC error                      topics="kad-dht find" tid=1150721 peer=16U*baEE4m msg="dialStage: timed out dialing the peer"
[2026-10-07 10:36:51.443] [out] [delivery_module] DBG 2026-10-07 10:36:50.906+02:00 Lookup query                               topics="kad-dht find" tid=1150721 peer=16U*7ZEp3L
[2026-10-07 10:36:51.443] [out] [delivery_module] DBG 2026-10-07 10:36:50.906+02:00 Kad lookup: RPC error                      topics="kad-dht find" tid=1150721 peer=16U*7ZEp3L msg="dialStage: timed out dialing the peer"
[2026-10-07 10:36:51.443] [out] [delivery_module] DBG 2026-10-07 10:36:50.961+02:00 Lookup query                               topics="kad-dht find" tid=1150721 peer=16U*M2e2Us
[2026-10-07 10:36:51.443] [out] [delivery_module] DBG 2026-10-07 10:36:50.961+02:00 Kad lookup: RPC error                      topics="kad-dht find" tid=1150721 peer=16U*M2e2Us msg="dialStage: timed out dialing the peer"
[2026-10-07 10:36:51.443] [out] [delivery_module] DBG 2026-10-07 10:36:51.125+02:00 Lookup query                               topics="kad-dht find" tid=1150721 peer=16U*JuCbPs
[2026-10-07 10:36:51.443] [out] [delivery_module] DBG 2026-10-07 10:36:51.125+02:00 Lookup query                               topics="kad-dht find" tid=1150721 peer=16U*7ZEp3L
[2026-10-07 10:36:51.443] [out] [delivery_module] DBG 2026-10-07 10:36:51.125+02:00 Lookup query                               topics="kad-dht find" tid=1150721 peer=16U*qTrp93
[2026-10-07 10:36:51.443] [out] [delivery_module] DBG 2026-10-07 10:36:51.125+02:00 Lookup query                               topics="kad-dht find" tid=1150721 peer=16U*baEE4m
[2026-10-07 10:36:51.443] [out] [delivery_module] DBG 2026-10-07 10:36:51.125+02:00 Lookup query                               topics="kad-dht find" tid=1150721 peer=16U*M2e2Us
[2026-10-07 10:36:51.443] [out] [delivery_module] DBG 2026-10-07 10:36:51.126+02:00 Kad lookup: RPC error                      topics="kad-dht find" tid=1150721 peer=16U*qTrp93 msg="dialStage: timed out dialing the peer"
[2026-10-07 10:36:51.443] [out] [delivery_module] DBG 2026-10-07 10:36:51.126+02:00 Kad lookup: RPC error                      topics="kad-dht find" tid=1150721 peer=16U*baEE4m msg="dialStage: timed out dialing the peer"
[2026-10-07 10:36:51.443] [out] [delivery_module] DBG 2026-10-07 10:36:51.126+02:00 Kad lookup: RPC error                      topics="kad-dht find" tid=1150721 peer=16U*JuCbPs msg="dialStage: timed out dialing the peer"
[2026-10-07 10:36:51.443] [out] [delivery_module] DBG 2026-10-07 10:36:51.126+02:00 Kad lookup: RPC error                      topics="kad-dht find" tid=1150721 peer=16U*7ZEp3L msg="dialStage: timed out dialing the peer"
[2026-10-07 10:36:51.443] [out] [delivery_module] DBG 2026-10-07 10:36:51.126+02:00 Kad lookup: RPC error                      topics="kad-dht find" tid=1150721 peer=16U*M2e2Us msg="dialStage: timed out dialing the peer"
[2026-10-07 10:36:51.443] [out] [delivery_module] DBG 2026-10-07 10:36:51.389+02:00 Lookup query                               topics="kad-dht find" tid=1150721 peer=16U*7ZEp3L
[2026-10-07 10:36:51.443] [out] [delivery_module] DBG 2026-10-07 10:36:51.389+02:00 Lookup query                               topics="kad-dht find" tid=1150721 peer=16U*JuCbPs
[2026-10-07 10:36:51.443] [out] [delivery_module] DBG 2026-10-07 10:36:51.389+02:00 Lookup query                               topics="kad-dht find" tid=1150721 peer=16U*qTrp93
[2026-10-07 10:36:51.443] [out] [delivery_module] DBG 2026-10-07 10:36:51.389+02:00 Lookup query                               topics="kad-dht find" tid=1150721 peer=16U*baEE4m
[2026-10-07 10:36:51.443] [out] [delivery_module] DBG 2026-10-07 10:36:51.389+02:00 Lookup query                               topics="kad-dht find" tid=1150721 peer=16U*M2e2Us
[2026-10-07 10:36:51.443] [out] [delivery_module] DBG 2026-10-07 10:36:51.392+02:00 Kad lookup: RPC error                      topics="kad-dht find" tid=1150721 peer=16U*JuCbPs msg="dialStage: timed out dialing the peer"
[2026-10-07 10:36:51.443] [out] [delivery_module] DBG 2026-10-07 10:36:51.392+02:00 Kad lookup: RPC error                      topics="kad-dht find" tid=1150721 peer=16U*baEE4m msg="dialStage: timed out dialing the peer"
[2026-10-07 10:36:51.449] [out] [delivery_module] DBG 2026-10-07 10:36:51.392+02:00 Kad lookup: RPC error                      topics="kad-dht find" tid=1150721 peer=16U*7ZEp3L msg="dialStage: timed out dialing the peer"
[2026-10-07 10:36:51.449] [out] [delivery_module] DBG 2026-10-07 10:36:51.392+02:00 Kad lookup: RPC error                      topics="kad-dht find" tid=1150721 peer=16U*M2e2Us msg="dialStage: timed out dialing the peer"
[2026-10-07 10:36:51.449] [out] [delivery_module] DBG 2026-10-07 10:36:51.392+02:00 Kad lookup: RPC error                      topics="kad-dht find" tid=1150721 peer=16U*qTrp93 msg="dialStage: timed out dialing the peer"
[2026-10-07 10:36:53.194] [out] [delivery_module] DBG 2026-10-07 10:36:53.089+02:00 Creating stream                            tid=1150721
[2026-10-07 10:36:53.194] [out] [delivery_module] DBG 2026-10-07 10:36:53.089+02:00 New stream created                         tid=1150721
[2026-10-07 10:36:53.901] [out] [delivery_module] DBG 2026-10-07 10:36:53.808+02:00 Lookup query                               topics="kad-dht find" tid=1150721 peer=16U*M2e2Us
[2026-10-07 10:36:53.901] [out] [delivery_module] DBG 2026-10-07 10:36:53.808+02:00 Lookup query                               topics="kad-dht find" tid=1150721 peer=16U*7ZEp3L
[2026-10-07 10:36:53.901] [out] [delivery_module] DBG 2026-10-07 10:36:53.809+02:00 Lookup query                               topics="kad-dht find" tid=1150721 peer=16U*JuCbPs
[2026-10-07 10:36:53.901] [out] [delivery_module] DBG 2026-10-07 10:36:53.809+02:00 Lookup query                               topics="kad-dht find" tid=1150721 peer=16U*k3v1b3
[2026-10-07 10:36:53.901] [out] [delivery_module] DBG 2026-10-07 10:36:53.809+02:00 Lookup query                               topics="kad-dht find" tid=1150721 peer=16U*baEE4m
[2026-10-07 10:36:53.901] [out] [delivery_module] DBG 2026-10-07 10:36:53.811+02:00 Kad lookup: RPC error                      topics="kad-dht find" tid=1150721 peer=16U*M2e2Us msg="dialStage: timed out dialing the peer"
[2026-10-07 10:36:53.901] [out] [delivery_module] DBG 2026-10-07 10:36:53.811+02:00 Kad lookup: RPC error                      topics="kad-dht find" tid=1150721 peer=16U*JuCbPs msg="dialStage: timed out dialing the peer"
[2026-10-07 10:36:53.901] [out] [delivery_module] DBG 2026-10-07 10:36:53.811+02:00 Kad lookup: RPC error                      topics="kad-dht find" tid=1150721 peer=16U*k3v1b3 msg="dialStage: timed out dialing the peer"
[2026-10-07 10:36:53.901] [out] [delivery_module] DBG 2026-10-07 10:36:53.811+02:00 Kad lookup: RPC error                      topics="kad-dht find" tid=1150721 peer=16U*7ZEp3L msg="dialStage: timed out dialing the peer"
[2026-10-07 10:36:53.901] [out] [delivery_module] DBG 2026-10-07 10:36:53.816+02:00 Kad lookup: RPC error                      topics="kad-dht find" tid=1150721 peer=16U*baEE4m msg="dialStage: timed out dialing the peer"
[2026-10-07 10:36:53.901] [out] [delivery_module] DBG 2026-10-07 10:36:53.825+02:00 Lookup query                               topics="kad-dht find" tid=1150721 peer=16U*baEE4m
[2026-10-07 10:36:53.901] [out] [delivery_module] DBG 2026-10-07 10:36:53.825+02:00 Lookup query                               topics="kad-dht find" tid=1150721 peer=16U*k3v1b3
[2026-10-07 10:36:53.901] [out] [delivery_module] DBG 2026-10-07 10:36:53.825+02:00 Lookup query                               topics="kad-dht find" tid=1150721 peer=16U*7ZEp3L
[2026-10-07 10:36:53.901] [out] [delivery_module] DBG 2026-10-07 10:36:53.827+02:00 Kad lookup: RPC error                      topics="kad-dht find" tid=1150721 peer=16U*k3v1b3 msg="dialStage: timed out dialing the peer"
[2026-10-07 10:36:53.901] [out] [delivery_module] DBG 2026-10-07 10:36:53.827+02:00 Kad lookup: RPC error                      topics="kad-dht find" tid=1150721 peer=16U*baEE4m msg="dialStage: timed out dialing the peer"
[2026-10-07 10:36:53.901] [out] [delivery_module] DBG 2026-10-07 10:36:53.827+02:00 Kad lookup: RPC error                      topics="kad-dht find" tid=1150721 peer=16U*7ZEp3L msg="dialStage: timed out dialing the peer"
[2026-10-07 10:36:53.901] [out] [delivery_module] DBG 2026-10-07 10:36:53.890+02:00 Lookup query                               topics="kad-dht find" tid=1150721 peer=16U*qTrp93
[2026-10-07 10:36:53.901] [out] [delivery_module] DBG 2026-10-07 10:36:53.893+02:00 Kad lookup: RPC error                      topics="kad-dht find" tid=1150721 peer=16U*qTrp93 msg="dialStage: timed out dialing the peer"
[2026-10-07 10:36:54.117] [out] [delivery_module] DBG 2026-10-07 10:36:53.955+02:00 Lookup query                               topics="kad-dht find" tid=1150721 peer=16U*qTrp93
[2026-10-07 10:36:54.118] [out] [delivery_module] DBG 2026-10-07 10:36:53.955+02:00 Lookup query                               topics="kad-dht find" tid=1150721 peer=16U*JuCbPs
[2026-10-07 10:36:54.118] [out] [delivery_module] DBG 2026-10-07 10:36:53.955+02:00 Kad lookup: RPC error                      topics="kad-dht find" tid=1150721 peer=16U*qTrp93 msg="dialStage: timed out dialing the peer"
[2026-10-07 10:36:54.118] [out] [delivery_module] DBG 2026-10-07 10:36:53.955+02:00 Kad lookup: RPC error                      topics="kad-dht find" tid=1150721 peer=16U*JuCbPs msg="dialStage: timed out dialing the peer"
[2026-10-07 10:36:54.118] [out] [delivery_module] DBG 2026-10-07 10:36:53.959+02:00 Lookup query                               topics="kad-dht find" tid=1150721 peer=16U*M2e2Us
[2026-10-07 10:36:54.118] [out] [delivery_module] DBG 2026-10-07 10:36:53.959+02:00 Kad lookup: RPC error                      topics="kad-dht find" tid=1150721 peer=16U*M2e2Us msg="dialStage: timed out dialing the peer"
[2026-10-07 10:36:54.125] [out] [delivery_module] DBG 2026-10-07 10:36:54.118+02:00 Lookup query                               topics="kad-dht find" tid=1150721 peer=16U*JuCbPs
[2026-10-07 10:36:54.125] [out] [delivery_module] DBG 2026-10-07 10:36:54.118+02:00 Lookup query                               topics="kad-dht find" tid=1150721 peer=16U*qTrp93
[2026-10-07 10:36:54.125] [out] [delivery_module] DBG 2026-10-07 10:36:54.118+02:00 Lookup query                               topics="kad-dht find" tid=1150721 peer=16U*baEE4m
[2026-10-07 10:36:54.125] [out] [delivery_module] DBG 2026-10-07 10:36:54.119+02:00 Lookup query                               topics="kad-dht find" tid=1150721 peer=16U*M2e2Us
[2026-10-07 10:36:54.125] [out] [delivery_module] DBG 2026-10-07 10:36:54.119+02:00 Kad lookup: RPC error                      topics="kad-dht find" tid=1150721 peer=16U*JuCbPs msg="dialStage: timed out dialing the peer"
[2026-10-07 10:36:54.125] [out] [delivery_module] DBG 2026-10-07 10:36:54.119+02:00 Kad lookup: RPC error                      topics="kad-dht find" tid=1150721 peer=16U*qTrp93 msg="dialStage: timed out dialing the peer"
[2026-10-07 10:36:54.125] [out] [delivery_module] DBG 2026-10-07 10:36:54.119+02:00 Kad lookup: RPC error                      topics="kad-dht find" tid=1150721 peer=16U*M2e2Us msg="dialStage: timed out dialing the peer"
[2026-10-07 10:36:54.125] [out] [delivery_module] DBG 2026-10-07 10:36:54.119+02:00 Kad lookup: RPC error                      topics="kad-dht find" tid=1150721 peer=16U*baEE4m msg="dialStage: timed out dialing the peer"
[2026-10-07 10:36:54.338] [out] [delivery_module] DBG 2026-10-07 10:36:54.333+02:00 Lookup query                               topics="kad-dht find" tid=1150721 peer=16U*JuCbPs
[2026-10-07 10:36:54.338] [out] [delivery_module] DBG 2026-10-07 10:36:54.333+02:00 Lookup query                               topics="kad-dht find" tid=1150721 peer=16U*qTrp93
[2026-10-07 10:36:54.338] [out] [delivery_module] DBG 2026-10-07 10:36:54.333+02:00 Lookup query                               topics="kad-dht find" tid=1150721 peer=16U*baEE4m
[2026-10-07 10:36:54.338] [out] [delivery_module] DBG 2026-10-07 10:36:54.333+02:00 Lookup query                               topics="kad-dht find" tid=1150721 peer=16U*M2e2Us
[2026-10-07 10:36:54.338] [out] [delivery_module] DBG 2026-10-07 10:36:54.334+02:00 Kad lookup: RPC error                      topics="kad-dht find" tid=1150721 peer=16U*qTrp93 msg="dialStage: timed out dialing the peer"
[2026-10-07 10:36:54.338] [out] [delivery_module] DBG 2026-10-07 10:36:54.334+02:00 Kad lookup: RPC error                      topics="kad-dht find" tid=1150721 peer=16U*JuCbPs msg="dialStage: timed out dialing the peer"
[2026-10-07 10:36:54.338] [out] [delivery_module] DBG 2026-10-07 10:36:54.334+02:00 Kad lookup: RPC error                      topics="kad-dht find" tid=1150721 peer=16U*M2e2Us msg="dialStage: timed out dialing the peer"
[2026-10-07 10:36:54.338] [out] [delivery_module] DBG 2026-10-07 10:36:54.334+02:00 Kad lookup: RPC error                      topics="kad-dht find" tid=1150721 peer=16U*baEE4m msg="dialStage: timed out dialing the peer"
[2026-10-07 10:36:55.265] [out] [delivery_module] DBG 2026-10-07 10:36:55.252+02:00 Lookup query                               topics="kad-dht find" tid=1150721 peer=16U*M2e2Us
[2026-10-07 10:36:55.265] [out] [delivery_module] DBG 2026-10-07 10:36:55.252+02:00 Lookup query                               topics="kad-dht find" tid=1150721 peer=16U*7ZEp3L
[2026-10-07 10:36:55.265] [out] [delivery_module] DBG 2026-10-07 10:36:55.252+02:00 Lookup query                               topics="kad-dht find" tid=1150721 peer=16U*JuCbPs
[2026-10-07 10:36:55.265] [out] [delivery_module] DBG 2026-10-07 10:36:55.252+02:00 Lookup query                               topics="kad-dht find" tid=1150721 peer=16U*qTrp93
[2026-10-07 10:36:55.265] [out] [delivery_module] DBG 2026-10-07 10:36:55.252+02:00 Lookup query                               topics="kad-dht find" tid=1150721 peer=16U*k3v1b3
[2026-10-07 10:36:55.265] [out] [delivery_module] DBG 2026-10-07 10:36:55.252+02:00 Lookup query                               topics="kad-dht find" tid=1150721 peer=16U*baEE4m
[2026-10-07 10:36:55.265] [out] [delivery_module] DBG 2026-10-07 10:36:55.254+02:00 Kad lookup: RPC error                      topics="kad-dht find" tid=1150721 peer=16U*M2e2Us msg="dialStage: timed out dialing the peer"
[2026-10-07 10:36:55.265] [out] [delivery_module] DBG 2026-10-07 10:36:55.254+02:00 Kad lookup: RPC error                      topics="kad-dht find" tid=1150721 peer=16U*JuCbPs msg="dialStage: timed out dialing the peer"
[2026-10-07 10:36:55.265] [out] [delivery_module] DBG 2026-10-07 10:36:55.255+02:00 Kad lookup: RPC error                      topics="kad-dht find" tid=1150721 peer=16U*k3v1b3 msg="dialStage: timed out dialing the peer"
[2026-10-07 10:36:55.265] [out] [delivery_module] DBG 2026-10-07 10:36:55.255+02:00 Kad lookup: RPC error                      topics="kad-dht find" tid=1150721 peer=16U*7ZEp3L msg="dialStage: timed out dialing the peer"
[2026-10-07 10:36:55.265] [out] [delivery_module] DBG 2026-10-07 10:36:55.255+02:00 Kad lookup: RPC error                      topics="kad-dht find" tid=1150721 peer=16U*baEE4m msg="dialStage: timed out dialing the peer"
[2026-10-07 10:36:55.265] [out] [delivery_module] DBG 2026-10-07 10:36:55.255+02:00 Kad lookup: RPC error                      topics="kad-dht find" tid=1150721 peer=16U*qTrp93 msg="dialStage: timed out dialing the peer"
[2026-10-07 10:36:55.266] [out] [delivery_module] DBG 2026-10-07 10:36:55.256+02:00 Lookup query                               topics="kad-dht find" tid=1150721 peer=16U*JuCbPs
[2026-10-07 10:36:55.266] [out] [delivery_module] DBG 2026-10-07 10:36:55.256+02:00 Lookup query                               topics="kad-dht find" tid=1150721 peer=16U*k3v1b3
[2026-10-07 10:36:55.266] [out] [delivery_module] DBG 2026-10-07 10:36:55.258+02:00 Kad lookup: RPC error                      topics="kad-dht find" tid=1150721 peer=16U*JuCbPs msg="dialStage: timed out dialing the peer"
[2026-10-07 10:36:55.266] [out] [delivery_module] DBG 2026-10-07 10:36:55.259+02:00 Kad lookup: RPC error                      topics="kad-dht find" tid=1150721 peer=16U*k3v1b3 msg="dialStage: timed out dialing the peer"
[2026-10-07 10:36:55.317] [out] [delivery_module] DBG 2026-10-07 10:36:55.315+02:00 Lookup query                               topics="kad-dht find" tid=1150721 peer=16U*7ZEp3L
[2026-10-07 10:36:55.317] [out] [delivery_module] DBG 2026-10-07 10:36:55.315+02:00 Lookup query                               topics="kad-dht find" tid=1150721 peer=16U*k3v1b3
[2026-10-07 10:36:55.317] [out] [delivery_module] DBG 2026-10-07 10:36:55.315+02:00 Kad lookup: RPC error                      topics="kad-dht find" tid=1150721 peer=16U*k3v1b3 msg="dialStage: timed out dialing the peer"
[2026-10-07 10:36:55.317] [out] [delivery_module] DBG 2026-10-07 10:36:55.315+02:00 Kad lookup: RPC error                      topics="kad-dht find" tid=1150721 peer=16U*7ZEp3L msg="dialStage: timed out dialing the peer"
[2026-10-07 10:36:55.367] [out] [delivery_module] DBG 2026-10-07 10:36:55.365+02:00 Lookup query                               topics="kad-dht find" tid=1150721 peer=16U*7ZEp3L
[2026-10-07 10:36:55.367] [out] [delivery_module] DBG 2026-10-07 10:36:55.365+02:00 Lookup query                               topics="kad-dht find" tid=1150721 peer=16U*baEE4m
[2026-10-07 10:36:55.367] [out] [delivery_module] DBG 2026-10-07 10:36:55.366+02:00 Kad lookup: RPC error                      topics="kad-dht find" tid=1150721 peer=16U*7ZEp3L msg="dialStage: timed out dialing the peer"
[2026-10-07 10:36:55.367] [out] [delivery_module] DBG 2026-10-07 10:36:55.366+02:00 Kad lookup: RPC error                      topics="kad-dht find" tid=1150721 peer=16U*baEE4m msg="dialStage: timed out dialing the peer"
[2026-10-07 10:36:55.384] [out] [delivery_module] DBG 2026-10-07 10:36:55.375+02:00 Lookup query                               topics="kad-dht find" tid=1150721 peer=16U*qTrp93
[2026-10-07 10:36:55.384] [out] [delivery_module] DBG 2026-10-07 10:36:55.375+02:00 Lookup query                               topics="kad-dht find" tid=1150721 peer=16U*M2e2Us
[2026-10-07 10:36:55.384] [out] [delivery_module] DBG 2026-10-07 10:36:55.375+02:00 Kad lookup: RPC error                      topics="kad-dht find" tid=1150721 peer=16U*qTrp93 msg="dialStage: timed out dialing the peer"
[2026-10-07 10:36:55.384] [out] [delivery_module] DBG 2026-10-07 10:36:55.375+02:00 Kad lookup: RPC error                      topics="kad-dht find" tid=1150721 peer=16U*M2e2Us msg="dialStage: timed out dialing the peer"
[2026-10-07 10:36:55.398] [out] [delivery_module] DBG 2026-10-07 10:36:55.395+02:00 Lookup query                               topics="kad-dht find" tid=1150721 peer=16U*qTrp93
[2026-10-07 10:36:55.398] [out] [delivery_module] DBG 2026-10-07 10:36:55.395+02:00 Lookup query                               topics="kad-dht find" tid=1150721 peer=16U*k3v1b3
[2026-10-07 10:36:55.398] [out] [delivery_module] DBG 2026-10-07 10:36:55.395+02:00 Lookup query                               topics="kad-dht find" tid=1150721 peer=16U*baEE4m
[2026-10-07 10:36:55.398] [out] [delivery_module] DBG 2026-10-07 10:36:55.395+02:00 Lookup query                               topics="kad-dht find" tid=1150721 peer=16U*7ZEp3L
[2026-10-07 10:36:55.398] [out] [delivery_module] DBG 2026-10-07 10:36:55.396+02:00 Kad lookup: RPC error                      topics="kad-dht find" tid=1150721 peer=16U*qTrp93 msg="dialStage: timed out dialing the peer"
[2026-10-07 10:36:55.398] [out] [delivery_module] DBG 2026-10-07 10:36:55.396+02:00 Kad lookup: RPC error                      topics="kad-dht find" tid=1150721 peer=16U*k3v1b3 msg="dialStage: timed out dialing the peer"
[2026-10-07 10:36:55.398] [out] [delivery_module] DBG 2026-10-07 10:36:55.396+02:00 Kad lookup: RPC error                      topics="kad-dht find" tid=1150721 peer=16U*baEE4m msg="dialStage: timed out dialing the peer"
[2026-10-07 10:36:55.398] [out] [delivery_module] DBG 2026-10-07 10:36:55.396+02:00 Kad lookup: RPC error                      topics="kad-dht find" tid=1150721 peer=16U*7ZEp3L msg="dialStage: timed out dialing the peer"
[2026-10-07 10:36:55.517] [out] [delivery_module] DBG 2026-10-07 10:36:55.488+02:00 Lookup query                               topics="kad-dht find" tid=1150721 peer=16U*JuCbPs
[2026-10-07 10:36:55.525] [out] [delivery_module] DBG 2026-10-07 10:36:55.488+02:00 Kad lookup: RPC error                      topics="kad-dht find" tid=1150721 peer=16U*JuCbPs msg="dialStage: timed out dialing the peer"
[2026-10-07 10:36:55.525] [out] [delivery_module] DBG 2026-10-07 10:36:55.510+02:00 Lookup query                               topics="kad-dht find" tid=1150721 peer=16U*M2e2Us
[2026-10-07 10:36:55.525] [out] [delivery_module] DBG 2026-10-07 10:36:55.511+02:00 Kad lookup: RPC error                      topics="kad-dht find" tid=1150721 peer=16U*M2e2Us msg="dialStage: timed out dialing the peer"
[2026-10-07 10:36:55.526] [out] [delivery_module] DBG 2026-10-07 10:36:55.519+02:00 Lookup query                               topics="kad-dht find" tid=1150721 peer=16U*baEE4m
[2026-10-07 10:36:55.526] [out] [delivery_module] DBG 2026-10-07 10:36:55.520+02:00 Lookup query                               topics="kad-dht find" tid=1150721 peer=16U*k3v1b3
[2026-10-07 10:36:55.526] [out] [delivery_module] DBG 2026-10-07 10:36:55.520+02:00 Lookup query                               topics="kad-dht find" tid=1150721 peer=16U*7ZEp3L
[2026-10-07 10:36:55.526] [out] [delivery_module] DBG 2026-10-07 10:36:55.521+02:00 Kad lookup: RPC error                      topics="kad-dht find" tid=1150721 peer=16U*k3v1b3 msg="dialStage: timed out dialing the peer"
[2026-10-07 10:36:55.526] [out] [delivery_module] DBG 2026-10-07 10:36:55.521+02:00 Kad lookup: RPC error                      topics="kad-dht find" tid=1150721 peer=16U*baEE4m msg="dialStage: timed out dialing the peer"
[2026-10-07 10:36:55.526] [out] [delivery_module] DBG 2026-10-07 10:36:55.521+02:00 Kad lookup: RPC error                      topics="kad-dht find" tid=1150721 peer=16U*7ZEp3L msg="dialStage: timed out dialing the peer"
[2026-10-07 10:36:55.526] [out] [delivery_module] DBG 2026-10-07 10:36:55.523+02:00 Lookup query                               topics="kad-dht find" tid=1150721 peer=16U*qTrp93
[2026-10-07 10:36:55.526] [out] [delivery_module] DBG 2026-10-07 10:36:55.524+02:00 Kad lookup: RPC error                      topics="kad-dht find" tid=1150721 peer=16U*qTrp93 msg="dialStage: timed out dialing the peer"
[2026-10-07 10:36:55.533] [out] [delivery_module] DBG 2026-10-07 10:36:55.531+02:00 Lookup query                               topics="kad-dht find" tid=1150721 peer=16U*M2e2Us
[2026-10-07 10:36:55.533] [out] [delivery_module] DBG 2026-10-07 10:36:55.531+02:00 Kad lookup: RPC error                      topics="kad-dht find" tid=1150721 peer=16U*M2e2Us msg="dialStage: timed out dialing the peer"
[2026-10-07 10:36:55.617] [out] [delivery_module] DBG 2026-10-07 10:36:55.606+02:00 Lookup query                               topics="kad-dht find" tid=1150721 peer=16U*JuCbPs
[2026-10-07 10:36:55.617] [out] [delivery_module] DBG 2026-10-07 10:36:55.607+02:00 Kad lookup: RPC error                      topics="kad-dht find" tid=1150721 peer=16U*JuCbPs msg="dialStage: timed out dialing the peer"
[2026-10-07 10:36:55.635] [out] [delivery_module] DBG 2026-10-07 10:36:55.635+02:00 Lookup query                               topics="kad-dht find" tid=1150721 peer=16U*k3v1b3
[2026-10-07 10:36:55.635] [out] [delivery_module] DBG 2026-10-07 10:36:55.635+02:00 Lookup query                               topics="kad-dht find" tid=1150721 peer=16U*JuCbPs
[2026-10-07 10:36:55.635] [out] [delivery_module] DBG 2026-10-07 10:36:55.635+02:00 Kad lookup: RPC error                      topics="kad-dht find" tid=1150721 peer=16U*k3v1b3 msg="dialStage: timed out dialing the peer"
[2026-10-07 10:36:55.636] [out] [delivery_module] DBG 2026-10-07 10:36:55.635+02:00 Kad lookup: RPC error                      topics="kad-dht find" tid=1150721 peer=16U*JuCbPs msg="dialStage: timed out dialing the peer"
[2026-10-07 10:36:55.652] [out] [delivery_module] DBG 2026-10-07 10:36:55.651+02:00 Lookup query                               topics="kad-dht find" tid=1150721 peer=16U*M2e2Us
[2026-10-07 10:36:55.653] [out] [delivery_module] DBG 2026-10-07 10:36:55.651+02:00 Kad lookup: RPC error                      topics="kad-dht find" tid=1150721 peer=16U*M2e2Us msg="dialStage: timed out dialing the peer"
[2026-10-07 10:36:55.657] [out] [delivery_module] DBG 2026-10-07 10:36:55.657+02:00 Lookup query                               topics="kad-dht find" tid=1150721 peer=16U*JuCbPs
[2026-10-07 10:36:55.657] [out] [delivery_module] DBG 2026-10-07 10:36:55.657+02:00 Kad lookup: RPC error                      topics="kad-dht find" tid=1150721 peer=16U*JuCbPs msg="dialStage: timed out dialing the peer"
[2026-10-07 10:36:55.763] [out] [delivery_module] DBG 2026-10-07 10:36:55.762+02:00 Lookup query                               topics="kad-dht find" tid=1150721 peer=16U*qTrp93
[2026-10-07 10:36:55.763] [out] [delivery_module] DBG 2026-10-07 10:36:55.762+02:00 Kad lookup: RPC error                      topics="kad-dht find" tid=1150721 peer=16U*qTrp93 msg="dialStage: timed out dialing the peer"
[2026-10-07 10:36:55.776] [out] [delivery_module] DBG 2026-10-07 10:36:55.775+02:00 Lookup query                               topics="kad-dht find" tid=1150721 peer=16U*baEE4m
[2026-10-07 10:36:55.776] [out] [delivery_module] DBG 2026-10-07 10:36:55.776+02:00 Kad lookup: RPC error                      topics="kad-dht find" tid=1150721 peer=16U*baEE4m msg="dialStage: timed out dialing the peer"
[2026-10-07 10:36:55.785] [out] [delivery_module] DBG 2026-10-07 10:36:55.785+02:00 Lookup query                               topics="kad-dht find" tid=1150721 peer=16U*qTrp93
[2026-10-07 10:36:55.786] [out] [delivery_module] DBG 2026-10-07 10:36:55.786+02:00 Kad lookup: RPC error                      topics="kad-dht find" tid=1150721 peer=16U*qTrp93 msg="dialStage: timed out dialing the peer"
[2026-10-07 10:36:55.957] [out] [delivery_module] DBG 2026-10-07 10:36:55.886+02:00 Lookup query                               topics="kad-dht find" tid=1150721 peer=16U*baEE4m
[2026-10-07 10:36:55.957] [out] [delivery_module] DBG 2026-10-07 10:36:55.889+02:00 Kad lookup: RPC error                      topics="kad-dht find" tid=1150721 peer=16U*baEE4m msg="dialStage: timed out dialing the peer"
[2026-10-07 10:36:55.957] [out] [delivery_module] DBG 2026-10-07 10:36:55.909+02:00 Lookup query                               topics="kad-dht find" tid=1150721 peer=16U*7ZEp3L
[2026-10-07 10:36:55.957] [out] [delivery_module] DBG 2026-10-07 10:36:55.910+02:00 Kad lookup: RPC error                      topics="kad-dht find" tid=1150721 peer=16U*7ZEp3L msg="dialStage: timed out dialing the peer"
[2026-10-07 10:36:55.964] [out] [delivery_module] DBG 2026-10-07 10:36:55.963+02:00 Lookup query                               topics="kad-dht find" tid=1150721 peer=16U*M2e2Us
[2026-10-07 10:36:55.965] [out] [delivery_module] DBG 2026-10-07 10:36:55.963+02:00 Kad lookup: RPC error                      topics="kad-dht find" tid=1150721 peer=16U*M2e2Us msg="dialStage: timed out dialing the peer"
[2026-10-07 10:36:56.132] [out] [delivery_module] DBG 2026-10-07 10:36:56.128+02:00 Lookup query                               topics="kad-dht find" tid=1150721 peer=16U*JuCbPs
[2026-10-07 10:36:56.132] [out] [delivery_module] DBG 2026-10-07 10:36:56.128+02:00 Lookup query                               topics="kad-dht find" tid=1150721 peer=16U*7ZEp3L
[2026-10-07 10:36:56.132] [out] [delivery_module] DBG 2026-10-07 10:36:56.128+02:00 Lookup query                               topics="kad-dht find" tid=1150721 peer=16U*qTrp93
[2026-10-07 10:36:56.132] [out] [delivery_module] DBG 2026-10-07 10:36:56.128+02:00 Lookup query                               topics="kad-dht find" tid=1150721 peer=16U*baEE4m
[2026-10-07 10:36:56.132] [out] [delivery_module] DBG 2026-10-07 10:36:56.128+02:00 Lookup query                               topics="kad-dht find" tid=1150721 peer=16U*M2e2Us
[2026-10-07 10:36:56.132] [out] [delivery_module] DBG 2026-10-07 10:36:56.131+02:00 Kad lookup: RPC error                      topics="kad-dht find" tid=1150721 peer=16U*qTrp93 msg="dialStage: timed out dialing the peer"
[2026-10-07 10:36:56.132] [out] [delivery_module] DBG 2026-10-07 10:36:56.131+02:00 Kad lookup: RPC error                      topics="kad-dht find" tid=1150721 peer=16U*baEE4m msg="dialStage: timed out dialing the peer"
[2026-10-07 10:36:56.132] [out] [delivery_module] DBG 2026-10-07 10:36:56.131+02:00 Kad lookup: RPC error                      topics="kad-dht find" tid=1150721 peer=16U*M2e2Us msg="dialStage: timed out dialing the peer"
[2026-10-07 10:36:56.132] [out] [delivery_module] DBG 2026-10-07 10:36:56.131+02:00 Kad lookup: RPC error                      topics="kad-dht find" tid=1150721 peer=16U*7ZEp3L msg="dialStage: timed out dialing the peer"
[2026-10-07 10:36:56.132] [out] [delivery_module] DBG 2026-10-07 10:36:56.131+02:00 Kad lookup: RPC error                      topics="kad-dht find" tid=1150721 peer=16U*JuCbPs msg="dialStage: timed out dialing the peer"
[2026-10-07 10:36:56.391] [out] [delivery_module] DBG 2026-10-07 10:36:56.391+02:00 Lookup query                               topics="kad-dht find" tid=1150721 peer=16U*7ZEp3L
[2026-10-07 10:36:56.392] [out] [delivery_module] DBG 2026-10-07 10:36:56.391+02:00 Lookup query                               topics="kad-dht find" tid=1150721 peer=16U*JuCbPs
[2026-10-07 10:36:56.392] [out] [delivery_module] DBG 2026-10-07 10:36:56.391+02:00 Lookup query                               topics="kad-dht find" tid=1150721 peer=16U*qTrp93
[2026-10-07 10:36:56.392] [out] [delivery_module] DBG 2026-10-07 10:36:56.391+02:00 Lookup query                               topics="kad-dht find" tid=1150721 peer=16U*baEE4m
[2026-10-07 10:36:56.392] [out] [delivery_module] DBG 2026-10-07 10:36:56.391+02:00 Lookup query                               topics="kad-dht find" tid=1150721 peer=16U*M2e2Us
[2026-10-07 10:36:56.392] [out] [delivery_module] DBG 2026-10-07 10:36:56.392+02:00 Kad lookup: RPC error                      topics="kad-dht find" tid=1150721 peer=16U*JuCbPs msg="dialStage: timed out dialing the peer"
[2026-10-07 10:36:56.392] [out] [delivery_module] DBG 2026-10-07 10:36:56.392+02:00 Kad lookup: RPC error                      topics="kad-dht find" tid=1150721 peer=16U*7ZEp3L msg="dialStage: timed out dialing the peer"
[2026-10-07 10:36:56.392] [out] [delivery_module] DBG 2026-10-07 10:36:56.392+02:00 Kad lookup: RPC error                      topics="kad-dht find" tid=1150721 peer=16U*qTrp93 msg="dialStage: timed out dialing the peer"
[2026-10-07 10:36:56.392] [out] [delivery_module] DBG 2026-10-07 10:36:56.392+02:00 Kad lookup: RPC error                      topics="kad-dht find" tid=1150721 peer=16U*baEE4m msg="dialStage: timed out dialing the peer"
[2026-10-07 10:36:56.392] [out] [delivery_module] DBG 2026-10-07 10:36:56.392+02:00 Kad lookup: RPC error                      topics="kad-dht find" tid=1150721 peer=16U*M2e2Us msg="dialStage: timed out dialing the peer"
[2026-10-07 10:36:58.840] [out] [delivery_module] DBG 2026-10-07 10:36:58.816+02:00 Lookup query                               topics="kad-dht find" tid=1150721 peer=16U*M2e2Us
[2026-10-07 10:36:58.840] [out] [delivery_module] DBG 2026-10-07 10:36:58.816+02:00 Lookup query                               topics="kad-dht find" tid=1150721 peer=16U*7ZEp3L
[2026-10-07 10:36:58.840] [out] [delivery_module] DBG 2026-10-07 10:36:58.816+02:00 Lookup query                               topics="kad-dht find" tid=1150721 peer=16U*JuCbPs
[2026-10-07 10:36:58.840] [out] [delivery_module] DBG 2026-10-07 10:36:58.816+02:00 Lookup query                               topics="kad-dht find" tid=1150721 peer=16U*k3v1b3
[2026-10-07 10:36:58.840] [out] [delivery_module] DBG 2026-10-07 10:36:58.816+02:00 Lookup query                               topics="kad-dht find" tid=1150721 peer=16U*baEE4m
[2026-10-07 10:36:58.840] [out] [delivery_module] DBG 2026-10-07 10:36:58.823+02:00 Kad lookup: RPC error                      topics="kad-dht find" tid=1150721 peer=16U*M2e2Us msg="dialStage: timed out dialing the peer"
[2026-10-07 10:36:58.840] [out] [delivery_module] DBG 2026-10-07 10:36:58.823+02:00 Kad lookup: RPC error                      topics="kad-dht find" tid=1150721 peer=16U*k3v1b3 msg="dialStage: timed out dialing the peer"
[2026-10-07 10:36:58.840] [out] [delivery_module] DBG 2026-10-07 10:36:58.823+02:00 Kad lookup: RPC error                      topics="kad-dht find" tid=1150721 peer=16U*baEE4m msg="dialStage: timed out dialing the peer"
[2026-10-07 10:36:58.840] [out] [delivery_module] DBG 2026-10-07 10:36:58.823+02:00 Kad lookup: RPC error                      topics="kad-dht find" tid=1150721 peer=16U*JuCbPs msg="dialStage: timed out dialing the peer"
[2026-10-07 10:36:58.840] [out] [delivery_module] DBG 2026-10-07 10:36:58.823+02:00 Kad lookup: RPC error                      topics="kad-dht find" tid=1150721 peer=16U*7ZEp3L msg="dialStage: timed out dialing the peer"
[2026-10-07 10:36:58.841] [out] [delivery_module] DBG 2026-10-07 10:36:58.827+02:00 Lookup query                               topics="kad-dht find" tid=1150721 peer=16U*baEE4m
[2026-10-07 10:36:58.841] [out] [delivery_module] DBG 2026-10-07 10:36:58.827+02:00 Lookup query                               topics="kad-dht find" tid=1150721 peer=16U*k3v1b3
[2026-10-07 10:36:58.841] [out] [delivery_module] DBG 2026-10-07 10:36:58.827+02:00 Lookup query                               topics="kad-dht find" tid=1150721 peer=16U*7ZEp3L
[2026-10-07 10:36:58.841] [out] [delivery_module] DBG 2026-10-07 10:36:58.828+02:00 Kad lookup: RPC error                      topics="kad-dht find" tid=1150721 peer=16U*baEE4m msg="dialStage: timed out dialing the peer"
[2026-10-07 10:36:58.841] [out] [delivery_module] DBG 2026-10-07 10:36:58.828+02:00 Kad lookup: RPC error                      topics="kad-dht find" tid=1150721 peer=16U*k3v1b3 msg="dialStage: timed out dialing the peer"
[2026-10-07 10:36:58.841] [out] [delivery_module] DBG 2026-10-07 10:36:58.828+02:00 Kad lookup: RPC error                      topics="kad-dht find" tid=1150721 peer=16U*7ZEp3L msg="dialStage: timed out dialing the peer"
[2026-10-07 10:36:58.900] [out] [delivery_module] DBG 2026-10-07 10:36:58.894+02:00 Kad lookup: RPC error                      topics="kad-dht find" tid=1150721 peer=16U*qTrp93 msg="dialStage: timed out dialing the peer"
[2026-10-07 10:36:58.957] [out] [delivery_module] DBG 2026-10-07 10:36:58.957+02:00 Kad lookup: RPC error                      topics="kad-dht find" tid=1150721 peer=16U*qTrp93 msg="dialStage: timed out dialing the peer"
[2026-10-07 10:36:58.958] [out] [delivery_module] DBG 2026-10-07 10:36:58.957+02:00 Kad lookup: RPC error                      topics="kad-dht find" tid=1150721 peer=16U*JuCbPs msg="dialStage: timed out dialing the peer"
[2026-10-07 10:36:58.961] [out] [delivery_module] DBG 2026-10-07 10:36:58.961+02:00 Kad lookup: RPC error                      topics="kad-dht find" tid=1150721 peer=16U*M2e2Us msg="dialStage: timed out dialing the peer"
[2026-10-07 10:36:59.124] [out] [delivery_module] DBG 2026-10-07 10:36:59.121+02:00 Lookup query                               topics="kad-dht find" tid=1150721 peer=16U*JuCbPs
[2026-10-07 10:36:59.124] [out] [delivery_module] DBG 2026-10-07 10:36:59.122+02:00 Lookup query                               topics="kad-dht find" tid=1150721 peer=16U*qTrp93
[2026-10-07 10:36:59.125] [out] [delivery_module] DBG 2026-10-07 10:36:59.122+02:00 Lookup query                               topics="kad-dht find" tid=1150721 peer=16U*baEE4m
[2026-10-07 10:36:59.125] [out] [delivery_module] DBG 2026-10-07 10:36:59.122+02:00 Lookup query                               topics="kad-dht find" tid=1150721 peer=16U*M2e2Us
[2026-10-07 10:36:59.125] [out] [delivery_module] DBG 2026-10-07 10:36:59.124+02:00 Kad lookup: RPC error                      topics="kad-dht find" tid=1150721 peer=16U*qTrp93 msg="dialStage: timed out dialing the peer"
[2026-10-07 10:36:59.125] [out] [delivery_module] DBG 2026-10-07 10:36:59.124+02:00 Kad lookup: RPC error                      topics="kad-dht find" tid=1150721 peer=16U*M2e2Us msg="dialStage: timed out dialing the peer"
[2026-10-07 10:36:59.125] [out] [delivery_module] DBG 2026-10-07 10:36:59.124+02:00 Kad lookup: RPC error                      topics="kad-dht find" tid=1150721 peer=16U*JuCbPs msg="dialStage: timed out dialing the peer"
[2026-10-07 10:36:59.125] [out] [delivery_module] DBG 2026-10-07 10:36:59.124+02:00 Kad lookup: RPC error                      topics="kad-dht find" tid=1150721 peer=16U*baEE4m msg="dialStage: timed out dialing the peer"
[2026-10-07 10:36:59.190] [out] [delivery_module] DBG 2026-10-07 10:36:59.186+02:00 New stream created                         tid=1150721
[2026-10-07 10:36:59.341] [out] [delivery_module] DBG 2026-10-07 10:36:59.337+02:00 Lookup query                               topics="kad-dht find" tid=1150721 peer=16U*JuCbPs
[2026-10-07 10:36:59.341] [out] [delivery_module] DBG 2026-10-07 10:36:59.337+02:00 Lookup query                               topics="kad-dht find" tid=1150721 peer=16U*qTrp93
[2026-10-07 10:36:59.341] [out] [delivery_module] DBG 2026-10-07 10:36:59.337+02:00 Lookup query                               topics="kad-dht find" tid=1150721 peer=16U*baEE4m
[2026-10-07 10:36:59.341] [out] [delivery_module] DBG 2026-10-07 10:36:59.337+02:00 Lookup query                               topics="kad-dht find" tid=1150721 peer=16U*M2e2Us
[2026-10-07 10:36:59.341] [out] [delivery_module] DBG 2026-10-07 10:36:59.341+02:00 Kad lookup: RPC error                      topics="kad-dht find" tid=1150721 peer=16U*baEE4m msg="dialStage: timed out dialing the peer"
[2026-10-07 10:36:59.341] [out] [delivery_module] DBG 2026-10-07 10:36:59.341+02:00 Kad lookup: RPC error                      topics="kad-dht find" tid=1150721 peer=16U*qTrp93 msg="dialStage: timed out dialing the peer"
[2026-10-07 10:36:59.341] [out] [delivery_module] DBG 2026-10-07 10:36:59.341+02:00 Kad lookup: RPC error                      topics="kad-dht find" tid=1150721 peer=16U*JuCbPs msg="dialStage: timed out dialing the peer"
[2026-10-07 10:36:59.341] [out] [delivery_module] DBG 2026-10-07 10:36:59.341+02:00 Kad lookup: RPC error                      topics="kad-dht find" tid=1150721 peer=16U*M2e2Us msg="dialStage: timed out dialing the peer"
[2026-10-07 10:37:00.269] [out] [delivery_module] DBG 2026-10-07 10:37:00.258+02:00 Lookup query                               topics="kad-dht find" tid=1150721 peer=16U*M2e2Us
[2026-10-07 10:37:00.269] [out] [delivery_module] DBG 2026-10-07 10:37:00.258+02:00 Lookup query                               topics="kad-dht find" tid=1150721 peer=16U*7ZEp3L
[2026-10-07 10:37:00.269] [out] [delivery_module] DBG 2026-10-07 10:37:00.258+02:00 Lookup query                               topics="kad-dht find" tid=1150721 peer=16U*JuCbPs
[2026-10-07 10:37:00.269] [out] [delivery_module] DBG 2026-10-07 10:37:00.258+02:00 Lookup query                               topics="kad-dht find" tid=1150721 peer=16U*qTrp93
[2026-10-07 10:37:00.269] [out] [delivery_module] DBG 2026-10-07 10:37:00.258+02:00 Lookup query                               topics="kad-dht find" tid=1150721 peer=16U*k3v1b3
[2026-10-07 10:37:00.269] [out] [delivery_module] DBG 2026-10-07 10:37:00.258+02:00 Lookup query                               topics="kad-dht find" tid=1150721 peer=16U*baEE4m
[2026-10-07 10:37:00.269] [out] [delivery_module] DBG 2026-10-07 10:37:00.259+02:00 Lookup query                               topics="kad-dht find" tid=1150721 peer=16U*JuCbPs
[2026-10-07 10:37:00.269] [out] [delivery_module] DBG 2026-10-07 10:37:00.259+02:00 Lookup query                               topics="kad-dht find" tid=1150721 peer=16U*k3v1b3
[2026-10-07 10:37:00.269] [out] [delivery_module] DBG 2026-10-07 10:37:00.260+02:00 Kad lookup: RPC error                      topics="kad-dht find" tid=1150721 peer=16U*M2e2Us msg="dialStage: timed out dialing the peer"
[2026-10-07 10:37:00.269] [out] [delivery_module] DBG 2026-10-07 10:37:00.260+02:00 Kad lookup: RPC error                      topics="kad-dht find" tid=1150721 peer=16U*qTrp93 msg="dialStage: timed out dialing the peer"
[2026-10-07 10:37:00.269] [out] [delivery_module] DBG 2026-10-07 10:37:00.260+02:00 Kad lookup: RPC error                      topics="kad-dht find" tid=1150721 peer=16U*baEE4m msg="dialStage: timed out dialing the peer"
[2026-10-07 10:37:00.269] [out] [delivery_module] DBG 2026-10-07 10:37:00.260+02:00 Kad lookup: RPC error                      topics="kad-dht find" tid=1150721 peer=16U*7ZEp3L msg="dialStage: timed out dialing the peer"
[2026-10-07 10:37:00.269] [out] [delivery_module] DBG 2026-10-07 10:37:00.260+02:00 Kad lookup: RPC error                      topics="kad-dht find" tid=1150721 peer=16U*k3v1b3 msg="dialStage: timed out dialing the peer"
[2026-10-07 10:37:00.269] [out] [delivery_module] DBG 2026-10-07 10:37:00.260+02:00 Kad lookup: RPC error                      topics="kad-dht find" tid=1150721 peer=16U*JuCbPs msg="dialStage: timed out dialing the peer"
[2026-10-07 10:37:00.269] [out] [delivery_module] DBG 2026-10-07 10:37:00.260+02:00 Kad lookup: RPC error                      topics="kad-dht find" tid=1150721 peer=16U*JuCbPs msg="waitStage: timed out waiting for the peer's stream"
[2026-10-07 10:37:00.269] [out] [delivery_module] DBG 2026-10-07 10:37:00.260+02:00 Kad lookup: RPC error                      topics="kad-dht find" tid=1150721 peer=16U*k3v1b3 msg="waitStage: timed out waiting for the peer's stream"
[2026-10-07 10:37:00.318] [out] [delivery_module] DBG 2026-10-07 10:37:00.318+02:00 Lookup query                               topics="kad-dht find" tid=1150721 peer=16U*7ZEp3L
[2026-10-07 10:37:00.318] [out] [delivery_module] DBG 2026-10-07 10:37:00.318+02:00 Lookup query                               topics="kad-dht find" tid=1150721 peer=16U*k3v1b3
[2026-10-07 10:37:00.318] [out] [delivery_module] DBG 2026-10-07 10:37:00.318+02:00 Kad lookup: RPC error                      topics="kad-dht find" tid=1150721 peer=16U*k3v1b3 msg="dialStage: timed out dialing the peer"
[2026-10-07 10:37:00.318] [out] [delivery_module] DBG 2026-10-07 10:37:00.318+02:00 Kad lookup: RPC error                      topics="kad-dht find" tid=1150721 peer=16U*7ZEp3L msg="dialStage: timed out dialing the peer"
[2026-10-07 10:37:00.373] [out] [delivery_module] DBG 2026-10-07 10:37:00.367+02:00 Lookup query                               topics="kad-dht find" tid=1150721 peer=16U*7ZEp3L
[2026-10-07 10:37:00.374] [out] [delivery_module] DBG 2026-10-07 10:37:00.368+02:00 Lookup query                               topics="kad-dht find" tid=1150721 peer=16U*baEE4m
[2026-10-07 10:37:00.374] [out] [delivery_module] DBG 2026-10-07 10:37:00.368+02:00 Kad lookup: RPC error                      topics="kad-dht find" tid=1150721 peer=16U*baEE4m msg="dialStage: timed out dialing the peer"
[2026-10-07 10:37:00.374] [out] [delivery_module] DBG 2026-10-07 10:37:00.368+02:00 Kad lookup: RPC error                      topics="kad-dht find" tid=1150721 peer=16U*7ZEp3L msg="dialStage: timed out dialing the peer"
[2026-10-07 10:37:00.401] [out] [delivery_module] DBG 2026-10-07 10:37:00.377+02:00 Kad lookup: RPC error                      topics="kad-dht find" tid=1150721 peer=16U*qTrp93 msg="dialStage: timed out dialing the peer"
[2026-10-07 10:37:00.401] [out] [delivery_module] DBG 2026-10-07 10:37:00.377+02:00 Kad lookup: RPC error                      topics="kad-dht find" tid=1150721 peer=16U*M2e2Us msg="dialStage: timed out dialing the peer"
[2026-10-07 10:37:00.401] [out] [delivery_module] DBG 2026-10-07 10:37:00.396+02:00 Lookup query                               topics="kad-dht find" tid=1150721 peer=16U*qTrp93
[2026-10-07 10:37:00.401] [out] [delivery_module] DBG 2026-10-07 10:37:00.396+02:00 Lookup query                               topics="kad-dht find" tid=1150721 peer=16U*k3v1b3
[2026-10-07 10:37:00.402] [out] [delivery_module] DBG 2026-10-07 10:37:00.396+02:00 Lookup query                               topics="kad-dht find" tid=1150721 peer=16U*baEE4m
[2026-10-07 10:37:00.402] [out] [delivery_module] DBG 2026-10-07 10:37:00.396+02:00 Lookup query                               topics="kad-dht find" tid=1150721 peer=16U*7ZEp3L
[2026-10-07 10:37:00.402] [out] [delivery_module] DBG 2026-10-07 10:37:00.397+02:00 Kad lookup: RPC error                      topics="kad-dht find" tid=1150721 peer=16U*qTrp93 msg="dialStage: timed out dialing the peer"
[2026-10-07 10:37:00.402] [out] [delivery_module] DBG 2026-10-07 10:37:00.397+02:00 Kad lookup: RPC error                      topics="kad-dht find" tid=1150721 peer=16U*k3v1b3 msg="dialStage: timed out dialing the peer"
[2026-10-07 10:37:00.402] [out] [delivery_module] DBG 2026-10-07 10:37:00.397+02:00 Kad lookup: RPC error                      topics="kad-dht find" tid=1150721 peer=16U*baEE4m msg="dialStage: timed out dialing the peer"
[2026-10-07 10:37:00.402] [out] [delivery_module] DBG 2026-10-07 10:37:00.397+02:00 Kad lookup: RPC error                      topics="kad-dht find" tid=1150721 peer=16U*7ZEp3L msg="dialStage: timed out dialing the peer"
[2026-10-07 10:37:00.493] [out] [delivery_module] DBG 2026-10-07 10:37:00.491+02:00 Lookup query                               topics="kad-dht find" tid=1150721 peer=16U*JuCbPs
[2026-10-07 10:37:00.493] [out] [delivery_module] DBG 2026-10-07 10:37:00.491+02:00 Kad lookup: RPC error                      topics="kad-dht find" tid=1150721 peer=16U*JuCbPs msg="dialStage: timed out dialing the peer"
[2026-10-07 10:37:00.514] [out] [delivery_module] DBG 2026-10-07 10:37:00.512+02:00 Lookup query                               topics="kad-dht find" tid=1150721 peer=16U*M2e2Us
[2026-10-07 10:37:00.514] [out] [delivery_module] DBG 2026-10-07 10:37:00.513+02:00 Kad lookup: RPC error                      topics="kad-dht find" tid=1150721 peer=16U*M2e2Us msg="dialStage: timed out dialing the peer"
[2026-10-07 10:37:00.524] [out] [delivery_module] DBG 2026-10-07 10:37:00.523+02:00 Lookup query                               topics="kad-dht find" tid=1150721 peer=16U*baEE4m
[2026-10-07 10:37:00.524] [out] [delivery_module] DBG 2026-10-07 10:37:00.523+02:00 Lookup query                               topics="kad-dht find" tid=1150721 peer=16U*k3v1b3
[2026-10-07 10:37:00.524] [out] [delivery_module] DBG 2026-10-07 10:37:00.523+02:00 Lookup query                               topics="kad-dht find" tid=1150721 peer=16U*7ZEp3L
[2026-10-07 10:37:00.525] [out] [delivery_module] DBG 2026-10-07 10:37:00.524+02:00 Kad lookup: RPC error                      topics="kad-dht find" tid=1150721 peer=16U*k3v1b3 msg="dialStage: timed out dialing the peer"
[2026-10-07 10:37:00.525] [out] [delivery_module] DBG 2026-10-07 10:37:00.524+02:00 Kad lookup: RPC error                      topics="kad-dht find" tid=1150721 peer=16U*baEE4m msg="dialStage: timed out dialing the peer"
[2026-10-07 10:37:00.525] [out] [delivery_module] DBG 2026-10-07 10:37:00.524+02:00 Kad lookup: RPC error                      topics="kad-dht find" tid=1150721 peer=16U*7ZEp3L msg="dialStage: timed out dialing the peer"
[2026-10-07 10:37:00.525] [out] [delivery_module] DBG 2026-10-07 10:37:00.524+02:00 Kad lookup: RPC error                      topics="kad-dht find" tid=1150721 peer=16U*qTrp93 msg="dialStage: timed out dialing the peer"
[2026-10-07 10:37:00.534] [out] [delivery_module] DBG 2026-10-07 10:37:00.534+02:00 Lookup query                               topics="kad-dht find" tid=1150721 peer=16U*M2e2Us
[2026-10-07 10:37:00.534] [out] [delivery_module] DBG 2026-10-07 10:37:00.534+02:00 Kad lookup: RPC error                      topics="kad-dht find" tid=1150721 peer=16U*M2e2Us msg="dialStage: timed out dialing the peer"
[2026-10-07 10:37:00.574] [out] [delivery_module] DBG 2026-10-07 10:37:00.572+02:00 New stream created                         tid=1150721
[2026-10-07 10:37:00.585] [out] [delivery_module] DBG 2026-10-07 10:37:00.584+02:00 dialMe answer is not reachable             topics="libp2p autonatservice" tid=1150721 description="Peer could not dial us back: Dial timeout" peerId=16Uiu2HAmQNy6gx7xKWAhCNN7T7ScjNY1kugZWnXAtkek6w28TTLb
[2026-10-07 10:37:00.585] [out] [delivery_module] DBG 2026-10-07 10:37:00.584+02:00 Current status                             topics="libp2p autonatservice" tid=1150721 currentStats=NotReachable confidence=ok(1.0) answers=[NotReachable, NotReachable, NotReachable]
[2026-10-07 10:37:00.585] [out] [delivery_module] DBG 2026-10-07 10:37:00.584+02:00 Peer reachability status                   tid=1150721 networkReachability=NotReachable confidence=1.0
[2026-10-07 10:37:00.610] [out] [delivery_module] DBG 2026-10-07 10:37:00.609+02:00 Kad lookup: RPC error                      topics="kad-dht find" tid=1150721 peer=16U*JuCbPs msg="dialStage: timed out dialing the peer"
[2026-10-07 10:37:01.051] [out] [delivery_module] DBG 2026-10-07 10:37:00.639+02:00 Lookup query                               topics="kad-dht find" tid=1150721 peer=16U*k3v1b3
[2026-10-07 10:37:01.051] [out] [delivery_module] DBG 2026-10-07 10:37:00.639+02:00 Lookup query                               topics="kad-dht find" tid=1150721 peer=16U*JuCbPs
[2026-10-07 10:37:01.051] [out] [delivery_module] DBG 2026-10-07 10:37:00.640+02:00 Kad lookup: RPC error                      topics="kad-dht find" tid=1150721 peer=16U*k3v1b3 msg="dialStage: timed out dialing the peer"
[2026-10-07 10:37:01.051] [out] [delivery_module] DBG 2026-10-07 10:37:00.640+02:00 Kad lookup: RPC error                      topics="kad-dht find" tid=1150721 peer=16U*JuCbPs msg="dialStage: timed out dialing the peer"
[2026-10-07 10:37:01.051] [out] [delivery_module] DBG 2026-10-07 10:37:00.660+02:00 Kad lookup: RPC error                      topics="kad-dht find" tid=1150721 peer=16U*M2e2Us msg="dialStage: timed out dialing the peer"
[2026-10-07 10:37:01.051] [out] [delivery_module] DBG 2026-10-07 10:37:00.669+02:00 Kad lookup: RPC error                      topics="kad-dht find" tid=1150721 peer=16U*JuCbPs msg="dialStage: timed out dialing the peer"
[2026-10-07 10:37:01.051] [out] [delivery_module] DBG 2026-10-07 10:37:00.774+02:00 Kad lookup: RPC error                      topics="kad-dht find" tid=1150721 peer=16U*qTrp93 msg="dialStage: timed out dialing the peer"
[2026-10-07 10:37:01.051] [out] [delivery_module] DBG 2026-10-07 10:37:00.778+02:00 Kad lookup: RPC error                      topics="kad-dht find" tid=1150721 peer=16U*baEE4m msg="dialStage: timed out dialing the peer"
[2026-10-07 10:37:01.051] [out] [delivery_module] DBG 2026-10-07 10:37:00.788+02:00 Lookup query                               topics="kad-dht find" tid=1150721 peer=16U*qTrp93
[2026-10-07 10:37:01.051] [out] [delivery_module] DBG 2026-10-07 10:37:00.788+02:00 Kad lookup: RPC error                      topics="kad-dht find" tid=1150721 peer=16U*qTrp93 msg="dialStage: timed out dialing the peer"
[2026-10-07 10:37:01.051] [out] [delivery_module] DBG 2026-10-07 10:37:00.889+02:00 Lookup query                               topics="kad-dht find" tid=1150721 peer=16U*baEE4m
[2026-10-07 10:37:01.051] [out] [delivery_module] DBG 2026-10-07 10:37:00.890+02:00 Kad lookup: RPC error                      topics="kad-dht find" tid=1150721 peer=16U*baEE4m msg="dialStage: timed out dialing the peer"
[2026-10-07 10:37:01.051] [out] [delivery_module] DBG 2026-10-07 10:37:00.911+02:00 Kad lookup: RPC error                      topics="kad-dht find" tid=1150721 peer=16U*7ZEp3L msg="dialStage: timed out dialing the peer"
[2026-10-07 10:37:01.051] [out] [delivery_module] DBG 2026-10-07 10:37:00.965+02:00 Kad lookup: RPC error                      topics="kad-dht find" tid=1150721 peer=16U*M2e2Us msg="dialStage: timed out dialing the peer"
[2026-10-07 10:37:01.229] [out] [delivery_module] DBG 2026-10-07 10:37:01.131+02:00 Lookup query                               topics="kad-dht find" tid=1150721 peer=16U*JuCbPs
[2026-10-07 10:37:01.229] [out] [delivery_module] DBG 2026-10-07 10:37:01.131+02:00 Lookup query                               topics="kad-dht find" tid=1150721 peer=16U*7ZEp3L
[2026-10-07 10:37:01.229] [out] [delivery_module] DBG 2026-10-07 10:37:01.131+02:00 Lookup query                               topics="kad-dht find" tid=1150721 peer=16U*qTrp93
[2026-10-07 10:37:01.229] [out] [delivery_module] DBG 2026-10-07 10:37:01.131+02:00 Lookup query                               topics="kad-dht find" tid=1150721 peer=16U*baEE4m
[2026-10-07 10:37:01.229] [out] [delivery_module] DBG 2026-10-07 10:37:01.131+02:00 Lookup query                               topics="kad-dht find" tid=1150721 peer=16U*M2e2Us
[2026-10-07 10:37:01.229] [out] [delivery_module] DBG 2026-10-07 10:37:01.132+02:00 Kad lookup: RPC error                      topics="kad-dht find" tid=1150721 peer=16U*JuCbPs msg="dialStage: timed out dialing the peer"
[2026-10-07 10:37:01.229] [out] [delivery_module] DBG 2026-10-07 10:37:01.132+02:00 Kad lookup: RPC error                      topics="kad-dht find" tid=1150721 peer=16U*qTrp93 msg="dialStage: timed out dialing the peer"
[2026-10-07 10:37:01.229] [out] [delivery_module] DBG 2026-10-07 10:37:01.132+02:00 Kad lookup: RPC error                      topics="kad-dht find" tid=1150721 peer=16U*baEE4m msg="dialStage: timed out dialing the peer"
[2026-10-07 10:37:01.229] [out] [delivery_module] DBG 2026-10-07 10:37:01.132+02:00 Kad lookup: RPC error                      topics="kad-dht find" tid=1150721 peer=16U*M2e2Us msg="dialStage: timed out dialing the peer"
[2026-10-07 10:37:01.229] [out] [delivery_module] DBG 2026-10-07 10:37:01.132+02:00 Kad lookup: RPC error                      topics="kad-dht find" tid=1150721 peer=16U*7ZEp3L msg="dialStage: timed out dialing the peer"
[2026-10-07 10:37:01.691] [out] [delivery_module] DBG 2026-10-07 10:37:01.392+02:00 Lookup query                               topics="kad-dht find" tid=1150721 peer=16U*7ZEp3L
[2026-10-07 10:37:01.691] [out] [delivery_module] DBG 2026-10-07 10:37:01.392+02:00 Lookup query                               topics="kad-dht find" tid=1150721 peer=16U*JuCbPs
[2026-10-07 10:37:01.691] [out] [delivery_module] DBG 2026-10-07 10:37:01.392+02:00 Lookup query                               topics="kad-dht find" tid=1150721 peer=16U*qTrp93
[2026-10-07 10:37:01.691] [out] [delivery_module] DBG 2026-10-07 10:37:01.392+02:00 Lookup query                               topics="kad-dht find" tid=1150721 peer=16U*baEE4m
[2026-10-07 10:37:01.691] [out] [delivery_module] DBG 2026-10-07 10:37:01.392+02:00 Lookup query                               topics="kad-dht find" tid=1150721 peer=16U*M2e2Us
[2026-10-07 10:37:01.691] [out] [delivery_module] DBG 2026-10-07 10:37:01.393+02:00 Kad lookup: RPC error                      topics="kad-dht find" tid=1150721 peer=16U*JuCbPs msg="dialStage: timed out dialing the peer"
[2026-10-07 10:37:01.691] [out] [delivery_module] DBG 2026-10-07 10:37:01.393+02:00 Kad lookup: RPC error                      topics="kad-dht find" tid=1150721 peer=16U*baEE4m msg="dialStage: timed out dialing the peer"
[2026-10-07 10:37:01.691] [out] [delivery_module] DBG 2026-10-07 10:37:01.393+02:00 Kad lookup: RPC error                      topics="kad-dht find" tid=1150721 peer=16U*7ZEp3L msg="dialStage: timed out dialing the peer"
[2026-10-07 10:37:01.691] [out] [delivery_module] DBG 2026-10-07 10:37:01.393+02:00 Kad lookup: RPC error                      topics="kad-dht find" tid=1150721 peer=16U*M2e2Us msg="dialStage: timed out dialing the peer"
[2026-10-07 10:37:01.691] [out] [delivery_module] DBG 2026-10-07 10:37:01.393+02:00 Kad lookup: RPC error                      topics="kad-dht find" tid=1150721 peer=16U*qTrp93 msg="dialStage: timed out dialing the peer"
[2026-10-07 10:37:04.234] [out] [delivery_module] WRN 2026-10-07 10:37:02.590+02:00 NAT port mapping failed                    topics="libp2p natservice" tid=1150721 port=51218 proto=mpTcp err="plum: mapping 0 failed"
[2026-10-07 10:37:04.234] [out] [delivery_module] DBG 2026-10-07 10:37:03.574+02:00 Creating stream                            tid=1150721
[2026-10-07 10:37:04.234] [out] [delivery_module] DBG 2026-10-07 10:37:03.574+02:00 New stream created                         tid=1150721
[2026-10-07 10:37:04.234] [out] [delivery_module] DBG 2026-10-07 10:37:03.819+02:00 Kad lookup: RPC error                      topics="kad-dht find" tid=1150721 peer=16U*M2e2Us msg="dialStage: timed out dialing the peer"
[2026-10-07 10:37:04.234] [out] [delivery_module] DBG 2026-10-07 10:37:03.819+02:00 Kad lookup: RPC error                      topics="kad-dht find" tid=1150721 peer=16U*7ZEp3L msg="dialStage: timed out dialing the peer"
[2026-10-07 10:37:04.234] [out] [delivery_module] DBG 2026-10-07 10:37:03.819+02:00 Kad lookup: RPC error                      topics="kad-dht find" tid=1150721 peer=16U*k3v1b3 msg="dialStage: timed out dialing the peer"
[2026-10-07 10:37:04.234] [out] [delivery_module] DBG 2026-10-07 10:37:03.819+02:00 Kad lookup: RPC error                      topics="kad-dht find" tid=1150721 peer=16U*baEE4m msg="dialStage: timed out dialing the peer"
[2026-10-07 10:37:04.234] [out] [delivery_module] DBG 2026-10-07 10:37:03.819+02:00 Kad lookup: RPC error                      topics="kad-dht find" tid=1150721 peer=16U*JuCbPs msg="dialStage: timed out dialing the peer"
[2026-10-07 10:37:04.234] [out] [delivery_module] DBG 2026-10-07 10:37:03.820+02:00 Lookup query                               topics="kad-dht find" tid=1150721 peer=16U*7ZEp3L
[2026-10-07 10:37:04.234] [out] [delivery_module] DBG 2026-10-07 10:37:03.820+02:00 Lookup query                               topics="kad-dht find" tid=1150721 peer=16U*k3v1b3
[2026-10-07 10:37:04.234] [out] [delivery_module] DBG 2026-10-07 10:37:03.820+02:00 Lookup query                               topics="kad-dht find" tid=1150721 peer=16U*qTrp93
[2026-10-07 10:37:04.234] [out] [delivery_module] DBG 2026-10-07 10:37:03.830+02:00 Kad lookup: RPC error                      topics="kad-dht find" tid=1150721 peer=16U*baEE4m msg="dialStage: timed out dialing the peer"
[2026-10-07 10:37:04.234] [out] [delivery_module] DBG 2026-10-07 10:37:03.830+02:00 Kad lookup: RPC error                      topics="kad-dht find" tid=1150721 peer=16U*k3v1b3 msg="dialStage: timed out dialing the peer"
[2026-10-07 10:37:04.234] [out] [delivery_module] DBG 2026-10-07 10:37:03.830+02:00 Kad lookup: RPC error                      topics="kad-dht find" tid=1150721 peer=16U*7ZEp3L msg="dialStage: timed out dialing the peer"
[2026-10-07 10:37:04.234] [out] [delivery_module] DBG 2026-10-07 10:37:03.830+02:00 Lookup query                               topics="kad-dht find" tid=1150721 peer=16U*k3v1b3
[2026-10-07 10:37:04.234] [out] [delivery_module] DBG 2026-10-07 10:37:03.830+02:00 Lookup query                               topics="kad-dht find" tid=1150721 peer=16U*qTrp93
[2026-10-07 10:37:04.234] [out] [delivery_module] DBG 2026-10-07 10:37:03.830+02:00 Lookup query                               topics="kad-dht find" tid=1150721 peer=16U*JuCbPs
[2026-10-07 10:37:04.234] [out] [delivery_module] DBG 2026-10-07 10:37:03.830+02:00 Lookup query                               topics="kad-dht find" tid=1150721 peer=16U*7ZEp3L
[2026-10-07 10:37:04.234] [out] [delivery_module] DBG 2026-10-07 10:37:03.830+02:00 Lookup query                               topics="kad-dht find" tid=1150721 peer=16U*M2e2Us
[2026-10-07 10:37:04.234] [out] [delivery_module] DBG 2026-10-07 10:37:04.127+02:00 Kad lookup: RPC error                      topics="kad-dht find" tid=1150721 peer=16U*JuCbPs msg="dialStage: timed out dialing the peer"
[2026-10-07 10:37:04.234] [out] [delivery_module] DBG 2026-10-07 10:37:04.127+02:00 Kad lookup: RPC error                      topics="kad-dht find" tid=1150721 peer=16U*qTrp93 msg="dialStage: timed out dialing the peer"
[2026-10-07 10:37:04.234] [out] [delivery_module] DBG 2026-10-07 10:37:04.127+02:00 Kad lookup: RPC error                      topics="kad-dht find" tid=1150721 peer=16U*baEE4m msg="dialStage: timed out dialing the peer"
[2026-10-07 10:37:04.234] [out] [delivery_module] DBG 2026-10-07 10:37:04.127+02:00 Kad lookup: RPC error                      topics="kad-dht find" tid=1150721 peer=16U*M2e2Us msg="dialStage: timed out dialing the peer"
[2026-10-07 10:37:04.234] [out] [delivery_module] DBG 2026-10-07 10:37:04.131+02:00 Lookup query                               topics="kad-dht find" tid=1150721 peer=16U*7ZEp3L
[2026-10-07 10:37:04.234] [out] [delivery_module] DBG 2026-10-07 10:37:04.131+02:00 Lookup query                               topics="kad-dht find" tid=1150721 peer=16U*k3v1b3
[2026-10-07 10:37:04.494] [out] [delivery_module] DBG 2026-10-07 10:37:04.340+02:00 Kad lookup: RPC error                      topics="kad-dht find" tid=1150721 peer=16U*qTrp93 msg="dialStage: timed out dialing the peer"
[2026-10-07 10:37:04.494] [out] [delivery_module] DBG 2026-10-07 10:37:04.340+02:00 Kad lookup: RPC error                      topics="kad-dht find" tid=1150721 peer=16U*JuCbPs msg="dialStage: timed out dialing the peer"
[2026-10-07 10:37:04.494] [out] [delivery_module] DBG 2026-10-07 10:37:04.340+02:00 Kad lookup: RPC error                      topics="kad-dht find" tid=1150721 peer=16U*baEE4m msg="dialStage: timed out dialing the peer"
[2026-10-07 10:37:04.494] [out] [delivery_module] DBG 2026-10-07 10:37:04.340+02:00 Kad lookup: RPC error                      topics="kad-dht find" tid=1150721 peer=16U*M2e2Us msg="dialStage: timed out dialing the peer"
[2026-10-07 10:37:04.494] [out] [delivery_module] DBG 2026-10-07 10:37:04.340+02:00 Lookup query                               topics="kad-dht find" tid=1150721 peer=16U*7ZEp3L
[2026-10-07 10:37:04.494] [out] [delivery_module] DBG 2026-10-07 10:37:04.340+02:00 Lookup query                               topics="kad-dht find" tid=1150721 peer=16U*k3v1b3
[2026-10-07 10:37:04.867] [out] [delivery_module] WRN 2026-10-07 10:37:04.602+02:00 NAT port mapping failed                    topics="libp2p natservice" tid=1150721 port=50339 proto=mpUdp err="plum: mapping 0 failed"
[2026-10-07 10:37:04.867] [out] [delivery_module] DBG 2026-10-07 10:37:04.609+02:00 Missed heartbeat                           topics="libp2p autonatservice" tid=1150721 heartbeat="Scheduling AutonatService run" delay=27s813ms943us542ns hinterval=30s
[2026-10-07 10:37:05.376] [out] [delivery_module] DBG 2026-10-07 10:37:05.262+02:00 Kad lookup: RPC error                      topics="kad-dht find" tid=1150721 peer=16U*JuCbPs msg="waitStage: timed out waiting for the peer's stream"
[2026-10-07 10:37:05.376] [out] [delivery_module] DBG 2026-10-07 10:37:05.262+02:00 Kad lookup: RPC error                      topics="kad-dht find" tid=1150721 peer=16U*k3v1b3 msg="waitStage: timed out waiting for the peer's stream"
[2026-10-07 10:37:05.376] [out] [delivery_module] DBG 2026-10-07 10:37:05.262+02:00 Kad lookup: RPC error                      topics="kad-dht find" tid=1150721 peer=16U*M2e2Us msg="dialStage: timed out dialing the peer"
[2026-10-07 10:37:05.376] [out] [delivery_module] DBG 2026-10-07 10:37:05.262+02:00 Kad lookup: RPC error                      topics="kad-dht find" tid=1150721 peer=16U*qTrp93 msg="dialStage: timed out dialing the peer"
[2026-10-07 10:37:05.376] [out] [delivery_module] DBG 2026-10-07 10:37:05.262+02:00 Kad lookup: RPC error                      topics="kad-dht find" tid=1150721 peer=16U*k3v1b3 msg="dialStage: timed out dialing the peer"
[2026-10-07 10:37:05.376] [out] [delivery_module] DBG 2026-10-07 10:37:05.262+02:00 Kad lookup: RPC error                      topics="kad-dht find" tid=1150721 peer=16U*baEE4m msg="dialStage: timed out dialing the peer"
[2026-10-07 10:37:05.376] [out] [delivery_module] DBG 2026-10-07 10:37:05.262+02:00 Kad lookup: RPC error                      topics="kad-dht find" tid=1150721 peer=16U*7ZEp3L msg="dialStage: timed out dialing the peer"
[2026-10-07 10:37:05.376] [out] [delivery_module] DBG 2026-10-07 10:37:05.262+02:00 Kad lookup: RPC error                      topics="kad-dht find" tid=1150721 peer=16U*JuCbPs msg="dialStage: timed out dialing the peer"
[2026-10-07 10:37:05.376] [out] [delivery_module] DBG 2026-10-07 10:37:05.263+02:00 Lookup query                               topics="kad-dht find" tid=1150721 peer=16U*7ZEp3L
[2026-10-07 10:37:05.376] [out] [delivery_module] DBG 2026-10-07 10:37:05.263+02:00 Lookup query                               topics="kad-dht find" tid=1150721 peer=16U*k3v1b3
[2026-10-07 10:37:05.376] [out] [delivery_module] DBG 2026-10-07 10:37:05.321+02:00 Kad lookup: RPC error                      topics="kad-dht find" tid=1150721 peer=16U*k3v1b3 msg="dialStage: timed out dialing the peer"
[2026-10-07 10:37:05.376] [out] [delivery_module] DBG 2026-10-07 10:37:05.321+02:00 Kad lookup: RPC error                      topics="kad-dht find" tid=1150721 peer=16U*7ZEp3L msg="dialStage: timed out dialing the peer"
[2026-10-07 10:37:05.376] [out] [delivery_module] DBG 2026-10-07 10:37:05.369+02:00 Kad lookup: RPC error                      topics="kad-dht find" tid=1150721 peer=16U*baEE4m msg="dialStage: timed out dialing the peer"
[2026-10-07 10:37:05.376] [out] [delivery_module] DBG 2026-10-07 10:37:05.370+02:00 Kad lookup: RPC error                      topics="kad-dht find" tid=1150721 peer=16U*7ZEp3L msg="dialStage: timed out dialing the peer"
[2026-10-07 10:37:05.376] [out] [delivery_module] DBG 2026-10-07 10:37:05.370+02:00 Lookup query                               topics="kad-dht find" tid=1150721 peer=16U*k3v1b3
[2026-10-07 10:37:05.376] [out] [delivery_module] DBG 2026-10-07 10:37:05.370+02:00 Lookup query                               topics="kad-dht find" tid=1150721 peer=16U*qTrp93
[2026-10-07 10:37:05.376] [out] [delivery_module] DBG 2026-10-07 10:37:05.370+02:00 Lookup query                               topics="kad-dht find" tid=1150721 peer=16U*M2e2Us
[2026-10-07 10:37:05.402] [out] [delivery_module] DBG 2026-10-07 10:37:05.399+02:00 Kad lookup: RPC error                      topics="kad-dht find" tid=1150721 peer=16U*qTrp93 msg="dialStage: timed out dialing the peer"
[2026-10-07 10:37:05.402] [out] [delivery_module] DBG 2026-10-07 10:37:05.399+02:00 Kad lookup: RPC error                      topics="kad-dht find" tid=1150721 peer=16U*k3v1b3 msg="dialStage: timed out dialing the peer"
[2026-10-07 10:37:05.402] [out] [delivery_module] DBG 2026-10-07 10:37:05.399+02:00 Kad lookup: RPC error                      topics="kad-dht find" tid=1150721 peer=16U*7ZEp3L msg="dialStage: timed out dialing the peer"
[2026-10-07 10:37:05.402] [out] [delivery_module] DBG 2026-10-07 10:37:05.399+02:00 Kad lookup: RPC error                      topics="kad-dht find" tid=1150721 peer=16U*baEE4m msg="dialStage: timed out dialing the peer"
[2026-10-07 10:37:05.402] [out] [delivery_module] DBG 2026-10-07 10:37:05.400+02:00 Lookup query                               topics="kad-dht find" tid=1150721 peer=16U*k3v1b3
[2026-10-07 10:37:05.494] [out] [delivery_module] DBG 2026-10-07 10:37:05.494+02:00 Kad lookup: RPC error                      topics="kad-dht find" tid=1150721 peer=16U*JuCbPs msg="dialStage: timed out dialing the peer"
[2026-10-07 10:37:05.691] [out] [delivery_module] DBG 2026-10-07 10:37:05.525+02:00 Kad lookup: RPC error                      topics="kad-dht find" tid=1150721 peer=16U*M2e2Us msg="dialStage: timed out dialing the peer"
[2026-10-07 10:37:05.691] [out] [delivery_module] DBG 2026-10-07 10:37:05.526+02:00 Lookup query                               topics="kad-dht find" tid=1150721 peer=16U*JuCbPs
[2026-10-07 10:37:05.691] [out] [delivery_module] DBG 2026-10-07 10:37:05.526+02:00 Lookup query                               topics="kad-dht find" tid=1150721 peer=16U*qTrp93
[2026-10-07 10:37:05.691] [out] [delivery_module] DBG 2026-10-07 10:37:05.526+02:00 Lookup query                               topics="kad-dht find" tid=1150721 peer=16U*k3v1b3
[2026-10-07 10:37:05.691] [out] [delivery_module] DBG 2026-10-07 10:37:05.526+02:00 Lookup query                               topics="kad-dht find" tid=1150721 peer=16U*baEE4m
[2026-10-07 10:37:05.691] [out] [delivery_module] DBG 2026-10-07 10:37:05.526+02:00 Kad lookup: RPC error                      topics="kad-dht find" tid=1150721 peer=16U*baEE4m msg="dialStage: timed out dialing the peer"
[2026-10-07 10:37:05.691] [out] [delivery_module] DBG 2026-10-07 10:37:05.526+02:00 Kad lookup: RPC error                      topics="kad-dht find" tid=1150721 peer=16U*k3v1b3 msg="dialStage: timed out dialing the peer"
[2026-10-07 10:37:05.691] [out] [delivery_module] DBG 2026-10-07 10:37:05.526+02:00 Kad lookup: RPC error                      topics="kad-dht find" tid=1150721 peer=16U*7ZEp3L msg="dialStage: timed out dialing the peer"
[2026-10-07 10:37:05.691] [out] [delivery_module] DBG 2026-10-07 10:37:05.527+02:00 Lookup query                               topics="kad-dht find" tid=1150721 peer=16U*k3v1b3
[2026-10-07 10:37:05.691] [out] [delivery_module] DBG 2026-10-07 10:37:05.527+02:00 Lookup query                               topics="kad-dht find" tid=1150721 peer=16U*qTrp93
[2026-10-07 10:37:05.691] [out] [delivery_module] DBG 2026-10-07 10:37:05.527+02:00 Lookup query                               topics="kad-dht find" tid=1150721 peer=16U*JuCbPs
[2026-10-07 10:37:05.691] [out] [delivery_module] DBG 2026-10-07 10:37:05.527+02:00 Lookup query                               topics="kad-dht find" tid=1150721 peer=16U*M2e2Us
[2026-10-07 10:37:05.691] [out] [delivery_module] DBG 2026-10-07 10:37:05.536+02:00 Kad lookup: RPC error                      topics="kad-dht find" tid=1150721 peer=16U*M2e2Us msg="dialStage: timed out dialing the peer"
[2026-10-07 10:37:05.691] [out] [delivery_module] DBG 2026-10-07 10:37:05.642+02:00 Kad lookup: RPC error                      topics="kad-dht find" tid=1150721 peer=16U*k3v1b3 msg="dialStage: timed out dialing the peer"
[2026-10-07 10:37:05.691] [out] [delivery_module] DBG 2026-10-07 10:37:05.642+02:00 Kad lookup: RPC error                      topics="kad-dht find" tid=1150721 peer=16U*JuCbPs msg="dialStage: timed out dialing the peer"
[2026-10-07 10:37:05.826] [out] [delivery_module] DBG 2026-10-07 10:37:05.803+02:00 Kad lookup: RPC error                      topics="kad-dht find" tid=1150721 peer=16U*qTrp93 msg="dialStage: timed out dialing the peer"
[2026-10-07 10:37:06.271] [out] [delivery_module] DBG 2026-10-07 10:37:05.894+02:00 Kad lookup: RPC error                      topics="kad-dht find" tid=1150721 peer=16U*baEE4m msg="dialStage: timed out dialing the peer"
[2026-10-07 10:37:06.271] [out] [delivery_module] DBG 2026-10-07 10:37:05.895+02:00 Lookup query                               topics="kad-dht find" tid=1150721 peer=16U*k3v1b3
[2026-10-07 10:37:06.271] [out] [delivery_module] DBG 2026-10-07 10:37:05.895+02:00 Lookup query                               topics="kad-dht find" tid=1150721 peer=16U*7ZEp3L
[2026-10-07 10:37:06.271] [out] [delivery_module] DBG 2026-10-07 10:37:05.895+02:00 Lookup query                               topics="kad-dht find" tid=1150721 peer=16U*M2e2Us
[2026-10-07 10:37:06.271] [out] [delivery_module] DBG 2026-10-07 10:37:06.134+02:00 Kad lookup: RPC error                      topics="kad-dht find" tid=1150721 peer=16U*JuCbPs msg="dialStage: timed out dialing the peer"
[2026-10-07 10:37:06.271] [out] [delivery_module] DBG 2026-10-07 10:37:06.134+02:00 Kad lookup: RPC error                      topics="kad-dht find" tid=1150721 peer=16U*qTrp93 msg="dialStage: timed out dialing the peer"
[2026-10-07 10:37:06.271] [out] [delivery_module] DBG 2026-10-07 10:37:06.135+02:00 Kad lookup: RPC error                      topics="kad-dht find" tid=1150721 peer=16U*baEE4m msg="dialStage: timed out dialing the peer"
[2026-10-07 10:37:06.271] [out] [delivery_module] DBG 2026-10-07 10:37:06.135+02:00 Kad lookup: RPC error                      topics="kad-dht find" tid=1150721 peer=16U*7ZEp3L msg="dialStage: timed out dialing the peer"
[2026-10-07 10:37:06.271] [out] [delivery_module] DBG 2026-10-07 10:37:06.135+02:00 Kad lookup: RPC error                      topics="kad-dht find" tid=1150721 peer=16U*M2e2Us msg="dialStage: timed out dialing the peer"
[2026-10-07 10:37:06.271] [out] [delivery_module] DBG 2026-10-07 10:37:06.135+02:00 Lookup query                               topics="kad-dht find" tid=1150721 peer=16U*k3v1b3
[2026-10-07 10:37:07.574] [out] [storage_module] WRN 2026-10-07 10:37:06.342+02:00 No key for a QueryResponse                 topics="storage repostore" tid=1152360
[2026-10-07 10:37:07.574] [out] [delivery_module] DBG 2026-10-07 10:37:06.395+02:00 Kad lookup: RPC error                      topics="kad-dht find" tid=1150721 peer=16U*qTrp93 msg="dialStage: timed out dialing the peer"
[2026-10-07 10:37:07.574] [out] [delivery_module] DBG 2026-10-07 10:37:06.395+02:00 Kad lookup: RPC error                      topics="kad-dht find" tid=1150721 peer=16U*baEE4m msg="dialStage: timed out dialing the peer"
[2026-10-07 10:37:07.574] [out] [delivery_module] DBG 2026-10-07 10:37:06.395+02:00 Kad lookup: RPC error                      topics="kad-dht find" tid=1150721 peer=16U*M2e2Us msg="dialStage: timed out dialing the peer"
[2026-10-07 10:37:07.574] [out] [delivery_module] DBG 2026-10-07 10:37:06.395+02:00 Kad lookup: RPC error                      topics="kad-dht find" tid=1150721 peer=16U*7ZEp3L msg="dialStage: timed out dialing the peer"
[2026-10-07 10:37:07.574] [out] [delivery_module] DBG 2026-10-07 10:37:06.395+02:00 Kad lookup: RPC error                      topics="kad-dht find" tid=1150721 peer=16U*JuCbPs msg="dialStage: timed out dialing the peer"
[2026-10-07 10:37:07.574] [out] [delivery_module] DBG 2026-10-07 10:37:06.396+02:00 Lookup query                               topics="kad-dht find" tid=1150721 peer=16U*k3v1b3
[2026-10-07 10:37:07.574] [out] [delivery_module] DBG 2026-10-07 10:37:07.231+02:00 Dialing failed                             topics="libp2p dialer" tid=1150721 description="Timeout exceeded!" peerId=16U*7ZEp3L address=/ip4/192.168.1.3/tcp/49737 hostname=192.168.1.3
[2026-10-07 10:37:07.574] [out] [delivery_module] DBG 2026-10-07 10:37:07.231+02:00 Dialing failed                             topics="libp2p dialer" tid=1150721 description="Timeout exceeded!" peerId=16U*k3v1b3 address=/ip4/10.16.8.125/tcp/49352 hostname=10.16.8.125
[2026-10-07 10:37:07.574] [out] [delivery_module] DBG 2026-10-07 10:37:07.231+02:00 Dialing failed                             topics="libp2p dialer" tid=1150721 description="Timeout exceeded!" peerId=16U*oJnadu address=/ip4/10.1.0.169/tcp/65467 hostname=10.1.0.169
[2026-10-07 10:37:07.574] [out] [delivery_module] DBG 2026-10-07 10:37:07.236+02:00 Error dialing                              topics="libp2p dialer" tid=1150721 conn=nil peerId=16U*7ZEp3L protos="[/logos/service-discovery/1.0.0]" addrs="[/ip4/192.168.1.3/udp/56395/quic-v1, /ip4/192.168.1.3/tcp/49737]" description="Unable to establish outgoing link in establishConnection: peer_id=16U*7ZEp3L addrs=@[/ip4/192.168.1.3/udp/56395/quic-v1, /ip4/192.168.1.3/tcp/49737]"
[2026-10-07 10:37:07.574] [out] [delivery_module] DBG 2026-10-07 10:37:07.236+02:00 Error dialing                              topics="libp2p dialer" tid=1150721 conn=nil peerId=16U*k3v1b3 protos="[/logos/service-discovery/1.0.0]" addrs="[/ip4/10.16.8.125/udp/55890/quic-v1, /ip4/10.16.8.125/tcp/49352]" description="Unable to establish outgoing link in establishConnection: peer_id=16U*k3v1b3 addrs=@[/ip4/10.16.8.125/udp/55890/quic-v1, /ip4/10.16.8.125/tcp/49352]"
[2026-10-07 10:37:07.574] [out] [delivery_module] DBG 2026-10-07 10:37:07.236+02:00 Error dialing                              topics="libp2p dialer" tid=1150721 conn=nil peerId=16U*oJnadu protos="[/logos/service-discovery/1.0.0]" addrs="[/ip4/10.1.0.169/udp/53213/quic-v1, /ip4/10.1.0.169/tcp/65467]" description="Unable to establish outgoing link in establishConnection: peer_id=16U*oJnadu addrs=@[/ip4/10.1.0.169/udp/53213/quic-v1, /ip4/10.1.0.169/tcp/65467]"
[2026-10-07 10:37:07.574] [out] [delivery_module] DBG 2026-10-07 10:37:07.238+02:00 Dialing peer                               topics="libp2p dialer" tid=1150721 peerId=16U*7ZEp3L addrs="[/ip4/192.168.1.3/udp/56395/quic-v1, /ip4/192.168.1.3/tcp/49737]"
[2026-10-07 10:37:07.574] [out] [delivery_module] DBG 2026-10-07 10:37:07.238+02:00 Expanded address and hostname              topics="libp2p dialer" tid=1150721 expandedAddress=/ip4/192.168.1.3/udp/56395/quic-v1 hostname=192.168.1.3 resolvedAddresses="[/ip4/192.168.1.3/udp/56395/quic-v1]"
[2026-10-07 10:37:07.575] [out] [delivery_module] DBG 2026-10-07 10:37:07.238+02:00 New connection established: client         tid=1150721
[2026-10-07 10:37:07.575] [out] [delivery_module] DBG 2026-10-07 10:37:07.239+02:00 Dialing peer                               topics="libp2p dialer" tid=1150721 peerId=16U*k3v1b3 addrs="[/ip4/10.16.8.125/udp/55890/quic-v1, /ip4/10.16.8.125/tcp/49352]"
[2026-10-07 10:37:07.575] [out] [delivery_module] DBG 2026-10-07 10:37:07.239+02:00 Expanded address and hostname              topics="libp2p dialer" tid=1150721 expandedAddress=/ip4/10.16.8.125/udp/55890/quic-v1 hostname=10.16.8.125 resolvedAddresses="[/ip4/10.16.8.125/udp/55890/quic-v1]"
[2026-10-07 10:37:07.575] [out] [delivery_module] DBG 2026-10-07 10:37:07.239+02:00 New connection established: client         tid=1150721
[2026-10-07 10:37:07.576] [out] [delivery_module] DBG 2026-10-07 10:37:07.240+02:00 Dialing peer                               topics="libp2p dialer" tid=1150721 peerId=16U*oJnadu addrs="[/ip4/10.1.0.169/udp/53213/quic-v1, /ip4/10.1.0.169/tcp/65467]"
[2026-10-07 10:37:07.576] [out] [delivery_module] DBG 2026-10-07 10:37:07.240+02:00 Expanded address and hostname              topics="libp2p dialer" tid=1150721 expandedAddress=/ip4/10.1.0.169/udp/53213/quic-v1 hostname=10.1.0.169 resolvedAddresses="[/ip4/10.1.0.169/udp/53213/quic-v1]"
[2026-10-07 10:37:07.576] [out] [delivery_module] DBG 2026-10-07 10:37:07.240+02:00 New connection established: client         tid=1150721
[2026-10-07 10:37:08.625] [out] [delivery_module] DBG 2026-10-07 10:37:08.618+02:00 Dialing failed                             topics="libp2p dialer" tid=1150721 description="Timeout exceeded!" peerId=16U*JuCbPs address=/ip4/83.135.41.108/tcp/42291 hostname=83.135.41.108
[2026-10-07 10:37:08.625] [out] [delivery_module] DBG 2026-10-07 10:37:08.618+02:00 Dialing failed                             topics="libp2p dialer" tid=1150721 description="Timeout exceeded!" peerId=16U*qTrp93 address=/ip4/83.135.41.108/tcp/25235 hostname=83.135.41.108
[2026-10-07 10:37:08.625] [out] [delivery_module] DBG 2026-10-07 10:37:08.618+02:00 Dialing failed                             topics="libp2p dialer" tid=1150721 description="Timeout exceeded!" peerId=16U*baEE4m address=/ip4/83.135.41.108/tcp/13510 hostname=83.135.41.108
[2026-10-07 10:37:08.625] [out] [delivery_module] DBG 2026-10-07 10:37:08.618+02:00 Dialing failed                             topics="libp2p dialer" tid=1150721 description="Timeout exceeded!" peerId=16U*M2e2Us address=/ip4/83.135.41.108/tcp/37990 hostname=83.135.41.108
[2026-10-07 10:37:08.625] [out] [delivery_module] DBG 2026-10-07 10:37:08.618+02:00 Error dialing                              topics="libp2p dialer" tid=1150721 conn=nil peerId=16U*JuCbPs protos="[/logos/service-discovery/1.0.0]" addrs="[/ip4/83.135.41.108/tcp/42291]" description="Unable to establish outgoing link in establishConnection: peer_id=16U*JuCbPs addrs=@[/ip4/83.135.41.108/tcp/42291]"
[2026-10-07 10:37:08.625] [out] [delivery_module] DBG 2026-10-07 10:37:08.618+02:00 Error dialing                              topics="libp2p dialer" tid=1150721 conn=nil peerId=16U*qTrp93 protos="[/logos/service-discovery/1.0.0]" addrs="[/ip4/83.135.41.108/tcp/25235]" description="Unable to establish outgoing link in establishConnection: peer_id=16U*qTrp93 addrs=@[/ip4/83.135.41.108/tcp/25235]"
[2026-10-07 10:37:08.625] [out] [delivery_module] DBG 2026-10-07 10:37:08.618+02:00 Error dialing                              topics="libp2p dialer" tid=1150721 conn=nil peerId=16U*baEE4m protos="[/logos/service-discovery/1.0.0]" addrs="[/ip4/83.135.41.108/tcp/13510]" description="Unable to establish outgoing link in establishConnection: peer_id=16U*baEE4m addrs=@[/ip4/83.135.41.108/tcp/13510]"
[2026-10-07 10:37:08.625] [out] [delivery_module] DBG 2026-10-07 10:37:08.618+02:00 Error dialing                              topics="libp2p dialer" tid=1150721 conn=nil peerId=16U*M2e2Us protos="[/logos/service-discovery/1.0.0]" addrs="[/ip4/83.135.41.108/tcp/37990]" description="Unable to establish outgoing link in establishConnection: peer_id=16U*M2e2Us addrs=@[/ip4/83.135.41.108/tcp/37990]"
[2026-10-07 10:37:08.625] [out] [delivery_module] DBG 2026-10-07 10:37:08.618+02:00 Dialing peer                               topics="libp2p dialer" tid=1150721 peerId=16U*JuCbPs addrs="[/ip4/83.135.41.108/tcp/42291]"
[2026-10-07 10:37:08.625] [out] [delivery_module] DBG 2026-10-07 10:37:08.618+02:00 Expanded address and hostname              topics="libp2p dialer" tid=1150721 expandedAddress=/ip4/83.135.41.108/tcp/42291 hostname=83.135.41.108 resolvedAddresses="[/ip4/83.135.41.108/tcp/42291]"
[2026-10-07 10:37:08.626] [out] [delivery_module] DBG 2026-10-07 10:37:08.619+02:00 Dialing peer                               topics="libp2p dialer" tid=1150721 peerId=16U*qTrp93 addrs="[/ip4/83.135.41.108/tcp/25235]"
[2026-10-07 10:37:08.626] [out] [delivery_module] DBG 2026-10-07 10:37:08.619+02:00 Expanded address and hostname              topics="libp2p dialer" tid=1150721 expandedAddress=/ip4/83.135.41.108/tcp/25235 hostname=83.135.41.108 resolvedAddresses="[/ip4/83.135.41.108/tcp/25235]"
[2026-10-07 10:37:08.626] [out] [delivery_module] DBG 2026-10-07 10:37:08.620+02:00 Dialing peer                               topics="libp2p dialer" tid=1150721 peerId=16U*baEE4m addrs="[/ip4/83.135.41.108/tcp/13510]"
[2026-10-07 10:37:08.626] [out] [delivery_module] DBG 2026-10-07 10:37:08.620+02:00 Expanded address and hostname              topics="libp2p dialer" tid=1150721 expandedAddress=/ip4/83.135.41.108/tcp/13510 hostname=83.135.41.108 resolvedAddresses="[/ip4/83.135.41.108/tcp/13510]"
[2026-10-07 10:37:08.626] [out] [delivery_module] DBG 2026-10-07 10:37:08.620+02:00 Dialing peer                               topics="libp2p dialer" tid=1150721 peerId=16U*M2e2Us addrs="[/ip4/83.135.41.108/tcp/37990]"
[2026-10-07 10:37:08.626] [out] [delivery_module] DBG 2026-10-07 10:37:08.620+02:00 Expanded address and hostname              topics="libp2p dialer" tid=1150721 expandedAddress=/ip4/83.135.41.108/tcp/37990 hostname=83.135.41.108 resolvedAddresses="[/ip4/83.135.41.108/tcp/37990]"
[2026-10-07 10:37:08.851] [out] [delivery_module] DBG 2026-10-07 10:37:08.825+02:00 Kad lookup: RPC error                      topics="kad-dht find" tid=1150721 peer=16U*k3v1b3 msg="dialStage: timed out dialing the peer"
[2026-10-07 10:37:08.851] [out] [delivery_module] DBG 2026-10-07 10:37:08.825+02:00 Kad lookup: RPC error                      topics="kad-dht find" tid=1150721 peer=16U*7ZEp3L msg="dialStage: timed out dialing the peer"
[2026-10-07 10:37:08.851] [out] [delivery_module] DBG 2026-10-07 10:37:08.825+02:00 Kad lookup: RPC error                      topics="kad-dht find" tid=1150721 peer=16U*qTrp93 msg="dialStage: timed out dialing the peer"
[2026-10-07 10:37:08.851] [out] [delivery_module] DBG 2026-10-07 10:37:08.826+02:00 Lookup query                               topics="kad-dht find" tid=1150721 peer=16U*k3v1b3
[2026-10-07 10:37:08.851] [out] [delivery_module] DBG 2026-10-07 10:37:08.842+02:00 Kad lookup: RPC error                      topics="kad-dht find" tid=1150721 peer=16U*k3v1b3 msg="dialStage: timed out dialing the peer"
[2026-10-07 10:37:08.851] [out] [delivery_module] DBG 2026-10-07 10:37:08.842+02:00 Kad lookup: RPC error                      topics="kad-dht find" tid=1150721 peer=16U*qTrp93 msg="dialStage: timed out dialing the peer"
[2026-10-07 10:37:08.851] [out] [delivery_module] DBG 2026-10-07 10:37:08.842+02:00 Kad lookup: RPC error                      topics="kad-dht find" tid=1150721 peer=16U*JuCbPs msg="dialStage: timed out dialing the peer"
[2026-10-07 10:37:08.851] [out] [delivery_module] DBG 2026-10-07 10:37:08.842+02:00 Kad lookup: RPC error                      topics="kad-dht find" tid=1150721 peer=16U*7ZEp3L msg="dialStage: timed out dialing the peer"
[2026-10-07 10:37:08.851] [out] [delivery_module] DBG 2026-10-07 10:37:08.842+02:00 Kad lookup: RPC error                      topics="kad-dht find" tid=1150721 peer=16U*M2e2Us msg="dialStage: timed out dialing the peer"
[2026-10-07 10:37:08.851] [out] [delivery_module] DBG 2026-10-07 10:37:08.842+02:00 Lookup query                               topics="kad-dht find" tid=1150721 peer=16U*k3v1b3
[2026-10-07 10:37:09.100] [out] [delivery_module] DBG 2026-10-07 10:37:09.099+02:00 calculateConnectionState                   tid=1150721 relayCount=12 storeClientCount=6 lightpushCount=12 filterCount=12
[2026-10-07 10:37:09.133] [out] [delivery_module] DBG 2026-10-07 10:37:09.133+02:00 Lookup query                               topics="kad-dht find" tid=1150721 peer=16U*7ZEp3L
[2026-10-07 10:37:09.133] [out] [delivery_module] DBG 2026-10-07 10:37:09.133+02:00 Lookup query                               topics="kad-dht find" tid=1150721 peer=16U*k3v1b3
[2026-10-07 10:37:09.134] [out] [delivery_module] DBG 2026-10-07 10:37:09.134+02:00 Kad lookup: RPC error                      topics="kad-dht find" tid=1150721 peer=16U*k3v1b3 msg="dialStage: timed out dialing the peer"
[2026-10-07 10:37:09.134] [out] [delivery_module] DBG 2026-10-07 10:37:09.134+02:00 Kad lookup: RPC error                      topics="kad-dht find" tid=1150721 peer=16U*7ZEp3L msg="dialStage: timed out dialing the peer"
[2026-10-07 10:37:09.342] [out] [delivery_module] DBG 2026-10-07 10:37:09.342+02:00 Lookup query                               topics="kad-dht find" tid=1150721 peer=16U*7ZEp3L
[2026-10-07 10:37:09.342] [out] [delivery_module] DBG 2026-10-07 10:37:09.342+02:00 Lookup query                               topics="kad-dht find" tid=1150721 peer=16U*k3v1b3
[2026-10-07 10:37:09.343] [out] [delivery_module] DBG 2026-10-07 10:37:09.343+02:00 Kad lookup: RPC error                      topics="kad-dht find" tid=1150721 peer=16U*k3v1b3 msg="dialStage: timed out dialing the peer"
[2026-10-07 10:37:09.343] [out] [delivery_module] DBG 2026-10-07 10:37:09.343+02:00 Kad lookup: RPC error                      topics="kad-dht find" tid=1150721 peer=16U*7ZEp3L msg="dialStage: timed out dialing the peer"
[2026-10-07 10:37:10.253] [out] [delivery_module] DBG 2026-10-07 10:37:10.243+02:00 Dialing failed                             topics="libp2p dialer" tid=1150721 description="quic dial timed out after 3s" peerId=16U*7ZEp3L address=/ip4/192.168.1.3/udp/56395/quic-v1 hostname=192.168.1.3
[2026-10-07 10:37:10.253] [out] [delivery_module] DBG 2026-10-07 10:37:10.243+02:00 Dialing failed                             topics="libp2p dialer" tid=1150721 description="quic dial timed out after 3s" peerId=16U*k3v1b3 address=/ip4/10.16.8.125/udp/55890/quic-v1 hostname=10.16.8.125
[2026-10-07 10:37:10.253] [out] [delivery_module] DBG 2026-10-07 10:37:10.243+02:00 Dialing failed                             topics="libp2p dialer" tid=1150721 description="quic dial timed out after 3s" peerId=16U*oJnadu address=/ip4/10.1.0.169/udp/53213/quic-v1 hostname=10.1.0.169
[2026-10-07 10:37:10.253] [out] [delivery_module] DBG 2026-10-07 10:37:10.243+02:00 Expanded address and hostname              topics="libp2p dialer" tid=1150721 expandedAddress=/ip4/192.168.1.3/tcp/49737 hostname=192.168.1.3 resolvedAddresses="[/ip4/192.168.1.3/tcp/49737]"
[2026-10-07 10:37:10.253] [out] [delivery_module] DBG 2026-10-07 10:37:10.244+02:00 Expanded address and hostname              topics="libp2p dialer" tid=1150721 expandedAddress=/ip4/10.16.8.125/tcp/49352 hostname=10.16.8.125 resolvedAddresses="[/ip4/10.16.8.125/tcp/49352]"
[2026-10-07 10:37:10.253] [out] [delivery_module] DBG 2026-10-07 10:37:10.247+02:00 Expanded address and hostname              topics="libp2p dialer" tid=1150721 expandedAddress=/ip4/10.1.0.169/tcp/65467 hostname=10.1.0.169 resolvedAddresses="[/ip4/10.1.0.169/tcp/65467]"
[2026-10-07 10:37:10.358] [out] [delivery_module] DBG 2026-10-07 10:37:10.276+02:00 Kad lookup: RPC error                      topics="kad-dht find" tid=1150721 peer=16U*7ZEp3L msg="dialStage: timed out dialing the peer"
[2026-10-07 10:37:10.358] [out] [delivery_module] DBG 2026-10-07 10:37:10.276+02:00 Kad lookup: RPC error                      topics="kad-dht find" tid=1150721 peer=16U*k3v1b3 msg="dialStage: timed out dialing the peer"
[2026-10-07 10:37:10.358] [out] [delivery_module] DBG 2026-10-07 10:37:10.276+02:00 Lookup query                               topics="kad-dht find" tid=1150721 peer=16U*k3v1b3
[2026-10-07 10:37:10.538] [out] [delivery_module] DBG 2026-10-07 10:37:10.394+02:00 Kad lookup: RPC error                      topics="kad-dht find" tid=1150721 peer=16U*k3v1b3 msg="dialStage: timed out dialing the peer"
[2026-10-07 10:37:10.538] [out] [delivery_module] DBG 2026-10-07 10:37:10.394+02:00 Kad lookup: RPC error                      topics="kad-dht find" tid=1150721 peer=16U*qTrp93 msg="dialStage: timed out dialing the peer"
[2026-10-07 10:37:10.538] [out] [delivery_module] DBG 2026-10-07 10:37:10.394+02:00 Kad lookup: RPC error                      topics="kad-dht find" tid=1150721 peer=16U*M2e2Us msg="dialStage: timed out dialing the peer"
[2026-10-07 10:37:10.538] [out] [delivery_module] DBG 2026-10-07 10:37:10.399+02:00 Lookup query                               topics="kad-dht find" tid=1150721 peer=16U*k3v1b3
[2026-10-07 10:37:10.538] [out] [delivery_module] DBG 2026-10-07 10:37:10.400+02:00 Lookup query                               topics="kad-dht find" tid=1150721 peer=16U*k3v1b3
[2026-10-07 10:37:10.538] [out] [delivery_module] DBG 2026-10-07 10:37:10.401+02:00 Kad lookup: RPC error                      topics="kad-dht find" tid=1150721 peer=16U*k3v1b3 msg="dialStage: timed out dialing the peer"
[2026-10-07 10:37:10.576] [out] [delivery_module] DBG 2026-10-07 10:37:10.543+02:00 Kad lookup: RPC error                      topics="kad-dht find" tid=1150721 peer=16U*k3v1b3 msg="waitStage: timed out waiting for the peer's stream"
[2026-10-07 10:37:10.576] [out] [delivery_module] DBG 2026-10-07 10:37:10.543+02:00 Kad lookup: RPC error                      topics="kad-dht find" tid=1150721 peer=16U*qTrp93 msg="waitStage: timed out waiting for the peer's stream"
[2026-10-07 10:37:10.576] [out] [delivery_module] DBG 2026-10-07 10:37:10.543+02:00 Kad lookup: RPC error                      topics="kad-dht find" tid=1150721 peer=16U*JuCbPs msg="waitStage: timed out waiting for the peer's stream"
[2026-10-07 10:37:10.576] [out] [delivery_module] DBG 2026-10-07 10:37:10.543+02:00 Kad lookup: RPC error                      topics="kad-dht find" tid=1150721 peer=16U*JuCbPs msg="dialStage: timed out dialing the peer"
[2026-10-07 10:37:10.576] [out] [delivery_module] DBG 2026-10-07 10:37:10.543+02:00 Kad lookup: RPC error                      topics="kad-dht find" tid=1150721 peer=16U*qTrp93 msg="dialStage: timed out dialing the peer"
[2026-10-07 10:37:10.576] [out] [delivery_module] DBG 2026-10-07 10:37:10.543+02:00 Kad lookup: RPC error                      topics="kad-dht find" tid=1150721 peer=16U*baEE4m msg="dialStage: timed out dialing the peer"
[2026-10-07 10:37:10.576] [out] [delivery_module] DBG 2026-10-07 10:37:10.543+02:00 Kad lookup: RPC error                      topics="kad-dht find" tid=1150721 peer=16U*k3v1b3 msg="dialStage: timed out dialing the peer"
[2026-10-07 10:37:10.576] [out] [delivery_module] DBG 2026-10-07 10:37:10.543+02:00 Kad lookup: RPC error                      topics="kad-dht find" tid=1150721 peer=16U*M2e2Us msg="dialStage: timed out dialing the peer"
[2026-10-07 10:37:10.576] [out] [delivery_module] DBG 2026-10-07 10:37:10.543+02:00 Lookup query                               topics="kad-dht find" tid=1150721 peer=16U*k3v1b3
[2026-10-07 10:37:10.576] [out] [delivery_module] DBG 2026-10-07 10:37:10.544+02:00 Lookup query                               topics="kad-dht find" tid=1150721 peer=16U*k3v1b3
[2026-10-07 10:37:10.947] [out] [delivery_module] DBG 2026-10-07 10:37:10.898+02:00 Kad lookup: RPC error                      topics="kad-dht find" tid=1150721 peer=16U*k3v1b3 msg="dialStage: timed out dialing the peer"
[2026-10-07 10:37:10.947] [out] [delivery_module] DBG 2026-10-07 10:37:10.899+02:00 Kad lookup: RPC error                      topics="kad-dht find" tid=1150721 peer=16U*M2e2Us msg="dialStage: timed out dialing the peer"
[2026-10-07 10:37:10.947] [out] [delivery_module] DBG 2026-10-07 10:37:10.899+02:00 Lookup query                               topics="kad-dht find" tid=1150721 peer=16U*k3v1b3
[2026-10-07 10:37:11.126] [out] [delivery_module] DBG 2026-10-07 10:37:11.007+02:00 New stream created                         tid=1150721
[2026-10-07 10:37:11.305] [out] [delivery_module] DBG 2026-10-07 10:37:11.136+02:00 Lookup query                               topics="kad-dht find" tid=1150721 peer=16U*k3v1b3
[2026-10-07 10:37:11.305] [out] [delivery_module] DBG 2026-10-07 10:37:11.136+02:00 Kad lookup: RPC error                      topics="kad-dht find" tid=1150721 peer=16U*k3v1b3 msg="dialStage: timed out dialing the peer"
[2026-10-07 10:37:11.485] [out] [delivery_module] DBG 2026-10-07 10:37:11.397+02:00 Lookup query                               topics="kad-dht find" tid=1150721 peer=16U*k3v1b3
[2026-10-07 10:37:11.485] [out] [delivery_module] DBG 2026-10-07 10:37:11.397+02:00 Kad lookup: RPC error                      topics="kad-dht find" tid=1150721 peer=16U*k3v1b3 msg="dialStage: timed out dialing the peer"
