run-logos-standalone-ui: hot-reloading QML from <repo>/src/qml
  (export DEV_QML_PATH to override, or LOGOS_QML_HOT_RELOAD=0 to disable)
Session directory: "~/Library/Application Support/Logos/LogosStandalone"
[2026-10-06 14:11:36.737] [info] [logos] Granting host services to 'capability_module': token_registry,token_delivery
[2026-10-06 14:11:36.763] [out] [capability_module] [2026-10-06 14:11:36.763] [info] Granting host services to capability_module: ["token_registry","token_delivery"]
RemoteTransportConnection: Connecting to registry: "local:logos_capability_module_c2d0fdce1293" at "14:11:36.764"
RemoteTransportConnection: Registry connect attempt started (no peer contact yet): "local:logos_capability_module_c2d0fdce1293"
LogosAPIConsumer: Informing module token for module: "capability_module" with token: "redacted:effa889d…"
RemoteTransportConnection: Requesting object: "capability_module" at "14:11:36.764"
[LogosObject] RemoteTransportConnection: returning RemoteLogosObject for: "capability_module"
[LogosObject] Created RemoteLogosObject wrapping QRemoteObjectReplica 105553168796192
[LogosObject] LogosAPIConsumer: calling LogosObject::informModuleToken for "capability_module"
LogosAPIConsumer: informModuleToken completed with result: true
[LogosObject] Destroying RemoteLogosObject 0
[2026-10-06 14:11:36.787] [info] [logos] Module loaded: capability_module
LogosAPIConsumer: Informing module token for module: "modules_state" with token: "redacted:c59de864…"
RemoteTransportConnection: Requesting object: "capability_module" at "14:11:36.812"
[LogosObject] RemoteTransportConnection: returning RemoteLogosObject for: "capability_module"
[LogosObject] Created RemoteLogosObject wrapping QRemoteObjectReplica 105553168892288
[LogosObject] LogosAPIConsumer: calling LogosObject::informModuleToken for "modules_state"
LogosAPIConsumer: informModuleToken completed with result: true
[LogosObject] Destroying RemoteLogosObject 0
[2026-10-06 14:11:36.812] [info] [logos] Module loaded: modules_state
RemoteTransportConnection: Connecting to registry: "local:logos_modules_state_c2d0fdce1293" at "14:11:36.813"
RemoteTransportConnection: Registry connect attempt started (no peer contact yet): "local:logos_modules_state_c2d0fdce1293"
RemoteTransportConnection: Connecting to registry: "local:logos_capability_module_c2d0fdce1293" at "14:11:36.813"
RemoteTransportConnection: Registry connect attempt started (no peer contact yet): "local:logos_capability_module_c2d0fdce1293"
LogosAPIConsumer: '"modules_state"::""' deferred pending the module becoming reachable
LogosAPIConsumer: '"modules_state"::""' deferred pending the module becoming reachable
Logos Core started (modules dir: "/nix/store/4v2cj5cr5dlsjb9cl0blr0cds0qf07iv-logos-forum_module-plugin-dir-modules" )
Set app icon from metadata: "/nix/store/2cf2rignr2kkmi3zdzsjhi0v9v7mcv58-logos-forum_module-plugin-dir/src/icons/icon.png"
[2026-10-06 14:11:36.848] [info] [logos] [delivery_module] DeliveryModuleImpl: Initializing...
LogosAPIConsumer: Informing module token for module: "delivery_module" with token: "redacted:695c2344…"
RemoteTransportConnection: Requesting object: "capability_module" at "14:11:36.849"
[LogosObject] RemoteTransportConnection: returning RemoteLogosObject for: "capability_module"
[LogosObject] Created RemoteLogosObject wrapping QRemoteObjectReplica 105553168769024
[LogosObject] LogosAPIConsumer: calling LogosObject::informModuleToken for "delivery_module"
LogosAPIConsumer: informModuleToken completed with result: true
[LogosObject] Destroying RemoteLogosObject 0
[2026-10-06 14:11:36.849] [info] [logos] Module loaded: delivery_module
RemoteTransportConnection: Connecting to registry: "local:logos_delivery_module_c2d0fdce1293" at "14:11:36.850"
RemoteTransportConnection: Registry connect attempt started (no peer contact yet): "local:logos_delivery_module_c2d0fdce1293"
RemoteTransportConnection: Connecting to registry: "local:logos_capability_module_c2d0fdce1293" at "14:11:36.850"
RemoteTransportConnection: Registry connect attempt started (no peer contact yet): "local:logos_capability_module_c2d0fdce1293"
LogosAPIConsumer: '"delivery_module"::""' deferred pending the module becoming reachable
LogosAPIClient: getToken for module: "modules_state"
LogosAPIClient: Found token for module: "modules_state"
RemoteTransportConnection: Requesting object: "modules_state" at "14:11:36.850"
[LogosObject] RemoteTransportConnection: returning RemoteLogosObject for: "modules_state"
[LogosObject] Created RemoteLogosObject wrapping QRemoteObjectReplica 105553168768736
[LogosObject] LogosAPIConsumer: async calling via LogosObject::callMethodAsync "note_transition"
[LogosObject] RemoteLogosObject::callMethodAsync "note_transition" args: 7
LogosAPIClient: getToken for module: "modules_state"
LogosAPIClient: Found token for module: "modules_state"
[LogosObject] LogosAPIConsumer: async calling via LogosObject::callMethodAsync "note_transition"
[LogosObject] RemoteLogosObject::callMethodAsync "note_transition" args: 7
Loaded dependency (with transitive deps): "delivery_module"
[2026-10-06 14:11:36.877] [info] [logos] [storage_module] StorageModuleImpl: Initializing...
LogosAPIConsumer: Informing module token for module: "storage_module" with token: "redacted:208ae13a…"
RemoteTransportConnection: Requesting object: "capability_module" at "14:11:36.877"
[LogosObject] Created RemoteLogosObject wrapping QRemoteObjectReplica 105553168727808
LogosAPIClient: invoking remote method "modules_state" "apply_snapshot" args_count: 1
LogosAPIClient: getToken for module: "modules_state"
LogosAPIClient: Found token for module: "modules_state"
LogosAPIConsumer: Calling invokeRemoteMethod: "modules_state" "apply_snapshot" args_count: 1 timeout: 20000
[LogosObject] LogosAPIConsumer: calling via LogosObject::callMethod "apply_snapshot"
[LogosObject] RemoteLogosObject::callMethod "apply_snapshot" args: 1
[2026-10-06 14:11:36.878] [info] [logos] Pushed module snapshot to modules_state
LogosAPIClient: getToken for module: "modules_state"
LogosAPIClient: Found token for module: "modules_state"
[LogosObject] LogosAPIConsumer: async calling via LogosObject::callMethodAsync "note_transition"
[LogosObject] RemoteLogosObject::callMethodAsync "note_transition" args: 7
LogosAPIClient: getToken for module: "modules_state"
LogosAPIClient: Found token for module: "modules_state"
[LogosObject] LogosAPIConsumer: async calling via LogosObject::callMethodAsync "note_transition"
[LogosObject] RemoteLogosObject::callMethodAsync "note_transition" args: 7
[LogosObject] Created RemoteLogosObject wrapping QRemoteObjectReplica 105553168771680
LogosAPIClient: getToken for module: "modules_state"
LogosAPIClient: Found token for module: "modules_state"
[LogosObject] LogosAPIConsumer: async calling via LogosObject::callMethodAsync "note_transition"
[LogosObject] RemoteLogosObject::callMethodAsync "note_transition" args: 7
[LogosObject] RemoteTransportConnection: returning RemoteLogosObject for: "capability_module"
[LogosObject] Created RemoteLogosObject wrapping QRemoteObjectReplica 105553168799968
[LogosObject] LogosAPIConsumer: calling LogosObject::informModuleToken for "storage_module"
LogosAPIConsumer: informModuleToken completed with result: true
[LogosObject] Destroying RemoteLogosObject 0
[2026-10-06 14:11:36.878] [info] [logos] Module loaded: storage_module
RemoteTransportConnection: Connecting to registry: "local:logos_storage_module_c2d0fdce1293" at "14:11:36.878"
RemoteTransportConnection: Registry connect attempt started (no peer contact yet): "local:logos_storage_module_c2d0fdce1293"
RemoteTransportConnection: Connecting to registry: "local:logos_capability_module_c2d0fdce1293" at "14:11:36.879"
RemoteTransportConnection: Registry connect attempt started (no peer contact yet): "local:logos_capability_module_c2d0fdce1293"
LogosAPIConsumer: '"storage_module"::""' deferred pending the module becoming reachable
LogosAPIClient: getToken for module: "modules_state"
LogosAPIClient: Found token for module: "modules_state"
[LogosObject] LogosAPIConsumer: async calling via LogosObject::callMethodAsync "note_transition"
[LogosObject] RemoteLogosObject::callMethodAsync "note_transition" args: 7
Loaded dependency (with transitive deps): "storage_module"
DEV_QML_PATH override active: <repo>/src/qml/Main.qml
RemoteTransportConnection: Connecting to registry: "local:logos_capability_module_c2d0fdce1293" at "14:11:36.879"
RemoteTransportConnection: Registry connect attempt started (no peer contact yet): "local:logos_capability_module_c2d0fdce1293"
LogosAPIConsumer: Informing module token for module: "forum_module" with token: "redacted:de74d7e7…"
RemoteTransportConnection: Requesting object: "capability_module" at "14:11:36.879"
[LogosObject] RemoteTransportConnection: returning RemoteLogosObject for: "capability_module"
[LogosObject] Created RemoteLogosObject wrapping QRemoteObjectReplica 105553168772416
[LogosObject] LogosAPIConsumer: calling LogosObject::informModuleToken for "forum_module"
[LogosObject] Created RemoteLogosObject wrapping QRemoteObjectReplica 105553168769920
LogosAPIClient: getToken for module: "modules_state"
LogosAPIClient: Found token for module: "modules_state"
[LogosObject] LogosAPIConsumer: async calling via LogosObject::callMethodAsync "note_transition"
[LogosObject] RemoteLogosObject::callMethodAsync "note_transition" args: 7
LogosAPIConsumer: informModuleToken completed with result: true
[LogosObject] Destroying RemoteLogosObject 0
Loaded UI plugin: "/nix/store/2cf2rignr2kkmi3zdzsjhi0v9v7mcv58-logos-forum_module-plugin-dir"
[QmlInspector] Inspector server listening on port 3768
[QmlInspector] Client connected from "::1"
[2026-10-06 14:11:44.686] [warning] [logos] [capability_module] Warning: QObject::connect: No such signal ::eventResponse(QString,QVariantList)
[2026-10-06 14:11:44.686] [info] [logos] [delivery_module] DeliveryModuleImpl::getNodeInfo called with nodeInfoId: MyPeerId
[2026-10-06 14:11:44.686] [info] [logos] [delivery_module] DeliveryModuleImpl: Cannot get node info - context not initialized. Call createNode first.
[2026-10-06 14:11:44.686] [info] [logos] [delivery_module] DeliveryModuleImpl::createNode called
[2026-10-06 14:11:44.691] [info] [logos] [delivery_module] DeliveryModuleImpl: Waiting for createNode callback...
[2026-10-06 14:11:44.692] [out] [delivery_module] DBG 2026-10-06 14:11:44.692+02:00 Whether to mount storeSync is not specified, defaulting to not mounting topics="waku conf builder" tid=17256911
[2026-10-06 14:11:44.692] [out] [delivery_module] NTC 2026-10-06 14:11:44.692+02:00 No node key provided, generated a new one; identity will not persist across restarts topics="waku conf builder" tid=17256911
[2026-10-06 14:11:44.692] [out] [delivery_module] INF 2026-10-06 14:11:44.692+02:00 Sharding configuration:                    topics="waku conf builder" tid=17256911 shardingConf="(kind: AutoSharding, numShardsInCluster: 8)" subscribeShards="@[0, 1, 2, 3, 4, 5, 6, 7]"
[2026-10-06 14:11:44.693] [out] [delivery_module] INF 2026-10-06 14:11:44.693+02:00 Configuration: Enabled protocols           topics="waku conf" tid=17256911 relay=true rlnRelay=false store=false filter=true lightPush=true peerExchange=true rendezvous=true
[2026-10-06 14:11:44.693] [out] [delivery_module] INF 2026-10-06 14:11:44.693+02:00 Configuration. Network                     topics="waku conf" tid=17256911 cluster=3
[2026-10-06 14:11:44.693] [out] [delivery_module] DBG 2026-10-06 14:11:44.693+02:00 Configuration. Active Relay Shards         topics="waku conf" tid=17256911 shard=0
[2026-10-06 14:11:44.693] [out] [delivery_module] DBG 2026-10-06 14:11:44.693+02:00 Configuration. Active Relay Shards         topics="waku conf" tid=17256911 shard=1
[2026-10-06 14:11:44.693] [out] [delivery_module] DBG 2026-10-06 14:11:44.693+02:00 Configuration. Active Relay Shards         topics="waku conf" tid=17256911 shard=2
[2026-10-06 14:11:44.693] [out] [delivery_module] DBG 2026-10-06 14:11:44.693+02:00 Configuration. Active Relay Shards         topics="waku conf" tid=17256911 shard=3
[2026-10-06 14:11:44.693] [out] [delivery_module] DBG 2026-10-06 14:11:44.693+02:00 Configuration. Active Relay Shards         topics="waku conf" tid=17256911 shard=4
[2026-10-06 14:11:44.693] [out] [delivery_module] DBG 2026-10-06 14:11:44.693+02:00 Configuration. Active Relay Shards         topics="waku conf" tid=17256911 shard=5
[2026-10-06 14:11:44.693] [out] [delivery_module] DBG 2026-10-06 14:11:44.693+02:00 Configuration. Active Relay Shards         topics="waku conf" tid=17256911 shard=6
[2026-10-06 14:11:44.693] [out] [delivery_module] DBG 2026-10-06 14:11:44.693+02:00 Configuration. Active Relay Shards         topics="waku conf" tid=17256911 shard=7
[2026-10-06 14:11:44.693] [out] [delivery_module] INF 2026-10-06 14:11:44.693+02:00 Setting up storage                         tid=17256911
[2026-10-06 14:11:44.693] [out] [delivery_module] INF 2026-10-06 14:11:44.693+02:00 Initializing node                          tid=17256911
[2026-10-06 14:11:44.693] [out] [delivery_module] DBG 2026-10-06 14:11:44.693+02:00 Setting up NATService                      topics="libp2p natservice" tid=17256911 portMapping=true reachability=false holePunching=false
[2026-10-06 14:11:44.693] [out] [delivery_module] INF 2026-10-06 14:11:44.693+02:00 Initializing networking                    tid=17256911 addrs="@[/ip4/0.0.0.0/tcp/0, /ip4/0.0.0.0/udp/0/quic-v1]"
[2026-10-06 14:11:44.693] [out] [delivery_module] INF 2026-10-06 14:11:44.693+02:00 Mounting protocols                         tid=17256911
[2026-10-06 14:11:44.693] [out] [delivery_module] INF 2026-10-06 14:11:44.693+02:00 Created WakuMetadata protocol              topics="waku node" tid=17256911 clusterId=3 shards="[0, 1, 2, 3, 4, 5, 6, 7]"
[2026-10-06 14:11:44.693] [out] [delivery_module] INF 2026-10-06 14:11:44.693+02:00 Mounting mix protocol                      topics="waku node" tid=17256911INF 2026-10-06 14:11:44.693+02:00 node info                                  topics="waku node" tid=17256911 wakuInfo="(listenAddresses: [/ip4/0.0.0.0/tcp/0/p2p/16Uiu2HAmS2ghD4cPnqYLzMDfso5yM6nsTVyN5iH7YDz1ctEbzYfm, /ip4/0.0.0.0/udp/0/quic-v1/p2p/16Uiu2HAmS2ghD4cPnqYLzMDfso5yM6nsTVyN5iH7YDz1ctEbzYfm], enrUri: enr:-JO4QO4-FAPYuMCmeR66KVwctvpT7J5JwsRPbmV2bw8XXp56DyZg8kOrpVX2VZCeBLBlOJQyDznInmL-Apesp-e1oYYBgmlkgnY0gnJzkwADCAAAAAEAAgADAAQABQAGAAeJc2VjcDI1NmsxoQPGtr5VpIJcspMaxR3UGMX6SgetvB-G6W0-Vuds4E1IjIV3YWt1Mi0, mixPubKey: none())"
[2026-10-06 14:11:44.693] [out] [delivery_module]  nodeId="(listenAddresses: [/ip4/0.0.0.0/tcp/0/p2p/16Uiu2HAmS2ghD4cPnqYLzMDfso5yM6nsTVyN5iH7YDz1ctEbzYfm, /ip4/0.0.0.0/udp/0/quic-v1/p2p/16Uiu2HAmS2ghD4cPnqYLzMDfso5yM6nsTVyN5iH7YDz1ctEbzYfm], enrUri: enr:-JO4QO4-FAPYuMCmeR66KVwctvpT7J5JwsRPbmV2bw8XXp56DyZg8kOrpVX2VZCeBLBlOJQyDznInmL-Apesp-e1oYYBgmlkgnY0gnJzkwADCAAAAAEAAgADAAQABQAGAAeJc2VjcDI1NmsxoQPGtr5VpIJcspMaxR3UGMX6SgetvB-G6W0-Vuds4E1IjIV3YWt1Mi0, mixPubKey: none())"
[2026-10-06 14:11:44.693] [out] [delivery_module] INF 2026-10-06 14:11:44.693+02:00 local addr                                 topics="waku node" tid=17256911 localaddr=/ip4/0.0.0.0/tcp/0
[2026-10-06 14:11:44.693] [out] [delivery_module] INF 2026-10-06 14:11:44.693+02:00 mixPubKey                                  topics="waku node" tid=17256911 mixPubKey="[84, 84, 52, 9, 173, 139, 207, 97, 167, 255, 40, 82, 125, 175, 197, 86, 250, 73, 138, 179, 218, 226, 232, 92, 145, 136, 174, 142, 17, 43, 184, 72]"
[2026-10-06 14:11:44.693] [out] [delivery_module] INF 2026-10-06 14:11:44.693+02:00 Using mix bootstrap nodes                  topics="waku mix" tid=17256911 entries=0 poolSize=0
[2026-10-06 14:11:44.693] [out] [delivery_module] INF 2026-10-06 14:11:44.693+02:00 Mix cannot publish yet, waiting for more mix nodes topics="waku node" tid=17256911 poolSize=0 required=4
[2026-10-06 14:11:44.694] [out] [delivery_module] INF 2026-10-06 14:11:44.694+02:00 mounting store client                      topics="waku node store api" tid=17256911
[2026-10-06 14:11:44.694] [out] [delivery_module] INF 2026-10-06 14:11:44.694+02:00 Mounting auto sharding                     topics="waku node" tid=17256911 clusterId=3 shardCount=8
[2026-10-06 14:11:44.694] [out] [delivery_module] DBG 2026-10-06 14:11:44.694+02:00 Shards created from content topics         tid=17256911 contentTopics=[] shards=[]
[2026-10-06 14:11:44.694] [out] [delivery_module] DBG 2026-10-06 14:11:44.694+02:00 Setting max message size                   tid=17256911 num_bytes=153600
[2026-10-06 14:11:44.694] [out] [delivery_module] INF 2026-10-06 14:11:44.694+02:00 mounting relay protocol                    topics="waku node relay api" tid=17256911
[2026-10-06 14:11:44.694] [out] [delivery_module] DBG 2026-10-06 14:11:44.694+02:00 relay mounted successfully                 topics="waku node relay api" tid=17256911
[2026-10-06 14:11:44.694] [out] [delivery_module] DBG 2026-10-06 14:11:44.694+02:00 Adding validator to signed shards          tid=17256911 protectedShards=[] clusterId=3
[2026-10-06 14:11:44.694] [out] [delivery_module] INF 2026-10-06 14:11:44.694+02:00 Mounting rendezvous discovery protocol     topics="waku node" tid=17256911
[2026-10-06 14:11:44.694] [out] [delivery_module] INF 2026-10-06 14:11:44.694+02:00 Waku rendezvous initialized                topics="waku node" tid=17256911 clusterId=3 shards="[0, 1, 2, 3, 4, 5, 6, 7]" capabilities="[Relay, Filter, Lightpush, Mix]" wakuPeerRecord="(peerId: 16U*EbzYfm, seqNo: 1791288704, addresses: [/ip4/0.0.0.0/tcp/0, /ip4/0.0.0.0/udp/0/quic-v1], mixKey: 0x54543409ad8bcf61a7ff28527dafc556fa498ab3dae2e85c9188ae8e112bb848)"
[2026-10-06 14:11:44.694] [out] [delivery_module] INF 2026-10-06 14:11:44.694+02:00 Mounting rendezvous client                 topics="waku node" tid=17256911
[2026-10-06 14:11:44.694] [out] [delivery_module] INF 2026-10-06 14:11:44.694+02:00 Waku rendezvous client initialized         topics="waku node" tid=17256911 clusterId=3
[2026-10-06 14:11:44.694] [out] [delivery_module] INF 2026-10-06 14:11:44.694+02:00 mounting libp2p ping protocol              topics="waku node ping api" tid=17256911
[2026-10-06 14:11:44.694] [out] [delivery_module] INF 2026-10-06 14:11:44.694+02:00 mounting light push                        topics="waku node lightpush api" tid=17256911
[2026-10-06 14:11:44.694] [out] [delivery_module] INF 2026-10-06 14:11:44.694+02:00 mounting lightpush with relay              topics="waku node lightpush api" tid=17256911
[2026-10-06 14:11:44.694] [out] [delivery_module] DBG 2026-10-06 14:11:44.694+02:00 lightpush mounted successfully             topics="waku node lightpush api" tid=17256911
[2026-10-06 14:11:44.694] [out] [delivery_module] INF 2026-10-06 14:11:44.694+02:00 mounting legacy light push                 topics="waku node lightpush api" tid=17256911
[2026-10-06 14:11:44.694] [out] [delivery_module] INF 2026-10-06 14:11:44.694+02:00 mounting legacy lightpush with relay       topics="waku node lightpush api" tid=17256911
[2026-10-06 14:11:44.694] [out] [delivery_module] DBG 2026-10-06 14:11:44.694+02:00 legacy lightpush mounted successfully      topics="waku node lightpush api" tid=17256911
[2026-10-06 14:11:44.694] [out] [delivery_module] INF 2026-10-06 14:11:44.694+02:00 mounting light push client                 topics="waku node lightpush api" tid=17256911
[2026-10-06 14:11:44.694] [out] [delivery_module] INF 2026-10-06 14:11:44.694+02:00 mounting legacy light push client          topics="waku node lightpush api" tid=17256911
[2026-10-06 14:11:44.694] [out] [delivery_module] INF 2026-10-06 14:11:44.694+02:00 mounting filter protocol                   topics="waku node filter api" tid=17256911
[2026-10-06 14:11:44.694] [out] [delivery_module] INF 2026-10-06 14:11:44.694+02:00 Starting filter protocol                   topics="waku filter" tid=17256911
[2026-10-06 14:11:44.694] [out] [delivery_module] DBG 2026-10-06 14:11:44.694+02:00 Starting to maintain subscriptions         topics="waku filter" tid=17256911
[2026-10-06 14:11:44.694] [out] [delivery_module] DBG 2026-10-06 14:11:44.694+02:00 Maintaining subscriptions                  topics="waku filter" tid=17256911
[2026-10-06 14:11:44.694] [out] [delivery_module] DBG 2026-10-06 14:11:44.694+02:00 Cleanup                                    topics="waku filter subscriptions" tid=17256911 currentPeerIds=[]
[2026-10-06 14:11:44.694] [out] [delivery_module] DBG 2026-10-06 14:11:44.694+02:00 After cleanup                              topics="waku filter subscriptions" tid=17256911 currentPeerIds=[]
[2026-10-06 14:11:44.694] [out] [delivery_module] INF 2026-10-06 14:11:44.694+02:00 mounting filter client                     topics="waku node filter api" tid=17256911
[2026-10-06 14:11:44.694] [out] [delivery_module] INF 2026-10-06 14:11:44.694+02:00 mounting waku peer exchange                topics="waku node peerexchange api" tid=17256911
[2026-10-06 14:11:44.694] [out] [delivery_module] INF 2026-10-06 14:11:44.694+02:00 mounting waku peer exchange client         topics="waku node peerexchange api" tid=17256911
[2026-10-06 14:11:44.694] [out] [delivery_module] INF 2026-10-06 14:11:44.694+02:00 No external callbacks to be set            topics="wakunode waku" tid=17256911
[2026-10-06 14:11:44.694] [out] [delivery_module] INF 2026-10-06 14:11:44.694+02:00 Setting up AutonatService                  topics="libp2p autonatservice" tid=17256911
[2026-10-06 14:11:44.694] [info] [logos] [delivery_module] DeliveryModuleImpl::createNode callback called with ret: 0
[2026-10-06 14:11:44.695] [info] [logos] [delivery_module] DeliveryModuleImpl: Delivery context created successfully
[2026-10-06 14:11:44.695] [info] [logos] [delivery_module] DeliveryModuleImpl::start called
[2026-10-06 14:11:44.695] [out] [delivery_module] INF 2026-10-06 14:11:44.695+02:00 Retrieve dynamic bootstrap nodes           topics="wakunode waku" tid=17256911
[2026-10-06 14:11:44.695] [info] [logos] [delivery_module] DeliveryModuleImpl::getNodeInfo called with nodeInfoId: MyPeerId
[2026-10-06 14:11:44.695] [out] [delivery_module] INF 2026-10-06 14:11:44.695+02:00 Running nwaku node                         tid=17256911 version=v0.39.0-gca2814
[2026-10-06 14:11:44.695] [out] [delivery_module] INF 2026-10-06 14:11:44.695+02:00 Starting Waku node                         topics="waku node" tid=17256911 version=v0.39.0-gca2814
[2026-10-06 14:11:44.695] [out] [delivery_module] DBG 2026-10-06 14:11:44.695+02:00 Waku rendezvous periodic requests started  topics="waku rendezvous client" tid=17256911 interval=10s
[2026-10-06 14:11:44.695] [out] [delivery_module] INF 2026-10-06 14:11:44.695+02:00 Waku rendezvous client started             topics="waku rendezvous client" tid=17256911
[2026-10-06 14:11:44.695] [out] [delivery_module] DBG 2026-10-06 14:11:44.695+02:00 starting switch for peer                   topics="libp2p switch" tid=17256911 peerInfo="(peerId: 16Uiu2HAmS2ghD4cPnqYLzMDfso5yM6nsTVyN5iH7YDz1ctEbzYfm, listenAddrs: [/ip4/0.0.0.0/tcp/0, /ip4/0.0.0.0/udp/0/quic-v1], addrs: [], protocols: [/ipfs/id/1.0.0, /libp2p/autonat/1.0.0, /libp2p/circuit/relay/0.2.0/hop, /vac/waku/metadata/1.0.0, /mix/1.0.0, /logos/service-discovery/1.0.0, /vac/waku/relay/2.0.0, /vac/waku/rendezvous/1.0.0, /ipfs/ping/1.0.0, /vac/waku/lightpush/3.0.0, /vac/waku/lightpush/2.0.0-beta1, /vac/waku/filter-subscribe/2.0.0-beta1, /vac/waku/filter-push/2.0.0-beta1, /vac/waku/peer-exchange/2.0.0-alpha1], protoVersion: ipfs/0.1.0, agentVersion: logos-delivery-v0.39.0-gca2814)"
[2026-10-06 14:11:44.695] [out] [delivery_module] DBG 2026-10-06 14:11:44.695+02:00 No private listen addresses to map; releasing any prior mappings topics="libp2p natservice" tid=17256911
[2026-10-06 14:11:44.696] [out] [delivery_module] DBG 2026-10-06 14:11:44.696+02:00 Configured QUIC UDP receive buffer         tid=17256911 requestedBytes=8388608 effectiveBytes=8388608
[2026-10-06 14:11:44.696] [out] [delivery_module] DBG 2026-10-06 14:11:44.696+02:00 About to accept incoming connection        topics="libp2p switch" tid=17256911
[2026-10-06 14:11:44.696] [out] [delivery_module] DBG 2026-10-06 14:11:44.696+02:00 About to accept incoming connection        topics="libp2p switch" tid=17256911
[2026-10-06 14:11:44.696] [out] [delivery_module] DBG 2026-10-06 14:11:44.696+02:00 No private listen addresses to map; releasing any prior mappings topics="libp2p natservice" tid=17256911
[2026-10-06 14:11:44.696] [out] [delivery_module] DBG 2026-10-06 14:11:44.696+02:00 Lookup query                               topics="kad-dht find" tid=17256911 peer=16U*kGyuEP
[2026-10-06 14:11:44.696] [out] [delivery_module] DBG 2026-10-06 14:11:44.696+02:00 Dialing peer                               topics="libp2p dialer" tid=17256911 peerId=16U*kGyuEP addrs="[/dns4/delivery-01.ac-cn-hongkong-c.logos.dev.status.im/tcp/30303]"
[2026-10-06 14:11:44.696] [out] [delivery_module] DBG 2026-10-06 14:11:44.696+02:00 resolved addresses                         topics="libp2p dialer" tid=17256911 originalAddresses=/dns4/delivery-01.ac-cn-hongkong-c.logos.dev.status.im/tcp/30303/p2p/16Uiu2HAm8YokiNun9BkeA1ZRmhLbtNUvcwRr64F69tYj9fkGyuEP resolvedAddresses="[/dns4/delivery-01.ac-cn-hongkong-c.logos.dev.status.im/tcp/30303/p2p/16Uiu2HAm8YokiNun9BkeA1ZRmhLbtNUvcwRr64F69tYj9fkGyuEP]"
[2026-10-06 14:11:44.696] [out] [delivery_module] DBG 2026-10-06 14:11:44.696+02:00 Lookup query                               topics="kad-dht find" tid=17256911 peer=16U*VpJprH
[2026-10-06 14:11:44.697] [out] [delivery_module] DBG 2026-10-06 14:11:44.697+02:00 Dialing peer                               topics="libp2p dialer" tid=17256911 peerId=16U*VpJprH addrs="[/dns4/delivery-02.do-ams3.logos.dev.status.im/tcp/30303]"
[2026-10-06 14:11:44.697] [out] [delivery_module] DBG 2026-10-06 14:11:44.697+02:00 resolved addresses                         topics="libp2p dialer" tid=17256911 originalAddresses=/dns4/delivery-02.do-ams3.logos.dev.status.im/tcp/30303/p2p/16Uiu2HAmMK7PYygBtKUQ8EHp7EfaD3bCEsJrkFooK8RQ2PVpJprH resolvedAddresses="[/dns4/delivery-02.do-ams3.logos.dev.status.im/tcp/30303/p2p/16Uiu2HAmMK7PYygBtKUQ8EHp7EfaD3bCEsJrkFooK8RQ2PVpJprH]"
[2026-10-06 14:11:44.697] [out] [delivery_module] DBG 2026-10-06 14:11:44.697+02:00 Lookup query                               topics="kad-dht find" tid=17256911 peer=16U*T3UNSE
[2026-10-06 14:11:44.697] [out] [delivery_module] DBG 2026-10-06 14:11:44.697+02:00 Dialing peer                               topics="libp2p dialer" tid=17256911 peerId=16U*T3UNSE addrs="[/dns4/delivery-02.ac-cn-hongkong-c.logos.dev.status.im/tcp/30303]"
[2026-10-06 14:11:44.697] [out] [delivery_module] DBG 2026-10-06 14:11:44.697+02:00 resolved addresses                         topics="libp2p dialer" tid=17256911 originalAddresses=/dns4/delivery-02.ac-cn-hongkong-c.logos.dev.status.im/tcp/30303/p2p/16Uiu2HAkvwhGHKNry6LACrB8TmEFoCJKEX29XR5dDUzk3UT3UNSE resolvedAddresses="[/dns4/delivery-02.ac-cn-hongkong-c.logos.dev.status.im/tcp/30303/p2p/16Uiu2HAkvwhGHKNry6LACrB8TmEFoCJKEX29XR5dDUzk3UT3UNSE]"
[2026-10-06 14:11:44.697] [out] [delivery_module] DBG 2026-10-06 14:11:44.697+02:00 Lookup query                               topics="kad-dht find" tid=17256911 peer=16U*P1S397
[2026-10-06 14:11:44.697] [out] [delivery_module] DBG 2026-10-06 14:11:44.697+02:00 Dialing peer                               topics="libp2p dialer" tid=17256911 peerId=16U*P1S397 addrs="[/dns4/delivery-01.gc-us-central1-a.logos.dev.status.im/tcp/30303]"
[2026-10-06 14:11:44.697] [out] [delivery_module] DBG 2026-10-06 14:11:44.697+02:00 resolved addresses                         topics="libp2p dialer" tid=17256911 originalAddresses=/dns4/delivery-01.gc-us-central1-a.logos.dev.status.im/tcp/30303/p2p/16Uiu2HAm4S1JYkuzDKLKQvwgAhZKs9otxXqt8SCGtB4hoJP1S397 resolvedAddresses="[/dns4/delivery-01.gc-us-central1-a.logos.dev.status.im/tcp/30303/p2p/16Uiu2HAm4S1JYkuzDKLKQvwgAhZKs9otxXqt8SCGtB4hoJP1S397]"
[2026-10-06 14:11:44.697] [out] [delivery_module] DBG 2026-10-06 14:11:44.697+02:00 Lookup query                               topics="kad-dht find" tid=17256911 peer=16U*TwqBiH
[2026-10-06 14:11:44.697] [out] [delivery_module] DBG 2026-10-06 14:11:44.697+02:00 Dialing peer                               topics="libp2p dialer" tid=17256911 peerId=16U*TwqBiH addrs="[/dns4/delivery-02.gc-us-central1-a.logos.dev.status.im/tcp/30303]"
[2026-10-06 14:11:44.697] [out] [delivery_module] DBG 2026-10-06 14:11:44.697+02:00 resolved addresses                         topics="libp2p dialer" tid=17256911 originalAddresses=/dns4/delivery-02.gc-us-central1-a.logos.dev.status.im/tcp/30303/p2p/16Uiu2HAm8Y9kgBNtjxvCnf1X6gnZJW5EGE4UwwCL3CCm55TwqBiH resolvedAddresses="[/dns4/delivery-02.gc-us-central1-a.logos.dev.status.im/tcp/30303/p2p/16Uiu2HAm8Y9kgBNtjxvCnf1X6gnZJW5EGE4UwwCL3CCm55TwqBiH]"
[2026-10-06 14:11:44.697] [out] [delivery_module] DBG 2026-10-06 14:11:44.697+02:00 Lookup query                               topics="kad-dht find" tid=17256911 peer=16U*NSkuby
[2026-10-06 14:11:44.697] [out] [delivery_module] DBG 2026-10-06 14:11:44.697+02:00 Dialing peer                               topics="libp2p dialer" tid=17256911 peerId=16U*NSkuby addrs="[/dns4/delivery-01.do-ams3.logos.dev.status.im/tcp/30303]"
[2026-10-06 14:11:44.697] [out] [delivery_module] DBG 2026-10-06 14:11:44.697+02:00 resolved addresses                         topics="libp2p dialer" tid=17256911 originalAddresses=/dns4/delivery-01.do-ams3.logos.dev.status.im/tcp/30303/p2p/16Uiu2HAmTUbnxLGT9JvV6mu9oPyDjqHK4Phs1VDJNUgESgNSkuby resolvedAddresses="[/dns4/delivery-01.do-ams3.logos.dev.status.im/tcp/30303/p2p/16Uiu2HAmTUbnxLGT9JvV6mu9oPyDjqHK4Phs1VDJNUgESgNSkuby]"
[2026-10-06 14:11:44.697] [out] [delivery_module] ERR 2026-10-06 14:11:44.697+02:00 Failed to create signed extended peer record topics="service-discovery" tid=17256911 error="no dialable address to publish yet"
[2026-10-06 14:11:44.697] [out] [delivery_module] INF 2026-10-06 14:11:44.697+02:00 Service Discovery started                  topics="service-discovery" tid=17256911
[2026-10-06 14:11:44.697] [out] [delivery_module] INF 2026-10-06 14:11:44.697+02:00 start                                      topics="waku relay" tid=17256911
[2026-10-06 14:11:44.697] [out] [delivery_module] DBG 2026-10-06 14:11:44.697+02:00 Waku rendezvous periodic registration started topics="waku rendezvous" tid=17256911 interval=10s
[2026-10-06 14:11:44.697] [out] [delivery_module] INF 2026-10-06 14:11:44.697+02:00 Waku rendezvous discovery started          topics="waku rendezvous" tid=17256911
[2026-10-06 14:11:44.697] [out] [delivery_module] DBG 2026-10-06 14:11:44.697+02:00 Started libp2p node                        topics="libp2p switch" tid=17256911 peer="(peerId: 16Uiu2HAmS2ghD4cPnqYLzMDfso5yM6nsTVyN5iH7YDz1ctEbzYfm, listenAddrs: [/ip4/0.0.0.0/tcp/56538, /ip4/0.0.0.0/udp/64579/quic-v1], addrs: [/ip4/0.0.0.0/tcp/56538, /ip4/0.0.0.0/udp/64579/quic-v1], protocols: [/ipfs/id/1.0.0, /libp2p/autonat/1.0.0, /libp2p/circuit/relay/0.2.0/hop, /vac/waku/metadata/1.0.0, /mix/1.0.0, /logos/service-discovery/1.0.0, /vac/waku/relay/2.0.0, /vac/waku/rendezvous/1.0.0, /ipfs/ping/1.0.0, /vac/waku/lightpush/3.0.0, /vac/waku/lightpush/2.0.0-beta1, /vac/waku/filter-subscribe/2.0.0-beta1, /vac/waku/filter-push/2.0.0-beta1, /vac/waku/peer-exchange/2.0.0-alpha1], protoVersion: ipfs/0.1.0, agentVersion: logos-delivery-v0.39.0-gca2814)"
[2026-10-06 14:11:44.698] [out] [delivery_module] INF 2026-10-06 14:11:44.698+02:00 Announced base resolved                    topics="waku node" tid=17256911 addrs="@[/ip4/172.20.10.14/tcp/56538, /ip4/172.20.10.14/udp/64579/quic-v1]" explicit=@[]
[2026-10-06 14:11:44.699] [info] [logos] [delivery_module] DeliveryModuleImpl::subscribe called with contentTopic: /lp0026forum/1/general/text
[2026-10-06 14:11:44.699] [out] [delivery_module] DBG 2026-10-06 14:11:44.699+02:00 Subscribing to pubsub topic                topics="waku relay" tid=17256911 pubsubTopic=/waku/2/rs/3/7
[2026-10-06 14:11:44.699] [out] [delivery_module] DBG 2026-10-06 14:11:44.699+02:00 No mesh peer for the given pubsub topic    topics="waku relay" tid=17256911 pubsubTopic=/waku/2/rs/3/7
[2026-10-06 14:11:44.699] [info] [logos] [delivery_module] DeliveryModuleImpl: Subscribe completed for topic: /lp0026forum/1/general/text with success
[2026-10-06 14:11:45.391] [out] [delivery_module] INF 2026-10-06 14:11:45.389+02:00 Using mix bootstrap nodes                  topics="waku mix" tid=17256911 entries=1 poolSize=1
[2026-10-06 14:11:45.392] [out] [delivery_module] INF 2026-10-06 14:11:45.392+02:00 Using mix bootstrap nodes                  topics="waku mix" tid=17256911 entries=1 poolSize=2
[2026-10-06 14:11:45.392] [out] [delivery_module] INF 2026-10-06 14:11:45.392+02:00 Using mix bootstrap nodes                  topics="waku mix" tid=17256911 entries=1 poolSize=3
[2026-10-06 14:11:45.392] [out] [delivery_module] INF 2026-10-06 14:11:45.392+02:00 Using mix bootstrap nodes                  topics="waku mix" tid=17256911 entries=1 poolSize=4
[2026-10-06 14:11:45.393] [out] [delivery_module] DBG 2026-10-06 14:11:45.393+02:00 Expanded address and hostname              topics="libp2p dialer" tid=17256911 expandedAddress=/dns4/delivery-02.do-ams3.logos.dev.status.im/tcp/30303 hostname=delivery-02.do-ams3.logos.dev.status.im resolvedAddresses="[/ip4/174.138.106.244/tcp/30303]"
[2026-10-06 14:11:45.393] [out] [delivery_module] INF 2026-10-06 14:11:45.393+02:00 Using mix bootstrap nodes                  topics="waku mix" tid=17256911 entries=1 poolSize=5
[2026-10-06 14:11:45.394] [out] [delivery_module] DBG 2026-10-06 14:11:45.394+02:00 Expanded address and hostname              topics="libp2p dialer" tid=17256911 expandedAddress=/dns4/delivery-01.do-ams3.logos.dev.status.im/tcp/30303 hostname=delivery-01.do-ams3.logos.dev.status.im resolvedAddresses="[/ip4/138.68.122.137/tcp/30303]"
[2026-10-06 14:11:45.394] [out] [delivery_module] INF 2026-10-06 14:11:45.394+02:00 Using mix bootstrap nodes                  topics="waku mix" tid=17256911 entries=1 poolSize=6
[2026-10-06 14:11:45.395] [out] [delivery_module] DBG 2026-10-06 14:11:45.395+02:00 Expanded address and hostname              topics="libp2p dialer" tid=17256911 expandedAddress=/dns4/delivery-02.gc-us-central1-a.logos.dev.status.im/tcp/30303 hostname=delivery-02.gc-us-central1-a.logos.dev.status.im resolvedAddresses="[/ip4/34.123.201.25/tcp/30303]"
[2026-10-06 14:11:45.395] [out] [delivery_module] DBG 2026-10-06 14:11:45.395+02:00 Expanded address and hostname              topics="libp2p dialer" tid=17256911 expandedAddress=/dns4/delivery-01.ac-cn-hongkong-c.logos.dev.status.im/tcp/30303 hostname=delivery-01.ac-cn-hongkong-c.logos.dev.status.im resolvedAddresses="[/ip4/47.242.130.189/tcp/30303]"
[2026-10-06 14:11:45.395] [out] [delivery_module] DBG 2026-10-06 14:11:45.395+02:00 Expanded address and hostname              topics="libp2p dialer" tid=17256911 expandedAddress=/dns4/delivery-02.ac-cn-hongkong-c.logos.dev.status.im/tcp/30303 hostname=delivery-02.ac-cn-hongkong-c.logos.dev.status.im resolvedAddresses="[/ip4/43.99.103.10/tcp/30303]"
[2026-10-06 14:11:45.395] [out] [delivery_module] DBG 2026-10-06 14:11:45.395+02:00 Expanded address and hostname              topics="libp2p dialer" tid=17256911 expandedAddress=/dns4/delivery-01.gc-us-central1-a.logos.dev.status.im/tcp/30303 hostname=delivery-01.gc-us-central1-a.logos.dev.status.im resolvedAddresses="[/ip4/136.119.156.87/tcp/30303]"
[2026-10-06 14:11:46.702] [out] [delivery_module] WRN 2026-10-06 14:11:46.702+02:00 NAT port mapping failed                    topics="libp2p natservice" tid=17256911 port=56538 proto=mpTcp err="plum: mapping 0 failed"
[2026-10-06 14:11:48.705] [out] [delivery_module] WRN 2026-10-06 14:11:48.705+02:00 NAT port mapping failed                    topics="libp2p natservice" tid=17256911 port=64579 proto=mpUdp err="plum: mapping 0 failed"
[2026-10-06 14:11:48.706] [out] [delivery_module] INF 2026-10-06 14:11:48.706+02:00 Mix self hop set                           topics="waku node" tid=17256911 hop=/ip4/172.20.10.14/tcp/56538 before=/ip4/0.0.0.0/tcp/0
[2026-10-06 14:11:48.706] [out] [delivery_module] DBG 2026-10-06 14:11:48.706+02:00 ENR addresses updated                      topics="waku enr" tid=17256911 retained=0 total=0
[2026-10-06 14:11:48.707] [out] [delivery_module] DBG 2026-10-06 14:11:48.707+02:00 ENR addresses updated                      topics="waku enr" tid=17256911 retained=0 total=0
[2026-10-06 14:11:48.707] [out] [delivery_module] INF 2026-10-06 14:11:48.707+02:00 Random kademlia lookups disabled           topics="waku service discovery" tid=17256911
[2026-10-06 14:11:48.707] [out] [delivery_module] DBG 2026-10-06 14:11:48.707+02:00 Periodic service lookup started            topics="waku service discovery" tid=17256911 interval=1m services={}
[2026-10-06 14:11:48.707] [out] [delivery_module] INF 2026-10-06 14:11:48.707+02:00 Kademlia discovery started                 topics="waku service discovery" tid=17256911
[2026-10-06 14:11:48.707] [out] [delivery_module] INF 2026-10-06 14:11:48.707+02:00 Discovery ENR initialized                  topics="eth p2p discv5" tid=17256911 enrAutoUpdate=false seqNum=4 ip=none() tcpPort=none() udpPort=none() customEnrFields=@[] uri=enr:-Ka4QISia8IKhuiozBrlODcAlKrcYdu38cVk9oM4R80GwlDsVWNibXbGn2V2ticRJ0V-EcovvnUYxw49s1poNPekDCgEgmlkgnY0im11bHRpYWRkcnOAgnJzkwADCAAAAAEAAgADAAQABQAGAAeJc2VjcDI1NmsxoQPGtr5VpIJcspMaxR3UGMX6SgetvB-G6W0-Vuds4E1IjIN0Y3CC3NqFd2FrdTIt
[2026-10-06 14:11:48.707] [out] [delivery_module] WRN 2026-10-06 14:11:48.707+02:00 No external IP provided for the ENR, this node will not be discoverable topics="eth p2p discv5" tid=17256911
[2026-10-06 14:11:48.707] [out] [delivery_module] DBG 2026-10-06 14:11:48.707+02:00 peer filtering updated                     topics="waku discv5" tid=17256911
[2026-10-06 14:11:48.707] [out] [delivery_module] INF 2026-10-06 14:11:48.707+02:00 Starting discovery v5 service              topics="waku discv5" tid=17256911
[2026-10-06 14:11:48.707] [out] [delivery_module] INF 2026-10-06 14:11:48.707+02:00 Start listening on udp port                topics="waku discv5" tid=17256911 address=0.0.0.0 port=53092
[2026-10-06 14:11:48.707] [out] [delivery_module] INF 2026-10-06 14:11:48.707+02:00 Starting discovery node                    topics="eth p2p discv5" tid=17256911 node=a1*0fa50e:unaddressable bindAddress=0.0.0.0:53092
[2026-10-06 14:11:48.708] [out] [delivery_module] DBG 2026-10-06 14:11:48.708+02:00 Total nodes in routing table after populate topics="eth p2p discv5" tid=17256911 total=0
[2026-10-06 14:11:48.708] [out] [delivery_module] DBG 2026-10-06 14:11:48.708+02:00 Starting discovery v5 search               topics="waku discv5" tid=17256911
[2026-10-06 14:11:48.708] [out] [delivery_module] DBG 2026-10-06 14:11:48.708+02:00 Successfully started discovery v5 service  topics="waku discv5" tid=17256911
[2026-10-06 14:11:48.708] [out] [delivery_module] INF 2026-10-06 14:11:48.708+02:00 Discv5: discoverable ENR                   topics="waku discv5" tid=17256911 enrUri=enr:-Ka4QISia8IKhuiozBrlODcAlKrcYdu38cVk9oM4R80GwlDsVWNibXbGn2V2ticRJ0V-EcovvnUYxw49s1poNPekDCgEgmlkgnY0im11bHRpYWRkcnOAgnJzkwADCAAAAAEAAgADAAQABQAGAAeJc2VjcDI1NmsxoQPGtr5VpIJcspMaxR3UGMX6SgetvB-G6W0-Vuds4E1IjIN0Y3CC3NqFd2FrdTIt enr="(4, id: \"v4\", multiaddrs: 0x, rs: 0x00030800000001000200030004000500060007, secp256k1: 0x03C6B6BE55A4825CB2931AC51DD418C5FA4A07ADBC1F86E96D3E56E76CE04D488C, tcp: 56538, waku2: 0x2D)"
[2026-10-06 14:11:48.708] [out] [delivery_module] INF 2026-10-06 14:11:48.708+02:00 Node started successfully                  topics="waku node" tid=17256911
[2026-10-06 14:11:48.708] [out] [delivery_module] DBG 2026-10-06 14:11:48.708+02:00 Publishing Signed XPR                      topics="service-discovery" tid=17256911 xpr="(envelope: (publicKey: secp256k1 key (04c6b6be55a4825cb2931ac51dd418c5fa4a07adbc1f86e96d3e56e76ce04d488c24f58cc605771dc51dffa019f885f7e5a52c02a1cc1c5ba829b95df623c21d71), payloadType: @[3, 1], payload: @[10, 39, 0, 37, 8, 2, 18, 33, 3, 198, 182, 190, 85, 164, 130, 92, 178, 147, 26, 197, 29, 212, 24, 197, 250, 74, 7, 173, 188, 31, 134, 233, 109, 62, 86, 231, 108, 224, 77, 72, 140, 16, 193, 197, 17, 26, 10, 10, 8, 4, 172, 20, 10, 14, 6, 220, 218, 26, 13, 10, 11, 4, 172, 20, 10, 14, 145, 2, 252, 67, 205, 3], signature: 3045022100DBCF0DE103AEAC8B63AB3E25920F647620FA5278CE4FB24B0DAF2A8D6251A42002204E4A1F163058C0D59FB742135AC8FCA2E9CA824FFB02746D3095FCDC2F793F59), data: (peerId: 16Uiu2HAmS2ghD4cPnqYLzMDfso5yM6nsTVyN5iH7YDz1ctEbzYfm, seqNo: 287425, addresses: @[(address: /ip4/172.20.10.14/tcp/56538), (address: /ip4/172.20.10.14/udp/64579/quic-v1)], services: @[]))"
[2026-10-06 14:11:48.708] [out] [delivery_module] DBG 2026-10-06 14:11:48.708+02:00 Lookup query                               topics="kad-dht find" tid=17256911 peer=16U*kGyuEP
[2026-10-06 14:11:48.708] [out] [delivery_module] DBG 2026-10-06 14:11:48.708+02:00 Lookup query                               topics="kad-dht find" tid=17256911 peer=16U*VpJprH
[2026-10-06 14:11:48.708] [out] [delivery_module] DBG 2026-10-06 14:11:48.708+02:00 Lookup query                               topics="kad-dht find" tid=17256911 peer=16U*T3UNSE
[2026-10-06 14:11:48.708] [out] [delivery_module] DBG 2026-10-06 14:11:48.708+02:00 Lookup query                               topics="kad-dht find" tid=17256911 peer=16U*P1S397
[2026-10-06 14:11:48.708] [out] [delivery_module] DBG 2026-10-06 14:11:48.708+02:00 Lookup query                               topics="kad-dht find" tid=17256911 peer=16U*TwqBiH
[2026-10-06 14:11:48.708] [out] [delivery_module] DBG 2026-10-06 14:11:48.708+02:00 Lookup query                               topics="kad-dht find" tid=17256911 peer=16U*NSkuby
[2026-10-06 14:11:48.708] [out] [delivery_module] DBG 2026-10-06 14:11:48.708+02:00 Dialing multiple peers                     tid=17256911 numOfPeers=6 nodes="@[\"/dns4/delivery-01.do-ams3.logos.dev.status.im/tcp/30303/p2p/16Uiu2HAmTUbnxLGT9JvV6mu9oPyDjqHK4Phs1VDJNUgESgNSkuby\", \"/dns4/delivery-02.do-ams3.logos.dev.status.im/tcp/30303/p2p/16Uiu2HAmMK7PYygBtKUQ8EHp7EfaD3bCEsJrkFooK8RQ2PVpJprH\", \"/dns4/delivery-01.gc-us-central1-a.logos.dev.status.im/tcp/30303/p2p/16Uiu2HAm4S1JYkuzDKLKQvwgAhZKs9otxXqt8SCGtB4hoJP1S397\", \"/dns4/delivery-02.gc-us-central1-a.logos.dev.status.im/tcp/30303/p2p/16Uiu2HAm8Y9kgBNtjxvCnf1X6gnZJW5EGE4UwwCL3CCm55TwqBiH\", \"/dns4/delivery-01.ac-cn-hongkong-c.logos.dev.status.im/tcp/30303/p2p/16Uiu2HAm8YokiNun9BkeA1ZRmhLbtNUvcwRr64F69tYj9fkGyuEP\", \"/dns4/delivery-02.ac-cn-hongkong-c.logos.dev.status.im/tcp/30303/p2p/16Uiu2HAkvwhGHKNry6LACrB8TmEFoCJKEX29XR5dDUzk3UT3UNSE\"]"
[2026-10-06 14:11:48.728] [out] [delivery_module] DBG 2026-10-06 14:11:48.728+02:00 Dial successful                            topics="libp2p dialer" tid=17256911 peerId=16U*VpJprH
[2026-10-06 14:11:48.728] [out] [delivery_module] DBG 2026-10-06 14:11:48.728+02:00 starting sendNonHighPriorityTask           topics="libp2p pubsubpeer" tid=17256911 p=16U*VpJprH
[2026-10-06 14:11:48.729] [out] [delivery_module] DBG 2026-10-06 14:11:48.728+02:00 no listener registered                     tid=17256912 event=onConnectionChange
[2026-10-06 14:11:48.729] [out] [delivery_module] DBG 2026-10-06 14:11:48.728+02:00 created new pubsub peer                    topics="libp2p pubsub" tid=17256911 peerId=16U*VpJprH
[2026-10-06 14:11:48.729] [out] [delivery_module] DBG 2026-10-06 14:11:48.729+02:00 Incoming WakuRelay connection              topics="waku relay" tid=17256911 connection=16U*VpJprH:6ac4e5848e4dc8d9b1eaf70d protocol=/vac/waku/relay/2.0.0
[2026-10-06 14:11:48.729] [out] [delivery_module] DBG 2026-10-06 14:11:48.729+02:00 starting pubsub read loop                  topics="libp2p pubsubpeer" tid=17256911 stream=16U*VpJprH:6ac4e5848e4dc8d9b1eaf70d peer=16U*VpJprH closed=false
[2026-10-06 14:11:48.729] [out] [delivery_module] DBG 2026-10-06 14:11:48.729+02:00 identify: info sent                        topics="libp2p identify" tid=17256911 stream=16U*VpJprH:6ac4e5848e4dc8d9b1eaf70e info="(peerId: 16Uiu2HAmS2ghD4cPnqYLzMDfso5yM6nsTVyN5iH7YDz1ctEbzYfm, listenAddrs: [/ip4/0.0.0.0/tcp/56538, /ip4/0.0.0.0/udp/64579/quic-v1], addrs: [/ip4/172.20.10.14/tcp/56538, /ip4/172.20.10.14/udp/64579/quic-v1], protocols: [/ipfs/id/1.0.0, /libp2p/autonat/1.0.0, /libp2p/circuit/relay/0.2.0/hop, /vac/waku/metadata/1.0.0, /mix/1.0.0, /logos/service-discovery/1.0.0, /vac/waku/relay/2.0.0, /vac/waku/rendezvous/1.0.0, /ipfs/ping/1.0.0, /vac/waku/lightpush/3.0.0, /vac/waku/lightpush/2.0.0-beta1, /vac/waku/filter-subscribe/2.0.0-beta1, /vac/waku/filter-push/2.0.0-beta1, /vac/waku/peer-exchange/2.0.0-alpha1], protoVersion: ipfs/0.1.0, agentVersion: logos-delivery-v0.39.0-gca2814)"
[2026-10-06 14:11:48.833] [out] [delivery_module] DBG 2026-10-06 14:11:48.833+02:00 Dial successful                            topics="libp2p dialer" tid=17256911 peerId=16U*NSkuby
[2026-10-06 14:11:48.833] [out] [delivery_module] DBG 2026-10-06 14:11:48.833+02:00 starting sendNonHighPriorityTask           topics="libp2p pubsubpeer" tid=17256911 p=16U*NSkuby
[2026-10-06 14:11:48.833] [out] [delivery_module] DBG 2026-10-06 14:11:48.833+02:00 created new pubsub peer                    topics="libp2p pubsub" tid=17256911 peerId=16U*NSkuby
[2026-10-06 14:11:48.833] [out] [delivery_module] DBG 2026-10-06 14:11:48.833+02:00 no listener registered                     tid=17256912 event=onConnectionChange
[2026-10-06 14:11:48.834] [out] [delivery_module] DBG 2026-10-06 14:11:48.834+02:00 Incoming WakuRelay connection              topics="waku relay" tid=17256911 connection=16U*NSkuby:6ac4e5848e4dc8d9b1eaf713 protocol=/vac/waku/relay/2.0.0
[2026-10-06 14:11:48.834] [out] [delivery_module] DBG 2026-10-06 14:11:48.834+02:00 starting pubsub read loop                  topics="libp2p pubsubpeer" tid=17256911 stream=16U*NSkuby:6ac4e5848e4dc8d9b1eaf713 peer=16U*NSkuby closed=false
[2026-10-06 14:11:48.834] [out] [delivery_module] DBG 2026-10-06 14:11:48.834+02:00 identify: info sent                        topics="libp2p identify" tid=17256911 stream=16U*NSkuby:6ac4e5848e4dc8d9b1eaf714 info="(peerId: 16Uiu2HAmS2ghD4cPnqYLzMDfso5yM6nsTVyN5iH7YDz1ctEbzYfm, listenAddrs: [/ip4/0.0.0.0/tcp/56538, /ip4/0.0.0.0/udp/64579/quic-v1], addrs: [/ip4/172.20.10.14/tcp/56538, /ip4/172.20.10.14/udp/64579/quic-v1], protocols: [/ipfs/id/1.0.0, /libp2p/autonat/1.0.0, /libp2p/circuit/relay/0.2.0/hop, /vac/waku/metadata/1.0.0, /mix/1.0.0, /logos/service-discovery/1.0.0, /vac/waku/relay/2.0.0, /vac/waku/rendezvous/1.0.0, /ipfs/ping/1.0.0, /vac/waku/lightpush/3.0.0, /vac/waku/lightpush/2.0.0-beta1, /vac/waku/filter-subscribe/2.0.0-beta1, /vac/waku/filter-push/2.0.0-beta1, /vac/waku/peer-exchange/2.0.0-alpha1], protoVersion: ipfs/0.1.0, agentVersion: logos-delivery-v0.39.0-gca2814)"
[2026-10-06 14:11:49.019] [out] [delivery_module] DBG 2026-10-06 14:11:49.019+02:00 identify: info received                    topics="libp2p identify" tid=17256911 stream=16U*VpJprH:6ac4e5848e4dc8d9b1eaf710 pubkey=ok(sec...7631)) addresses=/ip4/174.138.106.244/tcp/30303,/ip4/174.138.106.244/udp/30303/quic-v1,/dns4/delivery-02.do-ams3.logos.dev.status.im/tcp/30303 protocols=/ipfs/id/1.0.0,/libp2p/autonat/1.0.0,/libp2p/circuit/relay/0.2.0/hop,/vac/waku/metadata/1.0.0,/mix/1.0.0,/logos/service-discovery/1.0.0,/vac/waku/store-query/3.0.0,/vac/waku/relay/2.0.0,/vac/waku/rendezvous/1.0.0,/ipfs/ping/1.0.0,/vac/waku/lightpush/3.0.0,/vac/waku/lightpush/2.0.0-beta1,/vac/waku/filter-subscribe/2.0.0-beta1,/vac/waku/filter-push/2.0.0-beta1,/vac/waku/peer-exchange/2.0.0-alpha1 observable_address=ok(/ip4/47.64.115.67/tcp/16684) proto_version=ipfs/0.1.0 agent_version=logos-delivery-v0.39.0-g890397 signedPeerRecord=None
[2026-10-06 14:11:49.020] [out] [delivery_module] DBG 2026-10-06 14:11:49.020+02:00 starting pubsub read loop                  topics="libp2p pubsubpeer" tid=17256911 stream=16U*VpJprH:6ac4e5848e4dc8d9b1eaf70f peer=16U*VpJprH closed=false
[2026-10-06 14:11:49.020] [out] [delivery_module] DBG 2026-10-06 14:11:49.020+02:00 Event identified                           topics="waku node peer_manager" tid=17256911 peerId=16U*VpJprH
[2026-10-06 14:11:49.020] [out] [delivery_module] DBG 2026-10-06 14:11:49.020+02:00 no listener registered                     tid=17256912 event=onConnectionChange
[2026-10-06 14:11:49.356] [out] [delivery_module] DBG 2026-10-06 14:11:49.356+02:00 Dial successful                            topics="libp2p dialer" tid=17256911 peerId=16U*TwqBiH
[2026-10-06 14:11:49.356] [out] [delivery_module] DBG 2026-10-06 14:11:49.356+02:00 identify: info received                    topics="libp2p identify" tid=17256911 stream=16U*NSkuby:6ac4e5848e4dc8d9b1eaf716 pubkey=ok(sec...9ab7)) addresses=/ip4/138.68.122.137/tcp/30303,/ip4/138.68.122.137/udp/30303/quic-v1,/dns4/delivery-01.do-ams3.logos.dev.status.im/tcp/30303 protocols=/ipfs/id/1.0.0,/libp2p/autonat/1.0.0,/libp2p/circuit/relay/0.2.0/hop,/vac/waku/metadata/1.0.0,/mix/1.0.0,/logos/service-discovery/1.0.0,/vac/waku/store-query/3.0.0,/vac/waku/relay/2.0.0,/vac/waku/rendezvous/1.0.0,/ipfs/ping/1.0.0,/vac/waku/lightpush/3.0.0,/vac/waku/lightpush/2.0.0-beta1,/vac/waku/filter-subscribe/2.0.0-beta1,/vac/waku/filter-push/2.0.0-beta1,/vac/waku/peer-exchange/2.0.0-alpha1 observable_address=ok(/ip4/47.64.115.67/tcp/5632) proto_version=ipfs/0.1.0 agent_version=logos-delivery-v0.39.0-g890397 signedPeerRecord=None
[2026-10-06 14:11:49.357] [out] [delivery_module] DBG 2026-10-06 14:11:49.357+02:00 starting sendNonHighPriorityTask           topics="libp2p pubsubpeer" tid=17256911 p=16U*TwqBiH
[2026-10-06 14:11:49.357] [out] [delivery_module] DBG 2026-10-06 14:11:49.357+02:00 created new pubsub peer                    topics="libp2p pubsub" tid=17256911 peerId=16U*TwqBiH
[2026-10-06 14:11:49.357] [out] [delivery_module] DBG 2026-10-06 14:11:49.357+02:00 no listener registered                     tid=17256912 event=onConnectionChange
[2026-10-06 14:11:49.357] [out] [delivery_module] DBG 2026-10-06 14:11:49.357+02:00 Incoming WakuRelay connection              topics="waku relay" tid=17256911 connection=16U*TwqBiH:6ac4e5858e4dc8d9b1eaf71a protocol=/vac/waku/relay/2.0.0
[2026-10-06 14:11:49.357] [out] [delivery_module] DBG 2026-10-06 14:11:49.357+02:00 starting pubsub read loop                  topics="libp2p pubsubpeer" tid=17256911 stream=16U*TwqBiH:6ac4e5858e4dc8d9b1eaf71a peer=16U*TwqBiH closed=false
[2026-10-06 14:11:49.358] [out] [delivery_module] DBG 2026-10-06 14:11:49.358+02:00 starting pubsub read loop                  topics="libp2p pubsubpeer" tid=17256911 stream=16U*NSkuby:6ac4e5848e4dc8d9b1eaf715 peer=16U*NSkuby closed=false
[2026-10-06 14:11:49.358] [out] [delivery_module] DBG 2026-10-06 14:11:49.358+02:00 Event identified                           topics="waku node peer_manager" tid=17256911 peerId=16U*NSkuby
[2026-10-06 14:11:49.358] [out] [delivery_module] DBG 2026-10-06 14:11:49.358+02:00 no listener registered                     tid=17256912 event=onConnectionChange
[2026-10-06 14:11:49.429] [out] [delivery_module] DBG 2026-10-06 14:11:49.429+02:00 Dial successful                            topics="libp2p dialer" tid=17256911 peerId=16U*P1S397
[2026-10-06 14:11:49.429] [out] [delivery_module] DBG 2026-10-06 14:11:49.429+02:00 identify: info sent                        topics="libp2p identify" tid=17256911 stream=16U*TwqBiH:6ac4e5858e4dc8d9b1eaf71b info="(peerId: 16Uiu2HAmS2ghD4cPnqYLzMDfso5yM6nsTVyN5iH7YDz1ctEbzYfm, listenAddrs: [/ip4/0.0.0.0/tcp/56538, /ip4/0.0.0.0/udp/64579/quic-v1], addrs: [/ip4/172.20.10.14/tcp/56538, /ip4/172.20.10.14/udp/64579/quic-v1], protocols: [/ipfs/id/1.0.0, /libp2p/autonat/1.0.0, /libp2p/circuit/relay/0.2.0/hop, /vac/waku/metadata/1.0.0, /mix/1.0.0, /logos/service-discovery/1.0.0, /vac/waku/relay/2.0.0, /vac/waku/rendezvous/1.0.0, /ipfs/ping/1.0.0, /vac/waku/lightpush/3.0.0, /vac/waku/lightpush/2.0.0-beta1, /vac/waku/filter-subscribe/2.0.0-beta1, /vac/waku/filter-push/2.0.0-beta1, /vac/waku/peer-exchange/2.0.0-alpha1], protoVersion: ipfs/0.1.0, agentVersion: logos-delivery-v0.39.0-gca2814)"
[2026-10-06 14:11:49.429] [out] [delivery_module] DBG 2026-10-06 14:11:49.429+02:00 starting sendNonHighPriorityTask           topics="libp2p pubsubpeer" tid=17256911 p=16U*P1S397
[2026-10-06 14:11:49.429] [out] [delivery_module] DBG 2026-10-06 14:11:49.429+02:00 created new pubsub peer                    topics="libp2p pubsub" tid=17256911 peerId=16U*P1S397
[2026-10-06 14:11:49.429] [out] [delivery_module] DBG 2026-10-06 14:11:49.429+02:00 no listener registered                     tid=17256912 event=onConnectionChange
[2026-10-06 14:11:49.430] [out] [delivery_module] DBG 2026-10-06 14:11:49.430+02:00 Incoming WakuRelay connection              topics="waku relay" tid=17256911 connection=16U*P1S397:6ac4e5858e4dc8d9b1eaf71f protocol=/vac/waku/relay/2.0.0
[2026-10-06 14:11:49.430] [out] [delivery_module] DBG 2026-10-06 14:11:49.430+02:00 starting pubsub read loop                  topics="libp2p pubsubpeer" tid=17256911 stream=16U*P1S397:6ac4e5858e4dc8d9b1eaf71f peer=16U*P1S397 closed=false
[2026-10-06 14:11:49.430] [out] [delivery_module] DBG 2026-10-06 14:11:49.430+02:00 identify: info sent                        topics="libp2p identify" tid=17256911 stream=16U*P1S397:6ac4e5858e4dc8d9b1eaf720 info="(peerId: 16Uiu2HAmS2ghD4cPnqYLzMDfso5yM6nsTVyN5iH7YDz1ctEbzYfm, listenAddrs: [/ip4/0.0.0.0/tcp/56538, /ip4/0.0.0.0/udp/64579/quic-v1], addrs: [/ip4/172.20.10.14/tcp/56538, /ip4/172.20.10.14/udp/64579/quic-v1], protocols: [/ipfs/id/1.0.0, /libp2p/autonat/1.0.0, /libp2p/circuit/relay/0.2.0/hop, /vac/waku/metadata/1.0.0, /mix/1.0.0, /logos/service-discovery/1.0.0, /vac/waku/relay/2.0.0, /vac/waku/rendezvous/1.0.0, /ipfs/ping/1.0.0, /vac/waku/lightpush/3.0.0, /vac/waku/lightpush/2.0.0-beta1, /vac/waku/filter-subscribe/2.0.0-beta1, /vac/waku/filter-push/2.0.0-beta1, /vac/waku/peer-exchange/2.0.0-alpha1], protoVersion: ipfs/0.1.0, agentVersion: logos-delivery-v0.39.0-gca2814)"
[2026-10-06 14:11:49.621] [out] [delivery_module] DBG 2026-10-06 14:11:49.621+02:00 Dial successful                            topics="libp2p dialer" tid=17256911 peerId=16U*kGyuEP
[2026-10-06 14:11:49.622] [out] [delivery_module] DBG 2026-10-06 14:11:49.622+02:00 starting sendNonHighPriorityTask           topics="libp2p pubsubpeer" tid=17256911 p=16U*kGyuEP
[2026-10-06 14:11:49.622] [out] [delivery_module] DBG 2026-10-06 14:11:49.622+02:00 created new pubsub peer                    topics="libp2p pubsub" tid=17256911 peerId=16U*kGyuEP
[2026-10-06 14:11:49.622] [out] [delivery_module] DBG 2026-10-06 14:11:49.622+02:00 no listener registered                     tid=17256912 event=onConnectionChange
[2026-10-06 14:11:49.622] [out] [delivery_module] DBG 2026-10-06 14:11:49.622+02:00 Incoming WakuRelay connection              topics="waku relay" tid=17256911 connection=16U*kGyuEP:6ac4e5858e4dc8d9b1eaf723 protocol=/vac/waku/relay/2.0.0
[2026-10-06 14:11:49.622] [out] [delivery_module] DBG 2026-10-06 14:11:49.622+02:00 starting pubsub read loop                  topics="libp2p pubsubpeer" tid=17256911 stream=16U*kGyuEP:6ac4e5858e4dc8d9b1eaf723 peer=16U*kGyuEP closed=false
[2026-10-06 14:11:49.695] [out] [delivery_module] DBG 2026-10-06 14:11:49.695+02:00 Dial successful                            topics="libp2p dialer" tid=17256911 peerId=16U*T3UNSE
[2026-10-06 14:11:49.696] [out] [delivery_module] DBG 2026-10-06 14:11:49.696+02:00 starting sendNonHighPriorityTask           topics="libp2p pubsubpeer" tid=17256911 p=16U*T3UNSE
[2026-10-06 14:11:49.696] [out] [delivery_module] DBG 2026-10-06 14:11:49.696+02:00 created new pubsub peer                    topics="libp2p pubsub" tid=17256911 peerId=16U*T3UNSE
[2026-10-06 14:11:49.696] [out] [delivery_module] DBG 2026-10-06 14:11:49.696+02:00 no listener registered                     tid=17256912 event=onConnectionChange
[2026-10-06 14:11:49.697] [out] [delivery_module] DBG 2026-10-06 14:11:49.697+02:00 Lookup query                               topics="kad-dht find" tid=17256911 peer=16U*kGyuEP
[2026-10-06 14:11:49.697] [out] [delivery_module] DBG 2026-10-06 14:11:49.697+02:00 Lookup query                               topics="kad-dht find" tid=17256911 peer=16U*VpJprH
[2026-10-06 14:11:49.697] [out] [delivery_module] DBG 2026-10-06 14:11:49.697+02:00 Lookup query                               topics="kad-dht find" tid=17256911 peer=16U*T3UNSE
[2026-10-06 14:11:49.697] [out] [delivery_module] DBG 2026-10-06 14:11:49.697+02:00 Lookup query                               topics="kad-dht find" tid=17256911 peer=16U*P1S397
[2026-10-06 14:11:49.698] [out] [delivery_module] DBG 2026-10-06 14:11:49.698+02:00 Lookup query                               topics="kad-dht find" tid=17256911 peer=16U*TwqBiH
[2026-10-06 14:11:49.698] [out] [delivery_module] DBG 2026-10-06 14:11:49.698+02:00 Lookup query                               topics="kad-dht find" tid=17256911 peer=16U*NSkuby
[2026-10-06 14:11:49.698] [out] [delivery_module] DBG 2026-10-06 14:11:49.698+02:00 Kad lookup: RPC error                      topics="kad-dht find" tid=17256911 peer=16U*kGyuEP msg="dialStage: timed out dialing the peer"
[2026-10-06 14:11:49.699] [out] [delivery_module] DBG 2026-10-06 14:11:49.699+02:00 identify: info sent                        topics="libp2p identify" tid=17256911 stream=16U*kGyuEP:6ac4e5858e4dc8d9b1eaf724 info="(peerId: 16Uiu2HAmS2ghD4cPnqYLzMDfso5yM6nsTVyN5iH7YDz1ctEbzYfm, listenAddrs: [/ip4/0.0.0.0/tcp/56538, /ip4/0.0.0.0/udp/64579/quic-v1], addrs: [/ip4/172.20.10.14/tcp/56538, /ip4/172.20.10.14/udp/64579/quic-v1], protocols: [/ipfs/id/1.0.0, /libp2p/autonat/1.0.0, /libp2p/circuit/relay/0.2.0/hop, /vac/waku/metadata/1.0.0, /mix/1.0.0, /logos/service-discovery/1.0.0, /vac/waku/relay/2.0.0, /vac/waku/rendezvous/1.0.0, /ipfs/ping/1.0.0, /vac/waku/lightpush/3.0.0, /vac/waku/lightpush/2.0.0-beta1, /vac/waku/filter-subscribe/2.0.0-beta1, /vac/waku/filter-push/2.0.0-beta1, /vac/waku/peer-exchange/2.0.0-alpha1], protoVersion: ipfs/0.1.0, agentVersion: logos-delivery-v0.39.0-gca2814)"
[2026-10-06 14:11:49.699] [out] [delivery_module] DBG 2026-10-06 14:11:49.699+02:00 Received WakuMetadata request              topics="waku metadata" tid=17256911 remoteClusterId=ok(3) remoteShards="[5, 0, 2, 1, 4, 7, 3, 6]" localClusterId=3 localShards="[7]" peer=16U*VpJprH
[2026-10-06 14:11:49.699] [out] [delivery_module] DBG 2026-10-06 14:11:49.699+02:00 Kad lookup: RPC error                      topics="kad-dht find" tid=17256911 peer=16U*VpJprH msg="dialStage: timed out dialing the peer"
[2026-10-06 14:11:49.699] [out] [delivery_module] DBG 2026-10-06 14:11:49.699+02:00 Kad lookup: RPC error                      topics="kad-dht find" tid=17256911 peer=16U*T3UNSE msg="dialStage: timed out dialing the peer"
[2026-10-06 14:11:49.700] [out] [delivery_module] DBG 2026-10-06 14:11:49.699+02:00 Incoming WakuRelay connection              topics="waku relay" tid=17256911 connection=16U*T3UNSE:6ac4e5858e4dc8d9b1eaf729 protocol=/vac/waku/relay/2.0.0
[2026-10-06 14:11:49.700] [out] [delivery_module] DBG 2026-10-06 14:11:49.700+02:00 starting pubsub read loop                  topics="libp2p pubsubpeer" tid=17256911 stream=16U*T3UNSE:6ac4e5858e4dc8d9b1eaf729 peer=16U*T3UNSE closed=false
[2026-10-06 14:11:49.700] [out] [delivery_module] DBG 2026-10-06 14:11:49.700+02:00 identify: info sent                        topics="libp2p identify" tid=17256911 stream=16U*T3UNSE:6ac4e5858e4dc8d9b1eaf72a info="(peerId: 16Uiu2HAmS2ghD4cPnqYLzMDfso5yM6nsTVyN5iH7YDz1ctEbzYfm, listenAddrs: [/ip4/0.0.0.0/tcp/56538, /ip4/0.0.0.0/udp/64579/quic-v1], addrs: [/ip4/172.20.10.14/tcp/56538, /ip4/172.20.10.14/udp/64579/quic-v1], protocols: [/ipfs/id/1.0.0, /libp2p/autonat/1.0.0, /libp2p/circuit/relay/0.2.0/hop, /vac/waku/metadata/1.0.0, /mix/1.0.0, /logos/service-discovery/1.0.0, /vac/waku/relay/2.0.0, /vac/waku/rendezvous/1.0.0, /ipfs/ping/1.0.0, /vac/waku/lightpush/3.0.0, /vac/waku/lightpush/2.0.0-beta1, /vac/waku/filter-subscribe/2.0.0-beta1, /vac/waku/filter-push/2.0.0-beta1, /vac/waku/peer-exchange/2.0.0-alpha1], protoVersion: ipfs/0.1.0, agentVersion: logos-delivery-v0.39.0-gca2814)"
[2026-10-06 14:11:49.700] [out] [delivery_module] DBG 2026-10-06 14:11:49.700+02:00 Kad lookup: RPC error                      topics="kad-dht find" tid=17256911 peer=16U*P1S397 msg="dialStage: timed out dialing the peer"
[2026-10-06 14:11:49.700] [out] [delivery_module] DBG 2026-10-06 14:11:49.700+02:00 Kad lookup: RPC error                      topics="kad-dht find" tid=17256911 peer=16U*TwqBiH msg="dialStage: timed out dialing the peer"
[2026-10-06 14:11:49.700] [out] [delivery_module] DBG 2026-10-06 14:11:49.700+02:00 Kad lookup: RPC error                      topics="kad-dht find" tid=17256911 peer=16U*NSkuby msg="dialStage: timed out dialing the peer"
[2026-10-06 14:11:49.700] [out] [delivery_module] WRN 2026-10-06 14:11:49.700+02:00 ffi request still in flight; caller notified via RET_STALE_WARN tid=17256911 reqId=LogosdeliveryStartNodeReq elapsedMs=5000
[2026-10-06 14:11:50.362] [out] [delivery_module] DBG 2026-10-06 14:11:50.362+02:00 Received WakuMetadata request              topics="waku metadata" tid=17256911 remoteClusterId=ok(3) remoteShards="[5, 0, 2, 1, 4, 7, 3, 6]" localClusterId=3 localShards="[7]" peer=16U*NSkuby
[2026-10-06 14:11:50.604] [out] [delivery_module] DBG 2026-10-06 14:11:50.604+02:00 identify: info received                    topics="libp2p identify" tid=17256911 stream=16U*TwqBiH:6ac4e5858e4dc8d9b1eaf71d pubkey=ok(sec...fed6)) addresses=/ip4/34.123.201.25/tcp/30303,/ip4/34.123.201.25/udp/30303/quic-v1,/dns4/delivery-02.gc-us-central1-a.logos.dev.status.im/tcp/30303 protocols=/ipfs/id/1.0.0,/libp2p/autonat/1.0.0,/libp2p/circuit/relay/0.2.0/hop,/vac/waku/metadata/1.0.0,/mix/1.0.0,/logos/service-discovery/1.0.0,/vac/waku/store-query/3.0.0,/vac/waku/relay/2.0.0,/vac/waku/rendezvous/1.0.0,/ipfs/ping/1.0.0,/vac/waku/lightpush/3.0.0,/vac/waku/lightpush/2.0.0-beta1,/vac/waku/filter-subscribe/2.0.0-beta1,/vac/waku/filter-push/2.0.0-beta1,/vac/waku/peer-exchange/2.0.0-alpha1 observable_address=ok(/ip4/47.64.115.67/tcp/29216) proto_version=ipfs/0.1.0 agent_version=logos-delivery-v0.39.0-g890397 signedPeerRecord=None
[2026-10-06 14:11:50.605] [out] [delivery_module] DBG 2026-10-06 14:11:50.605+02:00 identify: info received                    topics="libp2p identify" tid=17256911 stream=16U*P1S397:6ac4e5858e4dc8d9b1eaf722 pubkey=ok(sec...97dc)) addresses=/ip4/136.119.156.87/tcp/30303,/ip4/136.119.156.87/udp/30303/quic-v1,/dns4/delivery-01.gc-us-central1-a.logos.dev.status.im/tcp/30303 protocols=/ipfs/id/1.0.0,/libp2p/autonat/1.0.0,/libp2p/circuit/relay/0.2.0/hop,/vac/waku/metadata/1.0.0,/mix/1.0.0,/logos/service-discovery/1.0.0,/vac/waku/store-query/3.0.0,/vac/waku/relay/2.0.0,/vac/waku/rendezvous/1.0.0,/ipfs/ping/1.0.0,/vac/waku/lightpush/3.0.0,/vac/waku/lightpush/2.0.0-beta1,/vac/waku/filter-subscribe/2.0.0-beta1,/vac/waku/filter-push/2.0.0-beta1,/vac/waku/peer-exchange/2.0.0-alpha1 observable_address=ok(/ip4/47.64.115.67/tcp/12775) proto_version=ipfs/0.1.0 agent_version=logos-delivery-v0.39.0-g890397 signedPeerRecord=None
[2026-10-06 14:11:50.606] [out] [delivery_module] DBG 2026-10-06 14:11:50.606+02:00 starting pubsub read loop                  topics="libp2p pubsubpeer" tid=17256911 stream=16U*TwqBiH:6ac4e5858e4dc8d9b1eaf71c peer=16U*TwqBiH closed=false
[2026-10-06 14:11:50.606] [out] [delivery_module] DBG 2026-10-06 14:11:50.606+02:00 starting pubsub read loop                  topics="libp2p pubsubpeer" tid=17256911 stream=16U*P1S397:6ac4e5858e4dc8d9b1eaf721 peer=16U*P1S397 closed=false
[2026-10-06 14:11:50.606] [out] [delivery_module] DBG 2026-10-06 14:11:50.606+02:00 Event identified                           topics="waku node peer_manager" tid=17256911 peerId=16U*TwqBiH
[2026-10-06 14:11:50.606] [out] [delivery_module] DBG 2026-10-06 14:11:50.606+02:00 no listener registered                     tid=17256912 event=onConnectionChange
[2026-10-06 14:11:50.606] [out] [delivery_module] DBG 2026-10-06 14:11:50.606+02:00 Event identified                           topics="waku node peer_manager" tid=17256911 peerId=16U*P1S397
[2026-10-06 14:11:50.606] [out] [delivery_module] DBG 2026-10-06 14:11:50.606+02:00 no listener registered                     tid=17256912 event=onConnectionChange
[2026-10-06 14:11:51.344] [out] [delivery_module] DBG 2026-10-06 14:11:51.344+02:00 no listener registered                     tid=17256912 event=onConnectionChange
[2026-10-06 14:11:51.429] [out] [delivery_module] DBG 2026-10-06 14:11:51.429+02:00 identify: info received                    topics="libp2p identify" tid=17256911 stream=16U*kGyuEP:6ac4e5858e4dc8d9b1eaf726 pubkey=ok(sec...c56e)) addresses=/ip4/47.242.130.189/tcp/30303,/ip4/47.242.130.189/udp/30303/quic-v1,/dns4/delivery-01.ac-cn-hongkong-c.logos.dev.status.im/tcp/30303 protocols=/ipfs/id/1.0.0,/libp2p/autonat/1.0.0,/libp2p/circuit/relay/0.2.0/hop,/vac/waku/metadata/1.0.0,/mix/1.0.0,/logos/service-discovery/1.0.0,/vac/waku/store-query/3.0.0,/vac/waku/relay/2.0.0,/vac/waku/rendezvous/1.0.0,/ipfs/ping/1.0.0,/vac/waku/lightpush/3.0.0,/vac/waku/lightpush/2.0.0-beta1,/vac/waku/filter-subscribe/2.0.0-beta1,/vac/waku/filter-push/2.0.0-beta1,/vac/waku/peer-exchange/2.0.0-alpha1 observable_address=ok(/ip4/47.64.115.67/tcp/4274) proto_version=ipfs/0.1.0 agent_version=logos-delivery-v0.39.0-g890397 signedPeerRecord=None
[2026-10-06 14:11:51.431] [out] [delivery_module] DBG 2026-10-06 14:11:51.431+02:00 starting pubsub read loop                  topics="libp2p pubsubpeer" tid=17256911 stream=16U*kGyuEP:6ac4e5858e4dc8d9b1eaf725 peer=16U*kGyuEP closed=false
[2026-10-06 14:11:51.431] [out] [delivery_module] DBG 2026-10-06 14:11:51.431+02:00 Event identified                           topics="waku node peer_manager" tid=17256911 peerId=16U*kGyuEP
[2026-10-06 14:11:51.431] [out] [delivery_module] DBG 2026-10-06 14:11:51.431+02:00 no listener registered                     tid=17256912 event=onConnectionChange
[2026-10-06 14:11:51.575] [out] [delivery_module] DBG 2026-10-06 14:11:51.575+02:00 identify: info received                    topics="libp2p identify" tid=17256911 stream=16U*T3UNSE:6ac4e5858e4dc8d9b1eaf728 pubkey=ok(sec...6d2a)) addresses=/ip4/43.99.103.10/tcp/30303,/ip4/43.99.103.10/udp/30303/quic-v1,/dns4/delivery-02.ac-cn-hongkong-c.logos.dev.status.im/tcp/30303 protocols=/ipfs/id/1.0.0,/libp2p/autonat/1.0.0,/libp2p/circuit/relay/0.2.0/hop,/vac/waku/metadata/1.0.0,/mix/1.0.0,/logos/service-discovery/1.0.0,/vac/waku/store-query/3.0.0,/vac/waku/relay/2.0.0,/vac/waku/rendezvous/1.0.0,/ipfs/ping/1.0.0,/vac/waku/lightpush/3.0.0,/vac/waku/lightpush/2.0.0-beta1,/vac/waku/filter-subscribe/2.0.0-beta1,/vac/waku/filter-push/2.0.0-beta1,/vac/waku/peer-exchange/2.0.0-alpha1 observable_address=ok(/ip4/47.64.115.67/tcp/26781) proto_version=ipfs/0.1.0 agent_version=logos-delivery-v0.39.0-g890397 signedPeerRecord=None
[2026-10-06 14:11:51.576] [out] [delivery_module] DBG 2026-10-06 14:11:51.576+02:00 starting pubsub read loop                  topics="libp2p pubsubpeer" tid=17256911 stream=16U*T3UNSE:6ac4e5858e4dc8d9b1eaf727 peer=16U*T3UNSE closed=false
[2026-10-06 14:11:51.576] [out] [delivery_module] DBG 2026-10-06 14:11:51.576+02:00 Event identified                           topics="waku node peer_manager" tid=17256911 peerId=16U*T3UNSE
[2026-10-06 14:11:51.576] [out] [delivery_module] DBG 2026-10-06 14:11:51.576+02:00 no listener registered                     tid=17256912 event=onConnectionChange
[2026-10-06 14:11:51.764] [out] [delivery_module] DBG 2026-10-06 14:11:51.764+02:00 no listener registered                     tid=17256912 event=onConnectionChange
[2026-10-06 14:11:51.852] [out] [delivery_module] DBG 2026-10-06 14:11:51.852+02:00 Received WakuMetadata request              topics="waku metadata" tid=17256911 remoteClusterId=ok(3) remoteShards="[5, 0, 2, 1, 4, 7, 3, 6]" localClusterId=3 localShards="[7]" peer=16U*TwqBiH
[2026-10-06 14:11:52.050] [out] [delivery_module] DBG 2026-10-06 14:11:52.049+02:00 Received WakuMetadata request              topics="waku metadata" tid=17256911 remoteClusterId=ok(3) remoteShards="[5, 0, 2, 1, 4, 7, 3, 6]" localClusterId=3 localShards="[7]" peer=16U*P1S397
[2026-10-06 14:11:53.183] [out] [delivery_module] DBG 2026-10-06 14:11:53.183+02:00 Received WakuMetadata request              topics="waku metadata" tid=17256911 remoteClusterId=ok(3) remoteShards="[5, 0, 2, 1, 4, 7, 3, 6]" localClusterId=3 localShards="[7]" peer=16U*kGyuEP
[2026-10-06 14:11:53.183] [out] [delivery_module] DBG 2026-10-06 14:11:53.183+02:00 Received WakuMetadata request              topics="waku metadata" tid=17256911 remoteClusterId=ok(3) remoteShards="[5, 0, 2, 1, 4, 7, 3, 6]" localClusterId=3 localShards="[7]" peer=16U*T3UNSE
[2026-10-06 14:11:53.303] [out] [delivery_module] DBG 2026-10-06 14:11:53.303+02:00 no listener registered                     tid=17256912 event=onConnectionChange
[2026-10-06 14:11:53.303] [out] [delivery_module] DBG 2026-10-06 14:11:53.303+02:00 no listener registered                     tid=17256912 event=onConnectionChange
[2026-10-06 14:11:53.305] [out] [delivery_module] DBG 2026-10-06 14:11:53.305+02:00 Dialing peer                               topics="libp2p dialer" tid=17256911 peerId=16U*7ZEp3L addrs="[/ip4/192.168.1.3/udp/56395/quic-v1, /ip4/192.168.1.3/tcp/49737]"
[2026-10-06 14:11:53.305] [out] [delivery_module] DBG 2026-10-06 14:11:53.305+02:00 Expanded address and hostname              topics="libp2p dialer" tid=17256911 expandedAddress=/ip4/192.168.1.3/udp/56395/quic-v1 hostname=192.168.1.3 resolvedAddresses="[/ip4/192.168.1.3/udp/56395/quic-v1]"
[2026-10-06 14:11:53.305] [out] [delivery_module] DBG 2026-10-06 14:11:53.305+02:00 New connection established: client         tid=17256911
[2026-10-06 14:11:53.306] [out] [delivery_module] DBG 2026-10-06 14:11:53.306+02:00 Dialing peer                               topics="libp2p dialer" tid=17256911 peerId=16U*B3TT6o addrs="[/ip4/172.20.10.14/udp/53555/quic-v1, /ip4/172.20.10.14/tcp/56336]"
[2026-10-06 14:11:53.306] [out] [delivery_module] DBG 2026-10-06 14:11:53.306+02:00 Expanded address and hostname              topics="libp2p dialer" tid=17256911 expandedAddress=/ip4/172.20.10.14/udp/53555/quic-v1 hostname=172.20.10.14 resolvedAddresses="[/ip4/172.20.10.14/udp/53555/quic-v1]"
[2026-10-06 14:11:53.306] [out] [delivery_module] DBG 2026-10-06 14:11:53.306+02:00 New connection established: client         tid=17256911
[2026-10-06 14:11:53.307] [out] [delivery_module] DBG 2026-10-06 14:11:53.306+02:00 Lookup query                               topics="kad-dht find" tid=17256911 peer=16U*7ZEp3L
[2026-10-06 14:11:53.307] [out] [delivery_module] DBG 2026-10-06 14:11:53.307+02:00 Lookup query                               topics="kad-dht find" tid=17256911 peer=16U*B3TT6o
[2026-10-06 14:11:53.386] [out] [delivery_module] DBG 2026-10-06 14:11:53.386+02:00 no listener registered                     tid=17256912 event=onConnectionChange
[2026-10-06 14:11:53.470] [out] [delivery_module] DBG 2026-10-06 14:11:53.470+02:00 Lookup query                               topics="kad-dht find" tid=17256911 peer=16U*7ZEp3L
[2026-10-06 14:11:53.470] [out] [delivery_module] DBG 2026-10-06 14:11:53.470+02:00 Lookup query                               topics="kad-dht find" tid=17256911 peer=16U*B3TT6o
[2026-10-06 14:11:53.470] [out] [delivery_module] DBG 2026-10-06 14:11:53.470+02:00 no listener registered                     tid=17256912 event=onConnectionChange
[2026-10-06 14:11:53.471] [out] [delivery_module] DBG 2026-10-06 14:11:53.471+02:00 Finished dialing multiple peers            tid=17256911 successfulConns=6 attempted=6
[2026-10-06 14:11:53.471] [out] [delivery_module] DBG 2026-10-06 14:11:53.471+02:00 Dialing multiple peers                     topics="waku node peer_manager" tid=17256911 numOfPeers=2 nodes="@[16Uiu2HAkvj4Pd3uNLjAUqmySs4rNqVe9KhZsX9toFdKv71B3TT6o, 16Uiu2HAmAResE15q4BDR96fpXuErsrxP4kzNDeA9LpPsbh7ZEp3L]"
[2026-10-06 14:11:53.472] [out] [delivery_module] INF 2026-10-06 14:11:53.472+02:00 Relay peer connections                     topics="waku node peer_manager" tid=17256911 inRelayConns=0/50 outRelayConns=6/25 totalConnections=6/150 notConnectedPeers=2 outsideBackoffPeers=2
[2026-10-06 14:11:53.473] [out] [delivery_module] DBG 2026-10-06 14:11:53.473+02:00 ENR addresses updated                      topics="waku enr" tid=17256911 retained=0 total=0
[2026-10-06 14:11:53.473] [out] [delivery_module] DBG 2026-10-06 14:11:53.473+02:00 Subscribing to pubsub topic                topics="waku relay" tid=17256911 pubsubTopic=/waku/2/rs/3/0
[2026-10-06 14:11:53.474] [out] [delivery_module] DBG 2026-10-06 14:11:53.474+02:00 peer filtering updated                     topics="waku discv5" tid=17256911
[2026-10-06 14:11:53.474] [out] [delivery_module] DBG 2026-10-06 14:11:53.474+02:00 ENR shards updated                         topics="waku discv5" tid=17256911 enrUri=enr:-K24QCo3k6-gfnAOpirP1C8EYCNeZKXdWUsPUNrsw06PISxHBN7L71XFWH8rGqzDBwCJD2tw9TBLCBjh9Hi-lpQ72A0HgmlkgnY0im11bHRpYWRkcnOAgnJzkwADCAAAAAEAAgADAAQABQAGAAeJc2VjcDI1NmsxoQPGtr5VpIJcspMaxR3UGMX6SgetvB-G6W0-Vuds4E1IjIN0Y3CC3NqDdWRwgs9khXdha3UyLQ add=true
[2026-10-06 14:11:53.474] [out] [delivery_module] DBG 2026-10-06 14:11:53.474+02:00 Subscribing to pubsub topic                topics="waku relay" tid=17256911 pubsubTopic=/waku/2/rs/3/1
[2026-10-06 14:11:53.474] [out] [delivery_module] DBG 2026-10-06 14:11:53.474+02:00 peer filtering updated                     topics="waku discv5" tid=17256911
[2026-10-06 14:11:53.474] [out] [delivery_module] DBG 2026-10-06 14:11:53.474+02:00 ENR shards updated                         topics="waku discv5" tid=17256911 enrUri=enr:-K24QJeie0yV8xtjazX1NhV6ROmJy-rvhitq5ifMO8x5n5k2Hu_l085ZUnZdSDkskXMos3dDHic2-kL1kYeiN6gFbZEIgmlkgnY0im11bHRpYWRkcnOAgnJzkwADCAAAAAEAAgADAAQABQAGAAeJc2VjcDI1NmsxoQPGtr5VpIJcspMaxR3UGMX6SgetvB-G6W0-Vuds4E1IjIN0Y3CC3NqDdWRwgs9khXdha3UyLQ add=true
[2026-10-06 14:11:53.474] [out] [delivery_module] DBG 2026-10-06 14:11:53.474+02:00 Subscribing to pubsub topic                topics="waku relay" tid=17256911 pubsubTopic=/waku/2/rs/3/2
[2026-10-06 14:11:53.475] [out] [delivery_module] DBG 2026-10-06 14:11:53.475+02:00 peer filtering updated                     topics="waku discv5" tid=17256911
[2026-10-06 14:11:53.475] [out] [delivery_module] DBG 2026-10-06 14:11:53.475+02:00 ENR shards updated                         topics="waku discv5" tid=17256911 enrUri=enr:-K24QApOj4cHxyTuMSKLjczElT_Mu0ZI7AO8heVzFepf3cvkeoLdrhhUT_vBS2KJOxhDhh7Ya6Yf-vy_oUl3cSkkLtsJgmlkgnY0im11bHRpYWRkcnOAgnJzkwADCAAAAAEAAgADAAQABQAGAAeJc2VjcDI1NmsxoQPGtr5VpIJcspMaxR3UGMX6SgetvB-G6W0-Vuds4E1IjIN0Y3CC3NqDdWRwgs9khXdha3UyLQ add=true
[2026-10-06 14:11:53.475] [out] [delivery_module] DBG 2026-10-06 14:11:53.475+02:00 Subscribing to pubsub topic                topics="waku relay" tid=17256911 pubsubTopic=/waku/2/rs/3/3
[2026-10-06 14:11:53.475] [out] [delivery_module] DBG 2026-10-06 14:11:53.475+02:00 peer filtering updated                     topics="waku discv5" tid=17256911
[2026-10-06 14:11:53.475] [out] [delivery_module] DBG 2026-10-06 14:11:53.475+02:00 ENR shards updated                         topics="waku discv5" tid=17256911 enrUri=enr:-K24QFJoizfGtRdsqNByqKlwF-mlTrkgTVUdZKydy7OgBci5YP46lEKn4Dl-eU31NdeqHWb1-fX-hbBrWJgcYUws-3YKgmlkgnY0im11bHRpYWRkcnOAgnJzkwADCAAAAAEAAgADAAQABQAGAAeJc2VjcDI1NmsxoQPGtr5VpIJcspMaxR3UGMX6SgetvB-G6W0-Vuds4E1IjIN0Y3CC3NqDdWRwgs9khXdha3UyLQ add=true
[2026-10-06 14:11:53.475] [out] [delivery_module] DBG 2026-10-06 14:11:53.475+02:00 Subscribing to pubsub topic                topics="waku relay" tid=17256911 pubsubTopic=/waku/2/rs/3/4
[2026-10-06 14:11:53.476] [out] [delivery_module] DBG 2026-10-06 14:11:53.476+02:00 peer filtering updated                     topics="waku discv5" tid=17256911
[2026-10-06 14:11:53.476] [out] [delivery_module] DBG 2026-10-06 14:11:53.476+02:00 ENR shards updated                         topics="waku discv5" tid=17256911 enrUri=enr:-K24QIjEbM9BMZOAJbRNs_P43abw9MDVVyriBJy5bJ-olofuHQxbVXcIviAD0Ni_RrL2i4AFK8DOxR59SWYjO_hCPeULgmlkgnY0im11bHRpYWRkcnOAgnJzkwADCAAAAAEAAgADAAQABQAGAAeJc2VjcDI1NmsxoQPGtr5VpIJcspMaxR3UGMX6SgetvB-G6W0-Vuds4E1IjIN0Y3CC3NqDdWRwgs9khXdha3UyLQ add=true
[2026-10-06 14:11:53.476] [out] [delivery_module] DBG 2026-10-06 14:11:53.476+02:00 Subscribing to pubsub topic                topics="waku relay" tid=17256911 pubsubTopic=/waku/2/rs/3/5
[2026-10-06 14:11:53.476] [out] [delivery_module] DBG 2026-10-06 14:11:53.476+02:00 peer filtering updated                     topics="waku discv5" tid=17256911
[2026-10-06 14:11:53.476] [out] [delivery_module] DBG 2026-10-06 14:11:53.476+02:00 ENR shards updated                         topics="waku discv5" tid=17256911 enrUri=enr:-K24QFA5jRJpRTBQq4ZuWTy2DNQP9Uu8w44VkaBjOUR8GPkQKcpSsBxk3wEkQ36IBuKfFL8zdlsPhpQDiCZ8toQG4HEMgmlkgnY0im11bHRpYWRkcnOAgnJzkwADCAAAAAEAAgADAAQABQAGAAeJc2VjcDI1NmsxoQPGtr5VpIJcspMaxR3UGMX6SgetvB-G6W0-Vuds4E1IjIN0Y3CC3NqDdWRwgs9khXdha3UyLQ add=true
[2026-10-06 14:11:53.476] [out] [delivery_module] DBG 2026-10-06 14:11:53.476+02:00 Subscribing to pubsub topic                topics="waku relay" tid=17256911 pubsubTopic=/waku/2/rs/3/6
[2026-10-06 14:11:53.477] [out] [delivery_module] DBG 2026-10-06 14:11:53.477+02:00 peer filtering updated                     topics="waku discv5" tid=17256911
[2026-10-06 14:11:53.477] [out] [delivery_module] DBG 2026-10-06 14:11:53.477+02:00 ENR shards updated                         topics="waku discv5" tid=17256911 enrUri=enr:-K24QGwHO3s-HCEU2-7TeILR0LK-Q5-0FqDOsMClqx2BuqL2THJAWVCiIhbNpdDZZiI39KYeN-cXpVqvtHWxiMKbvagNgmlkgnY0im11bHRpYWRkcnOAgnJzkwADCAAAAAEAAgADAAQABQAGAAeJc2VjcDI1NmsxoQPGtr5VpIJcspMaxR3UGMX6SgetvB-G6W0-Vuds4E1IjIN0Y3CC3NqDdWRwgs9khXdha3UyLQ add=true
[2026-10-06 14:11:53.477] [out] [delivery_module] NTC 2026-10-06 14:11:53.477+02:00 ENR carries no reachable host, so peers cannot dial this node. Set --nat, --ext-ip, --dns4-domain-name or --ext-multiaddr to advertise one topics="wakunode waku" tid=17256911
[2026-10-06 14:11:53.477] [out] [delivery_module] DBG 2026-10-06 14:11:53.477+02:00 register interest                          topics="service-disco discoverer" tid=17256911 service=/logos/delivery serviceId=key:E6738033B5D413D13CF58622CEB4EF8F392E8D4EB073B56A5486CB0431B2F5D8
[2026-10-06 14:11:53.477] [out] [delivery_module] DBG 2026-10-06 14:11:53.477+02:00 Lookup query                               topics="kad-dht find" tid=17256911 peer=16U*P1S397
[2026-10-06 14:11:53.477] [out] [delivery_module] DBG 2026-10-06 14:11:53.477+02:00 Lookup query                               topics="kad-dht find" tid=17256911 peer=16U*T3UNSE
[2026-10-06 14:11:53.477] [out] [delivery_module] DBG 2026-10-06 14:11:53.477+02:00 Lookup query                               topics="kad-dht find" tid=17256911 peer=16U*VpJprH
[2026-10-06 14:11:53.477] [out] [delivery_module] DBG 2026-10-06 14:11:53.477+02:00 Lookup query                               topics="kad-dht find" tid=17256911 peer=16U*kGyuEP
[2026-10-06 14:11:53.477] [out] [delivery_module] DBG 2026-10-06 14:11:53.477+02:00 Lookup query                               topics="kad-dht find" tid=17256911 peer=16U*NSkuby
[2026-10-06 14:11:53.477] [out] [delivery_module] DBG 2026-10-06 14:11:53.477+02:00 Lookup query                               topics="kad-dht find" tid=17256911 peer=16U*TwqBiH
[2026-10-06 14:11:53.477] [out] [delivery_module] DBG 2026-10-06 14:11:53.477+02:00 Added service to discover                  topics="waku service discovery" tid=17256911 service=/logos/delivery
[2026-10-06 14:11:53.478] [out] [delivery_module] DBG 2026-10-06 14:11:53.478+02:00 Added provided service                     topics="service-disco advertiser" tid=17256911 service=/logos/delivery serviceId=key:E6738033B5D413D13CF58622CEB4EF8F392E8D4EB073B56A5486CB0431B2F5D8
[2026-10-06 14:11:53.479] [out] [delivery_module] DBG 2026-10-06 14:11:53.479+02:00 Cannot insert self in routing table        topics="kad-dht rtable" tid=17256911 nodeId=key:00250802122103C6B6BE55A4825CB2931AC51DD418C5FA4A07ADBC1F86E96D3E56E76CE04D488C
[2026-10-06 14:11:53.479] [out] [delivery_module] DBG 2026-10-06 14:11:53.479+02:00 Cannot insert self in routing table        topics="kad-dht rtable" tid=17256911 nodeId=key:00250802122103C6B6BE55A4825CB2931AC51DD418C5FA4A07ADBC1F86E96D3E56E76CE04D488C
[2026-10-06 14:11:53.480] [out] [delivery_module] DBG 2026-10-06 14:11:53.480+02:00 Added service to advertise                 topics="waku service discovery" tid=17256911 service=/logos/delivery
[2026-10-06 14:11:53.480] [out] [delivery_module] INF 2026-10-06 14:11:53.480+02:00 advertising this node on the delivery network topics="waku discovery advertise" tid=17256911 backend=service protocols="[/vac/waku/relay/2.0.0, /vac/waku/filter-subscribe/2.0.0-beta1, /vac/waku/lightpush/3.0.0, /mix/1.0.0]"
[2026-10-06 14:11:53.480] [out] [delivery_module] DBG 2026-10-06 14:11:53.480+02:00 register interest                          topics="service-disco discoverer" tid=17256911 service=/mix/1.0.0 serviceId=key:913B5C5DBE691438693215140388EC0C7DE80DE328BDE5BD7FC06F90568CEA40
[2026-10-06 14:11:53.480] [out] [delivery_module] DBG 2026-10-06 14:11:53.480+02:00 Lookup query                               topics="kad-dht find" tid=17256911 peer=16U*kGyuEP
[2026-10-06 14:11:53.480] [out] [delivery_module] DBG 2026-10-06 14:11:53.480+02:00 Lookup query                               topics="kad-dht find" tid=17256911 peer=16U*T3UNSE
[2026-10-06 14:11:53.480] [out] [delivery_module] DBG 2026-10-06 14:11:53.480+02:00 Lookup query                               topics="kad-dht find" tid=17256911 peer=16U*P1S397
[2026-10-06 14:11:53.480] [out] [delivery_module] DBG 2026-10-06 14:11:53.480+02:00 Lookup query                               topics="kad-dht find" tid=17256911 peer=16U*VpJprH
[2026-10-06 14:11:53.480] [out] [delivery_module] DBG 2026-10-06 14:11:53.480+02:00 Lookup query                               topics="kad-dht find" tid=17256911 peer=16U*TwqBiH
[2026-10-06 14:11:53.480] [out] [delivery_module] DBG 2026-10-06 14:11:53.480+02:00 Lookup query                               topics="kad-dht find" tid=17256911 peer=16U*NSkuby
[2026-10-06 14:11:53.481] [out] [delivery_module] DBG 2026-10-06 14:11:53.481+02:00 Added service to discover                  topics="waku service discovery" tid=17256911 service=/mix/1.0.0
[2026-10-06 14:11:53.481] [out] [delivery_module] DBG 2026-10-06 14:11:53.481+02:00 Added provided service                     topics="service-disco advertiser" tid=17256911 service=/mix/1.0.0 serviceId=key:913B5C5DBE691438693215140388EC0C7DE80DE328BDE5BD7FC06F90568CEA40
[2026-10-06 14:11:53.482] [out] [delivery_module] DBG 2026-10-06 14:11:53.482+02:00 Added service to advertise                 topics="waku service discovery" tid=17256911 service=/mix/1.0.0
[2026-10-06 14:11:53.482] [out] [delivery_module] INF 2026-10-06 14:11:53.482+02:00 advertising this node as a mix node        topics="waku discovery advertise" tid=17256911 backend=service
[2026-10-06 14:11:53.482] [out] [delivery_module] INF 2026-10-06 14:11:53.482+02:00 Node is online                             topics="waku online monitor" tid=17256911
[2026-10-06 14:11:53.482] [out] [delivery_module] INF 2026-10-06 14:11:53.482+02:00 Health monitor loop start                  tid=17256911
[2026-10-06 14:11:53.483] [out] [delivery_module] DBG 2026-10-06 14:11:53.483+02:00 calculateConnectionState                   tid=17256911 relayCount=6 storeClientCount=6 lightpushCount=6 filterCount=6
[2026-10-06 14:11:53.483] [out] [delivery_module] DBG 2026-10-06 14:11:53.483+02:00 connectionStatus change                    tid=17256911 oldstatus=Disconnected newstatus=Connected
[2026-10-06 14:11:53.483] [out] [delivery_module] INF 2026-10-06 14:11:53.483+02:00 starting keepalive                         tid=17256911 randomPeersKeepalive=10s allPeersKeepalive=2m
[2026-10-06 14:11:53.484] [out] [delivery_module] DBG 2026-10-06 14:11:53.484+02:00 no listener registered                     tid=17256912 event=onTopicHealthChange
[2026-10-06 14:11:53.484] [out] [delivery_module] DBG 2026-10-06 14:11:53.484+02:00 no listener registered                     tid=17256912 event=onTopicHealthChange
[2026-10-06 14:11:53.484] [out] [delivery_module] DBG 2026-10-06 14:11:53.484+02:00 no listener registered                     tid=17256912 event=onTopicHealthChange
[2026-10-06 14:11:53.484] [out] [delivery_module] DBG 2026-10-06 14:11:53.484+02:00 no listener registered                     tid=17256912 event=onTopicHealthChange
[2026-10-06 14:11:53.484] [out] [delivery_module] DBG 2026-10-06 14:11:53.484+02:00 no listener registered                     tid=17256912 event=onTopicHealthChange
[2026-10-06 14:11:53.484] [out] [delivery_module] DBG 2026-10-06 14:11:53.484+02:00 no listener registered                     tid=17256912 event=onTopicHealthChange
[2026-10-06 14:11:53.484] [out] [delivery_module] DBG 2026-10-06 14:11:53.484+02:00 no listener registered                     tid=17256912 event=onTopicHealthChange
[2026-10-06 14:11:53.586] [out] [delivery_module] DBG 2026-10-06 14:11:53.586+02:00 calculateConnectionState                   tid=17256911 relayCount=6 storeClientCount=6 lightpushCount=6 filterCount=6
[2026-10-06 14:11:53.616] [out] [delivery_module] DBG 2026-10-06 14:11:53.616+02:00 Lookup query                               topics="kad-dht find" tid=17256911 peer=16U*B3TT6o
[2026-10-06 14:11:53.616] [out] [delivery_module] DBG 2026-10-06 14:11:53.616+02:00 Lookup query                               topics="kad-dht find" tid=17256911 peer=16U*7ZEp3L
[2026-10-06 14:11:53.710] [out] [delivery_module] DBG 2026-10-06 14:11:53.710+02:00 Lookup query                               topics="kad-dht find" tid=17256911 peer=16U*kGyuEP
[2026-10-06 14:11:53.710] [out] [delivery_module] DBG 2026-10-06 14:11:53.710+02:00 Lookup query                               topics="kad-dht find" tid=17256911 peer=16U*T3UNSE
[2026-10-06 14:11:53.710] [out] [delivery_module] DBG 2026-10-06 14:11:53.710+02:00 Kad lookup: RPC error                      topics="kad-dht find" tid=17256911 peer=16U*T3UNSE msg="dialStage: timed out dialing the peer"
[2026-10-06 14:11:53.711] [out] [delivery_module] DBG 2026-10-06 14:11:53.711+02:00 Kad lookup: RPC error                      topics="kad-dht find" tid=17256911 peer=16U*kGyuEP msg="readStage: timed out waiting for reply"
[2026-10-06 14:11:53.716] [out] [delivery_module] DBG 2026-10-06 14:11:53.716+02:00 Lookup query                               topics="kad-dht find" tid=17256911 peer=16U*7ZEp3L
[2026-10-06 14:11:53.716] [out] [delivery_module] DBG 2026-10-06 14:11:53.716+02:00 Lookup query                               topics="kad-dht find" tid=17256911 peer=16U*B3TT6o
[2026-10-06 14:11:54.700] [out] [delivery_module] DBG 2026-10-06 14:11:54.700+02:00 Lookup query                               topics="kad-dht find" tid=17256911 peer=16U*kGyuEP
[2026-10-06 14:11:54.700] [out] [delivery_module] DBG 2026-10-06 14:11:54.700+02:00 Lookup query                               topics="kad-dht find" tid=17256911 peer=16U*T3UNSE
[2026-10-06 14:11:54.701] [out] [delivery_module] DBG 2026-10-06 14:11:54.701+02:00 Kad lookup: RPC error                      topics="kad-dht find" tid=17256911 peer=16U*kGyuEP msg="readStage: timed out waiting for reply"
[2026-10-06 14:11:54.701] [out] [delivery_module] DBG 2026-10-06 14:11:54.701+02:00 Kad lookup: RPC error                      topics="kad-dht find" tid=17256911 peer=16U*T3UNSE msg="readStage: timed out waiting for reply"
[2026-10-06 14:11:54.710] [out] [delivery_module] DBG 2026-10-06 14:11:54.710+02:00 getting adverts                            topics="service-disco discoverer" tid=17256911 serviceId=key:913B5C5DBE691438693215140388EC0C7DE80DE328BDE5BD7FC06F90568CEA40 registrar=16U*NSkuby
[2026-10-06 14:11:54.710] [out] [delivery_module] DBG 2026-10-06 14:11:54.710+02:00 getting adverts                            topics="service-disco discoverer" tid=17256911 serviceId=key:913B5C5DBE691438693215140388EC0C7DE80DE328BDE5BD7FC06F90568CEA40 registrar=16U*TwqBiH
[2026-10-06 14:11:54.710] [out] [delivery_module] DBG 2026-10-06 14:11:54.710+02:00 getting adverts                            topics="service-disco discoverer" tid=17256911 serviceId=key:913B5C5DBE691438693215140388EC0C7DE80DE328BDE5BD7FC06F90568CEA40 registrar=16U*EbzYfm
[2026-10-06 14:11:54.710] [out] [delivery_module] DBG 2026-10-06 14:11:54.710+02:00 Cannot insert self in routing table        topics="kad-dht rtable" tid=17256911 nodeId=key:00250802122103C6B6BE55A4825CB2931AC51DD418C5FA4A07ADBC1F86E96D3E56E76CE04D488C
[2026-10-06 14:11:54.711] [out] [delivery_module] DBG 2026-10-06 14:11:54.711+02:00 adverts found                              topics="service-disco discoverer" tid=17256911 serviceId=key:913B5C5DBE691438693215140388EC0C7DE80DE328BDE5BD7FC06F90568CEA40 remote=16U*EbzYfm count=0
[2026-10-06 14:11:54.712] [out] [delivery_module] DBG 2026-10-06 14:11:54.712+02:00 getting adverts                            topics="service-disco discoverer" tid=17256911 serviceId=key:E6738033B5D413D13CF58622CEB4EF8F392E8D4EB073B56A5486CB0431B2F5D8 registrar=16U*TwqBiH
[2026-10-06 14:11:54.712] [out] [delivery_module] DBG 2026-10-06 14:11:54.712+02:00 getting adverts                            topics="service-disco discoverer" tid=17256911 serviceId=key:E6738033B5D413D13CF58622CEB4EF8F392E8D4EB073B56A5486CB0431B2F5D8 registrar=16U*NSkuby
[2026-10-06 14:11:54.712] [out] [delivery_module] DBG 2026-10-06 14:11:54.712+02:00 getting adverts                            topics="service-disco discoverer" tid=17256911 serviceId=key:E6738033B5D413D13CF58622CEB4EF8F392E8D4EB073B56A5486CB0431B2F5D8 registrar=16U*EbzYfm
[2026-10-06 14:11:54.712] [out] [delivery_module] DBG 2026-10-06 14:11:54.712+02:00 Cannot insert self in routing table        topics="kad-dht rtable" tid=17256911 nodeId=key:00250802122103C6B6BE55A4825CB2931AC51DD418C5FA4A07ADBC1F86E96D3E56E76CE04D488C
[2026-10-06 14:11:54.712] [out] [delivery_module] DBG 2026-10-06 14:11:54.712+02:00 adverts found                              topics="service-disco discoverer" tid=17256911 serviceId=key:E6738033B5D413D13CF58622CEB4EF8F392E8D4EB073B56A5486CB0431B2F5D8 remote=16U*EbzYfm count=1
[2026-10-06 14:11:56.178] [out] [delivery_module] DBG 2026-10-06 14:11:56.178+02:00 adverts found                              topics="service-disco discoverer" tid=17256911 serviceId=key:913B5C5DBE691438693215140388EC0C7DE80DE328BDE5BD7FC06F90568CEA40 remote=16U*NSkuby count=3
[2026-10-06 14:11:56.179] [out] [delivery_module] DBG 2026-10-06 14:11:56.179+02:00 adverts found                              topics="service-disco discoverer" tid=17256911 serviceId=key:E6738033B5D413D13CF58622CEB4EF8F392E8D4EB073B56A5486CB0431B2F5D8 remote=16U*NSkuby count=3
[2026-10-06 14:11:56.308] [out] [delivery_module] DBG 2026-10-06 14:11:56.308+02:00 Dialing failed                             topics="libp2p dialer" tid=17256911 description="quic dial timed out after 3s" peerId=16U*7ZEp3L address=/ip4/192.168.1.3/udp/56395/quic-v1 hostname=192.168.1.3
[2026-10-06 14:11:56.308] [out] [delivery_module] DBG 2026-10-06 14:11:56.308+02:00 Dialing failed                             topics="libp2p dialer" tid=17256911 description="quic dial timed out after 3s" peerId=16U*B3TT6o address=/ip4/172.20.10.14/udp/53555/quic-v1 hostname=172.20.10.14
[2026-10-06 14:11:56.308] [out] [delivery_module] DBG 2026-10-06 14:11:56.308+02:00 Expanded address and hostname              topics="libp2p dialer" tid=17256911 expandedAddress=/ip4/192.168.1.3/tcp/49737 hostname=192.168.1.3 resolvedAddresses="[/ip4/192.168.1.3/tcp/49737]"
[2026-10-06 14:11:56.308] [out] [delivery_module] DBG 2026-10-06 14:11:56.308+02:00 Expanded address and hostname              topics="libp2p dialer" tid=17256911 expandedAddress=/ip4/172.20.10.14/tcp/56336 hostname=172.20.10.14 resolvedAddresses="[/ip4/172.20.10.14/tcp/56336]"
[2026-10-06 14:11:56.309] [out] [delivery_module] DBG 2026-10-06 14:11:56.309+02:00 Dialing failed                             topics="libp2p dialer" tid=17256911 description="TcpTransport dial error: (61) Connection refused" peerId=16U*B3TT6o address=/ip4/172.20.10.14/tcp/56336 hostname=172.20.10.14
[2026-10-06 14:11:56.309] [out] [delivery_module] DBG 2026-10-06 14:11:56.309+02:00 Error dialing                              topics="libp2p dialer" tid=17256911 conn=nil peerId=16U*B3TT6o protos="[/logos/service-discovery/1.0.0]" addrs="[/ip4/172.20.10.14/udp/53555/quic-v1, /ip4/172.20.10.14/tcp/56336]" description="Unable to establish outgoing link in establishConnection: peer_id=16U*B3TT6o addrs=@[/ip4/172.20.10.14/udp/53555/quic-v1, /ip4/172.20.10.14/tcp/56336]"
[2026-10-06 14:11:56.309] [out] [delivery_module] DBG 2026-10-06 14:11:56.309+02:00 Dialing peer                               topics="libp2p dialer" tid=17256911 peerId=16U*B3TT6o addrs="[/ip4/172.20.10.14/udp/53555/quic-v1, /ip4/172.20.10.14/tcp/56336]"
[2026-10-06 14:11:56.309] [out] [delivery_module] DBG 2026-10-06 14:11:56.309+02:00 Expanded address and hostname              topics="libp2p dialer" tid=17256911 expandedAddress=/ip4/172.20.10.14/udp/53555/quic-v1 hostname=172.20.10.14 resolvedAddresses="[/ip4/172.20.10.14/udp/53555/quic-v1]"
[2026-10-06 14:11:56.309] [out] [delivery_module] DBG 2026-10-06 14:11:56.309+02:00 New connection established: client         tid=17256911
[2026-10-06 14:11:56.327] [out] [delivery_module] DBG 2026-10-06 14:11:56.327+02:00 adverts found                              topics="service-disco discoverer" tid=17256911 serviceId=key:913B5C5DBE691438693215140388EC0C7DE80DE328BDE5BD7FC06F90568CEA40 remote=16U*TwqBiH count=1
[2026-10-06 14:11:56.327] [out] [delivery_module] DBG 2026-10-06 14:11:56.327+02:00 adverts found                              topics="service-disco discoverer" tid=17256911 serviceId=key:E6738033B5D413D13CF58622CEB4EF8F392E8D4EB073B56A5486CB0431B2F5D8 remote=16U*TwqBiH count=4
[2026-10-06 14:11:56.330] [out] [delivery_module] DBG 2026-10-06 14:11:56.330+02:00 calculateConnectionState                   tid=17256911 relayCount=6 storeClientCount=6 lightpushCount=6 filterCount=6
[2026-10-06 14:11:56.332] [out] [delivery_module] DBG 2026-10-06 14:11:56.332+02:00 getting adverts                            topics="service-disco discoverer" tid=17256911 serviceId=key:913B5C5DBE691438693215140388EC0C7DE80DE328BDE5BD7FC06F90568CEA40 registrar=16U*T3UNSE
[2026-10-06 14:11:56.332] [out] [delivery_module] DBG 2026-10-06 14:11:56.332+02:00 getting adverts                            topics="service-disco discoverer" tid=17256911 serviceId=key:913B5C5DBE691438693215140388EC0C7DE80DE328BDE5BD7FC06F90568CEA40 registrar=16U*P1S397
[2026-10-06 14:11:56.333] [out] [delivery_module] DBG 2026-10-06 14:11:56.333+02:00 getting adverts                            topics="service-disco discoverer" tid=17256911 serviceId=key:913B5C5DBE691438693215140388EC0C7DE80DE328BDE5BD7FC06F90568CEA40 registrar=16U*VpJprH
[2026-10-06 14:11:56.333] [out] [delivery_module] DBG 2026-10-06 14:11:56.333+02:00 getting adverts                            topics="service-disco discoverer" tid=17256911 serviceId=key:E6738033B5D413D13CF58622CEB4EF8F392E8D4EB073B56A5486CB0431B2F5D8 registrar=16U*kGyuEP
[2026-10-06 14:11:57.728] [out] [delivery_module] DBG 2026-10-06 14:11:57.728+02:00 adverts found                              topics="service-disco discoverer" tid=17256911 serviceId=key:913B5C5DBE691438693215140388EC0C7DE80DE328BDE5BD7FC06F90568CEA40 remote=16U*P1S397 count=2
[2026-10-06 14:11:57.729] [out] [delivery_module] DBG 2026-10-06 14:11:57.729+02:00 adverts found                              topics="service-disco discoverer" tid=17256911 serviceId=key:913B5C5DBE691438693215140388EC0C7DE80DE328BDE5BD7FC06F90568CEA40 remote=16U*VpJprH count=3
[2026-10-06 14:11:58.307] [out] [delivery_module] DBG 2026-10-06 14:11:58.307+02:00 Kad lookup: RPC error                      topics="kad-dht find" tid=17256911 peer=16U*7ZEp3L msg="waitStage: timed out waiting for the peer's stream"
[2026-10-06 14:11:58.307] [out] [delivery_module] DBG 2026-10-06 14:11:58.307+02:00 Kad lookup: RPC error                      topics="kad-dht find" tid=17256911 peer=16U*B3TT6o msg="dialStage: timed out dialing the peer"
[2026-10-06 14:11:58.472] [out] [delivery_module] DBG 2026-10-06 14:11:58.472+02:00 Kad lookup: RPC error                      topics="kad-dht find" tid=17256911 peer=16U*7ZEp3L msg="dialStage: timed out dialing the peer"
[2026-10-06 14:11:58.472] [out] [delivery_module] DBG 2026-10-06 14:11:58.472+02:00 Kad lookup: RPC error                      topics="kad-dht find" tid=17256911 peer=16U*B3TT6o msg="dialStage: timed out dialing the peer"
[2026-10-06 14:11:58.478] [out] [delivery_module] DBG 2026-10-06 14:11:58.478+02:00 ENR addresses updated                      topics="waku enr" tid=17256911 retained=0 total=0
[2026-10-06 14:11:58.478] [out] [delivery_module] INF 2026-10-06 14:11:58.478+02:00 ENR reconciled with the discv5 record      topics="wakunode waku" tid=17256911 enr=enr:-K24QDgkuJTTzb3-RsyMGzhepJXhpUioTGe8-ddfhNpNBAWPNfsNCGetiHvvmcliHbygFwDZlH9o5HXMCSieFyKKwHkOgmlkgnY0im11bHRpYWRkcnOAgnJzkwADCAAAAAEAAgADAAQABQAGAAeJc2VjcDI1NmsxoQPGtr5VpIJcspMaxR3UGMX6SgetvB-G6W0-Vuds4E1IjIN0Y3CC3NqDdWRwgs9khXdha3UyLQ
[2026-10-06 14:11:58.618] [out] [delivery_module] DBG 2026-10-06 14:11:58.618+02:00 Kad lookup: RPC error                      topics="kad-dht find" tid=17256911 peer=16U*7ZEp3L msg="waitStage: timed out waiting for the peer's stream"
[2026-10-06 14:11:58.619] [out] [delivery_module] DBG 2026-10-06 14:11:58.619+02:00 Lookup query                               topics="kad-dht find" tid=17256911 peer=16U*NSkuby
[2026-10-06 14:11:58.620] [out] [delivery_module] DBG 2026-10-06 14:11:58.620+02:00 Lookup query                               topics="kad-dht find" tid=17256911 peer=16U*TwqBiH
[2026-10-06 14:11:58.620] [out] [delivery_module] DBG 2026-10-06 14:11:58.620+02:00 Lookup query                               topics="kad-dht find" tid=17256911 peer=16U*T3UNSE
[2026-10-06 14:11:58.620] [out] [delivery_module] DBG 2026-10-06 14:11:58.620+02:00 Lookup query                               topics="kad-dht find" tid=17256911 peer=16U*P1S397
[2026-10-06 14:11:58.620] [out] [delivery_module] DBG 2026-10-06 14:11:58.620+02:00 Lookup query                               topics="kad-dht find" tid=17256911 peer=16U*VpJprH
[2026-10-06 14:11:58.620] [out] [delivery_module] DBG 2026-10-06 14:11:58.620+02:00 Lookup query                               topics="kad-dht find" tid=17256911 peer=16U*kGyuEP
[2026-10-06 14:11:58.620] [out] [delivery_module] DBG 2026-10-06 14:11:58.620+02:00 Lookup query                               topics="kad-dht find" tid=17256911 peer=16U*kGyuEP
[2026-10-06 14:11:58.620] [out] [delivery_module] DBG 2026-10-06 14:11:58.620+02:00 Lookup query                               topics="kad-dht find" tid=17256911 peer=16U*P1S397
[2026-10-06 14:11:58.620] [out] [delivery_module] DBG 2026-10-06 14:11:58.620+02:00 Lookup query                               topics="kad-dht find" tid=17256911 peer=16U*T3UNSE
[2026-10-06 14:11:58.620] [out] [delivery_module] DBG 2026-10-06 14:11:58.620+02:00 Lookup query                               topics="kad-dht find" tid=17256911 peer=16U*VpJprH
[2026-10-06 14:11:58.620] [out] [delivery_module] DBG 2026-10-06 14:11:58.620+02:00 Lookup query                               topics="kad-dht find" tid=17256911 peer=16U*TwqBiH
[2026-10-06 14:11:58.620] [out] [delivery_module] DBG 2026-10-06 14:11:58.620+02:00 Lookup query                               topics="kad-dht find" tid=17256911 peer=16U*NSkuby
[2026-10-06 14:11:58.621] [out] [delivery_module] DBG 2026-10-06 14:11:58.621+02:00 Lookup query                               topics="kad-dht find" tid=17256911 peer=16U*VpJprH
[2026-10-06 14:11:58.621] [out] [delivery_module] DBG 2026-10-06 14:11:58.621+02:00 Lookup query                               topics="kad-dht find" tid=17256911 peer=16U*T3UNSE
[2026-10-06 14:11:58.621] [out] [delivery_module] DBG 2026-10-06 14:11:58.621+02:00 Lookup query                               topics="kad-dht find" tid=17256911 peer=16U*P1S397
[2026-10-06 14:11:58.621] [out] [delivery_module] DBG 2026-10-06 14:11:58.621+02:00 Lookup query                               topics="kad-dht find" tid=17256911 peer=16U*kGyuEP
[2026-10-06 14:11:58.621] [out] [delivery_module] DBG 2026-10-06 14:11:58.621+02:00 Lookup query                               topics="kad-dht find" tid=17256911 peer=16U*NSkuby
[2026-10-06 14:11:58.621] [out] [delivery_module] DBG 2026-10-06 14:11:58.621+02:00 Lookup query                               topics="kad-dht find" tid=17256911 peer=16U*TwqBiH
[2026-10-06 14:11:58.621] [out] [delivery_module] DBG 2026-10-06 14:11:58.621+02:00 Lookup query                               topics="kad-dht find" tid=17256911 peer=16U*P1S397
[2026-10-06 14:11:58.621] [out] [delivery_module] DBG 2026-10-06 14:11:58.621+02:00 Lookup query                               topics="kad-dht find" tid=17256911 peer=16U*T3UNSE
[2026-10-06 14:11:58.621] [out] [delivery_module] DBG 2026-10-06 14:11:58.621+02:00 Lookup query                               topics="kad-dht find" tid=17256911 peer=16U*VpJprH
[2026-10-06 14:11:58.621] [out] [delivery_module] DBG 2026-10-06 14:11:58.621+02:00 Lookup query                               topics="kad-dht find" tid=17256911 peer=16U*kGyuEP
[2026-10-06 14:11:58.621] [out] [delivery_module] DBG 2026-10-06 14:11:58.621+02:00 Lookup query                               topics="kad-dht find" tid=17256911 peer=16U*NSkuby
[2026-10-06 14:11:58.622] [out] [delivery_module] DBG 2026-10-06 14:11:58.622+02:00 Lookup query                               topics="kad-dht find" tid=17256911 peer=16U*TwqBiH
[2026-10-06 14:11:58.711] [out] [delivery_module] DBG 2026-10-06 14:11:58.711+02:00 Lookup query                               topics="kad-dht find" tid=17256911 peer=16U*kGyuEP
[2026-10-06 14:11:58.711] [out] [delivery_module] DBG 2026-10-06 14:11:58.711+02:00 Lookup query                               topics="kad-dht find" tid=17256911 peer=16U*T3UNSE
[2026-10-06 14:11:58.713] [out] [delivery_module] DBG 2026-10-06 14:11:58.713+02:00 Kad lookup: RPC error                      topics="kad-dht find" tid=17256911 peer=16U*kGyuEP msg="readStage: timed out waiting for reply"
[2026-10-06 14:11:58.713] [out] [delivery_module] DBG 2026-10-06 14:11:58.713+02:00 Kad lookup: RPC error                      topics="kad-dht find" tid=17256911 peer=16U*T3UNSE msg="readStage: timed out waiting for reply"
[2026-10-06 14:11:58.717] [out] [delivery_module] DBG 2026-10-06 14:11:58.717+02:00 Kad lookup: RPC error                      topics="kad-dht find" tid=17256911 peer=16U*7ZEp3L msg="waitStage: timed out waiting for the peer's stream"
[2026-10-06 14:11:58.718] [out] [delivery_module] DBG 2026-10-06 14:11:58.718+02:00 Lookup query                               topics="kad-dht find" tid=17256911 peer=16U*TwqBiH
[2026-10-06 14:11:58.718] [out] [delivery_module] DBG 2026-10-06 14:11:58.718+02:00 Lookup query                               topics="kad-dht find" tid=17256911 peer=16U*NSkuby
[2026-10-06 14:11:58.718] [out] [delivery_module] DBG 2026-10-06 14:11:58.718+02:00 Lookup query                               topics="kad-dht find" tid=17256911 peer=16U*kGyuEP
[2026-10-06 14:11:58.718] [out] [delivery_module] DBG 2026-10-06 14:11:58.718+02:00 Lookup query                               topics="kad-dht find" tid=17256911 peer=16U*VpJprH
[2026-10-06 14:11:58.718] [out] [delivery_module] DBG 2026-10-06 14:11:58.718+02:00 Lookup query                               topics="kad-dht find" tid=17256911 peer=16U*T3UNSE
[2026-10-06 14:11:58.718] [out] [delivery_module] DBG 2026-10-06 14:11:58.718+02:00 Lookup query                               topics="kad-dht find" tid=17256911 peer=16U*P1S397
[2026-10-06 14:11:58.718] [out] [delivery_module] DBG 2026-10-06 14:11:58.718+02:00 Lookup query                               topics="kad-dht find" tid=17256911 peer=16U*VpJprH
[2026-10-06 14:11:58.718] [out] [delivery_module] DBG 2026-10-06 14:11:58.718+02:00 Lookup query                               topics="kad-dht find" tid=17256911 peer=16U*P1S397
[2026-10-06 14:11:58.718] [out] [delivery_module] DBG 2026-10-06 14:11:58.718+02:00 Lookup query                               topics="kad-dht find" tid=17256911 peer=16U*T3UNSE
[2026-10-06 14:11:58.718] [out] [delivery_module] DBG 2026-10-06 14:11:58.718+02:00 Lookup query                               topics="kad-dht find" tid=17256911 peer=16U*kGyuEP
[2026-10-06 14:11:58.718] [out] [delivery_module] DBG 2026-10-06 14:11:58.718+02:00 Lookup query                               topics="kad-dht find" tid=17256911 peer=16U*NSkuby
[2026-10-06 14:11:58.718] [out] [delivery_module] DBG 2026-10-06 14:11:58.718+02:00 Lookup query                               topics="kad-dht find" tid=17256911 peer=16U*TwqBiH
[2026-10-06 14:11:58.719] [out] [delivery_module] DBG 2026-10-06 14:11:58.718+02:00 Lookup query                               topics="kad-dht find" tid=17256911 peer=16U*kGyuEP
[2026-10-06 14:11:58.719] [out] [delivery_module] DBG 2026-10-06 14:11:58.719+02:00 Lookup query                               topics="kad-dht find" tid=17256911 peer=16U*T3UNSE
[2026-10-06 14:11:58.719] [out] [delivery_module] DBG 2026-10-06 14:11:58.719+02:00 Lookup query                               topics="kad-dht find" tid=17256911 peer=16U*P1S397
[2026-10-06 14:11:58.719] [out] [delivery_module] DBG 2026-10-06 14:11:58.719+02:00 Lookup query                               topics="kad-dht find" tid=17256911 peer=16U*VpJprH
[2026-10-06 14:11:58.719] [out] [delivery_module] DBG 2026-10-06 14:11:58.719+02:00 Lookup query                               topics="kad-dht find" tid=17256911 peer=16U*TwqBiH
[2026-10-06 14:11:58.719] [out] [delivery_module] DBG 2026-10-06 14:11:58.719+02:00 Lookup query                               topics="kad-dht find" tid=17256911 peer=16U*NSkuby
[2026-10-06 14:11:58.748] [out] [delivery_module] DBG 2026-10-06 14:11:58.748+02:00 adverts found                              topics="service-disco discoverer" tid=17256911 serviceId=key:E6738033B5D413D13CF58622CEB4EF8F392E8D4EB073B56A5486CB0431B2F5D8 remote=16U*kGyuEP count=1
[2026-10-06 14:11:58.750] [out] [delivery_module] DBG 2026-10-06 14:11:58.750+02:00 getting adverts                            topics="service-disco discoverer" tid=17256911 serviceId=key:E6738033B5D413D13CF58622CEB4EF8F392E8D4EB073B56A5486CB0431B2F5D8 registrar=16U*VpJprH
[2026-10-06 14:11:58.751] [out] [delivery_module] DBG 2026-10-06 14:11:58.751+02:00 adverts found                              topics="service-disco discoverer" tid=17256911 serviceId=key:913B5C5DBE691438693215140388EC0C7DE80DE328BDE5BD7FC06F90568CEA40 remote=16U*T3UNSE count=1
[2026-10-06 14:11:58.753] [out] [delivery_module] DBG 2026-10-06 14:11:58.752+02:00 getting adverts                            topics="service-disco discoverer" tid=17256911 serviceId=key:913B5C5DBE691438693215140388EC0C7DE80DE328BDE5BD7FC06F90568CEA40 registrar=16U*kGyuEP
[2026-10-06 14:11:59.261] [out] [delivery_module] DBG 2026-10-06 14:11:59.261+02:00 adverts found                              topics="service-disco discoverer" tid=17256911 serviceId=key:E6738033B5D413D13CF58622CEB4EF8F392E8D4EB073B56A5486CB0431B2F5D8 remote=16U*VpJprH count=4
[2026-10-06 14:11:59.262] [out] [delivery_module] DBG 2026-10-06 14:11:59.262+02:00 getting adverts                            topics="service-disco discoverer" tid=17256911 serviceId=key:E6738033B5D413D13CF58622CEB4EF8F392E8D4EB073B56A5486CB0431B2F5D8 registrar=16U*T3UNSE
[2026-10-06 14:11:59.262] [out] [delivery_module] DBG 2026-10-06 14:11:59.262+02:00 getting adverts                            topics="service-disco discoverer" tid=17256911 serviceId=key:E6738033B5D413D13CF58622CEB4EF8F392E8D4EB073B56A5486CB0431B2F5D8 registrar=16U*P1S397
[2026-10-06 14:11:59.311] [out] [delivery_module] DBG 2026-10-06 14:11:59.311+02:00 Dialing failed                             topics="libp2p dialer" tid=17256911 description="quic dial timed out after 3s" peerId=16U*B3TT6o address=/ip4/172.20.10.14/udp/53555/quic-v1 hostname=172.20.10.14
[2026-10-06 14:11:59.311] [out] [delivery_module] DBG 2026-10-06 14:11:59.311+02:00 Expanded address and hostname              topics="libp2p dialer" tid=17256911 expandedAddress=/ip4/172.20.10.14/tcp/56336 hostname=172.20.10.14 resolvedAddresses="[/ip4/172.20.10.14/tcp/56336]"
[2026-10-06 14:11:59.312] [out] [delivery_module] DBG 2026-10-06 14:11:59.312+02:00 Dialing failed                             topics="libp2p dialer" tid=17256911 description="TcpTransport dial error: (61) Connection refused" peerId=16U*B3TT6o address=/ip4/172.20.10.14/tcp/56336 hostname=172.20.10.14
[2026-10-06 14:11:59.312] [out] [delivery_module] DBG 2026-10-06 14:11:59.312+02:00 Dialing peer                               topics="libp2p dialer" tid=17256911 peerId=16U*B3TT6o addrs="[/ip4/172.20.10.14/udp/53555/quic-v1, /ip4/172.20.10.14/tcp/56336]"
[2026-10-06 14:11:59.312] [out] [delivery_module] DBG 2026-10-06 14:11:59.312+02:00 Expanded address and hostname              topics="libp2p dialer" tid=17256911 expandedAddress=/ip4/172.20.10.14/udp/53555/quic-v1 hostname=172.20.10.14 resolvedAddresses="[/ip4/172.20.10.14/udp/53555/quic-v1]"
[2026-10-06 14:11:59.312] [out] [delivery_module] DBG 2026-10-06 14:11:59.312+02:00 New connection established: client         tid=17256911
[2026-10-06 14:11:59.404] [out] [delivery_module] DBG 2026-10-06 14:11:59.404+02:00 Lookup query                               topics="kad-dht find" tid=17256911 peer=16U*TwqBiH
[2026-10-06 14:11:59.404] [out] [delivery_module] DBG 2026-10-06 14:11:59.404+02:00 Lookup query                               topics="kad-dht find" tid=17256911 peer=16U*NSkuby
[2026-10-06 14:11:59.404] [out] [delivery_module] DBG 2026-10-06 14:11:59.404+02:00 Lookup query                               topics="kad-dht find" tid=17256911 peer=16U*kGyuEP
[2026-10-06 14:11:59.404] [out] [delivery_module] DBG 2026-10-06 14:11:59.404+02:00 Lookup query                               topics="kad-dht find" tid=17256911 peer=16U*VpJprH
[2026-10-06 14:11:59.404] [out] [delivery_module] DBG 2026-10-06 14:11:59.404+02:00 Lookup query                               topics="kad-dht find" tid=17256911 peer=16U*P1S397
[2026-10-06 14:11:59.404] [out] [delivery_module] DBG 2026-10-06 14:11:59.404+02:00 Lookup query                               topics="kad-dht find" tid=17256911 peer=16U*T3UNSE
[2026-10-06 14:11:59.404] [out] [delivery_module] DBG 2026-10-06 14:11:59.404+02:00 Lookup query                               topics="kad-dht find" tid=17256911 peer=16U*VpJprH
[2026-10-06 14:11:59.404] [out] [delivery_module] DBG 2026-10-06 14:11:59.404+02:00 Lookup query                               topics="kad-dht find" tid=17256911 peer=16U*T3UNSE
[2026-10-06 14:11:59.404] [out] [delivery_module] DBG 2026-10-06 14:11:59.404+02:00 Lookup query                               topics="kad-dht find" tid=17256911 peer=16U*P1S397
[2026-10-06 14:11:59.404] [out] [delivery_module] DBG 2026-10-06 14:11:59.404+02:00 Lookup query                               topics="kad-dht find" tid=17256911 peer=16U*kGyuEP
[2026-10-06 14:11:59.404] [out] [delivery_module] DBG 2026-10-06 14:11:59.404+02:00 Lookup query                               topics="kad-dht find" tid=17256911 peer=16U*NSkuby
[2026-10-06 14:11:59.404] [out] [delivery_module] DBG 2026-10-06 14:11:59.404+02:00 Lookup query                               topics="kad-dht find" tid=17256911 peer=16U*TwqBiH
[2026-10-06 14:11:59.405] [out] [delivery_module] DBG 2026-10-06 14:11:59.405+02:00 Lookup query                               topics="kad-dht find" tid=17256911 peer=16U*kGyuEP
[2026-10-06 14:11:59.405] [out] [delivery_module] DBG 2026-10-06 14:11:59.405+02:00 Lookup query                               topics="kad-dht find" tid=17256911 peer=16U*P1S397
[2026-10-06 14:11:59.405] [out] [delivery_module] DBG 2026-10-06 14:11:59.405+02:00 Lookup query                               topics="kad-dht find" tid=17256911 peer=16U*T3UNSE
[2026-10-06 14:11:59.405] [out] [delivery_module] DBG 2026-10-06 14:11:59.405+02:00 Lookup query                               topics="kad-dht find" tid=17256911 peer=16U*VpJprH
[2026-10-06 14:11:59.405] [out] [delivery_module] DBG 2026-10-06 14:11:59.405+02:00 Lookup query                               topics="kad-dht find" tid=17256911 peer=16U*TwqBiH
[2026-10-06 14:11:59.405] [out] [delivery_module] DBG 2026-10-06 14:11:59.405+02:00 Lookup query                               topics="kad-dht find" tid=17256911 peer=16U*NSkuby
[2026-10-06 14:11:59.546] [out] [delivery_module] DBG 2026-10-06 14:11:59.546+02:00 adverts found                              topics="service-disco discoverer" tid=17256911 serviceId=key:913B5C5DBE691438693215140388EC0C7DE80DE328BDE5BD7FC06F90568CEA40 remote=16U*kGyuEP count=4
[2026-10-06 14:11:59.547] [out] [delivery_module] DBG 2026-10-06 14:11:59.547+02:00 Peer added via service discovery           topics="waku service discovery" tid=17256911 source="service lookup" peerId=16Uiu2HAm8YokiNun9BkeA1ZRmhLbtNUvcwRr64F69tYj9fkGyuEP addresses="[/ip4/47.242.130.189/tcp/30303, /ip4/47.242.130.189/udp/30303/quic-v1, /dns4/delivery-01.ac-cn-hongkong-c.logos.dev.status.im/tcp/30303]" protocols="[/mix/1.0.0]"
[2026-10-06 14:11:59.548] [out] [delivery_module] DBG 2026-10-06 14:11:59.548+02:00 Peer added via service discovery           topics="waku service discovery" tid=17256911 source="service lookup" peerId=16Uiu2HAm4S1JYkuzDKLKQvwgAhZKs9otxXqt8SCGtB4hoJP1S397 addresses="[/ip4/136.119.156.87/tcp/30303, /ip4/136.119.156.87/udp/30303/quic-v1, /dns4/delivery-01.gc-us-central1-a.logos.dev.status.im/tcp/30303]" protocols="[/mix/1.0.0]"
[2026-10-06 14:11:59.548] [out] [delivery_module] DBG 2026-10-06 14:11:59.548+02:00 Peer added via service discovery           topics="waku service discovery" tid=17256911 source="service lookup" peerId=16Uiu2HAm8Y9kgBNtjxvCnf1X6gnZJW5EGE4UwwCL3CCm55TwqBiH addresses="[/ip4/34.123.201.25/tcp/30303, /ip4/34.123.201.25/udp/30303/quic-v1, /dns4/delivery-02.gc-us-central1-a.logos.dev.status.im/tcp/30303]" protocols="[/mix/1.0.0]"
[2026-10-06 14:11:59.548] [out] [delivery_module] DBG 2026-10-06 14:11:59.548+02:00 Peer added via service discovery           topics="waku service discovery" tid=17256911 source="service lookup" peerId=16Uiu2HAmMK7PYygBtKUQ8EHp7EfaD3bCEsJrkFooK8RQ2PVpJprH addresses="[/ip4/174.138.106.244/tcp/30303, /ip4/174.138.106.244/udp/30303/quic-v1, /dns4/delivery-02.do-ams3.logos.dev.status.im/tcp/30303]" protocols="[/mix/1.0.0]"
[2026-10-06 14:11:59.548] [out] [delivery_module] DBG 2026-10-06 14:11:59.548+02:00 Peer added via service discovery           topics="waku service discovery" tid=17256911 source="service lookup" peerId=16Uiu2HAmTUbnxLGT9JvV6mu9oPyDjqHK4Phs1VDJNUgESgNSkuby addresses="[/ip4/138.68.122.137/tcp/30303, /ip4/138.68.122.137/udp/30303/quic-v1, /dns4/delivery-01.do-ams3.logos.dev.status.im/tcp/30303]" protocols="[/mix/1.0.0]"
[2026-10-06 14:11:59.548] [out] [delivery_module] DBG 2026-10-06 14:11:59.548+02:00 Peer added via service discovery           topics="waku service discovery" tid=17256911 source="service lookup" peerId=16Uiu2HAkvwhGHKNry6LACrB8TmEFoCJKEX29XR5dDUzk3UT3UNSE addresses="[/ip4/43.99.103.10/tcp/30303, /ip4/43.99.103.10/udp/30303/quic-v1, /dns4/delivery-02.ac-cn-hongkong-c.logos.dev.status.im/tcp/30303]" protocols="[/mix/1.0.0]"
[2026-10-06 14:11:59.548] [out] [delivery_module] DBG 2026-10-06 14:11:59.548+02:00 Service lookup complete                    topics="waku service discovery" tid=17256911 service=/mix/1.0.0 found=6
[2026-10-06 14:11:59.549] [out] [delivery_module] DBG 2026-10-06 14:11:59.549+02:00 calculateConnectionState                   tid=17256911 relayCount=6 storeClientCount=6 lightpushCount=6 filterCount=6
[2026-10-06 14:11:59.760] [out] [delivery_module] DBG 2026-10-06 14:11:59.760+02:00 adverts found                              topics="service-disco discoverer" tid=17256911 serviceId=key:E6738033B5D413D13CF58622CEB4EF8F392E8D4EB073B56A5486CB0431B2F5D8 remote=16U*P1S397 count=7
[2026-10-06 14:11:59.779] [out] [delivery_module] DBG 2026-10-06 14:11:59.779+02:00 adverts found                              topics="service-disco discoverer" tid=17256911 serviceId=key:E6738033B5D413D13CF58622CEB4EF8F392E8D4EB073B56A5486CB0431B2F5D8 remote=16U*T3UNSE count=4
[2026-10-06 14:11:59.780] [out] [delivery_module] DBG 2026-10-06 14:11:59.780+02:00 Peer added via service discovery           topics="waku service discovery" tid=17256911 source="service lookup" peerId=16Uiu2HAmTUbnxLGT9JvV6mu9oPyDjqHK4Phs1VDJNUgESgNSkuby addresses="[/ip4/138.68.122.137/tcp/30303, /ip4/138.68.122.137/udp/30303/quic-v1, /dns4/delivery-01.do-ams3.logos.dev.status.im/tcp/30303]" protocols="[/logos/delivery]"
[2026-10-06 14:11:59.780] [out] [delivery_module] DBG 2026-10-06 14:11:59.780+02:00 Peer added via service discovery           topics="waku service discovery" tid=17256911 source="service lookup" peerId=16Uiu2HAm8YokiNun9BkeA1ZRmhLbtNUvcwRr64F69tYj9fkGyuEP addresses="[/ip4/47.242.130.189/tcp/30303, /ip4/47.242.130.189/udp/30303/quic-v1, /dns4/delivery-01.ac-cn-hongkong-c.logos.dev.status.im/tcp/30303]" protocols="[/logos/delivery]"
[2026-10-06 14:11:59.780] [out] [delivery_module] DBG 2026-10-06 14:11:59.780+02:00 Peer added via service discovery           topics="waku service discovery" tid=17256911 source="service lookup" peerId=16Uiu2HAm4S1JYkuzDKLKQvwgAhZKs9otxXqt8SCGtB4hoJP1S397 addresses="[/ip4/136.119.156.87/tcp/30303, /ip4/136.119.156.87/udp/30303/quic-v1, /dns4/delivery-01.gc-us-central1-a.logos.dev.status.im/tcp/30303]" protocols="[/logos/delivery]"
[2026-10-06 14:11:59.781] [out] [delivery_module] DBG 2026-10-06 14:11:59.781+02:00 Peer added via service discovery           topics="waku service discovery" tid=17256911 source="service lookup" peerId=16Uiu2HAmMK7PYygBtKUQ8EHp7EfaD3bCEsJrkFooK8RQ2PVpJprH addresses="[/ip4/174.138.106.244/tcp/30303, /ip4/174.138.106.244/udp/30303/quic-v1, /dns4/delivery-02.do-ams3.logos.dev.status.im/tcp/30303]" protocols="[/logos/delivery]"
[2026-10-06 14:11:59.781] [out] [delivery_module] DBG 2026-10-06 14:11:59.781+02:00 Peer added via service discovery           topics="waku service discovery" tid=17256911 source="service lookup" peerId=16Uiu2HAmS2ghD4cPnqYLzMDfso5yM6nsTVyN5iH7YDz1ctEbzYfm addresses="[/ip4/172.20.10.14/tcp/56538, /ip4/172.20.10.14/udp/64579/quic-v1]" protocols="[/logos/delivery]"
[2026-10-06 14:11:59.781] [out] [delivery_module] DBG 2026-10-06 14:11:59.781+02:00 Peer added via service discovery           topics="waku service discovery" tid=17256911 source="service lookup" peerId=16Uiu2HAm8Y9kgBNtjxvCnf1X6gnZJW5EGE4UwwCL3CCm55TwqBiH addresses="[/ip4/34.123.201.25/tcp/30303, /ip4/34.123.201.25/udp/30303/quic-v1, /dns4/delivery-02.gc-us-central1-a.logos.dev.status.im/tcp/30303]" protocols="[/logos/delivery]"
[2026-10-06 14:11:59.781] [out] [delivery_module] DBG 2026-10-06 14:11:59.781+02:00 Peer added via service discovery           topics="waku service discovery" tid=17256911 source="service lookup" peerId=16Uiu2HAmAResE15q4BDR96fpXuErsrxP4kzNDeA9LpPsbh7ZEp3L addresses="[/ip4/192.168.1.3/tcp/49737, /ip4/192.168.1.3/udp/56395/quic-v1]" protocols="[/logos/delivery]"
[2026-10-06 14:11:59.781] [out] [delivery_module] DBG 2026-10-06 14:11:59.781+02:00 Peer added via service discovery           topics="waku service discovery" tid=17256911 source="service lookup" peerId=16Uiu2HAkvwhGHKNry6LACrB8TmEFoCJKEX29XR5dDUzk3UT3UNSE addresses="[/ip4/43.99.103.10/tcp/30303, /ip4/43.99.103.10/udp/30303/quic-v1, /dns4/delivery-02.ac-cn-hongkong-c.logos.dev.status.im/tcp/30303]" protocols="[/logos/delivery]"
[2026-10-06 14:11:59.781] [out] [delivery_module] DBG 2026-10-06 14:11:59.781+02:00 Service lookup complete                    topics="waku service discovery" tid=17256911 service=/logos/delivery found=8
[2026-10-06 14:11:59.782] [out] [delivery_module] DBG 2026-10-06 14:11:59.781+02:00 calculateConnectionState                   tid=17256911 relayCount=6 storeClientCount=6 lightpushCount=6 filterCount=6
[2026-10-06 14:12:00.777] [out] [delivery_module] DBG 2026-10-06 14:12:00.776+02:00 Service table bootstrap complete           topics="service-discovery" tid=17256911 serviceId=key:E6738033B5D413D13CF58622CEB4EF8F392E8D4EB073B56A5486CB0431B2F5D8
[2026-10-06 14:12:01.442] [out] [delivery_module] DBG 2026-10-06 14:12:01.442+02:00 Local table insertion                      tid=17256911 key=key:00250802122103C6B6BE55A4825CB2931AC51DD418C5FA4A07ADBC1F86E96D3E56E76CE04D488C value=key:0A250802122103C6B6BE55A4825CB2931AC51DD418C5FA4A07ADBC1F86E96D3E56E76CE04D488C120203011A480A2700250802122103C6B6BE55A4825CB2931AC51DD418C5FA4A07ADBC1F86E96D3E56E76CE04D488C10C1C5111A0A0A0804AC140A0E06DCDA1A0D0A0B04AC140A0E9102FC43CD032A473045022100DBCF0DE103AEAC8B63AB3E25920F647620FA5278CE4FB24B0DAF2A8D6251A42002204E4A1F163058C0D59FB742135AC8FCA2E9CA824FFB02746D3095FCDC2F793F59
[2026-10-06 14:12:01.973] [out] [delivery_module] DBG 2026-10-06 14:12:01.973+02:00 Got PutValue reply                         topics="kad-dht put" tid=17256911 msg="(msgType: ok(putValue), key: ok(@[0, 37, 8, 2, 18, 33, 3, 198, 182, 190, 85, 164, 130, 92, 178, 147, 26, 197, 29, 212, 24, 197, 250, 74, 7, 173, 188, 31, 134, 233, 109, 62, 86, 231, 108, 224, 77, 72, 140]), record: ok((key: ok(@[0, 37, 8, 2, 18, 33, 3, 198, 182, 190, 85, 164, 130, 92, 178, 147, 26, 197, 29, 212, 24, 197, 250, 74, 7, 173, 188, 31, 134, 233, 109, 62, 86, 231, 108, 224, 77, 72, 140]), value: ok(@[10, 37, 8, 2, 18, 33, 3, 198, 182, 190, 85, 164, 130, 92, 178, 147, 26, 197, 29, 212, 24, 197, 250, 74, 7, 173, 188, 31, 134, 233, 109, 62, 86, 231, 108, 224, 77, 72, 140, 18, 2, 3, 1, 26, 72, 10, 39, 0, 37, 8, 2, 18, 33, 3, 198, 182, 190, 85, 164, 130, 92, 178, 147, 26, 197, 29, 212, 24, 197, 250, 74, 7, 173, 188, 31, 134, 233, 109, 62, 86, 231, 108, 224, 77, 72, 140, 16, 193, 197, 17, 26, 10, 10, 8, 4, 172, 20, 10, 14, 6, 220, 218, 26, 13, 10, 11, 4, 172, 20, 10, 14, 145, 2, 252, 67, 205, 3, 42, 71, 48, 69, 2, 33, 0, 219, 207, 13, 225, 3, 174, 172, 139, 99, 171, 62, 37, 146, 15, 100, 118, 32, 250, 82, 120, 206, 79, 178, 75, 13, 175, 42, 141, 98, 81, 164, 32, 2, 32, 78, 74, 31, 22, 48, 88, 192, 213, 159, 183, 66, 19, 90, 200, 252, 162, 233, 202, 130, 79, 251, 2, 116, 109, 48, 149, 252, 220, 47, 121, 63, 89]), timeReceived: none())), closerPeers: [], providerPeers: [], providerStatus: none(), register: none(), getAds: none())" reply="(msgType: ok(putValue), key: ok(@[0, 37, 8, 2, 18, 33, 3, 198, 182, 190, 85, 164, 130, 92, 178, 147, 26, 197, 29, 212, 24, 197, 250, 74, 7, 173, 188, 31, 134, 233, 109, 62, 86, 231, 108, 224, 77, 72, 140]), record: ok((key: ok(@[0, 37, 8, 2, 18, 33, 3, 198, 182, 190, 85, 164, 130, 92, 178, 147, 26, 197, 29, 212, 24, 197, 250, 74, 7, 173, 188, 31, 134, 233, 109, 62, 86, 231, 108, 224, 77, 72, 140]), value: ok(@[10, 37, 8, 2, 18, 33, 3, 198, 182, 190, 85, 164, 130, 92, 178, 147, 26, 197, 29, 212, 24, 197, 250, 74, 7, 173, 188, 31, 134, 233, 109, 62, 86, 231, 108, 224, 77, 72, 140, 18, 2, 3, 1, 26, 72, 10, 39, 0, 37, 8, 2, 18, 33, 3, 198, 182, 190, 85, 164, 130, 92, 178, 147, 26, 197, 29, 212, 24, 197, 250, 74, 7, 173, 188, 31, 134, 233, 109, 62, 86, 231, 108, 224, 77, 72, 140, 16, 193, 197, 17, 26, 10, 10, 8, 4, 172, 20, 10, 14, 6, 220, 218, 26, 13, 10, 11, 4, 172, 20, 10, 14, 145, 2, 252, 67, 205, 3, 42, 71, 48, 69, 2, 33, 0, 219, 207, 13, 225, 3, 174, 172, 139, 99, 171, 62, 37, 146, 15, 100, 118, 32, 250, 82, 120, 206, 79, 178, 75, 13, 175, 42, 141, 98, 81, 164, 32, 2, 32, 78, 74, 31, 22, 48, 88, 192, 213, 159, 183, 66, 19, 90, 200, 252, 162, 233, 202, 130, 79, 251, 2, 116, 109, 48, 149, 252, 220, 47, 121, 63, 89]), timeReceived: none())), closerPeers: [], providerPeers: [], providerStatus: none(), register: none(), getAds: none())" peer=16U*NSkuby
[2026-10-06 14:12:02.000] [out] [delivery_module] DBG 2026-10-06 14:12:02.000+02:00 Got PutValue reply                         topics="kad-dht put" tid=17256911 msg="(msgType: ok(putValue), key: ok(@[0, 37, 8, 2, 18, 33, 3, 198, 182, 190, 85, 164, 130, 92, 178, 147, 26, 197, 29, 212, 24, 197, 250, 74, 7, 173, 188, 31, 134, 233, 109, 62, 86, 231, 108, 224, 77, 72, 140]), record: ok((key: ok(@[0, 37, 8, 2, 18, 33, 3, 198, 182, 190, 85, 164, 130, 92, 178, 147, 26, 197, 29, 212, 24, 197, 250, 74, 7, 173, 188, 31, 134, 233, 109, 62, 86, 231, 108, 224, 77, 72, 140]), value: ok(@[10, 37, 8, 2, 18, 33, 3, 198, 182, 190, 85, 164, 130, 92, 178, 147, 26, 197, 29, 212, 24, 197, 250, 74, 7, 173, 188, 31, 134, 233, 109, 62, 86, 231, 108, 224, 77, 72, 140, 18, 2, 3, 1, 26, 72, 10, 39, 0, 37, 8, 2, 18, 33, 3, 198, 182, 190, 85, 164, 130, 92, 178, 147, 26, 197, 29, 212, 24, 197, 250, 74, 7, 173, 188, 31, 134, 233, 109, 62, 86, 231, 108, 224, 77, 72, 140, 16, 193, 197, 17, 26, 10, 10, 8, 4, 172, 20, 10, 14, 6, 220, 218, 26, 13, 10, 11, 4, 172, 20, 10, 14, 145, 2, 252, 67, 205, 3, 42, 71, 48, 69, 2, 33, 0, 219, 207, 13, 225, 3, 174, 172, 139, 99, 171, 62, 37, 146, 15, 100, 118, 32, 250, 82, 120, 206, 79, 178, 75, 13, 175, 42, 141, 98, 81, 164, 32, 2, 32, 78, 74, 31, 22, 48, 88, 192, 213, 159, 183, 66, 19, 90, 200, 252, 162, 233, 202, 130, 79, 251, 2, 116, 109, 48, 149, 252, 220, 47, 121, 63, 89]), timeReceived: none())), closerPeers: [], providerPeers: [], providerStatus: none(), register: none(), getAds: none())" reply="(msgType: ok(putValue), key: ok(@[0, 37, 8, 2, 18, 33, 3, 198, 182, 190, 85, 164, 130, 92, 178, 147, 26, 197, 29, 212, 24, 197, 250, 74, 7, 173, 188, 31, 134, 233, 109, 62, 86, 231, 108, 224, 77, 72, 140]), record: ok((key: ok(@[0, 37, 8, 2, 18, 33, 3, 198, 182, 190, 85, 164, 130, 92, 178, 147, 26, 197, 29, 212, 24, 197, 250, 74, 7, 173, 188, 31, 134, 233, 109, 62, 86, 231, 108, 224, 77, 72, 140]), value: ok(@[10, 37, 8, 2, 18, 33, 3, 198, 182, 190, 85, 164, 130, 92, 178, 147, 26, 197, 29, 212, 24, 197, 250, 74, 7, 173, 188, 31, 134, 233, 109, 62, 86, 231, 108, 224, 77, 72, 140, 18, 2, 3, 1, 26, 72, 10, 39, 0, 37, 8, 2, 18, 33, 3, 198, 182, 190, 85, 164, 130, 92, 178, 147, 26, 197, 29, 212, 24, 197, 250, 74, 7, 173, 188, 31, 134, 233, 109, 62, 86, 231, 108, 224, 77, 72, 140, 16, 193, 197, 17, 26, 10, 10, 8, 4, 172, 20, 10, 14, 6, 220, 218, 26, 13, 10, 11, 4, 172, 20, 10, 14, 145, 2, 252, 67, 205, 3, 42, 71, 48, 69, 2, 33, 0, 219, 207, 13, 225, 3, 174, 172, 139, 99, 171, 62, 37, 146, 15, 100, 118, 32, 250, 82, 120, 206, 79, 178, 75, 13, 175, 42, 141, 98, 81, 164, 32, 2, 32, 78, 74, 31, 22, 48, 88, 192, 213, 159, 183, 66, 19, 90, 200, 252, 162, 233, 202, 130, 79, 251, 2, 116, 109, 48, 149, 252, 220, 47, 121, 63, 89]), timeReceived: none())), closerPeers: [], providerPeers: [], providerStatus: none(), register: none(), getAds: none())" peer=16U*VpJprH
[2026-10-06 14:12:02.316] [out] [delivery_module] DBG 2026-10-06 14:12:02.316+02:00 Dialing failed                             topics="libp2p dialer" tid=17256911 description="quic dial timed out after 3s" peerId=16U*B3TT6o address=/ip4/172.20.10.14/udp/53555/quic-v1 hostname=172.20.10.14
[2026-10-06 14:12:02.317] [out] [delivery_module] DBG 2026-10-06 14:12:02.317+02:00 Expanded address and hostname              topics="libp2p dialer" tid=17256911 expandedAddress=/ip4/172.20.10.14/tcp/56336 hostname=172.20.10.14 resolvedAddresses="[/ip4/172.20.10.14/tcp/56336]"
[2026-10-06 14:12:02.317] [out] [delivery_module] DBG 2026-10-06 14:12:02.317+02:00 Dialing failed                             topics="libp2p dialer" tid=17256911 description="TcpTransport dial error: (61) Connection refused" peerId=16U*B3TT6o address=/ip4/172.20.10.14/tcp/56336 hostname=172.20.10.14
[2026-10-06 14:12:02.318] [out] [delivery_module] DBG 2026-10-06 14:12:02.318+02:00 Error dialing                              topics="libp2p dialer" tid=17256911 conn=nil peerId=16U*B3TT6o protos="[/logos/service-discovery/1.0.0]" addrs="[/ip4/172.20.10.14/udp/53555/quic-v1, /ip4/172.20.10.14/tcp/56336]" description="Unable to establish outgoing link in establishConnection: peer_id=16U*B3TT6o addrs=@[/ip4/172.20.10.14/udp/53555/quic-v1, /ip4/172.20.10.14/tcp/56336]"
[2026-10-06 14:12:02.318] [out] [delivery_module] DBG 2026-10-06 14:12:02.318+02:00 Dialing peer                               topics="libp2p dialer" tid=17256911 peerId=16U*B3TT6o addrs="[/ip4/172.20.10.14/udp/53555/quic-v1, /ip4/172.20.10.14/tcp/56336]"
[2026-10-06 14:12:02.318] [out] [delivery_module] DBG 2026-10-06 14:12:02.318+02:00 Expanded address and hostname              topics="libp2p dialer" tid=17256911 expandedAddress=/ip4/172.20.10.14/udp/53555/quic-v1 hostname=172.20.10.14 resolvedAddresses="[/ip4/172.20.10.14/udp/53555/quic-v1]"
[2026-10-06 14:12:02.318] [out] [delivery_module] DBG 2026-10-06 14:12:02.318+02:00 New connection established: client         tid=17256911
[2026-10-06 14:12:02.453] [out] [delivery_module] DBG 2026-10-06 14:12:02.453+02:00 Got PutValue reply                         topics="kad-dht put" tid=17256911 msg="(msgType: ok(putValue), key: ok(@[0, 37, 8, 2, 18, 33, 3, 198, 182, 190, 85, 164, 130, 92, 178, 147, 26, 197, 29, 212, 24, 197, 250, 74, 7, 173, 188, 31, 134, 233, 109, 62, 86, 231, 108, 224, 77, 72, 140]), record: ok((key: ok(@[0, 37, 8, 2, 18, 33, 3, 198, 182, 190, 85, 164, 130, 92, 178, 147, 26, 197, 29, 212, 24, 197, 250, 74, 7, 173, 188, 31, 134, 233, 109, 62, 86, 231, 108, 224, 77, 72, 140]), value: ok(@[10, 37, 8, 2, 18, 33, 3, 198, 182, 190, 85, 164, 130, 92, 178, 147, 26, 197, 29, 212, 24, 197, 250, 74, 7, 173, 188, 31, 134, 233, 109, 62, 86, 231, 108, 224, 77, 72, 140, 18, 2, 3, 1, 26, 72, 10, 39, 0, 37, 8, 2, 18, 33, 3, 198, 182, 190, 85, 164, 130, 92, 178, 147, 26, 197, 29, 212, 24, 197, 250, 74, 7, 173, 188, 31, 134, 233, 109, 62, 86, 231, 108, 224, 77, 72, 140, 16, 193, 197, 17, 26, 10, 10, 8, 4, 172, 20, 10, 14, 6, 220, 218, 26, 13, 10, 11, 4, 172, 20, 10, 14, 145, 2, 252, 67, 205, 3, 42, 71, 48, 69, 2, 33, 0, 219, 207, 13, 225, 3, 174, 172, 139, 99, 171, 62, 37, 146, 15, 100, 118, 32, 250, 82, 120, 206, 79, 178, 75, 13, 175, 42, 141, 98, 81, 164, 32, 2, 32, 78, 74, 31, 22, 48, 88, 192, 213, 159, 183, 66, 19, 90, 200, 252, 162, 233, 202, 130, 79, 251, 2, 116, 109, 48, 149, 252, 220, 47, 121, 63, 89]), timeReceived: none())), closerPeers: [], providerPeers: [], providerStatus: none(), register: none(), getAds: none())" reply="(msgType: ok(putValue), key: ok(@[0, 37, 8, 2, 18, 33, 3, 198, 182, 190, 85, 164, 130, 92, 178, 147, 26, 197, 29, 212, 24, 197, 250, 74, 7, 173, 188, 31, 134, 233, 109, 62, 86, 231, 108, 224, 77, 72, 140]), record: ok((key: ok(@[0, 37, 8, 2, 18, 33, 3, 198, 182, 190, 85, 164, 130, 92, 178, 147, 26, 197, 29, 212, 24, 197, 250, 74, 7, 173, 188, 31, 134, 233, 109, 62, 86, 231, 108, 224, 77, 72, 140]), value: ok(@[10, 37, 8, 2, 18, 33, 3, 198, 182, 190, 85, 164, 130, 92, 178, 147, 26, 197, 29, 212, 24, 197, 250, 74, 7, 173, 188, 31, 134, 233, 109, 62, 86, 231, 108, 224, 77, 72, 140, 18, 2, 3, 1, 26, 72, 10, 39, 0, 37, 8, 2, 18, 33, 3, 198, 182, 190, 85, 164, 130, 92, 178, 147, 26, 197, 29, 212, 24, 197, 250, 74, 7, 173, 188, 31, 134, 233, 109, 62, 86, 231, 108, 224, 77, 72, 140, 16, 193, 197, 17, 26, 10, 10, 8, 4, 172, 20, 10, 14, 6, 220, 218, 26, 13, 10, 11, 4, 172, 20, 10, 14, 145, 2, 252, 67, 205, 3, 42, 71, 48, 69, 2, 33, 0, 219, 207, 13, 225, 3, 174, 172, 139, 99, 171, 62, 37, 146, 15, 100, 118, 32, 250, 82, 120, 206, 79, 178, 75, 13, 175, 42, 141, 98, 81, 164, 32, 2, 32, 78, 74, 31, 22, 48, 88, 192, 213, 159, 183, 66, 19, 90, 200, 252, 162, 233, 202, 130, 79, 251, 2, 116, 109, 48, 149, 252, 220, 47, 121, 63, 89]), timeReceived: none())), closerPeers: [], providerPeers: [], providerStatus: none(), register: none(), getAds: none())" peer=16U*TwqBiH
[2026-10-06 14:12:02.453] [out] [delivery_module] DBG 2026-10-06 14:12:02.453+02:00 Got PutValue reply                         topics="kad-dht put" tid=17256911 msg="(msgType: ok(putValue), key: ok(@[0, 37, 8, 2, 18, 33, 3, 198, 182, 190, 85, 164, 130, 92, 178, 147, 26, 197, 29, 212, 24, 197, 250, 74, 7, 173, 188, 31, 134, 233, 109, 62, 86, 231, 108, 224, 77, 72, 140]), record: ok((key: ok(@[0, 37, 8, 2, 18, 33, 3, 198, 182, 190, 85, 164, 130, 92, 178, 147, 26, 197, 29, 212, 24, 197, 250, 74, 7, 173, 188, 31, 134, 233, 109, 62, 86, 231, 108, 224, 77, 72, 140]), value: ok(@[10, 37, 8, 2, 18, 33, 3, 198, 182, 190, 85, 164, 130, 92, 178, 147, 26, 197, 29, 212, 24, 197, 250, 74, 7, 173, 188, 31, 134, 233, 109, 62, 86, 231, 108, 224, 77, 72, 140, 18, 2, 3, 1, 26, 72, 10, 39, 0, 37, 8, 2, 18, 33, 3, 198, 182, 190, 85, 164, 130, 92, 178, 147, 26, 197, 29, 212, 24, 197, 250, 74, 7, 173, 188, 31, 134, 233, 109, 62, 86, 231, 108, 224, 77, 72, 140, 16, 193, 197, 17, 26, 10, 10, 8, 4, 172, 20, 10, 14, 6, 220, 218, 26, 13, 10, 11, 4, 172, 20, 10, 14, 145, 2, 252, 67, 205, 3, 42, 71, 48, 69, 2, 33, 0, 219, 207, 13, 225, 3, 174, 172, 139, 99, 171, 62, 37, 146, 15, 100, 118, 32, 250, 82, 120, 206, 79, 178, 75, 13, 175, 42, 141, 98, 81, 164, 32, 2, 32, 78, 74, 31, 22, 48, 88, 192, 213, 159, 183, 66, 19, 90, 200, 252, 162, 233, 202, 130, 79, 251, 2, 116, 109, 48, 149, 252, 220, 47, 121, 63, 89]), timeReceived: none())), closerPeers: [], providerPeers: [], providerStatus: none(), register: none(), getAds: none())" reply="(msgType: ok(putValue), key: ok(@[0, 37, 8, 2, 18, 33, 3, 198, 182, 190, 85, 164, 130, 92, 178, 147, 26, 197, 29, 212, 24, 197, 250, 74, 7, 173, 188, 31, 134, 233, 109, 62, 86, 231, 108, 224, 77, 72, 140]), record: ok((key: ok(@[0, 37, 8, 2, 18, 33, 3, 198, 182, 190, 85, 164, 130, 92, 178, 147, 26, 197, 29, 212, 24, 197, 250, 74, 7, 173, 188, 31, 134, 233, 109, 62, 86, 231, 108, 224, 77, 72, 140]), value: ok(@[10, 37, 8, 2, 18, 33, 3, 198, 182, 190, 85, 164, 130, 92, 178, 147, 26, 197, 29, 212, 24, 197, 250, 74, 7, 173, 188, 31, 134, 233, 109, 62, 86, 231, 108, 224, 77, 72, 140, 18, 2, 3, 1, 26, 72, 10, 39, 0, 37, 8, 2, 18, 33, 3, 198, 182, 190, 85, 164, 130, 92, 178, 147, 26, 197, 29, 212, 24, 197, 250, 74, 7, 173, 188, 31, 134, 233, 109, 62, 86, 231, 108, 224, 77, 72, 140, 16, 193, 197, 17, 26, 10, 10, 8, 4, 172, 20, 10, 14, 6, 220, 218, 26, 13, 10, 11, 4, 172, 20, 10, 14, 145, 2, 252, 67, 205, 3, 42, 71, 48, 69, 2, 33, 0, 219, 207, 13, 225, 3, 174, 172, 139, 99, 171, 62, 37, 146, 15, 100, 118, 32, 250, 82, 120, 206, 79, 178, 75, 13, 175, 42, 141, 98, 81, 164, 32, 2, 32, 78, 74, 31, 22, 48, 88, 192, 213, 159, 183, 66, 19, 90, 200, 252, 162, 233, 202, 130, 79, 251, 2, 116, 109, 48, 149, 252, 220, 47, 121, 63, 89]), timeReceived: none())), closerPeers: [], providerPeers: [], providerStatus: none(), register: none(), getAds: none())" peer=16U*P1S397
[2026-10-06 14:12:03.215] [out] [delivery_module] DBG 2026-10-06 14:12:03.215+02:00 Service table bootstrap complete           topics="service-discovery" tid=17256911 serviceId=key:913B5C5DBE691438693215140388EC0C7DE80DE328BDE5BD7FC06F90568CEA40
[2026-10-06 14:12:03.473] [out] [delivery_module] DBG 2026-10-06 14:12:03.473+02:00 Finished dialing multiple peers            topics="waku node peer_manager" tid=17256911 successfulConns=0 attempted=2
[2026-10-06 14:12:04.325] [out] [delivery_module] DBG 2026-10-06 14:12:04.325+02:00 Bootstrap complete                         topics="kad-dht" tid=17256911
[2026-10-06 14:12:04.504] [out] [delivery_module] DBG 2026-10-06 14:12:04.504+02:00 Got PutValue reply                         topics="kad-dht put" tid=17256911 msg="(msgType: ok(putValue), key: ok(@[0, 37, 8, 2, 18, 33, 3, 198, 182, 190, 85, 164, 130, 92, 178, 147, 26, 197, 29, 212, 24, 197, 250, 74, 7, 173, 188, 31, 134, 233, 109, 62, 86, 231, 108, 224, 77, 72, 140]), record: ok((key: ok(@[0, 37, 8, 2, 18, 33, 3, 198, 182, 190, 85, 164, 130, 92, 178, 147, 26, 197, 29, 212, 24, 197, 250, 74, 7, 173, 188, 31, 134, 233, 109, 62, 86, 231, 108, 224, 77, 72, 140]), value: ok(@[10, 37, 8, 2, 18, 33, 3, 198, 182, 190, 85, 164, 130, 92, 178, 147, 26, 197, 29, 212, 24, 197, 250, 74, 7, 173, 188, 31, 134, 233, 109, 62, 86, 231, 108, 224, 77, 72, 140, 18, 2, 3, 1, 26, 72, 10, 39, 0, 37, 8, 2, 18, 33, 3, 198, 182, 190, 85, 164, 130, 92, 178, 147, 26, 197, 29, 212, 24, 197, 250, 74, 7, 173, 188, 31, 134, 233, 109, 62, 86, 231, 108, 224, 77, 72, 140, 16, 193, 197, 17, 26, 10, 10, 8, 4, 172, 20, 10, 14, 6, 220, 218, 26, 13, 10, 11, 4, 172, 20, 10, 14, 145, 2, 252, 67, 205, 3, 42, 71, 48, 69, 2, 33, 0, 219, 207, 13, 225, 3, 174, 172, 139, 99, 171, 62, 37, 146, 15, 100, 118, 32, 250, 82, 120, 206, 79, 178, 75, 13, 175, 42, 141, 98, 81, 164, 32, 2, 32, 78, 74, 31, 22, 48, 88, 192, 213, 159, 183, 66, 19, 90, 200, 252, 162, 233, 202, 130, 79, 251, 2, 116, 109, 48, 149, 252, 220, 47, 121, 63, 89]), timeReceived: none())), closerPeers: [], providerPeers: [], providerStatus: none(), register: none(), getAds: none())" reply="(msgType: ok(putValue), key: ok(@[0, 37, 8, 2, 18, 33, 3, 198, 182, 190, 85, 164, 130, 92, 178, 147, 26, 197, 29, 212, 24, 197, 250, 74, 7, 173, 188, 31, 134, 233, 109, 62, 86, 231, 108, 224, 77, 72, 140]), record: ok((key: ok(@[0, 37, 8, 2, 18, 33, 3, 198, 182, 190, 85, 164, 130, 92, 178, 147, 26, 197, 29, 212, 24, 197, 250, 74, 7, 173, 188, 31, 134, 233, 109, 62, 86, 231, 108, 224, 77, 72, 140]), value: ok(@[10, 37, 8, 2, 18, 33, 3, 198, 182, 190, 85, 164, 130, 92, 178, 147, 26, 197, 29, 212, 24, 197, 250, 74, 7, 173, 188, 31, 134, 233, 109, 62, 86, 231, 108, 224, 77, 72, 140, 18, 2, 3, 1, 26, 72, 10, 39, 0, 37, 8, 2, 18, 33, 3, 198, 182, 190, 85, 164, 130, 92, 178, 147, 26, 197, 29, 212, 24, 197, 250, 74, 7, 173, 188, 31, 134, 233, 109, 62, 86, 231, 108, 224, 77, 72, 140, 16, 193, 197, 17, 26, 10, 10, 8, 4, 172, 20, 10, 14, 6, 220, 218, 26, 13, 10, 11, 4, 172, 20, 10, 14, 145, 2, 252, 67, 205, 3, 42, 71, 48, 69, 2, 33, 0, 219, 207, 13, 225, 3, 174, 172, 139, 99, 171, 62, 37, 146, 15, 100, 118, 32, 250, 82, 120, 206, 79, 178, 75, 13, 175, 42, 141, 98, 81, 164, 32, 2, 32, 78, 74, 31, 22, 48, 88, 192, 213, 159, 183, 66, 19, 90, 200, 252, 162, 233, 202, 130, 79, 251, 2, 116, 109, 48, 149, 252, 220, 47, 121, 63, 89]), timeReceived: none())), closerPeers: [], providerPeers: [], providerStatus: none(), register: none(), getAds: none())" peer=16U*kGyuEP
[2026-10-06 14:12:04.591] [out] [delivery_module] DBG 2026-10-06 14:12:04.590+02:00 Got PutValue reply                         topics="kad-dht put" tid=17256911 msg="(msgType: ok(putValue), key: ok(@[0, 37, 8, 2, 18, 33, 3, 198, 182, 190, 85, 164, 130, 92, 178, 147, 26, 197, 29, 212, 24, 197, 250, 74, 7, 173, 188, 31, 134, 233, 109, 62, 86, 231, 108, 224, 77, 72, 140]), record: ok((key: ok(@[0, 37, 8, 2, 18, 33, 3, 198, 182, 190, 85, 164, 130, 92, 178, 147, 26, 197, 29, 212, 24, 197, 250, 74, 7, 173, 188, 31, 134, 233, 109, 62, 86, 231, 108, 224, 77, 72, 140]), value: ok(@[10, 37, 8, 2, 18, 33, 3, 198, 182, 190, 85, 164, 130, 92, 178, 147, 26, 197, 29, 212, 24, 197, 250, 74, 7, 173, 188, 31, 134, 233, 109, 62, 86, 231, 108, 224, 77, 72, 140, 18, 2, 3, 1, 26, 72, 10, 39, 0, 37, 8, 2, 18, 33, 3, 198, 182, 190, 85, 164, 130, 92, 178, 147, 26, 197, 29, 212, 24, 197, 250, 74, 7, 173, 188, 31, 134, 233, 109, 62, 86, 231, 108, 224, 77, 72, 140, 16, 193, 197, 17, 26, 10, 10, 8, 4, 172, 20, 10, 14, 6, 220, 218, 26, 13, 10, 11, 4, 172, 20, 10, 14, 145, 2, 252, 67, 205, 3, 42, 71, 48, 69, 2, 33, 0, 219, 207, 13, 225, 3, 174, 172, 139, 99, 171, 62, 37, 146, 15, 100, 118, 32, 250, 82, 120, 206, 79, 178, 75, 13, 175, 42, 141, 98, 81, 164, 32, 2, 32, 78, 74, 31, 22, 48, 88, 192, 213, 159, 183, 66, 19, 90, 200, 252, 162, 233, 202, 130, 79, 251, 2, 116, 109, 48, 149, 252, 220, 47, 121, 63, 89]), timeReceived: none())), closerPeers: [], providerPeers: [], providerStatus: none(), register: none(), getAds: none())" reply="(msgType: ok(putValue), key: ok(@[0, 37, 8, 2, 18, 33, 3, 198, 182, 190, 85, 164, 130, 92, 178, 147, 26, 197, 29, 212, 24, 197, 250, 74, 7, 173, 188, 31, 134, 233, 109, 62, 86, 231, 108, 224, 77, 72, 140]), record: ok((key: ok(@[0, 37, 8, 2, 18, 33, 3, 198, 182, 190, 85, 164, 130, 92, 178, 147, 26, 197, 29, 212, 24, 197, 250, 74, 7, 173, 188, 31, 134, 233, 109, 62, 86, 231, 108, 224, 77, 72, 140]), value: ok(@[10, 37, 8, 2, 18, 33, 3, 198, 182, 190, 85, 164, 130, 92, 178, 147, 26, 197, 29, 212, 24, 197, 250, 74, 7, 173, 188, 31, 134, 233, 109, 62, 86, 231, 108, 224, 77, 72, 140, 18, 2, 3, 1, 26, 72, 10, 39, 0, 37, 8, 2, 18, 33, 3, 198, 182, 190, 85, 164, 130, 92, 178, 147, 26, 197, 29, 212, 24, 197, 250, 74, 7, 173, 188, 31, 134, 233, 109, 62, 86, 231, 108, 224, 77, 72, 140, 16, 193, 197, 17, 26, 10, 10, 8, 4, 172, 20, 10, 14, 6, 220, 218, 26, 13, 10, 11, 4, 172, 20, 10, 14, 145, 2, 252, 67, 205, 3, 42, 71, 48, 69, 2, 33, 0, 219, 207, 13, 225, 3, 174, 172, 139, 99, 171, 62, 37, 146, 15, 100, 118, 32, 250, 82, 120, 206, 79, 178, 75, 13, 175, 42, 141, 98, 81, 164, 32, 2, 32, 78, 74, 31, 22, 48, 88, 192, 213, 159, 183, 66, 19, 90, 200, 252, 162, 233, 202, 130, 79, 251, 2, 116, 109, 48, 149, 252, 220, 47, 121, 63, 89]), timeReceived: none())), closerPeers: [], providerPeers: [], providerStatus: none(), register: none(), getAds: none())" peer=16U*T3UNSE
[2026-10-06 14:12:05.320] [out] [delivery_module] DBG 2026-10-06 14:12:05.320+02:00 Dialing failed                             topics="libp2p dialer" tid=17256911 description="quic dial timed out after 3s" peerId=16U*B3TT6o address=/ip4/172.20.10.14/udp/53555/quic-v1 hostname=172.20.10.14
[2026-10-06 14:12:05.320] [out] [delivery_module] DBG 2026-10-06 14:12:05.320+02:00 Expanded address and hostname              topics="libp2p dialer" tid=17256911 expandedAddress=/ip4/172.20.10.14/tcp/56336 hostname=172.20.10.14 resolvedAddresses="[/ip4/172.20.10.14/tcp/56336]"
[2026-10-06 14:12:05.321] [out] [delivery_module] DBG 2026-10-06 14:12:05.321+02:00 Dialing failed                             topics="libp2p dialer" tid=17256911 description="TcpTransport dial error: (61) Connection refused" peerId=16U*B3TT6o address=/ip4/172.20.10.14/tcp/56336 hostname=172.20.10.14
[2026-10-06 14:12:05.321] [out] [delivery_module] DBG 2026-10-06 14:12:05.321+02:00 Error dialing                              topics="libp2p dialer" tid=17256911 conn=nil peerId=16U*B3TT6o protos="[/logos/service-discovery/1.0.0]" addrs="[/ip4/172.20.10.14/udp/53555/quic-v1, /ip4/172.20.10.14/tcp/56336]" description="Unable to establish outgoing link in establishConnection: peer_id=16U*B3TT6o addrs=@[/ip4/172.20.10.14/udp/53555/quic-v1, /ip4/172.20.10.14/tcp/56336]"
[2026-10-06 14:12:05.321] [out] [delivery_module] DBG 2026-10-06 14:12:05.321+02:00 Dialing peer                               topics="libp2p dialer" tid=17256911 peerId=16U*B3TT6o addrs="[/ip4/172.20.10.14/udp/53555/quic-v1, /ip4/172.20.10.14/tcp/56336]"
[2026-10-06 14:12:05.321] [out] [delivery_module] DBG 2026-10-06 14:12:05.321+02:00 Expanded address and hostname              topics="libp2p dialer" tid=17256911 expandedAddress=/ip4/172.20.10.14/udp/53555/quic-v1 hostname=172.20.10.14 resolvedAddresses="[/ip4/172.20.10.14/udp/53555/quic-v1]"
[2026-10-06 14:12:05.321] [out] [delivery_module] DBG 2026-10-06 14:12:05.321+02:00 New connection established: client         tid=17256911
[2026-10-06 14:12:08.323] [out] [delivery_module] DBG 2026-10-06 14:12:08.323+02:00 Dialing failed                             topics="libp2p dialer" tid=17256911 description="quic dial timed out after 3s" peerId=16U*B3TT6o address=/ip4/172.20.10.14/udp/53555/quic-v1 hostname=172.20.10.14
[2026-10-06 14:12:08.323] [out] [delivery_module] DBG 2026-10-06 14:12:08.323+02:00 Expanded address and hostname              topics="libp2p dialer" tid=17256911 expandedAddress=/ip4/172.20.10.14/tcp/56336 hostname=172.20.10.14 resolvedAddresses="[/ip4/172.20.10.14/tcp/56336]"
[2026-10-06 14:12:08.324] [out] [delivery_module] DBG 2026-10-06 14:12:08.324+02:00 Dialing failed                             topics="libp2p dialer" tid=17256911 description="TcpTransport dial error: (61) Connection refused" peerId=16U*B3TT6o address=/ip4/172.20.10.14/tcp/56336 hostname=172.20.10.14
[2026-10-06 14:12:08.324] [out] [delivery_module] DBG 2026-10-06 14:12:08.324+02:00 Error dialing                              topics="libp2p dialer" tid=17256911 conn=nil peerId=16U*B3TT6o protos="[/logos/service-discovery/1.0.0]" addrs="[/ip4/172.20.10.14/udp/53555/quic-v1, /ip4/172.20.10.14/tcp/56336]" description="Unable to establish outgoing link in establishConnection: peer_id=16U*B3TT6o addrs=@[/ip4/172.20.10.14/udp/53555/quic-v1, /ip4/172.20.10.14/tcp/56336]"
[2026-10-06 14:12:08.324] [out] [delivery_module] DBG 2026-10-06 14:12:08.324+02:00 Dialing peer                               topics="libp2p dialer" tid=17256911 peerId=16U*B3TT6o addrs="[/ip4/172.20.10.14/udp/53555/quic-v1, /ip4/172.20.10.14/tcp/56336]"
[2026-10-06 14:12:08.324] [out] [delivery_module] DBG 2026-10-06 14:12:08.324+02:00 Expanded address and hostname              topics="libp2p dialer" tid=17256911 expandedAddress=/ip4/172.20.10.14/udp/53555/quic-v1 hostname=172.20.10.14 resolvedAddresses="[/ip4/172.20.10.14/udp/53555/quic-v1]"
[2026-10-06 14:12:08.324] [out] [delivery_module] DBG 2026-10-06 14:12:08.324+02:00 New connection established: client         tid=17256911
[2026-10-06 14:12:11.327] [out] [delivery_module] DBG 2026-10-06 14:12:11.327+02:00 Dialing failed                             topics="libp2p dialer" tid=17256911 description="quic dial timed out after 3s" peerId=16U*B3TT6o address=/ip4/172.20.10.14/udp/53555/quic-v1 hostname=172.20.10.14
[2026-10-06 14:12:11.327] [out] [delivery_module] DBG 2026-10-06 14:12:11.327+02:00 Expanded address and hostname              topics="libp2p dialer" tid=17256911 expandedAddress=/ip4/172.20.10.14/tcp/56336 hostname=172.20.10.14 resolvedAddresses="[/ip4/172.20.10.14/tcp/56336]"
[2026-10-06 14:12:11.328] [out] [delivery_module] DBG 2026-10-06 14:12:11.328+02:00 Dialing failed                             topics="libp2p dialer" tid=17256911 description="TcpTransport dial error: (61) Connection refused" peerId=16U*B3TT6o address=/ip4/172.20.10.14/tcp/56336 hostname=172.20.10.14
[2026-10-06 14:12:11.328] [out] [delivery_module] DBG 2026-10-06 14:12:11.328+02:00 Error dialing                              topics="libp2p dialer" tid=17256911 conn=nil peerId=16U*B3TT6o protos="[/logos/service-discovery/1.0.0]" addrs="[/ip4/172.20.10.14/udp/53555/quic-v1, /ip4/172.20.10.14/tcp/56336]" description="Unable to establish outgoing link in establishConnection: peer_id=16U*B3TT6o addrs=@[/ip4/172.20.10.14/udp/53555/quic-v1, /ip4/172.20.10.14/tcp/56336]"
[2026-10-06 14:12:13.720] [info] [logos] [delivery_module] DeliveryModuleImpl::send called with contentTopic: /lp0026forum/1/general/text
[2026-10-06 14:12:13.720] [out] [delivery_module] DBG 2026-10-06 14:12:13.720+02:00 SendService.send: processing delivery task topics="send service" tid=17256911 requestId=5c833599b60b166b5de7 msgHash=0x3eca55ca981490b648fdae773ee62bc392acba89b243f6e65da633c9447153f4
[2026-10-06 14:12:13.720] [info] [logos] [delivery_module] DeliveryModuleImpl: Send initiated for topic: /lp0026forum/1/general/text, with success, requestId: 5c833599b60b166b5de7
[2026-10-06 14:12:13.721] [out] [delivery_module] DBG 2026-10-06 14:12:13.721+02:00 Trying message delivery via Mix            topics="send service mix processor" tid=17256911 requestId=5c833599b60b166b5de7 msgHash=0x3eca55ca981490b648fdae773ee62bc392acba89b243f6e65da633c9447153f4 tryCount=1
[2026-10-06 14:12:13.721] [out] [delivery_module] DBG 2026-10-06 14:12:13.721+02:00 Publishing message without RLN proof       tid=17256911
[2026-10-06 14:12:13.721] [out] [delivery_module] DBG 2026-10-06 14:12:13.721+02:00 Publishing message with lightpush          topics="waku node lightpush api" tid=17256911 pubsubTopic=/waku/2/rs/3/7 contentTopic=/lp0026forum/1/general/text target_peer_id=16U*NSkuby msg_hash=0x3eca55ca981490b648fdae773ee62bc392acba89b243f6e65da633c9447153f4 mixify=true
[2026-10-06 14:12:13.721] [out] [delivery_module] DBG 2026-10-06 14:12:13.721+02:00 Publish                                    topics="waku lightpush client" tid=17256911 myPeerId=16U*EbzYfm peerId= msgHash=0x3eca55ca981490b648fdae773ee62bc392acba89b243f6e65da633c9447153f4 sentTime=1791288733721477888
[2026-10-06 14:12:13.721] [out] [delivery_module] DBG 2026-10-06 14:12:13.721+02:00 Destination data                           tid=17256911 destination=MixDestination[MixNode](16Uiu2HAmTUbnxLGT9JvV6mu9oPyDjqHK4Phs1VDJNUgESgNSkuby)
[2026-10-06 14:12:13.721] [out] [delivery_module] DBG 2026-10-06 14:12:13.721+02:00 Selected mix node:                         tid=17256911 indexInPath=0 peerId=16U*T3UNSE
[2026-10-06 14:12:13.721] [out] [delivery_module] DBG 2026-10-06 14:12:13.721+02:00 Selected mix node:                         tid=17256911 indexInPath=1 peerId=16U*kGyuEP
[2026-10-06 14:12:13.721] [out] [delivery_module] DBG 2026-10-06 14:12:13.721+02:00 Selected mix node:                         tid=17256911 indexInPath=2 peerId=16U*NSkuby
[2026-10-06 14:12:13.721] [out] [delivery_module] DBG 2026-10-06 14:12:13.721+02:00 Selected mix node for surbs:               tid=17256911 indexInPath=0 peerId=16U*VpJprH
[2026-10-06 14:12:13.721] [out] [delivery_module] DBG 2026-10-06 14:12:13.721+02:00 Selected mix node for surbs:               tid=17256911 indexInPath=1 peerId=16U*kGyuEP
[2026-10-06 14:12:15.245] [out] [delivery_module] INF 2026-10-06 14:12:15.245+02:00 Message received                           tid=17256911 msg_hash=0x3eca55ca981490b648fdae773ee62bc392acba89b243f6e65da633c9447153f4 contentTopic=/lp0026forum/1/general/text pubsubTopic=/waku/2/rs/3/7 source=live
[2026-10-06 14:12:16.723] [info] [logos] [delivery_module] DeliveryModuleImpl::send called with contentTopic: /lp0026forum/1/general/text
[2026-10-06 14:12:16.724] [out] [delivery_module] DBG 2026-10-06 14:12:16.724+02:00 SendService.send: processing delivery task topics="send service" tid=17256911 requestId=c6e5e807883349da9093 msgHash=0x58eb745198c1ac655f64ca7023088813c5ed41eaed76058b0582b107226d9119
[2026-10-06 14:12:16.724] [info] [logos] [delivery_module] DeliveryModuleImpl: Send initiated for topic: /lp0026forum/1/general/text, with success, requestId: c6e5e807883349da9093
[2026-10-06 14:12:16.724] [out] [delivery_module] DBG 2026-10-06 14:12:16.724+02:00 Trying message delivery via Mix            topics="send service mix processor" tid=17256911 requestId=c6e5e807883349da9093 msgHash=0x58eb745198c1ac655f64ca7023088813c5ed41eaed76058b0582b107226d9119 tryCount=1
[2026-10-06 14:12:16.725] [out] [delivery_module] DBG 2026-10-06 14:12:16.725+02:00 Publishing message without RLN proof       tid=17256911
[2026-10-06 14:12:16.725] [out] [delivery_module] DBG 2026-10-06 14:12:16.725+02:00 Publishing message with lightpush          topics="waku node lightpush api" tid=17256911 pubsubTopic=/waku/2/rs/3/7 contentTopic=/lp0026forum/1/general/text target_peer_id=16U*VpJprH msg_hash=0x58eb745198c1ac655f64ca7023088813c5ed41eaed76058b0582b107226d9119 mixify=true
[2026-10-06 14:12:16.725] [out] [delivery_module] DBG 2026-10-06 14:12:16.725+02:00 Publish                                    topics="waku lightpush client" tid=17256911 myPeerId=16U*EbzYfm peerId= msgHash=0x58eb745198c1ac655f64ca7023088813c5ed41eaed76058b0582b107226d9119 sentTime=1791288736725075968
[2026-10-06 14:12:16.725] [out] [delivery_module] DBG 2026-10-06 14:12:16.725+02:00 Destination data                           tid=17256911 destination=MixDestination[MixNode](16Uiu2HAmMK7PYygBtKUQ8EHp7EfaD3bCEsJrkFooK8RQ2PVpJprH)
[2026-10-06 14:12:16.725] [out] [delivery_module] DBG 2026-10-06 14:12:16.725+02:00 Selected mix node:                         tid=17256911 indexInPath=0 peerId=16U*P1S397
[2026-10-06 14:12:16.725] [out] [delivery_module] DBG 2026-10-06 14:12:16.725+02:00 Selected mix node:                         tid=17256911 indexInPath=1 peerId=16U*T3UNSE
[2026-10-06 14:12:16.725] [out] [delivery_module] DBG 2026-10-06 14:12:16.725+02:00 Selected mix node:                         tid=17256911 indexInPath=2 peerId=16U*VpJprH
[2026-10-06 14:12:16.725] [out] [delivery_module] DBG 2026-10-06 14:12:16.725+02:00 Selected mix node for surbs:               tid=17256911 indexInPath=0 peerId=16U*kGyuEP
[2026-10-06 14:12:16.725] [out] [delivery_module] DBG 2026-10-06 14:12:16.725+02:00 Selected mix node for surbs:               tid=17256911 indexInPath=1 peerId=16U*NSkuby
[2026-10-06 14:12:17.418] [out] [delivery_module] DBG 2026-10-06 14:12:17.418+02:00 Message propagated via Mix                 topics="send service mix processor" tid=17256911 requestId=5c833599b60b166b5de7 msgHash=0x3eca55ca981490b648fdae773ee62bc392acba89b243f6e65da633c9447153f4
[2026-10-06 14:12:17.418] [out] [delivery_module] INF 2026-10-06 14:12:17.418+02:00 Message successfully propagated            topics="send service" tid=17256911 requestId=5c833599b60b166b5de7 msgHash=withheld
[2026-10-06 14:12:17.419] [out] [delivery_module] INF 2026-10-06 14:12:17.418+02:00 Message successfully sent over mix         topics="send service" tid=17256911 requestId=5c833599b60b166b5de7
[2026-10-06 14:12:18.539] [out] [delivery_module] DBG 2026-10-06 14:12:18.539+02:00 calculateConnectionState                   tid=17256911 relayCount=6 storeClientCount=6 lightpushCount=6 filterCount=6
[2026-10-06 14:12:18.952] [out] [delivery_module] INF 2026-10-06 14:12:18.952+02:00 Message received                           tid=17256911 msg_hash=0x58eb745198c1ac655f64ca7023088813c5ed41eaed76058b0582b107226d9119 contentTopic=/lp0026forum/1/general/text pubsubTopic=/waku/2/rs/3/7 source=live
[2026-10-06 14:12:20.764] [out] [delivery_module] DBG 2026-10-06 14:12:20.764+02:00 Message propagated via Mix                 topics="send service mix processor" tid=17256911 requestId=c6e5e807883349da9093 msgHash=0x58eb745198c1ac655f64ca7023088813c5ed41eaed76058b0582b107226d9119
[2026-10-06 14:12:20.764] [out] [delivery_module] INF 2026-10-06 14:12:20.764+02:00 Message successfully propagated            topics="send service" tid=17256911 requestId=c6e5e807883349da9093 msgHash=withheld
[2026-10-06 14:12:20.764] [out] [delivery_module] INF 2026-10-06 14:12:20.764+02:00 Message successfully sent over mix         topics="send service" tid=17256911 requestId=c6e5e807883349da9093
[2026-10-06 14:12:21.234] [warning] [logos] [capability_module] Warning: QObject::connect: No such signal ::eventResponse(QString,QVariantList)
[2026-10-06 14:12:21.236] [info] [logos] [storage_module] StorageModuleImpl::init called
[2026-10-06 14:12:21.261] [out] [storage_module] WRN 2026-10-06 14:12:21.260+02:00 Data directory has insecure permissions. Correcting them. tid=17259433 data_dir=~/.local/share/lp0026-forum-dev/m7-storage/a-storage current_permissions=0755 required_permissions=0700
[2026-10-06 14:12:21.261] [out] [storage_module] INF 2026-10-06 14:12:21.261+02:00 Creating a private key and saving it       tid=17259433
[2026-10-06 14:12:21.262] [out] [storage_module] WRN 2026-10-06 14:12:21.262+02:00 Node has been marked with --no-bootstrap-node and will NOT be bootstrapped topics="libstorage libstoragelifecycle" tid=17259433
[2026-10-06 14:12:21.263] [out] [storage_module] INF 2026-10-06 14:12:21.263+02:00 Threadpool started                         topics="libstorage libstoragelifecycle" tid=17259433 numThreads=12
[2026-10-06 14:12:21.266] [info] [logos] [storage_module] StorageModuleImpl::start called
[2026-10-06 14:12:21.267] [out] [storage_module] WRN 2026-10-06 14:12:21.266+02:00 No key for a QueryResponse                 topics="storage repostore" tid=17259433
[2026-10-06 14:12:21.269] [out] [storage_module] NTC 2026-10-06 14:12:21.269+02:00 Started Storage node                       topics="storage node" tid=17259433 id=16U*kqtVrt addrs="[/ip4/127.0.0.1/tcp/8571]"
[2026-10-06 14:12:21.521] [info] [logos] [storage_module] StorageModuleImpl::uploadUrl called with path=~/.local/share/lp0026-forum-dev/m7-storage/a-forum-snapshots/topic-6dd197737fd8-1791288741520.txt
[2026-10-06 14:12:21.522] [out] [storage_module] INF 2026-10-06 14:12:21.522+02:00 Storing data                               topics="storage node" tid=17259433
[2026-10-06 14:12:21.525] [out] [storage_module] INF 2026-10-06 14:12:21.525+02:00 Stored data                                topics="storage node" tid=17259433 manifestCid=zDv*eTtroe treeCid=zDz*JqcN1n blocks=1 datasetSize=1746'NByte filename=some("topic-6dd197737fd8-1791288741520.txt") mimetype=some("text/plain")
[2026-10-06 14:12:22.526] [info] [logos] [delivery_module] DeliveryModuleImpl::send called with contentTopic: /lp0026forum/1/general/text
[2026-10-06 14:12:22.526] [out] [delivery_module] DBG 2026-10-06 14:12:22.526+02:00 SendService.send: processing delivery task topics="send service" tid=17256911 requestId=9b1c6b385b202ac12b43 msgHash=0xb933753100bcdaa699bf2330c5380df5eac53ce7f1fe6745b14a87f0da00e860
[2026-10-06 14:12:22.526] [info] [logos] [delivery_module] DeliveryModuleImpl: Send initiated for topic: /lp0026forum/1/general/text, with success, requestId: 9b1c6b385b202ac12b43
[2026-10-06 14:12:22.527] [out] [delivery_module] DBG 2026-10-06 14:12:22.527+02:00 Trying message delivery via Mix            topics="send service mix processor" tid=17256911 requestId=9b1c6b385b202ac12b43 msgHash=0xb933753100bcdaa699bf2330c5380df5eac53ce7f1fe6745b14a87f0da00e860 tryCount=1
[2026-10-06 14:12:22.527] [out] [delivery_module] DBG 2026-10-06 14:12:22.527+02:00 Publishing message without RLN proof       tid=17256911
[2026-10-06 14:12:22.527] [out] [delivery_module] DBG 2026-10-06 14:12:22.527+02:00 Publishing message with lightpush          topics="waku node lightpush api" tid=17256911 pubsubTopic=/waku/2/rs/3/7 contentTopic=/lp0026forum/1/general/text target_peer_id=16U*T3UNSE msg_hash=0xb933753100bcdaa699bf2330c5380df5eac53ce7f1fe6745b14a87f0da00e860 mixify=true
[2026-10-06 14:12:22.527] [out] [delivery_module] DBG 2026-10-06 14:12:22.527+02:00 Publish                                    topics="waku lightpush client" tid=17256911 myPeerId=16U*EbzYfm peerId= msgHash=0xb933753100bcdaa699bf2330c5380df5eac53ce7f1fe6745b14a87f0da00e860 sentTime=1791288742527558144
[2026-10-06 14:12:22.527] [out] [delivery_module] DBG 2026-10-06 14:12:22.527+02:00 Destination data                           tid=17256911 destination=MixDestination[MixNode](16Uiu2HAkvwhGHKNry6LACrB8TmEFoCJKEX29XR5dDUzk3UT3UNSE)
[2026-10-06 14:12:22.527] [out] [delivery_module] DBG 2026-10-06 14:12:22.527+02:00 Selected mix node:                         tid=17256911 indexInPath=0 peerId=16U*kGyuEP
[2026-10-06 14:12:22.527] [out] [delivery_module] DBG 2026-10-06 14:12:22.527+02:00 Selected mix node:                         tid=17256911 indexInPath=1 peerId=16U*NSkuby
[2026-10-06 14:12:22.527] [out] [delivery_module] DBG 2026-10-06 14:12:22.527+02:00 Selected mix node:                         tid=17256911 indexInPath=2 peerId=16U*T3UNSE
[2026-10-06 14:12:22.527] [out] [delivery_module] DBG 2026-10-06 14:12:22.527+02:00 Selected mix node for surbs:               tid=17256911 indexInPath=0 peerId=16U*P1S397
[2026-10-06 14:12:22.527] [out] [delivery_module] DBG 2026-10-06 14:12:22.527+02:00 Selected mix node for surbs:               tid=17256911 indexInPath=1 peerId=16U*VpJprH
[2026-10-06 14:12:23.307] [out] [delivery_module] DBG 2026-10-06 14:12:23.307+02:00 Dialing failed                             topics="libp2p dialer" tid=17256911 description="Timeout exceeded!" peerId=16U*7ZEp3L address=/ip4/192.168.1.3/tcp/49737 hostname=192.168.1.3
[2026-10-06 14:12:23.307] [out] [delivery_module] DBG 2026-10-06 14:12:23.307+02:00 Error dialing                              topics="libp2p dialer" tid=17256911 conn=nil peerId=16U*7ZEp3L protos="[/logos/service-discovery/1.0.0]" addrs="[/ip4/192.168.1.3/udp/56395/quic-v1, /ip4/192.168.1.3/tcp/49737]" description="Unable to establish outgoing link in establishConnection: peer_id=16U*7ZEp3L addrs=@[/ip4/192.168.1.3/udp/56395/quic-v1, /ip4/192.168.1.3/tcp/49737]"
[2026-10-06 14:12:23.307] [out] [delivery_module] DBG 2026-10-06 14:12:23.307+02:00 Dialing peer                               topics="libp2p dialer" tid=17256911 peerId=16U*7ZEp3L addrs="[/ip4/192.168.1.3/udp/56395/quic-v1, /ip4/192.168.1.3/tcp/49737]"
[2026-10-06 14:12:23.307] [out] [delivery_module] DBG 2026-10-06 14:12:23.307+02:00 Expanded address and hostname              topics="libp2p dialer" tid=17256911 expandedAddress=/ip4/192.168.1.3/udp/56395/quic-v1 hostname=192.168.1.3 resolvedAddresses="[/ip4/192.168.1.3/udp/56395/quic-v1]"
[2026-10-06 14:12:23.307] [out] [delivery_module] DBG 2026-10-06 14:12:23.307+02:00 New connection established: client         tid=17256911
[2026-10-06 14:12:25.188] [out] [delivery_module] INF 2026-10-06 14:12:25.188+02:00 Message received                           tid=17256911 msg_hash=0xb933753100bcdaa699bf2330c5380df5eac53ce7f1fe6745b14a87f0da00e860 contentTopic=/lp0026forum/1/general/text pubsubTopic=/waku/2/rs/3/7 source=live
[2026-10-06 14:12:25.691] [out] [delivery_module] DBG 2026-10-06 14:12:25.691+02:00 Message propagated via Mix                 topics="send service mix processor" tid=17256911 requestId=9b1c6b385b202ac12b43 msgHash=0xb933753100bcdaa699bf2330c5380df5eac53ce7f1fe6745b14a87f0da00e860
[2026-10-06 14:12:25.691] [out] [delivery_module] INF 2026-10-06 14:12:25.691+02:00 Message successfully propagated            topics="send service" tid=17256911 requestId=9b1c6b385b202ac12b43 msgHash=withheld
[2026-10-06 14:12:25.691] [out] [delivery_module] INF 2026-10-06 14:12:25.691+02:00 Message successfully sent over mix         topics="send service" tid=17256911 requestId=9b1c6b385b202ac12b43
[QmlInspector] Client disconnected
[2026-10-06 14:12:26.308] [out] [delivery_module] DBG 2026-10-06 14:12:26.308+02:00 Dialing failed                             topics="libp2p dialer" tid=17256911 description="quic dial timed out after 3s" peerId=16U*7ZEp3L address=/ip4/192.168.1.3/udp/56395/quic-v1 hostname=192.168.1.3
[2026-10-06 14:12:26.308] [out] [delivery_module] DBG 2026-10-06 14:12:26.308+02:00 Expanded address and hostname              topics="libp2p dialer" tid=17256911 expandedAddress=/ip4/192.168.1.3/tcp/49737 hostname=192.168.1.3 resolvedAddresses="[/ip4/192.168.1.3/tcp/49737]"
[2026-10-06 14:12:28.754] [out] [delivery_module] DBG 2026-10-06 14:12:28.754+02:00 calculateConnectionState                   tid=17256911 relayCount=6 storeClientCount=6 lightpushCount=6 filterCount=6
[2026-10-06 14:12:30.390] [out] [delivery_module] DBG 2026-10-06 14:12:30.390+02:00 dialMe answer is not reachable             topics="libp2p autonatservice" tid=17256911 description="Peer could not dial us back: Dial timeout" peerId=16Uiu2HAm4S1JYkuzDKLKQvwgAhZKs9otxXqt8SCGtB4hoJP1S397
[2026-10-06 14:12:30.390] [out] [delivery_module] DBG 2026-10-06 14:12:30.390+02:00 Current status                             topics="libp2p autonatservice" tid=17256911 currentStats=Unknown confidence=none() answers=[NotReachable]
[2026-10-06 14:12:32.392] [out] [delivery_module] WRN 2026-10-06 14:12:32.392+02:00 NAT port mapping failed                    topics="libp2p natservice" tid=17256911 port=56538 proto=mpTcp err="plum: mapping 0 failed"
[2026-10-06 14:12:34.395] [out] [delivery_module] WRN 2026-10-06 14:12:34.395+02:00 NAT port mapping failed                    topics="libp2p natservice" tid=17256911 port=64579 proto=mpUdp err="plum: mapping 0 failed"
[2026-10-06 14:12:44.695] [out] [delivery_module] DBG 2026-10-06 14:12:44.695+02:00 Maintaining subscriptions                  topics="waku filter" tid=17256911
[2026-10-06 14:12:44.695] [out] [delivery_module] DBG 2026-10-06 14:12:44.695+02:00 Cleanup                                    topics="waku filter subscriptions" tid=17256911 currentPeerIds=[]
[2026-10-06 14:12:44.695] [out] [delivery_module] DBG 2026-10-06 14:12:44.695+02:00 After cleanup                              topics="waku filter subscriptions" tid=17256911 currentPeerIds=[]
[2026-10-06 14:12:44.698] [out] [delivery_module] DBG 2026-10-06 14:12:44.698+02:00 Routing table below minimum, re-seeding    topics="kad-dht" tid=17256911 peers=6 minimum=10
[2026-10-06 14:12:44.699] [out] [delivery_module] DBG 2026-10-06 14:12:44.699+02:00 Lookup query                               topics="kad-dht find" tid=17256911 peer=16U*kGyuEP
[2026-10-06 14:12:44.699] [out] [delivery_module] DBG 2026-10-06 14:12:44.699+02:00 Lookup query                               topics="kad-dht find" tid=17256911 peer=16U*VpJprH
[2026-10-06 14:12:44.700] [out] [delivery_module] DBG 2026-10-06 14:12:44.700+02:00 Lookup query                               topics="kad-dht find" tid=17256911 peer=16U*T3UNSE
[2026-10-06 14:12:44.700] [out] [delivery_module] DBG 2026-10-06 14:12:44.700+02:00 Lookup query                               topics="kad-dht find" tid=17256911 peer=16U*P1S397
[2026-10-06 14:12:44.700] [out] [delivery_module] DBG 2026-10-06 14:12:44.700+02:00 Lookup query                               topics="kad-dht find" tid=17256911 peer=16U*TwqBiH
[2026-10-06 14:12:44.700] [out] [delivery_module] DBG 2026-10-06 14:12:44.700+02:00 Lookup query                               topics="kad-dht find" tid=17256911 peer=16U*NSkuby
[2026-10-06 14:12:44.813] [out] [delivery_module] DBG 2026-10-06 14:12:44.813+02:00 Dialing peer                               topics="libp2p dialer" tid=17256911 peerId=16U*B3TT6o addrs="[/ip4/172.20.10.14/udp/53555/quic-v1, /ip4/172.20.10.14/tcp/56336]"
[2026-10-06 14:12:44.813] [out] [delivery_module] DBG 2026-10-06 14:12:44.813+02:00 Expanded address and hostname              topics="libp2p dialer" tid=17256911 expandedAddress=/ip4/172.20.10.14/udp/53555/quic-v1 hostname=172.20.10.14 resolvedAddresses="[/ip4/172.20.10.14/udp/53555/quic-v1]"
[2026-10-06 14:12:44.813] [out] [delivery_module] DBG 2026-10-06 14:12:44.813+02:00 New connection established: client         tid=17256911
[2026-10-06 14:12:44.814] [out] [delivery_module] DBG 2026-10-06 14:12:44.814+02:00 Lookup query                               topics="kad-dht find" tid=17256911 peer=16U*7ZEp3L
[2026-10-06 14:12:44.814] [out] [delivery_module] DBG 2026-10-06 14:12:44.814+02:00 Lookup query                               topics="kad-dht find" tid=17256911 peer=16U*B3TT6o
[2026-10-06 14:12:47.816] [out] [delivery_module] DBG 2026-10-06 14:12:47.816+02:00 Dialing failed                             topics="libp2p dialer" tid=17256911 description="quic dial timed out after 3s" peerId=16U*B3TT6o address=/ip4/172.20.10.14/udp/53555/quic-v1 hostname=172.20.10.14
[2026-10-06 14:12:47.816] [out] [delivery_module] DBG 2026-10-06 14:12:47.816+02:00 Expanded address and hostname              topics="libp2p dialer" tid=17256911 expandedAddress=/ip4/172.20.10.14/tcp/56336 hostname=172.20.10.14 resolvedAddresses="[/ip4/172.20.10.14/tcp/56336]"
[2026-10-06 14:12:47.816] [out] [delivery_module] DBG 2026-10-06 14:12:47.816+02:00 Dialing failed                             topics="libp2p dialer" tid=17256911 description="TcpTransport dial error: (61) Connection refused" peerId=16U*B3TT6o address=/ip4/172.20.10.14/tcp/56336 hostname=172.20.10.14
[2026-10-06 14:12:47.817] [out] [delivery_module] DBG 2026-10-06 14:12:47.816+02:00 Error dialing                              topics="libp2p dialer" tid=17256911 conn=nil peerId=16U*B3TT6o protos="[/logos/service-discovery/1.0.0]" addrs="[/ip4/172.20.10.14/udp/53555/quic-v1, /ip4/172.20.10.14/tcp/56336]" description="Unable to establish outgoing link in establishConnection: peer_id=16U*B3TT6o addrs=@[/ip4/172.20.10.14/udp/53555/quic-v1, /ip4/172.20.10.14/tcp/56336]"
[2026-10-06 14:12:47.817] [out] [delivery_module] DBG 2026-10-06 14:12:47.817+02:00 Dialing peer                               topics="libp2p dialer" tid=17256911 peerId=16U*B3TT6o addrs="[/ip4/172.20.10.14/udp/53555/quic-v1, /ip4/172.20.10.14/tcp/56336]"
[2026-10-06 14:12:47.817] [out] [delivery_module] DBG 2026-10-06 14:12:47.817+02:00 Expanded address and hostname              topics="libp2p dialer" tid=17256911 expandedAddress=/ip4/172.20.10.14/udp/53555/quic-v1 hostname=172.20.10.14 resolvedAddresses="[/ip4/172.20.10.14/udp/53555/quic-v1]"
[2026-10-06 14:12:47.817] [out] [delivery_module] DBG 2026-10-06 14:12:47.817+02:00 New connection established: client         tid=17256911
[2026-10-06 14:12:49.814] [out] [delivery_module] DBG 2026-10-06 14:12:49.814+02:00 Kad lookup: RPC error                      topics="kad-dht find" tid=17256911 peer=16U*7ZEp3L msg="dialStage: timed out dialing the peer"
[2026-10-06 14:12:49.815] [out] [delivery_module] DBG 2026-10-06 14:12:49.815+02:00 Lookup query                               topics="kad-dht find" tid=17256911 peer=16U*NSkuby
[2026-10-06 14:12:49.815] [out] [delivery_module] DBG 2026-10-06 14:12:49.815+02:00 Lookup query                               topics="kad-dht find" tid=17256911 peer=16U*TwqBiH
[2026-10-06 14:12:49.815] [out] [delivery_module] DBG 2026-10-06 14:12:49.815+02:00 Lookup query                               topics="kad-dht find" tid=17256911 peer=16U*VpJprH
[2026-10-06 14:12:49.815] [out] [delivery_module] DBG 2026-10-06 14:12:49.815+02:00 Lookup query                               topics="kad-dht find" tid=17256911 peer=16U*T3UNSE
[2026-10-06 14:12:49.815] [out] [delivery_module] DBG 2026-10-06 14:12:49.815+02:00 Lookup query                               topics="kad-dht find" tid=17256911 peer=16U*P1S397
[2026-10-06 14:12:49.815] [out] [delivery_module] DBG 2026-10-06 14:12:49.815+02:00 Lookup query                               topics="kad-dht find" tid=17256911 peer=16U*kGyuEP
[2026-10-06 14:12:49.815] [out] [delivery_module] DBG 2026-10-06 14:12:49.815+02:00 Lookup query                               topics="kad-dht find" tid=17256911 peer=16U*P1S397
[2026-10-06 14:12:49.815] [out] [delivery_module] DBG 2026-10-06 14:12:49.815+02:00 Lookup query                               topics="kad-dht find" tid=17256911 peer=16U*T3UNSE
[2026-10-06 14:12:49.815] [out] [delivery_module] DBG 2026-10-06 14:12:49.815+02:00 Lookup query                               topics="kad-dht find" tid=17256911 peer=16U*VpJprH
[2026-10-06 14:12:49.815] [out] [delivery_module] DBG 2026-10-06 14:12:49.815+02:00 Lookup query                               topics="kad-dht find" tid=17256911 peer=16U*kGyuEP
[2026-10-06 14:12:49.815] [out] [delivery_module] DBG 2026-10-06 14:12:49.815+02:00 Lookup query                               topics="kad-dht find" tid=17256911 peer=16U*NSkuby
[2026-10-06 14:12:49.815] [out] [delivery_module] DBG 2026-10-06 14:12:49.815+02:00 Lookup query                               topics="kad-dht find" tid=17256911 peer=16U*TwqBiH
[2026-10-06 14:12:49.815] [out] [delivery_module] DBG 2026-10-06 14:12:49.815+02:00 Lookup query                               topics="kad-dht find" tid=17256911 peer=16U*kGyuEP
[2026-10-06 14:12:49.815] [out] [delivery_module] DBG 2026-10-06 14:12:49.815+02:00 Lookup query                               topics="kad-dht find" tid=17256911 peer=16U*T3UNSE
[2026-10-06 14:12:49.815] [out] [delivery_module] DBG 2026-10-06 14:12:49.815+02:00 Lookup query                               topics="kad-dht find" tid=17256911 peer=16U*P1S397
[2026-10-06 14:12:49.815] [out] [delivery_module] DBG 2026-10-06 14:12:49.815+02:00 Lookup query                               topics="kad-dht find" tid=17256911 peer=16U*VpJprH
[2026-10-06 14:12:49.815] [out] [delivery_module] DBG 2026-10-06 14:12:49.815+02:00 Lookup query                               topics="kad-dht find" tid=17256911 peer=16U*TwqBiH
[2026-10-06 14:12:49.815] [out] [delivery_module] DBG 2026-10-06 14:12:49.815+02:00 Lookup query                               topics="kad-dht find" tid=17256911 peer=16U*NSkuby
[2026-10-06 14:12:49.862] [out] [delivery_module] DBG 2026-10-06 14:12:49.862+02:00 dialMe answer is not reachable             topics="libp2p autonatservice" tid=17256911 description="Peer could not dial us back: Dial timeout" peerId=16Uiu2HAm8Y9kgBNtjxvCnf1X6gnZJW5EGE4UwwCL3CCm55TwqBiH
[2026-10-06 14:12:49.862] [out] [delivery_module] DBG 2026-10-06 14:12:49.862+02:00 Current status                             topics="libp2p autonatservice" tid=17256911 currentStats=Unknown confidence=none() answers=[NotReachable, NotReachable]
[2026-10-06 14:12:50.819] [out] [delivery_module] DBG 2026-10-06 14:12:50.819+02:00 Dialing failed                             topics="libp2p dialer" tid=17256911 description="quic dial timed out after 3s" peerId=16U*B3TT6o address=/ip4/172.20.10.14/udp/53555/quic-v1 hostname=172.20.10.14
[2026-10-06 14:12:50.819] [out] [delivery_module] DBG 2026-10-06 14:12:50.819+02:00 Expanded address and hostname              topics="libp2p dialer" tid=17256911 expandedAddress=/ip4/172.20.10.14/tcp/56336 hostname=172.20.10.14 resolvedAddresses="[/ip4/172.20.10.14/tcp/56336]"
[2026-10-06 14:12:50.819] [out] [delivery_module] DBG 2026-10-06 14:12:50.819+02:00 Dialing failed                             topics="libp2p dialer" tid=17256911 description="TcpTransport dial error: (61) Connection refused" peerId=16U*B3TT6o address=/ip4/172.20.10.14/tcp/56336 hostname=172.20.10.14
[2026-10-06 14:12:50.820] [out] [delivery_module] DBG 2026-10-06 14:12:50.820+02:00 Error dialing                              topics="libp2p dialer" tid=17256911 conn=nil peerId=16U*B3TT6o protos="[/logos/service-discovery/1.0.0]" addrs="[/ip4/172.20.10.14/udp/53555/quic-v1, /ip4/172.20.10.14/tcp/56336]" description="Unable to establish outgoing link in establishConnection: peer_id=16U*B3TT6o addrs=@[/ip4/172.20.10.14/udp/53555/quic-v1, /ip4/172.20.10.14/tcp/56336]"
[2026-10-06 14:12:51.864] [out] [delivery_module] WRN 2026-10-06 14:12:51.864+02:00 NAT port mapping failed                    topics="libp2p natservice" tid=17256911 port=56538 proto=mpTcp err="plum: mapping 0 failed"
[2026-10-06 14:12:53.308] [out] [delivery_module] DBG 2026-10-06 14:12:53.308+02:00 Dialing failed                             topics="libp2p dialer" tid=17256911 description="Timeout exceeded!" peerId=16U*7ZEp3L address=/ip4/192.168.1.3/tcp/49737 hostname=192.168.1.3
[2026-10-06 14:12:53.308] [out] [delivery_module] DBG 2026-10-06 14:12:53.308+02:00 Error dialing                              topics="libp2p dialer" tid=17256911 conn=nil peerId=16U*7ZEp3L protos="[/logos/service-discovery/1.0.0]" addrs="[/ip4/192.168.1.3/udp/56395/quic-v1, /ip4/192.168.1.3/tcp/49737]" description="Unable to establish outgoing link in establishConnection: peer_id=16U*7ZEp3L addrs=@[/ip4/192.168.1.3/udp/56395/quic-v1, /ip4/192.168.1.3/tcp/49737]"
[2026-10-06 14:12:53.308] [out] [delivery_module] DBG 2026-10-06 14:12:53.308+02:00 Dialing peer                               topics="libp2p dialer" tid=17256911 peerId=16U*7ZEp3L addrs="[/ip4/192.168.1.3/udp/56395/quic-v1, /ip4/192.168.1.3/tcp/49737]"
[2026-10-06 14:12:53.308] [out] [delivery_module] DBG 2026-10-06 14:12:53.308+02:00 Expanded address and hostname              topics="libp2p dialer" tid=17256911 expandedAddress=/ip4/192.168.1.3/udp/56395/quic-v1 hostname=192.168.1.3 resolvedAddresses="[/ip4/192.168.1.3/udp/56395/quic-v1]"
[2026-10-06 14:12:53.308] [out] [delivery_module] DBG 2026-10-06 14:12:53.308+02:00 New connection established: client         tid=17256911
[2026-10-06 14:12:53.866] [out] [delivery_module] WRN 2026-10-06 14:12:53.866+02:00 NAT port mapping failed                    topics="libp2p natservice" tid=17256911 port=64579 proto=mpUdp err="plum: mapping 0 failed"
[2026-10-06 14:12:56.194] [out] [delivery_module] DBG 2026-10-06 14:12:56.194+02:00 Local table insertion                      tid=17256911 key=key:00250802122102168C9037738AA289AB06B174C5B0ABD036D6017B5A9E5E09F0C0E9598991C703 value=key:0A250802122102168C9037738AA289AB06B174C5B0ABD036D6017B5A9E5E09F0C0E9598991C703120203011ACF010A2700250802122102168C9037738AA289AB06B174C5B0ABD036D6017B5A9E5E09F0C0E9598991C7031093AE9D091A0A0A08042B63670A06765F1A0D0A0B042B63670A9102765FCD031A370A35363064656C69766572792D30322E61632D636E2D686F6E676B6F6E672D632E6C6F676F732E6465762E7374617475732E696D06765F222E0A0A2F6D69782F312E302E3012200894B2852890D244E045F2FF5875E03A6B18F233CCD2E5297F62F7546E93884D221B0A0F2F6C6F676F732F64656C69766572791208415141444C2F383D2A473045022100B039D1FB332840998B25F41593DBA2379245E916A65C664D94A3767FC15CF84602201E9EECA0F99DB3529A4FDB3DDD908010F54ED8B782AF2379E72A911D860BAC47
[2026-10-06 14:12:56.311] [out] [delivery_module] DBG 2026-10-06 14:12:56.311+02:00 Dialing failed                             topics="libp2p dialer" tid=17256911 description="quic dial timed out after 3s" peerId=16U*7ZEp3L address=/ip4/192.168.1.3/udp/56395/quic-v1 hostname=192.168.1.3
[2026-10-06 14:12:56.311] [out] [delivery_module] DBG 2026-10-06 14:12:56.311+02:00 Expanded address and hostname              topics="libp2p dialer" tid=17256911 expandedAddress=/ip4/192.168.1.3/tcp/49737 hostname=192.168.1.3 resolvedAddresses="[/ip4/192.168.1.3/tcp/49737]"
[2026-10-06 14:12:59.783] [out] [delivery_module] DBG 2026-10-06 14:12:59.783+02:00 getting adverts                            topics="service-disco discoverer" tid=17256911 serviceId=key:913B5C5DBE691438693215140388EC0C7DE80DE328BDE5BD7FC06F90568CEA40 registrar=16U*TwqBiH
[2026-10-06 14:12:59.784] [out] [delivery_module] DBG 2026-10-06 14:12:59.784+02:00 getting adverts                            topics="service-disco discoverer" tid=17256911 serviceId=key:913B5C5DBE691438693215140388EC0C7DE80DE328BDE5BD7FC06F90568CEA40 registrar=16U*NSkuby
[2026-10-06 14:12:59.784] [out] [delivery_module] DBG 2026-10-06 14:12:59.784+02:00 getting adverts                            topics="service-disco discoverer" tid=17256911 serviceId=key:913B5C5DBE691438693215140388EC0C7DE80DE328BDE5BD7FC06F90568CEA40 registrar=16U*EbzYfm
[2026-10-06 14:12:59.784] [out] [delivery_module] DBG 2026-10-06 14:12:59.784+02:00 Cannot insert self in routing table        topics="kad-dht rtable" tid=17256911 nodeId=key:00250802122103C6B6BE55A4825CB2931AC51DD418C5FA4A07ADBC1F86E96D3E56E76CE04D488C
[2026-10-06 14:12:59.784] [out] [delivery_module] DBG 2026-10-06 14:12:59.784+02:00 adverts found                              topics="service-disco discoverer" tid=17256911 serviceId=key:913B5C5DBE691438693215140388EC0C7DE80DE328BDE5BD7FC06F90568CEA40 remote=16U*EbzYfm count=0
[2026-10-06 14:12:59.785] [out] [delivery_module] DBG 2026-10-06 14:12:59.785+02:00 getting adverts                            topics="service-disco discoverer" tid=17256911 serviceId=key:E6738033B5D413D13CF58622CEB4EF8F392E8D4EB073B56A5486CB0431B2F5D8 registrar=16U*TwqBiH
[2026-10-06 14:12:59.785] [out] [delivery_module] DBG 2026-10-06 14:12:59.785+02:00 getting adverts                            topics="service-disco discoverer" tid=17256911 serviceId=key:E6738033B5D413D13CF58622CEB4EF8F392E8D4EB073B56A5486CB0431B2F5D8 registrar=16U*NSkuby
[2026-10-06 14:12:59.785] [out] [delivery_module] DBG 2026-10-06 14:12:59.785+02:00 getting adverts                            topics="service-disco discoverer" tid=17256911 serviceId=key:E6738033B5D413D13CF58622CEB4EF8F392E8D4EB073B56A5486CB0431B2F5D8 registrar=16U*EbzYfm
[2026-10-06 14:12:59.785] [out] [delivery_module] DBG 2026-10-06 14:12:59.785+02:00 Cannot insert self in routing table        topics="kad-dht rtable" tid=17256911 nodeId=key:00250802122103C6B6BE55A4825CB2931AC51DD418C5FA4A07ADBC1F86E96D3E56E76CE04D488C
[2026-10-06 14:12:59.785] [out] [delivery_module] DBG 2026-10-06 14:12:59.785+02:00 adverts found                              topics="service-disco discoverer" tid=17256911 serviceId=key:E6738033B5D413D13CF58622CEB4EF8F392E8D4EB073B56A5486CB0431B2F5D8 remote=16U*EbzYfm count=1
[2026-10-06 14:13:02.415] [out] [delivery_module] DBG 2026-10-06 14:13:02.415+02:00 adverts found                              topics="service-disco discoverer" tid=17256911 serviceId=key:913B5C5DBE691438693215140388EC0C7DE80DE328BDE5BD7FC06F90568CEA40 remote=16U*NSkuby count=3
[2026-10-06 14:13:02.532] [out] [delivery_module] DBG 2026-10-06 14:13:02.532+02:00 adverts found                              topics="service-disco discoverer" tid=17256911 serviceId=key:E6738033B5D413D13CF58622CEB4EF8F392E8D4EB073B56A5486CB0431B2F5D8 remote=16U*NSkuby count=4
[2026-10-06 14:13:02.534] [out] [delivery_module] DBG 2026-10-06 14:13:02.534+02:00 adverts found                              topics="service-disco discoverer" tid=17256911 serviceId=key:913B5C5DBE691438693215140388EC0C7DE80DE328BDE5BD7FC06F90568CEA40 remote=16U*TwqBiH count=2
[2026-10-06 14:13:02.534] [out] [delivery_module] DBG 2026-10-06 14:13:02.534+02:00 adverts found                              topics="service-disco discoverer" tid=17256911 serviceId=key:E6738033B5D413D13CF58622CEB4EF8F392E8D4EB073B56A5486CB0431B2F5D8 remote=16U*TwqBiH count=5
[2026-10-06 14:13:02.538] [out] [delivery_module] DBG 2026-10-06 14:13:02.538+02:00 getting adverts                            topics="service-disco discoverer" tid=17256911 serviceId=key:E6738033B5D413D13CF58622CEB4EF8F392E8D4EB073B56A5486CB0431B2F5D8 registrar=16U*kGyuEP
[2026-10-06 14:13:02.539] [out] [delivery_module] DBG 2026-10-06 14:13:02.539+02:00 getting adverts                            topics="service-disco discoverer" tid=17256911 serviceId=key:913B5C5DBE691438693215140388EC0C7DE80DE328BDE5BD7FC06F90568CEA40 registrar=16U*VpJprH
[2026-10-06 14:13:02.539] [out] [delivery_module] DBG 2026-10-06 14:13:02.539+02:00 getting adverts                            topics="service-disco discoverer" tid=17256911 serviceId=key:913B5C5DBE691438693215140388EC0C7DE80DE328BDE5BD7FC06F90568CEA40 registrar=16U*P1S397
[2026-10-06 14:13:02.539] [out] [delivery_module] DBG 2026-10-06 14:13:02.539+02:00 getting adverts                            topics="service-disco discoverer" tid=17256911 serviceId=key:913B5C5DBE691438693215140388EC0C7DE80DE328BDE5BD7FC06F90568CEA40 registrar=16U*T3UNSE
[2026-10-06 14:13:02.659] [out] [delivery_module] DBG 2026-10-06 14:13:02.659+02:00 calculateConnectionState                   tid=17256911 relayCount=6 storeClientCount=6 lightpushCount=6 filterCount=6
[2026-10-06 14:13:04.465] [out] [delivery_module] DBG 2026-10-06 14:13:04.465+02:00 adverts found                              topics="service-disco discoverer" tid=17256911 serviceId=key:913B5C5DBE691438693215140388EC0C7DE80DE328BDE5BD7FC06F90568CEA40 remote=16U*VpJprH count=3
[2026-10-06 14:13:04.529] [out] [delivery_module] DBG 2026-10-06 14:13:04.529+02:00 adverts found                              topics="service-disco discoverer" tid=17256911 serviceId=key:913B5C5DBE691438693215140388EC0C7DE80DE328BDE5BD7FC06F90568CEA40 remote=16U*P1S397 count=2
[2026-10-06 14:13:04.677] [out] [delivery_module] DBG 2026-10-06 14:13:04.677+02:00 adverts found                              topics="service-disco discoverer" tid=17256911 serviceId=key:E6738033B5D413D13CF58622CEB4EF8F392E8D4EB073B56A5486CB0431B2F5D8 remote=16U*kGyuEP count=1
[2026-10-06 14:13:04.677] [out] [delivery_module] DBG 2026-10-06 14:13:04.677+02:00 adverts found                              topics="service-disco discoverer" tid=17256911 serviceId=key:913B5C5DBE691438693215140388EC0C7DE80DE328BDE5BD7FC06F90568CEA40 remote=16U*T3UNSE count=2
[2026-10-06 14:13:04.679] [out] [delivery_module] DBG 2026-10-06 14:13:04.679+02:00 getting adverts                            topics="service-disco discoverer" tid=17256911 serviceId=key:E6738033B5D413D13CF58622CEB4EF8F392E8D4EB073B56A5486CB0431B2F5D8 registrar=16U*VpJprH
[2026-10-06 14:13:04.681] [out] [delivery_module] DBG 2026-10-06 14:13:04.681+02:00 getting adverts                            topics="service-disco discoverer" tid=17256911 serviceId=key:913B5C5DBE691438693215140388EC0C7DE80DE328BDE5BD7FC06F90568CEA40 registrar=16U*kGyuEP
[2026-10-06 14:13:07.115] [out] [delivery_module] DBG 2026-10-06 14:13:07.115+02:00 adverts found                              topics="service-disco discoverer" tid=17256911 serviceId=key:E6738033B5D413D13CF58622CEB4EF8F392E8D4EB073B56A5486CB0431B2F5D8 remote=16U*VpJprH count=4
[2026-10-06 14:13:07.117] [out] [delivery_module] DBG 2026-10-06 14:13:07.117+02:00 getting adverts                            topics="service-disco discoverer" tid=17256911 serviceId=key:E6738033B5D413D13CF58622CEB4EF8F392E8D4EB073B56A5486CB0431B2F5D8 registrar=16U*T3UNSE
[2026-10-06 14:13:07.117] [out] [delivery_module] DBG 2026-10-06 14:13:07.117+02:00 getting adverts                            topics="service-disco discoverer" tid=17256911 serviceId=key:E6738033B5D413D13CF58622CEB4EF8F392E8D4EB073B56A5486CB0431B2F5D8 registrar=16U*P1S397
[2026-10-06 14:13:08.550] [out] [delivery_module] DBG 2026-10-06 14:13:08.549+02:00 adverts found                              topics="service-disco discoverer" tid=17256911 serviceId=key:913B5C5DBE691438693215140388EC0C7DE80DE328BDE5BD7FC06F90568CEA40 remote=16U*kGyuEP count=4
[2026-10-06 14:13:08.552] [out] [delivery_module] DBG 2026-10-06 14:13:08.552+02:00 Peer added via service discovery           topics="waku service discovery" tid=17256911 source="service lookup" peerId=16Uiu2HAm8YokiNun9BkeA1ZRmhLbtNUvcwRr64F69tYj9fkGyuEP addresses="[/ip4/47.242.130.189/tcp/30303, /ip4/47.242.130.189/udp/30303/quic-v1, /dns4/delivery-01.ac-cn-hongkong-c.logos.dev.status.im/tcp/30303]" protocols="[/mix/1.0.0]"
[2026-10-06 14:13:08.552] [out] [delivery_module] DBG 2026-10-06 14:13:08.552+02:00 Peer added via service discovery           topics="waku service discovery" tid=17256911 source="service lookup" peerId=16Uiu2HAm4S1JYkuzDKLKQvwgAhZKs9otxXqt8SCGtB4hoJP1S397 addresses="[/ip4/136.119.156.87/tcp/30303, /ip4/136.119.156.87/udp/30303/quic-v1, /dns4/delivery-01.gc-us-central1-a.logos.dev.status.im/tcp/30303]" protocols="[/mix/1.0.0]"
[2026-10-06 14:13:08.552] [out] [delivery_module] DBG 2026-10-06 14:13:08.552+02:00 Peer added via service discovery           topics="waku service discovery" tid=17256911 source="service lookup" peerId=16Uiu2HAm8Y9kgBNtjxvCnf1X6gnZJW5EGE4UwwCL3CCm55TwqBiH addresses="[/ip4/34.123.201.25/tcp/30303, /ip4/34.123.201.25/udp/30303/quic-v1, /dns4/delivery-02.gc-us-central1-a.logos.dev.status.im/tcp/30303]" protocols="[/mix/1.0.0]"
[2026-10-06 14:13:08.552] [out] [delivery_module] DBG 2026-10-06 14:13:08.552+02:00 Peer added via service discovery           topics="waku service discovery" tid=17256911 source="service lookup" peerId=16Uiu2HAmMK7PYygBtKUQ8EHp7EfaD3bCEsJrkFooK8RQ2PVpJprH addresses="[/ip4/174.138.106.244/tcp/30303, /ip4/174.138.106.244/udp/30303/quic-v1, /dns4/delivery-02.do-ams3.logos.dev.status.im/tcp/30303]" protocols="[/mix/1.0.0]"
[2026-10-06 14:13:08.553] [out] [delivery_module] DBG 2026-10-06 14:13:08.552+02:00 Peer added via service discovery           topics="waku service discovery" tid=17256911 source="service lookup" peerId=16Uiu2HAmTUbnxLGT9JvV6mu9oPyDjqHK4Phs1VDJNUgESgNSkuby addresses="[/ip4/138.68.122.137/tcp/30303, /ip4/138.68.122.137/udp/30303/quic-v1, /dns4/delivery-01.do-ams3.logos.dev.status.im/tcp/30303]" protocols="[/mix/1.0.0]"
[2026-10-06 14:13:08.553] [out] [delivery_module] DBG 2026-10-06 14:13:08.553+02:00 Peer added via service discovery           topics="waku service discovery" tid=17256911 source="service lookup" peerId=16Uiu2HAkvwhGHKNry6LACrB8TmEFoCJKEX29XR5dDUzk3UT3UNSE addresses="[/ip4/43.99.103.10/tcp/30303, /ip4/43.99.103.10/udp/30303/quic-v1, /dns4/delivery-02.ac-cn-hongkong-c.logos.dev.status.im/tcp/30303]" protocols="[/mix/1.0.0]"
[2026-10-06 14:13:08.553] [out] [delivery_module] DBG 2026-10-06 14:13:08.553+02:00 Service lookup complete                    topics="waku service discovery" tid=17256911 service=/mix/1.0.0 found=6
[2026-10-06 14:13:08.554] [out] [delivery_module] DBG 2026-10-06 14:13:08.554+02:00 calculateConnectionState                   tid=17256911 relayCount=6 storeClientCount=6 lightpushCount=6 filterCount=6
[2026-10-06 14:13:08.772] [out] [delivery_module] DBG 2026-10-06 14:13:08.772+02:00 adverts found                              topics="service-disco discoverer" tid=17256911 serviceId=key:E6738033B5D413D13CF58622CEB4EF8F392E8D4EB073B56A5486CB0431B2F5D8 remote=16U*P1S397 count=7
[2026-10-06 14:13:08.834] [out] [delivery_module] DBG 2026-10-06 14:13:08.834+02:00 adverts found                              topics="service-disco discoverer" tid=17256911 serviceId=key:E6738033B5D413D13CF58622CEB4EF8F392E8D4EB073B56A5486CB0431B2F5D8 remote=16U*T3UNSE count=4
[2026-10-06 14:13:08.837] [out] [delivery_module] DBG 2026-10-06 14:13:08.837+02:00 Peer added via service discovery           topics="waku service discovery" tid=17256911 source="service lookup" peerId=16Uiu2HAmTUbnxLGT9JvV6mu9oPyDjqHK4Phs1VDJNUgESgNSkuby addresses="[/ip4/138.68.122.137/tcp/30303, /ip4/138.68.122.137/udp/30303/quic-v1, /dns4/delivery-01.do-ams3.logos.dev.status.im/tcp/30303]" protocols="[/logos/delivery]"
[2026-10-06 14:13:08.837] [out] [delivery_module] DBG 2026-10-06 14:13:08.837+02:00 Peer added via service discovery           topics="waku service discovery" tid=17256911 source="service lookup" peerId=16Uiu2HAm8YokiNun9BkeA1ZRmhLbtNUvcwRr64F69tYj9fkGyuEP addresses="[/ip4/47.242.130.189/tcp/30303, /ip4/47.242.130.189/udp/30303/quic-v1, /dns4/delivery-01.ac-cn-hongkong-c.logos.dev.status.im/tcp/30303]" protocols="[/logos/delivery]"
[2026-10-06 14:13:08.837] [out] [delivery_module] DBG 2026-10-06 14:13:08.837+02:00 Peer added via service discovery           topics="waku service discovery" tid=17256911 source="service lookup" peerId=16Uiu2HAm4S1JYkuzDKLKQvwgAhZKs9otxXqt8SCGtB4hoJP1S397 addresses="[/ip4/136.119.156.87/tcp/30303, /ip4/136.119.156.87/udp/30303/quic-v1, /dns4/delivery-01.gc-us-central1-a.logos.dev.status.im/tcp/30303]" protocols="[/logos/delivery]"
[2026-10-06 14:13:08.837] [out] [delivery_module] DBG 2026-10-06 14:13:08.837+02:00 Peer added via service discovery           topics="waku service discovery" tid=17256911 source="service lookup" peerId=16Uiu2HAmMK7PYygBtKUQ8EHp7EfaD3bCEsJrkFooK8RQ2PVpJprH addresses="[/ip4/174.138.106.244/tcp/30303, /ip4/174.138.106.244/udp/30303/quic-v1, /dns4/delivery-02.do-ams3.logos.dev.status.im/tcp/30303]" protocols="[/logos/delivery]"
[2026-10-06 14:13:08.837] [out] [delivery_module] DBG 2026-10-06 14:13:08.837+02:00 Peer added via service discovery           topics="waku service discovery" tid=17256911 source="service lookup" peerId=16Uiu2HAmS2ghD4cPnqYLzMDfso5yM6nsTVyN5iH7YDz1ctEbzYfm addresses="[/ip4/172.20.10.14/tcp/56538, /ip4/172.20.10.14/udp/64579/quic-v1]" protocols="[/logos/delivery]"
[2026-10-06 14:13:08.837] [out] [delivery_module] DBG 2026-10-06 14:13:08.837+02:00 Peer added via service discovery           topics="waku service discovery" tid=17256911 source="service lookup" peerId=16Uiu2HAm8Y9kgBNtjxvCnf1X6gnZJW5EGE4UwwCL3CCm55TwqBiH addresses="[/ip4/34.123.201.25/tcp/30303, /ip4/34.123.201.25/udp/30303/quic-v1, /dns4/delivery-02.gc-us-central1-a.logos.dev.status.im/tcp/30303]" protocols="[/logos/delivery]"
[2026-10-06 14:13:08.838] [out] [delivery_module] DBG 2026-10-06 14:13:08.838+02:00 Peer added via service discovery           topics="waku service discovery" tid=17256911 source="service lookup" peerId=16Uiu2HAmAResE15q4BDR96fpXuErsrxP4kzNDeA9LpPsbh7ZEp3L addresses="[/ip4/192.168.1.3/tcp/49737, /ip4/192.168.1.3/udp/56395/quic-v1]" protocols="[/logos/delivery]"
[2026-10-06 14:13:08.838] [out] [delivery_module] DBG 2026-10-06 14:13:08.838+02:00 Peer added via service discovery           topics="waku service discovery" tid=17256911 source="service lookup" peerId=16Uiu2HAkvwhGHKNry6LACrB8TmEFoCJKEX29XR5dDUzk3UT3UNSE addresses="[/ip4/43.99.103.10/tcp/30303, /ip4/43.99.103.10/udp/30303/quic-v1, /dns4/delivery-02.ac-cn-hongkong-c.logos.dev.status.im/tcp/30303]" protocols="[/logos/delivery]"
[2026-10-06 14:13:08.838] [out] [delivery_module] DBG 2026-10-06 14:13:08.838+02:00 Service lookup complete                    topics="waku service discovery" tid=17256911 service=/logos/delivery found=8
[2026-10-06 14:13:08.840] [out] [delivery_module] DBG 2026-10-06 14:13:08.839+02:00 calculateConnectionState                   tid=17256911 relayCount=6 storeClientCount=6 lightpushCount=6 filterCount=6
[2026-10-06 14:13:10.718] [out] [delivery_module] DBG 2026-10-06 14:13:10.717+02:00 dialMe answer is not reachable             topics="libp2p autonatservice" tid=17256911 description="Peer could not dial us back: Dial timeout" peerId=16Uiu2HAmTUbnxLGT9JvV6mu9oPyDjqHK4Phs1VDJNUgESgNSkuby
[2026-10-06 14:13:10.718] [out] [delivery_module] DBG 2026-10-06 14:13:10.717+02:00 Current status                             topics="libp2p autonatservice" tid=17256911 currentStats=NotReachable confidence=ok(1.0) answers=[NotReachable, NotReachable, NotReachable]
[2026-10-06 14:13:10.718] [out] [delivery_module] DBG 2026-10-06 14:13:10.718+02:00 Peer reachability status                   tid=17256911 networkReachability=NotReachable confidence=1.0
[2026-10-06 14:13:12.721] [out] [delivery_module] WRN 2026-10-06 14:13:12.721+02:00 NAT port mapping failed                    topics="libp2p natservice" tid=17256911 port=56538 proto=mpTcp err="plum: mapping 0 failed"
[2026-10-06 14:13:14.724] [out] [delivery_module] WRN 2026-10-06 14:13:14.724+02:00 NAT port mapping failed                    topics="libp2p natservice" tid=17256911 port=64579 proto=mpUdp err="plum: mapping 0 failed"
[2026-10-06 14:13:14.725] [out] [delivery_module] INF 2026-10-06 14:13:14.725+02:00 Missed multiple heartbeats                 topics="libp2p autonatservice" tid=17256911 heartbeat="Scheduling AutonatService run" delay=30s28ms793us375ns hinterval=30s
[2026-10-06 14:13:16.894] [out] [delivery_module] DBG 2026-10-06 14:13:16.894+02:00 calculateConnectionState                   tid=17256911 relayCount=6 storeClientCount=6 lightpushCount=6 filterCount=6
[2026-10-06 14:13:21.268] [out] [storage_module] WRN 2026-10-06 14:13:21.268+02:00 No key for a QueryResponse                 topics="storage repostore" tid=17259433
[2026-10-06 14:13:23.309] [out] [delivery_module] DBG 2026-10-06 14:13:23.309+02:00 Dialing failed                             topics="libp2p dialer" tid=17256911 description="Timeout exceeded!" peerId=16U*7ZEp3L address=/ip4/192.168.1.3/tcp/49737 hostname=192.168.1.3
[2026-10-06 14:13:23.309] [out] [delivery_module] DBG 2026-10-06 14:13:23.309+02:00 Error dialing                              topics="libp2p dialer" tid=17256911 conn=nil peerId=16U*7ZEp3L protos="[/logos/service-discovery/1.0.0]" addrs="[/ip4/192.168.1.3/udp/56395/quic-v1, /ip4/192.168.1.3/tcp/49737]" description="Unable to establish outgoing link in establishConnection: peer_id=16U*7ZEp3L addrs=@[/ip4/192.168.1.3/udp/56395/quic-v1, /ip4/192.168.1.3/tcp/49737]"
[2026-10-06 14:13:23.309] [out] [delivery_module] DBG 2026-10-06 14:13:23.309+02:00 Dialing peer                               topics="libp2p dialer" tid=17256911 peerId=16U*7ZEp3L addrs="[/ip4/192.168.1.3/udp/56395/quic-v1, /ip4/192.168.1.3/tcp/49737]"
[2026-10-06 14:13:23.309] [out] [delivery_module] DBG 2026-10-06 14:13:23.309+02:00 Expanded address and hostname              topics="libp2p dialer" tid=17256911 expandedAddress=/ip4/192.168.1.3/udp/56395/quic-v1 hostname=192.168.1.3 resolvedAddresses="[/ip4/192.168.1.3/udp/56395/quic-v1]"
[2026-10-06 14:13:23.309] [out] [delivery_module] DBG 2026-10-06 14:13:23.309+02:00 New connection established: client         tid=17256911
[2026-10-06 14:13:26.311] [out] [delivery_module] DBG 2026-10-06 14:13:26.311+02:00 Dialing failed                             topics="libp2p dialer" tid=17256911 description="quic dial timed out after 3s" peerId=16U*7ZEp3L address=/ip4/192.168.1.3/udp/56395/quic-v1 hostname=192.168.1.3
[2026-10-06 14:13:26.312] [out] [delivery_module] DBG 2026-10-06 14:13:26.312+02:00 Expanded address and hostname              topics="libp2p dialer" tid=17256911 expandedAddress=/ip4/192.168.1.3/tcp/49737 hostname=192.168.1.3 resolvedAddresses="[/ip4/192.168.1.3/tcp/49737]"
