run-logos-standalone-ui: hot-reloading QML from <repo>/src/qml
  (export DEV_QML_PATH to override, or LOGOS_QML_HOT_RELOAD=0 to disable)
Session directory: "~/Library/Application Support/Logos/LogosStandalone"
[2026-10-06 15:18:14.662] [info] [logos] Granting host services to 'capability_module': token_registry,token_delivery
[2026-10-06 15:18:14.688] [out] [capability_module] [2026-10-06 15:18:14.688] [info] Granting host services to capability_module: ["token_registry","token_delivery"]
RemoteTransportConnection: Connecting to registry: "local:logos_capability_module_57bd0ad31861" at "15:18:14.689"
RemoteTransportConnection: Registry connect attempt started (no peer contact yet): "local:logos_capability_module_57bd0ad31861"
LogosAPIConsumer: Informing module token for module: "capability_module" with token: "redacted:e130f57a…"
RemoteTransportConnection: Requesting object: "capability_module" at "15:18:14.689"
[LogosObject] RemoteTransportConnection: returning RemoteLogosObject for: "capability_module"
[LogosObject] Created RemoteLogosObject wrapping QRemoteObjectReplica 105553157532480
[LogosObject] LogosAPIConsumer: calling LogosObject::informModuleToken for "capability_module"
LogosAPIConsumer: informModuleToken completed with result: true
[LogosObject] Destroying RemoteLogosObject 0
[2026-10-06 15:18:14.707] [info] [logos] Module loaded: capability_module
LogosAPIConsumer: Informing module token for module: "modules_state" with token: "redacted:44caa6f5…"
RemoteTransportConnection: Requesting object: "capability_module" at "15:18:14.733"
[LogosObject] RemoteTransportConnection: returning RemoteLogosObject for: "capability_module"
[LogosObject] Created RemoteLogosObject wrapping QRemoteObjectReplica 105553157433184
[LogosObject] LogosAPIConsumer: calling LogosObject::informModuleToken for "modules_state"
LogosAPIConsumer: informModuleToken completed with result: true
[LogosObject] Destroying RemoteLogosObject 0
[2026-10-06 15:18:14.733] [info] [logos] Module loaded: modules_state
RemoteTransportConnection: Connecting to registry: "local:logos_modules_state_57bd0ad31861" at "15:18:14.733"
RemoteTransportConnection: Registry connect attempt started (no peer contact yet): "local:logos_modules_state_57bd0ad31861"
RemoteTransportConnection: Connecting to registry: "local:logos_capability_module_57bd0ad31861" at "15:18:14.733"
RemoteTransportConnection: Registry connect attempt started (no peer contact yet): "local:logos_capability_module_57bd0ad31861"
LogosAPIConsumer: '"modules_state"::""' deferred pending the module becoming reachable
LogosAPIConsumer: '"modules_state"::""' deferred pending the module becoming reachable
Logos Core started (modules dir: "/nix/store/4v2cj5cr5dlsjb9cl0blr0cds0qf07iv-logos-forum_module-plugin-dir-modules" )
Set app icon from metadata: "/nix/store/agx6s2sv529a79k6ic56nwp05smklvis-logos-forum_module-plugin-dir/src/icons/icon.png"
[2026-10-06 15:18:14.768] [info] [logos] [delivery_module] DeliveryModuleImpl: Initializing...
LogosAPIConsumer: Informing module token for module: "delivery_module" with token: "redacted:542a5886…"
RemoteTransportConnection: Requesting object: "capability_module" at "15:18:14.769"
[LogosObject] RemoteTransportConnection: returning RemoteLogosObject for: "capability_module"
[LogosObject] Created RemoteLogosObject wrapping QRemoteObjectReplica 105553157383744
[LogosObject] LogosAPIConsumer: calling LogosObject::informModuleToken for "delivery_module"
LogosAPIConsumer: informModuleToken completed with result: true
[LogosObject] Destroying RemoteLogosObject 0
[2026-10-06 15:18:14.770] [info] [logos] Module loaded: delivery_module
RemoteTransportConnection: Connecting to registry: "local:logos_delivery_module_57bd0ad31861" at "15:18:14.770"
RemoteTransportConnection: Registry connect attempt started (no peer contact yet): "local:logos_delivery_module_57bd0ad31861"
RemoteTransportConnection: Connecting to registry: "local:logos_capability_module_57bd0ad31861" at "15:18:14.770"
RemoteTransportConnection: Registry connect attempt started (no peer contact yet): "local:logos_capability_module_57bd0ad31861"
LogosAPIConsumer: '"delivery_module"::""' deferred pending the module becoming reachable
LogosAPIClient: getToken for module: "modules_state"
LogosAPIClient: Found token for module: "modules_state"
RemoteTransportConnection: Requesting object: "modules_state" at "15:18:14.771"
[LogosObject] RemoteTransportConnection: returning RemoteLogosObject for: "modules_state"
[LogosObject] Created RemoteLogosObject wrapping QRemoteObjectReplica 105553157383456
[LogosObject] LogosAPIConsumer: async calling via LogosObject::callMethodAsync "note_transition"
[LogosObject] RemoteLogosObject::callMethodAsync "note_transition" args: 7
LogosAPIClient: getToken for module: "modules_state"
LogosAPIClient: Found token for module: "modules_state"
[LogosObject] LogosAPIConsumer: async calling via LogosObject::callMethodAsync "note_transition"
[LogosObject] RemoteLogosObject::callMethodAsync "note_transition" args: 7
Loaded dependency (with transitive deps): "delivery_module"
[2026-10-06 15:18:14.796] [info] [logos] [storage_module] StorageModuleImpl: Initializing...
LogosAPIConsumer: Informing module token for module: "storage_module" with token: "redacted:ec89ace2…"
RemoteTransportConnection: Requesting object: "capability_module" at "15:18:14.797"
[LogosObject] Created RemoteLogosObject wrapping QRemoteObjectReplica 105553157579712
LogosAPIClient: invoking remote method "modules_state" "apply_snapshot" args_count: 1
LogosAPIClient: getToken for module: "modules_state"
LogosAPIClient: Found token for module: "modules_state"
LogosAPIConsumer: Calling invokeRemoteMethod: "modules_state" "apply_snapshot" args_count: 1 timeout: 20000
[LogosObject] LogosAPIConsumer: calling via LogosObject::callMethod "apply_snapshot"
[LogosObject] RemoteLogosObject::callMethod "apply_snapshot" args: 1
[LogosObject] Created RemoteLogosObject wrapping QRemoteObjectReplica 105553157386528
LogosAPIClient: getToken for module: "modules_state"
LogosAPIClient: Found token for module: "modules_state"
[LogosObject] LogosAPIConsumer: async calling via LogosObject::callMethodAsync "note_transition"
[LogosObject] RemoteLogosObject::callMethodAsync "note_transition" args: 7
LogosAPIClient: getToken for module: "modules_state"
LogosAPIClient: Found token for module: "modules_state"
[LogosObject] LogosAPIConsumer: async calling via LogosObject::callMethodAsync "note_transition"
[LogosObject] RemoteLogosObject::callMethodAsync "note_transition" args: 7
[2026-10-06 15:18:14.797] [info] [logos] Pushed module snapshot to modules_state
LogosAPIClient: getToken for module: "modules_state"
LogosAPIClient: Found token for module: "modules_state"
[LogosObject] LogosAPIConsumer: async calling via LogosObject::callMethodAsync "note_transition"
[LogosObject] RemoteLogosObject::callMethodAsync "note_transition" args: 7
[LogosObject] RemoteTransportConnection: returning RemoteLogosObject for: "capability_module"
[LogosObject] Created RemoteLogosObject wrapping QRemoteObjectReplica 105553157655968
[LogosObject] LogosAPIConsumer: calling LogosObject::informModuleToken for "storage_module"
LogosAPIConsumer: informModuleToken completed with result: true
[LogosObject] Destroying RemoteLogosObject 0
[2026-10-06 15:18:14.797] [info] [logos] Module loaded: storage_module
RemoteTransportConnection: Connecting to registry: "local:logos_storage_module_57bd0ad31861" at "15:18:14.798"
RemoteTransportConnection: Registry connect attempt started (no peer contact yet): "local:logos_storage_module_57bd0ad31861"
RemoteTransportConnection: Connecting to registry: "local:logos_capability_module_57bd0ad31861" at "15:18:14.798"
RemoteTransportConnection: Registry connect attempt started (no peer contact yet): "local:logos_capability_module_57bd0ad31861"
LogosAPIConsumer: '"storage_module"::""' deferred pending the module becoming reachable
LogosAPIClient: getToken for module: "modules_state"
LogosAPIClient: Found token for module: "modules_state"
[LogosObject] LogosAPIConsumer: async calling via LogosObject::callMethodAsync "note_transition"
[LogosObject] RemoteLogosObject::callMethodAsync "note_transition" args: 7
Loaded dependency (with transitive deps): "storage_module"
DEV_QML_PATH override active: <repo>/src/qml/Main.qml
RemoteTransportConnection: Connecting to registry: "local:logos_capability_module_57bd0ad31861" at "15:18:14.798"
RemoteTransportConnection: Registry connect attempt started (no peer contact yet): "local:logos_capability_module_57bd0ad31861"
LogosAPIConsumer: Informing module token for module: "forum_module" with token: "redacted:ebe49c2e…"
RemoteTransportConnection: Requesting object: "capability_module" at "15:18:14.798"
[LogosObject] RemoteTransportConnection: returning RemoteLogosObject for: "capability_module"
[LogosObject] Created RemoteLogosObject wrapping QRemoteObjectReplica 105553157357856
[LogosObject] LogosAPIConsumer: calling LogosObject::informModuleToken for "forum_module"
[LogosObject] Created RemoteLogosObject wrapping QRemoteObjectReplica 105553157358912
LogosAPIClient: getToken for module: "modules_state"
LogosAPIClient: Found token for module: "modules_state"
[LogosObject] LogosAPIConsumer: async calling via LogosObject::callMethodAsync "note_transition"
[LogosObject] RemoteLogosObject::callMethodAsync "note_transition" args: 7
LogosAPIConsumer: informModuleToken completed with result: true
[LogosObject] Destroying RemoteLogosObject 0
Loaded UI plugin: "/nix/store/agx6s2sv529a79k6ic56nwp05smklvis-logos-forum_module-plugin-dir"
[QmlInspector] Inspector server listening on port 3768
[QmlInspector] Client connected from "::1"
[2026-10-06 15:18:22.578] [warning] [logos] [capability_module] Warning: QObject::connect: No such signal ::eventResponse(QString,QVariantList)
[2026-10-06 15:18:22.578] [info] [logos] [delivery_module] DeliveryModuleImpl::getNodeInfo called with nodeInfoId: MyPeerId
[2026-10-06 15:18:22.578] [info] [logos] [delivery_module] DeliveryModuleImpl: Cannot get node info - context not initialized. Call createNode first.
[2026-10-06 15:18:22.578] [info] [logos] [delivery_module] DeliveryModuleImpl::createNode called
[2026-10-06 15:18:22.584] [info] [logos] [delivery_module] DeliveryModuleImpl: Waiting for createNode callback...
[2026-10-06 15:18:22.585] [out] [delivery_module] DBG 2026-10-06 15:18:22.585+02:00 Whether to mount storeSync is not specified, defaulting to not mounting topics="waku conf builder" tid=17476470
[2026-10-06 15:18:22.585] [out] [delivery_module] NTC 2026-10-06 15:18:22.585+02:00 No node key provided, generated a new one; identity will not persist across restarts topics="waku conf builder" tid=17476470
[2026-10-06 15:18:22.585] [out] [delivery_module] INF 2026-10-06 15:18:22.585+02:00 Sharding configuration:                    topics="waku conf builder" tid=17476470 shardingConf="(kind: AutoSharding, numShardsInCluster: 8)" subscribeShards="@[0, 1, 2, 3, 4, 5, 6, 7]"
[2026-10-06 15:18:22.585] [out] [delivery_module] INF 2026-10-06 15:18:22.585+02:00 Configuration: Enabled protocols           topics="waku conf" tid=17476470 relay=true rlnRelay=false store=false filter=true lightPush=true peerExchange=true rendezvous=true
[2026-10-06 15:18:22.585] [out] [delivery_module] INF 2026-10-06 15:18:22.585+02:00 Configuration. Network                     topics="waku conf" tid=17476470 cluster=3
[2026-10-06 15:18:22.585] [out] [delivery_module] DBG 2026-10-06 15:18:22.585+02:00 Configuration. Active Relay Shards         topics="waku conf" tid=17476470 shard=0
[2026-10-06 15:18:22.585] [out] [delivery_module] DBG 2026-10-06 15:18:22.585+02:00 Configuration. Active Relay Shards         topics="waku conf" tid=17476470 shard=1
[2026-10-06 15:18:22.585] [out] [delivery_module] DBG 2026-10-06 15:18:22.585+02:00 Configuration. Active Relay Shards         topics="waku conf" tid=17476470 shard=2
[2026-10-06 15:18:22.585] [out] [delivery_module] DBG 2026-10-06 15:18:22.585+02:00 Configuration. Active Relay Shards         topics="waku conf" tid=17476470 shard=3
[2026-10-06 15:18:22.585] [out] [delivery_module] DBG 2026-10-06 15:18:22.585+02:00 Configuration. Active Relay Shards         topics="waku conf" tid=17476470 shard=4
[2026-10-06 15:18:22.585] [out] [delivery_module] DBG 2026-10-06 15:18:22.585+02:00 Configuration. Active Relay Shards         topics="waku conf" tid=17476470 shard=5
[2026-10-06 15:18:22.585] [out] [delivery_module] DBG 2026-10-06 15:18:22.585+02:00 Configuration. Active Relay Shards         topics="waku conf" tid=17476470 shard=6
[2026-10-06 15:18:22.585] [out] [delivery_module] DBG 2026-10-06 15:18:22.585+02:00 Configuration. Active Relay Shards         topics="waku conf" tid=17476470 shard=7
[2026-10-06 15:18:22.586] [out] [delivery_module] INF 2026-10-06 15:18:22.586+02:00 Setting up storage                         tid=17476470
[2026-10-06 15:18:22.586] [out] [delivery_module] INF 2026-10-06 15:18:22.586+02:00 Initializing node                          tid=17476470
[2026-10-06 15:18:22.586] [out] [delivery_module] DBG 2026-10-06 15:18:22.586+02:00 Setting up NATService                      topics="libp2p natservice" tid=17476470 portMapping=true reachability=false holePunching=false
[2026-10-06 15:18:22.586] [out] [delivery_module] INF 2026-10-06 15:18:22.586+02:00 Initializing networking                    tid=17476470 addrs="@[/ip4/0.0.0.0/tcp/0, /ip4/0.0.0.0/udp/0/quic-v1]"
[2026-10-06 15:18:22.586] [out] [delivery_module] INF 2026-10-06 15:18:22.586+02:00 Mounting protocols                         tid=17476470
[2026-10-06 15:18:22.586] [out] [delivery_module] INF 2026-10-06 15:18:22.586+02:00 Created WakuMetadata protocol              topics="waku node" tid=17476470 clusterId=3 shards="[0, 1, 2, 3, 4, 5, 6, 7]"
[2026-10-06 15:18:22.586] [out] [delivery_module] INF 2026-10-06 15:18:22.586+02:00 Mounting mix protocol                      topics="waku node" tid=17476470INF 2026-10-06 15:18:22.586+02:00 node info                                  topics="waku node" tid=17476470 wakuInfo="(listenAddresses: [/ip4/0.0.0.0/tcp/0/p2p/16Uiu2HAmJqbWmBU2xEzfqgxD1q264pmXeLfLQCXsVTn9sp6iYifn, /ip4/0.0.0.0/udp/0/quic-v1/p2p/16Uiu2HAmJqbWmBU2xEzfqgxD1q264pmXeLfLQCXsVTn9sp6iYifn], enrUri: enr:-JO4QHYko12NHGMDEmKilD8QWi5OLjWCyvLl-L-4tB1oYTrPcOMgLoPXxDM0YO-F5iCAfYdWsjaRt6dwDp4Nq5B-Ij0BgmlkgnY0gnJzkwADCAAAAAEAAgADAAQABQAGAAeJc2VjcDI1NmsxoQNb3bBencyogMqqfiOjJSidgdSpR5ZRGtqP3mYkHFUm1YV3YWt1Mi0, mixPubKey: none())"
[2026-10-06 15:18:22.586] [out] [delivery_module]  nodeId="(listenAddresses: [/ip4/0.0.0.0/tcp/0/p2p/16Uiu2HAmJqbWmBU2xEzfqgxD1q264pmXeLfLQCXsVTn9sp6iYifn, /ip4/0.0.0.0/udp/0/quic-v1/p2p/16Uiu2HAmJqbWmBU2xEzfqgxD1q264pmXeLfLQCXsVTn9sp6iYifn], enrUri: enr:-JO4QHYko12NHGMDEmKilD8QWi5OLjWCyvLl-L-4tB1oYTrPcOMgLoPXxDM0YO-F5iCAfYdWsjaRt6dwDp4Nq5B-Ij0BgmlkgnY0gnJzkwADCAAAAAEAAgADAAQABQAGAAeJc2VjcDI1NmsxoQNb3bBencyogMqqfiOjJSidgdSpR5ZRGtqP3mYkHFUm1YV3YWt1Mi0, mixPubKey: none())"
[2026-10-06 15:18:22.586] [out] [delivery_module] INF 2026-10-06 15:18:22.586+02:00 local addr                                 topics="waku node" tid=17476470 localaddr=/ip4/0.0.0.0/tcp/0
[2026-10-06 15:18:22.586] [out] [delivery_module] INF 2026-10-06 15:18:22.586+02:00 mixPubKey                                  topics="waku node" tid=17476470 mixPubKey="[119, 123, 28, 37, 46, 6, 156, 94, 40, 90, 8, 177, 17, 225, 66, 91, 188, 71, 243, 231, 217, 100, 148, 196, 231, 90, 231, 5, 99, 153, 165, 22]"
[2026-10-06 15:18:22.586] [out] [delivery_module] INF 2026-10-06 15:18:22.586+02:00 Using mix bootstrap nodes                  topics="waku mix" tid=17476470 entries=0 poolSize=0
[2026-10-06 15:18:22.586] [out] [delivery_module] INF 2026-10-06 15:18:22.586+02:00 Mix cannot publish yet, waiting for more mix nodes topics="waku node" tid=17476470 poolSize=0 required=4
[2026-10-06 15:18:22.587] [out] [delivery_module] INF 2026-10-06 15:18:22.587+02:00 mounting store client                      topics="waku node store api" tid=17476470
[2026-10-06 15:18:22.587] [out] [delivery_module] INF 2026-10-06 15:18:22.587+02:00 Mounting auto sharding                     topics="waku node" tid=17476470 clusterId=3 shardCount=8
[2026-10-06 15:18:22.587] [out] [delivery_module] DBG 2026-10-06 15:18:22.587+02:00 Shards created from content topics         tid=17476470 contentTopics=[] shards=[]
[2026-10-06 15:18:22.587] [out] [delivery_module] DBG 2026-10-06 15:18:22.587+02:00 Setting max message size                   tid=17476470 num_bytes=153600
[2026-10-06 15:18:22.587] [out] [delivery_module] INF 2026-10-06 15:18:22.587+02:00 mounting relay protocol                    topics="waku node relay api" tid=17476470
[2026-10-06 15:18:22.587] [out] [delivery_module] DBG 2026-10-06 15:18:22.587+02:00 relay mounted successfully                 topics="waku node relay api" tid=17476470
[2026-10-06 15:18:22.587] [out] [delivery_module] DBG 2026-10-06 15:18:22.587+02:00 Adding validator to signed shards          tid=17476470 protectedShards=[] clusterId=3
[2026-10-06 15:18:22.587] [out] [delivery_module] INF 2026-10-06 15:18:22.587+02:00 Mounting rendezvous discovery protocol     topics="waku node" tid=17476470
[2026-10-06 15:18:22.587] [out] [delivery_module] INF 2026-10-06 15:18:22.587+02:00 Waku rendezvous initialized                topics="waku node" tid=17476470 clusterId=3 shards="[0, 1, 2, 3, 4, 5, 6, 7]" capabilities="[Relay, Filter, Lightpush, Mix]" wakuPeerRecord="(peerId: 16U*6iYifn, seqNo: 1791292702, addresses: [/ip4/0.0.0.0/tcp/0, /ip4/0.0.0.0/udp/0/quic-v1], mixKey: 0x777b1c252e069c5e285a08b111e1425bbc47f3e7d96494c4e75ae7056399a516)"
[2026-10-06 15:18:22.587] [out] [delivery_module] INF 2026-10-06 15:18:22.587+02:00 Mounting rendezvous client                 topics="waku node" tid=17476470
[2026-10-06 15:18:22.587] [out] [delivery_module] INF 2026-10-06 15:18:22.587+02:00 Waku rendezvous client initialized         topics="waku node" tid=17476470 clusterId=3
[2026-10-06 15:18:22.587] [out] [delivery_module] INF 2026-10-06 15:18:22.587+02:00 mounting libp2p ping protocol              topics="waku node ping api" tid=17476470
[2026-10-06 15:18:22.587] [out] [delivery_module] INF 2026-10-06 15:18:22.587+02:00 mounting light push                        topics="waku node lightpush api" tid=17476470
[2026-10-06 15:18:22.587] [out] [delivery_module] INF 2026-10-06 15:18:22.587+02:00 mounting lightpush with relay              topics="waku node lightpush api" tid=17476470
[2026-10-06 15:18:22.587] [out] [delivery_module] DBG 2026-10-06 15:18:22.587+02:00 lightpush mounted successfully             topics="waku node lightpush api" tid=17476470
[2026-10-06 15:18:22.587] [out] [delivery_module] INF 2026-10-06 15:18:22.587+02:00 mounting legacy light push                 topics="waku node lightpush api" tid=17476470
[2026-10-06 15:18:22.587] [out] [delivery_module] INF 2026-10-06 15:18:22.587+02:00 mounting legacy lightpush with relay       topics="waku node lightpush api" tid=17476470
[2026-10-06 15:18:22.587] [out] [delivery_module] DBG 2026-10-06 15:18:22.587+02:00 legacy lightpush mounted successfully      topics="waku node lightpush api" tid=17476470
[2026-10-06 15:18:22.587] [out] [delivery_module] INF 2026-10-06 15:18:22.587+02:00 mounting light push client                 topics="waku node lightpush api" tid=17476470
[2026-10-06 15:18:22.587] [out] [delivery_module] INF 2026-10-06 15:18:22.587+02:00 mounting legacy light push client          topics="waku node lightpush api" tid=17476470
[2026-10-06 15:18:22.587] [out] [delivery_module] INF 2026-10-06 15:18:22.587+02:00 mounting filter protocol                   topics="waku node filter api" tid=17476470
[2026-10-06 15:18:22.587] [out] [delivery_module] INF 2026-10-06 15:18:22.587+02:00 Starting filter protocol                   topics="waku filter" tid=17476470
[2026-10-06 15:18:22.587] [out] [delivery_module] DBG 2026-10-06 15:18:22.587+02:00 Starting to maintain subscriptions         topics="waku filter" tid=17476470
[2026-10-06 15:18:22.587] [out] [delivery_module] DBG 2026-10-06 15:18:22.587+02:00 Maintaining subscriptions                  topics="waku filter" tid=17476470
[2026-10-06 15:18:22.587] [out] [delivery_module] DBG 2026-10-06 15:18:22.587+02:00 Cleanup                                    topics="waku filter subscriptions" tid=17476470 currentPeerIds=[]
[2026-10-06 15:18:22.587] [out] [delivery_module] DBG 2026-10-06 15:18:22.587+02:00 After cleanup                              topics="waku filter subscriptions" tid=17476470 currentPeerIds=[]
[2026-10-06 15:18:22.587] [out] [delivery_module] INF 2026-10-06 15:18:22.587+02:00 mounting filter client                     topics="waku node filter api" tid=17476470
[2026-10-06 15:18:22.587] [out] [delivery_module] INF 2026-10-06 15:18:22.587+02:00 mounting waku peer exchange                topics="waku node peerexchange api" tid=17476470
[2026-10-06 15:18:22.587] [out] [delivery_module] INF 2026-10-06 15:18:22.587+02:00 mounting waku peer exchange client         topics="waku node peerexchange api" tid=17476470
[2026-10-06 15:18:22.587] [out] [delivery_module] INF 2026-10-06 15:18:22.587+02:00 No external callbacks to be set            topics="wakunode waku" tid=17476470
[2026-10-06 15:18:22.587] [out] [delivery_module] INF 2026-10-06 15:18:22.587+02:00 Setting up AutonatService                  topics="libp2p autonatservice" tid=17476470
[2026-10-06 15:18:22.587] [info] [logos] [delivery_module] DeliveryModuleImpl::createNode callback called with ret: 0
[2026-10-06 15:18:22.588] [info] [logos] [delivery_module] DeliveryModuleImpl: Delivery context created successfully
[2026-10-06 15:18:22.588] [info] [logos] [delivery_module] DeliveryModuleImpl::start called
[2026-10-06 15:18:22.588] [out] [delivery_module] INF 2026-10-06 15:18:22.588+02:00 Retrieve dynamic bootstrap nodes           topics="wakunode waku" tid=17476470
[2026-10-06 15:18:22.588] [info] [logos] [delivery_module] DeliveryModuleImpl::getNodeInfo called with nodeInfoId: MyPeerId
[2026-10-06 15:18:22.588] [out] [delivery_module] INF 2026-10-06 15:18:22.588+02:00 Running nwaku node                         tid=17476470 version=v0.39.0-gca2814
[2026-10-06 15:18:22.589] [out] [delivery_module] INF 2026-10-06 15:18:22.589+02:00 Starting Waku node                         topics="waku node" tid=17476470 version=v0.39.0-gca2814
[2026-10-06 15:18:22.589] [out] [delivery_module] DBG 2026-10-06 15:18:22.589+02:00 Waku rendezvous periodic requests started  topics="waku rendezvous client" tid=17476470 interval=10s
[2026-10-06 15:18:22.589] [out] [delivery_module] INF 2026-10-06 15:18:22.589+02:00 Waku rendezvous client started             topics="waku rendezvous client" tid=17476470
[2026-10-06 15:18:22.589] [out] [delivery_module] DBG 2026-10-06 15:18:22.589+02:00 starting switch for peer                   topics="libp2p switch" tid=17476470 peerInfo="(peerId: 16Uiu2HAmJqbWmBU2xEzfqgxD1q264pmXeLfLQCXsVTn9sp6iYifn, listenAddrs: [/ip4/0.0.0.0/tcp/0, /ip4/0.0.0.0/udp/0/quic-v1], addrs: [], protocols: [/ipfs/id/1.0.0, /libp2p/autonat/1.0.0, /libp2p/circuit/relay/0.2.0/hop, /vac/waku/metadata/1.0.0, /mix/1.0.0, /logos/service-discovery/1.0.0, /vac/waku/relay/2.0.0, /vac/waku/rendezvous/1.0.0, /ipfs/ping/1.0.0, /vac/waku/lightpush/3.0.0, /vac/waku/lightpush/2.0.0-beta1, /vac/waku/filter-subscribe/2.0.0-beta1, /vac/waku/filter-push/2.0.0-beta1, /vac/waku/peer-exchange/2.0.0-alpha1], protoVersion: ipfs/0.1.0, agentVersion: logos-delivery-v0.39.0-gca2814)"
[2026-10-06 15:18:22.589] [out] [delivery_module] DBG 2026-10-06 15:18:22.589+02:00 No private listen addresses to map; releasing any prior mappings topics="libp2p natservice" tid=17476470
[2026-10-06 15:18:22.589] [out] [delivery_module] DBG 2026-10-06 15:18:22.589+02:00 Configured QUIC UDP receive buffer         tid=17476470 requestedBytes=8388608 effectiveBytes=8388608
[2026-10-06 15:18:22.589] [out] [delivery_module] DBG 2026-10-06 15:18:22.589+02:00 About to accept incoming connection        topics="libp2p switch" tid=17476470
[2026-10-06 15:18:22.589] [out] [delivery_module] DBG 2026-10-06 15:18:22.589+02:00 About to accept incoming connection        topics="libp2p switch" tid=17476470
[2026-10-06 15:18:22.589] [out] [delivery_module] DBG 2026-10-06 15:18:22.589+02:00 No private listen addresses to map; releasing any prior mappings topics="libp2p natservice" tid=17476470
[2026-10-06 15:18:22.590] [out] [delivery_module] DBG 2026-10-06 15:18:22.590+02:00 Lookup query                               topics="kad-dht find" tid=17476470 peer=16U*P1S397
[2026-10-06 15:18:22.590] [out] [delivery_module] DBG 2026-10-06 15:18:22.590+02:00 Dialing peer                               topics="libp2p dialer" tid=17476470 peerId=16U*P1S397 addrs="[/dns4/delivery-01.gc-us-central1-a.logos.dev.status.im/tcp/30303]"
[2026-10-06 15:18:22.590] [out] [delivery_module] DBG 2026-10-06 15:18:22.590+02:00 resolved addresses                         topics="libp2p dialer" tid=17476470 originalAddresses=/dns4/delivery-01.gc-us-central1-a.logos.dev.status.im/tcp/30303/p2p/16Uiu2HAm4S1JYkuzDKLKQvwgAhZKs9otxXqt8SCGtB4hoJP1S397 resolvedAddresses="[/dns4/delivery-01.gc-us-central1-a.logos.dev.status.im/tcp/30303/p2p/16Uiu2HAm4S1JYkuzDKLKQvwgAhZKs9otxXqt8SCGtB4hoJP1S397]"
[2026-10-06 15:18:22.590] [out] [delivery_module] DBG 2026-10-06 15:18:22.590+02:00 Lookup query                               topics="kad-dht find" tid=17476470 peer=16U*T3UNSE
[2026-10-06 15:18:22.590] [out] [delivery_module] DBG 2026-10-06 15:18:22.590+02:00 Dialing peer                               topics="libp2p dialer" tid=17476470 peerId=16U*T3UNSE addrs="[/dns4/delivery-02.ac-cn-hongkong-c.logos.dev.status.im/tcp/30303]"
[2026-10-06 15:18:22.590] [out] [delivery_module] DBG 2026-10-06 15:18:22.590+02:00 resolved addresses                         topics="libp2p dialer" tid=17476470 originalAddresses=/dns4/delivery-02.ac-cn-hongkong-c.logos.dev.status.im/tcp/30303/p2p/16Uiu2HAkvwhGHKNry6LACrB8TmEFoCJKEX29XR5dDUzk3UT3UNSE resolvedAddresses="[/dns4/delivery-02.ac-cn-hongkong-c.logos.dev.status.im/tcp/30303/p2p/16Uiu2HAkvwhGHKNry6LACrB8TmEFoCJKEX29XR5dDUzk3UT3UNSE]"
[2026-10-06 15:18:22.590] [out] [delivery_module] DBG 2026-10-06 15:18:22.590+02:00 Lookup query                               topics="kad-dht find" tid=17476470 peer=16U*VpJprH
[2026-10-06 15:18:22.590] [out] [delivery_module] DBG 2026-10-06 15:18:22.590+02:00 Dialing peer                               topics="libp2p dialer" tid=17476470 peerId=16U*VpJprH addrs="[/dns4/delivery-02.do-ams3.logos.dev.status.im/tcp/30303]"
[2026-10-06 15:18:22.590] [out] [delivery_module] DBG 2026-10-06 15:18:22.590+02:00 resolved addresses                         topics="libp2p dialer" tid=17476470 originalAddresses=/dns4/delivery-02.do-ams3.logos.dev.status.im/tcp/30303/p2p/16Uiu2HAmMK7PYygBtKUQ8EHp7EfaD3bCEsJrkFooK8RQ2PVpJprH resolvedAddresses="[/dns4/delivery-02.do-ams3.logos.dev.status.im/tcp/30303/p2p/16Uiu2HAmMK7PYygBtKUQ8EHp7EfaD3bCEsJrkFooK8RQ2PVpJprH]"
[2026-10-06 15:18:22.590] [out] [delivery_module] DBG 2026-10-06 15:18:22.590+02:00 Lookup query                               topics="kad-dht find" tid=17476470 peer=16U*kGyuEP
[2026-10-06 15:18:22.590] [out] [delivery_module] DBG 2026-10-06 15:18:22.590+02:00 Dialing peer                               topics="libp2p dialer" tid=17476470 peerId=16U*kGyuEP addrs="[/dns4/delivery-01.ac-cn-hongkong-c.logos.dev.status.im/tcp/30303]"
[2026-10-06 15:18:22.590] [out] [delivery_module] DBG 2026-10-06 15:18:22.590+02:00 resolved addresses                         topics="libp2p dialer" tid=17476470 originalAddresses=/dns4/delivery-01.ac-cn-hongkong-c.logos.dev.status.im/tcp/30303/p2p/16Uiu2HAm8YokiNun9BkeA1ZRmhLbtNUvcwRr64F69tYj9fkGyuEP resolvedAddresses="[/dns4/delivery-01.ac-cn-hongkong-c.logos.dev.status.im/tcp/30303/p2p/16Uiu2HAm8YokiNun9BkeA1ZRmhLbtNUvcwRr64F69tYj9fkGyuEP]"
[2026-10-06 15:18:22.590] [out] [delivery_module] DBG 2026-10-06 15:18:22.590+02:00 Lookup query                               topics="kad-dht find" tid=17476470 peer=16U*NSkuby
[2026-10-06 15:18:22.590] [out] [delivery_module] DBG 2026-10-06 15:18:22.590+02:00 Dialing peer                               topics="libp2p dialer" tid=17476470 peerId=16U*NSkuby addrs="[/dns4/delivery-01.do-ams3.logos.dev.status.im/tcp/30303]"
[2026-10-06 15:18:22.590] [out] [delivery_module] DBG 2026-10-06 15:18:22.590+02:00 resolved addresses                         topics="libp2p dialer" tid=17476470 originalAddresses=/dns4/delivery-01.do-ams3.logos.dev.status.im/tcp/30303/p2p/16Uiu2HAmTUbnxLGT9JvV6mu9oPyDjqHK4Phs1VDJNUgESgNSkuby resolvedAddresses="[/dns4/delivery-01.do-ams3.logos.dev.status.im/tcp/30303/p2p/16Uiu2HAmTUbnxLGT9JvV6mu9oPyDjqHK4Phs1VDJNUgESgNSkuby]"
[2026-10-06 15:18:22.591] [out] [delivery_module] DBG 2026-10-06 15:18:22.591+02:00 Lookup query                               topics="kad-dht find" tid=17476470 peer=16U*TwqBiH
[2026-10-06 15:18:22.591] [out] [delivery_module] DBG 2026-10-06 15:18:22.591+02:00 Dialing peer                               topics="libp2p dialer" tid=17476470 peerId=16U*TwqBiH addrs="[/dns4/delivery-02.gc-us-central1-a.logos.dev.status.im/tcp/30303]"
[2026-10-06 15:18:22.591] [out] [delivery_module] DBG 2026-10-06 15:18:22.591+02:00 resolved addresses                         topics="libp2p dialer" tid=17476470 originalAddresses=/dns4/delivery-02.gc-us-central1-a.logos.dev.status.im/tcp/30303/p2p/16Uiu2HAm8Y9kgBNtjxvCnf1X6gnZJW5EGE4UwwCL3CCm55TwqBiH resolvedAddresses="[/dns4/delivery-02.gc-us-central1-a.logos.dev.status.im/tcp/30303/p2p/16Uiu2HAm8Y9kgBNtjxvCnf1X6gnZJW5EGE4UwwCL3CCm55TwqBiH]"
[2026-10-06 15:18:22.591] [out] [delivery_module] ERR 2026-10-06 15:18:22.591+02:00 Failed to create signed extended peer record topics="service-discovery" tid=17476470 error="no dialable address to publish yet"
[2026-10-06 15:18:22.591] [out] [delivery_module] INF 2026-10-06 15:18:22.591+02:00 Service Discovery started                  topics="service-discovery" tid=17476470
[2026-10-06 15:18:22.591] [out] [delivery_module] INF 2026-10-06 15:18:22.591+02:00 start                                      topics="waku relay" tid=17476470
[2026-10-06 15:18:22.591] [out] [delivery_module] DBG 2026-10-06 15:18:22.591+02:00 Waku rendezvous periodic registration started topics="waku rendezvous" tid=17476470 interval=10s
[2026-10-06 15:18:22.591] [out] [delivery_module] INF 2026-10-06 15:18:22.591+02:00 Waku rendezvous discovery started          topics="waku rendezvous" tid=17476470
[2026-10-06 15:18:22.591] [out] [delivery_module] DBG 2026-10-06 15:18:22.591+02:00 Started libp2p node                        topics="libp2p switch" tid=17476470 peer="(peerId: 16Uiu2HAmJqbWmBU2xEzfqgxD1q264pmXeLfLQCXsVTn9sp6iYifn, listenAddrs: [/ip4/0.0.0.0/tcp/60333, /ip4/0.0.0.0/udp/58497/quic-v1], addrs: [/ip4/0.0.0.0/tcp/60333, /ip4/0.0.0.0/udp/58497/quic-v1], protocols: [/ipfs/id/1.0.0, /libp2p/autonat/1.0.0, /libp2p/circuit/relay/0.2.0/hop, /vac/waku/metadata/1.0.0, /mix/1.0.0, /logos/service-discovery/1.0.0, /vac/waku/relay/2.0.0, /vac/waku/rendezvous/1.0.0, /ipfs/ping/1.0.0, /vac/waku/lightpush/3.0.0, /vac/waku/lightpush/2.0.0-beta1, /vac/waku/filter-subscribe/2.0.0-beta1, /vac/waku/filter-push/2.0.0-beta1, /vac/waku/peer-exchange/2.0.0-alpha1], protoVersion: ipfs/0.1.0, agentVersion: logos-delivery-v0.39.0-gca2814)"
[2026-10-06 15:18:22.592] [out] [delivery_module] INF 2026-10-06 15:18:22.592+02:00 Announced base resolved                    topics="waku node" tid=17476470 addrs="@[/ip4/172.20.10.14/tcp/60333, /ip4/172.20.10.14/udp/58497/quic-v1]" explicit=@[]
[2026-10-06 15:18:22.595] [info] [logos] [delivery_module] DeliveryModuleImpl::subscribe called with contentTopic: /lp0026forum/1/general/text
[2026-10-06 15:18:22.595] [out] [delivery_module] DBG 2026-10-06 15:18:22.595+02:00 Subscribing to pubsub topic                topics="waku relay" tid=17476470 pubsubTopic=/waku/2/rs/3/7
[2026-10-06 15:18:22.595] [info] [logos] [delivery_module] DeliveryModuleImpl: Subscribe completed for topic: /lp0026forum/1/general/text with success
[2026-10-06 15:18:22.595] [out] [delivery_module] DBG 2026-10-06 15:18:22.595+02:00 No mesh peer for the given pubsub topic    topics="waku relay" tid=17476470 pubsubTopic=/waku/2/rs/3/7
[2026-10-06 15:18:22.730] [out] [delivery_module] INF 2026-10-06 15:18:22.730+02:00 Using mix bootstrap nodes                  topics="waku mix" tid=17476470 entries=1 poolSize=1
[2026-10-06 15:18:22.731] [out] [delivery_module] DBG 2026-10-06 15:18:22.731+02:00 Expanded address and hostname              topics="libp2p dialer" tid=17476470 expandedAddress=/dns4/delivery-02.do-ams3.logos.dev.status.im/tcp/30303 hostname=delivery-02.do-ams3.logos.dev.status.im resolvedAddresses="[/ip4/174.138.106.244/tcp/30303]"
[2026-10-06 15:18:22.731] [out] [delivery_module] INF 2026-10-06 15:18:22.731+02:00 Using mix bootstrap nodes                  topics="waku mix" tid=17476470 entries=1 poolSize=2
[2026-10-06 15:18:22.731] [out] [delivery_module] INF 2026-10-06 15:18:22.731+02:00 Using mix bootstrap nodes                  topics="waku mix" tid=17476470 entries=1 poolSize=3
[2026-10-06 15:18:22.731] [out] [delivery_module] DBG 2026-10-06 15:18:22.731+02:00 Expanded address and hostname              topics="libp2p dialer" tid=17476470 expandedAddress=/dns4/delivery-02.ac-cn-hongkong-c.logos.dev.status.im/tcp/30303 hostname=delivery-02.ac-cn-hongkong-c.logos.dev.status.im resolvedAddresses="[/ip4/43.99.103.10/tcp/30303]"
[2026-10-06 15:18:22.731] [out] [delivery_module] DBG 2026-10-06 15:18:22.731+02:00 Expanded address and hostname              topics="libp2p dialer" tid=17476470 expandedAddress=/dns4/delivery-01.gc-us-central1-a.logos.dev.status.im/tcp/30303 hostname=delivery-01.gc-us-central1-a.logos.dev.status.im resolvedAddresses="[/ip4/136.119.156.87/tcp/30303]"
[2026-10-06 15:18:22.731] [out] [delivery_module] DBG 2026-10-06 15:18:22.731+02:00 Expanded address and hostname              topics="libp2p dialer" tid=17476470 expandedAddress=/dns4/delivery-02.gc-us-central1-a.logos.dev.status.im/tcp/30303 hostname=delivery-02.gc-us-central1-a.logos.dev.status.im resolvedAddresses="[/ip4/34.123.201.25/tcp/30303]"
[2026-10-06 15:18:22.731] [out] [delivery_module] INF 2026-10-06 15:18:22.731+02:00 Using mix bootstrap nodes                  topics="waku mix" tid=17476470 entries=1 poolSize=4
[2026-10-06 15:18:22.732] [out] [delivery_module] INF 2026-10-06 15:18:22.732+02:00 Using mix bootstrap nodes                  topics="waku mix" tid=17476470 entries=1 poolSize=5
[2026-10-06 15:18:22.732] [out] [delivery_module] DBG 2026-10-06 15:18:22.732+02:00 Expanded address and hostname              topics="libp2p dialer" tid=17476470 expandedAddress=/dns4/delivery-01.ac-cn-hongkong-c.logos.dev.status.im/tcp/30303 hostname=delivery-01.ac-cn-hongkong-c.logos.dev.status.im resolvedAddresses="[/ip4/47.242.130.189/tcp/30303]"
[2026-10-06 15:18:22.775] [out] [delivery_module] DBG 2026-10-06 15:18:22.775+02:00 Expanded address and hostname              topics="libp2p dialer" tid=17476470 expandedAddress=/dns4/delivery-01.do-ams3.logos.dev.status.im/tcp/30303 hostname=delivery-01.do-ams3.logos.dev.status.im resolvedAddresses="[/ip4/138.68.122.137/tcp/30303]"
[2026-10-06 15:18:22.775] [out] [delivery_module] INF 2026-10-06 15:18:22.775+02:00 Using mix bootstrap nodes                  topics="waku mix" tid=17476470 entries=1 poolSize=6
[2026-10-06 15:18:23.046] [out] [delivery_module] DBG 2026-10-06 15:18:23.046+02:00 Dial successful                            topics="libp2p dialer" tid=17476470 peerId=16U*VpJprH
[2026-10-06 15:18:23.047] [out] [delivery_module] DBG 2026-10-06 15:18:23.046+02:00 starting sendNonHighPriorityTask           topics="libp2p pubsubpeer" tid=17476470 p=16U*VpJprH
[2026-10-06 15:18:23.047] [out] [delivery_module] DBG 2026-10-06 15:18:23.047+02:00 created new pubsub peer                    topics="libp2p pubsub" tid=17476470 peerId=16U*VpJprH
[2026-10-06 15:18:23.047] [out] [delivery_module] DBG 2026-10-06 15:18:23.047+02:00 no listener registered                     tid=17476471 event=onConnectionChange
[2026-10-06 15:18:23.047] [out] [delivery_module] DBG 2026-10-06 15:18:23.047+02:00 Incoming WakuRelay connection              topics="waku relay" tid=17476470 connection=16U*VpJprH:6ac4f51fbeb075a26d02bfa3 protocol=/vac/waku/relay/2.0.0
[2026-10-06 15:18:23.048] [out] [delivery_module] DBG 2026-10-06 15:18:23.047+02:00 starting pubsub read loop                  topics="libp2p pubsubpeer" tid=17476470 stream=16U*VpJprH:6ac4f51fbeb075a26d02bfa3 peer=16U*VpJprH closed=false
[2026-10-06 15:18:23.073] [out] [delivery_module] DBG 2026-10-06 15:18:23.073+02:00 Dial successful                            topics="libp2p dialer" tid=17476470 peerId=16U*NSkuby
[2026-10-06 15:18:23.073] [out] [delivery_module] DBG 2026-10-06 15:18:23.073+02:00 starting sendNonHighPriorityTask           topics="libp2p pubsubpeer" tid=17476470 p=16U*NSkuby
[2026-10-06 15:18:23.073] [out] [delivery_module] DBG 2026-10-06 15:18:23.073+02:00 created new pubsub peer                    topics="libp2p pubsub" tid=17476470 peerId=16U*NSkuby
[2026-10-06 15:18:23.073] [out] [delivery_module] DBG 2026-10-06 15:18:23.073+02:00 no listener registered                     tid=17476471 event=onConnectionChange
[2026-10-06 15:18:23.074] [out] [delivery_module] DBG 2026-10-06 15:18:23.073+02:00 identify: info sent                        topics="libp2p identify" tid=17476470 stream=16U*VpJprH:6ac4f51fbeb075a26d02bfa6 info="(peerId: 16Uiu2HAmJqbWmBU2xEzfqgxD1q264pmXeLfLQCXsVTn9sp6iYifn, listenAddrs: [/ip4/0.0.0.0/tcp/60333, /ip4/0.0.0.0/udp/58497/quic-v1], addrs: [/ip4/0.0.0.0/tcp/60333, /ip4/0.0.0.0/udp/58497/quic-v1], protocols: [/ipfs/id/1.0.0, /libp2p/autonat/1.0.0, /libp2p/circuit/relay/0.2.0/hop, /vac/waku/metadata/1.0.0, /mix/1.0.0, /logos/service-discovery/1.0.0, /vac/waku/relay/2.0.0, /vac/waku/rendezvous/1.0.0, /ipfs/ping/1.0.0, /vac/waku/lightpush/3.0.0, /vac/waku/lightpush/2.0.0-beta1, /vac/waku/filter-subscribe/2.0.0-beta1, /vac/waku/filter-push/2.0.0-beta1, /vac/waku/peer-exchange/2.0.0-alpha1], protoVersion: ipfs/0.1.0, agentVersion: logos-delivery-v0.39.0-gca2814)"
[2026-10-06 15:18:23.074] [out] [delivery_module] DBG 2026-10-06 15:18:23.074+02:00 Incoming WakuRelay connection              topics="waku relay" tid=17476470 connection=16U*NSkuby:6ac4f51fbeb075a26d02bfa7 protocol=/vac/waku/relay/2.0.0
[2026-10-06 15:18:23.074] [out] [delivery_module] DBG 2026-10-06 15:18:23.074+02:00 starting pubsub read loop                  topics="libp2p pubsubpeer" tid=17476470 stream=16U*NSkuby:6ac4f51fbeb075a26d02bfa7 peer=16U*NSkuby closed=false
[2026-10-06 15:18:23.074] [out] [delivery_module] DBG 2026-10-06 15:18:23.074+02:00 identify: info sent                        topics="libp2p identify" tid=17476470 stream=16U*NSkuby:6ac4f51fbeb075a26d02bfa8 info="(peerId: 16Uiu2HAmJqbWmBU2xEzfqgxD1q264pmXeLfLQCXsVTn9sp6iYifn, listenAddrs: [/ip4/0.0.0.0/tcp/60333, /ip4/0.0.0.0/udp/58497/quic-v1], addrs: [/ip4/0.0.0.0/tcp/60333, /ip4/0.0.0.0/udp/58497/quic-v1], protocols: [/ipfs/id/1.0.0, /libp2p/autonat/1.0.0, /libp2p/circuit/relay/0.2.0/hop, /vac/waku/metadata/1.0.0, /mix/1.0.0, /logos/service-discovery/1.0.0, /vac/waku/relay/2.0.0, /vac/waku/rendezvous/1.0.0, /ipfs/ping/1.0.0, /vac/waku/lightpush/3.0.0, /vac/waku/lightpush/2.0.0-beta1, /vac/waku/filter-subscribe/2.0.0-beta1, /vac/waku/filter-push/2.0.0-beta1, /vac/waku/peer-exchange/2.0.0-alpha1], protoVersion: ipfs/0.1.0, agentVersion: logos-delivery-v0.39.0-gca2814)"
[2026-10-06 15:18:23.136] [out] [delivery_module] DBG 2026-10-06 15:18:23.136+02:00 starting pubsub read loop                  topics="libp2p pubsubpeer" tid=17476470 stream=16U*VpJprH:6ac4f51fbeb075a26d02bfa4 peer=16U*VpJprH closed=false
[2026-10-06 15:18:23.156] [out] [delivery_module] DBG 2026-10-06 15:18:23.156+02:00 identify: info received                    topics="libp2p identify" tid=17476470 stream=16U*NSkuby:6ac4f51fbeb075a26d02bfaa pubkey=ok(sec...9ab7)) addresses=/ip4/138.68.122.137/tcp/30303,/ip4/138.68.122.137/udp/30303/quic-v1,/dns4/delivery-01.do-ams3.logos.dev.status.im/tcp/30303 protocols=/ipfs/id/1.0.0,/libp2p/autonat/1.0.0,/libp2p/circuit/relay/0.2.0/hop,/vac/waku/metadata/1.0.0,/mix/1.0.0,/logos/service-discovery/1.0.0,/vac/waku/store-query/3.0.0,/vac/waku/relay/2.0.0,/vac/waku/rendezvous/1.0.0,/ipfs/ping/1.0.0,/vac/waku/lightpush/3.0.0,/vac/waku/lightpush/2.0.0-beta1,/vac/waku/filter-subscribe/2.0.0-beta1,/vac/waku/filter-push/2.0.0-beta1,/vac/waku/peer-exchange/2.0.0-alpha1 observable_address=ok(/ip4/47.64.115.67/tcp/5815) proto_version=ipfs/0.1.0 agent_version=logos-delivery-v0.39.0-g890397 signedPeerRecord=None
[2026-10-06 15:18:23.157] [out] [delivery_module] DBG 2026-10-06 15:18:23.157+02:00 starting pubsub read loop                  topics="libp2p pubsubpeer" tid=17476470 stream=16U*NSkuby:6ac4f51fbeb075a26d02bfa9 peer=16U*NSkuby closed=false
[2026-10-06 15:18:23.157] [out] [delivery_module] DBG 2026-10-06 15:18:23.157+02:00 Event identified                           topics="waku node peer_manager" tid=17476470 peerId=16U*NSkuby
[2026-10-06 15:18:23.157] [out] [delivery_module] DBG 2026-10-06 15:18:23.157+02:00 no listener registered                     tid=17476471 event=onConnectionChange
[2026-10-06 15:18:23.159] [out] [delivery_module] DBG 2026-10-06 15:18:23.159+02:00 identify: info received                    topics="libp2p identify" tid=17476470 stream=16U*VpJprH:6ac4f51fbeb075a26d02bfa5 pubkey=ok(sec...7631)) addresses=/ip4/174.138.106.244/tcp/30303,/ip4/174.138.106.244/udp/30303/quic-v1,/dns4/delivery-02.do-ams3.logos.dev.status.im/tcp/30303 protocols=/ipfs/id/1.0.0,/libp2p/autonat/1.0.0,/libp2p/circuit/relay/0.2.0/hop,/vac/waku/metadata/1.0.0,/mix/1.0.0,/logos/service-discovery/1.0.0,/vac/waku/store-query/3.0.0,/vac/waku/relay/2.0.0,/vac/waku/rendezvous/1.0.0,/ipfs/ping/1.0.0,/vac/waku/lightpush/3.0.0,/vac/waku/lightpush/2.0.0-beta1,/vac/waku/filter-subscribe/2.0.0-beta1,/vac/waku/filter-push/2.0.0-beta1,/vac/waku/peer-exchange/2.0.0-alpha1 observable_address=ok(/ip4/47.64.115.67/tcp/27182) proto_version=ipfs/0.1.0 agent_version=logos-delivery-v0.39.0-g890397 signedPeerRecord=None
[2026-10-06 15:18:23.159] [out] [delivery_module] DBG 2026-10-06 15:18:23.159+02:00 Event identified                           topics="waku node peer_manager" tid=17476470 peerId=16U*VpJprH
[2026-10-06 15:18:23.159] [out] [delivery_module] DBG 2026-10-06 15:18:23.159+02:00 no listener registered                     tid=17476471 event=onConnectionChange
[2026-10-06 15:18:23.239] [out] [delivery_module] DBG 2026-10-06 15:18:23.239+02:00 Received WakuMetadata request              topics="waku metadata" tid=17476470 remoteClusterId=ok(3) remoteShards="[5, 0, 2, 1, 4, 7, 3, 6]" localClusterId=3 localShards="[7]" peer=16U*NSkuby
[2026-10-06 15:18:23.247] [out] [delivery_module] DBG 2026-10-06 15:18:23.247+02:00 Received WakuMetadata request              topics="waku metadata" tid=17476470 remoteClusterId=ok(3) remoteShards="[5, 0, 2, 1, 4, 7, 3, 6]" localClusterId=3 localShards="[7]" peer=16U*VpJprH
[2026-10-06 15:18:23.247] [out] [delivery_module] DBG 2026-10-06 15:18:23.247+02:00 no listener registered                     tid=17476471 event=onTopicHealthChange
[2026-10-06 15:18:23.346] [out] [delivery_module] DBG 2026-10-06 15:18:23.346+02:00 no listener registered                     tid=17476471 event=onConnectionChange
[2026-10-06 15:18:23.348] [out] [delivery_module] DBG 2026-10-06 15:18:23.347+02:00 No mesh peer for the given pubsub topic    topics="waku relay" tid=17476470 pubsubTopic=/waku/2/rs/3/7
[2026-10-06 15:18:23.348] [out] [delivery_module] DBG 2026-10-06 15:18:23.348+02:00 no listener registered                     tid=17476471 event=onTopicHealthChange
[2026-10-06 15:18:23.466] [out] [delivery_module] DBG 2026-10-06 15:18:23.466+02:00 Dial successful                            topics="libp2p dialer" tid=17476470 peerId=16U*P1S397
[2026-10-06 15:18:23.466] [out] [delivery_module] DBG 2026-10-06 15:18:23.466+02:00 starting sendNonHighPriorityTask           topics="libp2p pubsubpeer" tid=17476470 p=16U*P1S397
[2026-10-06 15:18:23.466] [out] [delivery_module] DBG 2026-10-06 15:18:23.466+02:00 created new pubsub peer                    topics="libp2p pubsub" tid=17476470 peerId=16U*P1S397
[2026-10-06 15:18:23.466] [out] [delivery_module] DBG 2026-10-06 15:18:23.466+02:00 no listener registered                     tid=17476471 event=onConnectionChange
[2026-10-06 15:18:23.467] [out] [delivery_module] DBG 2026-10-06 15:18:23.467+02:00 Incoming WakuRelay connection              topics="waku relay" tid=17476470 connection=16U*P1S397:6ac4f51fbeb075a26d02bfb2 protocol=/vac/waku/relay/2.0.0
[2026-10-06 15:18:23.467] [out] [delivery_module] DBG 2026-10-06 15:18:23.467+02:00 starting pubsub read loop                  topics="libp2p pubsubpeer" tid=17476470 stream=16U*P1S397:6ac4f51fbeb075a26d02bfb2 peer=16U*P1S397 closed=false
[2026-10-06 15:18:23.467] [out] [delivery_module] DBG 2026-10-06 15:18:23.467+02:00 identify: info sent                        topics="libp2p identify" tid=17476470 stream=16U*P1S397:6ac4f51fbeb075a26d02bfb3 info="(peerId: 16Uiu2HAmJqbWmBU2xEzfqgxD1q264pmXeLfLQCXsVTn9sp6iYifn, listenAddrs: [/ip4/0.0.0.0/tcp/60333, /ip4/0.0.0.0/udp/58497/quic-v1], addrs: [/ip4/0.0.0.0/tcp/60333, /ip4/0.0.0.0/udp/58497/quic-v1], protocols: [/ipfs/id/1.0.0, /libp2p/autonat/1.0.0, /libp2p/circuit/relay/0.2.0/hop, /vac/waku/metadata/1.0.0, /mix/1.0.0, /logos/service-discovery/1.0.0, /vac/waku/relay/2.0.0, /vac/waku/rendezvous/1.0.0, /ipfs/ping/1.0.0, /vac/waku/lightpush/3.0.0, /vac/waku/lightpush/2.0.0-beta1, /vac/waku/filter-subscribe/2.0.0-beta1, /vac/waku/filter-push/2.0.0-beta1, /vac/waku/peer-exchange/2.0.0-alpha1], protoVersion: ipfs/0.1.0, agentVersion: logos-delivery-v0.39.0-gca2814)"
[2026-10-06 15:18:23.467] [out] [delivery_module] DBG 2026-10-06 15:18:23.467+02:00 no listener registered                     tid=17476471 event=onConnectionChange
[2026-10-06 15:18:23.647] [out] [delivery_module] DBG 2026-10-06 15:18:23.647+02:00 Dial successful                            topics="libp2p dialer" tid=17476470 peerId=16U*TwqBiH
[2026-10-06 15:18:23.647] [out] [delivery_module] DBG 2026-10-06 15:18:23.647+02:00 starting sendNonHighPriorityTask           topics="libp2p pubsubpeer" tid=17476470 p=16U*TwqBiH
[2026-10-06 15:18:23.647] [out] [delivery_module] DBG 2026-10-06 15:18:23.647+02:00 created new pubsub peer                    topics="libp2p pubsub" tid=17476470 peerId=16U*TwqBiH
[2026-10-06 15:18:23.647] [out] [delivery_module] DBG 2026-10-06 15:18:23.647+02:00 no listener registered                     tid=17476471 event=onConnectionChange
[2026-10-06 15:18:23.647] [out] [delivery_module] DBG 2026-10-06 15:18:23.647+02:00 Incoming WakuRelay connection              topics="waku relay" tid=17476470 connection=16U*TwqBiH:6ac4f51fbeb075a26d02bfb9 protocol=/vac/waku/relay/2.0.0
[2026-10-06 15:18:23.648] [out] [delivery_module] DBG 2026-10-06 15:18:23.647+02:00 starting pubsub read loop                  topics="libp2p pubsubpeer" tid=17476470 stream=16U*TwqBiH:6ac4f51fbeb075a26d02bfb9 peer=16U*TwqBiH closed=false
[2026-10-06 15:18:23.648] [out] [delivery_module] DBG 2026-10-06 15:18:23.648+02:00 identify: info sent                        topics="libp2p identify" tid=17476470 stream=16U*TwqBiH:6ac4f51fbeb075a26d02bfba info="(peerId: 16Uiu2HAmJqbWmBU2xEzfqgxD1q264pmXeLfLQCXsVTn9sp6iYifn, listenAddrs: [/ip4/0.0.0.0/tcp/60333, /ip4/0.0.0.0/udp/58497/quic-v1], addrs: [/ip4/0.0.0.0/tcp/60333, /ip4/0.0.0.0/udp/58497/quic-v1], protocols: [/ipfs/id/1.0.0, /libp2p/autonat/1.0.0, /libp2p/circuit/relay/0.2.0/hop, /vac/waku/metadata/1.0.0, /mix/1.0.0, /logos/service-discovery/1.0.0, /vac/waku/relay/2.0.0, /vac/waku/rendezvous/1.0.0, /ipfs/ping/1.0.0, /vac/waku/lightpush/3.0.0, /vac/waku/lightpush/2.0.0-beta1, /vac/waku/filter-subscribe/2.0.0-beta1, /vac/waku/filter-push/2.0.0-beta1, /vac/waku/peer-exchange/2.0.0-alpha1], protoVersion: ipfs/0.1.0, agentVersion: logos-delivery-v0.39.0-gca2814)"
[2026-10-06 15:18:23.943] [out] [delivery_module] DBG 2026-10-06 15:18:23.943+02:00 Dial successful                            topics="libp2p dialer" tid=17476470 peerId=16U*kGyuEP
[2026-10-06 15:18:23.944] [out] [delivery_module] DBG 2026-10-06 15:18:23.944+02:00 starting sendNonHighPriorityTask           topics="libp2p pubsubpeer" tid=17476470 p=16U*kGyuEP
[2026-10-06 15:18:23.944] [out] [delivery_module] DBG 2026-10-06 15:18:23.944+02:00 created new pubsub peer                    topics="libp2p pubsub" tid=17476470 peerId=16U*kGyuEP
[2026-10-06 15:18:23.944] [out] [delivery_module] DBG 2026-10-06 15:18:23.944+02:00 no listener registered                     tid=17476471 event=onConnectionChange
[2026-10-06 15:18:23.944] [out] [delivery_module] DBG 2026-10-06 15:18:23.944+02:00 identify: info received                    topics="libp2p identify" tid=17476470 stream=16U*P1S397:6ac4f51fbeb075a26d02bfb5 pubkey=ok(sec...97dc)) addresses=/ip4/136.119.156.87/tcp/30303,/ip4/136.119.156.87/udp/30303/quic-v1,/dns4/delivery-01.gc-us-central1-a.logos.dev.status.im/tcp/30303 protocols=/ipfs/id/1.0.0,/libp2p/autonat/1.0.0,/libp2p/circuit/relay/0.2.0/hop,/vac/waku/metadata/1.0.0,/mix/1.0.0,/logos/service-discovery/1.0.0,/vac/waku/store-query/3.0.0,/vac/waku/relay/2.0.0,/vac/waku/rendezvous/1.0.0,/ipfs/ping/1.0.0,/vac/waku/lightpush/3.0.0,/vac/waku/lightpush/2.0.0-beta1,/vac/waku/filter-subscribe/2.0.0-beta1,/vac/waku/filter-push/2.0.0-beta1,/vac/waku/peer-exchange/2.0.0-alpha1 observable_address=ok(/ip4/47.64.115.67/tcp/18983) proto_version=ipfs/0.1.0 agent_version=logos-delivery-v0.39.0-g890397 signedPeerRecord=None
[2026-10-06 15:18:23.944] [out] [delivery_module] DBG 2026-10-06 15:18:23.944+02:00 Incoming WakuRelay connection              topics="waku relay" tid=17476470 connection=16U*kGyuEP:6ac4f51fbeb075a26d02bfbe protocol=/vac/waku/relay/2.0.0
[2026-10-06 15:18:23.944] [out] [delivery_module] DBG 2026-10-06 15:18:23.944+02:00 starting pubsub read loop                  topics="libp2p pubsubpeer" tid=17476470 stream=16U*kGyuEP:6ac4f51fbeb075a26d02bfbe peer=16U*kGyuEP closed=false
[2026-10-06 15:18:23.944] [out] [delivery_module] DBG 2026-10-06 15:18:23.944+02:00 identify: info sent                        topics="libp2p identify" tid=17476470 stream=16U*kGyuEP:6ac4f51fbeb075a26d02bfbf info="(peerId: 16Uiu2HAmJqbWmBU2xEzfqgxD1q264pmXeLfLQCXsVTn9sp6iYifn, listenAddrs: [/ip4/0.0.0.0/tcp/60333, /ip4/0.0.0.0/udp/58497/quic-v1], addrs: [/ip4/0.0.0.0/tcp/60333, /ip4/0.0.0.0/udp/58497/quic-v1], protocols: [/ipfs/id/1.0.0, /libp2p/autonat/1.0.0, /libp2p/circuit/relay/0.2.0/hop, /vac/waku/metadata/1.0.0, /mix/1.0.0, /logos/service-discovery/1.0.0, /vac/waku/relay/2.0.0, /vac/waku/rendezvous/1.0.0, /ipfs/ping/1.0.0, /vac/waku/lightpush/3.0.0, /vac/waku/lightpush/2.0.0-beta1, /vac/waku/filter-subscribe/2.0.0-beta1, /vac/waku/filter-push/2.0.0-beta1, /vac/waku/peer-exchange/2.0.0-alpha1], protoVersion: ipfs/0.1.0, agentVersion: logos-delivery-v0.39.0-gca2814)"
[2026-10-06 15:18:23.944] [out] [delivery_module] DBG 2026-10-06 15:18:23.944+02:00 starting pubsub read loop                  topics="libp2p pubsubpeer" tid=17476470 stream=16U*P1S397:6ac4f51fbeb075a26d02bfb4 peer=16U*P1S397 closed=false
[2026-10-06 15:18:23.945] [out] [delivery_module] DBG 2026-10-06 15:18:23.945+02:00 Event identified                           topics="waku node peer_manager" tid=17476470 peerId=16U*P1S397
[2026-10-06 15:18:23.945] [out] [delivery_module] DBG 2026-10-06 15:18:23.945+02:00 no listener registered                     tid=17476471 event=onConnectionChange
[2026-10-06 15:18:23.946] [out] [delivery_module] DBG 2026-10-06 15:18:23.946+02:00 Dialing peer                               topics="libp2p dialer" tid=17476470 peerId=16U*7ZEp3L addrs="[/ip4/192.168.1.3/udp/56395/quic-v1, /ip4/192.168.1.3/tcp/49737]"
[2026-10-06 15:18:23.946] [out] [delivery_module] DBG 2026-10-06 15:18:23.946+02:00 Expanded address and hostname              topics="libp2p dialer" tid=17476470 expandedAddress=/ip4/192.168.1.3/udp/56395/quic-v1 hostname=192.168.1.3 resolvedAddresses="[/ip4/192.168.1.3/udp/56395/quic-v1]"
[2026-10-06 15:18:23.947] [out] [delivery_module] DBG 2026-10-06 15:18:23.946+02:00 New connection established: client         tid=17476470
[2026-10-06 15:18:23.947] [out] [delivery_module] DBG 2026-10-06 15:18:23.947+02:00 Dialing peer                               topics="libp2p dialer" tid=17476470 peerId=16U*axMHGL addrs="[/ip4/172.20.10.14/udp/57459/quic-v1, /ip4/172.20.10.14/tcp/60187]"
[2026-10-06 15:18:23.947] [out] [delivery_module] DBG 2026-10-06 15:18:23.947+02:00 Expanded address and hostname              topics="libp2p dialer" tid=17476470 expandedAddress=/ip4/172.20.10.14/udp/57459/quic-v1 hostname=172.20.10.14 resolvedAddresses="[/ip4/172.20.10.14/udp/57459/quic-v1]"
[2026-10-06 15:18:23.947] [out] [delivery_module] DBG 2026-10-06 15:18:23.947+02:00 New connection established: client         tid=17476470
[2026-10-06 15:18:23.948] [out] [delivery_module] DBG 2026-10-06 15:18:23.948+02:00 Dialing peer                               topics="libp2p dialer" tid=17476470 peerId=16U*dYNeLB addrs="[/ip4/172.20.10.14/udp/64211/quic-v1, /ip4/172.20.10.14/tcp/60188]"
[2026-10-06 15:18:23.948] [out] [delivery_module] DBG 2026-10-06 15:18:23.948+02:00 Expanded address and hostname              topics="libp2p dialer" tid=17476470 expandedAddress=/ip4/172.20.10.14/udp/64211/quic-v1 hostname=172.20.10.14 resolvedAddresses="[/ip4/172.20.10.14/udp/64211/quic-v1]"
[2026-10-06 15:18:23.948] [out] [delivery_module] DBG 2026-10-06 15:18:23.948+02:00 New connection established: client         tid=17476470
[2026-10-06 15:18:23.948] [out] [delivery_module] DBG 2026-10-06 15:18:23.948+02:00 Dialing peer                               topics="libp2p dialer" tid=17476470 peerId=16U*2FWeUS addrs="[/ip4/173.42.114.210/tcp/43243]"
[2026-10-06 15:18:23.948] [out] [delivery_module] DBG 2026-10-06 15:18:23.948+02:00 Expanded address and hostname              topics="libp2p dialer" tid=17476470 expandedAddress=/ip4/173.42.114.210/tcp/43243 hostname=173.42.114.210 resolvedAddresses="[/ip4/173.42.114.210/tcp/43243]"
[2026-10-06 15:18:23.948] [out] [delivery_module] DBG 2026-10-06 15:18:23.948+02:00 Dialing peer                               topics="libp2p dialer" tid=17476470 peerId=16U*oTfm5M addrs="[/ip4/10.1.0.15/udp/59973/quic-v1, /ip4/10.1.0.15/tcp/62674]"
[2026-10-06 15:18:23.948] [out] [delivery_module] DBG 2026-10-06 15:18:23.948+02:00 Expanded address and hostname              topics="libp2p dialer" tid=17476470 expandedAddress=/ip4/10.1.0.15/udp/59973/quic-v1 hostname=10.1.0.15 resolvedAddresses="[/ip4/10.1.0.15/udp/59973/quic-v1]"
[2026-10-06 15:18:23.948] [out] [delivery_module] DBG 2026-10-06 15:18:23.948+02:00 New connection established: client         tid=17476470
[2026-10-06 15:18:23.949] [out] [delivery_module] DBG 2026-10-06 15:18:23.949+02:00 Dialing peer                               topics="libp2p dialer" tid=17476470 peerId=16U*YJ3Zqc addrs="[/ip4/192.168.1.3/udp/58993/quic-v1, /ip4/192.168.1.3/tcp/56968]"
[2026-10-06 15:18:23.949] [out] [delivery_module] DBG 2026-10-06 15:18:23.949+02:00 Expanded address and hostname              topics="libp2p dialer" tid=17476470 expandedAddress=/ip4/192.168.1.3/udp/58993/quic-v1 hostname=192.168.1.3 resolvedAddresses="[/ip4/192.168.1.3/udp/58993/quic-v1]"
[2026-10-06 15:18:23.949] [out] [delivery_module] DBG 2026-10-06 15:18:23.949+02:00 New connection established: client         tid=17476470
[2026-10-06 15:18:23.949] [out] [delivery_module] DBG 2026-10-06 15:18:23.949+02:00 Dialing peer                               topics="libp2p dialer" tid=17476470 peerId=16U*jQfE1X addrs="[/ip4/173.42.114.210/tcp/34927]"
[2026-10-06 15:18:23.949] [out] [delivery_module] DBG 2026-10-06 15:18:23.949+02:00 Expanded address and hostname              topics="libp2p dialer" tid=17476470 expandedAddress=/ip4/173.42.114.210/tcp/34927 hostname=173.42.114.210 resolvedAddresses="[/ip4/173.42.114.210/tcp/34927]"
[2026-10-06 15:18:23.950] [out] [delivery_module] DBG 2026-10-06 15:18:23.950+02:00 Dialing peer                               topics="libp2p dialer" tid=17476470 peerId=16U*2gerDZ addrs="[/ip4/192.168.1.3/udp/50790/quic-v1, /ip4/192.168.1.3/tcp/56668]"
[2026-10-06 15:18:23.950] [out] [delivery_module] DBG 2026-10-06 15:18:23.950+02:00 Expanded address and hostname              topics="libp2p dialer" tid=17476470 expandedAddress=/ip4/192.168.1.3/udp/50790/quic-v1 hostname=192.168.1.3 resolvedAddresses="[/ip4/192.168.1.3/udp/50790/quic-v1]"
[2026-10-06 15:18:23.950] [out] [delivery_module] DBG 2026-10-06 15:18:23.950+02:00 New connection established: client         tid=17476470
[2026-10-06 15:18:23.950] [out] [delivery_module] DBG 2026-10-06 15:18:23.950+02:00 Dialing peer                               topics="libp2p dialer" tid=17476470 peerId=16U*APqJP4 addrs="[/ip4/172.20.10.14/udp/58562/quic-v1, /ip4/172.20.10.14/tcp/58630]"
[2026-10-06 15:18:23.950] [out] [delivery_module] DBG 2026-10-06 15:18:23.950+02:00 Expanded address and hostname              topics="libp2p dialer" tid=17476470 expandedAddress=/ip4/172.20.10.14/udp/58562/quic-v1 hostname=172.20.10.14 resolvedAddresses="[/ip4/172.20.10.14/udp/58562/quic-v1]"
[2026-10-06 15:18:23.950] [out] [delivery_module] DBG 2026-10-06 15:18:23.950+02:00 New connection established: client         tid=17476470
[2026-10-06 15:18:23.950] [out] [delivery_module] DBG 2026-10-06 15:18:23.950+02:00 Dialing peer                               topics="libp2p dialer" tid=17476470 peerId=16U*JVSpzf addrs="[/ip4/10.1.0.239/udp/49621/quic-v1, /ip4/10.1.0.239/tcp/50185]"
[2026-10-06 15:18:23.950] [out] [delivery_module] DBG 2026-10-06 15:18:23.950+02:00 Expanded address and hostname              topics="libp2p dialer" tid=17476470 expandedAddress=/ip4/10.1.0.239/udp/49621/quic-v1 hostname=10.1.0.239 resolvedAddresses="[/ip4/10.1.0.239/udp/49621/quic-v1]"
[2026-10-06 15:18:23.950] [out] [delivery_module] DBG 2026-10-06 15:18:23.950+02:00 New connection established: client         tid=17476470
[2026-10-06 15:18:23.951] [out] [delivery_module] DBG 2026-10-06 15:18:23.951+02:00 Dialing peer                               topics="libp2p dialer" tid=17476470 peerId=16U*28TTLb addrs="[/ip4/173.42.114.210/tcp/36503]"
[2026-10-06 15:18:23.951] [out] [delivery_module] DBG 2026-10-06 15:18:23.951+02:00 Expanded address and hostname              topics="libp2p dialer" tid=17476470 expandedAddress=/ip4/173.42.114.210/tcp/36503 hostname=173.42.114.210 resolvedAddresses="[/ip4/173.42.114.210/tcp/36503]"
[2026-10-06 15:18:23.952] [out] [delivery_module] DBG 2026-10-06 15:18:23.952+02:00 Dialing peer                               topics="libp2p dialer" tid=17476470 peerId=16U*XtU5nL addrs="[/ip4/172.20.10.14/udp/55034/quic-v1, /ip4/172.20.10.14/tcp/60243]"
[2026-10-06 15:18:23.952] [out] [delivery_module] DBG 2026-10-06 15:18:23.952+02:00 Expanded address and hostname              topics="libp2p dialer" tid=17476470 expandedAddress=/ip4/172.20.10.14/udp/55034/quic-v1 hostname=172.20.10.14 resolvedAddresses="[/ip4/172.20.10.14/udp/55034/quic-v1]"
[2026-10-06 15:18:23.952] [out] [delivery_module] DBG 2026-10-06 15:18:23.952+02:00 New connection established: client         tid=17476470
[2026-10-06 15:18:23.952] [out] [delivery_module] DBG 2026-10-06 15:18:23.952+02:00 Lookup query                               topics="kad-dht find" tid=17476470 peer=16U*7ZEp3L
[2026-10-06 15:18:23.952] [out] [delivery_module] DBG 2026-10-06 15:18:23.952+02:00 Lookup query                               topics="kad-dht find" tid=17476470 peer=16U*axMHGL
[2026-10-06 15:18:23.952] [out] [delivery_module] DBG 2026-10-06 15:18:23.952+02:00 Lookup query                               topics="kad-dht find" tid=17476470 peer=16U*dYNeLB
[2026-10-06 15:18:23.952] [out] [delivery_module] DBG 2026-10-06 15:18:23.952+02:00 Lookup query                               topics="kad-dht find" tid=17476470 peer=16U*2FWeUS
[2026-10-06 15:18:23.952] [out] [delivery_module] DBG 2026-10-06 15:18:23.952+02:00 Lookup query                               topics="kad-dht find" tid=17476470 peer=16U*oTfm5M
[2026-10-06 15:18:23.952] [out] [delivery_module] DBG 2026-10-06 15:18:23.952+02:00 Lookup query                               topics="kad-dht find" tid=17476470 peer=16U*YJ3Zqc
[2026-10-06 15:18:23.993] [out] [delivery_module] DBG 2026-10-06 15:18:23.993+02:00 identify: info received                    topics="libp2p identify" tid=17476470 stream=16U*TwqBiH:6ac4f51fbeb075a26d02bfbc pubkey=ok(sec...fed6)) addresses=/ip4/34.123.201.25/tcp/30303,/ip4/34.123.201.25/udp/30303/quic-v1,/dns4/delivery-02.gc-us-central1-a.logos.dev.status.im/tcp/30303 protocols=/ipfs/id/1.0.0,/libp2p/autonat/1.0.0,/libp2p/circuit/relay/0.2.0/hop,/vac/waku/metadata/1.0.0,/mix/1.0.0,/logos/service-discovery/1.0.0,/vac/waku/store-query/3.0.0,/vac/waku/relay/2.0.0,/vac/waku/rendezvous/1.0.0,/ipfs/ping/1.0.0,/vac/waku/lightpush/3.0.0,/vac/waku/lightpush/2.0.0-beta1,/vac/waku/filter-subscribe/2.0.0-beta1,/vac/waku/filter-push/2.0.0-beta1,/vac/waku/peer-exchange/2.0.0-alpha1 observable_address=ok(/ip4/47.64.115.67/tcp/27082) proto_version=ipfs/0.1.0 agent_version=logos-delivery-v0.39.0-g890397 signedPeerRecord=None
[2026-10-06 15:18:23.993] [out] [delivery_module] DBG 2026-10-06 15:18:23.993+02:00 starting pubsub read loop                  topics="libp2p pubsubpeer" tid=17476470 stream=16U*TwqBiH:6ac4f51fbeb075a26d02bfbb peer=16U*TwqBiH closed=false
[2026-10-06 15:18:23.993] [out] [delivery_module] DBG 2026-10-06 15:18:23.993+02:00 Event identified                           topics="waku node peer_manager" tid=17476470 peerId=16U*TwqBiH
[2026-10-06 15:18:23.993] [out] [delivery_module] DBG 2026-10-06 15:18:23.993+02:00 no listener registered                     tid=17476471 event=onConnectionChange
[2026-10-06 15:18:23.999] [out] [delivery_module] DBG 2026-10-06 15:18:23.999+02:00 Dial successful                            topics="libp2p dialer" tid=17476470 peerId=16U*T3UNSE
[2026-10-06 15:18:23.999] [out] [delivery_module] DBG 2026-10-06 15:18:23.999+02:00 starting sendNonHighPriorityTask           topics="libp2p pubsubpeer" tid=17476470 p=16U*T3UNSE
[2026-10-06 15:18:23.999] [out] [delivery_module] DBG 2026-10-06 15:18:23.999+02:00 created new pubsub peer                    topics="libp2p pubsub" tid=17476470 peerId=16U*T3UNSE
[2026-10-06 15:18:23.999] [out] [delivery_module] DBG 2026-10-06 15:18:23.999+02:00 no listener registered                     tid=17476471 event=onConnectionChange
[2026-10-06 15:18:24.000] [out] [delivery_module] DBG 2026-10-06 15:18:24.000+02:00 Incoming WakuRelay connection              topics="waku relay" tid=17476470 connection=16U*T3UNSE:6ac4f51fbeb075a26d02bfc5 protocol=/vac/waku/relay/2.0.0
[2026-10-06 15:18:24.000] [out] [delivery_module] DBG 2026-10-06 15:18:24.000+02:00 starting pubsub read loop                  topics="libp2p pubsubpeer" tid=17476470 stream=16U*T3UNSE:6ac4f51fbeb075a26d02bfc5 peer=16U*T3UNSE closed=false
[2026-10-06 15:18:24.000] [out] [delivery_module] DBG 2026-10-06 15:18:24.000+02:00 identify: info sent                        topics="libp2p identify" tid=17476470 stream=16U*T3UNSE:6ac4f51fbeb075a26d02bfc6 info="(peerId: 16Uiu2HAmJqbWmBU2xEzfqgxD1q264pmXeLfLQCXsVTn9sp6iYifn, listenAddrs: [/ip4/0.0.0.0/tcp/60333, /ip4/0.0.0.0/udp/58497/quic-v1], addrs: [/ip4/0.0.0.0/tcp/60333, /ip4/0.0.0.0/udp/58497/quic-v1], protocols: [/ipfs/id/1.0.0, /libp2p/autonat/1.0.0, /libp2p/circuit/relay/0.2.0/hop, /vac/waku/metadata/1.0.0, /mix/1.0.0, /logos/service-discovery/1.0.0, /vac/waku/relay/2.0.0, /vac/waku/rendezvous/1.0.0, /ipfs/ping/1.0.0, /vac/waku/lightpush/3.0.0, /vac/waku/lightpush/2.0.0-beta1, /vac/waku/filter-subscribe/2.0.0-beta1, /vac/waku/filter-push/2.0.0-beta1, /vac/waku/peer-exchange/2.0.0-alpha1], protoVersion: ipfs/0.1.0, agentVersion: logos-delivery-v0.39.0-gca2814)"
[2026-10-06 15:18:24.403] [out] [delivery_module] DBG 2026-10-06 15:18:24.403+02:00 Received WakuMetadata request              topics="waku metadata" tid=17476470 remoteClusterId=ok(3) remoteShards="[5, 0, 2, 1, 4, 7, 3, 6]" localClusterId=3 localShards="[7]" peer=16U*P1S397
[2026-10-06 15:18:24.404] [out] [delivery_module] DBG 2026-10-06 15:18:24.403+02:00 No mesh peer for the given pubsub topic    topics="waku relay" tid=17476470 pubsubTopic=/waku/2/rs/3/7
[2026-10-06 15:18:24.404] [out] [delivery_module] DBG 2026-10-06 15:18:24.404+02:00 Received WakuMetadata request              topics="waku metadata" tid=17476470 remoteClusterId=ok(3) remoteShards="[5, 0, 2, 1, 4, 7, 3, 6]" localClusterId=3 localShards="[7]" peer=16U*TwqBiH
[2026-10-06 15:18:24.404] [out] [delivery_module] DBG 2026-10-06 15:18:24.404+02:00 identify: info received                    topics="libp2p identify" tid=17476470 stream=16U*kGyuEP:6ac4f51fbeb075a26d02bfc1 pubkey=ok(sec...c56e)) addresses=/ip4/47.242.130.189/tcp/30303,/ip4/47.242.130.189/udp/30303/quic-v1,/dns4/delivery-01.ac-cn-hongkong-c.logos.dev.status.im/tcp/30303 protocols=/ipfs/id/1.0.0,/libp2p/autonat/1.0.0,/libp2p/circuit/relay/0.2.0/hop,/vac/waku/metadata/1.0.0,/mix/1.0.0,/logos/service-discovery/1.0.0,/vac/waku/store-query/3.0.0,/vac/waku/relay/2.0.0,/vac/waku/rendezvous/1.0.0,/ipfs/ping/1.0.0,/vac/waku/lightpush/3.0.0,/vac/waku/lightpush/2.0.0-beta1,/vac/waku/filter-subscribe/2.0.0-beta1,/vac/waku/filter-push/2.0.0-beta1,/vac/waku/peer-exchange/2.0.0-alpha1 observable_address=ok(/ip4/47.64.115.67/tcp/8826) proto_version=ipfs/0.1.0 agent_version=logos-delivery-v0.39.0-g890397 signedPeerRecord=None
[2026-10-06 15:18:24.404] [out] [delivery_module] DBG 2026-10-06 15:18:24.404+02:00 starting pubsub read loop                  topics="libp2p pubsubpeer" tid=17476470 stream=16U*kGyuEP:6ac4f51fbeb075a26d02bfc0 peer=16U*kGyuEP closed=false
[2026-10-06 15:18:24.472] [out] [delivery_module] DBG 2026-10-06 15:18:24.472+02:00 Event identified                           topics="waku node peer_manager" tid=17476470 peerId=16U*kGyuEP
[2026-10-06 15:18:24.472] [out] [delivery_module] DBG 2026-10-06 15:18:24.472+02:00 no listener registered                     tid=17476471 event=onConnectionChange
[2026-10-06 15:18:24.473] [out] [delivery_module] DBG 2026-10-06 15:18:24.472+02:00 identify: info received                    topics="libp2p identify" tid=17476470 stream=16U*T3UNSE:6ac4f51fbeb075a26d02bfc8 pubkey=ok(sec...6d2a)) addresses=/ip4/43.99.103.10/tcp/30303,/ip4/43.99.103.10/udp/30303/quic-v1,/dns4/delivery-02.ac-cn-hongkong-c.logos.dev.status.im/tcp/30303 protocols=/ipfs/id/1.0.0,/libp2p/autonat/1.0.0,/libp2p/circuit/relay/0.2.0/hop,/vac/waku/metadata/1.0.0,/mix/1.0.0,/logos/service-discovery/1.0.0,/vac/waku/store-query/3.0.0,/vac/waku/relay/2.0.0,/vac/waku/rendezvous/1.0.0,/ipfs/ping/1.0.0,/vac/waku/lightpush/3.0.0,/vac/waku/lightpush/2.0.0-beta1,/vac/waku/filter-subscribe/2.0.0-beta1,/vac/waku/filter-push/2.0.0-beta1,/vac/waku/peer-exchange/2.0.0-alpha1 observable_address=ok(/ip4/47.64.115.67/tcp/21424) proto_version=ipfs/0.1.0 agent_version=logos-delivery-v0.39.0-g890397 signedPeerRecord=None
[2026-10-06 15:18:24.473] [out] [delivery_module] DBG 2026-10-06 15:18:24.473+02:00 starting pubsub read loop                  topics="libp2p pubsubpeer" tid=17476470 stream=16U*T3UNSE:6ac4f51fbeb075a26d02bfc7 peer=16U*T3UNSE closed=false
[2026-10-06 15:18:24.549] [out] [delivery_module] DBG 2026-10-06 15:18:24.549+02:00 Event identified                           topics="waku node peer_manager" tid=17476470 peerId=16U*T3UNSE
[2026-10-06 15:18:24.549] [out] [delivery_module] DBG 2026-10-06 15:18:24.549+02:00 no listener registered                     tid=17476471 event=onConnectionChange
[2026-10-06 15:18:24.595] [out] [delivery_module] WRN 2026-10-06 15:18:24.595+02:00 NAT port mapping failed                    topics="libp2p natservice" tid=17476470 port=60333 proto=mpTcp err="plum: mapping 0 failed"
[2026-10-06 15:18:24.822] [out] [delivery_module] DBG 2026-10-06 15:18:24.822+02:00 no listener registered                     tid=17476471 event=onConnectionChange
[2026-10-06 15:18:24.822] [out] [delivery_module] DBG 2026-10-06 15:18:24.822+02:00 no listener registered                     tid=17476471 event=onTopicHealthChange
[2026-10-06 15:18:24.822] [out] [delivery_module] DBG 2026-10-06 15:18:24.822+02:00 no listener registered                     tid=17476471 event=onConnectionChange
[2026-10-06 15:18:24.913] [out] [delivery_module] DBG 2026-10-06 15:18:24.912+02:00 Received WakuMetadata request              topics="waku metadata" tid=17476470 remoteClusterId=ok(3) remoteShards="[5, 0, 2, 1, 4, 7, 3, 6]" localClusterId=3 localShards="[7]" peer=16U*kGyuEP
[2026-10-06 15:18:24.913] [out] [delivery_module] DBG 2026-10-06 15:18:24.913+02:00 Received WakuMetadata request              topics="waku metadata" tid=17476470 remoteClusterId=ok(3) remoteShards="[5, 0, 2, 1, 4, 7, 3, 6]" localClusterId=3 localShards="[7]" peer=16U*T3UNSE
[2026-10-06 15:18:24.922] [out] [delivery_module] DBG 2026-10-06 15:18:24.922+02:00 No mesh peer for the given pubsub topic    topics="waku relay" tid=17476470 pubsubTopic=/waku/2/rs/3/7
[2026-10-06 15:18:24.922] [out] [delivery_module] DBG 2026-10-06 15:18:24.922+02:00 no listener registered                     tid=17476471 event=onTopicHealthChange
[2026-10-06 15:18:25.234] [out] [delivery_module] DBG 2026-10-06 15:18:25.234+02:00 no listener registered                     tid=17476471 event=onConnectionChange
[2026-10-06 15:18:25.273] [out] [delivery_module] DBG 2026-10-06 15:18:25.273+02:00 no listener registered                     tid=17476471 event=onConnectionChange
[2026-10-06 15:18:25.298] [out] [delivery_module] DBG 2026-10-06 15:18:25.298+02:00 Dial successful                            topics="libp2p dialer" tid=17476470 peerId=16U*jQfE1X
[2026-10-06 15:18:25.298] [out] [delivery_module] DBG 2026-10-06 15:18:25.298+02:00 Dial successful                            topics="libp2p dialer" tid=17476470 peerId=16U*2FWeUS
[2026-10-06 15:18:25.298] [out] [delivery_module] DBG 2026-10-06 15:18:25.298+02:00 starting sendNonHighPriorityTask           topics="libp2p pubsubpeer" tid=17476470 p=16U*jQfE1X
[2026-10-06 15:18:25.298] [out] [delivery_module] DBG 2026-10-06 15:18:25.298+02:00 created new pubsub peer                    topics="libp2p pubsub" tid=17476470 peerId=16U*jQfE1X
[2026-10-06 15:18:25.298] [out] [delivery_module] DBG 2026-10-06 15:18:25.298+02:00 no listener registered                     tid=17476471 event=onConnectionChange
[2026-10-06 15:18:25.299] [out] [delivery_module] DBG 2026-10-06 15:18:25.299+02:00 Dial successful                            topics="libp2p dialer" tid=17476470 peerId=16U*28TTLb
[2026-10-06 15:18:25.299] [out] [delivery_module] DBG 2026-10-06 15:18:25.299+02:00 starting sendNonHighPriorityTask           topics="libp2p pubsubpeer" tid=17476470 p=16U*2FWeUS
[2026-10-06 15:18:25.299] [out] [delivery_module] DBG 2026-10-06 15:18:25.299+02:00 created new pubsub peer                    topics="libp2p pubsub" tid=17476470 peerId=16U*2FWeUS
[2026-10-06 15:18:25.299] [out] [delivery_module] DBG 2026-10-06 15:18:25.299+02:00 no listener registered                     tid=17476471 event=onConnectionChange
[2026-10-06 15:18:25.299] [out] [delivery_module] DBG 2026-10-06 15:18:25.299+02:00 starting sendNonHighPriorityTask           topics="libp2p pubsubpeer" tid=17476470 p=16U*28TTLb
[2026-10-06 15:18:25.299] [out] [delivery_module] DBG 2026-10-06 15:18:25.299+02:00 created new pubsub peer                    topics="libp2p pubsub" tid=17476470 peerId=16U*28TTLb
[2026-10-06 15:18:25.299] [out] [delivery_module] DBG 2026-10-06 15:18:25.299+02:00 no listener registered                     tid=17476471 event=onConnectionChange
[2026-10-06 15:18:25.299] [out] [delivery_module] DBG 2026-10-06 15:18:25.299+02:00 Incoming WakuRelay connection              topics="waku relay" tid=17476470 connection=16U*jQfE1X:6ac4f521beb075a26d02bfd7 protocol=/vac/waku/relay/2.0.0
[2026-10-06 15:18:25.299] [out] [delivery_module] DBG 2026-10-06 15:18:25.299+02:00 starting pubsub read loop                  topics="libp2p pubsubpeer" tid=17476470 stream=16U*jQfE1X:6ac4f521beb075a26d02bfd7 peer=16U*jQfE1X closed=false
[2026-10-06 15:18:25.299] [out] [delivery_module] DBG 2026-10-06 15:18:25.299+02:00 identify: info sent                        topics="libp2p identify" tid=17476470 stream=16U*jQfE1X:6ac4f521beb075a26d02bfd8 info="(peerId: 16Uiu2HAmJqbWmBU2xEzfqgxD1q264pmXeLfLQCXsVTn9sp6iYifn, listenAddrs: [/ip4/0.0.0.0/tcp/60333, /ip4/0.0.0.0/udp/58497/quic-v1], addrs: [/ip4/0.0.0.0/tcp/60333, /ip4/0.0.0.0/udp/58497/quic-v1], protocols: [/ipfs/id/1.0.0, /libp2p/autonat/1.0.0, /libp2p/circuit/relay/0.2.0/hop, /vac/waku/metadata/1.0.0, /mix/1.0.0, /logos/service-discovery/1.0.0, /vac/waku/relay/2.0.0, /vac/waku/rendezvous/1.0.0, /ipfs/ping/1.0.0, /vac/waku/lightpush/3.0.0, /vac/waku/lightpush/2.0.0-beta1, /vac/waku/filter-subscribe/2.0.0-beta1, /vac/waku/filter-push/2.0.0-beta1, /vac/waku/peer-exchange/2.0.0-alpha1], protoVersion: ipfs/0.1.0, agentVersion: logos-delivery-v0.39.0-gca2814)"
[2026-10-06 15:18:25.300] [out] [delivery_module] DBG 2026-10-06 15:18:25.300+02:00 Incoming WakuRelay connection              topics="waku relay" tid=17476470 connection=16U*2FWeUS:6ac4f521beb075a26d02bfd9 protocol=/vac/waku/relay/2.0.0
[2026-10-06 15:18:25.300] [out] [delivery_module] DBG 2026-10-06 15:18:25.300+02:00 starting pubsub read loop                  topics="libp2p pubsubpeer" tid=17476470 stream=16U*2FWeUS:6ac4f521beb075a26d02bfd9 peer=16U*2FWeUS closed=false
[2026-10-06 15:18:25.300] [out] [delivery_module] DBG 2026-10-06 15:18:25.300+02:00 identify: info sent                        topics="libp2p identify" tid=17476470 stream=16U*2FWeUS:6ac4f521beb075a26d02bfda info="(peerId: 16Uiu2HAmJqbWmBU2xEzfqgxD1q264pmXeLfLQCXsVTn9sp6iYifn, listenAddrs: [/ip4/0.0.0.0/tcp/60333, /ip4/0.0.0.0/udp/58497/quic-v1], addrs: [/ip4/0.0.0.0/tcp/60333, /ip4/0.0.0.0/udp/58497/quic-v1], protocols: [/ipfs/id/1.0.0, /libp2p/autonat/1.0.0, /libp2p/circuit/relay/0.2.0/hop, /vac/waku/metadata/1.0.0, /mix/1.0.0, /logos/service-discovery/1.0.0, /vac/waku/relay/2.0.0, /vac/waku/rendezvous/1.0.0, /ipfs/ping/1.0.0, /vac/waku/lightpush/3.0.0, /vac/waku/lightpush/2.0.0-beta1, /vac/waku/filter-subscribe/2.0.0-beta1, /vac/waku/filter-push/2.0.0-beta1, /vac/waku/peer-exchange/2.0.0-alpha1], protoVersion: ipfs/0.1.0, agentVersion: logos-delivery-v0.39.0-gca2814)"
[2026-10-06 15:18:25.300] [out] [delivery_module] DBG 2026-10-06 15:18:25.300+02:00 Incoming WakuRelay connection              topics="waku relay" tid=17476470 connection=16U*28TTLb:6ac4f521beb075a26d02bfdb protocol=/vac/waku/relay/2.0.0
[2026-10-06 15:18:25.300] [out] [delivery_module] DBG 2026-10-06 15:18:25.300+02:00 starting pubsub read loop                  topics="libp2p pubsubpeer" tid=17476470 stream=16U*28TTLb:6ac4f521beb075a26d02bfdb peer=16U*28TTLb closed=false
[2026-10-06 15:18:25.300] [out] [delivery_module] DBG 2026-10-06 15:18:25.300+02:00 identify: info sent                        topics="libp2p identify" tid=17476470 stream=16U*28TTLb:6ac4f521beb075a26d02bfdc info="(peerId: 16Uiu2HAmJqbWmBU2xEzfqgxD1q264pmXeLfLQCXsVTn9sp6iYifn, listenAddrs: [/ip4/0.0.0.0/tcp/60333, /ip4/0.0.0.0/udp/58497/quic-v1], addrs: [/ip4/0.0.0.0/tcp/60333, /ip4/0.0.0.0/udp/58497/quic-v1], protocols: [/ipfs/id/1.0.0, /libp2p/autonat/1.0.0, /libp2p/circuit/relay/0.2.0/hop, /vac/waku/metadata/1.0.0, /mix/1.0.0, /logos/service-discovery/1.0.0, /vac/waku/relay/2.0.0, /vac/waku/rendezvous/1.0.0, /ipfs/ping/1.0.0, /vac/waku/lightpush/3.0.0, /vac/waku/lightpush/2.0.0-beta1, /vac/waku/filter-subscribe/2.0.0-beta1, /vac/waku/filter-push/2.0.0-beta1, /vac/waku/peer-exchange/2.0.0-alpha1], protoVersion: ipfs/0.1.0, agentVersion: logos-delivery-v0.39.0-gca2814)"
[2026-10-06 15:18:25.302] [out] [delivery_module] DBG 2026-10-06 15:18:25.302+02:00 Lookup query                               topics="kad-dht find" tid=17476470 peer=16U*XtU5nL
[2026-10-06 15:18:25.302] [out] [delivery_module] DBG 2026-10-06 15:18:25.302+02:00 Lookup query                               topics="kad-dht find" tid=17476470 peer=16U*jQfE1X
[2026-10-06 15:18:25.507] [out] [delivery_module] DBG 2026-10-06 15:18:25.507+02:00 identify: info received                    topics="libp2p identify" tid=17476470 stream=16U*2FWeUS:6ac4f521beb075a26d02bfe0 pubkey=ok(sec...8d4a)) addresses=/ip4/173.42.114.210/tcp/43243 protocols=/ipfs/id/1.0.0,/libp2p/autonat/1.0.0,/libp2p/circuit/relay/0.2.0/hop,/vac/waku/metadata/1.0.0,/logos/service-discovery/1.0.0,/vac/waku/relay/2.0.0,/vac/waku/rendezvous/1.0.0,/ipfs/ping/1.0.0,/vac/waku/lightpush/3.0.0,/vac/waku/lightpush/2.0.0-beta1,/vac/waku/filter-subscribe/2.0.0-beta1,/vac/waku/filter-push/2.0.0-beta1,/vac/waku/peer-exchange/2.0.0-alpha1 observable_address=ok(/ip4/47.64.115.67/tcp/1381) proto_version=ipfs/0.1.0 agent_version=logos-delivery-v0.39.0-gca2814 signedPeerRecord=None
[2026-10-06 15:18:25.508] [out] [delivery_module] DBG 2026-10-06 15:18:25.508+02:00 identify: info received                    topics="libp2p identify" tid=17476470 stream=16U*jQfE1X:6ac4f521beb075a26d02bfde pubkey=ok(sec...14d1)) addresses=/ip4/173.42.114.210/tcp/34927 protocols=/ipfs/id/1.0.0,/libp2p/autonat/1.0.0,/libp2p/circuit/relay/0.2.0/hop,/vac/waku/metadata/1.0.0,/logos/service-discovery/1.0.0,/vac/waku/relay/2.0.0,/vac/waku/rendezvous/1.0.0,/ipfs/ping/1.0.0,/vac/waku/lightpush/3.0.0,/vac/waku/lightpush/2.0.0-beta1,/vac/waku/filter-subscribe/2.0.0-beta1,/vac/waku/filter-push/2.0.0-beta1,/vac/waku/peer-exchange/2.0.0-alpha1 observable_address=ok(/ip4/47.64.115.67/tcp/16712) proto_version=ipfs/0.1.0 agent_version=logos-delivery-v0.39.0-gca2814 signedPeerRecord=None
[2026-10-06 15:18:25.508] [out] [delivery_module] DBG 2026-10-06 15:18:25.508+02:00 starting pubsub read loop                  topics="libp2p pubsubpeer" tid=17476470 stream=16U*2FWeUS:6ac4f521beb075a26d02bfdf peer=16U*2FWeUS closed=false
[2026-10-06 15:18:25.508] [out] [delivery_module] DBG 2026-10-06 15:18:25.508+02:00 Event identified                           topics="waku node peer_manager" tid=17476470 peerId=16U*2FWeUS
[2026-10-06 15:18:25.508] [out] [delivery_module] DBG 2026-10-06 15:18:25.508+02:00 no listener registered                     tid=17476471 event=onConnectionChange
[2026-10-06 15:18:25.508] [out] [delivery_module] DBG 2026-10-06 15:18:25.508+02:00 identify: info received                    topics="libp2p identify" tid=17476470 stream=16U*28TTLb:6ac4f521beb075a26d02bfe2 pubkey=ok(sec...4b7b)) addresses=/ip4/173.42.114.210/tcp/36503 protocols=/ipfs/id/1.0.0,/libp2p/autonat/1.0.0,/libp2p/circuit/relay/0.2.0/hop,/vac/waku/metadata/1.0.0,/logos/service-discovery/1.0.0,/vac/waku/relay/2.0.0,/vac/waku/rendezvous/1.0.0,/ipfs/ping/1.0.0,/vac/waku/lightpush/3.0.0,/vac/waku/lightpush/2.0.0-beta1,/vac/waku/filter-subscribe/2.0.0-beta1,/vac/waku/filter-push/2.0.0-beta1,/vac/waku/peer-exchange/2.0.0-alpha1 observable_address=ok(/ip4/47.64.115.67/tcp/23179) proto_version=ipfs/0.1.0 agent_version=logos-delivery-v0.39.0-gca2814 signedPeerRecord=None
[2026-10-06 15:18:25.508] [out] [delivery_module] DBG 2026-10-06 15:18:25.508+02:00 starting pubsub read loop                  topics="libp2p pubsubpeer" tid=17476470 stream=16U*jQfE1X:6ac4f521beb075a26d02bfdd peer=16U*jQfE1X closed=false
[2026-10-06 15:18:25.508] [out] [delivery_module] DBG 2026-10-06 15:18:25.508+02:00 Event identified                           topics="waku node peer_manager" tid=17476470 peerId=16U*jQfE1X
[2026-10-06 15:18:25.508] [out] [delivery_module] DBG 2026-10-06 15:18:25.508+02:00 no listener registered                     tid=17476471 event=onConnectionChange
[2026-10-06 15:18:25.508] [out] [delivery_module] DBG 2026-10-06 15:18:25.508+02:00 starting pubsub read loop                  topics="libp2p pubsubpeer" tid=17476470 stream=16U*28TTLb:6ac4f521beb075a26d02bfe1 peer=16U*28TTLb closed=false
[2026-10-06 15:18:25.575] [out] [delivery_module] DBG 2026-10-06 15:18:25.575+02:00 Event identified                           topics="waku node peer_manager" tid=17476470 peerId=16U*28TTLb
[2026-10-06 15:18:25.575] [out] [delivery_module] DBG 2026-10-06 15:18:25.575+02:00 no listener registered                     tid=17476471 event=onConnectionChange
[2026-10-06 15:18:26.162] [out] [delivery_module] DBG 2026-10-06 15:18:26.162+02:00 no listener registered                     tid=17476471 event=onTopicHealthChange
[2026-10-06 15:18:26.250] [out] [delivery_module] DBG 2026-10-06 15:18:26.250+02:00 Dialing peer                               topics="libp2p dialer" tid=17476470 peerId=16U*nGfvUW addrs="[/ip4/172.20.10.14/udp/56251/quic-v1, /ip4/172.20.10.14/tcp/59518]"
[2026-10-06 15:18:26.250] [out] [delivery_module] DBG 2026-10-06 15:18:26.250+02:00 Expanded address and hostname              topics="libp2p dialer" tid=17476470 expandedAddress=/ip4/172.20.10.14/udp/56251/quic-v1 hostname=172.20.10.14 resolvedAddresses="[/ip4/172.20.10.14/udp/56251/quic-v1]"
[2026-10-06 15:18:26.250] [out] [delivery_module] DBG 2026-10-06 15:18:26.250+02:00 New connection established: client         tid=17476470
[2026-10-06 15:18:26.251] [out] [delivery_module] DBG 2026-10-06 15:18:26.251+02:00 Lookup query                               topics="kad-dht find" tid=17476470 peer=16U*nGfvUW
[2026-10-06 15:18:26.319] [out] [delivery_module] DBG 2026-10-06 15:18:26.319+02:00 Received WakuMetadata request              topics="waku metadata" tid=17476470 remoteClusterId=ok(3) remoteShards="[5, 0, 2, 1, 4, 7, 3, 6]" localClusterId=3 localShards="[7]" peer=16U*2FWeUS
[2026-10-06 15:18:26.319] [out] [delivery_module] DBG 2026-10-06 15:18:26.319+02:00 Received WakuMetadata request              topics="waku metadata" tid=17476470 remoteClusterId=ok(3) remoteShards="[5, 0, 2, 1, 4, 7, 3, 6]" localClusterId=3 localShards="[7]" peer=16U*jQfE1X
[2026-10-06 15:18:26.400] [out] [delivery_module] DBG 2026-10-06 15:18:26.400+02:00 Received WakuMetadata request              topics="waku metadata" tid=17476470 remoteClusterId=ok(3) remoteShards="[5, 0, 2, 1, 4, 7, 3, 6]" localClusterId=3 localShards="[7]" peer=16U*28TTLb
[2026-10-06 15:18:26.414] [out] [delivery_module] DBG 2026-10-06 15:18:26.414+02:00 Lookup query                               topics="kad-dht find" tid=17476470 peer=16U*2gerDZ
[2026-10-06 15:18:26.433] [out] [delivery_module] DBG 2026-10-06 15:18:26.433+02:00 no listener registered                     tid=17476471 event=onConnectionChange
[2026-10-06 15:18:26.433] [out] [delivery_module] DBG 2026-10-06 15:18:26.433+02:00 no listener registered                     tid=17476471 event=onConnectionChange
[2026-10-06 15:18:26.597] [out] [delivery_module] WRN 2026-10-06 15:18:26.597+02:00 NAT port mapping failed                    topics="libp2p natservice" tid=17476470 port=58497 proto=mpUdp err="plum: mapping 0 failed"
[2026-10-06 15:18:26.598] [out] [delivery_module] INF 2026-10-06 15:18:26.598+02:00 Mix self hop set                           topics="waku node" tid=17476470 hop=/ip4/172.20.10.14/tcp/60333 before=/ip4/0.0.0.0/tcp/0
[2026-10-06 15:18:26.598] [out] [delivery_module] DBG 2026-10-06 15:18:26.598+02:00 ENR addresses updated                      topics="waku enr" tid=17476470 retained=0 total=0
[2026-10-06 15:18:26.599] [out] [delivery_module] DBG 2026-10-06 15:18:26.599+02:00 ENR addresses updated                      topics="waku enr" tid=17476470 retained=0 total=0
[2026-10-06 15:18:26.599] [out] [delivery_module] INF 2026-10-06 15:18:26.599+02:00 Found previous WakuRelay peers. Reconnecting. topics="waku node" tid=17476470
[2026-10-06 15:18:26.599] [out] [delivery_module] DBG 2026-10-06 15:18:26.599+02:00 Reconnecting peers                         topics="waku node peer_manager" tid=17476470 proto=/vac/waku/relay/2.0.0
[2026-10-06 15:18:26.600] [out] [delivery_module] INF 2026-10-06 15:18:26.600+02:00 Random kademlia lookups disabled           topics="waku service discovery" tid=17476470
[2026-10-06 15:18:26.600] [out] [delivery_module] DBG 2026-10-06 15:18:26.600+02:00 Periodic service lookup started            topics="waku service discovery" tid=17476470 interval=1m services={}
[2026-10-06 15:18:26.600] [out] [delivery_module] INF 2026-10-06 15:18:26.600+02:00 Kademlia discovery started                 topics="waku service discovery" tid=17476470
[2026-10-06 15:18:26.600] [out] [delivery_module] INF 2026-10-06 15:18:26.600+02:00 Discovery ENR initialized                  topics="eth p2p discv5" tid=17476470 enrAutoUpdate=false seqNum=4 ip=none() tcpPort=none() udpPort=none() customEnrFields=@[] uri=enr:-Ka4QAmFAeoDMOfC7pgqJVhGqlYcGXyfEiZ2bb8CBeET4Nx5QOYgSWFVq6tSjAjKinpdbdUm_h3c5VwDXDiaCo4hKKYEgmlkgnY0im11bHRpYWRkcnOAgnJzkwADCAAAAAEAAgADAAQABQAGAAeJc2VjcDI1NmsxoQNb3bBencyogMqqfiOjJSidgdSpR5ZRGtqP3mYkHFUm1YN0Y3CC662Fd2FrdTIt
[2026-10-06 15:18:26.601] [out] [delivery_module] WRN 2026-10-06 15:18:26.600+02:00 No external IP provided for the ENR, this node will not be discoverable topics="eth p2p discv5" tid=17476470
[2026-10-06 15:18:26.601] [out] [delivery_module] DBG 2026-10-06 15:18:26.600+02:00 peer filtering updated                     topics="waku discv5" tid=17476470
[2026-10-06 15:18:26.601] [out] [delivery_module] INF 2026-10-06 15:18:26.600+02:00 Starting discovery v5 service              topics="waku discv5" tid=17476470
[2026-10-06 15:18:26.601] [out] [delivery_module] INF 2026-10-06 15:18:26.600+02:00 Start listening on udp port                topics="waku discv5" tid=17476470 address=0.0.0.0 port=51038
[2026-10-06 15:18:26.601] [out] [delivery_module] INF 2026-10-06 15:18:26.600+02:00 Starting discovery node                    topics="eth p2p discv5" tid=17476470 node=19*276ed3:unaddressable bindAddress=0.0.0.0:51038
[2026-10-06 15:18:26.602] [out] [delivery_module] DBG 2026-10-06 15:18:26.602+02:00 Total nodes in routing table after populate topics="eth p2p discv5" tid=17476470 total=0
[2026-10-06 15:18:26.602] [out] [delivery_module] DBG 2026-10-06 15:18:26.602+02:00 Starting discovery v5 search               topics="waku discv5" tid=17476470
[2026-10-06 15:18:26.602] [out] [delivery_module] DBG 2026-10-06 15:18:26.602+02:00 Successfully started discovery v5 service  topics="waku discv5" tid=17476470
[2026-10-06 15:18:26.602] [out] [delivery_module] INF 2026-10-06 15:18:26.602+02:00 Discv5: discoverable ENR                   topics="waku discv5" tid=17476470 enrUri=enr:-Ka4QAmFAeoDMOfC7pgqJVhGqlYcGXyfEiZ2bb8CBeET4Nx5QOYgSWFVq6tSjAjKinpdbdUm_h3c5VwDXDiaCo4hKKYEgmlkgnY0im11bHRpYWRkcnOAgnJzkwADCAAAAAEAAgADAAQABQAGAAeJc2VjcDI1NmsxoQNb3bBencyogMqqfiOjJSidgdSpR5ZRGtqP3mYkHFUm1YN0Y3CC662Fd2FrdTIt enr="(4, id: \"v4\", multiaddrs: 0x, rs: 0x00030800000001000200030004000500060007, secp256k1: 0x035BDDB05E9DCCA880CAAA7E23A325289D81D4A94796511ADA8FDE66241C5526D5, tcp: 60333, waku2: 0x2D)"
[2026-10-06 15:18:26.602] [out] [delivery_module] INF 2026-10-06 15:18:26.602+02:00 Node started successfully                  topics="waku node" tid=17476470
[2026-10-06 15:18:26.603] [out] [delivery_module] DBG 2026-10-06 15:18:26.603+02:00 Publishing Signed XPR                      topics="service-discovery" tid=17476470 xpr="(envelope: (publicKey: secp256k1 key (045bddb05e9dcca880caaa7e23a325289d81d4a94796511ada8fde66241c5526d5a56933c70e8338f0df232c16f7a3919e0fa55bc3ce833577fb51837b1b4601a9), payloadType: @[3, 1], payload: @[10, 39, 0, 37, 8, 2, 18, 33, 3, 91, 221, 176, 94, 157, 204, 168, 128, 202, 170, 126, 35, 163, 37, 40, 157, 129, 212, 169, 71, 150, 81, 26, 218, 143, 222, 102, 36, 28, 85, 38, 213, 16, 223, 228, 17, 26, 10, 10, 8, 4, 172, 20, 10, 14, 6, 235, 173, 26, 13, 10, 11, 4, 172, 20, 10, 14, 145, 2, 228, 129, 205, 3], signature: 30440220438B57782FC57134F96589DF6B3D0E2BDC9E7956D0FF8F5CCBA5BBC1CE0E65DA02204A1C5207ABE621724B6E889D606916E70823087E63B9C0341447660B2ECEE1F0), data: (peerId: 16Uiu2HAmJqbWmBU2xEzfqgxD1q264pmXeLfLQCXsVTn9sp6iYifn, seqNo: 291423, addresses: @[(address: /ip4/172.20.10.14/tcp/60333), (address: /ip4/172.20.10.14/udp/58497/quic-v1)], services: @[]))"
[2026-10-06 15:18:26.603] [out] [delivery_module] DBG 2026-10-06 15:18:26.603+02:00 Lookup query                               topics="kad-dht find" tid=17476470 peer=16U*P1S397
[2026-10-06 15:18:26.603] [out] [delivery_module] DBG 2026-10-06 15:18:26.603+02:00 Lookup query                               topics="kad-dht find" tid=17476470 peer=16U*T3UNSE
[2026-10-06 15:18:26.603] [out] [delivery_module] DBG 2026-10-06 15:18:26.603+02:00 Lookup query                               topics="kad-dht find" tid=17476470 peer=16U*VpJprH
[2026-10-06 15:18:26.603] [out] [delivery_module] DBG 2026-10-06 15:18:26.603+02:00 Lookup query                               topics="kad-dht find" tid=17476470 peer=16U*kGyuEP
[2026-10-06 15:18:26.604] [out] [delivery_module] DBG 2026-10-06 15:18:26.604+02:00 Lookup query                               topics="kad-dht find" tid=17476470 peer=16U*NSkuby
[2026-10-06 15:18:26.604] [out] [delivery_module] DBG 2026-10-06 15:18:26.604+02:00 Lookup query                               topics="kad-dht find" tid=17476470 peer=16U*TwqBiH
[2026-10-06 15:18:26.604] [out] [delivery_module] DBG 2026-10-06 15:18:26.604+02:00 Dialing multiple peers                     tid=17476470 numOfPeers=6 nodes="@[\"/dns4/delivery-01.do-ams3.logos.dev.status.im/tcp/30303/p2p/16Uiu2HAmTUbnxLGT9JvV6mu9oPyDjqHK4Phs1VDJNUgESgNSkuby\", \"/dns4/delivery-02.do-ams3.logos.dev.status.im/tcp/30303/p2p/16Uiu2HAmMK7PYygBtKUQ8EHp7EfaD3bCEsJrkFooK8RQ2PVpJprH\", \"/dns4/delivery-01.gc-us-central1-a.logos.dev.status.im/tcp/30303/p2p/16Uiu2HAm4S1JYkuzDKLKQvwgAhZKs9otxXqt8SCGtB4hoJP1S397\", \"/dns4/delivery-02.gc-us-central1-a.logos.dev.status.im/tcp/30303/p2p/16Uiu2HAm8Y9kgBNtjxvCnf1X6gnZJW5EGE4UwwCL3CCm55TwqBiH\", \"/dns4/delivery-01.ac-cn-hongkong-c.logos.dev.status.im/tcp/30303/p2p/16Uiu2HAm8YokiNun9BkeA1ZRmhLbtNUvcwRr64F69tYj9fkGyuEP\", \"/dns4/delivery-02.ac-cn-hongkong-c.logos.dev.status.im/tcp/30303/p2p/16Uiu2HAkvwhGHKNry6LACrB8TmEFoCJKEX29XR5dDUzk3UT3UNSE\"]"
[2026-10-06 15:18:26.605] [out] [delivery_module] DBG 2026-10-06 15:18:26.605+02:00 Finished dialing multiple peers            tid=17476470 successfulConns=6 attempted=6
[2026-10-06 15:18:26.605] [out] [delivery_module] DBG 2026-10-06 15:18:26.605+02:00 Dialing multiple peers                     topics="waku node peer_manager" tid=17476470 numOfPeers=10 nodes="@[16Uiu2HAmNyzEGgFwQ1r7QgJdW3JizKRxtQHQDhX35WpEHwoTfm5M, 16Uiu2HAmSBLFZV8utWD6bGvzPdwg1mNeHDkDC7uN33iKvDdYNeLB, 16Uiu2HAmPyxWdeKDW7dq3s7rG3a2HY7yHxounzRBzXr1EiAPqJP4, 16Uiu2HAm7DKSESFdSYgJZbV7oW6tqs7uDtaVkWGNCuF89jYJ3Zqc, 16Uiu2HAkyBL7KSvdkVLMcc318Pw4mocqvbahwrwZReTFWy2gerDZ, 16Uiu2HAmQauDAKFWE9rB6Ar4BqWEjuUvfBa6jWkkFNEEB5axMHGL, 16Uiu2HAmAResE15q4BDR96fpXuErsrxP4kzNDeA9LpPsbh7ZEp3L, 16Uiu2HAmA3Z3Hh2pmZVjXe41tXVSWXJd2yr7DvKMo5mU72JVSpzf, 16Uiu2HAmVQVX27TxAbgea63Ae8ejwnYg5E9wKbP5YKWhLkXtU5nL, 16Uiu2HAmQi3J1PzuRPrS2N9ctn1jxETFLZbVHJ7fD8FXc8nGfvUW]"
[2026-10-06 15:18:26.606] [out] [delivery_module] INF 2026-10-06 15:18:26.606+02:00 Relay peer connections                     topics="waku node peer_manager" tid=17476470 inRelayConns=0/50 outRelayConns=9/25 totalConnections=9/150 notConnectedPeers=10 outsideBackoffPeers=10
[2026-10-06 15:18:26.608] [out] [delivery_module] DBG 2026-10-06 15:18:26.608+02:00 ENR addresses updated                      topics="waku enr" tid=17476470 retained=0 total=0
[2026-10-06 15:18:26.608] [out] [delivery_module] DBG 2026-10-06 15:18:26.608+02:00 Subscribing to pubsub topic                topics="waku relay" tid=17476470 pubsubTopic=/waku/2/rs/3/0
[2026-10-06 15:18:26.609] [out] [delivery_module] DBG 2026-10-06 15:18:26.609+02:00 peer filtering updated                     topics="waku discv5" tid=17476470
[2026-10-06 15:18:26.609] [out] [delivery_module] DBG 2026-10-06 15:18:26.609+02:00 ENR shards updated                         topics="waku discv5" tid=17476470 enrUri=enr:-K24QElGfQdnMmvPBgrSL3_oyXN16T3jT55gblM0ORAfi6YiWVoi2_0FwvsZYO_tTvsZH8CADhkvcXiJBjE10eG56CMHgmlkgnY0im11bHRpYWRkcnOAgnJzkwADCAAAAAEAAgADAAQABQAGAAeJc2VjcDI1NmsxoQNb3bBencyogMqqfiOjJSidgdSpR5ZRGtqP3mYkHFUm1YN0Y3CC662DdWRwgsdehXdha3UyLQ add=true
[2026-10-06 15:18:26.609] [out] [delivery_module] DBG 2026-10-06 15:18:26.609+02:00 Subscribing to pubsub topic                topics="waku relay" tid=17476470 pubsubTopic=/waku/2/rs/3/1
[2026-10-06 15:18:26.609] [out] [delivery_module] DBG 2026-10-06 15:18:26.609+02:00 peer filtering updated                     topics="waku discv5" tid=17476470
[2026-10-06 15:18:26.609] [out] [delivery_module] DBG 2026-10-06 15:18:26.609+02:00 ENR shards updated                         topics="waku discv5" tid=17476470 enrUri=enr:-K24QKiV2_PQiKkGEd0YVmB15NzjrvxJ2sGywntKmNOVIsJqOWlJ86h4S80Dal0YgLzhzog1OdTjOipVJrOXl9R4I3wIgmlkgnY0im11bHRpYWRkcnOAgnJzkwADCAAAAAEAAgADAAQABQAGAAeJc2VjcDI1NmsxoQNb3bBencyogMqqfiOjJSidgdSpR5ZRGtqP3mYkHFUm1YN0Y3CC662DdWRwgsdehXdha3UyLQ add=true
[2026-10-06 15:18:26.609] [out] [delivery_module] DBG 2026-10-06 15:18:26.609+02:00 Subscribing to pubsub topic                topics="waku relay" tid=17476470 pubsubTopic=/waku/2/rs/3/2
[2026-10-06 15:18:26.610] [out] [delivery_module] DBG 2026-10-06 15:18:26.610+02:00 peer filtering updated                     topics="waku discv5" tid=17476470
[2026-10-06 15:18:26.610] [out] [delivery_module] DBG 2026-10-06 15:18:26.610+02:00 ENR shards updated                         topics="waku discv5" tid=17476470 enrUri=enr:-K24QEzcWJ2OD1zds06FSMi_doR2hWVtaUDTdtYp_s7ug_Z2RepCfBCrm63qhyGz9ldK76iHgLjxfuTB9GMgHpoE_ukJgmlkgnY0im11bHRpYWRkcnOAgnJzkwADCAAAAAEAAgADAAQABQAGAAeJc2VjcDI1NmsxoQNb3bBencyogMqqfiOjJSidgdSpR5ZRGtqP3mYkHFUm1YN0Y3CC662DdWRwgsdehXdha3UyLQ add=true
[2026-10-06 15:18:26.610] [out] [delivery_module] DBG 2026-10-06 15:18:26.610+02:00 Subscribing to pubsub topic                topics="waku relay" tid=17476470 pubsubTopic=/waku/2/rs/3/3
[2026-10-06 15:18:26.610] [out] [delivery_module] DBG 2026-10-06 15:18:26.610+02:00 peer filtering updated                     topics="waku discv5" tid=17476470
[2026-10-06 15:18:26.610] [out] [delivery_module] DBG 2026-10-06 15:18:26.610+02:00 ENR shards updated                         topics="waku discv5" tid=17476470 enrUri=enr:-K24QBQPKkk1jdn4_1drCMud3BxKnjauBasqh26JZVeb4ONQKUdGCNCb51UYcp98AKLQcloByBLUGfIzNSb8UQcL3_0KgmlkgnY0im11bHRpYWRkcnOAgnJzkwADCAAAAAEAAgADAAQABQAGAAeJc2VjcDI1NmsxoQNb3bBencyogMqqfiOjJSidgdSpR5ZRGtqP3mYkHFUm1YN0Y3CC662DdWRwgsdehXdha3UyLQ add=true
[2026-10-06 15:18:26.610] [out] [delivery_module] DBG 2026-10-06 15:18:26.610+02:00 Subscribing to pubsub topic                topics="waku relay" tid=17476470 pubsubTopic=/waku/2/rs/3/4
[2026-10-06 15:18:26.611] [out] [delivery_module] DBG 2026-10-06 15:18:26.611+02:00 peer filtering updated                     topics="waku discv5" tid=17476470
[2026-10-06 15:18:26.611] [out] [delivery_module] DBG 2026-10-06 15:18:26.611+02:00 ENR shards updated                         topics="waku discv5" tid=17476470 enrUri=enr:-K24QMpXwe-vPDRfCiTZnFq9IRUxs6QE8m8KzCM63j_a8r_CFreR1V-ckfBHbbH7KYjzGPTmUGNbTMgzSWROiUnU3uoLgmlkgnY0im11bHRpYWRkcnOAgnJzkwADCAAAAAEAAgADAAQABQAGAAeJc2VjcDI1NmsxoQNb3bBencyogMqqfiOjJSidgdSpR5ZRGtqP3mYkHFUm1YN0Y3CC662DdWRwgsdehXdha3UyLQ add=true
[2026-10-06 15:18:26.611] [out] [delivery_module] DBG 2026-10-06 15:18:26.611+02:00 Subscribing to pubsub topic                topics="waku relay" tid=17476470 pubsubTopic=/waku/2/rs/3/5
[2026-10-06 15:18:26.611] [out] [delivery_module] DBG 2026-10-06 15:18:26.611+02:00 peer filtering updated                     topics="waku discv5" tid=17476470
[2026-10-06 15:18:26.611] [out] [delivery_module] DBG 2026-10-06 15:18:26.611+02:00 ENR shards updated                         topics="waku discv5" tid=17476470 enrUri=enr:-K24QAqyj8s5VD-DZBjT10fYHo4vJHvOvhWNRIXaUzYY8FWafL3sYC_JCxNUDcBD8b8e7B32czKtgRhIaBjGhKYT8YEMgmlkgnY0im11bHRpYWRkcnOAgnJzkwADCAAAAAEAAgADAAQABQAGAAeJc2VjcDI1NmsxoQNb3bBencyogMqqfiOjJSidgdSpR5ZRGtqP3mYkHFUm1YN0Y3CC662DdWRwgsdehXdha3UyLQ add=true
[2026-10-06 15:18:26.611] [out] [delivery_module] DBG 2026-10-06 15:18:26.611+02:00 Subscribing to pubsub topic                topics="waku relay" tid=17476470 pubsubTopic=/waku/2/rs/3/6
[2026-10-06 15:18:26.612] [out] [delivery_module] DBG 2026-10-06 15:18:26.612+02:00 peer filtering updated                     topics="waku discv5" tid=17476470
[2026-10-06 15:18:26.612] [out] [delivery_module] DBG 2026-10-06 15:18:26.612+02:00 ENR shards updated                         topics="waku discv5" tid=17476470 enrUri=enr:-K24QPPQLUSodYsav4lkDgHLZS4ARfelQlBYYk-ohUa79W8Sb1Z23n2imKPK_zd6ixnqt3TsuqxsYEdChc5gk3V9FE8NgmlkgnY0im11bHRpYWRkcnOAgnJzkwADCAAAAAEAAgADAAQABQAGAAeJc2VjcDI1NmsxoQNb3bBencyogMqqfiOjJSidgdSpR5ZRGtqP3mYkHFUm1YN0Y3CC662DdWRwgsdehXdha3UyLQ add=true
[2026-10-06 15:18:26.612] [out] [delivery_module] NTC 2026-10-06 15:18:26.612+02:00 ENR carries no reachable host, so peers cannot dial this node. Set --nat, --ext-ip, --dns4-domain-name or --ext-multiaddr to advertise one topics="wakunode waku" tid=17476470
[2026-10-06 15:18:26.612] [out] [delivery_module] DBG 2026-10-06 15:18:26.612+02:00 register interest                          topics="service-disco discoverer" tid=17476470 service=/logos/delivery serviceId=key:E6738033B5D413D13CF58622CEB4EF8F392E8D4EB073B56A5486CB0431B2F5D8
[2026-10-06 15:18:26.612] [out] [delivery_module] DBG 2026-10-06 15:18:26.612+02:00 Lookup query                               topics="kad-dht find" tid=17476470 peer=16U*P1S397
[2026-10-06 15:18:26.612] [out] [delivery_module] DBG 2026-10-06 15:18:26.612+02:00 Lookup query                               topics="kad-dht find" tid=17476470 peer=16U*T3UNSE
[2026-10-06 15:18:26.612] [out] [delivery_module] DBG 2026-10-06 15:18:26.612+02:00 Lookup query                               topics="kad-dht find" tid=17476470 peer=16U*VpJprH
[2026-10-06 15:18:26.612] [out] [delivery_module] DBG 2026-10-06 15:18:26.612+02:00 Lookup query                               topics="kad-dht find" tid=17476470 peer=16U*kGyuEP
[2026-10-06 15:18:26.612] [out] [delivery_module] DBG 2026-10-06 15:18:26.612+02:00 Lookup query                               topics="kad-dht find" tid=17476470 peer=16U*NSkuby
[2026-10-06 15:18:26.612] [out] [delivery_module] DBG 2026-10-06 15:18:26.612+02:00 Lookup query                               topics="kad-dht find" tid=17476470 peer=16U*TwqBiH
[2026-10-06 15:18:26.612] [out] [delivery_module] DBG 2026-10-06 15:18:26.612+02:00 Added service to discover                  topics="waku service discovery" tid=17476470 service=/logos/delivery
[2026-10-06 15:18:26.612] [out] [delivery_module] DBG 2026-10-06 15:18:26.612+02:00 Added provided service                     topics="service-disco advertiser" tid=17476470 service=/logos/delivery serviceId=key:E6738033B5D413D13CF58622CEB4EF8F392E8D4EB073B56A5486CB0431B2F5D8
[2026-10-06 15:18:26.613] [out] [delivery_module] DBG 2026-10-06 15:18:26.613+02:00 Cannot insert self in routing table        topics="kad-dht rtable" tid=17476470 nodeId=key:002508021221035BDDB05E9DCCA880CAAA7E23A325289D81D4A94796511ADA8FDE66241C5526D5
[2026-10-06 15:18:26.614] [out] [delivery_module] DBG 2026-10-06 15:18:26.614+02:00 Cannot insert self in routing table        topics="kad-dht rtable" tid=17476470 nodeId=key:002508021221035BDDB05E9DCCA880CAAA7E23A325289D81D4A94796511ADA8FDE66241C5526D5
[2026-10-06 15:18:26.615] [out] [delivery_module] DBG 2026-10-06 15:18:26.615+02:00 Added service to advertise                 topics="waku service discovery" tid=17476470 service=/logos/delivery
[2026-10-06 15:18:26.615] [out] [delivery_module] INF 2026-10-06 15:18:26.615+02:00 advertising this node on the delivery network topics="waku discovery advertise" tid=17476470 backend=service protocols="[/vac/waku/relay/2.0.0, /vac/waku/filter-subscribe/2.0.0-beta1, /vac/waku/lightpush/3.0.0, /mix/1.0.0]"
[2026-10-06 15:18:26.615] [out] [delivery_module] DBG 2026-10-06 15:18:26.615+02:00 register interest                          topics="service-disco discoverer" tid=17476470 service=/mix/1.0.0 serviceId=key:913B5C5DBE691438693215140388EC0C7DE80DE328BDE5BD7FC06F90568CEA40
[2026-10-06 15:18:26.615] [out] [delivery_module] DBG 2026-10-06 15:18:26.615+02:00 Lookup query                               topics="kad-dht find" tid=17476470 peer=16U*kGyuEP
[2026-10-06 15:18:26.615] [out] [delivery_module] DBG 2026-10-06 15:18:26.615+02:00 Lookup query                               topics="kad-dht find" tid=17476470 peer=16U*T3UNSE
[2026-10-06 15:18:26.615] [out] [delivery_module] DBG 2026-10-06 15:18:26.615+02:00 Lookup query                               topics="kad-dht find" tid=17476470 peer=16U*P1S397
[2026-10-06 15:18:26.615] [out] [delivery_module] DBG 2026-10-06 15:18:26.615+02:00 Lookup query                               topics="kad-dht find" tid=17476470 peer=16U*VpJprH
[2026-10-06 15:18:26.615] [out] [delivery_module] DBG 2026-10-06 15:18:26.615+02:00 Lookup query                               topics="kad-dht find" tid=17476470 peer=16U*TwqBiH
[2026-10-06 15:18:26.615] [out] [delivery_module] DBG 2026-10-06 15:18:26.615+02:00 Lookup query                               topics="kad-dht find" tid=17476470 peer=16U*NSkuby
[2026-10-06 15:18:26.615] [out] [delivery_module] DBG 2026-10-06 15:18:26.615+02:00 Added service to discover                  topics="waku service discovery" tid=17476470 service=/mix/1.0.0
[2026-10-06 15:18:26.615] [out] [delivery_module] DBG 2026-10-06 15:18:26.615+02:00 Added provided service                     topics="service-disco advertiser" tid=17476470 service=/mix/1.0.0 serviceId=key:913B5C5DBE691438693215140388EC0C7DE80DE328BDE5BD7FC06F90568CEA40
[2026-10-06 15:18:26.616] [out] [delivery_module] DBG 2026-10-06 15:18:26.616+02:00 Added service to advertise                 topics="waku service discovery" tid=17476470 service=/mix/1.0.0
[2026-10-06 15:18:26.616] [out] [delivery_module] INF 2026-10-06 15:18:26.616+02:00 advertising this node as a mix node        topics="waku discovery advertise" tid=17476470 backend=service
[2026-10-06 15:18:26.616] [out] [delivery_module] INF 2026-10-06 15:18:26.616+02:00 Node is online                             topics="waku online monitor" tid=17476470
[2026-10-06 15:18:26.616] [out] [delivery_module] INF 2026-10-06 15:18:26.616+02:00 Health monitor loop start                  tid=17476470
[2026-10-06 15:18:26.618] [out] [delivery_module] DBG 2026-10-06 15:18:26.618+02:00 calculateConnectionState                   tid=17476470 relayCount=9 storeClientCount=6 lightpushCount=9 filterCount=9
[2026-10-06 15:18:26.618] [out] [delivery_module] DBG 2026-10-06 15:18:26.618+02:00 connectionStatus change                    tid=17476470 oldstatus=Disconnected newstatus=Connected
[2026-10-06 15:18:26.618] [out] [delivery_module] INF 2026-10-06 15:18:26.618+02:00 starting keepalive                         tid=17476470 randomPeersKeepalive=10s allPeersKeepalive=2m
[2026-10-06 15:18:26.618] [out] [delivery_module] DBG 2026-10-06 15:18:26.618+02:00 no listener registered                     tid=17476471 event=onTopicHealthChange
[2026-10-06 15:18:26.618] [out] [delivery_module] DBG 2026-10-06 15:18:26.618+02:00 no listener registered                     tid=17476471 event=onTopicHealthChange
[2026-10-06 15:18:26.619] [out] [delivery_module] DBG 2026-10-06 15:18:26.619+02:00 no listener registered                     tid=17476471 event=onTopicHealthChange
[2026-10-06 15:18:26.619] [out] [delivery_module] DBG 2026-10-06 15:18:26.619+02:00 no listener registered                     tid=17476471 event=onTopicHealthChange
[2026-10-06 15:18:26.619] [out] [delivery_module] DBG 2026-10-06 15:18:26.619+02:00 no listener registered                     tid=17476471 event=onTopicHealthChange
[2026-10-06 15:18:26.619] [out] [delivery_module] DBG 2026-10-06 15:18:26.619+02:00 no listener registered                     tid=17476471 event=onTopicHealthChange
[2026-10-06 15:18:26.619] [out] [delivery_module] DBG 2026-10-06 15:18:26.619+02:00 no listener registered                     tid=17476471 event=onTopicHealthChange
[2026-10-06 15:18:26.673] [out] [delivery_module] DBG 2026-10-06 15:18:26.673+02:00 no listener registered                     tid=17476471 event=onConnectionChange
[2026-10-06 15:18:26.722] [out] [delivery_module] DBG 2026-10-06 15:18:26.722+02:00 calculateConnectionState                   tid=17476470 relayCount=9 storeClientCount=6 lightpushCount=9 filterCount=9
[2026-10-06 15:18:26.780] [out] [delivery_module] DBG 2026-10-06 15:18:26.780+02:00 Lookup query                               topics="kad-dht find" tid=17476470 peer=16U*7ZEp3L
[2026-10-06 15:18:26.780] [out] [delivery_module] DBG 2026-10-06 15:18:26.780+02:00 Lookup query                               topics="kad-dht find" tid=17476470 peer=16U*axMHGL
[2026-10-06 15:18:26.780] [out] [delivery_module] DBG 2026-10-06 15:18:26.780+02:00 Lookup query                               topics="kad-dht find" tid=17476470 peer=16U*dYNeLB
[2026-10-06 15:18:26.780] [out] [delivery_module] DBG 2026-10-06 15:18:26.780+02:00 Lookup query                               topics="kad-dht find" tid=17476470 peer=16U*2FWeUS
[2026-10-06 15:18:26.780] [out] [delivery_module] DBG 2026-10-06 15:18:26.780+02:00 Lookup query                               topics="kad-dht find" tid=17476470 peer=16U*oTfm5M
[2026-10-06 15:18:26.780] [out] [delivery_module] DBG 2026-10-06 15:18:26.780+02:00 Lookup query                               topics="kad-dht find" tid=17476470 peer=16U*YJ3Zqc
[2026-10-06 15:18:26.802] [out] [delivery_module] DBG 2026-10-06 15:18:26.802+02:00 Lookup query                               topics="kad-dht find" tid=17476470 peer=16U*XtU5nL
[2026-10-06 15:18:26.803] [out] [delivery_module] DBG 2026-10-06 15:18:26.802+02:00 Lookup query                               topics="kad-dht find" tid=17476470 peer=16U*jQfE1X
[2026-10-06 15:18:26.826] [out] [delivery_module] DBG 2026-10-06 15:18:26.826+02:00 calculateConnectionState                   tid=17476470 relayCount=9 storeClientCount=6 lightpushCount=9 filterCount=9
[2026-10-06 15:18:26.839] [out] [delivery_module] DBG 2026-10-06 15:18:26.839+02:00 Lookup query                               topics="kad-dht find" tid=17476470 peer=16U*axMHGL
[2026-10-06 15:18:26.839] [out] [delivery_module] DBG 2026-10-06 15:18:26.839+02:00 Lookup query                               topics="kad-dht find" tid=17476470 peer=16U*dYNeLB
[2026-10-06 15:18:26.839] [out] [delivery_module] DBG 2026-10-06 15:18:26.839+02:00 Lookup query                               topics="kad-dht find" tid=17476470 peer=16U*7ZEp3L
[2026-10-06 15:18:26.839] [out] [delivery_module] DBG 2026-10-06 15:18:26.839+02:00 Lookup query                               topics="kad-dht find" tid=17476470 peer=16U*XtU5nL
[2026-10-06 15:18:26.839] [out] [delivery_module] DBG 2026-10-06 15:18:26.839+02:00 Lookup query                               topics="kad-dht find" tid=17476470 peer=16U*2FWeUS
[2026-10-06 15:18:26.840] [out] [delivery_module] DBG 2026-10-06 15:18:26.840+02:00 Lookup query                               topics="kad-dht find" tid=17476470 peer=16U*oTfm5M
[2026-10-06 15:18:26.868] [out] [delivery_module] DBG 2026-10-06 15:18:26.868+02:00 no listener registered                     tid=17476471 event=onTopicHealthChange
[2026-10-06 15:18:26.868] [out] [delivery_module] DBG 2026-10-06 15:18:26.868+02:00 no listener registered                     tid=17476471 event=onTopicHealthChange
[2026-10-06 15:18:26.868] [out] [delivery_module] DBG 2026-10-06 15:18:26.868+02:00 no listener registered                     tid=17476471 event=onTopicHealthChange
[2026-10-06 15:18:26.868] [out] [delivery_module] DBG 2026-10-06 15:18:26.868+02:00 no listener registered                     tid=17476471 event=onTopicHealthChange
[2026-10-06 15:18:26.871] [out] [delivery_module] DBG 2026-10-06 15:18:26.871+02:00 Lookup query                               topics="kad-dht find" tid=17476470 peer=16U*nGfvUW
[2026-10-06 15:18:26.881] [out] [delivery_module] DBG 2026-10-06 15:18:26.881+02:00 Lookup query                               topics="kad-dht find" tid=17476470 peer=16U*2gerDZ
[2026-10-06 15:18:26.909] [out] [delivery_module] DBG 2026-10-06 15:18:26.909+02:00 Lookup query                               topics="kad-dht find" tid=17476470 peer=16U*2FWeUS
[2026-10-06 15:18:26.909] [out] [delivery_module] DBG 2026-10-06 15:18:26.909+02:00 Lookup query                               topics="kad-dht find" tid=17476470 peer=16U*oTfm5M
[2026-10-06 15:18:26.909] [out] [delivery_module] DBG 2026-10-06 15:18:26.909+02:00 Lookup query                               topics="kad-dht find" tid=17476470 peer=16U*YJ3Zqc
[2026-10-06 15:18:26.909] [out] [delivery_module] DBG 2026-10-06 15:18:26.909+02:00 Lookup query                               topics="kad-dht find" tid=17476470 peer=16U*7ZEp3L
[2026-10-06 15:18:26.909] [out] [delivery_module] DBG 2026-10-06 15:18:26.909+02:00 Lookup query                               topics="kad-dht find" tid=17476470 peer=16U*axMHGL
[2026-10-06 15:18:26.917] [out] [delivery_module] DBG 2026-10-06 15:18:26.917+02:00 Lookup query                               topics="kad-dht find" tid=17476470 peer=16U*XtU5nL
[2026-10-06 15:18:26.929] [out] [delivery_module] DBG 2026-10-06 15:18:26.929+02:00 calculateConnectionState                   tid=17476470 relayCount=9 storeClientCount=6 lightpushCount=9 filterCount=9
[2026-10-06 15:18:26.949] [out] [delivery_module] DBG 2026-10-06 15:18:26.949+02:00 Dialing failed                             topics="libp2p dialer" tid=17476470 description="quic dial timed out after 3s" peerId=16U*7ZEp3L address=/ip4/192.168.1.3/udp/56395/quic-v1 hostname=192.168.1.3
[2026-10-06 15:18:26.949] [out] [delivery_module] DBG 2026-10-06 15:18:26.949+02:00 Dialing failed                             topics="libp2p dialer" tid=17476470 description="quic dial timed out after 3s" peerId=16U*axMHGL address=/ip4/172.20.10.14/udp/57459/quic-v1 hostname=172.20.10.14
[2026-10-06 15:18:26.949] [out] [delivery_module] DBG 2026-10-06 15:18:26.949+02:00 Dialing failed                             topics="libp2p dialer" tid=17476470 description="quic dial timed out after 3s" peerId=16U*dYNeLB address=/ip4/172.20.10.14/udp/64211/quic-v1 hostname=172.20.10.14
[2026-10-06 15:18:26.949] [out] [delivery_module] DBG 2026-10-06 15:18:26.949+02:00 Dialing failed                             topics="libp2p dialer" tid=17476470 description="quic dial timed out after 3s" peerId=16U*oTfm5M address=/ip4/10.1.0.15/udp/59973/quic-v1 hostname=10.1.0.15
[2026-10-06 15:18:26.949] [out] [delivery_module] DBG 2026-10-06 15:18:26.949+02:00 Expanded address and hostname              topics="libp2p dialer" tid=17476470 expandedAddress=/ip4/192.168.1.3/tcp/49737 hostname=192.168.1.3 resolvedAddresses="[/ip4/192.168.1.3/tcp/49737]"
[2026-10-06 15:18:26.949] [out] [delivery_module] DBG 2026-10-06 15:18:26.949+02:00 Expanded address and hostname              topics="libp2p dialer" tid=17476470 expandedAddress=/ip4/172.20.10.14/tcp/60187 hostname=172.20.10.14 resolvedAddresses="[/ip4/172.20.10.14/tcp/60187]"
[2026-10-06 15:18:26.949] [out] [delivery_module] DBG 2026-10-06 15:18:26.949+02:00 Expanded address and hostname              topics="libp2p dialer" tid=17476470 expandedAddress=/ip4/172.20.10.14/tcp/60188 hostname=172.20.10.14 resolvedAddresses="[/ip4/172.20.10.14/tcp/60188]"
[2026-10-06 15:18:26.950] [out] [delivery_module] DBG 2026-10-06 15:18:26.950+02:00 Expanded address and hostname              topics="libp2p dialer" tid=17476470 expandedAddress=/ip4/10.1.0.15/tcp/62674 hostname=10.1.0.15 resolvedAddresses="[/ip4/10.1.0.15/tcp/62674]"
[2026-10-06 15:18:26.950] [out] [delivery_module] DBG 2026-10-06 15:18:26.950+02:00 Dialing failed                             topics="libp2p dialer" tid=17476470 description="TcpTransport dial error: (61) Connection refused" peerId=16U*axMHGL address=/ip4/172.20.10.14/tcp/60187 hostname=172.20.10.14
[2026-10-06 15:18:26.950] [out] [delivery_module] DBG 2026-10-06 15:18:26.950+02:00 Dialing failed                             topics="libp2p dialer" tid=17476470 description="TcpTransport dial error: (61) Connection refused" peerId=16U*dYNeLB address=/ip4/172.20.10.14/tcp/60188 hostname=172.20.10.14
[2026-10-06 15:18:26.950] [out] [delivery_module] DBG 2026-10-06 15:18:26.950+02:00 Dialing failed                             topics="libp2p dialer" tid=17476470 description="quic dial timed out after 3s" peerId=16U*YJ3Zqc address=/ip4/192.168.1.3/udp/58993/quic-v1 hostname=192.168.1.3
[2026-10-06 15:18:26.950] [out] [delivery_module] DBG 2026-10-06 15:18:26.950+02:00 Expanded address and hostname              topics="libp2p dialer" tid=17476470 expandedAddress=/ip4/192.168.1.3/tcp/56968 hostname=192.168.1.3 resolvedAddresses="[/ip4/192.168.1.3/tcp/56968]"
[2026-10-06 15:18:26.950] [out] [delivery_module] DBG 2026-10-06 15:18:26.950+02:00 Error dialing                              topics="libp2p dialer" tid=17476470 conn=nil peerId=16U*axMHGL protos="[/logos/service-discovery/1.0.0]" addrs="[/ip4/172.20.10.14/udp/57459/quic-v1, /ip4/172.20.10.14/tcp/60187]" description="Unable to establish outgoing link in establishConnection: peer_id=16U*axMHGL addrs=@[/ip4/172.20.10.14/udp/57459/quic-v1, /ip4/172.20.10.14/tcp/60187]"
[2026-10-06 15:18:26.950] [out] [delivery_module] DBG 2026-10-06 15:18:26.950+02:00 Error dialing                              topics="libp2p dialer" tid=17476470 conn=nil peerId=16U*dYNeLB protos="[/logos/service-discovery/1.0.0]" addrs="[/ip4/172.20.10.14/udp/64211/quic-v1, /ip4/172.20.10.14/tcp/60188]" description="Unable to establish outgoing link in establishConnection: peer_id=16U*dYNeLB addrs=@[/ip4/172.20.10.14/udp/64211/quic-v1, /ip4/172.20.10.14/tcp/60188]"
[2026-10-06 15:18:26.950] [out] [delivery_module] DBG 2026-10-06 15:18:26.950+02:00 Dialing peer                               topics="libp2p dialer" tid=17476470 peerId=16U*axMHGL addrs="[/ip4/172.20.10.14/udp/57459/quic-v1, /ip4/172.20.10.14/tcp/60187]"
[2026-10-06 15:18:26.950] [out] [delivery_module] DBG 2026-10-06 15:18:26.950+02:00 Expanded address and hostname              topics="libp2p dialer" tid=17476470 expandedAddress=/ip4/172.20.10.14/udp/57459/quic-v1 hostname=172.20.10.14 resolvedAddresses="[/ip4/172.20.10.14/udp/57459/quic-v1]"
[2026-10-06 15:18:26.950] [out] [delivery_module] DBG 2026-10-06 15:18:26.950+02:00 New connection established: client         tid=17476470
[2026-10-06 15:18:26.950] [out] [delivery_module] DBG 2026-10-06 15:18:26.950+02:00 Dialing peer                               topics="libp2p dialer" tid=17476470 peerId=16U*dYNeLB addrs="[/ip4/172.20.10.14/udp/64211/quic-v1, /ip4/172.20.10.14/tcp/60188]"
[2026-10-06 15:18:26.950] [out] [delivery_module] DBG 2026-10-06 15:18:26.950+02:00 Expanded address and hostname              topics="libp2p dialer" tid=17476470 expandedAddress=/ip4/172.20.10.14/udp/64211/quic-v1 hostname=172.20.10.14 resolvedAddresses="[/ip4/172.20.10.14/udp/64211/quic-v1]"
[2026-10-06 15:18:26.951] [out] [delivery_module] DBG 2026-10-06 15:18:26.951+02:00 New connection established: client         tid=17476470
[2026-10-06 15:18:26.951] [out] [delivery_module] DBG 2026-10-06 15:18:26.951+02:00 Dialing failed                             topics="libp2p dialer" tid=17476470 description="quic dial timed out after 3s" peerId=16U*2gerDZ address=/ip4/192.168.1.3/udp/50790/quic-v1 hostname=192.168.1.3
[2026-10-06 15:18:26.951] [out] [delivery_module] DBG 2026-10-06 15:18:26.951+02:00 Expanded address and hostname              topics="libp2p dialer" tid=17476470 expandedAddress=/ip4/192.168.1.3/tcp/56668 hostname=192.168.1.3 resolvedAddresses="[/ip4/192.168.1.3/tcp/56668]"
[2026-10-06 15:18:26.951] [out] [delivery_module] DBG 2026-10-06 15:18:26.951+02:00 Dialing failed                             topics="libp2p dialer" tid=17476470 description="quic dial timed out after 3s" peerId=16U*APqJP4 address=/ip4/172.20.10.14/udp/58562/quic-v1 hostname=172.20.10.14
[2026-10-06 15:18:26.951] [out] [delivery_module] DBG 2026-10-06 15:18:26.951+02:00 Dialing failed                             topics="libp2p dialer" tid=17476470 description="quic dial timed out after 3s" peerId=16U*JVSpzf address=/ip4/10.1.0.239/udp/49621/quic-v1 hostname=10.1.0.239
[2026-10-06 15:18:26.951] [out] [delivery_module] DBG 2026-10-06 15:18:26.951+02:00 Expanded address and hostname              topics="libp2p dialer" tid=17476470 expandedAddress=/ip4/172.20.10.14/tcp/58630 hostname=172.20.10.14 resolvedAddresses="[/ip4/172.20.10.14/tcp/58630]"
[2026-10-06 15:18:26.951] [out] [delivery_module] DBG 2026-10-06 15:18:26.951+02:00 Expanded address and hostname              topics="libp2p dialer" tid=17476470 expandedAddress=/ip4/10.1.0.239/tcp/50185 hostname=10.1.0.239 resolvedAddresses="[/ip4/10.1.0.239/tcp/50185]"
[2026-10-06 15:18:26.951] [out] [delivery_module] DBG 2026-10-06 15:18:26.951+02:00 Dialing failed                             topics="libp2p dialer" tid=17476470 description="TcpTransport dial error: (61) Connection refused" peerId=16U*APqJP4 address=/ip4/172.20.10.14/tcp/58630 hostname=172.20.10.14
[2026-10-06 15:18:26.952] [out] [delivery_module] DBG 2026-10-06 15:18:26.952+02:00 Error dialing                              topics="libp2p dialer" tid=17476470 conn=nil peerId=16U*APqJP4 protos="[/logos/service-discovery/1.0.0]" addrs="[/ip4/172.20.10.14/udp/58562/quic-v1, /ip4/172.20.10.14/tcp/58630]" description="Unable to establish outgoing link in establishConnection: peer_id=16U*APqJP4 addrs=@[/ip4/172.20.10.14/udp/58562/quic-v1, /ip4/172.20.10.14/tcp/58630]"
[2026-10-06 15:18:26.952] [out] [delivery_module] DBG 2026-10-06 15:18:26.952+02:00 Dialing peer                               topics="libp2p dialer" tid=17476470 peerId=16U*APqJP4 addrs="[/ip4/172.20.10.14/udp/58562/quic-v1, /ip4/172.20.10.14/tcp/58630]"
[2026-10-06 15:18:26.952] [out] [delivery_module] DBG 2026-10-06 15:18:26.952+02:00 Expanded address and hostname              topics="libp2p dialer" tid=17476470 expandedAddress=/ip4/172.20.10.14/udp/58562/quic-v1 hostname=172.20.10.14 resolvedAddresses="[/ip4/172.20.10.14/udp/58562/quic-v1]"
[2026-10-06 15:18:26.952] [out] [delivery_module] DBG 2026-10-06 15:18:26.952+02:00 New connection established: client         tid=17476470
[2026-10-06 15:18:26.952] [out] [delivery_module] DBG 2026-10-06 15:18:26.952+02:00 Dialing failed                             topics="libp2p dialer" tid=17476470 description="quic dial timed out after 3s" peerId=16U*XtU5nL address=/ip4/172.20.10.14/udp/55034/quic-v1 hostname=172.20.10.14
[2026-10-06 15:18:26.952] [out] [delivery_module] DBG 2026-10-06 15:18:26.952+02:00 Expanded address and hostname              topics="libp2p dialer" tid=17476470 expandedAddress=/ip4/172.20.10.14/tcp/60243 hostname=172.20.10.14 resolvedAddresses="[/ip4/172.20.10.14/tcp/60243]"
[2026-10-06 15:18:26.953] [out] [delivery_module] DBG 2026-10-06 15:18:26.953+02:00 Dialing failed                             topics="libp2p dialer" tid=17476470 description="TcpTransport dial error: (61) Connection refused" peerId=16U*XtU5nL address=/ip4/172.20.10.14/tcp/60243 hostname=172.20.10.14
[2026-10-06 15:18:26.953] [out] [delivery_module] DBG 2026-10-06 15:18:26.953+02:00 Error dialing                              topics="libp2p dialer" tid=17476470 conn=nil peerId=16U*XtU5nL protos="[/logos/service-discovery/1.0.0]" addrs="[/ip4/172.20.10.14/udp/55034/quic-v1, /ip4/172.20.10.14/tcp/60243]" description="Unable to establish outgoing link in establishConnection: peer_id=16U*XtU5nL addrs=@[/ip4/172.20.10.14/udp/55034/quic-v1, /ip4/172.20.10.14/tcp/60243]"
[2026-10-06 15:18:26.953] [out] [delivery_module] DBG 2026-10-06 15:18:26.953+02:00 Dialing peer                               topics="libp2p dialer" tid=17476470 peerId=16U*XtU5nL addrs="[/ip4/172.20.10.14/udp/55034/quic-v1, /ip4/172.20.10.14/tcp/60243]"
[2026-10-06 15:18:26.953] [out] [delivery_module] DBG 2026-10-06 15:18:26.953+02:00 Expanded address and hostname              topics="libp2p dialer" tid=17476470 expandedAddress=/ip4/172.20.10.14/udp/55034/quic-v1 hostname=172.20.10.14 resolvedAddresses="[/ip4/172.20.10.14/udp/55034/quic-v1]"
[2026-10-06 15:18:26.953] [out] [delivery_module] DBG 2026-10-06 15:18:26.953+02:00 New connection established: client         tid=17476470
[2026-10-06 15:18:26.969] [out] [delivery_module] DBG 2026-10-06 15:18:26.969+02:00 no listener registered                     tid=17476471 event=onTopicHealthChange
[2026-10-06 15:18:26.970] [out] [delivery_module] DBG 2026-10-06 15:18:26.970+02:00 no listener registered                     tid=17476471 event=onTopicHealthChange
[2026-10-06 15:18:26.970] [out] [delivery_module] DBG 2026-10-06 15:18:26.970+02:00 no listener registered                     tid=17476471 event=onTopicHealthChange
[2026-10-06 15:18:27.032] [out] [delivery_module] DBG 2026-10-06 15:18:27.032+02:00 calculateConnectionState                   tid=17476470 relayCount=9 storeClientCount=6 lightpushCount=9 filterCount=9
[2026-10-06 15:18:27.043] [out] [delivery_module] DBG 2026-10-06 15:18:27.043+02:00 Lookup query                               topics="kad-dht find" tid=17476470 peer=16U*YJ3Zqc
[2026-10-06 15:18:27.043] [out] [delivery_module] DBG 2026-10-06 15:18:27.043+02:00 Lookup query                               topics="kad-dht find" tid=17476470 peer=16U*jQfE1X
[2026-10-06 15:18:27.043] [out] [delivery_module] DBG 2026-10-06 15:18:27.043+02:00 Lookup query                               topics="kad-dht find" tid=17476470 peer=16U*2gerDZ
[2026-10-06 15:18:27.043] [out] [delivery_module] DBG 2026-10-06 15:18:27.043+02:00 Lookup query                               topics="kad-dht find" tid=17476470 peer=16U*JVSpzf
[2026-10-06 15:18:27.062] [out] [delivery_module] DBG 2026-10-06 15:18:27.062+02:00 Lookup query                               topics="kad-dht find" tid=17476470 peer=16U*28TTLb
[2026-10-06 15:18:27.077] [out] [delivery_module] DBG 2026-10-06 15:18:27.077+02:00 Lookup query                               topics="kad-dht find" tid=17476470 peer=16U*JVSpzf
[2026-10-06 15:18:27.077] [out] [delivery_module] DBG 2026-10-06 15:18:27.077+02:00 Lookup query                               topics="kad-dht find" tid=17476470 peer=16U*28TTLb
[2026-10-06 15:18:27.098] [out] [delivery_module] DBG 2026-10-06 15:18:27.098+02:00 Lookup query                               topics="kad-dht find" tid=17476470 peer=16U*nGfvUW
[2026-10-06 15:18:27.248] [out] [delivery_module] DBG 2026-10-06 15:18:27.248+02:00 Lookup query                               topics="kad-dht find" tid=17476470 peer=16U*2gerDZ
[2026-10-06 15:18:27.248] [out] [delivery_module] DBG 2026-10-06 15:18:27.248+02:00 Lookup query                               topics="kad-dht find" tid=17476470 peer=16U*JVSpzf
[2026-10-06 15:18:27.248] [out] [delivery_module] DBG 2026-10-06 15:18:27.248+02:00 Lookup query                               topics="kad-dht find" tid=17476470 peer=16U*28TTLb
[2026-10-06 15:18:27.248] [out] [delivery_module] DBG 2026-10-06 15:18:27.248+02:00 Lookup query                               topics="kad-dht find" tid=17476470 peer=16U*JVSpzf
[2026-10-06 15:18:27.249] [out] [delivery_module] DBG 2026-10-06 15:18:27.249+02:00 Lookup query                               topics="kad-dht find" tid=17476470 peer=16U*28TTLb
[2026-10-06 15:18:27.306] [out] [delivery_module] INF 2026-10-06 15:18:27.306+02:00 Message received                           tid=17476470 msg_hash=0x8bb404af49e85c38d0999bb243e334d7ae7aefcddc595f7904d56eaa24003d16 contentTopic=/lp0026forum/1/general/text pubsubTopic=/waku/2/rs/3/7 source=history
[2026-10-06 15:18:27.307] [out] [delivery_module] DBG 2026-10-06 15:18:27.307+02:00 Lookup query                               topics="kad-dht find" tid=17476470 peer=16U*jQfE1X
[2026-10-06 15:18:27.337] [out] [delivery_module] DBG 2026-10-06 15:18:27.337+02:00 Lookup query                               topics="kad-dht find" tid=17476470 peer=16U*nGfvUW
qt.qpa.fonts: Populating font family aliases took 45 ms. Replace uses of missing font family "Monospace" with one that exists to avoid this cost. 
[2026-10-06 15:18:27.595] [info] [logos] [delivery_module] DeliveryModuleImpl::storeQuery called with peerAddr: /dns4/delivery-01.do-ams3.logos.dev.status.im/tcp/30303/p2p/16Uiu2HAmTUbnxLGT9JvV6mu9oPyDjqHK4Phs1VDJNUgESgNSkuby
[2026-10-06 15:18:27.928] [out] [delivery_module] DBG 2026-10-06 15:18:27.928+02:00 no listener registered                     tid=17476471 event=onTopicHealthChange
[2026-10-06 15:18:27.930] [out] [delivery_module] DBG 2026-10-06 15:18:27.930+02:00 calculateConnectionState                   tid=17476470 relayCount=9 storeClientCount=6 lightpushCount=9 filterCount=9
[2026-10-06 15:18:28.031] [out] [delivery_module] DBG 2026-10-06 15:18:28.031+02:00 no listener registered                     tid=17476471 event=onTopicHealthChange
[2026-10-06 15:18:28.032] [out] [delivery_module] DBG 2026-10-06 15:18:28.032+02:00 no listener registered                     tid=17476471 event=onTopicHealthChange
[2026-10-06 15:18:28.034] [out] [delivery_module] DBG 2026-10-06 15:18:28.034+02:00 calculateConnectionState                   tid=17476470 relayCount=9 storeClientCount=6 lightpushCount=9 filterCount=9
[2026-10-06 15:18:28.601] [out] [delivery_module] DBG 2026-10-06 15:18:28.601+02:00 getting adverts                            topics="service-disco discoverer" tid=17476470 serviceId=key:913B5C5DBE691438693215140388EC0C7DE80DE328BDE5BD7FC06F90568CEA40 registrar=16U*28TTLb
[2026-10-06 15:18:28.601] [out] [delivery_module] DBG 2026-10-06 15:18:28.601+02:00 getting adverts                            topics="service-disco discoverer" tid=17476470 serviceId=key:913B5C5DBE691438693215140388EC0C7DE80DE328BDE5BD7FC06F90568CEA40 registrar=16U*jQfE1X
[2026-10-06 15:18:28.601] [out] [delivery_module] DBG 2026-10-06 15:18:28.601+02:00 getting adverts                            topics="service-disco discoverer" tid=17476470 serviceId=key:913B5C5DBE691438693215140388EC0C7DE80DE328BDE5BD7FC06F90568CEA40 registrar=16U*TwqBiH
[2026-10-06 15:18:28.602] [out] [delivery_module] DBG 2026-10-06 15:18:28.602+02:00 getting adverts                            topics="service-disco discoverer" tid=17476470 serviceId=key:913B5C5DBE691438693215140388EC0C7DE80DE328BDE5BD7FC06F90568CEA40 registrar=16U*NSkuby
[2026-10-06 15:18:28.602] [out] [delivery_module] DBG 2026-10-06 15:18:28.602+02:00 getting adverts                            topics="service-disco discoverer" tid=17476470 serviceId=key:913B5C5DBE691438693215140388EC0C7DE80DE328BDE5BD7FC06F90568CEA40 registrar=16U*6iYifn
[2026-10-06 15:18:28.602] [out] [delivery_module] DBG 2026-10-06 15:18:28.602+02:00 Cannot insert self in routing table        topics="kad-dht rtable" tid=17476470 nodeId=key:002508021221035BDDB05E9DCCA880CAAA7E23A325289D81D4A94796511ADA8FDE66241C5526D5
[2026-10-06 15:18:28.602] [out] [delivery_module] DBG 2026-10-06 15:18:28.602+02:00 adverts found                              topics="service-disco discoverer" tid=17476470 serviceId=key:913B5C5DBE691438693215140388EC0C7DE80DE328BDE5BD7FC06F90568CEA40 remote=16U*6iYifn count=0
[2026-10-06 15:18:28.603] [out] [delivery_module] DBG 2026-10-06 15:18:28.603+02:00 getting adverts                            topics="service-disco discoverer" tid=17476470 serviceId=key:E6738033B5D413D13CF58622CEB4EF8F392E8D4EB073B56A5486CB0431B2F5D8 registrar=16U*jQfE1X
[2026-10-06 15:18:28.603] [out] [delivery_module] DBG 2026-10-06 15:18:28.603+02:00 getting adverts                            topics="service-disco discoverer" tid=17476470 serviceId=key:E6738033B5D413D13CF58622CEB4EF8F392E8D4EB073B56A5486CB0431B2F5D8 registrar=16U*NSkuby
[2026-10-06 15:18:28.604] [out] [delivery_module] DBG 2026-10-06 15:18:28.604+02:00 getting adverts                            topics="service-disco discoverer" tid=17476470 serviceId=key:E6738033B5D413D13CF58622CEB4EF8F392E8D4EB073B56A5486CB0431B2F5D8 registrar=16U*28TTLb
[2026-10-06 15:18:28.604] [out] [delivery_module] DBG 2026-10-06 15:18:28.604+02:00 getting adverts                            topics="service-disco discoverer" tid=17476470 serviceId=key:E6738033B5D413D13CF58622CEB4EF8F392E8D4EB073B56A5486CB0431B2F5D8 registrar=16U*TwqBiH
[2026-10-06 15:18:28.604] [out] [delivery_module] DBG 2026-10-06 15:18:28.604+02:00 getting adverts                            topics="service-disco discoverer" tid=17476470 serviceId=key:E6738033B5D413D13CF58622CEB4EF8F392E8D4EB073B56A5486CB0431B2F5D8 registrar=16U*6iYifn
[2026-10-06 15:18:28.604] [out] [delivery_module] DBG 2026-10-06 15:18:28.604+02:00 Cannot insert self in routing table        topics="kad-dht rtable" tid=17476470 nodeId=key:002508021221035BDDB05E9DCCA880CAAA7E23A325289D81D4A94796511ADA8FDE66241C5526D5
[2026-10-06 15:18:28.604] [out] [delivery_module] DBG 2026-10-06 15:18:28.604+02:00 adverts found                              topics="service-disco discoverer" tid=17476470 serviceId=key:E6738033B5D413D13CF58622CEB4EF8F392E8D4EB073B56A5486CB0431B2F5D8 remote=16U*6iYifn count=1
[2026-10-06 15:18:28.837] [info] [logos] [delivery_module] DeliveryModuleImpl::storeQuery called with peerAddr: /dns4/delivery-01.do-ams3.logos.dev.status.im/tcp/30303/p2p/16Uiu2HAmTUbnxLGT9JvV6mu9oPyDjqHK4Phs1VDJNUgESgNSkuby
[2026-10-06 15:18:28.953] [out] [delivery_module] DBG 2026-10-06 15:18:28.953+02:00 Kad lookup: RPC error                      topics="kad-dht find" tid=17476470 peer=16U*oTfm5M msg="dialStage: timed out dialing the peer"
[2026-10-06 15:18:28.953] [out] [delivery_module] DBG 2026-10-06 15:18:28.953+02:00 Kad lookup: RPC error                      topics="kad-dht find" tid=17476470 peer=16U*YJ3Zqc msg="dialStage: timed out dialing the peer"
[2026-10-06 15:18:28.953] [out] [delivery_module] DBG 2026-10-06 15:18:28.953+02:00 Kad lookup: RPC error                      topics="kad-dht find" tid=17476470 peer=16U*7ZEp3L msg="dialStage: timed out dialing the peer"
[2026-10-06 15:18:29.252] [out] [delivery_module] DBG 2026-10-06 15:18:29.252+02:00 Dialing failed                             topics="libp2p dialer" tid=17476470 description="quic dial timed out after 3s" peerId=16U*nGfvUW address=/ip4/172.20.10.14/udp/56251/quic-v1 hostname=172.20.10.14
[2026-10-06 15:18:29.252] [out] [delivery_module] DBG 2026-10-06 15:18:29.252+02:00 Expanded address and hostname              topics="libp2p dialer" tid=17476470 expandedAddress=/ip4/172.20.10.14/tcp/59518 hostname=172.20.10.14 resolvedAddresses="[/ip4/172.20.10.14/tcp/59518]"
[2026-10-06 15:18:29.253] [out] [delivery_module] DBG 2026-10-06 15:18:29.253+02:00 Dialing failed                             topics="libp2p dialer" tid=17476470 description="TcpTransport dial error: (61) Connection refused" peerId=16U*nGfvUW address=/ip4/172.20.10.14/tcp/59518 hostname=172.20.10.14
[2026-10-06 15:18:29.253] [out] [delivery_module] DBG 2026-10-06 15:18:29.253+02:00 Error dialing                              topics="libp2p dialer" tid=17476470 conn=nil peerId=16U*nGfvUW protos="[/logos/service-discovery/1.0.0]" addrs="[/ip4/172.20.10.14/udp/56251/quic-v1, /ip4/172.20.10.14/tcp/59518]" description="Unable to establish outgoing link in establishConnection: peer_id=16U*nGfvUW addrs=@[/ip4/172.20.10.14/udp/56251/quic-v1, /ip4/172.20.10.14/tcp/59518]"
[2026-10-06 15:18:29.253] [out] [delivery_module] DBG 2026-10-06 15:18:29.253+02:00 Dialing peer                               topics="libp2p dialer" tid=17476470 peerId=16U*nGfvUW addrs="[/ip4/172.20.10.14/udp/56251/quic-v1, /ip4/172.20.10.14/tcp/59518]"
[2026-10-06 15:18:29.253] [out] [delivery_module] DBG 2026-10-06 15:18:29.253+02:00 Expanded address and hostname              topics="libp2p dialer" tid=17476470 expandedAddress=/ip4/172.20.10.14/udp/56251/quic-v1 hostname=172.20.10.14 resolvedAddresses="[/ip4/172.20.10.14/udp/56251/quic-v1]"
[2026-10-06 15:18:29.254] [out] [delivery_module] DBG 2026-10-06 15:18:29.254+02:00 New connection established: client         tid=17476470
[2026-10-06 15:18:29.378] [out] [delivery_module] DBG 2026-10-06 15:18:29.378+02:00 adverts found                              topics="service-disco discoverer" tid=17476470 serviceId=key:913B5C5DBE691438693215140388EC0C7DE80DE328BDE5BD7FC06F90568CEA40 remote=16U*NSkuby count=3
[2026-10-06 15:18:29.379] [out] [delivery_module] DBG 2026-10-06 15:18:29.379+02:00 adverts found                              topics="service-disco discoverer" tid=17476470 serviceId=key:E6738033B5D413D13CF58622CEB4EF8F392E8D4EB073B56A5486CB0431B2F5D8 remote=16U*NSkuby count=4
[2026-10-06 15:18:29.386] [out] [delivery_module] DBG 2026-10-06 15:18:29.386+02:00 Lookup query                               topics="kad-dht find" tid=17476470 peer=16U*NSkuby
[2026-10-06 15:18:29.386] [out] [delivery_module] DBG 2026-10-06 15:18:29.386+02:00 Lookup query                               topics="kad-dht find" tid=17476470 peer=16U*jQfE1X
[2026-10-06 15:18:29.386] [out] [delivery_module] DBG 2026-10-06 15:18:29.386+02:00 Lookup query                               topics="kad-dht find" tid=17476470 peer=16U*TwqBiH
[2026-10-06 15:18:29.386] [out] [delivery_module] DBG 2026-10-06 15:18:29.386+02:00 Lookup query                               topics="kad-dht find" tid=17476470 peer=16U*28TTLb
[2026-10-06 15:18:29.386] [out] [delivery_module] DBG 2026-10-06 15:18:29.386+02:00 Lookup query                               topics="kad-dht find" tid=17476470 peer=16U*VpJprH
[2026-10-06 15:18:29.386] [out] [delivery_module] DBG 2026-10-06 15:18:29.386+02:00 Lookup query                               topics="kad-dht find" tid=17476470 peer=16U*T3UNSE
[2026-10-06 15:18:29.386] [out] [delivery_module] DBG 2026-10-06 15:18:29.386+02:00 Lookup query                               topics="kad-dht find" tid=17476470 peer=16U*P1S397
[2026-10-06 15:18:29.386] [out] [delivery_module] DBG 2026-10-06 15:18:29.386+02:00 Lookup query                               topics="kad-dht find" tid=17476470 peer=16U*kGyuEP
[2026-10-06 15:18:29.386] [out] [delivery_module] DBG 2026-10-06 15:18:29.386+02:00 Lookup query                               topics="kad-dht find" tid=17476470 peer=16U*2FWeUS
[2026-10-06 15:18:29.387] [out] [delivery_module] DBG 2026-10-06 15:18:29.387+02:00 Lookup query                               topics="kad-dht find" tid=17476470 peer=16U*T3UNSE
[2026-10-06 15:18:29.387] [out] [delivery_module] DBG 2026-10-06 15:18:29.387+02:00 Lookup query                               topics="kad-dht find" tid=17476470 peer=16U*P1S397
[2026-10-06 15:18:29.387] [out] [delivery_module] DBG 2026-10-06 15:18:29.387+02:00 Lookup query                               topics="kad-dht find" tid=17476470 peer=16U*VpJprH
[2026-10-06 15:18:29.387] [out] [delivery_module] DBG 2026-10-06 15:18:29.387+02:00 Lookup query                               topics="kad-dht find" tid=17476470 peer=16U*kGyuEP
[2026-10-06 15:18:29.387] [out] [delivery_module] DBG 2026-10-06 15:18:29.387+02:00 Lookup query                               topics="kad-dht find" tid=17476470 peer=16U*2FWeUS
[2026-10-06 15:18:29.387] [out] [delivery_module] DBG 2026-10-06 15:18:29.387+02:00 Lookup query                               topics="kad-dht find" tid=17476470 peer=16U*NSkuby
[2026-10-06 15:18:29.387] [out] [delivery_module] DBG 2026-10-06 15:18:29.387+02:00 Lookup query                               topics="kad-dht find" tid=17476470 peer=16U*jQfE1X
[2026-10-06 15:18:29.387] [out] [delivery_module] DBG 2026-10-06 15:18:29.387+02:00 Lookup query                               topics="kad-dht find" tid=17476470 peer=16U*TwqBiH
[2026-10-06 15:18:29.387] [out] [delivery_module] DBG 2026-10-06 15:18:29.387+02:00 Lookup query                               topics="kad-dht find" tid=17476470 peer=16U*28TTLb
[2026-10-06 15:18:29.387] [out] [delivery_module] DBG 2026-10-06 15:18:29.387+02:00 Lookup query                               topics="kad-dht find" tid=17476470 peer=16U*2FWeUS
[2026-10-06 15:18:29.387] [out] [delivery_module] DBG 2026-10-06 15:18:29.387+02:00 Lookup query                               topics="kad-dht find" tid=17476470 peer=16U*kGyuEP
[2026-10-06 15:18:29.387] [out] [delivery_module] DBG 2026-10-06 15:18:29.387+02:00 Lookup query                               topics="kad-dht find" tid=17476470 peer=16U*P1S397
[2026-10-06 15:18:29.387] [out] [delivery_module] DBG 2026-10-06 15:18:29.387+02:00 Lookup query                               topics="kad-dht find" tid=17476470 peer=16U*T3UNSE
[2026-10-06 15:18:29.387] [out] [delivery_module] DBG 2026-10-06 15:18:29.387+02:00 Lookup query                               topics="kad-dht find" tid=17476470 peer=16U*VpJprH
[2026-10-06 15:18:29.387] [out] [delivery_module] DBG 2026-10-06 15:18:29.387+02:00 Lookup query                               topics="kad-dht find" tid=17476470 peer=16U*TwqBiH
[2026-10-06 15:18:29.387] [out] [delivery_module] DBG 2026-10-06 15:18:29.387+02:00 Lookup query                               topics="kad-dht find" tid=17476470 peer=16U*28TTLb
[2026-10-06 15:18:29.387] [out] [delivery_module] DBG 2026-10-06 15:18:29.387+02:00 Lookup query                               topics="kad-dht find" tid=17476470 peer=16U*jQfE1X
[2026-10-06 15:18:29.387] [out] [delivery_module] DBG 2026-10-06 15:18:29.387+02:00 Lookup query                               topics="kad-dht find" tid=17476470 peer=16U*NSkuby
[2026-10-06 15:18:29.646] [out] [delivery_module] DBG 2026-10-06 15:18:29.646+02:00 adverts found                              topics="service-disco discoverer" tid=17476470 serviceId=key:913B5C5DBE691438693215140388EC0C7DE80DE328BDE5BD7FC06F90568CEA40 remote=16U*jQfE1X count=1
[2026-10-06 15:18:29.647] [out] [delivery_module] DBG 2026-10-06 15:18:29.647+02:00 adverts found                              topics="service-disco discoverer" tid=17476470 serviceId=key:E6738033B5D413D13CF58622CEB4EF8F392E8D4EB073B56A5486CB0431B2F5D8 remote=16U*jQfE1X count=4
[2026-10-06 15:18:29.647] [out] [delivery_module] DBG 2026-10-06 15:18:29.647+02:00 adverts found                              topics="service-disco discoverer" tid=17476470 serviceId=key:913B5C5DBE691438693215140388EC0C7DE80DE328BDE5BD7FC06F90568CEA40 remote=16U*28TTLb count=1
[2026-10-06 15:18:29.658] [out] [delivery_module] DBG 2026-10-06 15:18:29.658+02:00 adverts found                              topics="service-disco discoverer" tid=17476470 serviceId=key:E6738033B5D413D13CF58622CEB4EF8F392E8D4EB073B56A5486CB0431B2F5D8 remote=16U*28TTLb count=1
[2026-10-06 15:18:29.661] [out] [delivery_module] DBG 2026-10-06 15:18:29.661+02:00 Local table insertion                      tid=17476470 key=key:002508021221035BDDB05E9DCCA880CAAA7E23A325289D81D4A94796511ADA8FDE66241C5526D5 value=key:0A2508021221035BDDB05E9DCCA880CAAA7E23A325289D81D4A94796511ADA8FDE66241C5526D5120203011A480A27002508021221035BDDB05E9DCCA880CAAA7E23A325289D81D4A94796511ADA8FDE66241C5526D510DFE4111A0A0A0804AC140A0E06EBAD1A0D0A0B04AC140A0E9102E481CD032A4630440220438B57782FC57134F96589DF6B3D0E2BDC9E7956D0FF8F5CCBA5BBC1CE0E65DA02204A1C5207ABE621724B6E889D606916E70823087E63B9C0341447660B2ECEE1F0
[2026-10-06 15:18:29.699] [out] [delivery_module] DBG 2026-10-06 15:18:29.699+02:00 adverts found                              topics="service-disco discoverer" tid=17476470 serviceId=key:913B5C5DBE691438693215140388EC0C7DE80DE328BDE5BD7FC06F90568CEA40 remote=16U*TwqBiH count=3
[2026-10-06 15:18:29.699] [out] [delivery_module] DBG 2026-10-06 15:18:29.699+02:00 adverts found                              topics="service-disco discoverer" tid=17476470 serviceId=key:E6738033B5D413D13CF58622CEB4EF8F392E8D4EB073B56A5486CB0431B2F5D8 remote=16U*TwqBiH count=6
[2026-10-06 15:18:29.703] [out] [delivery_module] DBG 2026-10-06 15:18:29.703+02:00 getting adverts                            topics="service-disco discoverer" tid=17476470 serviceId=key:913B5C5DBE691438693215140388EC0C7DE80DE328BDE5BD7FC06F90568CEA40 registrar=16U*VpJprH
[2026-10-06 15:18:29.703] [out] [delivery_module] DBG 2026-10-06 15:18:29.703+02:00 getting adverts                            topics="service-disco discoverer" tid=17476470 serviceId=key:913B5C5DBE691438693215140388EC0C7DE80DE328BDE5BD7FC06F90568CEA40 registrar=16U*T3UNSE
[2026-10-06 15:18:29.703] [out] [delivery_module] DBG 2026-10-06 15:18:29.703+02:00 getting adverts                            topics="service-disco discoverer" tid=17476470 serviceId=key:913B5C5DBE691438693215140388EC0C7DE80DE328BDE5BD7FC06F90568CEA40 registrar=16U*P1S397
[2026-10-06 15:18:29.703] [out] [delivery_module] DBG 2026-10-06 15:18:29.703+02:00 getting adverts                            topics="service-disco discoverer" tid=17476470 serviceId=key:E6738033B5D413D13CF58622CEB4EF8F392E8D4EB073B56A5486CB0431B2F5D8 registrar=16U*2FWeUS
[2026-10-06 15:18:29.703] [out] [delivery_module] DBG 2026-10-06 15:18:29.703+02:00 getting adverts                            topics="service-disco discoverer" tid=17476470 serviceId=key:E6738033B5D413D13CF58622CEB4EF8F392E8D4EB073B56A5486CB0431B2F5D8 registrar=16U*kGyuEP
[2026-10-06 15:18:29.952] [out] [delivery_module] DBG 2026-10-06 15:18:29.952+02:00 Dialing failed                             topics="libp2p dialer" tid=17476470 description="quic dial timed out after 3s" peerId=16U*axMHGL address=/ip4/172.20.10.14/udp/57459/quic-v1 hostname=172.20.10.14
[2026-10-06 15:18:29.952] [out] [delivery_module] DBG 2026-10-06 15:18:29.952+02:00 Dialing failed                             topics="libp2p dialer" tid=17476470 description="quic dial timed out after 3s" peerId=16U*dYNeLB address=/ip4/172.20.10.14/udp/64211/quic-v1 hostname=172.20.10.14
[2026-10-06 15:18:29.952] [out] [delivery_module] DBG 2026-10-06 15:18:29.952+02:00 Expanded address and hostname              topics="libp2p dialer" tid=17476470 expandedAddress=/ip4/172.20.10.14/tcp/60187 hostname=172.20.10.14 resolvedAddresses="[/ip4/172.20.10.14/tcp/60187]"
[2026-10-06 15:18:29.952] [out] [delivery_module] DBG 2026-10-06 15:18:29.952+02:00 Expanded address and hostname              topics="libp2p dialer" tid=17476470 expandedAddress=/ip4/172.20.10.14/tcp/60188 hostname=172.20.10.14 resolvedAddresses="[/ip4/172.20.10.14/tcp/60188]"
[2026-10-06 15:18:29.952] [out] [delivery_module] DBG 2026-10-06 15:18:29.952+02:00 Dialing failed                             topics="libp2p dialer" tid=17476470 description="TcpTransport dial error: (61) Connection refused" peerId=16U*axMHGL address=/ip4/172.20.10.14/tcp/60187 hostname=172.20.10.14
[2026-10-06 15:18:29.952] [out] [delivery_module] DBG 2026-10-06 15:18:29.952+02:00 Dialing failed                             topics="libp2p dialer" tid=17476470 description="TcpTransport dial error: (61) Connection refused" peerId=16U*dYNeLB address=/ip4/172.20.10.14/tcp/60188 hostname=172.20.10.14
[2026-10-06 15:18:29.953] [out] [delivery_module] DBG 2026-10-06 15:18:29.952+02:00 Dialing failed                             topics="libp2p dialer" tid=17476470 description="quic dial timed out after 3s" peerId=16U*APqJP4 address=/ip4/172.20.10.14/udp/58562/quic-v1 hostname=172.20.10.14
[2026-10-06 15:18:29.953] [out] [delivery_module] DBG 2026-10-06 15:18:29.953+02:00 Expanded address and hostname              topics="libp2p dialer" tid=17476470 expandedAddress=/ip4/172.20.10.14/tcp/58630 hostname=172.20.10.14 resolvedAddresses="[/ip4/172.20.10.14/tcp/58630]"
[2026-10-06 15:18:29.953] [out] [delivery_module] DBG 2026-10-06 15:18:29.953+02:00 Dialing peer                               topics="libp2p dialer" tid=17476470 peerId=16U*axMHGL addrs="[/ip4/172.20.10.14/udp/57459/quic-v1, /ip4/172.20.10.14/tcp/60187]"
[2026-10-06 15:18:29.953] [out] [delivery_module] DBG 2026-10-06 15:18:29.953+02:00 Expanded address and hostname              topics="libp2p dialer" tid=17476470 expandedAddress=/ip4/172.20.10.14/udp/57459/quic-v1 hostname=172.20.10.14 resolvedAddresses="[/ip4/172.20.10.14/udp/57459/quic-v1]"
[2026-10-06 15:18:29.953] [out] [delivery_module] DBG 2026-10-06 15:18:29.953+02:00 New connection established: client         tid=17476470
[2026-10-06 15:18:29.954] [out] [delivery_module] DBG 2026-10-06 15:18:29.954+02:00 Dialing peer                               topics="libp2p dialer" tid=17476470 peerId=16U*dYNeLB addrs="[/ip4/172.20.10.14/udp/64211/quic-v1, /ip4/172.20.10.14/tcp/60188]"
[2026-10-06 15:18:29.954] [out] [delivery_module] DBG 2026-10-06 15:18:29.954+02:00 Expanded address and hostname              topics="libp2p dialer" tid=17476470 expandedAddress=/ip4/172.20.10.14/udp/64211/quic-v1 hostname=172.20.10.14 resolvedAddresses="[/ip4/172.20.10.14/udp/64211/quic-v1]"
[2026-10-06 15:18:29.954] [out] [delivery_module] DBG 2026-10-06 15:18:29.954+02:00 New connection established: client         tid=17476470
[2026-10-06 15:18:29.955] [out] [delivery_module] DBG 2026-10-06 15:18:29.955+02:00 Dialing failed                             topics="libp2p dialer" tid=17476470 description="TcpTransport dial error: (61) Connection refused" peerId=16U*APqJP4 address=/ip4/172.20.10.14/tcp/58630 hostname=172.20.10.14
[2026-10-06 15:18:29.955] [out] [delivery_module] DBG 2026-10-06 15:18:29.955+02:00 Dialing failed                             topics="libp2p dialer" tid=17476470 description="quic dial timed out after 3s" peerId=16U*XtU5nL address=/ip4/172.20.10.14/udp/55034/quic-v1 hostname=172.20.10.14
[2026-10-06 15:18:29.955] [out] [delivery_module] DBG 2026-10-06 15:18:29.955+02:00 Expanded address and hostname              topics="libp2p dialer" tid=17476470 expandedAddress=/ip4/172.20.10.14/tcp/60243 hostname=172.20.10.14 resolvedAddresses="[/ip4/172.20.10.14/tcp/60243]"
[2026-10-06 15:18:29.955] [out] [delivery_module] DBG 2026-10-06 15:18:29.955+02:00 Dialing peer                               topics="libp2p dialer" tid=17476470 peerId=16U*APqJP4 addrs="[/ip4/172.20.10.14/udp/58562/quic-v1, /ip4/172.20.10.14/tcp/58630]"
[2026-10-06 15:18:29.955] [out] [delivery_module] DBG 2026-10-06 15:18:29.955+02:00 Expanded address and hostname              topics="libp2p dialer" tid=17476470 expandedAddress=/ip4/172.20.10.14/udp/58562/quic-v1 hostname=172.20.10.14 resolvedAddresses="[/ip4/172.20.10.14/udp/58562/quic-v1]"
[2026-10-06 15:18:29.955] [out] [delivery_module] DBG 2026-10-06 15:18:29.955+02:00 New connection established: client         tid=17476470
[2026-10-06 15:18:29.956] [out] [delivery_module] DBG 2026-10-06 15:18:29.956+02:00 Dialing failed                             topics="libp2p dialer" tid=17476470 description="TcpTransport dial error: (61) Connection refused" peerId=16U*XtU5nL address=/ip4/172.20.10.14/tcp/60243 hostname=172.20.10.14
[2026-10-06 15:18:29.956] [out] [delivery_module] DBG 2026-10-06 15:18:29.956+02:00 Dialing peer                               topics="libp2p dialer" tid=17476470 peerId=16U*XtU5nL addrs="[/ip4/172.20.10.14/udp/55034/quic-v1, /ip4/172.20.10.14/tcp/60243]"
[2026-10-06 15:18:29.956] [out] [delivery_module] DBG 2026-10-06 15:18:29.956+02:00 Expanded address and hostname              topics="libp2p dialer" tid=17476470 expandedAddress=/ip4/172.20.10.14/udp/55034/quic-v1 hostname=172.20.10.14 resolvedAddresses="[/ip4/172.20.10.14/udp/55034/quic-v1]"
[2026-10-06 15:18:29.956] [out] [delivery_module] DBG 2026-10-06 15:18:29.956+02:00 New connection established: client         tid=17476470
[2026-10-06 15:18:30.016] [out] [delivery_module] DBG 2026-10-06 15:18:30.016+02:00 adverts found                              topics="service-disco discoverer" tid=17476470 serviceId=key:913B5C5DBE691438693215140388EC0C7DE80DE328BDE5BD7FC06F90568CEA40 remote=16U*VpJprH count=2
[2026-10-06 15:18:30.020] [out] [delivery_module] DBG 2026-10-06 15:18:30.019+02:00 Got PutValue reply                         topics="kad-dht put" tid=17476470 msg="(msgType: ok(putValue), key: ok(@[0, 37, 8, 2, 18, 33, 3, 91, 221, 176, 94, 157, 204, 168, 128, 202, 170, 126, 35, 163, 37, 40, 157, 129, 212, 169, 71, 150, 81, 26, 218, 143, 222, 102, 36, 28, 85, 38, 213]), record: ok((key: ok(@[0, 37, 8, 2, 18, 33, 3, 91, 221, 176, 94, 157, 204, 168, 128, 202, 170, 126, 35, 163, 37, 40, 157, 129, 212, 169, 71, 150, 81, 26, 218, 143, 222, 102, 36, 28, 85, 38, 213]), value: ok(@[10, 37, 8, 2, 18, 33, 3, 91, 221, 176, 94, 157, 204, 168, 128, 202, 170, 126, 35, 163, 37, 40, 157, 129, 212, 169, 71, 150, 81, 26, 218, 143, 222, 102, 36, 28, 85, 38, 213, 18, 2, 3, 1, 26, 72, 10, 39, 0, 37, 8, 2, 18, 33, 3, 91, 221, 176, 94, 157, 204, 168, 128, 202, 170, 126, 35, 163, 37, 40, 157, 129, 212, 169, 71, 150, 81, 26, 218, 143, 222, 102, 36, 28, 85, 38, 213, 16, 223, 228, 17, 26, 10, 10, 8, 4, 172, 20, 10, 14, 6, 235, 173, 26, 13, 10, 11, 4, 172, 20, 10, 14, 145, 2, 228, 129, 205, 3, 42, 70, 48, 68, 2, 32, 67, 139, 87, 120, 47, 197, 113, 52, 249, 101, 137, 223, 107, 61, 14, 43, 220, 158, 121, 86, 208, 255, 143, 92, 203, 165, 187, 193, 206, 14, 101, 218, 2, 32, 74, 28, 82, 7, 171, 230, 33, 114, 75, 110, 136, 157, 96, 105, 22, 231, 8, 35, 8, 126, 99, 185, 192, 52, 20, 71, 102, 11, 46, 206, 225, 240]), timeReceived: none())), closerPeers: [], providerPeers: [], providerStatus: none(), register: none(), getAds: none())" reply="(msgType: ok(putValue), key: ok(@[0, 37, 8, 2, 18, 33, 3, 91, 221, 176, 94, 157, 204, 168, 128, 202, 170, 126, 35, 163, 37, 40, 157, 129, 212, 169, 71, 150, 81, 26, 218, 143, 222, 102, 36, 28, 85, 38, 213]), record: ok((key: ok(@[0, 37, 8, 2, 18, 33, 3, 91, 221, 176, 94, 157, 204, 168, 128, 202, 170, 126, 35, 163, 37, 40, 157, 129, 212, 169, 71, 150, 81, 26, 218, 143, 222, 102, 36, 28, 85, 38, 213]), value: ok(@[10, 37, 8, 2, 18, 33, 3, 91, 221, 176, 94, 157, 204, 168, 128, 202, 170, 126, 35, 163, 37, 40, 157, 129, 212, 169, 71, 150, 81, 26, 218, 143, 222, 102, 36, 28, 85, 38, 213, 18, 2, 3, 1, 26, 72, 10, 39, 0, 37, 8, 2, 18, 33, 3, 91, 221, 176, 94, 157, 204, 168, 128, 202, 170, 126, 35, 163, 37, 40, 157, 129, 212, 169, 71, 150, 81, 26, 218, 143, 222, 102, 36, 28, 85, 38, 213, 16, 223, 228, 17, 26, 10, 10, 8, 4, 172, 20, 10, 14, 6, 235, 173, 26, 13, 10, 11, 4, 172, 20, 10, 14, 145, 2, 228, 129, 205, 3, 42, 70, 48, 68, 2, 32, 67, 139, 87, 120, 47, 197, 113, 52, 249, 101, 137, 223, 107, 61, 14, 43, 220, 158, 121, 86, 208, 255, 143, 92, 203, 165, 187, 193, 206, 14, 101, 218, 2, 32, 74, 28, 82, 7, 171, 230, 33, 114, 75, 110, 136, 157, 96, 105, 22, 231, 8, 35, 8, 126, 99, 185, 192, 52, 20, 71, 102, 11, 46, 206, 225, 240]), timeReceived: none())), closerPeers: [], providerPeers: [], providerStatus: none(), register: none(), getAds: none())" peer=16U*VpJprH
[2026-10-06 15:18:30.020] [out] [delivery_module] DBG 2026-10-06 15:18:30.020+02:00 Got PutValue reply                         topics="kad-dht put" tid=17476470 msg="(msgType: ok(putValue), key: ok(@[0, 37, 8, 2, 18, 33, 3, 91, 221, 176, 94, 157, 204, 168, 128, 202, 170, 126, 35, 163, 37, 40, 157, 129, 212, 169, 71, 150, 81, 26, 218, 143, 222, 102, 36, 28, 85, 38, 213]), record: ok((key: ok(@[0, 37, 8, 2, 18, 33, 3, 91, 221, 176, 94, 157, 204, 168, 128, 202, 170, 126, 35, 163, 37, 40, 157, 129, 212, 169, 71, 150, 81, 26, 218, 143, 222, 102, 36, 28, 85, 38, 213]), value: ok(@[10, 37, 8, 2, 18, 33, 3, 91, 221, 176, 94, 157, 204, 168, 128, 202, 170, 126, 35, 163, 37, 40, 157, 129, 212, 169, 71, 150, 81, 26, 218, 143, 222, 102, 36, 28, 85, 38, 213, 18, 2, 3, 1, 26, 72, 10, 39, 0, 37, 8, 2, 18, 33, 3, 91, 221, 176, 94, 157, 204, 168, 128, 202, 170, 126, 35, 163, 37, 40, 157, 129, 212, 169, 71, 150, 81, 26, 218, 143, 222, 102, 36, 28, 85, 38, 213, 16, 223, 228, 17, 26, 10, 10, 8, 4, 172, 20, 10, 14, 6, 235, 173, 26, 13, 10, 11, 4, 172, 20, 10, 14, 145, 2, 228, 129, 205, 3, 42, 70, 48, 68, 2, 32, 67, 139, 87, 120, 47, 197, 113, 52, 249, 101, 137, 223, 107, 61, 14, 43, 220, 158, 121, 86, 208, 255, 143, 92, 203, 165, 187, 193, 206, 14, 101, 218, 2, 32, 74, 28, 82, 7, 171, 230, 33, 114, 75, 110, 136, 157, 96, 105, 22, 231, 8, 35, 8, 126, 99, 185, 192, 52, 20, 71, 102, 11, 46, 206, 225, 240]), timeReceived: none())), closerPeers: [], providerPeers: [], providerStatus: none(), register: none(), getAds: none())" reply="(msgType: ok(putValue), key: ok(@[0, 37, 8, 2, 18, 33, 3, 91, 221, 176, 94, 157, 204, 168, 128, 202, 170, 126, 35, 163, 37, 40, 157, 129, 212, 169, 71, 150, 81, 26, 218, 143, 222, 102, 36, 28, 85, 38, 213]), record: ok((key: ok(@[0, 37, 8, 2, 18, 33, 3, 91, 221, 176, 94, 157, 204, 168, 128, 202, 170, 126, 35, 163, 37, 40, 157, 129, 212, 169, 71, 150, 81, 26, 218, 143, 222, 102, 36, 28, 85, 38, 213]), value: ok(@[10, 37, 8, 2, 18, 33, 3, 91, 221, 176, 94, 157, 204, 168, 128, 202, 170, 126, 35, 163, 37, 40, 157, 129, 212, 169, 71, 150, 81, 26, 218, 143, 222, 102, 36, 28, 85, 38, 213, 18, 2, 3, 1, 26, 72, 10, 39, 0, 37, 8, 2, 18, 33, 3, 91, 221, 176, 94, 157, 204, 168, 128, 202, 170, 126, 35, 163, 37, 40, 157, 129, 212, 169, 71, 150, 81, 26, 218, 143, 222, 102, 36, 28, 85, 38, 213, 16, 223, 228, 17, 26, 10, 10, 8, 4, 172, 20, 10, 14, 6, 235, 173, 26, 13, 10, 11, 4, 172, 20, 10, 14, 145, 2, 228, 129, 205, 3, 42, 70, 48, 68, 2, 32, 67, 139, 87, 120, 47, 197, 113, 52, 249, 101, 137, 223, 107, 61, 14, 43, 220, 158, 121, 86, 208, 255, 143, 92, 203, 165, 187, 193, 206, 14, 101, 218, 2, 32, 74, 28, 82, 7, 171, 230, 33, 114, 75, 110, 136, 157, 96, 105, 22, 231, 8, 35, 8, 126, 99, 185, 192, 52, 20, 71, 102, 11, 46, 206, 225, 240]), timeReceived: none())), closerPeers: [], providerPeers: [], providerStatus: none(), register: none(), getAds: none())" peer=16U*NSkuby
[QmlInspector] Client disconnected
