run-logos-standalone-ui: hot-reloading QML from <repo>/src/qml
  (export DEV_QML_PATH to override, or LOGOS_QML_HOT_RELOAD=0 to disable)
Session directory: "~/Library/Application Support/Logos/LogosStandalone"
[2026-10-04 14:14:25.594] [info] [logos] Granting host services to 'capability_module': token_registry,token_delivery
[2026-10-04 14:14:25.624] [out] [capability_module] [2026-10-04 14:14:25.623] [info] Granting host services to capability_module: ["token_registry","token_delivery"]
RemoteTransportConnection: Connecting to registry: "local:logos_capability_module_15572c231cf4" at "14:14:25.624"
RemoteTransportConnection: Registry connect attempt started (no peer contact yet): "local:logos_capability_module_15572c231cf4"
LogosAPIConsumer: Informing module token for module: "capability_module" with token: "redacted:6fde42a3…"
RemoteTransportConnection: Requesting object: "capability_module" at "14:14:25.625"
[LogosObject] RemoteTransportConnection: returning RemoteLogosObject for: "capability_module"
[LogosObject] Created RemoteLogosObject wrapping QRemoteObjectReplica 105553156126368
[LogosObject] LogosAPIConsumer: calling LogosObject::informModuleToken for "capability_module"
LogosAPIConsumer: informModuleToken completed with result: true
[LogosObject] Destroying RemoteLogosObject 0
[2026-10-04 14:14:25.643] [info] [logos] Module loaded: capability_module
LogosAPIConsumer: Informing module token for module: "modules_state" with token: "redacted:54147d9a…"
RemoteTransportConnection: Requesting object: "capability_module" at "14:14:25.673"
[LogosObject] RemoteTransportConnection: returning RemoteLogosObject for: "capability_module"
[LogosObject] Created RemoteLogosObject wrapping QRemoteObjectReplica 105553156219424
[LogosObject] LogosAPIConsumer: calling LogosObject::informModuleToken for "modules_state"
LogosAPIConsumer: informModuleToken completed with result: true
[LogosObject] Destroying RemoteLogosObject 0
[2026-10-04 14:14:25.673] [info] [logos] Module loaded: modules_state
RemoteTransportConnection: Connecting to registry: "local:logos_modules_state_15572c231cf4" at "14:14:25.674"
RemoteTransportConnection: Registry connect attempt started (no peer contact yet): "local:logos_modules_state_15572c231cf4"
RemoteTransportConnection: Connecting to registry: "local:logos_capability_module_15572c231cf4" at "14:14:25.674"
RemoteTransportConnection: Registry connect attempt started (no peer contact yet): "local:logos_capability_module_15572c231cf4"
LogosAPIConsumer: '"modules_state"::""' deferred pending the module becoming reachable
LogosAPIConsumer: '"modules_state"::""' deferred pending the module becoming reachable
Logos Core started (modules dir: "/nix/store/4v2cj5cr5dlsjb9cl0blr0cds0qf07iv-logos-forum_module-plugin-dir-modules" )
Set app icon from metadata: "/nix/store/92hjnrjm689mvr2sdvcgpbbwivp1g5mz-logos-forum_module-plugin-dir/src/icons/icon.png"
[2026-10-04 14:14:25.712] [info] [logos] [delivery_module] DeliveryModuleImpl: Initializing...
LogosAPIConsumer: Informing module token for module: "delivery_module" with token: "redacted:d9198e8e…"
RemoteTransportConnection: Requesting object: "capability_module" at "14:14:25.713"
[LogosObject] RemoteTransportConnection: returning RemoteLogosObject for: "capability_module"
[LogosObject] Created RemoteLogosObject wrapping QRemoteObjectReplica 105553156256384
[LogosObject] LogosAPIConsumer: calling LogosObject::informModuleToken for "delivery_module"
LogosAPIConsumer: informModuleToken completed with result: true
[LogosObject] Destroying RemoteLogosObject 0
[2026-10-04 14:14:25.713] [info] [logos] Module loaded: delivery_module
RemoteTransportConnection: Connecting to registry: "local:logos_delivery_module_15572c231cf4" at "14:14:25.714"
RemoteTransportConnection: Registry connect attempt started (no peer contact yet): "local:logos_delivery_module_15572c231cf4"
RemoteTransportConnection: Connecting to registry: "local:logos_capability_module_15572c231cf4" at "14:14:25.714"
RemoteTransportConnection: Registry connect attempt started (no peer contact yet): "local:logos_capability_module_15572c231cf4"
LogosAPIConsumer: '"delivery_module"::""' deferred pending the module becoming reachable
LogosAPIClient: getToken for module: "modules_state"
LogosAPIClient: Found token for module: "modules_state"
RemoteTransportConnection: Requesting object: "modules_state" at "14:14:25.714"
[LogosObject] RemoteTransportConnection: returning RemoteLogosObject for: "modules_state"
[LogosObject] Created RemoteLogosObject wrapping QRemoteObjectReplica 105553156219264
[LogosObject] LogosAPIConsumer: async calling via LogosObject::callMethodAsync "note_transition"
[LogosObject] RemoteLogosObject::callMethodAsync "note_transition" args: 7
LogosAPIClient: getToken for module: "modules_state"
LogosAPIClient: Found token for module: "modules_state"
[LogosObject] LogosAPIConsumer: async calling via LogosObject::callMethodAsync "note_transition"
[LogosObject] RemoteLogosObject::callMethodAsync "note_transition" args: 7
Loaded dependency (with transitive deps): "delivery_module"
[2026-10-04 14:14:25.744] [info] [logos] [storage_module] StorageModuleImpl: Initializing...
LogosAPIConsumer: Informing module token for module: "storage_module" with token: "redacted:cda783aa…"
RemoteTransportConnection: Requesting object: "capability_module" at "14:14:25.745"
[LogosObject] Created RemoteLogosObject wrapping QRemoteObjectReplica 105553156220544
LogosAPIClient: invoking remote method "modules_state" "apply_snapshot" args_count: 1
LogosAPIClient: getToken for module: "modules_state"
LogosAPIClient: Found token for module: "modules_state"
LogosAPIConsumer: Calling invokeRemoteMethod: "modules_state" "apply_snapshot" args_count: 1 timeout: 20000
[LogosObject] LogosAPIConsumer: calling via LogosObject::callMethod "apply_snapshot"
[LogosObject] RemoteLogosObject::callMethod "apply_snapshot" args: 1
[LogosObject] Created RemoteLogosObject wrapping QRemoteObjectReplica 105553156223488
LogosAPIClient: getToken for module: "modules_state"
LogosAPIClient: Found token for module: "modules_state"
[LogosObject] LogosAPIConsumer: async calling via LogosObject::callMethodAsync "note_transition"
[LogosObject] RemoteLogosObject::callMethodAsync "note_transition" args: 7
LogosAPIClient: getToken for module: "modules_state"
LogosAPIClient: Found token for module: "modules_state"
[LogosObject] LogosAPIConsumer: async calling via LogosObject::callMethodAsync "note_transition"
[LogosObject] RemoteLogosObject::callMethodAsync "note_transition" args: 7
[2026-10-04 14:14:25.747] [info] [logos] Pushed module snapshot to modules_state
LogosAPIClient: getToken for module: "modules_state"
LogosAPIClient: Found token for module: "modules_state"
[LogosObject] LogosAPIConsumer: async calling via LogosObject::callMethodAsync "note_transition"
[LogosObject] RemoteLogosObject::callMethodAsync "note_transition" args: 7
[LogosObject] RemoteTransportConnection: returning RemoteLogosObject for: "capability_module"
[LogosObject] Created RemoteLogosObject wrapping QRemoteObjectReplica 105553156220480
[LogosObject] LogosAPIConsumer: calling LogosObject::informModuleToken for "storage_module"
LogosAPIConsumer: informModuleToken completed with result: true
[LogosObject] Destroying RemoteLogosObject 0
[2026-10-04 14:14:25.747] [info] [logos] Module loaded: storage_module
RemoteTransportConnection: Connecting to registry: "local:logos_storage_module_15572c231cf4" at "14:14:25.748"
RemoteTransportConnection: Registry connect attempt started (no peer contact yet): "local:logos_storage_module_15572c231cf4"
RemoteTransportConnection: Connecting to registry: "local:logos_capability_module_15572c231cf4" at "14:14:25.748"
RemoteTransportConnection: Registry connect attempt started (no peer contact yet): "local:logos_capability_module_15572c231cf4"
LogosAPIConsumer: '"storage_module"::""' deferred pending the module becoming reachable
LogosAPIClient: getToken for module: "modules_state"
LogosAPIClient: Found token for module: "modules_state"
[LogosObject] LogosAPIConsumer: async calling via LogosObject::callMethodAsync "note_transition"
[LogosObject] RemoteLogosObject::callMethodAsync "note_transition" args: 7
Loaded dependency (with transitive deps): "storage_module"
DEV_QML_PATH override active: <repo>/src/qml/Main.qml
RemoteTransportConnection: Connecting to registry: "local:logos_capability_module_15572c231cf4" at "14:14:25.748"
RemoteTransportConnection: Registry connect attempt started (no peer contact yet): "local:logos_capability_module_15572c231cf4"
LogosAPIConsumer: Informing module token for module: "forum_module" with token: "redacted:beee79be…"
RemoteTransportConnection: Requesting object: "capability_module" at "14:14:25.748"
[LogosObject] RemoteTransportConnection: returning RemoteLogosObject for: "capability_module"
[LogosObject] Created RemoteLogosObject wrapping QRemoteObjectReplica 105553156512768
[LogosObject] LogosAPIConsumer: calling LogosObject::informModuleToken for "forum_module"
[LogosObject] Created RemoteLogosObject wrapping QRemoteObjectReplica 105553156511872
LogosAPIClient: getToken for module: "modules_state"
LogosAPIClient: Found token for module: "modules_state"
[LogosObject] LogosAPIConsumer: async calling via LogosObject::callMethodAsync "note_transition"
[LogosObject] RemoteLogosObject::callMethodAsync "note_transition" args: 7
LogosAPIConsumer: informModuleToken completed with result: true
[LogosObject] Destroying RemoteLogosObject 0
Loaded UI plugin: "/nix/store/92hjnrjm689mvr2sdvcgpbbwivp1g5mz-logos-forum_module-plugin-dir"
[QmlInspector] Inspector server listening on port 3769
[QmlInspector] Client connected from "::1"
[2026-10-04 14:14:33.508] [warning] [logos] [capability_module] Warning: QObject::connect: No such signal ::eventResponse(QString,QVariantList)
[2026-10-04 14:14:33.508] [info] [logos] [delivery_module] DeliveryModuleImpl::getNodeInfo called with nodeInfoId: MyPeerId
[2026-10-04 14:14:33.508] [info] [logos] [delivery_module] DeliveryModuleImpl: Cannot get node info - context not initialized. Call createNode first.
[2026-10-04 14:14:33.509] [info] [logos] [delivery_module] DeliveryModuleImpl::createNode called
[2026-10-04 14:14:33.515] [info] [logos] [delivery_module] DeliveryModuleImpl: Waiting for createNode callback...
[2026-10-04 14:14:33.516] [out] [delivery_module] DBG 2026-10-04 14:14:33.516+02:00 Whether to mount storeSync is not specified, defaulting to not mounting topics="waku conf builder" tid=5006374
[2026-10-04 14:14:33.516] [out] [delivery_module] NTC 2026-10-04 14:14:33.516+02:00 No node key provided, generated a new one; identity will not persist across restarts topics="waku conf builder" tid=5006374
[2026-10-04 14:14:33.516] [out] [delivery_module] INF 2026-10-04 14:14:33.516+02:00 Sharding configuration:                    topics="waku conf builder" tid=5006374 shardingConf="(kind: AutoSharding, numShardsInCluster: 8)" subscribeShards="@[0, 1, 2, 3, 4, 5, 6, 7]"
[2026-10-04 14:14:33.517] [out] [delivery_module] INF 2026-10-04 14:14:33.517+02:00 Configuration: Enabled protocols           topics="waku conf" tid=5006374 relay=true rlnRelay=false store=false filter=true lightPush=true peerExchange=true rendezvous=true
[2026-10-04 14:14:33.517] [out] [delivery_module] INF 2026-10-04 14:14:33.517+02:00 Configuration. Network                     topics="waku conf" tid=5006374 cluster=3
[2026-10-04 14:14:33.517] [out] [delivery_module] DBG 2026-10-04 14:14:33.517+02:00 Configuration. Active Relay Shards         topics="waku conf" tid=5006374 shard=0
[2026-10-04 14:14:33.517] [out] [delivery_module] DBG 2026-10-04 14:14:33.517+02:00 Configuration. Active Relay Shards         topics="waku conf" tid=5006374 shard=1
[2026-10-04 14:14:33.517] [out] [delivery_module] DBG 2026-10-04 14:14:33.517+02:00 Configuration. Active Relay Shards         topics="waku conf" tid=5006374 shard=2
[2026-10-04 14:14:33.517] [out] [delivery_module] DBG 2026-10-04 14:14:33.517+02:00 Configuration. Active Relay Shards         topics="waku conf" tid=5006374 shard=3
[2026-10-04 14:14:33.517] [out] [delivery_module] DBG 2026-10-04 14:14:33.517+02:00 Configuration. Active Relay Shards         topics="waku conf" tid=5006374 shard=4
[2026-10-04 14:14:33.517] [out] [delivery_module] DBG 2026-10-04 14:14:33.517+02:00 Configuration. Active Relay Shards         topics="waku conf" tid=5006374 shard=5
[2026-10-04 14:14:33.517] [out] [delivery_module] DBG 2026-10-04 14:14:33.517+02:00 Configuration. Active Relay Shards         topics="waku conf" tid=5006374 shard=6
[2026-10-04 14:14:33.517] [out] [delivery_module] DBG 2026-10-04 14:14:33.517+02:00 Configuration. Active Relay Shards         topics="waku conf" tid=5006374 shard=7
[2026-10-04 14:14:33.517] [out] [delivery_module] INF 2026-10-04 14:14:33.517+02:00 Setting up storage                         tid=5006374
[2026-10-04 14:14:33.517] [out] [delivery_module] INF 2026-10-04 14:14:33.517+02:00 Initializing node                          tid=5006374
[2026-10-04 14:14:33.518] [out] [delivery_module] DBG 2026-10-04 14:14:33.518+02:00 Setting up NATService                      topics="libp2p natservice" tid=5006374 portMapping=true reachability=false holePunching=false
[2026-10-04 14:14:33.518] [out] [delivery_module] INF 2026-10-04 14:14:33.518+02:00 Initializing networking                    tid=5006374 addrs="@[/ip4/0.0.0.0/tcp/0, /ip4/0.0.0.0/udp/0/quic-v1]"
[2026-10-04 14:14:33.518] [out] [delivery_module] INF 2026-10-04 14:14:33.518+02:00 Mounting protocols                         tid=5006374
[2026-10-04 14:14:33.518] [out] [delivery_module] INF 2026-10-04 14:14:33.518+02:00 Created WakuMetadata protocol              topics="waku node" tid=5006374 clusterId=3 shards="[0, 1, 2, 3, 4, 5, 6, 7]"
[2026-10-04 14:14:33.518] [out] [delivery_module] INF 2026-10-04 14:14:33.518+02:00 Mounting mix protocol                      topics="waku node" tid=5006374INF 2026-10-04 14:14:33.518+02:00 node info                                  topics="waku node" tid=5006374 wakuInfo="(listenAddresses: [/ip4/0.0.0.0/tcp/0/p2p/16Uiu2HAkzxe9adsJGGnXZ4KXJPSB2ojbJzJufzHrFy7V5XBDYq65, /ip4/0.0.0.0/udp/0/quic-v1/p2p/16Uiu2HAkzxe9adsJGGnXZ4KXJPSB2ojbJzJufzHrFy7V5XBDYq65], enrUri: enr:-JO4QIi0mX4ZS7taz-tP-QrSKkwBQXcSxvhdOi8Mw_hT7rs5OWoOV3LPTjXh0_HqwyfFawt7-lekbKp8ChGKBYH8TF8BgmlkgnY0gnJzkwADCAAAAAEAAgADAAQABQAGAAeJc2VjcDI1NmsxoQJSOV59x2692j4-032vao4xx9c0Rm9OatP4SExMyg_1PoV3YWt1Mi0, mixPubKey: none())"
[2026-10-04 14:14:33.518] [out] [delivery_module]  nodeId="(listenAddresses: [/ip4/0.0.0.0/tcp/0/p2p/16Uiu2HAkzxe9adsJGGnXZ4KXJPSB2ojbJzJufzHrFy7V5XBDYq65, /ip4/0.0.0.0/udp/0/quic-v1/p2p/16Uiu2HAkzxe9adsJGGnXZ4KXJPSB2ojbJzJufzHrFy7V5XBDYq65], enrUri: enr:-JO4QIi0mX4ZS7taz-tP-QrSKkwBQXcSxvhdOi8Mw_hT7rs5OWoOV3LPTjXh0_HqwyfFawt7-lekbKp8ChGKBYH8TF8BgmlkgnY0gnJzkwADCAAAAAEAAgADAAQABQAGAAeJc2VjcDI1NmsxoQJSOV59x2692j4-032vao4xx9c0Rm9OatP4SExMyg_1PoV3YWt1Mi0, mixPubKey: none())"
[2026-10-04 14:14:33.518] [out] [delivery_module] INF 2026-10-04 14:14:33.518+02:00 local addr                                 topics="waku node" tid=5006374 localaddr=/ip4/0.0.0.0/tcp/0
[2026-10-04 14:14:33.518] [out] [delivery_module] INF 2026-10-04 14:14:33.518+02:00 mixPubKey                                  topics="waku node" tid=5006374 mixPubKey="[164, 93, 33, 239, 48, 25, 7, 242, 190, 44, 15, 243, 73, 148, 197, 234, 195, 30, 156, 116, 226, 214, 184, 207, 231, 192, 254, 106, 65, 224, 167, 18]"
[2026-10-04 14:14:33.518] [out] [delivery_module] INF 2026-10-04 14:14:33.518+02:00 Using mix bootstrap nodes                  topics="waku mix" tid=5006374 entries=0 poolSize=0
[2026-10-04 14:14:33.518] [out] [delivery_module] INF 2026-10-04 14:14:33.518+02:00 Mix cannot publish yet, waiting for more mix nodes topics="waku node" tid=5006374 poolSize=0 required=4
[2026-10-04 14:14:33.520] [out] [delivery_module] INF 2026-10-04 14:14:33.520+02:00 mounting store client                      topics="waku node store api" tid=5006374
[2026-10-04 14:14:33.520] [out] [delivery_module] INF 2026-10-04 14:14:33.520+02:00 Mounting auto sharding                     topics="waku node" tid=5006374 clusterId=3 shardCount=8
[2026-10-04 14:14:33.520] [out] [delivery_module] DBG 2026-10-04 14:14:33.520+02:00 Shards created from content topics         tid=5006374 contentTopics=[] shards=[]
[2026-10-04 14:14:33.521] [out] [delivery_module] DBG 2026-10-04 14:14:33.520+02:00 Setting max message size                   tid=5006374 num_bytes=153600
[2026-10-04 14:14:33.521] [out] [delivery_module] INF 2026-10-04 14:14:33.520+02:00 mounting relay protocol                    topics="waku node relay api" tid=5006374
[2026-10-04 14:14:33.521] [out] [delivery_module] DBG 2026-10-04 14:14:33.521+02:00 relay mounted successfully                 topics="waku node relay api" tid=5006374
[2026-10-04 14:14:33.521] [out] [delivery_module] DBG 2026-10-04 14:14:33.521+02:00 Adding validator to signed shards          tid=5006374 protectedShards=[] clusterId=3
[2026-10-04 14:14:33.521] [out] [delivery_module] INF 2026-10-04 14:14:33.521+02:00 Mounting rendezvous discovery protocol     topics="waku node" tid=5006374
[2026-10-04 14:14:33.521] [out] [delivery_module] INF 2026-10-04 14:14:33.521+02:00 Waku rendezvous initialized                topics="waku node" tid=5006374 clusterId=3 shards="[0, 1, 2, 3, 4, 5, 6, 7]" capabilities="[Relay, Filter, Lightpush, Mix]" wakuPeerRecord="(peerId: 16U*BDYq65, seqNo: 1791116073, addresses: [/ip4/0.0.0.0/tcp/0, /ip4/0.0.0.0/udp/0/quic-v1], mixKey: 0xa45d21ef301907f2be2c0ff34994c5eac31e9c74e2d6b8cfe7c0fe6a41e0a712)"
[2026-10-04 14:14:33.521] [out] [delivery_module] INF 2026-10-04 14:14:33.521+02:00 Mounting rendezvous client                 topics="waku node" tid=5006374
[2026-10-04 14:14:33.521] [out] [delivery_module] INF 2026-10-04 14:14:33.521+02:00 Waku rendezvous client initialized         topics="waku node" tid=5006374 clusterId=3
[2026-10-04 14:14:33.521] [out] [delivery_module] INF 2026-10-04 14:14:33.521+02:00 mounting libp2p ping protocol              topics="waku node ping api" tid=5006374
[2026-10-04 14:14:33.521] [out] [delivery_module] INF 2026-10-04 14:14:33.521+02:00 mounting light push                        topics="waku node lightpush api" tid=5006374
[2026-10-04 14:14:33.521] [out] [delivery_module] INF 2026-10-04 14:14:33.521+02:00 mounting lightpush with relay              topics="waku node lightpush api" tid=5006374
[2026-10-04 14:14:33.521] [out] [delivery_module] DBG 2026-10-04 14:14:33.521+02:00 lightpush mounted successfully             topics="waku node lightpush api" tid=5006374
[2026-10-04 14:14:33.521] [out] [delivery_module] INF 2026-10-04 14:14:33.521+02:00 mounting legacy light push                 topics="waku node lightpush api" tid=5006374
[2026-10-04 14:14:33.521] [out] [delivery_module] INF 2026-10-04 14:14:33.521+02:00 mounting legacy lightpush with relay       topics="waku node lightpush api" tid=5006374
[2026-10-04 14:14:33.521] [out] [delivery_module] DBG 2026-10-04 14:14:33.521+02:00 legacy lightpush mounted successfully      topics="waku node lightpush api" tid=5006374
[2026-10-04 14:14:33.521] [out] [delivery_module] INF 2026-10-04 14:14:33.521+02:00 mounting light push client                 topics="waku node lightpush api" tid=5006374
[2026-10-04 14:14:33.521] [out] [delivery_module] INF 2026-10-04 14:14:33.521+02:00 mounting legacy light push client          topics="waku node lightpush api" tid=5006374
[2026-10-04 14:14:33.521] [out] [delivery_module] INF 2026-10-04 14:14:33.521+02:00 mounting filter protocol                   topics="waku node filter api" tid=5006374
[2026-10-04 14:14:33.522] [out] [delivery_module] INF 2026-10-04 14:14:33.522+02:00 Starting filter protocol                   topics="waku filter" tid=5006374
[2026-10-04 14:14:33.522] [out] [delivery_module] DBG 2026-10-04 14:14:33.522+02:00 Starting to maintain subscriptions         topics="waku filter" tid=5006374
[2026-10-04 14:14:33.522] [out] [delivery_module] DBG 2026-10-04 14:14:33.522+02:00 Maintaining subscriptions                  topics="waku filter" tid=5006374
[2026-10-04 14:14:33.522] [out] [delivery_module] DBG 2026-10-04 14:14:33.522+02:00 Cleanup                                    topics="waku filter subscriptions" tid=5006374 currentPeerIds=[]
[2026-10-04 14:14:33.522] [out] [delivery_module] DBG 2026-10-04 14:14:33.522+02:00 After cleanup                              topics="waku filter subscriptions" tid=5006374 currentPeerIds=[]
[2026-10-04 14:14:33.522] [out] [delivery_module] INF 2026-10-04 14:14:33.522+02:00 mounting filter client                     topics="waku node filter api" tid=5006374
[2026-10-04 14:14:33.522] [out] [delivery_module] INF 2026-10-04 14:14:33.522+02:00 mounting waku peer exchange                topics="waku node peerexchange api" tid=5006374
[2026-10-04 14:14:33.522] [out] [delivery_module] INF 2026-10-04 14:14:33.522+02:00 mounting waku peer exchange client         topics="waku node peerexchange api" tid=5006374
[2026-10-04 14:14:33.522] [out] [delivery_module] INF 2026-10-04 14:14:33.522+02:00 No external callbacks to be set            topics="wakunode waku" tid=5006374
[2026-10-04 14:14:33.522] [out] [delivery_module] INF 2026-10-04 14:14:33.522+02:00 Setting up AutonatService                  topics="libp2p autonatservice" tid=5006374
[2026-10-04 14:14:33.522] [info] [logos] [delivery_module] DeliveryModuleImpl::createNode callback called with ret: 0
[2026-10-04 14:14:33.524] [info] [logos] [delivery_module] DeliveryModuleImpl: Delivery context created successfully
[2026-10-04 14:14:33.525] [info] [logos] [delivery_module] DeliveryModuleImpl::start called
[2026-10-04 14:14:33.525] [out] [delivery_module] INF 2026-10-04 14:14:33.525+02:00 Retrieve dynamic bootstrap nodes           topics="wakunode waku" tid=5006374
[2026-10-04 14:14:33.525] [out] [delivery_module] INF 2026-10-04 14:14:33.525+02:00 Running nwaku node                         tid=5006374 version=v0.39.0-gca2814
[2026-10-04 14:14:33.525] [out] [delivery_module] INF 2026-10-04 14:14:33.525+02:00 Starting Waku node                         topics="waku node" tid=5006374 version=v0.39.0-gca2814
[2026-10-04 14:14:33.525] [out] [delivery_module] DBG 2026-10-04 14:14:33.525+02:00 Waku rendezvous periodic requests started  topics="waku rendezvous client" tid=5006374 interval=10s
[2026-10-04 14:14:33.525] [out] [delivery_module] INF 2026-10-04 14:14:33.525+02:00 Waku rendezvous client started             topics="waku rendezvous client" tid=5006374
[2026-10-04 14:14:33.525] [info] [logos] [delivery_module] DeliveryModuleImpl::getNodeInfo called with nodeInfoId: MyPeerId
[2026-10-04 14:14:33.525] [out] [delivery_module] DBG 2026-10-04 14:14:33.525+02:00 starting switch for peer                   topics="libp2p switch" tid=5006374 peerInfo="(peerId: 16Uiu2HAkzxe9adsJGGnXZ4KXJPSB2ojbJzJufzHrFy7V5XBDYq65, listenAddrs: [/ip4/0.0.0.0/tcp/0, /ip4/0.0.0.0/udp/0/quic-v1], addrs: [], protocols: [/ipfs/id/1.0.0, /libp2p/autonat/1.0.0, /libp2p/circuit/relay/0.2.0/hop, /vac/waku/metadata/1.0.0, /mix/1.0.0, /logos/service-discovery/1.0.0, /vac/waku/relay/2.0.0, /vac/waku/rendezvous/1.0.0, /ipfs/ping/1.0.0, /vac/waku/lightpush/3.0.0, /vac/waku/lightpush/2.0.0-beta1, /vac/waku/filter-subscribe/2.0.0-beta1, /vac/waku/filter-push/2.0.0-beta1, /vac/waku/peer-exchange/2.0.0-alpha1], protoVersion: ipfs/0.1.0, agentVersion: logos-delivery-v0.39.0-gca2814)"
[2026-10-04 14:14:33.525] [out] [delivery_module] DBG 2026-10-04 14:14:33.525+02:00 No private listen addresses to map; releasing any prior mappings topics="libp2p natservice" tid=5006374
[2026-10-04 14:14:33.529] [out] [delivery_module] DBG 2026-10-04 14:14:33.529+02:00 Configured QUIC UDP receive buffer         tid=5006374 requestedBytes=8388608 effectiveBytes=8388608
[2026-10-04 14:14:33.530] [out] [delivery_module] DBG 2026-10-04 14:14:33.530+02:00 About to accept incoming connection        topics="libp2p switch" tid=5006374
[2026-10-04 14:14:33.530] [out] [delivery_module] DBG 2026-10-04 14:14:33.530+02:00 About to accept incoming connection        topics="libp2p switch" tid=5006374
[2026-10-04 14:14:33.530] [out] [delivery_module] DBG 2026-10-04 14:14:33.530+02:00 No private listen addresses to map; releasing any prior mappings topics="libp2p natservice" tid=5006374
[2026-10-04 14:14:33.531] [out] [delivery_module] DBG 2026-10-04 14:14:33.531+02:00 Lookup query                               topics="kad-dht find" tid=5006374 peer=16U*T3UNSE
[2026-10-04 14:14:33.532] [out] [delivery_module] DBG 2026-10-04 14:14:33.532+02:00 Dialing peer                               topics="libp2p dialer" tid=5006374 peerId=16U*T3UNSE addrs="[/dns4/delivery-02.ac-cn-hongkong-c.logos.dev.status.im/tcp/30303]"
[2026-10-04 14:14:33.532] [out] [delivery_module] DBG 2026-10-04 14:14:33.532+02:00 resolved addresses                         topics="libp2p dialer" tid=5006374 originalAddresses=/dns4/delivery-02.ac-cn-hongkong-c.logos.dev.status.im/tcp/30303/p2p/16Uiu2HAkvwhGHKNry6LACrB8TmEFoCJKEX29XR5dDUzk3UT3UNSE resolvedAddresses="[/dns4/delivery-02.ac-cn-hongkong-c.logos.dev.status.im/tcp/30303/p2p/16Uiu2HAkvwhGHKNry6LACrB8TmEFoCJKEX29XR5dDUzk3UT3UNSE]"
[2026-10-04 14:14:33.532] [out] [delivery_module] DBG 2026-10-04 14:14:33.532+02:00 Lookup query                               topics="kad-dht find" tid=5006374 peer=16U*P1S397
[2026-10-04 14:14:33.532] [out] [delivery_module] DBG 2026-10-04 14:14:33.532+02:00 Dialing peer                               topics="libp2p dialer" tid=5006374 peerId=16U*P1S397 addrs="[/dns4/delivery-01.gc-us-central1-a.logos.dev.status.im/tcp/30303]"
[2026-10-04 14:14:33.532] [out] [delivery_module] DBG 2026-10-04 14:14:33.532+02:00 resolved addresses                         topics="libp2p dialer" tid=5006374 originalAddresses=/dns4/delivery-01.gc-us-central1-a.logos.dev.status.im/tcp/30303/p2p/16Uiu2HAm4S1JYkuzDKLKQvwgAhZKs9otxXqt8SCGtB4hoJP1S397 resolvedAddresses="[/dns4/delivery-01.gc-us-central1-a.logos.dev.status.im/tcp/30303/p2p/16Uiu2HAm4S1JYkuzDKLKQvwgAhZKs9otxXqt8SCGtB4hoJP1S397]"
[2026-10-04 14:14:33.532] [out] [delivery_module] DBG 2026-10-04 14:14:33.532+02:00 Lookup query                               topics="kad-dht find" tid=5006374 peer=16U*VpJprH
[2026-10-04 14:14:33.532] [out] [delivery_module] DBG 2026-10-04 14:14:33.532+02:00 Dialing peer                               topics="libp2p dialer" tid=5006374 peerId=16U*VpJprH addrs="[/dns4/delivery-02.do-ams3.logos.dev.status.im/tcp/30303]"
[2026-10-04 14:14:33.532] [out] [delivery_module] DBG 2026-10-04 14:14:33.532+02:00 resolved addresses                         topics="libp2p dialer" tid=5006374 originalAddresses=/dns4/delivery-02.do-ams3.logos.dev.status.im/tcp/30303/p2p/16Uiu2HAmMK7PYygBtKUQ8EHp7EfaD3bCEsJrkFooK8RQ2PVpJprH resolvedAddresses="[/dns4/delivery-02.do-ams3.logos.dev.status.im/tcp/30303/p2p/16Uiu2HAmMK7PYygBtKUQ8EHp7EfaD3bCEsJrkFooK8RQ2PVpJprH]"
[2026-10-04 14:14:33.532] [out] [delivery_module] DBG 2026-10-04 14:14:33.532+02:00 Lookup query                               topics="kad-dht find" tid=5006374 peer=16U*kGyuEP
[2026-10-04 14:14:33.532] [out] [delivery_module] DBG 2026-10-04 14:14:33.532+02:00 Dialing peer                               topics="libp2p dialer" tid=5006374 peerId=16U*kGyuEP addrs="[/dns4/delivery-01.ac-cn-hongkong-c.logos.dev.status.im/tcp/30303]"
[2026-10-04 14:14:33.532] [out] [delivery_module] DBG 2026-10-04 14:14:33.532+02:00 resolved addresses                         topics="libp2p dialer" tid=5006374 originalAddresses=/dns4/delivery-01.ac-cn-hongkong-c.logos.dev.status.im/tcp/30303/p2p/16Uiu2HAm8YokiNun9BkeA1ZRmhLbtNUvcwRr64F69tYj9fkGyuEP resolvedAddresses="[/dns4/delivery-01.ac-cn-hongkong-c.logos.dev.status.im/tcp/30303/p2p/16Uiu2HAm8YokiNun9BkeA1ZRmhLbtNUvcwRr64F69tYj9fkGyuEP]"
[2026-10-04 14:14:33.533] [out] [delivery_module] DBG 2026-10-04 14:14:33.532+02:00 Lookup query                               topics="kad-dht find" tid=5006374 peer=16U*NSkuby
[2026-10-04 14:14:33.533] [out] [delivery_module] DBG 2026-10-04 14:14:33.533+02:00 Dialing peer                               topics="libp2p dialer" tid=5006374 peerId=16U*NSkuby addrs="[/dns4/delivery-01.do-ams3.logos.dev.status.im/tcp/30303]"
[2026-10-04 14:14:33.533] [out] [delivery_module] DBG 2026-10-04 14:14:33.533+02:00 resolved addresses                         topics="libp2p dialer" tid=5006374 originalAddresses=/dns4/delivery-01.do-ams3.logos.dev.status.im/tcp/30303/p2p/16Uiu2HAmTUbnxLGT9JvV6mu9oPyDjqHK4Phs1VDJNUgESgNSkuby resolvedAddresses="[/dns4/delivery-01.do-ams3.logos.dev.status.im/tcp/30303/p2p/16Uiu2HAmTUbnxLGT9JvV6mu9oPyDjqHK4Phs1VDJNUgESgNSkuby]"
[2026-10-04 14:14:33.533] [out] [delivery_module] DBG 2026-10-04 14:14:33.533+02:00 Lookup query                               topics="kad-dht find" tid=5006374 peer=16U*TwqBiH
[2026-10-04 14:14:33.533] [out] [delivery_module] DBG 2026-10-04 14:14:33.533+02:00 Dialing peer                               topics="libp2p dialer" tid=5006374 peerId=16U*TwqBiH addrs="[/dns4/delivery-02.gc-us-central1-a.logos.dev.status.im/tcp/30303]"
[2026-10-04 14:14:33.533] [out] [delivery_module] DBG 2026-10-04 14:14:33.533+02:00 resolved addresses                         topics="libp2p dialer" tid=5006374 originalAddresses=/dns4/delivery-02.gc-us-central1-a.logos.dev.status.im/tcp/30303/p2p/16Uiu2HAm8Y9kgBNtjxvCnf1X6gnZJW5EGE4UwwCL3CCm55TwqBiH resolvedAddresses="[/dns4/delivery-02.gc-us-central1-a.logos.dev.status.im/tcp/30303/p2p/16Uiu2HAm8Y9kgBNtjxvCnf1X6gnZJW5EGE4UwwCL3CCm55TwqBiH]"
[2026-10-04 14:14:33.533] [out] [delivery_module] ERR 2026-10-04 14:14:33.533+02:00 Failed to create signed extended peer record topics="service-discovery" tid=5006374 error="no dialable address to publish yet"
[2026-10-04 14:14:33.533] [out] [delivery_module] INF 2026-10-04 14:14:33.533+02:00 Service Discovery started                  topics="service-discovery" tid=5006374
[2026-10-04 14:14:33.533] [out] [delivery_module] INF 2026-10-04 14:14:33.533+02:00 start                                      topics="waku relay" tid=5006374
[2026-10-04 14:14:33.534] [out] [delivery_module] DBG 2026-10-04 14:14:33.534+02:00 Waku rendezvous periodic registration started topics="waku rendezvous" tid=5006374 interval=10s
[2026-10-04 14:14:33.534] [out] [delivery_module] INF 2026-10-04 14:14:33.534+02:00 Waku rendezvous discovery started          topics="waku rendezvous" tid=5006374
[2026-10-04 14:14:33.534] [out] [delivery_module] DBG 2026-10-04 14:14:33.534+02:00 Started libp2p node                        topics="libp2p switch" tid=5006374 peer="(peerId: 16Uiu2HAkzxe9adsJGGnXZ4KXJPSB2ojbJzJufzHrFy7V5XBDYq65, listenAddrs: [/ip4/0.0.0.0/tcp/51393, /ip4/0.0.0.0/udp/52123/quic-v1], addrs: [/ip4/0.0.0.0/tcp/51393, /ip4/0.0.0.0/udp/52123/quic-v1], protocols: [/ipfs/id/1.0.0, /libp2p/autonat/1.0.0, /libp2p/circuit/relay/0.2.0/hop, /vac/waku/metadata/1.0.0, /mix/1.0.0, /logos/service-discovery/1.0.0, /vac/waku/relay/2.0.0, /vac/waku/rendezvous/1.0.0, /ipfs/ping/1.0.0, /vac/waku/lightpush/3.0.0, /vac/waku/lightpush/2.0.0-beta1, /vac/waku/filter-subscribe/2.0.0-beta1, /vac/waku/filter-push/2.0.0-beta1, /vac/waku/peer-exchange/2.0.0-alpha1], protoVersion: ipfs/0.1.0, agentVersion: logos-delivery-v0.39.0-gca2814)"
[2026-10-04 14:14:33.535] [out] [delivery_module] INF 2026-10-04 14:14:33.535+02:00 Announced base resolved                    topics="waku node" tid=5006374 addrs="@[/ip4/172.20.10.14/tcp/51393, /ip4/172.20.10.14/udp/52123/quic-v1]" explicit=@[]
[2026-10-04 14:14:33.539] [info] [logos] [delivery_module] DeliveryModuleImpl::subscribe called with contentTopic: /lp0026forum/1/general/text
[2026-10-04 14:14:33.539] [out] [delivery_module] DBG 2026-10-04 14:14:33.539+02:00 Subscribing to pubsub topic                topics="waku relay" tid=5006374 pubsubTopic=/waku/2/rs/3/7
[2026-10-04 14:14:33.539] [info] [logos] [delivery_module] DeliveryModuleImpl: Subscribe completed for topic: /lp0026forum/1/general/text with success
[2026-10-04 14:14:33.539] [out] [delivery_module] DBG 2026-10-04 14:14:33.539+02:00 No mesh peer for the given pubsub topic    topics="waku relay" tid=5006374 pubsubTopic=/waku/2/rs/3/7
[2026-10-04 14:14:33.567] [out] [delivery_module] INF 2026-10-04 14:14:33.567+02:00 Using mix bootstrap nodes                  topics="waku mix" tid=5006374 entries=1 poolSize=1
[2026-10-04 14:14:33.567] [out] [delivery_module] INF 2026-10-04 14:14:33.567+02:00 Using mix bootstrap nodes                  topics="waku mix" tid=5006374 entries=1 poolSize=2
[2026-10-04 14:14:33.574] [out] [delivery_module] INF 2026-10-04 14:14:33.574+02:00 Using mix bootstrap nodes                  topics="waku mix" tid=5006374 entries=1 poolSize=3
[2026-10-04 14:14:33.582] [out] [delivery_module] INF 2026-10-04 14:14:33.582+02:00 Using mix bootstrap nodes                  topics="waku mix" tid=5006374 entries=1 poolSize=4
[2026-10-04 14:14:33.582] [out] [delivery_module] INF 2026-10-04 14:14:33.582+02:00 Using mix bootstrap nodes                  topics="waku mix" tid=5006374 entries=1 poolSize=5
[2026-10-04 14:14:33.582] [out] [delivery_module] DBG 2026-10-04 14:14:33.582+02:00 Expanded address and hostname              topics="libp2p dialer" tid=5006374 expandedAddress=/dns4/delivery-02.ac-cn-hongkong-c.logos.dev.status.im/tcp/30303 hostname=delivery-02.ac-cn-hongkong-c.logos.dev.status.im resolvedAddresses="[/ip4/43.99.103.10/tcp/30303]"
[2026-10-04 14:14:33.582] [out] [delivery_module] INF 2026-10-04 14:14:33.582+02:00 Using mix bootstrap nodes                  topics="waku mix" tid=5006374 entries=1 poolSize=6
[2026-10-04 14:14:33.599] [out] [delivery_module] DBG 2026-10-04 14:14:33.599+02:00 Expanded address and hostname              topics="libp2p dialer" tid=5006374 expandedAddress=/dns4/delivery-01.gc-us-central1-a.logos.dev.status.im/tcp/30303 hostname=delivery-01.gc-us-central1-a.logos.dev.status.im resolvedAddresses="[/ip4/136.119.156.87/tcp/30303]"
[2026-10-04 14:14:33.603] [out] [delivery_module] DBG 2026-10-04 14:14:33.603+02:00 Expanded address and hostname              topics="libp2p dialer" tid=5006374 expandedAddress=/dns4/delivery-02.gc-us-central1-a.logos.dev.status.im/tcp/30303 hostname=delivery-02.gc-us-central1-a.logos.dev.status.im resolvedAddresses="[/ip4/34.123.201.25/tcp/30303]"
[2026-10-04 14:14:33.603] [out] [delivery_module] DBG 2026-10-04 14:14:33.603+02:00 Expanded address and hostname              topics="libp2p dialer" tid=5006374 expandedAddress=/dns4/delivery-01.ac-cn-hongkong-c.logos.dev.status.im/tcp/30303 hostname=delivery-01.ac-cn-hongkong-c.logos.dev.status.im resolvedAddresses="[/ip4/47.242.130.189/tcp/30303]"
[2026-10-04 14:14:33.604] [out] [delivery_module] DBG 2026-10-04 14:14:33.604+02:00 Expanded address and hostname              topics="libp2p dialer" tid=5006374 expandedAddress=/dns4/delivery-01.do-ams3.logos.dev.status.im/tcp/30303 hostname=delivery-01.do-ams3.logos.dev.status.im resolvedAddresses="[/ip4/138.68.122.137/tcp/30303]"
[2026-10-04 14:14:33.604] [out] [delivery_module] DBG 2026-10-04 14:14:33.604+02:00 Expanded address and hostname              topics="libp2p dialer" tid=5006374 expandedAddress=/dns4/delivery-02.do-ams3.logos.dev.status.im/tcp/30303 hostname=delivery-02.do-ams3.logos.dev.status.im resolvedAddresses="[/ip4/174.138.106.244/tcp/30303]"
[2026-10-04 14:14:33.883] [out] [delivery_module] DBG 2026-10-04 14:14:33.883+02:00 Dial successful                            topics="libp2p dialer" tid=5006374 peerId=16U*NSkuby
[2026-10-04 14:14:33.883] [out] [delivery_module] DBG 2026-10-04 14:14:33.883+02:00 starting sendNonHighPriorityTask           topics="libp2p pubsubpeer" tid=5006374 p=16U*NSkuby
[2026-10-04 14:14:33.883] [out] [delivery_module] DBG 2026-10-04 14:14:33.883+02:00 created new pubsub peer                    topics="libp2p pubsub" tid=5006374 peerId=16U*NSkuby
[2026-10-04 14:14:33.883] [out] [delivery_module] DBG 2026-10-04 14:14:33.883+02:00 no listener registered                     tid=5006375 event=onConnectionChange
[2026-10-04 14:14:33.888] [out] [delivery_module] DBG 2026-10-04 14:14:33.888+02:00 Incoming WakuRelay connection              topics="waku relay" tid=5006374 connection=16U*NSkuby:6ac24329de98ec078405c87b protocol=/vac/waku/relay/2.0.0
[2026-10-04 14:14:33.888] [out] [delivery_module] DBG 2026-10-04 14:14:33.888+02:00 starting pubsub read loop                  topics="libp2p pubsubpeer" tid=5006374 stream=16U*NSkuby:6ac24329de98ec078405c87b peer=16U*NSkuby closed=false
[2026-10-04 14:14:33.889] [out] [delivery_module] DBG 2026-10-04 14:14:33.888+02:00 identify: info sent                        topics="libp2p identify" tid=5006374 stream=16U*NSkuby:6ac24329de98ec078405c87c info="(peerId: 16Uiu2HAkzxe9adsJGGnXZ4KXJPSB2ojbJzJufzHrFy7V5XBDYq65, listenAddrs: [/ip4/0.0.0.0/tcp/51393, /ip4/0.0.0.0/udp/52123/quic-v1], addrs: [/ip4/0.0.0.0/tcp/51393, /ip4/0.0.0.0/udp/52123/quic-v1], protocols: [/ipfs/id/1.0.0, /libp2p/autonat/1.0.0, /libp2p/circuit/relay/0.2.0/hop, /vac/waku/metadata/1.0.0, /mix/1.0.0, /logos/service-discovery/1.0.0, /vac/waku/relay/2.0.0, /vac/waku/rendezvous/1.0.0, /ipfs/ping/1.0.0, /vac/waku/lightpush/3.0.0, /vac/waku/lightpush/2.0.0-beta1, /vac/waku/filter-subscribe/2.0.0-beta1, /vac/waku/filter-push/2.0.0-beta1, /vac/waku/peer-exchange/2.0.0-alpha1], protoVersion: ipfs/0.1.0, agentVersion: logos-delivery-v0.39.0-gca2814)"
[2026-10-04 14:14:33.934] [out] [delivery_module] DBG 2026-10-04 14:14:33.934+02:00 Dial successful                            topics="libp2p dialer" tid=5006374 peerId=16U*VpJprH
[2026-10-04 14:14:33.934] [out] [delivery_module] DBG 2026-10-04 14:14:33.934+02:00 starting sendNonHighPriorityTask           topics="libp2p pubsubpeer" tid=5006374 p=16U*VpJprH
[2026-10-04 14:14:33.934] [out] [delivery_module] DBG 2026-10-04 14:14:33.934+02:00 created new pubsub peer                    topics="libp2p pubsub" tid=5006374 peerId=16U*VpJprH
[2026-10-04 14:14:33.934] [out] [delivery_module] DBG 2026-10-04 14:14:33.934+02:00 no listener registered                     tid=5006375 event=onConnectionChange
[2026-10-04 14:14:33.934] [out] [delivery_module] DBG 2026-10-04 14:14:33.934+02:00 Incoming WakuRelay connection              topics="waku relay" tid=5006374 connection=16U*VpJprH:6ac24329de98ec078405c87d protocol=/vac/waku/relay/2.0.0
[2026-10-04 14:14:33.934] [out] [delivery_module] DBG 2026-10-04 14:14:33.934+02:00 starting pubsub read loop                  topics="libp2p pubsubpeer" tid=5006374 stream=16U*VpJprH:6ac24329de98ec078405c87d peer=16U*VpJprH closed=false
[2026-10-04 14:14:33.934] [out] [delivery_module] DBG 2026-10-04 14:14:33.934+02:00 identify: info sent                        topics="libp2p identify" tid=5006374 stream=16U*VpJprH:6ac24329de98ec078405c87e info="(peerId: 16Uiu2HAkzxe9adsJGGnXZ4KXJPSB2ojbJzJufzHrFy7V5XBDYq65, listenAddrs: [/ip4/0.0.0.0/tcp/51393, /ip4/0.0.0.0/udp/52123/quic-v1], addrs: [/ip4/0.0.0.0/tcp/51393, /ip4/0.0.0.0/udp/52123/quic-v1], protocols: [/ipfs/id/1.0.0, /libp2p/autonat/1.0.0, /libp2p/circuit/relay/0.2.0/hop, /vac/waku/metadata/1.0.0, /mix/1.0.0, /logos/service-discovery/1.0.0, /vac/waku/relay/2.0.0, /vac/waku/rendezvous/1.0.0, /ipfs/ping/1.0.0, /vac/waku/lightpush/3.0.0, /vac/waku/lightpush/2.0.0-beta1, /vac/waku/filter-subscribe/2.0.0-beta1, /vac/waku/filter-push/2.0.0-beta1, /vac/waku/peer-exchange/2.0.0-alpha1], protoVersion: ipfs/0.1.0, agentVersion: logos-delivery-v0.39.0-gca2814)"
[2026-10-04 14:14:33.940] [out] [delivery_module] DBG 2026-10-04 14:14:33.940+02:00 identify: info received                    topics="libp2p identify" tid=5006374 stream=16U*NSkuby:6ac24329de98ec078405c87a pubkey=ok(sec...9ab7)) addresses=/ip4/138.68.122.137/tcp/30303,/ip4/138.68.122.137/udp/30303/quic-v1,/dns4/delivery-01.do-ams3.logos.dev.status.im/tcp/30303 protocols=/ipfs/id/1.0.0,/libp2p/autonat/1.0.0,/libp2p/circuit/relay/0.2.0/hop,/vac/waku/metadata/1.0.0,/mix/1.0.0,/logos/service-discovery/1.0.0,/vac/waku/store-query/3.0.0,/vac/waku/relay/2.0.0,/vac/waku/rendezvous/1.0.0,/ipfs/ping/1.0.0,/vac/waku/lightpush/3.0.0,/vac/waku/lightpush/2.0.0-beta1,/vac/waku/filter-subscribe/2.0.0-beta1,/vac/waku/filter-push/2.0.0-beta1,/vac/waku/peer-exchange/2.0.0-alpha1 observable_address=ok(/ip4/109.41.112.89/tcp/43594) proto_version=ipfs/0.1.0 agent_version=logos-delivery-v0.39.0-gca2814 signedPeerRecord=None
[2026-10-04 14:14:33.940] [out] [delivery_module] DBG 2026-10-04 14:14:33.940+02:00 starting pubsub read loop                  topics="libp2p pubsubpeer" tid=5006374 stream=16U*NSkuby:6ac24329de98ec078405c879 peer=16U*NSkuby closed=false
[2026-10-04 14:14:33.940] [out] [delivery_module] DBG 2026-10-04 14:14:33.940+02:00 Event identified                           topics="waku node peer_manager" tid=5006374 peerId=16U*NSkuby
[2026-10-04 14:14:33.941] [out] [delivery_module] DBG 2026-10-04 14:14:33.941+02:00 no listener registered                     tid=5006375 event=onConnectionChange
[2026-10-04 14:14:34.039] [out] [delivery_module] DBG 2026-10-04 14:14:34.039+02:00 identify: info received                    topics="libp2p identify" tid=5006374 stream=16U*VpJprH:6ac24329de98ec078405c880 pubkey=ok(sec...7631)) addresses=/ip4/174.138.106.244/tcp/30303,/ip4/174.138.106.244/udp/30303/quic-v1,/dns4/delivery-02.do-ams3.logos.dev.status.im/tcp/30303 protocols=/ipfs/id/1.0.0,/libp2p/autonat/1.0.0,/libp2p/circuit/relay/0.2.0/hop,/vac/waku/metadata/1.0.0,/mix/1.0.0,/logos/service-discovery/1.0.0,/vac/waku/store-query/3.0.0,/vac/waku/relay/2.0.0,/vac/waku/rendezvous/1.0.0,/ipfs/ping/1.0.0,/vac/waku/lightpush/3.0.0,/vac/waku/lightpush/2.0.0-beta1,/vac/waku/filter-subscribe/2.0.0-beta1,/vac/waku/filter-push/2.0.0-beta1,/vac/waku/peer-exchange/2.0.0-alpha1 observable_address=ok(/ip4/109.41.112.89/tcp/42826) proto_version=ipfs/0.1.0 agent_version=logos-delivery-v0.39.0-gca2814 signedPeerRecord=None
[2026-10-04 14:14:34.039] [out] [delivery_module] DBG 2026-10-04 14:14:34.039+02:00 starting pubsub read loop                  topics="libp2p pubsubpeer" tid=5006374 stream=16U*VpJprH:6ac24329de98ec078405c87f peer=16U*VpJprH closed=false
[2026-10-04 14:14:34.039] [out] [delivery_module] DBG 2026-10-04 14:14:34.039+02:00 Event identified                           topics="waku node peer_manager" tid=5006374 peerId=16U*VpJprH
[2026-10-04 14:14:34.039] [out] [delivery_module] DBG 2026-10-04 14:14:34.039+02:00 no listener registered                     tid=5006375 event=onConnectionChange
[2026-10-04 14:14:34.092] [out] [delivery_module] DBG 2026-10-04 14:14:34.092+02:00 Received WakuMetadata request              topics="waku metadata" tid=5006374 remoteClusterId=ok(3) remoteShards="[5, 0, 2, 1, 4, 7, 3, 6]" localClusterId=3 localShards="[7]" peer=16U*NSkuby
[2026-10-04 14:14:34.146] [out] [delivery_module] DBG 2026-10-04 14:14:34.145+02:00 no listener registered                     tid=5006375 event=onConnectionChange
[2026-10-04 14:14:34.149] [out] [delivery_module] DBG 2026-10-04 14:14:34.149+02:00 no listener registered                     tid=5006375 event=onTopicHealthChange
[2026-10-04 14:14:34.164] [out] [delivery_module] DBG 2026-10-04 14:14:34.164+02:00 Received WakuMetadata request              topics="waku metadata" tid=5006374 remoteClusterId=ok(3) remoteShards="[5, 0, 2, 1, 4, 7, 3, 6]" localClusterId=3 localShards="[7]" peer=16U*VpJprH
[2026-10-04 14:14:34.212] [out] [delivery_module] DBG 2026-10-04 14:14:34.212+02:00 no listener registered                     tid=5006375 event=onConnectionChange
[2026-10-04 14:14:34.272] [out] [delivery_module] DBG 2026-10-04 14:14:34.272+02:00 Dial successful                            topics="libp2p dialer" tid=5006374 peerId=16U*TwqBiH
[2026-10-04 14:14:34.272] [out] [delivery_module] DBG 2026-10-04 14:14:34.272+02:00 Dial successful                            topics="libp2p dialer" tid=5006374 peerId=16U*P1S397
[2026-10-04 14:14:34.272] [out] [delivery_module] DBG 2026-10-04 14:14:34.272+02:00 starting sendNonHighPriorityTask           topics="libp2p pubsubpeer" tid=5006374 p=16U*TwqBiH
[2026-10-04 14:14:34.272] [out] [delivery_module] DBG 2026-10-04 14:14:34.272+02:00 created new pubsub peer                    topics="libp2p pubsub" tid=5006374 peerId=16U*TwqBiH
[2026-10-04 14:14:34.272] [out] [delivery_module] DBG 2026-10-04 14:14:34.272+02:00 no listener registered                     tid=5006375 event=onConnectionChange
[2026-10-04 14:14:34.273] [out] [delivery_module] DBG 2026-10-04 14:14:34.273+02:00 starting sendNonHighPriorityTask           topics="libp2p pubsubpeer" tid=5006374 p=16U*P1S397
[2026-10-04 14:14:34.273] [out] [delivery_module] DBG 2026-10-04 14:14:34.273+02:00 created new pubsub peer                    topics="libp2p pubsub" tid=5006374 peerId=16U*P1S397
[2026-10-04 14:14:34.273] [out] [delivery_module] DBG 2026-10-04 14:14:34.273+02:00 no listener registered                     tid=5006375 event=onConnectionChange
[2026-10-04 14:14:34.273] [out] [delivery_module] DBG 2026-10-04 14:14:34.273+02:00 Incoming WakuRelay connection              topics="waku relay" tid=5006374 connection=16U*TwqBiH:6ac2432ade98ec078405c889 protocol=/vac/waku/relay/2.0.0
[2026-10-04 14:14:34.273] [out] [delivery_module] DBG 2026-10-04 14:14:34.273+02:00 starting pubsub read loop                  topics="libp2p pubsubpeer" tid=5006374 stream=16U*TwqBiH:6ac2432ade98ec078405c889 peer=16U*TwqBiH closed=false
[2026-10-04 14:14:34.274] [out] [delivery_module] DBG 2026-10-04 14:14:34.274+02:00 Incoming WakuRelay connection              topics="waku relay" tid=5006374 connection=16U*P1S397:6ac2432ade98ec078405c88b protocol=/vac/waku/relay/2.0.0
[2026-10-04 14:14:34.274] [out] [delivery_module] DBG 2026-10-04 14:14:34.274+02:00 starting pubsub read loop                  topics="libp2p pubsubpeer" tid=5006374 stream=16U*P1S397:6ac2432ade98ec078405c88b peer=16U*P1S397 closed=false
[2026-10-04 14:14:34.275] [out] [delivery_module] DBG 2026-10-04 14:14:34.274+02:00 identify: info sent                        topics="libp2p identify" tid=5006374 stream=16U*P1S397:6ac2432ade98ec078405c88c info="(peerId: 16Uiu2HAkzxe9adsJGGnXZ4KXJPSB2ojbJzJufzHrFy7V5XBDYq65, listenAddrs: [/ip4/0.0.0.0/tcp/51393, /ip4/0.0.0.0/udp/52123/quic-v1], addrs: [/ip4/0.0.0.0/tcp/51393, /ip4/0.0.0.0/udp/52123/quic-v1], protocols: [/ipfs/id/1.0.0, /libp2p/autonat/1.0.0, /libp2p/circuit/relay/0.2.0/hop, /vac/waku/metadata/1.0.0, /mix/1.0.0, /logos/service-discovery/1.0.0, /vac/waku/relay/2.0.0, /vac/waku/rendezvous/1.0.0, /ipfs/ping/1.0.0, /vac/waku/lightpush/3.0.0, /vac/waku/lightpush/2.0.0-beta1, /vac/waku/filter-subscribe/2.0.0-beta1, /vac/waku/filter-push/2.0.0-beta1, /vac/waku/peer-exchange/2.0.0-alpha1], protoVersion: ipfs/0.1.0, agentVersion: logos-delivery-v0.39.0-gca2814)"
[2026-10-04 14:14:34.276] [out] [delivery_module] DBG 2026-10-04 14:14:34.276+02:00 identify: info sent                        topics="libp2p identify" tid=5006374 stream=16U*TwqBiH:6ac2432ade98ec078405c88a info="(peerId: 16Uiu2HAkzxe9adsJGGnXZ4KXJPSB2ojbJzJufzHrFy7V5XBDYq65, listenAddrs: [/ip4/0.0.0.0/tcp/51393, /ip4/0.0.0.0/udp/52123/quic-v1], addrs: [/ip4/0.0.0.0/tcp/51393, /ip4/0.0.0.0/udp/52123/quic-v1], protocols: [/ipfs/id/1.0.0, /libp2p/autonat/1.0.0, /libp2p/circuit/relay/0.2.0/hop, /vac/waku/metadata/1.0.0, /mix/1.0.0, /logos/service-discovery/1.0.0, /vac/waku/relay/2.0.0, /vac/waku/rendezvous/1.0.0, /ipfs/ping/1.0.0, /vac/waku/lightpush/3.0.0, /vac/waku/lightpush/2.0.0-beta1, /vac/waku/filter-subscribe/2.0.0-beta1, /vac/waku/filter-push/2.0.0-beta1, /vac/waku/peer-exchange/2.0.0-alpha1], protoVersion: ipfs/0.1.0, agentVersion: logos-delivery-v0.39.0-gca2814)"
[2026-10-04 14:14:34.289] [out] [delivery_module] DBG 2026-10-04 14:14:34.289+02:00 Dialing peer                               topics="libp2p dialer" tid=5006374 peerId=16U*2pfeoX addrs="[/ip4/192.168.68.53/udp/16011/quic-v1, /ip4/192.168.68.53/tcp/27431]"
[2026-10-04 14:14:34.289] [out] [delivery_module] DBG 2026-10-04 14:14:34.289+02:00 Expanded address and hostname              topics="libp2p dialer" tid=5006374 expandedAddress=/ip4/192.168.68.53/udp/16011/quic-v1 hostname=192.168.68.53 resolvedAddresses="[/ip4/192.168.68.53/udp/16011/quic-v1]"
[2026-10-04 14:14:34.291] [out] [delivery_module] DBG 2026-10-04 14:14:34.291+02:00 New connection established: client         tid=5006374
[2026-10-04 14:14:34.292] [out] [delivery_module] DBG 2026-10-04 14:14:34.292+02:00 Dialing peer                               topics="libp2p dialer" tid=5006374 peerId=16U*iSrhve addrs="[/ip4/173.42.114.210/tcp/37795]"
[2026-10-04 14:14:34.292] [out] [delivery_module] DBG 2026-10-04 14:14:34.292+02:00 Expanded address and hostname              topics="libp2p dialer" tid=5006374 expandedAddress=/ip4/173.42.114.210/tcp/37795 hostname=173.42.114.210 resolvedAddresses="[/ip4/173.42.114.210/tcp/37795]"
[2026-10-04 14:14:34.292] [out] [delivery_module] DBG 2026-10-04 14:14:34.292+02:00 Dialing peer                               topics="libp2p dialer" tid=5006374 peerId=16U*Tp1aUr addrs="[/ip4/172.20.10.14/udp/58501/quic-v1, /ip4/172.20.10.14/tcp/56317]"
[2026-10-04 14:14:34.292] [out] [delivery_module] DBG 2026-10-04 14:14:34.292+02:00 Expanded address and hostname              topics="libp2p dialer" tid=5006374 expandedAddress=/ip4/172.20.10.14/udp/58501/quic-v1 hostname=172.20.10.14 resolvedAddresses="[/ip4/172.20.10.14/udp/58501/quic-v1]"
[2026-10-04 14:14:34.292] [out] [delivery_module] DBG 2026-10-04 14:14:34.292+02:00 New connection established: client         tid=5006374
[2026-10-04 14:14:34.293] [out] [delivery_module] DBG 2026-10-04 14:14:34.293+02:00 Dialing peer                               topics="libp2p dialer" tid=5006374 peerId=16U*CtL71W addrs="[/ip4/172.20.10.14/udp/63678/quic-v1, /ip4/172.20.10.14/tcp/56316]"
[2026-10-04 14:14:34.293] [out] [delivery_module] DBG 2026-10-04 14:14:34.293+02:00 Expanded address and hostname              topics="libp2p dialer" tid=5006374 expandedAddress=/ip4/172.20.10.14/udp/63678/quic-v1 hostname=172.20.10.14 resolvedAddresses="[/ip4/172.20.10.14/udp/63678/quic-v1]"
[2026-10-04 14:14:34.293] [out] [delivery_module] DBG 2026-10-04 14:14:34.293+02:00 New connection established: client         tid=5006374
[2026-10-04 14:14:34.293] [out] [delivery_module] DBG 2026-10-04 14:14:34.293+02:00 Dialing peer                               topics="libp2p dialer" tid=5006374 peerId=16U*oN8hgK addrs="[/ip4/173.42.114.210/tcp/45583]"
[2026-10-04 14:14:34.293] [out] [delivery_module] DBG 2026-10-04 14:14:34.293+02:00 Expanded address and hostname              topics="libp2p dialer" tid=5006374 expandedAddress=/ip4/173.42.114.210/tcp/45583 hostname=173.42.114.210 resolvedAddresses="[/ip4/173.42.114.210/tcp/45583]"
[2026-10-04 14:14:34.293] [out] [delivery_module] DBG 2026-10-04 14:14:34.293+02:00 Dialing peer                               topics="libp2p dialer" tid=5006374 peerId=16U*nEeDw3 addrs="[/ip4/172.20.10.14/udp/53503/quic-v1, /ip4/172.20.10.14/tcp/63850]"
[2026-10-04 14:14:34.293] [out] [delivery_module] DBG 2026-10-04 14:14:34.293+02:00 Expanded address and hostname              topics="libp2p dialer" tid=5006374 expandedAddress=/ip4/172.20.10.14/udp/53503/quic-v1 hostname=172.20.10.14 resolvedAddresses="[/ip4/172.20.10.14/udp/53503/quic-v1]"
[2026-10-04 14:14:34.294] [out] [delivery_module] DBG 2026-10-04 14:14:34.293+02:00 New connection established: client         tid=5006374
[2026-10-04 14:14:34.294] [out] [delivery_module] DBG 2026-10-04 14:14:34.294+02:00 Dialing peer                               topics="libp2p dialer" tid=5006374 peerId=16U*DYmd53 addrs="[/ip4/172.20.10.14/udp/55608/quic-v1, /ip4/172.20.10.14/tcp/57329]"
[2026-10-04 14:14:34.294] [out] [delivery_module] DBG 2026-10-04 14:14:34.294+02:00 Expanded address and hostname              topics="libp2p dialer" tid=5006374 expandedAddress=/ip4/172.20.10.14/udp/55608/quic-v1 hostname=172.20.10.14 resolvedAddresses="[/ip4/172.20.10.14/udp/55608/quic-v1]"
[2026-10-04 14:14:34.294] [out] [delivery_module] DBG 2026-10-04 14:14:34.294+02:00 New connection established: client         tid=5006374
[2026-10-04 14:14:34.295] [out] [delivery_module] DBG 2026-10-04 14:14:34.295+02:00 Dialing peer                               topics="libp2p dialer" tid=5006374 peerId=16U*UXrfAC addrs="[/ip4/109.41.112.89/tcp/38659, /ip4/109.41.112.89/tcp/35379, /ip4/109.41.112.89/tcp/37667, /ip4/109.41.112.89/tcp/33287, /ip4/109.41.112.89/tcp/39752]"
[2026-10-04 14:14:34.295] [out] [delivery_module] DBG 2026-10-04 14:14:34.295+02:00 Expanded address and hostname              topics="libp2p dialer" tid=5006374 expandedAddress=/ip4/109.41.112.89/tcp/38659 hostname=109.41.112.89 resolvedAddresses="[/ip4/109.41.112.89/tcp/38659]"
[2026-10-04 14:14:34.295] [out] [delivery_module] DBG 2026-10-04 14:14:34.295+02:00 Lookup query                               topics="kad-dht find" tid=5006374 peer=16U*2pfeoX
[2026-10-04 14:14:34.295] [out] [delivery_module] DBG 2026-10-04 14:14:34.295+02:00 Lookup query                               topics="kad-dht find" tid=5006374 peer=16U*iSrhve
[2026-10-04 14:14:34.295] [out] [delivery_module] DBG 2026-10-04 14:14:34.295+02:00 Lookup query                               topics="kad-dht find" tid=5006374 peer=16U*Tp1aUr
[2026-10-04 14:14:34.295] [out] [delivery_module] DBG 2026-10-04 14:14:34.295+02:00 Lookup query                               topics="kad-dht find" tid=5006374 peer=16U*CtL71W
[2026-10-04 14:14:34.295] [out] [delivery_module] DBG 2026-10-04 14:14:34.295+02:00 Lookup query                               topics="kad-dht find" tid=5006374 peer=16U*oN8hgK
[2026-10-04 14:14:34.385] [out] [delivery_module] DBG 2026-10-04 14:14:34.384+02:00 Lookup query                               topics="kad-dht find" tid=5006374 peer=16U*nEeDw3
[2026-10-04 14:14:34.435] [out] [delivery_module] DBG 2026-10-04 14:14:34.435+02:00 identify: info received                    topics="libp2p identify" tid=5006374 stream=16U*TwqBiH:6ac2432ade98ec078405c88e pubkey=ok(sec...fed6)) addresses=/ip4/34.123.201.25/tcp/30303,/ip4/34.123.201.25/udp/30303/quic-v1,/dns4/delivery-02.gc-us-central1-a.logos.dev.status.im/tcp/30303 protocols=/ipfs/id/1.0.0,/libp2p/autonat/1.0.0,/libp2p/circuit/relay/0.2.0/hop,/vac/waku/metadata/1.0.0,/mix/1.0.0,/logos/service-discovery/1.0.0,/vac/waku/store-query/3.0.0,/vac/waku/relay/2.0.0,/vac/waku/rendezvous/1.0.0,/ipfs/ping/1.0.0,/vac/waku/lightpush/3.0.0,/vac/waku/lightpush/2.0.0-beta1,/vac/waku/filter-subscribe/2.0.0-beta1,/vac/waku/filter-push/2.0.0-beta1,/vac/waku/peer-exchange/2.0.0-alpha1 observable_address=ok(/ip4/109.41.112.89/tcp/35608) proto_version=ipfs/0.1.0 agent_version=logos-delivery-v0.39.0-gca2814 signedPeerRecord=None
[2026-10-04 14:14:34.435] [out] [delivery_module] DBG 2026-10-04 14:14:34.435+02:00 starting pubsub read loop                  topics="libp2p pubsubpeer" tid=5006374 stream=16U*TwqBiH:6ac2432ade98ec078405c88d peer=16U*TwqBiH closed=false
[2026-10-04 14:14:34.436] [out] [delivery_module] DBG 2026-10-04 14:14:34.436+02:00 Event identified                           topics="waku node peer_manager" tid=5006374 peerId=16U*TwqBiH
[2026-10-04 14:14:34.436] [out] [delivery_module] DBG 2026-10-04 14:14:34.436+02:00 no listener registered                     tid=5006375 event=onConnectionChange
[2026-10-04 14:14:34.447] [out] [delivery_module] DBG 2026-10-04 14:14:34.447+02:00 starting pubsub read loop                  topics="libp2p pubsubpeer" tid=5006374 stream=16U*P1S397:6ac2432ade98ec078405c88f peer=16U*P1S397 closed=false
[2026-10-04 14:14:34.477] [out] [delivery_module] DBG 2026-10-04 14:14:34.477+02:00 identify: info received                    topics="libp2p identify" tid=5006374 stream=16U*P1S397:6ac2432ade98ec078405c890 pubkey=ok(sec...97dc)) addresses=/ip4/136.119.156.87/tcp/30303,/ip4/136.119.156.87/udp/30303/quic-v1,/dns4/delivery-01.gc-us-central1-a.logos.dev.status.im/tcp/30303 protocols=/ipfs/id/1.0.0,/libp2p/autonat/1.0.0,/libp2p/circuit/relay/0.2.0/hop,/vac/waku/metadata/1.0.0,/mix/1.0.0,/logos/service-discovery/1.0.0,/vac/waku/store-query/3.0.0,/vac/waku/relay/2.0.0,/vac/waku/rendezvous/1.0.0,/ipfs/ping/1.0.0,/vac/waku/lightpush/3.0.0,/vac/waku/lightpush/2.0.0-beta1,/vac/waku/filter-subscribe/2.0.0-beta1,/vac/waku/filter-push/2.0.0-beta1,/vac/waku/peer-exchange/2.0.0-alpha1 observable_address=ok(/ip4/109.41.112.89/tcp/46952) proto_version=ipfs/0.1.0 agent_version=logos-delivery-v0.39.0-gca2814 signedPeerRecord=None
[2026-10-04 14:14:34.477] [out] [delivery_module] DBG 2026-10-04 14:14:34.477+02:00 Event identified                           topics="waku node peer_manager" tid=5006374 peerId=16U*P1S397
[2026-10-04 14:14:34.477] [out] [delivery_module] DBG 2026-10-04 14:14:34.477+02:00 no listener registered                     tid=5006375 event=onConnectionChange
[2026-10-04 14:14:34.538] [out] [delivery_module] DBG 2026-10-04 14:14:34.538+02:00 Dial successful                            topics="libp2p dialer" tid=5006374 peerId=16U*T3UNSE
[2026-10-04 14:14:34.538] [out] [delivery_module] DBG 2026-10-04 14:14:34.538+02:00 starting sendNonHighPriorityTask           topics="libp2p pubsubpeer" tid=5006374 p=16U*T3UNSE
[2026-10-04 14:14:34.538] [out] [delivery_module] DBG 2026-10-04 14:14:34.538+02:00 created new pubsub peer                    topics="libp2p pubsub" tid=5006374 peerId=16U*T3UNSE
[2026-10-04 14:14:34.538] [out] [delivery_module] DBG 2026-10-04 14:14:34.538+02:00 no listener registered                     tid=5006375 event=onConnectionChange
[2026-10-04 14:14:34.538] [out] [delivery_module] DBG 2026-10-04 14:14:34.538+02:00 Incoming WakuRelay connection              topics="waku relay" tid=5006374 connection=16U*T3UNSE:6ac2432ade98ec078405c899 protocol=/vac/waku/relay/2.0.0
[2026-10-04 14:14:34.538] [out] [delivery_module] DBG 2026-10-04 14:14:34.538+02:00 starting pubsub read loop                  topics="libp2p pubsubpeer" tid=5006374 stream=16U*T3UNSE:6ac2432ade98ec078405c899 peer=16U*T3UNSE closed=false
[2026-10-04 14:14:34.538] [out] [delivery_module] DBG 2026-10-04 14:14:34.538+02:00 identify: info sent                        topics="libp2p identify" tid=5006374 stream=16U*T3UNSE:6ac2432ade98ec078405c89a info="(peerId: 16Uiu2HAkzxe9adsJGGnXZ4KXJPSB2ojbJzJufzHrFy7V5XBDYq65, listenAddrs: [/ip4/0.0.0.0/tcp/51393, /ip4/0.0.0.0/udp/52123/quic-v1], addrs: [/ip4/0.0.0.0/tcp/51393, /ip4/0.0.0.0/udp/52123/quic-v1], protocols: [/ipfs/id/1.0.0, /libp2p/autonat/1.0.0, /libp2p/circuit/relay/0.2.0/hop, /vac/waku/metadata/1.0.0, /mix/1.0.0, /logos/service-discovery/1.0.0, /vac/waku/relay/2.0.0, /vac/waku/rendezvous/1.0.0, /ipfs/ping/1.0.0, /vac/waku/lightpush/3.0.0, /vac/waku/lightpush/2.0.0-beta1, /vac/waku/filter-subscribe/2.0.0-beta1, /vac/waku/filter-push/2.0.0-beta1, /vac/waku/peer-exchange/2.0.0-alpha1], protoVersion: ipfs/0.1.0, agentVersion: logos-delivery-v0.39.0-gca2814)"
[2026-10-04 14:14:34.551] [out] [delivery_module] DBG 2026-10-04 14:14:34.551+02:00 Dial successful                            topics="libp2p dialer" tid=5006374 peerId=16U*kGyuEP
[2026-10-04 14:14:34.551] [out] [delivery_module] DBG 2026-10-04 14:14:34.551+02:00 starting sendNonHighPriorityTask           topics="libp2p pubsubpeer" tid=5006374 p=16U*kGyuEP
[2026-10-04 14:14:34.551] [out] [delivery_module] DBG 2026-10-04 14:14:34.551+02:00 created new pubsub peer                    topics="libp2p pubsub" tid=5006374 peerId=16U*kGyuEP
[2026-10-04 14:14:34.551] [out] [delivery_module] DBG 2026-10-04 14:14:34.551+02:00 no listener registered                     tid=5006375 event=onConnectionChange
[2026-10-04 14:14:34.552] [out] [delivery_module] DBG 2026-10-04 14:14:34.552+02:00 Incoming WakuRelay connection              topics="waku relay" tid=5006374 connection=16U*kGyuEP:6ac2432ade98ec078405c89d protocol=/vac/waku/relay/2.0.0
[2026-10-04 14:14:34.552] [out] [delivery_module] DBG 2026-10-04 14:14:34.552+02:00 starting pubsub read loop                  topics="libp2p pubsubpeer" tid=5006374 stream=16U*kGyuEP:6ac2432ade98ec078405c89d peer=16U*kGyuEP closed=false
[2026-10-04 14:14:34.552] [out] [delivery_module] DBG 2026-10-04 14:14:34.552+02:00 identify: info sent                        topics="libp2p identify" tid=5006374 stream=16U*kGyuEP:6ac2432ade98ec078405c89e info="(peerId: 16Uiu2HAkzxe9adsJGGnXZ4KXJPSB2ojbJzJufzHrFy7V5XBDYq65, listenAddrs: [/ip4/0.0.0.0/tcp/51393, /ip4/0.0.0.0/udp/52123/quic-v1], addrs: [/ip4/0.0.0.0/tcp/51393, /ip4/0.0.0.0/udp/52123/quic-v1], protocols: [/ipfs/id/1.0.0, /libp2p/autonat/1.0.0, /libp2p/circuit/relay/0.2.0/hop, /vac/waku/metadata/1.0.0, /mix/1.0.0, /logos/service-discovery/1.0.0, /vac/waku/relay/2.0.0, /vac/waku/rendezvous/1.0.0, /ipfs/ping/1.0.0, /vac/waku/lightpush/3.0.0, /vac/waku/lightpush/2.0.0-beta1, /vac/waku/filter-subscribe/2.0.0-beta1, /vac/waku/filter-push/2.0.0-beta1, /vac/waku/peer-exchange/2.0.0-alpha1], protoVersion: ipfs/0.1.0, agentVersion: logos-delivery-v0.39.0-gca2814)"
[2026-10-04 14:14:34.651] [out] [delivery_module] DBG 2026-10-04 14:14:34.651+02:00 Received WakuMetadata request              topics="waku metadata" tid=5006374 remoteClusterId=ok(3) remoteShards="[5, 0, 2, 1, 4, 7, 3, 6]" localClusterId=3 localShards="[7]" peer=16U*P1S397
[2026-10-04 14:14:34.652] [out] [delivery_module] DBG 2026-10-04 14:14:34.652+02:00 Received WakuMetadata request              topics="waku metadata" tid=5006374 remoteClusterId=ok(3) remoteShards="[5, 0, 2, 1, 4, 7, 3, 6]" localClusterId=3 localShards="[7]" peer=16U*TwqBiH
[2026-10-04 14:14:34.738] [out] [delivery_module] DBG 2026-10-04 14:14:34.738+02:00 no listener registered                     tid=5006375 event=onConnectionChange
[2026-10-04 14:14:34.788] [out] [delivery_module] DBG 2026-10-04 14:14:34.788+02:00 starting pubsub read loop                  topics="libp2p pubsubpeer" tid=5006374 stream=16U*T3UNSE:6ac2432ade98ec078405c89b peer=16U*T3UNSE closed=false
[2026-10-04 14:14:34.789] [out] [delivery_module] DBG 2026-10-04 14:14:34.789+02:00 identify: info received                    topics="libp2p identify" tid=5006374 stream=16U*kGyuEP:6ac2432ade98ec078405c8a0 pubkey=ok(sec...c56e)) addresses=/ip4/47.242.130.189/tcp/30303,/ip4/47.242.130.189/udp/30303/quic-v1,/dns4/delivery-01.ac-cn-hongkong-c.logos.dev.status.im/tcp/30303 protocols=/ipfs/id/1.0.0,/libp2p/autonat/1.0.0,/libp2p/circuit/relay/0.2.0/hop,/vac/waku/metadata/1.0.0,/mix/1.0.0,/logos/service-discovery/1.0.0,/vac/waku/store-query/3.0.0,/vac/waku/relay/2.0.0,/vac/waku/rendezvous/1.0.0,/ipfs/ping/1.0.0,/vac/waku/lightpush/3.0.0,/vac/waku/lightpush/2.0.0-beta1,/vac/waku/filter-subscribe/2.0.0-beta1,/vac/waku/filter-push/2.0.0-beta1,/vac/waku/peer-exchange/2.0.0-alpha1 observable_address=ok(/ip4/109.41.112.89/tcp/35841) proto_version=ipfs/0.1.0 agent_version=logos-delivery-v0.39.0-gca2814 signedPeerRecord=None
[2026-10-04 14:14:34.790] [out] [delivery_module] DBG 2026-10-04 14:14:34.790+02:00 identify: info received                    topics="libp2p identify" tid=5006374 stream=16U*T3UNSE:6ac2432ade98ec078405c89c pubkey=ok(sec...6d2a)) addresses=/ip4/43.99.103.10/tcp/30303,/ip4/43.99.103.10/udp/30303/quic-v1,/dns4/delivery-02.ac-cn-hongkong-c.logos.dev.status.im/tcp/30303 protocols=/ipfs/id/1.0.0,/libp2p/autonat/1.0.0,/libp2p/circuit/relay/0.2.0/hop,/vac/waku/metadata/1.0.0,/mix/1.0.0,/logos/service-discovery/1.0.0,/vac/waku/store-query/3.0.0,/vac/waku/relay/2.0.0,/vac/waku/rendezvous/1.0.0,/ipfs/ping/1.0.0,/vac/waku/lightpush/3.0.0,/vac/waku/lightpush/2.0.0-beta1,/vac/waku/filter-subscribe/2.0.0-beta1,/vac/waku/filter-push/2.0.0-beta1,/vac/waku/peer-exchange/2.0.0-alpha1 observable_address=ok(/ip4/109.41.112.89/tcp/34647) proto_version=ipfs/0.1.0 agent_version=logos-delivery-v0.39.0-gca2814 signedPeerRecord=None
[2026-10-04 14:14:34.790] [out] [delivery_module] DBG 2026-10-04 14:14:34.790+02:00 starting pubsub read loop                  topics="libp2p pubsubpeer" tid=5006374 stream=16U*kGyuEP:6ac2432ade98ec078405c89f peer=16U*kGyuEP closed=false
[2026-10-04 14:14:34.790] [out] [delivery_module] DBG 2026-10-04 14:14:34.790+02:00 Event identified                           topics="waku node peer_manager" tid=5006374 peerId=16U*kGyuEP
[2026-10-04 14:14:34.790] [out] [delivery_module] DBG 2026-10-04 14:14:34.790+02:00 no listener registered                     tid=5006375 event=onConnectionChange
[2026-10-04 14:14:34.790] [out] [delivery_module] DBG 2026-10-04 14:14:34.790+02:00 Event identified                           topics="waku node peer_manager" tid=5006374 peerId=16U*T3UNSE
[2026-10-04 14:14:34.790] [out] [delivery_module] DBG 2026-10-04 14:14:34.790+02:00 no listener registered                     tid=5006375 event=onConnectionChange
[2026-10-04 14:14:34.811] [out] [delivery_module] DBG 2026-10-04 14:14:34.811+02:00 no listener registered                     tid=5006375 event=onConnectionChange
[2026-10-04 14:14:34.930] [out] [delivery_module] DBG 2026-10-04 14:14:34.930+02:00 Dial successful                            topics="libp2p dialer" tid=5006374 peerId=16U*iSrhve
[2026-10-04 14:14:34.930] [out] [delivery_module] DBG 2026-10-04 14:14:34.930+02:00 starting sendNonHighPriorityTask           topics="libp2p pubsubpeer" tid=5006374 p=16U*iSrhve
[2026-10-04 14:14:34.930] [out] [delivery_module] DBG 2026-10-04 14:14:34.930+02:00 created new pubsub peer                    topics="libp2p pubsub" tid=5006374 peerId=16U*iSrhve
[2026-10-04 14:14:34.930] [out] [delivery_module] DBG 2026-10-04 14:14:34.930+02:00 no listener registered                     tid=5006375 event=onConnectionChange
[2026-10-04 14:14:34.930] [out] [delivery_module] DBG 2026-10-04 14:14:34.930+02:00 Incoming WakuRelay connection              topics="waku relay" tid=5006374 connection=16U*iSrhve:6ac2432ade98ec078405c8a9 protocol=/vac/waku/relay/2.0.0
[2026-10-04 14:14:34.930] [out] [delivery_module] DBG 2026-10-04 14:14:34.930+02:00 starting pubsub read loop                  topics="libp2p pubsubpeer" tid=5006374 stream=16U*iSrhve:6ac2432ade98ec078405c8a9 peer=16U*iSrhve closed=false
[2026-10-04 14:14:34.930] [out] [delivery_module] DBG 2026-10-04 14:14:34.930+02:00 identify: info sent                        topics="libp2p identify" tid=5006374 stream=16U*iSrhve:6ac2432ade98ec078405c8aa info="(peerId: 16Uiu2HAkzxe9adsJGGnXZ4KXJPSB2ojbJzJufzHrFy7V5XBDYq65, listenAddrs: [/ip4/0.0.0.0/tcp/51393, /ip4/0.0.0.0/udp/52123/quic-v1], addrs: [/ip4/0.0.0.0/tcp/51393, /ip4/0.0.0.0/udp/52123/quic-v1], protocols: [/ipfs/id/1.0.0, /libp2p/autonat/1.0.0, /libp2p/circuit/relay/0.2.0/hop, /vac/waku/metadata/1.0.0, /mix/1.0.0, /logos/service-discovery/1.0.0, /vac/waku/relay/2.0.0, /vac/waku/rendezvous/1.0.0, /ipfs/ping/1.0.0, /vac/waku/lightpush/3.0.0, /vac/waku/lightpush/2.0.0-beta1, /vac/waku/filter-subscribe/2.0.0-beta1, /vac/waku/filter-push/2.0.0-beta1, /vac/waku/peer-exchange/2.0.0-alpha1], protoVersion: ipfs/0.1.0, agentVersion: logos-delivery-v0.39.0-gca2814)"
[2026-10-04 14:14:34.957] [out] [delivery_module] DBG 2026-10-04 14:14:34.957+02:00 Dial successful                            topics="libp2p dialer" tid=5006374 peerId=16U*oN8hgK
[2026-10-04 14:14:34.957] [out] [delivery_module] DBG 2026-10-04 14:14:34.957+02:00 starting sendNonHighPriorityTask           topics="libp2p pubsubpeer" tid=5006374 p=16U*oN8hgK
[2026-10-04 14:14:34.957] [out] [delivery_module] DBG 2026-10-04 14:14:34.957+02:00 created new pubsub peer                    topics="libp2p pubsub" tid=5006374 peerId=16U*oN8hgK
[2026-10-04 14:14:34.957] [out] [delivery_module] DBG 2026-10-04 14:14:34.957+02:00 no listener registered                     tid=5006375 event=onConnectionChange
[2026-10-04 14:14:34.965] [out] [delivery_module] DBG 2026-10-04 14:14:34.965+02:00 Incoming WakuRelay connection              topics="waku relay" tid=5006374 connection=16U*oN8hgK:6ac2432ade98ec078405c8af protocol=/vac/waku/relay/2.0.0
[2026-10-04 14:14:34.965] [out] [delivery_module] DBG 2026-10-04 14:14:34.965+02:00 starting pubsub read loop                  topics="libp2p pubsubpeer" tid=5006374 stream=16U*oN8hgK:6ac2432ade98ec078405c8af peer=16U*oN8hgK closed=false
[2026-10-04 14:14:34.965] [out] [delivery_module] DBG 2026-10-04 14:14:34.965+02:00 identify: info sent                        topics="libp2p identify" tid=5006374 stream=16U*oN8hgK:6ac2432ade98ec078405c8b0 info="(peerId: 16Uiu2HAkzxe9adsJGGnXZ4KXJPSB2ojbJzJufzHrFy7V5XBDYq65, listenAddrs: [/ip4/0.0.0.0/tcp/51393, /ip4/0.0.0.0/udp/52123/quic-v1], addrs: [/ip4/0.0.0.0/tcp/51393, /ip4/0.0.0.0/udp/52123/quic-v1], protocols: [/ipfs/id/1.0.0, /libp2p/autonat/1.0.0, /libp2p/circuit/relay/0.2.0/hop, /vac/waku/metadata/1.0.0, /mix/1.0.0, /logos/service-discovery/1.0.0, /vac/waku/relay/2.0.0, /vac/waku/rendezvous/1.0.0, /ipfs/ping/1.0.0, /vac/waku/lightpush/3.0.0, /vac/waku/lightpush/2.0.0-beta1, /vac/waku/filter-subscribe/2.0.0-beta1, /vac/waku/filter-push/2.0.0-beta1, /vac/waku/peer-exchange/2.0.0-alpha1], protoVersion: ipfs/0.1.0, agentVersion: logos-delivery-v0.39.0-gca2814)"
[2026-10-04 14:14:35.019] [out] [delivery_module] DBG 2026-10-04 14:14:35.019+02:00 Received WakuMetadata request              topics="waku metadata" tid=5006374 remoteClusterId=ok(3) remoteShards="[5, 0, 2, 1, 4, 7, 3, 6]" localClusterId=3 localShards="[7]" peer=16U*T3UNSE
[2026-10-04 14:14:35.034] [out] [delivery_module] DBG 2026-10-04 14:14:35.034+02:00 Received WakuMetadata request              topics="waku metadata" tid=5006374 remoteClusterId=ok(3) remoteShards="[5, 0, 2, 1, 4, 7, 3, 6]" localClusterId=3 localShards="[7]" peer=16U*kGyuEP
[2026-10-04 14:14:35.059] [out] [delivery_module] DBG 2026-10-04 14:14:35.059+02:00 Lookup query                               topics="kad-dht find" tid=5006374 peer=16U*DYmd53
[2026-10-04 14:14:35.083] [out] [delivery_module] DBG 2026-10-04 14:14:35.082+02:00 identify: info received                    topics="libp2p identify" tid=5006374 stream=16U*iSrhve:6ac2432ade98ec078405c8ac pubkey=ok(sec...2232)) addresses=/ip4/173.42.114.210/tcp/37795 protocols=/ipfs/id/1.0.0,/libp2p/autonat/1.0.0,/libp2p/circuit/relay/0.2.0/hop,/vac/waku/metadata/1.0.0,/logos/service-discovery/1.0.0,/vac/waku/relay/2.0.0,/vac/waku/rendezvous/1.0.0,/ipfs/ping/1.0.0,/vac/waku/lightpush/3.0.0,/vac/waku/lightpush/2.0.0-beta1,/vac/waku/filter-subscribe/2.0.0-beta1,/vac/waku/filter-push/2.0.0-beta1,/vac/waku/peer-exchange/2.0.0-alpha1 observable_address=ok(/ip4/109.41.112.89/tcp/42075) proto_version=ipfs/0.1.0 agent_version=logos-delivery-v0.39.0-gca2814 signedPeerRecord=None
[2026-10-04 14:14:35.083] [out] [delivery_module] DBG 2026-10-04 14:14:35.083+02:00 starting pubsub read loop                  topics="libp2p pubsubpeer" tid=5006374 stream=16U*iSrhve:6ac2432ade98ec078405c8ab peer=16U*iSrhve closed=false
[2026-10-04 14:14:35.083] [out] [delivery_module] DBG 2026-10-04 14:14:35.083+02:00 Event identified                           topics="waku node peer_manager" tid=5006374 peerId=16U*iSrhve
[2026-10-04 14:14:35.083] [out] [delivery_module] DBG 2026-10-04 14:14:35.083+02:00 no listener registered                     tid=5006375 event=onConnectionChange
[2026-10-04 14:14:35.118] [out] [delivery_module] DBG 2026-10-04 14:14:35.118+02:00 identify: info received                    topics="libp2p identify" tid=5006374 stream=16U*oN8hgK:6ac2432ade98ec078405c8ae pubkey=ok(sec...8d24)) addresses=/ip4/173.42.114.210/tcp/45583 protocols=/ipfs/id/1.0.0,/libp2p/autonat/1.0.0,/libp2p/circuit/relay/0.2.0/hop,/vac/waku/metadata/1.0.0,/logos/service-discovery/1.0.0,/vac/waku/relay/2.0.0,/vac/waku/rendezvous/1.0.0,/ipfs/ping/1.0.0,/vac/waku/lightpush/3.0.0,/vac/waku/lightpush/2.0.0-beta1,/vac/waku/filter-subscribe/2.0.0-beta1,/vac/waku/filter-push/2.0.0-beta1,/vac/waku/peer-exchange/2.0.0-alpha1 observable_address=ok(/ip4/109.41.112.89/tcp/47180) proto_version=ipfs/0.1.0 agent_version=logos-delivery-v0.39.0-gca2814 signedPeerRecord=None
[2026-10-04 14:14:35.119] [out] [delivery_module] DBG 2026-10-04 14:14:35.119+02:00 starting pubsub read loop                  topics="libp2p pubsubpeer" tid=5006374 stream=16U*oN8hgK:6ac2432ade98ec078405c8ad peer=16U*oN8hgK closed=false
[2026-10-04 14:14:35.119] [out] [delivery_module] DBG 2026-10-04 14:14:35.119+02:00 Event identified                           topics="waku node peer_manager" tid=5006374 peerId=16U*oN8hgK
[2026-10-04 14:14:35.119] [out] [delivery_module] DBG 2026-10-04 14:14:35.119+02:00 no listener registered                     tid=5006375 event=onConnectionChange
[2026-10-04 14:14:35.119] [out] [delivery_module] DBG 2026-10-04 14:14:35.119+02:00 Lookup query                               topics="kad-dht find" tid=5006374 peer=16U*UXrfAC
[2026-10-04 14:14:35.240] [out] [delivery_module] DBG 2026-10-04 14:14:35.240+02:00 Received WakuMetadata request              topics="waku metadata" tid=5006374 remoteClusterId=ok(3) remoteShards="[5, 0, 2, 1, 4, 7, 3, 6]" localClusterId=3 localShards="[7]" peer=16U*iSrhve
[2026-10-04 14:14:35.240] [out] [delivery_module] DBG 2026-10-04 14:14:35.240+02:00 no listener registered                     tid=5006375 event=onConnectionChange
[2026-10-04 14:14:35.249] [out] [delivery_module] DBG 2026-10-04 14:14:35.249+02:00 no listener registered                     tid=5006375 event=onConnectionChange
[2026-10-04 14:14:35.271] [out] [delivery_module] DBG 2026-10-04 14:14:35.271+02:00 Received WakuMetadata request              topics="waku metadata" tid=5006374 remoteClusterId=ok(3) remoteShards="[5, 0, 2, 1, 4, 7, 3, 6]" localClusterId=3 localShards="[7]" peer=16U*oN8hgK
[2026-10-04 14:14:35.363] [out] [delivery_module] DBG 2026-10-04 14:14:35.363+02:00 no listener registered                     tid=5006375 event=onConnectionChange
[2026-10-04 14:14:35.422] [out] [delivery_module] DBG 2026-10-04 14:14:35.422+02:00 no listener registered                     tid=5006375 event=onConnectionChange
[2026-10-04 14:14:35.536] [out] [delivery_module] WRN 2026-10-04 14:14:35.536+02:00 NAT port mapping failed                    topics="libp2p natservice" tid=5006374 port=51393 proto=mpTcp err="plum: mapping 0 failed"
[2026-10-04 14:14:36.538] [out] [delivery_module] WRN 2026-10-04 14:14:36.538+02:00 NAT port mapping failed                    topics="libp2p natservice" tid=5006374 port=52123 proto=mpUdp err="plum: mapping 0 failed"
[2026-10-04 14:14:36.538] [out] [delivery_module] INF 2026-10-04 14:14:36.538+02:00 Mix self hop set                           topics="waku node" tid=5006374 hop=/ip4/172.20.10.14/tcp/51393 before=/ip4/0.0.0.0/tcp/0
[2026-10-04 14:14:36.539] [out] [delivery_module] DBG 2026-10-04 14:14:36.539+02:00 ENR addresses updated                      topics="waku enr" tid=5006374 retained=0 total=0
[2026-10-04 14:14:36.539] [out] [delivery_module] DBG 2026-10-04 14:14:36.539+02:00 ENR addresses updated                      topics="waku enr" tid=5006374 retained=0 total=0
[2026-10-04 14:14:36.539] [out] [delivery_module] INF 2026-10-04 14:14:36.539+02:00 Found previous WakuRelay peers. Reconnecting. topics="waku node" tid=5006374
[2026-10-04 14:14:36.539] [out] [delivery_module] DBG 2026-10-04 14:14:36.539+02:00 Reconnecting peers                         topics="waku node peer_manager" tid=5006374 proto=/vac/waku/relay/2.0.0
[2026-10-04 14:14:36.540] [out] [delivery_module] INF 2026-10-04 14:14:36.540+02:00 Random kademlia lookups disabled           topics="waku service discovery" tid=5006374
[2026-10-04 14:14:36.540] [out] [delivery_module] DBG 2026-10-04 14:14:36.540+02:00 Periodic service lookup started            topics="waku service discovery" tid=5006374 interval=1m services={}
[2026-10-04 14:14:36.540] [out] [delivery_module] INF 2026-10-04 14:14:36.540+02:00 Kademlia discovery started                 topics="waku service discovery" tid=5006374
[2026-10-04 14:14:36.541] [out] [delivery_module] INF 2026-10-04 14:14:36.541+02:00 Discovery ENR initialized                  topics="eth p2p discv5" tid=5006374 enrAutoUpdate=false seqNum=4 ip=none() tcpPort=none() udpPort=none() customEnrFields=@[] uri=enr:-Ka4QCZZe-ZFCa54N-v8C6Jfk82hqYCCE_JNcWOWp04Gw3Z7In5s6XPjCwewXZPpRmBXHAEPixYaYznM9yy2ofqWAAUEgmlkgnY0im11bHRpYWRkcnOAgnJzkwADCAAAAAEAAgADAAQABQAGAAeJc2VjcDI1NmsxoQJSOV59x2692j4-032vao4xx9c0Rm9OatP4SExMyg_1PoN0Y3CCyMGFd2FrdTIt
[2026-10-04 14:14:36.541] [out] [delivery_module] WRN 2026-10-04 14:14:36.541+02:00 No external IP provided for the ENR, this node will not be discoverable topics="eth p2p discv5" tid=5006374
[2026-10-04 14:14:36.541] [out] [delivery_module] DBG 2026-10-04 14:14:36.541+02:00 peer filtering updated                     topics="waku discv5" tid=5006374
[2026-10-04 14:14:36.541] [out] [delivery_module] INF 2026-10-04 14:14:36.541+02:00 Starting discovery v5 service              topics="waku discv5" tid=5006374
[2026-10-04 14:14:36.541] [out] [delivery_module] INF 2026-10-04 14:14:36.541+02:00 Start listening on udp port                topics="waku discv5" tid=5006374 address=0.0.0.0 port=54890
[2026-10-04 14:14:36.541] [out] [delivery_module] INF 2026-10-04 14:14:36.541+02:00 Starting discovery node                    topics="eth p2p discv5" tid=5006374 node=97*12faa9:unaddressable bindAddress=0.0.0.0:54890
[2026-10-04 14:14:36.542] [out] [delivery_module] DBG 2026-10-04 14:14:36.542+02:00 Total nodes in routing table after populate topics="eth p2p discv5" tid=5006374 total=0
[2026-10-04 14:14:36.542] [out] [delivery_module] DBG 2026-10-04 14:14:36.542+02:00 Starting discovery v5 search               topics="waku discv5" tid=5006374
[2026-10-04 14:14:36.542] [out] [delivery_module] DBG 2026-10-04 14:14:36.542+02:00 Successfully started discovery v5 service  topics="waku discv5" tid=5006374
[2026-10-04 14:14:36.542] [out] [delivery_module] INF 2026-10-04 14:14:36.542+02:00 Discv5: discoverable ENR                   topics="waku discv5" tid=5006374 enrUri=enr:-Ka4QCZZe-ZFCa54N-v8C6Jfk82hqYCCE_JNcWOWp04Gw3Z7In5s6XPjCwewXZPpRmBXHAEPixYaYznM9yy2ofqWAAUEgmlkgnY0im11bHRpYWRkcnOAgnJzkwADCAAAAAEAAgADAAQABQAGAAeJc2VjcDI1NmsxoQJSOV59x2692j4-032vao4xx9c0Rm9OatP4SExMyg_1PoN0Y3CCyMGFd2FrdTIt enr="(4, id: \"v4\", multiaddrs: 0x, rs: 0x00030800000001000200030004000500060007, secp256k1: 0x0252395E7DC76EBDDA3E3ED37DAF6A8E31C7D734466F4E6AD3F8484C4CCA0FF53E, tcp: 51393, waku2: 0x2D)"
[2026-10-04 14:14:36.542] [out] [delivery_module] INF 2026-10-04 14:14:36.542+02:00 Node started successfully                  topics="waku node" tid=5006374
[2026-10-04 14:14:36.542] [out] [delivery_module] DBG 2026-10-04 14:14:36.542+02:00 Publishing Signed XPR                      topics="service-discovery" tid=5006374 xpr="(envelope: (publicKey: secp256k1 key (0452395e7dc76ebdda3e3ed37daf6a8e31c7d734466f4e6ad3f8484c4cca0ff53ec6f14ca00b3021a915b028957c6fc5e3cde383a733525882b48f6216d15b0b14), payloadType: @[3, 1], payload: @[10, 39, 0, 37, 8, 2, 18, 33, 2, 82, 57, 94, 125, 199, 110, 189, 218, 62, 62, 211, 125, 175, 106, 142, 49, 199, 215, 52, 70, 111, 78, 106, 211, 248, 72, 76, 76, 202, 15, 245, 62, 16, 233, 128, 7, 26, 10, 10, 8, 4, 172, 20, 10, 14, 6, 200, 193, 26, 13, 10, 11, 4, 172, 20, 10, 14, 145, 2, 203, 155, 205, 3], signature: 3044022033FD919A9E5F9573EA6BFAF5B92E656A88E139F88B133B74A4D5447EE40735B102200134577820EA9458FCF18B86ACE4F63E6CEAD42167B45D3D72A55B75D79B12A4), data: (peerId: 16Uiu2HAkzxe9adsJGGnXZ4KXJPSB2ojbJzJufzHrFy7V5XBDYq65, seqNo: 114793, addresses: @[(address: /ip4/172.20.10.14/tcp/51393), (address: /ip4/172.20.10.14/udp/52123/quic-v1)], services: @[]))"
[2026-10-04 14:14:36.543] [out] [delivery_module] DBG 2026-10-04 14:14:36.543+02:00 Lookup query                               topics="kad-dht find" tid=5006374 peer=16U*T3UNSE
[2026-10-04 14:14:36.543] [out] [delivery_module] DBG 2026-10-04 14:14:36.543+02:00 Lookup query                               topics="kad-dht find" tid=5006374 peer=16U*P1S397
[2026-10-04 14:14:36.543] [out] [delivery_module] DBG 2026-10-04 14:14:36.543+02:00 Lookup query                               topics="kad-dht find" tid=5006374 peer=16U*VpJprH
[2026-10-04 14:14:36.543] [out] [delivery_module] DBG 2026-10-04 14:14:36.543+02:00 Lookup query                               topics="kad-dht find" tid=5006374 peer=16U*kGyuEP
[2026-10-04 14:14:36.543] [out] [delivery_module] DBG 2026-10-04 14:14:36.543+02:00 Lookup query                               topics="kad-dht find" tid=5006374 peer=16U*iSrhve
[2026-10-04 14:14:36.543] [out] [delivery_module] DBG 2026-10-04 14:14:36.543+02:00 Lookup query                               topics="kad-dht find" tid=5006374 peer=16U*NSkuby
[2026-10-04 14:14:36.543] [out] [delivery_module] DBG 2026-10-04 14:14:36.543+02:00 Lookup query                               topics="kad-dht find" tid=5006374 peer=16U*oN8hgK
[2026-10-04 14:14:36.543] [out] [delivery_module] DBG 2026-10-04 14:14:36.543+02:00 Lookup query                               topics="kad-dht find" tid=5006374 peer=16U*TwqBiH
[2026-10-04 14:14:36.543] [out] [delivery_module] DBG 2026-10-04 14:14:36.543+02:00 Dialing multiple peers                     tid=5006374 numOfPeers=6 nodes="@[\"/dns4/delivery-01.do-ams3.logos.dev.status.im/tcp/30303/p2p/16Uiu2HAmTUbnxLGT9JvV6mu9oPyDjqHK4Phs1VDJNUgESgNSkuby\", \"/dns4/delivery-02.do-ams3.logos.dev.status.im/tcp/30303/p2p/16Uiu2HAmMK7PYygBtKUQ8EHp7EfaD3bCEsJrkFooK8RQ2PVpJprH\", \"/dns4/delivery-01.gc-us-central1-a.logos.dev.status.im/tcp/30303/p2p/16Uiu2HAm4S1JYkuzDKLKQvwgAhZKs9otxXqt8SCGtB4hoJP1S397\", \"/dns4/delivery-02.gc-us-central1-a.logos.dev.status.im/tcp/30303/p2p/16Uiu2HAm8Y9kgBNtjxvCnf1X6gnZJW5EGE4UwwCL3CCm55TwqBiH\", \"/dns4/delivery-01.ac-cn-hongkong-c.logos.dev.status.im/tcp/30303/p2p/16Uiu2HAm8YokiNun9BkeA1ZRmhLbtNUvcwRr64F69tYj9fkGyuEP\", \"/dns4/delivery-02.ac-cn-hongkong-c.logos.dev.status.im/tcp/30303/p2p/16Uiu2HAkvwhGHKNry6LACrB8TmEFoCJKEX29XR5dDUzk3UT3UNSE\"]"
[2026-10-04 14:14:36.543] [out] [delivery_module] DBG 2026-10-04 14:14:36.543+02:00 Finished dialing multiple peers            tid=5006374 successfulConns=6 attempted=6
[2026-10-04 14:14:36.544] [out] [delivery_module] DBG 2026-10-04 14:14:36.543+02:00 Dialing multiple peers                     topics="waku node peer_manager" tid=5006374 numOfPeers=6 nodes="@[16Uiu2HAm5HS7pAFUn5QksZ2ztq5FH1ojfZzBawBum5xsLDDYmd53, 16Uiu2HAm7iP4jCEuUzj5BoF7uJjLCVjGSSdQ2dgSeHWKLvTp1aUr, 16Uiu2HAkyhtUbcL7W3kUmUAQLqWcFomcaqhFXEZU7RjHk3UXrfAC, 16Uiu2HAkvsWzm5LemGFj6LUbwARYjWiv2g1bDF3N98dEq2CtL71W, 16Uiu2HAmGrgC6NjgKTVbbxW2RPgZs9Mwr6VfaNvJ2RDU74nEeDw3, 16Uiu2HAm75mHYCn97YHQ3auieTYohvJU9d3WGyGBAjnVc32pfeoX]"
[2026-10-04 14:14:36.544] [out] [delivery_module] INF 2026-10-04 14:14:36.544+02:00 Relay peer connections                     topics="waku node peer_manager" tid=5006374 inRelayConns=0/50 outRelayConns=8/25 totalConnections=8/150 notConnectedPeers=6 outsideBackoffPeers=6
[2026-10-04 14:14:36.545] [out] [delivery_module] DBG 2026-10-04 14:14:36.545+02:00 ENR addresses updated                      topics="waku enr" tid=5006374 retained=0 total=0
[2026-10-04 14:14:36.545] [out] [delivery_module] DBG 2026-10-04 14:14:36.545+02:00 Subscribing to pubsub topic                topics="waku relay" tid=5006374 pubsubTopic=/waku/2/rs/3/0
[2026-10-04 14:14:36.545] [out] [delivery_module] DBG 2026-10-04 14:14:36.545+02:00 peer filtering updated                     topics="waku discv5" tid=5006374
[2026-10-04 14:14:36.545] [out] [delivery_module] DBG 2026-10-04 14:14:36.545+02:00 ENR shards updated                         topics="waku discv5" tid=5006374 enrUri=enr:-K24QN8rEvRk1Oi5CSGOmgjK-75zpm7TWipv-JAi4sToBxwpBwj3_Wy-2WBMzzdbh5I5OGDstw0uIp3YdFWaA6rEs80HgmlkgnY0im11bHRpYWRkcnOAgnJzkwADCAAAAAEAAgADAAQABQAGAAeJc2VjcDI1NmsxoQJSOV59x2692j4-032vao4xx9c0Rm9OatP4SExMyg_1PoN0Y3CCyMGDdWRwgtZqhXdha3UyLQ add=true
[2026-10-04 14:14:36.545] [out] [delivery_module] DBG 2026-10-04 14:14:36.545+02:00 Subscribing to pubsub topic                topics="waku relay" tid=5006374 pubsubTopic=/waku/2/rs/3/1
[2026-10-04 14:14:36.545] [out] [delivery_module] DBG 2026-10-04 14:14:36.545+02:00 peer filtering updated                     topics="waku discv5" tid=5006374
[2026-10-04 14:14:36.545] [out] [delivery_module] DBG 2026-10-04 14:14:36.545+02:00 ENR shards updated                         topics="waku discv5" tid=5006374 enrUri=enr:-K24QBrU___8byeu__ETwlhEy8tF2uEU7F3VMJoNKTXr-8WXB16ekEIV52khgSrKyOnPKnPmUstBeiHMPOOA9tS6Vn4IgmlkgnY0im11bHRpYWRkcnOAgnJzkwADCAAAAAEAAgADAAQABQAGAAeJc2VjcDI1NmsxoQJSOV59x2692j4-032vao4xx9c0Rm9OatP4SExMyg_1PoN0Y3CCyMGDdWRwgtZqhXdha3UyLQ add=true
[2026-10-04 14:14:36.545] [out] [delivery_module] DBG 2026-10-04 14:14:36.545+02:00 Subscribing to pubsub topic                topics="waku relay" tid=5006374 pubsubTopic=/waku/2/rs/3/2
[2026-10-04 14:14:36.545] [out] [delivery_module] DBG 2026-10-04 14:14:36.545+02:00 peer filtering updated                     topics="waku discv5" tid=5006374
[2026-10-04 14:14:36.545] [out] [delivery_module] DBG 2026-10-04 14:14:36.545+02:00 ENR shards updated                         topics="waku discv5" tid=5006374 enrUri=enr:-K24QNLlo4bUvdGp9U9KZbseI-PlBmqCFUrwu7yDPD7wZqzOC7UBMUwRnQM1TbR1dYCaxl1ST4pxZQWoSWnstDJ4gjEJgmlkgnY0im11bHRpYWRkcnOAgnJzkwADCAAAAAEAAgADAAQABQAGAAeJc2VjcDI1NmsxoQJSOV59x2692j4-032vao4xx9c0Rm9OatP4SExMyg_1PoN0Y3CCyMGDdWRwgtZqhXdha3UyLQ add=true
[2026-10-04 14:14:36.545] [out] [delivery_module] DBG 2026-10-04 14:14:36.545+02:00 Subscribing to pubsub topic                topics="waku relay" tid=5006374 pubsubTopic=/waku/2/rs/3/3
[2026-10-04 14:14:36.546] [out] [delivery_module] DBG 2026-10-04 14:14:36.546+02:00 peer filtering updated                     topics="waku discv5" tid=5006374
[2026-10-04 14:14:36.546] [out] [delivery_module] DBG 2026-10-04 14:14:36.546+02:00 ENR shards updated                         topics="waku discv5" tid=5006374 enrUri=enr:-K24QCMRs-4D0ay2c3_mC2XibN3a2q_F_PzW4Kx8PCDzwtPaVrJe-16D5LXoFSLzsdvMJsiH2OC3rhMt4cnhsCv-rREKgmlkgnY0im11bHRpYWRkcnOAgnJzkwADCAAAAAEAAgADAAQABQAGAAeJc2VjcDI1NmsxoQJSOV59x2692j4-032vao4xx9c0Rm9OatP4SExMyg_1PoN0Y3CCyMGDdWRwgtZqhXdha3UyLQ add=true
[2026-10-04 14:14:36.546] [out] [delivery_module] DBG 2026-10-04 14:14:36.546+02:00 Subscribing to pubsub topic                topics="waku relay" tid=5006374 pubsubTopic=/waku/2/rs/3/4
[2026-10-04 14:14:36.546] [out] [delivery_module] DBG 2026-10-04 14:14:36.546+02:00 peer filtering updated                     topics="waku discv5" tid=5006374
[2026-10-04 14:14:36.546] [out] [delivery_module] DBG 2026-10-04 14:14:36.546+02:00 ENR shards updated                         topics="waku discv5" tid=5006374 enrUri=enr:-K24QFr-saSuPPJOHafT-FJfq0r_KnPoGciMgTcTzUgKdGlRaBQ9Sovt7ZPupctMBUOUWxOgshEoMXqZuqgpYpLzH3wLgmlkgnY0im11bHRpYWRkcnOAgnJzkwADCAAAAAEAAgADAAQABQAGAAeJc2VjcDI1NmsxoQJSOV59x2692j4-032vao4xx9c0Rm9OatP4SExMyg_1PoN0Y3CCyMGDdWRwgtZqhXdha3UyLQ add=true
[2026-10-04 14:14:36.546] [out] [delivery_module] DBG 2026-10-04 14:14:36.546+02:00 Subscribing to pubsub topic                topics="waku relay" tid=5006374 pubsubTopic=/waku/2/rs/3/5
[2026-10-04 14:14:36.546] [out] [delivery_module] DBG 2026-10-04 14:14:36.546+02:00 peer filtering updated                     topics="waku discv5" tid=5006374
[2026-10-04 14:14:36.546] [out] [delivery_module] DBG 2026-10-04 14:14:36.546+02:00 ENR shards updated                         topics="waku discv5" tid=5006374 enrUri=enr:-K24QPG63_CeUihylwyEDblCR1czln5ufxWVx7FcZL6K83Y6GCTcoi-w1-T0Ytb871t9Wg-kpzboE7XQlBK2WT49mT8MgmlkgnY0im11bHRpYWRkcnOAgnJzkwADCAAAAAEAAgADAAQABQAGAAeJc2VjcDI1NmsxoQJSOV59x2692j4-032vao4xx9c0Rm9OatP4SExMyg_1PoN0Y3CCyMGDdWRwgtZqhXdha3UyLQ add=true
[2026-10-04 14:14:36.546] [out] [delivery_module] DBG 2026-10-04 14:14:36.546+02:00 Subscribing to pubsub topic                topics="waku relay" tid=5006374 pubsubTopic=/waku/2/rs/3/6
[2026-10-04 14:14:36.546] [out] [delivery_module] DBG 2026-10-04 14:14:36.546+02:00 peer filtering updated                     topics="waku discv5" tid=5006374
[2026-10-04 14:14:36.546] [out] [delivery_module] DBG 2026-10-04 14:14:36.546+02:00 ENR shards updated                         topics="waku discv5" tid=5006374 enrUri=enr:-K24QKSvV7s3VoDHtN160aovwb4Sr_-kzz0gyl8uesamlAkreu8XZfa0yvUzUB6gILrXCrraOeBETmr3CWLpQPoyovUNgmlkgnY0im11bHRpYWRkcnOAgnJzkwADCAAAAAEAAgADAAQABQAGAAeJc2VjcDI1NmsxoQJSOV59x2692j4-032vao4xx9c0Rm9OatP4SExMyg_1PoN0Y3CCyMGDdWRwgtZqhXdha3UyLQ add=true
[2026-10-04 14:14:36.546] [out] [delivery_module] NTC 2026-10-04 14:14:36.546+02:00 ENR carries no reachable host, so peers cannot dial this node. Set --nat, --ext-ip, --dns4-domain-name or --ext-multiaddr to advertise one topics="wakunode waku" tid=5006374
[2026-10-04 14:14:36.547] [out] [delivery_module] DBG 2026-10-04 14:14:36.547+02:00 register interest                          topics="service-disco discoverer" tid=5006374 service=/logos/delivery serviceId=key:E6738033B5D413D13CF58622CEB4EF8F392E8D4EB073B56A5486CB0431B2F5D8
[2026-10-04 14:14:36.547] [out] [delivery_module] DBG 2026-10-04 14:14:36.547+02:00 Lookup query                               topics="kad-dht find" tid=5006374 peer=16U*P1S397
[2026-10-04 14:14:36.547] [out] [delivery_module] DBG 2026-10-04 14:14:36.547+02:00 Lookup query                               topics="kad-dht find" tid=5006374 peer=16U*T3UNSE
[2026-10-04 14:14:36.547] [out] [delivery_module] DBG 2026-10-04 14:14:36.547+02:00 Lookup query                               topics="kad-dht find" tid=5006374 peer=16U*VpJprH
[2026-10-04 14:14:36.547] [out] [delivery_module] DBG 2026-10-04 14:14:36.547+02:00 Lookup query                               topics="kad-dht find" tid=5006374 peer=16U*kGyuEP
[2026-10-04 14:14:36.547] [out] [delivery_module] DBG 2026-10-04 14:14:36.547+02:00 Lookup query                               topics="kad-dht find" tid=5006374 peer=16U*iSrhve
[2026-10-04 14:14:36.547] [out] [delivery_module] DBG 2026-10-04 14:14:36.547+02:00 Lookup query                               topics="kad-dht find" tid=5006374 peer=16U*NSkuby
[2026-10-04 14:14:36.547] [out] [delivery_module] DBG 2026-10-04 14:14:36.547+02:00 Lookup query                               topics="kad-dht find" tid=5006374 peer=16U*oN8hgK
[2026-10-04 14:14:36.547] [out] [delivery_module] DBG 2026-10-04 14:14:36.547+02:00 Lookup query                               topics="kad-dht find" tid=5006374 peer=16U*TwqBiH
[2026-10-04 14:14:36.547] [out] [delivery_module] DBG 2026-10-04 14:14:36.547+02:00 Added service to discover                  topics="waku service discovery" tid=5006374 service=/logos/delivery
[2026-10-04 14:14:36.547] [out] [delivery_module] DBG 2026-10-04 14:14:36.547+02:00 Added provided service                     topics="service-disco advertiser" tid=5006374 service=/logos/delivery serviceId=key:E6738033B5D413D13CF58622CEB4EF8F392E8D4EB073B56A5486CB0431B2F5D8
[2026-10-04 14:14:36.548] [out] [delivery_module] DBG 2026-10-04 14:14:36.548+02:00 Cannot insert self in routing table        topics="kad-dht rtable" tid=5006374 nodeId=key:0025080212210252395E7DC76EBDDA3E3ED37DAF6A8E31C7D734466F4E6AD3F8484C4CCA0FF53E
[2026-10-04 14:14:36.548] [out] [delivery_module] DBG 2026-10-04 14:14:36.548+02:00 Cannot insert self in routing table        topics="kad-dht rtable" tid=5006374 nodeId=key:0025080212210252395E7DC76EBDDA3E3ED37DAF6A8E31C7D734466F4E6AD3F8484C4CCA0FF53E
[2026-10-04 14:14:36.549] [out] [delivery_module] DBG 2026-10-04 14:14:36.549+02:00 Added service to advertise                 topics="waku service discovery" tid=5006374 service=/logos/delivery
[2026-10-04 14:14:36.549] [out] [delivery_module] INF 2026-10-04 14:14:36.549+02:00 advertising this node on the delivery network topics="waku discovery advertise" tid=5006374 backend=service protocols="[/vac/waku/relay/2.0.0, /vac/waku/filter-subscribe/2.0.0-beta1, /vac/waku/lightpush/3.0.0, /mix/1.0.0]"
[2026-10-04 14:14:36.549] [out] [delivery_module] DBG 2026-10-04 14:14:36.549+02:00 register interest                          topics="service-disco discoverer" tid=5006374 service=/mix/1.0.0 serviceId=key:913B5C5DBE691438693215140388EC0C7DE80DE328BDE5BD7FC06F90568CEA40
[2026-10-04 14:14:36.549] [out] [delivery_module] DBG 2026-10-04 14:14:36.549+02:00 Lookup query                               topics="kad-dht find" tid=5006374 peer=16U*kGyuEP
[2026-10-04 14:14:36.549] [out] [delivery_module] DBG 2026-10-04 14:14:36.549+02:00 Lookup query                               topics="kad-dht find" tid=5006374 peer=16U*T3UNSE
[2026-10-04 14:14:36.549] [out] [delivery_module] DBG 2026-10-04 14:14:36.549+02:00 Lookup query                               topics="kad-dht find" tid=5006374 peer=16U*P1S397
[2026-10-04 14:14:36.549] [out] [delivery_module] DBG 2026-10-04 14:14:36.549+02:00 Lookup query                               topics="kad-dht find" tid=5006374 peer=16U*VpJprH
[2026-10-04 14:14:36.549] [out] [delivery_module] DBG 2026-10-04 14:14:36.549+02:00 Lookup query                               topics="kad-dht find" tid=5006374 peer=16U*TwqBiH
[2026-10-04 14:14:36.549] [out] [delivery_module] DBG 2026-10-04 14:14:36.549+02:00 Lookup query                               topics="kad-dht find" tid=5006374 peer=16U*oN8hgK
[2026-10-04 14:14:36.549] [out] [delivery_module] DBG 2026-10-04 14:14:36.549+02:00 Lookup query                               topics="kad-dht find" tid=5006374 peer=16U*iSrhve
[2026-10-04 14:14:36.549] [out] [delivery_module] DBG 2026-10-04 14:14:36.549+02:00 Lookup query                               topics="kad-dht find" tid=5006374 peer=16U*NSkuby
[2026-10-04 14:14:36.549] [out] [delivery_module] DBG 2026-10-04 14:14:36.549+02:00 Added service to discover                  topics="waku service discovery" tid=5006374 service=/mix/1.0.0
[2026-10-04 14:14:36.549] [out] [delivery_module] DBG 2026-10-04 14:14:36.549+02:00 Added provided service                     topics="service-disco advertiser" tid=5006374 service=/mix/1.0.0 serviceId=key:913B5C5DBE691438693215140388EC0C7DE80DE328BDE5BD7FC06F90568CEA40
[2026-10-04 14:14:36.550] [out] [delivery_module] DBG 2026-10-04 14:14:36.550+02:00 Added service to advertise                 topics="waku service discovery" tid=5006374 service=/mix/1.0.0
[2026-10-04 14:14:36.550] [out] [delivery_module] INF 2026-10-04 14:14:36.550+02:00 advertising this node as a mix node        topics="waku discovery advertise" tid=5006374 backend=service
[2026-10-04 14:14:36.550] [out] [delivery_module] INF 2026-10-04 14:14:36.550+02:00 Node is online                             topics="waku online monitor" tid=5006374
[2026-10-04 14:14:36.550] [out] [delivery_module] INF 2026-10-04 14:14:36.550+02:00 Health monitor loop start                  tid=5006374
[2026-10-04 14:14:36.551] [out] [delivery_module] DBG 2026-10-04 14:14:36.551+02:00 calculateConnectionState                   tid=5006374 relayCount=8 storeClientCount=6 lightpushCount=8 filterCount=8
[2026-10-04 14:14:36.551] [out] [delivery_module] DBG 2026-10-04 14:14:36.551+02:00 connectionStatus change                    tid=5006374 oldstatus=Disconnected newstatus=Connected
[2026-10-04 14:14:36.551] [out] [delivery_module] INF 2026-10-04 14:14:36.551+02:00 starting keepalive                         tid=5006374 randomPeersKeepalive=10s allPeersKeepalive=2m
[2026-10-04 14:14:36.551] [out] [delivery_module] DBG 2026-10-04 14:14:36.551+02:00 no listener registered                     tid=5006375 event=onTopicHealthChange
[2026-10-04 14:14:36.551] [out] [delivery_module] DBG 2026-10-04 14:14:36.551+02:00 no listener registered                     tid=5006375 event=onTopicHealthChange
[2026-10-04 14:14:36.551] [out] [delivery_module] DBG 2026-10-04 14:14:36.551+02:00 no listener registered                     tid=5006375 event=onTopicHealthChange
[2026-10-04 14:14:36.551] [out] [delivery_module] DBG 2026-10-04 14:14:36.551+02:00 no listener registered                     tid=5006375 event=onTopicHealthChange
[2026-10-04 14:14:36.551] [out] [delivery_module] DBG 2026-10-04 14:14:36.551+02:00 no listener registered                     tid=5006375 event=onTopicHealthChange
[2026-10-04 14:14:36.551] [out] [delivery_module] DBG 2026-10-04 14:14:36.551+02:00 no listener registered                     tid=5006375 event=onTopicHealthChange
[2026-10-04 14:14:36.551] [out] [delivery_module] DBG 2026-10-04 14:14:36.551+02:00 no listener registered                     tid=5006375 event=onTopicHealthChange
[2026-10-04 14:14:36.553] [out] [delivery_module] WRN 2026-10-04 14:14:36.553+02:00 Messaging persistence disabled, could not open persistency job tid=5006374 jobId=messaging reason="PersistencyError(peBackend: openBackend: open ~/Library/Application Support/Logos/LogosStandalone/module_data/delivery_module/5145dd8132c8/data/messaging.db failed: database is locked)"
[2026-10-04 14:14:36.615] [out] [delivery_module] DBG 2026-10-04 14:14:36.615+02:00 Lookup query                               topics="kad-dht find" tid=5006374 peer=16U*2pfeoX
[2026-10-04 14:14:36.615] [out] [delivery_module] DBG 2026-10-04 14:14:36.615+02:00 Lookup query                               topics="kad-dht find" tid=5006374 peer=16U*Tp1aUr
[2026-10-04 14:14:36.615] [out] [delivery_module] DBG 2026-10-04 14:14:36.615+02:00 Lookup query                               topics="kad-dht find" tid=5006374 peer=16U*CtL71W
[2026-10-04 14:14:36.654] [out] [delivery_module] DBG 2026-10-04 14:14:36.654+02:00 calculateConnectionState                   tid=5006374 relayCount=8 storeClientCount=6 lightpushCount=8 filterCount=8
[2026-10-04 14:14:36.684] [out] [delivery_module] DBG 2026-10-04 14:14:36.684+02:00 Lookup query                               topics="kad-dht find" tid=5006374 peer=16U*2pfeoX
[2026-10-04 14:14:36.684] [out] [delivery_module] DBG 2026-10-04 14:14:36.684+02:00 Lookup query                               topics="kad-dht find" tid=5006374 peer=16U*Tp1aUr
[2026-10-04 14:14:36.684] [out] [delivery_module] DBG 2026-10-04 14:14:36.684+02:00 Lookup query                               topics="kad-dht find" tid=5006374 peer=16U*CtL71W
[2026-10-04 14:14:36.685] [out] [delivery_module] DBG 2026-10-04 14:14:36.685+02:00 Lookup query                               topics="kad-dht find" tid=5006374 peer=16U*nEeDw3
[2026-10-04 14:14:36.697] [out] [delivery_module] DBG 2026-10-04 14:14:36.697+02:00 Lookup query                               topics="kad-dht find" tid=5006374 peer=16U*DYmd53
[2026-10-04 14:14:36.722] [out] [delivery_module] DBG 2026-10-04 14:14:36.722+02:00 Lookup query                               topics="kad-dht find" tid=5006374 peer=16U*UXrfAC
[2026-10-04 14:14:36.747] [out] [delivery_module] DBG 2026-10-04 14:14:36.747+02:00 Lookup query                               topics="kad-dht find" tid=5006374 peer=16U*DYmd53
[2026-10-04 14:14:36.757] [out] [delivery_module] DBG 2026-10-04 14:14:36.757+02:00 calculateConnectionState                   tid=5006374 relayCount=8 storeClientCount=6 lightpushCount=8 filterCount=8
[2026-10-04 14:14:36.776] [out] [delivery_module] DBG 2026-10-04 14:14:36.776+02:00 no listener registered                     tid=5006375 event=onTopicHealthChange
[2026-10-04 14:14:36.829] [out] [delivery_module] DBG 2026-10-04 14:14:36.829+02:00 Lookup query                               topics="kad-dht find" tid=5006374 peer=16U*UXrfAC
[2026-10-04 14:14:36.829] [out] [delivery_module] DBG 2026-10-04 14:14:36.829+02:00 Lookup query                               topics="kad-dht find" tid=5006374 peer=16U*CtL71W
[2026-10-04 14:14:36.829] [out] [delivery_module] DBG 2026-10-04 14:14:36.829+02:00 Lookup query                               topics="kad-dht find" tid=5006374 peer=16U*nEeDw3
[2026-10-04 14:14:36.834] [out] [delivery_module] DBG 2026-10-04 14:14:36.834+02:00 Lookup query                               topics="kad-dht find" tid=5006374 peer=16U*DYmd53
[2026-10-04 14:14:36.860] [out] [delivery_module] DBG 2026-10-04 14:14:36.860+02:00 calculateConnectionState                   tid=5006374 relayCount=8 storeClientCount=6 lightpushCount=8 filterCount=8
[2026-10-04 14:14:36.876] [out] [delivery_module] DBG 2026-10-04 14:14:36.876+02:00 Lookup query                               topics="kad-dht find" tid=5006374 peer=16U*nEeDw3
[2026-10-04 14:14:36.876] [out] [delivery_module] DBG 2026-10-04 14:14:36.876+02:00 Lookup query                               topics="kad-dht find" tid=5006374 peer=16U*UXrfAC
[2026-10-04 14:14:37.059] [out] [delivery_module] DBG 2026-10-04 14:14:37.059+02:00 Lookup query                               topics="kad-dht find" tid=5006374 peer=16U*2pfeoX
[2026-10-04 14:14:37.059] [out] [delivery_module] DBG 2026-10-04 14:14:37.059+02:00 Lookup query                               topics="kad-dht find" tid=5006374 peer=16U*Tp1aUr
[2026-10-04 14:14:37.293] [out] [delivery_module] DBG 2026-10-04 14:14:37.293+02:00 Dialing failed                             topics="libp2p dialer" tid=5006374 description="quic dial timed out after 3s" peerId=16U*2pfeoX address=/ip4/192.168.68.53/udp/16011/quic-v1 hostname=192.168.68.53
[2026-10-04 14:14:37.293] [out] [delivery_module] DBG 2026-10-04 14:14:37.293+02:00 Dialing failed                             topics="libp2p dialer" tid=5006374 description="quic dial timed out after 3s" peerId=16U*Tp1aUr address=/ip4/172.20.10.14/udp/58501/quic-v1 hostname=172.20.10.14
[2026-10-04 14:14:37.294] [out] [delivery_module] DBG 2026-10-04 14:14:37.293+02:00 Expanded address and hostname              topics="libp2p dialer" tid=5006374 expandedAddress=/ip4/192.168.68.53/tcp/27431 hostname=192.168.68.53 resolvedAddresses="[/ip4/192.168.68.53/tcp/27431]"
[2026-10-04 14:14:37.294] [out] [delivery_module] DBG 2026-10-04 14:14:37.294+02:00 Expanded address and hostname              topics="libp2p dialer" tid=5006374 expandedAddress=/ip4/172.20.10.14/tcp/56317 hostname=172.20.10.14 resolvedAddresses="[/ip4/172.20.10.14/tcp/56317]"
[2026-10-04 14:14:37.296] [out] [delivery_module] DBG 2026-10-04 14:14:37.295+02:00 Dialing failed                             topics="libp2p dialer" tid=5006374 description="quic dial timed out after 3s" peerId=16U*CtL71W address=/ip4/172.20.10.14/udp/63678/quic-v1 hostname=172.20.10.14
[2026-10-04 14:14:37.296] [out] [delivery_module] DBG 2026-10-04 14:14:37.296+02:00 Expanded address and hostname              topics="libp2p dialer" tid=5006374 expandedAddress=/ip4/172.20.10.14/tcp/56316 hostname=172.20.10.14 resolvedAddresses="[/ip4/172.20.10.14/tcp/56316]"
[2026-10-04 14:14:37.296] [out] [delivery_module] DBG 2026-10-04 14:14:37.296+02:00 Dialing failed                             topics="libp2p dialer" tid=5006374 description="TcpTransport dial error: (61) Connection refused" peerId=16U*Tp1aUr address=/ip4/172.20.10.14/tcp/56317 hostname=172.20.10.14
[2026-10-04 14:14:37.296] [out] [delivery_module] DBG 2026-10-04 14:14:37.296+02:00 Dialing failed                             topics="libp2p dialer" tid=5006374 description="quic dial timed out after 3s" peerId=16U*nEeDw3 address=/ip4/172.20.10.14/udp/53503/quic-v1 hostname=172.20.10.14
[2026-10-04 14:14:37.297] [out] [delivery_module] DBG 2026-10-04 14:14:37.296+02:00 Dialing failed                             topics="libp2p dialer" tid=5006374 description="quic dial timed out after 3s" peerId=16U*DYmd53 address=/ip4/172.20.10.14/udp/55608/quic-v1 hostname=172.20.10.14
[2026-10-04 14:14:37.297] [out] [delivery_module] DBG 2026-10-04 14:14:37.297+02:00 Expanded address and hostname              topics="libp2p dialer" tid=5006374 expandedAddress=/ip4/172.20.10.14/tcp/63850 hostname=172.20.10.14 resolvedAddresses="[/ip4/172.20.10.14/tcp/63850]"
[2026-10-04 14:14:37.297] [out] [delivery_module] DBG 2026-10-04 14:14:37.297+02:00 Expanded address and hostname              topics="libp2p dialer" tid=5006374 expandedAddress=/ip4/172.20.10.14/tcp/57329 hostname=172.20.10.14 resolvedAddresses="[/ip4/172.20.10.14/tcp/57329]"
[2026-10-04 14:14:37.297] [out] [delivery_module] DBG 2026-10-04 14:14:37.297+02:00 Error dialing                              topics="libp2p dialer" tid=5006374 conn=nil peerId=16U*Tp1aUr protos="[/logos/service-discovery/1.0.0]" addrs="[/ip4/172.20.10.14/udp/58501/quic-v1, /ip4/172.20.10.14/tcp/56317]" description="Unable to establish outgoing link in establishConnection: peer_id=16U*Tp1aUr addrs=@[/ip4/172.20.10.14/udp/58501/quic-v1, /ip4/172.20.10.14/tcp/56317]"
[2026-10-04 14:14:37.297] [out] [delivery_module] DBG 2026-10-04 14:14:37.297+02:00 Dialing failed                             topics="libp2p dialer" tid=5006374 description="TcpTransport dial error: (61) Connection refused" peerId=16U*CtL71W address=/ip4/172.20.10.14/tcp/56316 hostname=172.20.10.14
[2026-10-04 14:14:37.297] [out] [delivery_module] DBG 2026-10-04 14:14:37.297+02:00 Dialing peer                               topics="libp2p dialer" tid=5006374 peerId=16U*Tp1aUr addrs="[/ip4/172.20.10.14/udp/58501/quic-v1, /ip4/172.20.10.14/tcp/56317]"
[2026-10-04 14:14:37.298] [out] [delivery_module] DBG 2026-10-04 14:14:37.297+02:00 Expanded address and hostname              topics="libp2p dialer" tid=5006374 expandedAddress=/ip4/172.20.10.14/udp/58501/quic-v1 hostname=172.20.10.14 resolvedAddresses="[/ip4/172.20.10.14/udp/58501/quic-v1]"
[2026-10-04 14:14:37.298] [out] [delivery_module] DBG 2026-10-04 14:14:37.298+02:00 New connection established: client         tid=5006374
[2026-10-04 14:14:37.298] [out] [delivery_module] DBG 2026-10-04 14:14:37.298+02:00 Error dialing                              topics="libp2p dialer" tid=5006374 conn=nil peerId=16U*CtL71W protos="[/logos/service-discovery/1.0.0]" addrs="[/ip4/172.20.10.14/udp/63678/quic-v1, /ip4/172.20.10.14/tcp/56316]" description="Unable to establish outgoing link in establishConnection: peer_id=16U*CtL71W addrs=@[/ip4/172.20.10.14/udp/63678/quic-v1, /ip4/172.20.10.14/tcp/56316]"
[2026-10-04 14:14:37.298] [out] [delivery_module] DBG 2026-10-04 14:14:37.298+02:00 Dialing failed                             topics="libp2p dialer" tid=5006374 description="TcpTransport dial error: (61) Connection refused" peerId=16U*nEeDw3 address=/ip4/172.20.10.14/tcp/63850 hostname=172.20.10.14
[2026-10-04 14:14:37.298] [out] [delivery_module] DBG 2026-10-04 14:14:37.298+02:00 Dialing failed                             topics="libp2p dialer" tid=5006374 description="TcpTransport dial error: (61) Connection refused" peerId=16U*DYmd53 address=/ip4/172.20.10.14/tcp/57329 hostname=172.20.10.14
[2026-10-04 14:14:37.299] [out] [delivery_module] DBG 2026-10-04 14:14:37.298+02:00 Dialing peer                               topics="libp2p dialer" tid=5006374 peerId=16U*CtL71W addrs="[/ip4/172.20.10.14/udp/63678/quic-v1, /ip4/172.20.10.14/tcp/56316]"
[2026-10-04 14:14:37.299] [out] [delivery_module] DBG 2026-10-04 14:14:37.299+02:00 Expanded address and hostname              topics="libp2p dialer" tid=5006374 expandedAddress=/ip4/172.20.10.14/udp/63678/quic-v1 hostname=172.20.10.14 resolvedAddresses="[/ip4/172.20.10.14/udp/63678/quic-v1]"
[2026-10-04 14:14:37.299] [out] [delivery_module] DBG 2026-10-04 14:14:37.299+02:00 New connection established: client         tid=5006374
[2026-10-04 14:14:37.299] [out] [delivery_module] DBG 2026-10-04 14:14:37.299+02:00 Error dialing                              topics="libp2p dialer" tid=5006374 conn=nil peerId=16U*nEeDw3 protos="[/logos/service-discovery/1.0.0]" addrs="[/ip4/172.20.10.14/udp/53503/quic-v1, /ip4/172.20.10.14/tcp/63850]" description="Unable to establish outgoing link in establishConnection: peer_id=16U*nEeDw3 addrs=@[/ip4/172.20.10.14/udp/53503/quic-v1, /ip4/172.20.10.14/tcp/63850]"
[2026-10-04 14:14:37.299] [out] [delivery_module] DBG 2026-10-04 14:14:37.299+02:00 Error dialing                              topics="libp2p dialer" tid=5006374 conn=nil peerId=16U*DYmd53 protos="[/logos/service-discovery/1.0.0]" addrs="[/ip4/172.20.10.14/udp/55608/quic-v1, /ip4/172.20.10.14/tcp/57329]" description="Unable to establish outgoing link in establishConnection: peer_id=16U*DYmd53 addrs=@[/ip4/172.20.10.14/udp/55608/quic-v1, /ip4/172.20.10.14/tcp/57329]"
[2026-10-04 14:14:37.299] [out] [delivery_module] DBG 2026-10-04 14:14:37.299+02:00 Dialing peer                               topics="libp2p dialer" tid=5006374 peerId=16U*nEeDw3 addrs="[/ip4/172.20.10.14/udp/53503/quic-v1, /ip4/172.20.10.14/tcp/63850]"
[2026-10-04 14:14:37.299] [out] [delivery_module] DBG 2026-10-04 14:14:37.299+02:00 Expanded address and hostname              topics="libp2p dialer" tid=5006374 expandedAddress=/ip4/172.20.10.14/udp/53503/quic-v1 hostname=172.20.10.14 resolvedAddresses="[/ip4/172.20.10.14/udp/53503/quic-v1]"
[2026-10-04 14:14:37.299] [out] [delivery_module] DBG 2026-10-04 14:14:37.299+02:00 New connection established: client         tid=5006374
[2026-10-04 14:14:37.300] [out] [delivery_module] DBG 2026-10-04 14:14:37.300+02:00 Dialing peer                               topics="libp2p dialer" tid=5006374 peerId=16U*DYmd53 addrs="[/ip4/172.20.10.14/udp/55608/quic-v1, /ip4/172.20.10.14/tcp/57329]"
[2026-10-04 14:14:37.300] [out] [delivery_module] DBG 2026-10-04 14:14:37.300+02:00 Expanded address and hostname              topics="libp2p dialer" tid=5006374 expandedAddress=/ip4/172.20.10.14/udp/55608/quic-v1 hostname=172.20.10.14 resolvedAddresses="[/ip4/172.20.10.14/udp/55608/quic-v1]"
[2026-10-04 14:14:37.300] [out] [delivery_module] DBG 2026-10-04 14:14:37.300+02:00 New connection established: client         tid=5006374
[2026-10-04 14:14:37.496] [out] [delivery_module] INF 2026-10-04 14:14:37.496+02:00 Message received                           tid=5006374 msg_hash=0x5967d3a9876f246994eb1d5281fa87901507bbd4bdfb2e5a353962c83bf9a552 contentTopic=/lp0026forum/1/general/text pubsubTopic=/waku/2/rs/3/7 source=live
[QmlInspector] Client disconnected
