run-logos-standalone-ui: hot-reloading QML from <repo>/src/qml
  (export DEV_QML_PATH to override, or LOGOS_QML_HOT_RELOAD=0 to disable)
Session directory: "~/Library/Application Support/Logos/LogosStandalone"
[2026-10-06 15:16:24.491] [info] [logos] Granting host services to 'capability_module': token_registry,token_delivery
[2026-10-06 15:16:24.525] [out] [capability_module] [2026-10-06 15:16:24.525] [info] Granting host services to capability_module: ["token_registry","token_delivery"]
RemoteTransportConnection: Connecting to registry: "local:logos_capability_module_222689b54ce6" at "15:16:24.530"
RemoteTransportConnection: Registry connect attempt started (no peer contact yet): "local:logos_capability_module_222689b54ce6"
LogosAPIConsumer: Informing module token for module: "capability_module" with token: "redacted:da28a6db…"
RemoteTransportConnection: Requesting object: "capability_module" at "15:16:24.532"
[LogosObject] RemoteTransportConnection: returning RemoteLogosObject for: "capability_module"
[LogosObject] Created RemoteLogosObject wrapping QRemoteObjectReplica 105553129082240
[LogosObject] LogosAPIConsumer: calling LogosObject::informModuleToken for "capability_module"
LogosAPIConsumer: informModuleToken completed with result: true
[LogosObject] Destroying RemoteLogosObject 0
[2026-10-06 15:16:24.557] [info] [logos] Module loaded: capability_module
LogosAPIConsumer: Informing module token for module: "modules_state" with token: "redacted:7f4d7b95…"
RemoteTransportConnection: Requesting object: "capability_module" at "15:16:24.586"
[LogosObject] RemoteTransportConnection: returning RemoteLogosObject for: "capability_module"
[LogosObject] Created RemoteLogosObject wrapping QRemoteObjectReplica 105553129131648
[LogosObject] LogosAPIConsumer: calling LogosObject::informModuleToken for "modules_state"
LogosAPIConsumer: informModuleToken completed with result: true
[LogosObject] Destroying RemoteLogosObject 0
[2026-10-06 15:16:24.586] [info] [logos] Module loaded: modules_state
RemoteTransportConnection: Connecting to registry: "local:logos_modules_state_222689b54ce6" at "15:16:24.587"
RemoteTransportConnection: Registry connect attempt started (no peer contact yet): "local:logos_modules_state_222689b54ce6"
RemoteTransportConnection: Connecting to registry: "local:logos_capability_module_222689b54ce6" at "15:16:24.587"
RemoteTransportConnection: Registry connect attempt started (no peer contact yet): "local:logos_capability_module_222689b54ce6"
LogosAPIConsumer: '"modules_state"::""' deferred pending the module becoming reachable
LogosAPIConsumer: '"modules_state"::""' deferred pending the module becoming reachable
Logos Core started (modules dir: "/nix/store/4v2cj5cr5dlsjb9cl0blr0cds0qf07iv-logos-forum_module-plugin-dir-modules" )
Set app icon from metadata: "/nix/store/agx6s2sv529a79k6ic56nwp05smklvis-logos-forum_module-plugin-dir/src/icons/icon.png"
[2026-10-06 15:16:24.637] [info] [logos] [delivery_module] DeliveryModuleImpl: Initializing...
LogosAPIConsumer: Informing module token for module: "delivery_module" with token: "redacted:b2098d9c…"
RemoteTransportConnection: Requesting object: "capability_module" at "15:16:24.639"
[LogosObject] RemoteTransportConnection: returning RemoteLogosObject for: "capability_module"
[LogosObject] Created RemoteLogosObject wrapping QRemoteObjectReplica 105553129125344
[LogosObject] LogosAPIConsumer: calling LogosObject::informModuleToken for "delivery_module"
LogosAPIConsumer: informModuleToken completed with result: true
[LogosObject] Destroying RemoteLogosObject 0
[2026-10-06 15:16:24.639] [info] [logos] Module loaded: delivery_module
RemoteTransportConnection: Connecting to registry: "local:logos_delivery_module_222689b54ce6" at "15:16:24.639"
RemoteTransportConnection: Registry connect attempt started (no peer contact yet): "local:logos_delivery_module_222689b54ce6"
RemoteTransportConnection: Connecting to registry: "local:logos_capability_module_222689b54ce6" at "15:16:24.639"
RemoteTransportConnection: Registry connect attempt started (no peer contact yet): "local:logos_capability_module_222689b54ce6"
LogosAPIConsumer: '"delivery_module"::""' deferred pending the module becoming reachable
LogosAPIClient: getToken for module: "modules_state"
LogosAPIClient: Found token for module: "modules_state"
RemoteTransportConnection: Requesting object: "modules_state" at "15:16:24.640"
[LogosObject] RemoteTransportConnection: returning RemoteLogosObject for: "modules_state"
[LogosObject] Created RemoteLogosObject wrapping QRemoteObjectReplica 105553129127136
[LogosObject] LogosAPIConsumer: async calling via LogosObject::callMethodAsync "note_transition"
[LogosObject] RemoteLogosObject::callMethodAsync "note_transition" args: 7
LogosAPIClient: getToken for module: "modules_state"
LogosAPIClient: Found token for module: "modules_state"
[LogosObject] LogosAPIConsumer: async calling via LogosObject::callMethodAsync "note_transition"
[LogosObject] RemoteLogosObject::callMethodAsync "note_transition" args: 7
Loaded dependency (with transitive deps): "delivery_module"
[2026-10-06 15:16:24.671] [info] [logos] [storage_module] StorageModuleImpl: Initializing...
LogosAPIConsumer: Informing module token for module: "storage_module" with token: "redacted:cc93c8f0…"
RemoteTransportConnection: Requesting object: "capability_module" at "15:16:24.672"
[LogosObject] Created RemoteLogosObject wrapping QRemoteObjectReplica 105553129131584
LogosAPIClient: invoking remote method "modules_state" "apply_snapshot" args_count: 1
LogosAPIClient: getToken for module: "modules_state"
LogosAPIClient: Found token for module: "modules_state"
LogosAPIConsumer: Calling invokeRemoteMethod: "modules_state" "apply_snapshot" args_count: 1 timeout: 20000
[LogosObject] LogosAPIConsumer: calling via LogosObject::callMethod "apply_snapshot"
[LogosObject] RemoteLogosObject::callMethod "apply_snapshot" args: 1
[LogosObject] Created RemoteLogosObject wrapping QRemoteObjectReplica 105553129126912
LogosAPIClient: getToken for module: "modules_state"
LogosAPIClient: Found token for module: "modules_state"
[LogosObject] LogosAPIConsumer: async calling via LogosObject::callMethodAsync "note_transition"
[LogosObject] RemoteLogosObject::callMethodAsync "note_transition" args: 7
LogosAPIClient: getToken for module: "modules_state"
LogosAPIClient: Found token for module: "modules_state"
[LogosObject] LogosAPIConsumer: async calling via LogosObject::callMethodAsync "note_transition"
[LogosObject] RemoteLogosObject::callMethodAsync "note_transition" args: 7
[2026-10-06 15:16:24.673] [info] [logos] Pushed module snapshot to modules_state
LogosAPIClient: getToken for module: "modules_state"
LogosAPIClient: Found token for module: "modules_state"
[LogosObject] LogosAPIConsumer: async calling via LogosObject::callMethodAsync "note_transition"
[LogosObject] RemoteLogosObject::callMethodAsync "note_transition" args: 7
[LogosObject] RemoteTransportConnection: returning RemoteLogosObject for: "capability_module"
[LogosObject] Created RemoteLogosObject wrapping QRemoteObjectReplica 105553129161568
[LogosObject] LogosAPIConsumer: calling LogosObject::informModuleToken for "storage_module"
LogosAPIConsumer: informModuleToken completed with result: true
[LogosObject] Destroying RemoteLogosObject 0
[2026-10-06 15:16:24.673] [info] [logos] Module loaded: storage_module
RemoteTransportConnection: Connecting to registry: "local:logos_storage_module_222689b54ce6" at "15:16:24.674"
RemoteTransportConnection: Registry connect attempt started (no peer contact yet): "local:logos_storage_module_222689b54ce6"
RemoteTransportConnection: Connecting to registry: "local:logos_capability_module_222689b54ce6" at "15:16:24.674"
RemoteTransportConnection: Registry connect attempt started (no peer contact yet): "local:logos_capability_module_222689b54ce6"
LogosAPIConsumer: '"storage_module"::""' deferred pending the module becoming reachable
LogosAPIClient: getToken for module: "modules_state"
LogosAPIClient: Found token for module: "modules_state"
[LogosObject] LogosAPIConsumer: async calling via LogosObject::callMethodAsync "note_transition"
[LogosObject] RemoteLogosObject::callMethodAsync "note_transition" args: 7
Loaded dependency (with transitive deps): "storage_module"
DEV_QML_PATH override active: <repo>/src/qml/Main.qml
RemoteTransportConnection: Connecting to registry: "local:logos_capability_module_222689b54ce6" at "15:16:24.674"
RemoteTransportConnection: Registry connect attempt started (no peer contact yet): "local:logos_capability_module_222689b54ce6"
LogosAPIConsumer: Informing module token for module: "forum_module" with token: "redacted:e9f97fac…"
RemoteTransportConnection: Requesting object: "capability_module" at "15:16:24.674"
[LogosObject] RemoteTransportConnection: returning RemoteLogosObject for: "capability_module"
[LogosObject] Created RemoteLogosObject wrapping QRemoteObjectReplica 105553129139648
[LogosObject] LogosAPIConsumer: calling LogosObject::informModuleToken for "forum_module"
[LogosObject] Created RemoteLogosObject wrapping QRemoteObjectReplica 105553129162272
LogosAPIClient: getToken for module: "modules_state"
LogosAPIClient: Found token for module: "modules_state"
[LogosObject] LogosAPIConsumer: async calling via LogosObject::callMethodAsync "note_transition"
[LogosObject] RemoteLogosObject::callMethodAsync "note_transition" args: 7
LogosAPIConsumer: informModuleToken completed with result: true
[LogosObject] Destroying RemoteLogosObject 0
Loaded UI plugin: "/nix/store/agx6s2sv529a79k6ic56nwp05smklvis-logos-forum_module-plugin-dir"
[QmlInspector] Inspector server listening on port 3768
[QmlInspector] Client connected from "::1"
[2026-10-06 15:16:30.715] [warning] [logos] [capability_module] Warning: QObject::connect: No such signal ::eventResponse(QString,QVariantList)
[2026-10-06 15:16:30.717] [info] [logos] [delivery_module] DeliveryModuleImpl::getNodeInfo called with nodeInfoId: MyPeerId
[2026-10-06 15:16:30.717] [info] [logos] [delivery_module] DeliveryModuleImpl: Cannot get node info - context not initialized. Call createNode first.
[2026-10-06 15:16:30.717] [info] [logos] [delivery_module] DeliveryModuleImpl::createNode called
[2026-10-06 15:16:30.765] [info] [logos] [delivery_module] DeliveryModuleImpl: Waiting for createNode callback...
[2026-10-06 15:16:30.771] [out] [delivery_module] DBG 2026-10-06 15:16:30.770+02:00 Whether to mount storeSync is not specified, defaulting to not mounting topics="waku conf builder" tid=17471546
[2026-10-06 15:16:30.771] [out] [delivery_module] NTC 2026-10-06 15:16:30.771+02:00 No node key provided, generated a new one; identity will not persist across restarts topics="waku conf builder" tid=17471546
[2026-10-06 15:16:30.771] [out] [delivery_module] INF 2026-10-06 15:16:30.771+02:00 Sharding configuration:                    topics="waku conf builder" tid=17471546 shardingConf="(kind: AutoSharding, numShardsInCluster: 8)" subscribeShards="@[0, 1, 2, 3, 4, 5, 6, 7]"
[2026-10-06 15:16:30.772] [out] [delivery_module] INF 2026-10-06 15:16:30.772+02:00 Configuration: Enabled protocols           topics="waku conf" tid=17471546 relay=true rlnRelay=false store=false filter=true lightPush=true peerExchange=true rendezvous=true
[2026-10-06 15:16:30.772] [out] [delivery_module] INF 2026-10-06 15:16:30.772+02:00 Configuration. Network                     topics="waku conf" tid=17471546 cluster=3
[2026-10-06 15:16:30.772] [out] [delivery_module] DBG 2026-10-06 15:16:30.772+02:00 Configuration. Active Relay Shards         topics="waku conf" tid=17471546 shard=0
[2026-10-06 15:16:30.772] [out] [delivery_module] DBG 2026-10-06 15:16:30.772+02:00 Configuration. Active Relay Shards         topics="waku conf" tid=17471546 shard=1
[2026-10-06 15:16:30.772] [out] [delivery_module] DBG 2026-10-06 15:16:30.772+02:00 Configuration. Active Relay Shards         topics="waku conf" tid=17471546 shard=2
[2026-10-06 15:16:30.772] [out] [delivery_module] DBG 2026-10-06 15:16:30.772+02:00 Configuration. Active Relay Shards         topics="waku conf" tid=17471546 shard=3
[2026-10-06 15:16:30.772] [out] [delivery_module] DBG 2026-10-06 15:16:30.772+02:00 Configuration. Active Relay Shards         topics="waku conf" tid=17471546 shard=4
[2026-10-06 15:16:30.772] [out] [delivery_module] DBG 2026-10-06 15:16:30.772+02:00 Configuration. Active Relay Shards         topics="waku conf" tid=17471546 shard=5
[2026-10-06 15:16:30.772] [out] [delivery_module] DBG 2026-10-06 15:16:30.772+02:00 Configuration. Active Relay Shards         topics="waku conf" tid=17471546 shard=6
[2026-10-06 15:16:30.772] [out] [delivery_module] DBG 2026-10-06 15:16:30.772+02:00 Configuration. Active Relay Shards         topics="waku conf" tid=17471546 shard=7
[2026-10-06 15:16:30.772] [out] [delivery_module] INF 2026-10-06 15:16:30.772+02:00 Setting up storage                         tid=17471546
[2026-10-06 15:16:30.772] [out] [delivery_module] INF 2026-10-06 15:16:30.772+02:00 Initializing node                          tid=17471546
[2026-10-06 15:16:30.773] [out] [delivery_module] DBG 2026-10-06 15:16:30.773+02:00 Setting up NATService                      topics="libp2p natservice" tid=17471546 portMapping=true reachability=false holePunching=false
[2026-10-06 15:16:30.774] [out] [delivery_module] INF 2026-10-06 15:16:30.774+02:00 Initializing networking                    tid=17471546 addrs="@[/ip4/0.0.0.0/tcp/0, /ip4/0.0.0.0/udp/0/quic-v1]"
[2026-10-06 15:16:30.774] [out] [delivery_module] INF 2026-10-06 15:16:30.774+02:00 Mounting protocols                         tid=17471546
[2026-10-06 15:16:30.774] [out] [delivery_module] INF 2026-10-06 15:16:30.774+02:00 Created WakuMetadata protocol              topics="waku node" tid=17471546 clusterId=3 shards="[0, 1, 2, 3, 4, 5, 6, 7]"
[2026-10-06 15:16:30.774] [out] [delivery_module] INF 2026-10-06 15:16:30.774+02:00 Mounting mix protocol                      topics="waku node" tid=17471546INF 2026-10-06 15:16:30.774+02:00 node info                                  topics="waku node" tid=17471546 wakuInfo="(listenAddresses: [/ip4/0.0.0.0/tcp/0/p2p/16Uiu2HAmQauDAKFWE9rB6Ar4BqWEjuUvfBa6jWkkFNEEB5axMHGL, /ip4/0.0.0.0/udp/0/quic-v1/p2p/16Uiu2HAmQauDAKFWE9rB6Ar4BqWEjuUvfBa6jWkkFNEEB5axMHGL], enrUri: enr:-JO4QPF1BK3zQ4Id6EeN5A44k6KIfhLt6croEonS3VTX0TnQO8uysHeXNnX6_JfNoOq124jdoV4Zy2p1isxggLZYROEBgmlkgnY0gnJzkwADCAAAAAEAAgADAAQABQAGAAeJc2VjcDI1NmsxoQOxQBufO0xUrJZ7wTqxeQuHcw4ilczU2T0xzSKHxqKN6YV3YWt1Mi0, mixPubKey: none())"
[2026-10-06 15:16:30.774] [out] [delivery_module]  nodeId="(listenAddresses: [/ip4/0.0.0.0/tcp/0/p2p/16Uiu2HAmQauDAKFWE9rB6Ar4BqWEjuUvfBa6jWkkFNEEB5axMHGL, /ip4/0.0.0.0/udp/0/quic-v1/p2p/16Uiu2HAmQauDAKFWE9rB6Ar4BqWEjuUvfBa6jWkkFNEEB5axMHGL], enrUri: enr:-JO4QPF1BK3zQ4Id6EeN5A44k6KIfhLt6croEonS3VTX0TnQO8uysHeXNnX6_JfNoOq124jdoV4Zy2p1isxggLZYROEBgmlkgnY0gnJzkwADCAAAAAEAAgADAAQABQAGAAeJc2VjcDI1NmsxoQOxQBufO0xUrJZ7wTqxeQuHcw4ilczU2T0xzSKHxqKN6YV3YWt1Mi0, mixPubKey: none())"
[2026-10-06 15:16:30.774] [out] [delivery_module] INF 2026-10-06 15:16:30.774+02:00 local addr                                 topics="waku node" tid=17471546 localaddr=/ip4/0.0.0.0/tcp/0
[2026-10-06 15:16:30.774] [out] [delivery_module] INF 2026-10-06 15:16:30.774+02:00 mixPubKey                                  topics="waku node" tid=17471546 mixPubKey="[65, 143, 104, 152, 204, 5, 118, 165, 66, 161, 134, 113, 77, 152, 249, 50, 162, 123, 229, 92, 254, 0, 142, 56, 91, 116, 50, 177, 155, 248, 19, 5]"
[2026-10-06 15:16:30.775] [out] [delivery_module] INF 2026-10-06 15:16:30.775+02:00 Using mix bootstrap nodes                  topics="waku mix" tid=17471546 entries=0 poolSize=0
[2026-10-06 15:16:30.775] [out] [delivery_module] INF 2026-10-06 15:16:30.775+02:00 Mix cannot publish yet, waiting for more mix nodes topics="waku node" tid=17471546 poolSize=0 required=4
[2026-10-06 15:16:30.777] [out] [delivery_module] INF 2026-10-06 15:16:30.777+02:00 mounting store client                      topics="waku node store api" tid=17471546
[2026-10-06 15:16:30.777] [out] [delivery_module] INF 2026-10-06 15:16:30.777+02:00 Mounting auto sharding                     topics="waku node" tid=17471546 clusterId=3 shardCount=8
[2026-10-06 15:16:30.777] [out] [delivery_module] DBG 2026-10-06 15:16:30.777+02:00 Shards created from content topics         tid=17471546 contentTopics=[] shards=[]
[2026-10-06 15:16:30.777] [out] [delivery_module] DBG 2026-10-06 15:16:30.777+02:00 Setting max message size                   tid=17471546 num_bytes=153600
[2026-10-06 15:16:30.777] [out] [delivery_module] INF 2026-10-06 15:16:30.777+02:00 mounting relay protocol                    topics="waku node relay api" tid=17471546
[2026-10-06 15:16:30.777] [out] [delivery_module] DBG 2026-10-06 15:16:30.777+02:00 relay mounted successfully                 topics="waku node relay api" tid=17471546
[2026-10-06 15:16:30.777] [out] [delivery_module] DBG 2026-10-06 15:16:30.777+02:00 Adding validator to signed shards          tid=17471546 protectedShards=[] clusterId=3
[2026-10-06 15:16:30.778] [out] [delivery_module] INF 2026-10-06 15:16:30.778+02:00 Mounting rendezvous discovery protocol     topics="waku node" tid=17471546
[2026-10-06 15:16:30.778] [out] [delivery_module] INF 2026-10-06 15:16:30.778+02:00 Waku rendezvous initialized                topics="waku node" tid=17471546 clusterId=3 shards="[0, 1, 2, 3, 4, 5, 6, 7]" capabilities="[Relay, Filter, Lightpush, Mix]" wakuPeerRecord="(peerId: 16U*axMHGL, seqNo: 1791292590, addresses: [/ip4/0.0.0.0/tcp/0, /ip4/0.0.0.0/udp/0/quic-v1], mixKey: 0x418f6898cc0576a542a186714d98f932a27be55cfe008e385b7432b19bf81305)"
[2026-10-06 15:16:30.778] [out] [delivery_module] INF 2026-10-06 15:16:30.778+02:00 Mounting rendezvous client                 topics="waku node" tid=17471546
[2026-10-06 15:16:30.778] [out] [delivery_module] INF 2026-10-06 15:16:30.778+02:00 Waku rendezvous client initialized         topics="waku node" tid=17471546 clusterId=3
[2026-10-06 15:16:30.778] [out] [delivery_module] INF 2026-10-06 15:16:30.778+02:00 mounting libp2p ping protocol              topics="waku node ping api" tid=17471546
[2026-10-06 15:16:30.778] [out] [delivery_module] INF 2026-10-06 15:16:30.778+02:00 mounting light push                        topics="waku node lightpush api" tid=17471546
[2026-10-06 15:16:30.778] [out] [delivery_module] INF 2026-10-06 15:16:30.778+02:00 mounting lightpush with relay              topics="waku node lightpush api" tid=17471546
[2026-10-06 15:16:30.778] [out] [delivery_module] DBG 2026-10-06 15:16:30.778+02:00 lightpush mounted successfully             topics="waku node lightpush api" tid=17471546
[2026-10-06 15:16:30.778] [out] [delivery_module] INF 2026-10-06 15:16:30.778+02:00 mounting legacy light push                 topics="waku node lightpush api" tid=17471546
[2026-10-06 15:16:30.778] [out] [delivery_module] INF 2026-10-06 15:16:30.778+02:00 mounting legacy lightpush with relay       topics="waku node lightpush api" tid=17471546
[2026-10-06 15:16:30.778] [out] [delivery_module] DBG 2026-10-06 15:16:30.778+02:00 legacy lightpush mounted successfully      topics="waku node lightpush api" tid=17471546
[2026-10-06 15:16:30.778] [out] [delivery_module] INF 2026-10-06 15:16:30.778+02:00 mounting light push client                 topics="waku node lightpush api" tid=17471546
[2026-10-06 15:16:30.778] [out] [delivery_module] INF 2026-10-06 15:16:30.778+02:00 mounting legacy light push client          topics="waku node lightpush api" tid=17471546
[2026-10-06 15:16:30.778] [out] [delivery_module] INF 2026-10-06 15:16:30.778+02:00 mounting filter protocol                   topics="waku node filter api" tid=17471546
[2026-10-06 15:16:30.778] [out] [delivery_module] INF 2026-10-06 15:16:30.778+02:00 Starting filter protocol                   topics="waku filter" tid=17471546
[2026-10-06 15:16:30.778] [out] [delivery_module] DBG 2026-10-06 15:16:30.778+02:00 Starting to maintain subscriptions         topics="waku filter" tid=17471546
[2026-10-06 15:16:30.778] [out] [delivery_module] DBG 2026-10-06 15:16:30.778+02:00 Maintaining subscriptions                  topics="waku filter" tid=17471546
[2026-10-06 15:16:30.778] [out] [delivery_module] DBG 2026-10-06 15:16:30.778+02:00 Cleanup                                    topics="waku filter subscriptions" tid=17471546 currentPeerIds=[]
[2026-10-06 15:16:30.778] [out] [delivery_module] DBG 2026-10-06 15:16:30.778+02:00 After cleanup                              topics="waku filter subscriptions" tid=17471546 currentPeerIds=[]
[2026-10-06 15:16:30.778] [out] [delivery_module] INF 2026-10-06 15:16:30.778+02:00 mounting filter client                     topics="waku node filter api" tid=17471546
[2026-10-06 15:16:30.778] [out] [delivery_module] INF 2026-10-06 15:16:30.778+02:00 mounting waku peer exchange                topics="waku node peerexchange api" tid=17471546
[2026-10-06 15:16:30.778] [out] [delivery_module] INF 2026-10-06 15:16:30.778+02:00 mounting waku peer exchange client         topics="waku node peerexchange api" tid=17471546
[2026-10-06 15:16:30.778] [out] [delivery_module] INF 2026-10-06 15:16:30.778+02:00 No external callbacks to be set            topics="wakunode waku" tid=17471546
[2026-10-06 15:16:30.778] [out] [delivery_module] INF 2026-10-06 15:16:30.778+02:00 Setting up AutonatService                  topics="libp2p autonatservice" tid=17471546
[2026-10-06 15:16:30.779] [info] [logos] [delivery_module] DeliveryModuleImpl::createNode callback called with ret: 0
[2026-10-06 15:16:30.781] [info] [logos] [delivery_module] DeliveryModuleImpl: Delivery context created successfully
[2026-10-06 15:16:30.782] [info] [logos] [delivery_module] DeliveryModuleImpl::start called
[2026-10-06 15:16:30.782] [out] [delivery_module] INF 2026-10-06 15:16:30.782+02:00 Retrieve dynamic bootstrap nodes           topics="wakunode waku" tid=17471546
[2026-10-06 15:16:30.782] [info] [logos] [delivery_module] DeliveryModuleImpl::getNodeInfo called with nodeInfoId: MyPeerId
[2026-10-06 15:16:30.782] [out] [delivery_module] INF 2026-10-06 15:16:30.782+02:00 Running nwaku node                         tid=17471546 version=v0.39.0-gca2814
[2026-10-06 15:16:30.782] [out] [delivery_module] INF 2026-10-06 15:16:30.782+02:00 Starting Waku node                         topics="waku node" tid=17471546 version=v0.39.0-gca2814
[2026-10-06 15:16:30.782] [out] [delivery_module] DBG 2026-10-06 15:16:30.782+02:00 Waku rendezvous periodic requests started  topics="waku rendezvous client" tid=17471546 interval=10s
[2026-10-06 15:16:30.782] [out] [delivery_module] INF 2026-10-06 15:16:30.782+02:00 Waku rendezvous client started             topics="waku rendezvous client" tid=17471546
[2026-10-06 15:16:30.783] [out] [delivery_module] DBG 2026-10-06 15:16:30.782+02:00 starting switch for peer                   topics="libp2p switch" tid=17471546 peerInfo="(peerId: 16Uiu2HAmQauDAKFWE9rB6Ar4BqWEjuUvfBa6jWkkFNEEB5axMHGL, listenAddrs: [/ip4/0.0.0.0/tcp/0, /ip4/0.0.0.0/udp/0/quic-v1], addrs: [], protocols: [/ipfs/id/1.0.0, /libp2p/autonat/1.0.0, /libp2p/circuit/relay/0.2.0/hop, /vac/waku/metadata/1.0.0, /mix/1.0.0, /logos/service-discovery/1.0.0, /vac/waku/relay/2.0.0, /vac/waku/rendezvous/1.0.0, /ipfs/ping/1.0.0, /vac/waku/lightpush/3.0.0, /vac/waku/lightpush/2.0.0-beta1, /vac/waku/filter-subscribe/2.0.0-beta1, /vac/waku/filter-push/2.0.0-beta1, /vac/waku/peer-exchange/2.0.0-alpha1], protoVersion: ipfs/0.1.0, agentVersion: logos-delivery-v0.39.0-gca2814)"
[2026-10-06 15:16:30.783] [out] [delivery_module] DBG 2026-10-06 15:16:30.783+02:00 No private listen addresses to map; releasing any prior mappings topics="libp2p natservice" tid=17471546
[2026-10-06 15:16:30.786] [out] [delivery_module] DBG 2026-10-06 15:16:30.786+02:00 Configured QUIC UDP receive buffer         tid=17471546 requestedBytes=8388608 effectiveBytes=8388608
[2026-10-06 15:16:30.787] [out] [delivery_module] DBG 2026-10-06 15:16:30.787+02:00 About to accept incoming connection        topics="libp2p switch" tid=17471546
[2026-10-06 15:16:30.787] [out] [delivery_module] DBG 2026-10-06 15:16:30.787+02:00 About to accept incoming connection        topics="libp2p switch" tid=17471546
[2026-10-06 15:16:30.787] [out] [delivery_module] DBG 2026-10-06 15:16:30.787+02:00 No private listen addresses to map; releasing any prior mappings topics="libp2p natservice" tid=17471546
[2026-10-06 15:16:30.788] [out] [delivery_module] DBG 2026-10-06 15:16:30.788+02:00 Lookup query                               topics="kad-dht find" tid=17471546 peer=16U*P1S397
[2026-10-06 15:16:30.789] [out] [delivery_module] DBG 2026-10-06 15:16:30.789+02:00 Dialing peer                               topics="libp2p dialer" tid=17471546 peerId=16U*P1S397 addrs="[/dns4/delivery-01.gc-us-central1-a.logos.dev.status.im/tcp/30303]"
[2026-10-06 15:16:30.789] [out] [delivery_module] DBG 2026-10-06 15:16:30.789+02:00 resolved addresses                         topics="libp2p dialer" tid=17471546 originalAddresses=/dns4/delivery-01.gc-us-central1-a.logos.dev.status.im/tcp/30303/p2p/16Uiu2HAm4S1JYkuzDKLKQvwgAhZKs9otxXqt8SCGtB4hoJP1S397 resolvedAddresses="[/dns4/delivery-01.gc-us-central1-a.logos.dev.status.im/tcp/30303/p2p/16Uiu2HAm4S1JYkuzDKLKQvwgAhZKs9otxXqt8SCGtB4hoJP1S397]"
[2026-10-06 15:16:30.789] [out] [delivery_module] DBG 2026-10-06 15:16:30.789+02:00 Lookup query                               topics="kad-dht find" tid=17471546 peer=16U*T3UNSE
[2026-10-06 15:16:30.789] [out] [delivery_module] DBG 2026-10-06 15:16:30.789+02:00 Dialing peer                               topics="libp2p dialer" tid=17471546 peerId=16U*T3UNSE addrs="[/dns4/delivery-02.ac-cn-hongkong-c.logos.dev.status.im/tcp/30303]"
[2026-10-06 15:16:30.789] [out] [delivery_module] DBG 2026-10-06 15:16:30.789+02:00 resolved addresses                         topics="libp2p dialer" tid=17471546 originalAddresses=/dns4/delivery-02.ac-cn-hongkong-c.logos.dev.status.im/tcp/30303/p2p/16Uiu2HAkvwhGHKNry6LACrB8TmEFoCJKEX29XR5dDUzk3UT3UNSE resolvedAddresses="[/dns4/delivery-02.ac-cn-hongkong-c.logos.dev.status.im/tcp/30303/p2p/16Uiu2HAkvwhGHKNry6LACrB8TmEFoCJKEX29XR5dDUzk3UT3UNSE]"
[2026-10-06 15:16:30.789] [out] [delivery_module] DBG 2026-10-06 15:16:30.789+02:00 Lookup query                               topics="kad-dht find" tid=17471546 peer=16U*VpJprH
[2026-10-06 15:16:30.789] [out] [delivery_module] DBG 2026-10-06 15:16:30.789+02:00 Dialing peer                               topics="libp2p dialer" tid=17471546 peerId=16U*VpJprH addrs="[/dns4/delivery-02.do-ams3.logos.dev.status.im/tcp/30303]"
[2026-10-06 15:16:30.789] [out] [delivery_module] DBG 2026-10-06 15:16:30.789+02:00 resolved addresses                         topics="libp2p dialer" tid=17471546 originalAddresses=/dns4/delivery-02.do-ams3.logos.dev.status.im/tcp/30303/p2p/16Uiu2HAmMK7PYygBtKUQ8EHp7EfaD3bCEsJrkFooK8RQ2PVpJprH resolvedAddresses="[/dns4/delivery-02.do-ams3.logos.dev.status.im/tcp/30303/p2p/16Uiu2HAmMK7PYygBtKUQ8EHp7EfaD3bCEsJrkFooK8RQ2PVpJprH]"
[2026-10-06 15:16:30.789] [out] [delivery_module] DBG 2026-10-06 15:16:30.789+02:00 Lookup query                               topics="kad-dht find" tid=17471546 peer=16U*kGyuEP
[2026-10-06 15:16:30.790] [out] [delivery_module] DBG 2026-10-06 15:16:30.790+02:00 Dialing peer                               topics="libp2p dialer" tid=17471546 peerId=16U*kGyuEP addrs="[/dns4/delivery-01.ac-cn-hongkong-c.logos.dev.status.im/tcp/30303]"
[2026-10-06 15:16:30.790] [out] [delivery_module] DBG 2026-10-06 15:16:30.790+02:00 resolved addresses                         topics="libp2p dialer" tid=17471546 originalAddresses=/dns4/delivery-01.ac-cn-hongkong-c.logos.dev.status.im/tcp/30303/p2p/16Uiu2HAm8YokiNun9BkeA1ZRmhLbtNUvcwRr64F69tYj9fkGyuEP resolvedAddresses="[/dns4/delivery-01.ac-cn-hongkong-c.logos.dev.status.im/tcp/30303/p2p/16Uiu2HAm8YokiNun9BkeA1ZRmhLbtNUvcwRr64F69tYj9fkGyuEP]"
[2026-10-06 15:16:30.790] [out] [delivery_module] DBG 2026-10-06 15:16:30.790+02:00 Lookup query                               topics="kad-dht find" tid=17471546 peer=16U*NSkuby
[2026-10-06 15:16:30.790] [out] [delivery_module] DBG 2026-10-06 15:16:30.790+02:00 Dialing peer                               topics="libp2p dialer" tid=17471546 peerId=16U*NSkuby addrs="[/dns4/delivery-01.do-ams3.logos.dev.status.im/tcp/30303]"
[2026-10-06 15:16:30.790] [out] [delivery_module] DBG 2026-10-06 15:16:30.790+02:00 resolved addresses                         topics="libp2p dialer" tid=17471546 originalAddresses=/dns4/delivery-01.do-ams3.logos.dev.status.im/tcp/30303/p2p/16Uiu2HAmTUbnxLGT9JvV6mu9oPyDjqHK4Phs1VDJNUgESgNSkuby resolvedAddresses="[/dns4/delivery-01.do-ams3.logos.dev.status.im/tcp/30303/p2p/16Uiu2HAmTUbnxLGT9JvV6mu9oPyDjqHK4Phs1VDJNUgESgNSkuby]"
[2026-10-06 15:16:30.790] [out] [delivery_module] DBG 2026-10-06 15:16:30.790+02:00 Lookup query                               topics="kad-dht find" tid=17471546 peer=16U*TwqBiH
[2026-10-06 15:16:30.790] [out] [delivery_module] DBG 2026-10-06 15:16:30.790+02:00 Dialing peer                               topics="libp2p dialer" tid=17471546 peerId=16U*TwqBiH addrs="[/dns4/delivery-02.gc-us-central1-a.logos.dev.status.im/tcp/30303]"
[2026-10-06 15:16:30.790] [out] [delivery_module] DBG 2026-10-06 15:16:30.790+02:00 resolved addresses                         topics="libp2p dialer" tid=17471546 originalAddresses=/dns4/delivery-02.gc-us-central1-a.logos.dev.status.im/tcp/30303/p2p/16Uiu2HAm8Y9kgBNtjxvCnf1X6gnZJW5EGE4UwwCL3CCm55TwqBiH resolvedAddresses="[/dns4/delivery-02.gc-us-central1-a.logos.dev.status.im/tcp/30303/p2p/16Uiu2HAm8Y9kgBNtjxvCnf1X6gnZJW5EGE4UwwCL3CCm55TwqBiH]"
[2026-10-06 15:16:30.790] [out] [delivery_module] ERR 2026-10-06 15:16:30.790+02:00 Failed to create signed extended peer record topics="service-discovery" tid=17471546 error="no dialable address to publish yet"
[2026-10-06 15:16:30.790] [out] [delivery_module] INF 2026-10-06 15:16:30.790+02:00 Service Discovery started                  topics="service-discovery" tid=17471546
[2026-10-06 15:16:30.790] [out] [delivery_module] INF 2026-10-06 15:16:30.790+02:00 start                                      topics="waku relay" tid=17471546
[2026-10-06 15:16:30.791] [out] [delivery_module] DBG 2026-10-06 15:16:30.791+02:00 Waku rendezvous periodic registration started topics="waku rendezvous" tid=17471546 interval=10s
[2026-10-06 15:16:30.791] [out] [delivery_module] INF 2026-10-06 15:16:30.791+02:00 Waku rendezvous discovery started          topics="waku rendezvous" tid=17471546
[2026-10-06 15:16:30.791] [out] [delivery_module] DBG 2026-10-06 15:16:30.791+02:00 Started libp2p node                        topics="libp2p switch" tid=17471546 peer="(peerId: 16Uiu2HAmQauDAKFWE9rB6Ar4BqWEjuUvfBa6jWkkFNEEB5axMHGL, listenAddrs: [/ip4/0.0.0.0/tcp/60187, /ip4/0.0.0.0/udp/57459/quic-v1], addrs: [/ip4/0.0.0.0/tcp/60187, /ip4/0.0.0.0/udp/57459/quic-v1], protocols: [/ipfs/id/1.0.0, /libp2p/autonat/1.0.0, /libp2p/circuit/relay/0.2.0/hop, /vac/waku/metadata/1.0.0, /mix/1.0.0, /logos/service-discovery/1.0.0, /vac/waku/relay/2.0.0, /vac/waku/rendezvous/1.0.0, /ipfs/ping/1.0.0, /vac/waku/lightpush/3.0.0, /vac/waku/lightpush/2.0.0-beta1, /vac/waku/filter-subscribe/2.0.0-beta1, /vac/waku/filter-push/2.0.0-beta1, /vac/waku/peer-exchange/2.0.0-alpha1], protoVersion: ipfs/0.1.0, agentVersion: logos-delivery-v0.39.0-gca2814)"
[2026-10-06 15:16:30.792] [out] [delivery_module] INF 2026-10-06 15:16:30.792+02:00 Announced base resolved                    topics="waku node" tid=17471546 addrs="@[/ip4/172.20.10.14/tcp/60187, /ip4/172.20.10.14/udp/57459/quic-v1]" explicit=@[]
[2026-10-06 15:16:30.793] [info] [logos] [delivery_module] DeliveryModuleImpl::subscribe called with contentTopic: /lp0026forum/1/general/text
[2026-10-06 15:16:30.794] [out] [delivery_module] DBG 2026-10-06 15:16:30.794+02:00 Subscribing to pubsub topic                topics="waku relay" tid=17471546 pubsubTopic=/waku/2/rs/3/7
[2026-10-06 15:16:30.794] [out] [delivery_module] DBG 2026-10-06 15:16:30.794+02:00 No mesh peer for the given pubsub topic    topics="waku relay" tid=17471546 pubsubTopic=/waku/2/rs/3/7
[2026-10-06 15:16:30.794] [info] [logos] [delivery_module] DeliveryModuleImpl: Subscribe completed for topic: /lp0026forum/1/general/text with success
qt.qpa.fonts: Populating font family aliases took 38 ms. Replace uses of missing font family "Monospace" with one that exists to avoid this cost. 
[2026-10-06 15:16:31.795] [out] [delivery_module] WRN 2026-10-06 15:16:31.795+02:00 NAT port mapping failed                    topics="libp2p natservice" tid=17471546 port=60187 proto=mpTcp err="plum: mapping 0 failed"
[2026-10-06 15:16:32.321] [out] [delivery_module] DBG 2026-10-06 15:16:32.321+02:00 Expanded address and hostname              topics="libp2p dialer" tid=17471546 expandedAddress=/dns4/delivery-01.do-ams3.logos.dev.status.im/tcp/30303 hostname=delivery-01.do-ams3.logos.dev.status.im resolvedAddresses="[/ip4/138.68.122.137/tcp/30303]"
[2026-10-06 15:16:32.322] [out] [delivery_module] DBG 2026-10-06 15:16:32.321+02:00 Expanded address and hostname              topics="libp2p dialer" tid=17471546 expandedAddress=/dns4/delivery-02.do-ams3.logos.dev.status.im/tcp/30303 hostname=delivery-02.do-ams3.logos.dev.status.im resolvedAddresses="[/ip4/174.138.106.244/tcp/30303]"
[2026-10-06 15:16:32.322] [out] [delivery_module] DBG 2026-10-06 15:16:32.322+02:00 Expanded address and hostname              topics="libp2p dialer" tid=17471546 expandedAddress=/dns4/delivery-01.ac-cn-hongkong-c.logos.dev.status.im/tcp/30303 hostname=delivery-01.ac-cn-hongkong-c.logos.dev.status.im resolvedAddresses="[/ip4/47.242.130.189/tcp/30303]"
[2026-10-06 15:16:32.399] [out] [delivery_module] INF 2026-10-06 15:16:32.399+02:00 Using mix bootstrap nodes                  topics="waku mix" tid=17471546 entries=1 poolSize=1
[2026-10-06 15:16:32.399] [out] [delivery_module] DBG 2026-10-06 15:16:32.399+02:00 Expanded address and hostname              topics="libp2p dialer" tid=17471546 expandedAddress=/dns4/delivery-02.gc-us-central1-a.logos.dev.status.im/tcp/30303 hostname=delivery-02.gc-us-central1-a.logos.dev.status.im resolvedAddresses="[/ip4/34.123.201.25/tcp/30303]"
[2026-10-06 15:16:32.400] [out] [delivery_module] INF 2026-10-06 15:16:32.400+02:00 Using mix bootstrap nodes                  topics="waku mix" tid=17471546 entries=1 poolSize=2
[2026-10-06 15:16:32.401] [out] [delivery_module] INF 2026-10-06 15:16:32.401+02:00 Using mix bootstrap nodes                  topics="waku mix" tid=17471546 entries=1 poolSize=3
[2026-10-06 15:16:32.402] [out] [delivery_module] INF 2026-10-06 15:16:32.401+02:00 Using mix bootstrap nodes                  topics="waku mix" tid=17471546 entries=1 poolSize=4
[2026-10-06 15:16:32.402] [out] [delivery_module] INF 2026-10-06 15:16:32.402+02:00 Using mix bootstrap nodes                  topics="waku mix" tid=17471546 entries=1 poolSize=5
[2026-10-06 15:16:32.403] [out] [delivery_module] INF 2026-10-06 15:16:32.403+02:00 Using mix bootstrap nodes                  topics="waku mix" tid=17471546 entries=1 poolSize=6
[2026-10-06 15:16:32.403] [out] [delivery_module] DBG 2026-10-06 15:16:32.403+02:00 Expanded address and hostname              topics="libp2p dialer" tid=17471546 expandedAddress=/dns4/delivery-01.gc-us-central1-a.logos.dev.status.im/tcp/30303 hostname=delivery-01.gc-us-central1-a.logos.dev.status.im resolvedAddresses="[/ip4/136.119.156.87/tcp/30303]"
[2026-10-06 15:16:32.404] [out] [delivery_module] DBG 2026-10-06 15:16:32.404+02:00 Expanded address and hostname              topics="libp2p dialer" tid=17471546 expandedAddress=/dns4/delivery-02.ac-cn-hongkong-c.logos.dev.status.im/tcp/30303 hostname=delivery-02.ac-cn-hongkong-c.logos.dev.status.im resolvedAddresses="[/ip4/43.99.103.10/tcp/30303]"
[2026-10-06 15:16:33.800] [out] [delivery_module] WRN 2026-10-06 15:16:33.800+02:00 NAT port mapping failed                    topics="libp2p natservice" tid=17471546 port=57459 proto=mpUdp err="plum: mapping 0 failed"
[2026-10-06 15:16:33.802] [out] [delivery_module] INF 2026-10-06 15:16:33.802+02:00 Mix self hop set                           topics="waku node" tid=17471546 hop=/ip4/172.20.10.14/tcp/60187 before=/ip4/0.0.0.0/tcp/0
[2026-10-06 15:16:33.802] [out] [delivery_module] DBG 2026-10-06 15:16:33.802+02:00 ENR addresses updated                      topics="waku enr" tid=17471546 retained=0 total=0
[2026-10-06 15:16:33.802] [out] [delivery_module] DBG 2026-10-06 15:16:33.802+02:00 ENR addresses updated                      topics="waku enr" tid=17471546 retained=0 total=0
[2026-10-06 15:16:33.803] [out] [delivery_module] INF 2026-10-06 15:16:33.803+02:00 Random kademlia lookups disabled           topics="waku service discovery" tid=17471546
[2026-10-06 15:16:33.803] [out] [delivery_module] DBG 2026-10-06 15:16:33.803+02:00 Periodic service lookup started            topics="waku service discovery" tid=17471546 interval=1m services={}
[2026-10-06 15:16:33.803] [out] [delivery_module] INF 2026-10-06 15:16:33.803+02:00 Kademlia discovery started                 topics="waku service discovery" tid=17471546
[2026-10-06 15:16:33.803] [out] [delivery_module] INF 2026-10-06 15:16:33.803+02:00 Discovery ENR initialized                  topics="eth p2p discv5" tid=17471546 enrAutoUpdate=false seqNum=4 ip=none() tcpPort=none() udpPort=none() customEnrFields=@[] uri=enr:-Ka4QILST3iqqMs1-QwtAEpNHurnOes2URBN5n2oL_X_bCd9TV4CErARf0nNQ4XyBSbWMMaamcFQ3nVm82c2oetVTzsEgmlkgnY0im11bHRpYWRkcnOAgnJzkwADCAAAAAEAAgADAAQABQAGAAeJc2VjcDI1NmsxoQOxQBufO0xUrJZ7wTqxeQuHcw4ilczU2T0xzSKHxqKN6YN0Y3CC6xuFd2FrdTIt
[2026-10-06 15:16:33.803] [out] [delivery_module] WRN 2026-10-06 15:16:33.803+02:00 No external IP provided for the ENR, this node will not be discoverable topics="eth p2p discv5" tid=17471546
[2026-10-06 15:16:33.803] [out] [delivery_module] DBG 2026-10-06 15:16:33.803+02:00 peer filtering updated                     topics="waku discv5" tid=17471546
[2026-10-06 15:16:33.803] [out] [delivery_module] INF 2026-10-06 15:16:33.803+02:00 Starting discovery v5 service              topics="waku discv5" tid=17471546
[2026-10-06 15:16:33.803] [out] [delivery_module] INF 2026-10-06 15:16:33.803+02:00 Start listening on udp port                topics="waku discv5" tid=17471546 address=0.0.0.0 port=51810
[2026-10-06 15:16:33.803] [out] [delivery_module] INF 2026-10-06 15:16:33.803+02:00 Starting discovery node                    topics="eth p2p discv5" tid=17471546 node=1e*ebb036:unaddressable bindAddress=0.0.0.0:51810
[2026-10-06 15:16:33.804] [out] [delivery_module] DBG 2026-10-06 15:16:33.804+02:00 Total nodes in routing table after populate topics="eth p2p discv5" tid=17471546 total=0
[2026-10-06 15:16:33.804] [out] [delivery_module] DBG 2026-10-06 15:16:33.804+02:00 Starting discovery v5 search               topics="waku discv5" tid=17471546
[2026-10-06 15:16:33.804] [out] [delivery_module] DBG 2026-10-06 15:16:33.804+02:00 Successfully started discovery v5 service  topics="waku discv5" tid=17471546
[2026-10-06 15:16:33.804] [out] [delivery_module] INF 2026-10-06 15:16:33.804+02:00 Discv5: discoverable ENR                   topics="waku discv5" tid=17471546 enrUri=enr:-Ka4QILST3iqqMs1-QwtAEpNHurnOes2URBN5n2oL_X_bCd9TV4CErARf0nNQ4XyBSbWMMaamcFQ3nVm82c2oetVTzsEgmlkgnY0im11bHRpYWRkcnOAgnJzkwADCAAAAAEAAgADAAQABQAGAAeJc2VjcDI1NmsxoQOxQBufO0xUrJZ7wTqxeQuHcw4ilczU2T0xzSKHxqKN6YN0Y3CC6xuFd2FrdTIt enr="(4, id: \"v4\", multiaddrs: 0x, rs: 0x00030800000001000200030004000500060007, secp256k1: 0x03B1401B9F3B4C54AC967BC13AB1790B87730E2295CCD4D93D31CD2287C6A28DE9, tcp: 60187, waku2: 0x2D)"
[2026-10-06 15:16:33.804] [out] [delivery_module] INF 2026-10-06 15:16:33.804+02:00 Node started successfully                  topics="waku node" tid=17471546
[2026-10-06 15:16:33.805] [out] [delivery_module] DBG 2026-10-06 15:16:33.805+02:00 Publishing Signed XPR                      topics="service-discovery" tid=17471546 xpr="(envelope: (publicKey: secp256k1 key (04b1401b9f3b4c54ac967bc13ab1790b87730e2295ccd4d93d31cd2287c6a28de90c6d57a726ca51a2ccd5a98e170e08c56476d8454077631f331eb8fd4fdc3d0b), payloadType: @[3, 1], payload: @[10, 39, 0, 37, 8, 2, 18, 33, 3, 177, 64, 27, 159, 59, 76, 84, 172, 150, 123, 193, 58, 177, 121, 11, 135, 115, 14, 34, 149, 204, 212, 217, 61, 49, 205, 34, 135, 198, 162, 141, 233, 16, 238, 227, 17, 26, 10, 10, 8, 4, 172, 20, 10, 14, 6, 235, 27, 26, 13, 10, 11, 4, 172, 20, 10, 14, 145, 2, 224, 115, 205, 3], signature: 3044022062F567B9E4C13C8EC2FC0EC788784D6E0ADB87F5D552F00AFD127DF17258A239022026AE518AEB90830824B288B0D923C9588E91A5C925673048D75860CCA57031B9), data: (peerId: 16Uiu2HAmQauDAKFWE9rB6Ar4BqWEjuUvfBa6jWkkFNEEB5axMHGL, seqNo: 291310, addresses: @[(address: /ip4/172.20.10.14/tcp/60187), (address: /ip4/172.20.10.14/udp/57459/quic-v1)], services: @[]))"
[2026-10-06 15:16:33.805] [out] [delivery_module] DBG 2026-10-06 15:16:33.805+02:00 Lookup query                               topics="kad-dht find" tid=17471546 peer=16U*P1S397
[2026-10-06 15:16:33.805] [out] [delivery_module] DBG 2026-10-06 15:16:33.805+02:00 Lookup query                               topics="kad-dht find" tid=17471546 peer=16U*T3UNSE
[2026-10-06 15:16:33.805] [out] [delivery_module] DBG 2026-10-06 15:16:33.805+02:00 Lookup query                               topics="kad-dht find" tid=17471546 peer=16U*VpJprH
[2026-10-06 15:16:33.805] [out] [delivery_module] DBG 2026-10-06 15:16:33.805+02:00 Lookup query                               topics="kad-dht find" tid=17471546 peer=16U*kGyuEP
[2026-10-06 15:16:33.805] [out] [delivery_module] DBG 2026-10-06 15:16:33.805+02:00 Lookup query                               topics="kad-dht find" tid=17471546 peer=16U*NSkuby
[2026-10-06 15:16:33.805] [out] [delivery_module] DBG 2026-10-06 15:16:33.805+02:00 Lookup query                               topics="kad-dht find" tid=17471546 peer=16U*TwqBiH
[2026-10-06 15:16:33.805] [out] [delivery_module] DBG 2026-10-06 15:16:33.805+02:00 Dialing multiple peers                     tid=17471546 numOfPeers=6 nodes="@[\"/dns4/delivery-01.do-ams3.logos.dev.status.im/tcp/30303/p2p/16Uiu2HAmTUbnxLGT9JvV6mu9oPyDjqHK4Phs1VDJNUgESgNSkuby\", \"/dns4/delivery-02.do-ams3.logos.dev.status.im/tcp/30303/p2p/16Uiu2HAmMK7PYygBtKUQ8EHp7EfaD3bCEsJrkFooK8RQ2PVpJprH\", \"/dns4/delivery-01.gc-us-central1-a.logos.dev.status.im/tcp/30303/p2p/16Uiu2HAm4S1JYkuzDKLKQvwgAhZKs9otxXqt8SCGtB4hoJP1S397\", \"/dns4/delivery-02.gc-us-central1-a.logos.dev.status.im/tcp/30303/p2p/16Uiu2HAm8Y9kgBNtjxvCnf1X6gnZJW5EGE4UwwCL3CCm55TwqBiH\", \"/dns4/delivery-01.ac-cn-hongkong-c.logos.dev.status.im/tcp/30303/p2p/16Uiu2HAm8YokiNun9BkeA1ZRmhLbtNUvcwRr64F69tYj9fkGyuEP\", \"/dns4/delivery-02.ac-cn-hongkong-c.logos.dev.status.im/tcp/30303/p2p/16Uiu2HAkvwhGHKNry6LACrB8TmEFoCJKEX29XR5dDUzk3UT3UNSE\"]"
[2026-10-06 15:16:35.791] [out] [delivery_module] DBG 2026-10-06 15:16:35.791+02:00 Lookup query                               topics="kad-dht find" tid=17471546 peer=16U*P1S397
[2026-10-06 15:16:35.791] [out] [delivery_module] DBG 2026-10-06 15:16:35.791+02:00 Lookup query                               topics="kad-dht find" tid=17471546 peer=16U*T3UNSE
[2026-10-06 15:16:35.791] [out] [delivery_module] DBG 2026-10-06 15:16:35.791+02:00 Lookup query                               topics="kad-dht find" tid=17471546 peer=16U*VpJprH
[2026-10-06 15:16:35.791] [out] [delivery_module] DBG 2026-10-06 15:16:35.791+02:00 Lookup query                               topics="kad-dht find" tid=17471546 peer=16U*kGyuEP
[2026-10-06 15:16:35.791] [out] [delivery_module] DBG 2026-10-06 15:16:35.791+02:00 Lookup query                               topics="kad-dht find" tid=17471546 peer=16U*NSkuby
[2026-10-06 15:16:35.791] [out] [delivery_module] DBG 2026-10-06 15:16:35.791+02:00 Lookup query                               topics="kad-dht find" tid=17471546 peer=16U*TwqBiH
[2026-10-06 15:16:35.791] [out] [delivery_module] DBG 2026-10-06 15:16:35.791+02:00 Kad lookup: RPC error                      topics="kad-dht find" tid=17471546 peer=16U*P1S397 msg="dialStage: timed out dialing the peer"
[2026-10-06 15:16:35.792] [out] [delivery_module] DBG 2026-10-06 15:16:35.791+02:00 Kad lookup: RPC error                      topics="kad-dht find" tid=17471546 peer=16U*T3UNSE msg="dialStage: timed out dialing the peer"
[2026-10-06 15:16:35.792] [out] [delivery_module] DBG 2026-10-06 15:16:35.792+02:00 Kad lookup: RPC error                      topics="kad-dht find" tid=17471546 peer=16U*VpJprH msg="dialStage: timed out dialing the peer"
[2026-10-06 15:16:35.792] [out] [delivery_module] DBG 2026-10-06 15:16:35.792+02:00 Kad lookup: RPC error                      topics="kad-dht find" tid=17471546 peer=16U*kGyuEP msg="dialStage: timed out dialing the peer"
[2026-10-06 15:16:35.792] [out] [delivery_module] DBG 2026-10-06 15:16:35.792+02:00 Kad lookup: RPC error                      topics="kad-dht find" tid=17471546 peer=16U*NSkuby msg="dialStage: timed out dialing the peer"
[2026-10-06 15:16:35.792] [out] [delivery_module] DBG 2026-10-06 15:16:35.792+02:00 Kad lookup: RPC error                      topics="kad-dht find" tid=17471546 peer=16U*TwqBiH msg="dialStage: timed out dialing the peer"
[2026-10-06 15:16:35.793] [out] [delivery_module] WRN 2026-10-06 15:16:35.793+02:00 ffi request still in flight; caller notified via RET_STALE_WARN tid=17471546 reqId=LogosdeliveryStartNodeReq elapsedMs=5000
[2026-10-06 15:16:36.210] [out] [delivery_module] DBG 2026-10-06 15:16:36.210+02:00 Dial successful                            topics="libp2p dialer" tid=17471546 peerId=16U*NSkuby
[2026-10-06 15:16:36.210] [out] [delivery_module] DBG 2026-10-06 15:16:36.210+02:00 Dial successful                            topics="libp2p dialer" tid=17471546 peerId=16U*VpJprH
[2026-10-06 15:16:36.210] [out] [delivery_module] DBG 2026-10-06 15:16:36.210+02:00 starting sendNonHighPriorityTask           topics="libp2p pubsubpeer" tid=17471546 p=16U*NSkuby
[2026-10-06 15:16:36.210] [out] [delivery_module] DBG 2026-10-06 15:16:36.210+02:00 created new pubsub peer                    topics="libp2p pubsub" tid=17471546 peerId=16U*NSkuby
[2026-10-06 15:16:36.210] [out] [delivery_module] DBG 2026-10-06 15:16:36.210+02:00 no listener registered                     tid=17471548 event=onConnectionChange
[2026-10-06 15:16:36.211] [out] [delivery_module] DBG 2026-10-06 15:16:36.211+02:00 starting sendNonHighPriorityTask           topics="libp2p pubsubpeer" tid=17471546 p=16U*VpJprH
[2026-10-06 15:16:36.211] [out] [delivery_module] DBG 2026-10-06 15:16:36.211+02:00 created new pubsub peer                    topics="libp2p pubsub" tid=17471546 peerId=16U*VpJprH
[2026-10-06 15:16:36.211] [out] [delivery_module] DBG 2026-10-06 15:16:36.211+02:00 no listener registered                     tid=17471548 event=onConnectionChange
[2026-10-06 15:16:36.211] [out] [delivery_module] DBG 2026-10-06 15:16:36.211+02:00 Incoming WakuRelay connection              topics="waku relay" tid=17471546 connection=16U*NSkuby:6ac4f4b4e85fd883bd697245 protocol=/vac/waku/relay/2.0.0
[2026-10-06 15:16:36.211] [out] [delivery_module] DBG 2026-10-06 15:16:36.211+02:00 starting pubsub read loop                  topics="libp2p pubsubpeer" tid=17471546 stream=16U*NSkuby:6ac4f4b4e85fd883bd697245 peer=16U*NSkuby closed=false
[2026-10-06 15:16:36.211] [out] [delivery_module] DBG 2026-10-06 15:16:36.211+02:00 identify: info sent                        topics="libp2p identify" tid=17471546 stream=16U*NSkuby:6ac4f4b4e85fd883bd697246 info="(peerId: 16Uiu2HAmQauDAKFWE9rB6Ar4BqWEjuUvfBa6jWkkFNEEB5axMHGL, listenAddrs: [/ip4/0.0.0.0/tcp/60187, /ip4/0.0.0.0/udp/57459/quic-v1], addrs: [/ip4/172.20.10.14/tcp/60187, /ip4/172.20.10.14/udp/57459/quic-v1], protocols: [/ipfs/id/1.0.0, /libp2p/autonat/1.0.0, /libp2p/circuit/relay/0.2.0/hop, /vac/waku/metadata/1.0.0, /mix/1.0.0, /logos/service-discovery/1.0.0, /vac/waku/relay/2.0.0, /vac/waku/rendezvous/1.0.0, /ipfs/ping/1.0.0, /vac/waku/lightpush/3.0.0, /vac/waku/lightpush/2.0.0-beta1, /vac/waku/filter-subscribe/2.0.0-beta1, /vac/waku/filter-push/2.0.0-beta1, /vac/waku/peer-exchange/2.0.0-alpha1], protoVersion: ipfs/0.1.0, agentVersion: logos-delivery-v0.39.0-gca2814)"
[2026-10-06 15:16:36.211] [out] [delivery_module] DBG 2026-10-06 15:16:36.211+02:00 Incoming WakuRelay connection              topics="waku relay" tid=17471546 connection=16U*VpJprH:6ac4f4b4e85fd883bd697247 protocol=/vac/waku/relay/2.0.0
[2026-10-06 15:16:36.211] [out] [delivery_module] DBG 2026-10-06 15:16:36.211+02:00 starting pubsub read loop                  topics="libp2p pubsubpeer" tid=17471546 stream=16U*VpJprH:6ac4f4b4e85fd883bd697247 peer=16U*VpJprH closed=false
[2026-10-06 15:16:36.211] [out] [delivery_module] DBG 2026-10-06 15:16:36.211+02:00 identify: info sent                        topics="libp2p identify" tid=17471546 stream=16U*VpJprH:6ac4f4b4e85fd883bd697248 info="(peerId: 16Uiu2HAmQauDAKFWE9rB6Ar4BqWEjuUvfBa6jWkkFNEEB5axMHGL, listenAddrs: [/ip4/0.0.0.0/tcp/60187, /ip4/0.0.0.0/udp/57459/quic-v1], addrs: [/ip4/172.20.10.14/tcp/60187, /ip4/172.20.10.14/udp/57459/quic-v1], protocols: [/ipfs/id/1.0.0, /libp2p/autonat/1.0.0, /libp2p/circuit/relay/0.2.0/hop, /vac/waku/metadata/1.0.0, /mix/1.0.0, /logos/service-discovery/1.0.0, /vac/waku/relay/2.0.0, /vac/waku/rendezvous/1.0.0, /ipfs/ping/1.0.0, /vac/waku/lightpush/3.0.0, /vac/waku/lightpush/2.0.0-beta1, /vac/waku/filter-subscribe/2.0.0-beta1, /vac/waku/filter-push/2.0.0-beta1, /vac/waku/peer-exchange/2.0.0-alpha1], protoVersion: ipfs/0.1.0, agentVersion: logos-delivery-v0.39.0-gca2814)"
[2026-10-06 15:16:36.512] [out] [delivery_module] DBG 2026-10-06 15:16:36.512+02:00 Dial successful                            topics="libp2p dialer" tid=17471546 peerId=16U*TwqBiH
[2026-10-06 15:16:36.513] [out] [delivery_module] DBG 2026-10-06 15:16:36.513+02:00 starting sendNonHighPriorityTask           topics="libp2p pubsubpeer" tid=17471546 p=16U*TwqBiH
[2026-10-06 15:16:36.513] [out] [delivery_module] DBG 2026-10-06 15:16:36.513+02:00 created new pubsub peer                    topics="libp2p pubsub" tid=17471546 peerId=16U*TwqBiH
[2026-10-06 15:16:36.513] [out] [delivery_module] DBG 2026-10-06 15:16:36.513+02:00 no listener registered                     tid=17471548 event=onConnectionChange
[2026-10-06 15:16:36.513] [out] [delivery_module] DBG 2026-10-06 15:16:36.513+02:00 Incoming WakuRelay connection              topics="waku relay" tid=17471546 connection=16U*TwqBiH:6ac4f4b4e85fd883bd69724e protocol=/vac/waku/relay/2.0.0
[2026-10-06 15:16:36.513] [out] [delivery_module] DBG 2026-10-06 15:16:36.513+02:00 starting pubsub read loop                  topics="libp2p pubsubpeer" tid=17471546 stream=16U*TwqBiH:6ac4f4b4e85fd883bd69724e peer=16U*TwqBiH closed=false
[2026-10-06 15:16:36.513] [out] [delivery_module] DBG 2026-10-06 15:16:36.513+02:00 identify: info sent                        topics="libp2p identify" tid=17471546 stream=16U*TwqBiH:6ac4f4b4e85fd883bd69724f info="(peerId: 16Uiu2HAmQauDAKFWE9rB6Ar4BqWEjuUvfBa6jWkkFNEEB5axMHGL, listenAddrs: [/ip4/0.0.0.0/tcp/60187, /ip4/0.0.0.0/udp/57459/quic-v1], addrs: [/ip4/172.20.10.14/tcp/60187, /ip4/172.20.10.14/udp/57459/quic-v1], protocols: [/ipfs/id/1.0.0, /libp2p/autonat/1.0.0, /libp2p/circuit/relay/0.2.0/hop, /vac/waku/metadata/1.0.0, /mix/1.0.0, /logos/service-discovery/1.0.0, /vac/waku/relay/2.0.0, /vac/waku/rendezvous/1.0.0, /ipfs/ping/1.0.0, /vac/waku/lightpush/3.0.0, /vac/waku/lightpush/2.0.0-beta1, /vac/waku/filter-subscribe/2.0.0-beta1, /vac/waku/filter-push/2.0.0-beta1, /vac/waku/peer-exchange/2.0.0-alpha1], protoVersion: ipfs/0.1.0, agentVersion: logos-delivery-v0.39.0-gca2814)"
[2026-10-06 15:16:36.656] [out] [delivery_module] DBG 2026-10-06 15:16:36.656+02:00 starting pubsub read loop                  topics="libp2p pubsubpeer" tid=17471546 stream=16U*NSkuby:6ac4f4b4e85fd883bd697249 peer=16U*NSkuby closed=false
[2026-10-06 15:16:36.658] [out] [delivery_module] DBG 2026-10-06 15:16:36.658+02:00 identify: info received                    topics="libp2p identify" tid=17471546 stream=16U*NSkuby:6ac4f4b4e85fd883bd69724a pubkey=ok(sec...9ab7)) addresses=/ip4/138.68.122.137/tcp/30303,/ip4/138.68.122.137/udp/30303/quic-v1,/dns4/delivery-01.do-ams3.logos.dev.status.im/tcp/30303 protocols=/ipfs/id/1.0.0,/libp2p/autonat/1.0.0,/libp2p/circuit/relay/0.2.0/hop,/vac/waku/metadata/1.0.0,/mix/1.0.0,/logos/service-discovery/1.0.0,/vac/waku/store-query/3.0.0,/vac/waku/relay/2.0.0,/vac/waku/rendezvous/1.0.0,/ipfs/ping/1.0.0,/vac/waku/lightpush/3.0.0,/vac/waku/lightpush/2.0.0-beta1,/vac/waku/filter-subscribe/2.0.0-beta1,/vac/waku/filter-push/2.0.0-beta1,/vac/waku/peer-exchange/2.0.0-alpha1 observable_address=ok(/ip4/47.64.115.67/tcp/15306) proto_version=ipfs/0.1.0 agent_version=logos-delivery-v0.39.0-g890397 signedPeerRecord=None
[2026-10-06 15:16:36.659] [out] [delivery_module] DBG 2026-10-06 15:16:36.659+02:00 identify: info received                    topics="libp2p identify" tid=17471546 stream=16U*VpJprH:6ac4f4b4e85fd883bd69724c pubkey=ok(sec...7631)) addresses=/ip4/174.138.106.244/tcp/30303,/ip4/174.138.106.244/udp/30303/quic-v1,/dns4/delivery-02.do-ams3.logos.dev.status.im/tcp/30303 protocols=/ipfs/id/1.0.0,/libp2p/autonat/1.0.0,/libp2p/circuit/relay/0.2.0/hop,/vac/waku/metadata/1.0.0,/mix/1.0.0,/logos/service-discovery/1.0.0,/vac/waku/store-query/3.0.0,/vac/waku/relay/2.0.0,/vac/waku/rendezvous/1.0.0,/ipfs/ping/1.0.0,/vac/waku/lightpush/3.0.0,/vac/waku/lightpush/2.0.0-beta1,/vac/waku/filter-subscribe/2.0.0-beta1,/vac/waku/filter-push/2.0.0-beta1,/vac/waku/peer-exchange/2.0.0-alpha1 observable_address=ok(/ip4/47.64.115.67/tcp/30934) proto_version=ipfs/0.1.0 agent_version=logos-delivery-v0.39.0-g890397 signedPeerRecord=None
[2026-10-06 15:16:36.659] [out] [delivery_module] DBG 2026-10-06 15:16:36.659+02:00 starting pubsub read loop                  topics="libp2p pubsubpeer" tid=17471546 stream=16U*VpJprH:6ac4f4b4e85fd883bd69724b peer=16U*VpJprH closed=false
[2026-10-06 15:16:36.659] [out] [delivery_module] DBG 2026-10-06 15:16:36.659+02:00 Event identified                           topics="waku node peer_manager" tid=17471546 peerId=16U*NSkuby
[2026-10-06 15:16:36.659] [out] [delivery_module] DBG 2026-10-06 15:16:36.659+02:00 no listener registered                     tid=17471548 event=onConnectionChange
[2026-10-06 15:16:36.659] [out] [delivery_module] DBG 2026-10-06 15:16:36.659+02:00 Event identified                           topics="waku node peer_manager" tid=17471546 peerId=16U*VpJprH
[2026-10-06 15:16:36.659] [out] [delivery_module] DBG 2026-10-06 15:16:36.659+02:00 no listener registered                     tid=17471548 event=onConnectionChange
[2026-10-06 15:16:36.692] [out] [delivery_module] DBG 2026-10-06 15:16:36.692+02:00 Dial successful                            topics="libp2p dialer" tid=17471546 peerId=16U*P1S397
[2026-10-06 15:16:36.693] [out] [delivery_module] DBG 2026-10-06 15:16:36.693+02:00 starting sendNonHighPriorityTask           topics="libp2p pubsubpeer" tid=17471546 p=16U*P1S397
[2026-10-06 15:16:36.693] [out] [delivery_module] DBG 2026-10-06 15:16:36.693+02:00 created new pubsub peer                    topics="libp2p pubsub" tid=17471546 peerId=16U*P1S397
[2026-10-06 15:16:36.693] [out] [delivery_module] DBG 2026-10-06 15:16:36.693+02:00 no listener registered                     tid=17471548 event=onConnectionChange
[2026-10-06 15:16:36.693] [out] [delivery_module] DBG 2026-10-06 15:16:36.693+02:00 Incoming WakuRelay connection              topics="waku relay" tid=17471546 connection=16U*P1S397:6ac4f4b4e85fd883bd697256 protocol=/vac/waku/relay/2.0.0
[2026-10-06 15:16:36.693] [out] [delivery_module] DBG 2026-10-06 15:16:36.693+02:00 starting pubsub read loop                  topics="libp2p pubsubpeer" tid=17471546 stream=16U*P1S397:6ac4f4b4e85fd883bd697256 peer=16U*P1S397 closed=false
[2026-10-06 15:16:36.693] [out] [delivery_module] DBG 2026-10-06 15:16:36.693+02:00 identify: info sent                        topics="libp2p identify" tid=17471546 stream=16U*P1S397:6ac4f4b4e85fd883bd697257 info="(peerId: 16Uiu2HAmQauDAKFWE9rB6Ar4BqWEjuUvfBa6jWkkFNEEB5axMHGL, listenAddrs: [/ip4/0.0.0.0/tcp/60187, /ip4/0.0.0.0/udp/57459/quic-v1], addrs: [/ip4/172.20.10.14/tcp/60187, /ip4/172.20.10.14/udp/57459/quic-v1], protocols: [/ipfs/id/1.0.0, /libp2p/autonat/1.0.0, /libp2p/circuit/relay/0.2.0/hop, /vac/waku/metadata/1.0.0, /mix/1.0.0, /logos/service-discovery/1.0.0, /vac/waku/relay/2.0.0, /vac/waku/rendezvous/1.0.0, /ipfs/ping/1.0.0, /vac/waku/lightpush/3.0.0, /vac/waku/lightpush/2.0.0-beta1, /vac/waku/filter-subscribe/2.0.0-beta1, /vac/waku/filter-push/2.0.0-beta1, /vac/waku/peer-exchange/2.0.0-alpha1], protoVersion: ipfs/0.1.0, agentVersion: logos-delivery-v0.39.0-gca2814)"
[2026-10-06 15:16:36.756] [out] [delivery_module] DBG 2026-10-06 15:16:36.756+02:00 Dial successful                            topics="libp2p dialer" tid=17471546 peerId=16U*kGyuEP
[2026-10-06 15:16:36.756] [out] [delivery_module] DBG 2026-10-06 15:16:36.756+02:00 starting sendNonHighPriorityTask           topics="libp2p pubsubpeer" tid=17471546 p=16U*kGyuEP
[2026-10-06 15:16:36.756] [out] [delivery_module] DBG 2026-10-06 15:16:36.756+02:00 created new pubsub peer                    topics="libp2p pubsub" tid=17471546 peerId=16U*kGyuEP
[2026-10-06 15:16:36.756] [out] [delivery_module] DBG 2026-10-06 15:16:36.756+02:00 no listener registered                     tid=17471548 event=onConnectionChange
[2026-10-06 15:16:36.756] [out] [delivery_module] DBG 2026-10-06 15:16:36.756+02:00 Incoming WakuRelay connection              topics="waku relay" tid=17471546 connection=16U*kGyuEP:6ac4f4b4e85fd883bd69725a protocol=/vac/waku/relay/2.0.0
[2026-10-06 15:16:36.756] [out] [delivery_module] DBG 2026-10-06 15:16:36.756+02:00 starting pubsub read loop                  topics="libp2p pubsubpeer" tid=17471546 stream=16U*kGyuEP:6ac4f4b4e85fd883bd69725a peer=16U*kGyuEP closed=false
[2026-10-06 15:16:36.757] [out] [delivery_module] DBG 2026-10-06 15:16:36.757+02:00 identify: info sent                        topics="libp2p identify" tid=17471546 stream=16U*kGyuEP:6ac4f4b4e85fd883bd69725b info="(peerId: 16Uiu2HAmQauDAKFWE9rB6Ar4BqWEjuUvfBa6jWkkFNEEB5axMHGL, listenAddrs: [/ip4/0.0.0.0/tcp/60187, /ip4/0.0.0.0/udp/57459/quic-v1], addrs: [/ip4/172.20.10.14/tcp/60187, /ip4/172.20.10.14/udp/57459/quic-v1], protocols: [/ipfs/id/1.0.0, /libp2p/autonat/1.0.0, /libp2p/circuit/relay/0.2.0/hop, /vac/waku/metadata/1.0.0, /mix/1.0.0, /logos/service-discovery/1.0.0, /vac/waku/relay/2.0.0, /vac/waku/rendezvous/1.0.0, /ipfs/ping/1.0.0, /vac/waku/lightpush/3.0.0, /vac/waku/lightpush/2.0.0-beta1, /vac/waku/filter-subscribe/2.0.0-beta1, /vac/waku/filter-push/2.0.0-beta1, /vac/waku/peer-exchange/2.0.0-alpha1], protoVersion: ipfs/0.1.0, agentVersion: logos-delivery-v0.39.0-gca2814)"
[2026-10-06 15:16:36.757] [out] [delivery_module] DBG 2026-10-06 15:16:36.757+02:00 Received WakuMetadata request              topics="waku metadata" tid=17471546 remoteClusterId=ok(3) remoteShards="[5, 0, 2, 1, 4, 7, 3, 6]" localClusterId=3 localShards="[7]" peer=16U*VpJprH
[2026-10-06 15:16:36.797] [out] [delivery_module] DBG 2026-10-06 15:16:36.797+02:00 Dial successful                            topics="libp2p dialer" tid=17471546 peerId=16U*T3UNSE
[2026-10-06 15:16:36.798] [out] [delivery_module] DBG 2026-10-06 15:16:36.798+02:00 Received WakuMetadata request              topics="waku metadata" tid=17471546 remoteClusterId=ok(3) remoteShards="[5, 0, 2, 1, 4, 7, 3, 6]" localClusterId=3 localShards="[7]" peer=16U*NSkuby
[2026-10-06 15:16:36.798] [out] [delivery_module] DBG 2026-10-06 15:16:36.798+02:00 starting sendNonHighPriorityTask           topics="libp2p pubsubpeer" tid=17471546 p=16U*T3UNSE
[2026-10-06 15:16:36.798] [out] [delivery_module] DBG 2026-10-06 15:16:36.798+02:00 created new pubsub peer                    topics="libp2p pubsub" tid=17471546 peerId=16U*T3UNSE
[2026-10-06 15:16:36.798] [out] [delivery_module] DBG 2026-10-06 15:16:36.798+02:00 no listener registered                     tid=17471548 event=onConnectionChange
[2026-10-06 15:16:36.798] [out] [delivery_module] DBG 2026-10-06 15:16:36.798+02:00 no listener registered                     tid=17471548 event=onTopicHealthChange
[2026-10-06 15:16:36.798] [out] [delivery_module] DBG 2026-10-06 15:16:36.798+02:00 Incoming WakuRelay connection              topics="waku relay" tid=17471546 connection=16U*T3UNSE:6ac4f4b4e85fd883bd69725e protocol=/vac/waku/relay/2.0.0
[2026-10-06 15:16:36.798] [out] [delivery_module] DBG 2026-10-06 15:16:36.798+02:00 starting pubsub read loop                  topics="libp2p pubsubpeer" tid=17471546 stream=16U*T3UNSE:6ac4f4b4e85fd883bd69725e peer=16U*T3UNSE closed=false
[2026-10-06 15:16:36.802] [out] [delivery_module] DBG 2026-10-06 15:16:36.802+02:00 identify: info received                    topics="libp2p identify" tid=17471546 stream=16U*TwqBiH:6ac4f4b4e85fd883bd697251 pubkey=ok(sec...fed6)) addresses=/ip4/34.123.201.25/tcp/30303,/ip4/34.123.201.25/udp/30303/quic-v1,/dns4/delivery-02.gc-us-central1-a.logos.dev.status.im/tcp/30303 protocols=/ipfs/id/1.0.0,/libp2p/autonat/1.0.0,/libp2p/circuit/relay/0.2.0/hop,/vac/waku/metadata/1.0.0,/mix/1.0.0,/logos/service-discovery/1.0.0,/vac/waku/store-query/3.0.0,/vac/waku/relay/2.0.0,/vac/waku/rendezvous/1.0.0,/ipfs/ping/1.0.0,/vac/waku/lightpush/3.0.0,/vac/waku/lightpush/2.0.0-beta1,/vac/waku/filter-subscribe/2.0.0-beta1,/vac/waku/filter-push/2.0.0-beta1,/vac/waku/peer-exchange/2.0.0-alpha1 observable_address=ok(/ip4/47.64.115.67/tcp/8632) proto_version=ipfs/0.1.0 agent_version=logos-delivery-v0.39.0-g890397 signedPeerRecord=None
[2026-10-06 15:16:36.802] [out] [delivery_module] DBG 2026-10-06 15:16:36.802+02:00 identify: info sent                        topics="libp2p identify" tid=17471546 stream=16U*T3UNSE:6ac4f4b4e85fd883bd69725f info="(peerId: 16Uiu2HAmQauDAKFWE9rB6Ar4BqWEjuUvfBa6jWkkFNEEB5axMHGL, listenAddrs: [/ip4/0.0.0.0/tcp/60187, /ip4/0.0.0.0/udp/57459/quic-v1], addrs: [/ip4/172.20.10.14/tcp/60187, /ip4/172.20.10.14/udp/57459/quic-v1], protocols: [/ipfs/id/1.0.0, /libp2p/autonat/1.0.0, /libp2p/circuit/relay/0.2.0/hop, /vac/waku/metadata/1.0.0, /mix/1.0.0, /logos/service-discovery/1.0.0, /vac/waku/relay/2.0.0, /vac/waku/rendezvous/1.0.0, /ipfs/ping/1.0.0, /vac/waku/lightpush/3.0.0, /vac/waku/lightpush/2.0.0-beta1, /vac/waku/filter-subscribe/2.0.0-beta1, /vac/waku/filter-push/2.0.0-beta1, /vac/waku/peer-exchange/2.0.0-alpha1], protoVersion: ipfs/0.1.0, agentVersion: logos-delivery-v0.39.0-gca2814)"
[2026-10-06 15:16:36.802] [out] [delivery_module] DBG 2026-10-06 15:16:36.802+02:00 starting pubsub read loop                  topics="libp2p pubsubpeer" tid=17471546 stream=16U*TwqBiH:6ac4f4b4e85fd883bd697250 peer=16U*TwqBiH closed=false
[2026-10-06 15:16:36.802] [out] [delivery_module] DBG 2026-10-06 15:16:36.802+02:00 Event identified                           topics="waku node peer_manager" tid=17471546 peerId=16U*TwqBiH
[2026-10-06 15:16:36.802] [out] [delivery_module] DBG 2026-10-06 15:16:36.802+02:00 no listener registered                     tid=17471548 event=onConnectionChange
[2026-10-06 15:16:36.903] [out] [delivery_module] DBG 2026-10-06 15:16:36.903+02:00 no listener registered                     tid=17471548 event=onConnectionChange
[2026-10-06 15:16:36.903] [out] [delivery_module] DBG 2026-10-06 15:16:36.903+02:00 no listener registered                     tid=17471548 event=onConnectionChange
[2026-10-06 15:16:36.936] [out] [delivery_module] DBG 2026-10-06 15:16:36.935+02:00 identify: info received                    topics="libp2p identify" tid=17471546 stream=16U*P1S397:6ac4f4b4e85fd883bd697259 pubkey=ok(sec...97dc)) addresses=/ip4/136.119.156.87/tcp/30303,/ip4/136.119.156.87/udp/30303/quic-v1,/dns4/delivery-01.gc-us-central1-a.logos.dev.status.im/tcp/30303 protocols=/ipfs/id/1.0.0,/libp2p/autonat/1.0.0,/libp2p/circuit/relay/0.2.0/hop,/vac/waku/metadata/1.0.0,/mix/1.0.0,/logos/service-discovery/1.0.0,/vac/waku/store-query/3.0.0,/vac/waku/relay/2.0.0,/vac/waku/rendezvous/1.0.0,/ipfs/ping/1.0.0,/vac/waku/lightpush/3.0.0,/vac/waku/lightpush/2.0.0-beta1,/vac/waku/filter-subscribe/2.0.0-beta1,/vac/waku/filter-push/2.0.0-beta1,/vac/waku/peer-exchange/2.0.0-alpha1 observable_address=ok(/ip4/47.64.115.67/tcp/31197) proto_version=ipfs/0.1.0 agent_version=logos-delivery-v0.39.0-g890397 signedPeerRecord=None
[2026-10-06 15:16:36.936] [out] [delivery_module] DBG 2026-10-06 15:16:36.936+02:00 starting pubsub read loop                  topics="libp2p pubsubpeer" tid=17471546 stream=16U*P1S397:6ac4f4b4e85fd883bd697258 peer=16U*P1S397 closed=false
[2026-10-06 15:16:36.936] [out] [delivery_module] DBG 2026-10-06 15:16:36.936+02:00 Event identified                           topics="waku node peer_manager" tid=17471546 peerId=16U*P1S397
[2026-10-06 15:16:36.936] [out] [delivery_module] DBG 2026-10-06 15:16:36.936+02:00 no listener registered                     tid=17471548 event=onConnectionChange
[2026-10-06 15:16:37.023] [out] [delivery_module] DBG 2026-10-06 15:16:37.023+02:00 Received WakuMetadata request              topics="waku metadata" tid=17471546 remoteClusterId=ok(3) remoteShards="[5, 0, 2, 1, 4, 7, 3, 6]" localClusterId=3 localShards="[7]" peer=16U*TwqBiH
[2026-10-06 15:16:37.023] [out] [delivery_module] DBG 2026-10-06 15:16:37.023+02:00 No mesh peer for the given pubsub topic    topics="waku relay" tid=17471546 pubsubTopic=/waku/2/rs/3/7
[2026-10-06 15:16:37.023] [out] [delivery_module] DBG 2026-10-06 15:16:37.023+02:00 no listener registered                     tid=17471548 event=onTopicHealthChange
[2026-10-06 15:16:37.109] [out] [delivery_module] DBG 2026-10-06 15:16:37.109+02:00 identify: info received                    topics="libp2p identify" tid=17471546 stream=16U*kGyuEP:6ac4f4b4e85fd883bd69725d pubkey=ok(sec...c56e)) addresses=/ip4/47.242.130.189/tcp/30303,/ip4/47.242.130.189/udp/30303/quic-v1,/dns4/delivery-01.ac-cn-hongkong-c.logos.dev.status.im/tcp/30303 protocols=/ipfs/id/1.0.0,/libp2p/autonat/1.0.0,/libp2p/circuit/relay/0.2.0/hop,/vac/waku/metadata/1.0.0,/mix/1.0.0,/logos/service-discovery/1.0.0,/vac/waku/store-query/3.0.0,/vac/waku/relay/2.0.0,/vac/waku/rendezvous/1.0.0,/ipfs/ping/1.0.0,/vac/waku/lightpush/3.0.0,/vac/waku/lightpush/2.0.0-beta1,/vac/waku/filter-subscribe/2.0.0-beta1,/vac/waku/filter-push/2.0.0-beta1,/vac/waku/peer-exchange/2.0.0-alpha1 observable_address=ok(/ip4/47.64.115.67/tcp/7367) proto_version=ipfs/0.1.0 agent_version=logos-delivery-v0.39.0-g890397 signedPeerRecord=None
[2026-10-06 15:16:37.109] [out] [delivery_module] DBG 2026-10-06 15:16:37.109+02:00 starting pubsub read loop                  topics="libp2p pubsubpeer" tid=17471546 stream=16U*kGyuEP:6ac4f4b4e85fd883bd69725c peer=16U*kGyuEP closed=false
[2026-10-06 15:16:37.109] [out] [delivery_module] DBG 2026-10-06 15:16:37.109+02:00 Event identified                           topics="waku node peer_manager" tid=17471546 peerId=16U*kGyuEP
[2026-10-06 15:16:37.109] [out] [delivery_module] DBG 2026-10-06 15:16:37.109+02:00 no listener registered                     tid=17471548 event=onConnectionChange
[2026-10-06 15:16:37.247] [out] [delivery_module] DBG 2026-10-06 15:16:37.247+02:00 identify: info received                    topics="libp2p identify" tid=17471546 stream=16U*T3UNSE:6ac4f4b4e85fd883bd697261 pubkey=ok(sec...6d2a)) addresses=/ip4/43.99.103.10/tcp/30303,/ip4/43.99.103.10/udp/30303/quic-v1,/dns4/delivery-02.ac-cn-hongkong-c.logos.dev.status.im/tcp/30303 protocols=/ipfs/id/1.0.0,/libp2p/autonat/1.0.0,/libp2p/circuit/relay/0.2.0/hop,/vac/waku/metadata/1.0.0,/mix/1.0.0,/logos/service-discovery/1.0.0,/vac/waku/store-query/3.0.0,/vac/waku/relay/2.0.0,/vac/waku/rendezvous/1.0.0,/ipfs/ping/1.0.0,/vac/waku/lightpush/3.0.0,/vac/waku/lightpush/2.0.0-beta1,/vac/waku/filter-subscribe/2.0.0-beta1,/vac/waku/filter-push/2.0.0-beta1,/vac/waku/peer-exchange/2.0.0-alpha1 observable_address=ok(/ip4/47.64.115.67/tcp/19257) proto_version=ipfs/0.1.0 agent_version=logos-delivery-v0.39.0-g890397 signedPeerRecord=None
[2026-10-06 15:16:37.248] [out] [delivery_module] DBG 2026-10-06 15:16:37.248+02:00 starting pubsub read loop                  topics="libp2p pubsubpeer" tid=17471546 stream=16U*T3UNSE:6ac4f4b4e85fd883bd697260 peer=16U*T3UNSE closed=false
[2026-10-06 15:16:37.248] [out] [delivery_module] DBG 2026-10-06 15:16:37.248+02:00 Event identified                           topics="waku node peer_manager" tid=17471546 peerId=16U*T3UNSE
[2026-10-06 15:16:37.248] [out] [delivery_module] DBG 2026-10-06 15:16:37.248+02:00 no listener registered                     tid=17471548 event=onConnectionChange
[2026-10-06 15:16:38.318] [out] [delivery_module] DBG 2026-10-06 15:16:38.318+02:00 Received WakuMetadata request              topics="waku metadata" tid=17471546 remoteClusterId=ok(3) remoteShards="[5, 0, 2, 1, 4, 7, 3, 6]" localClusterId=3 localShards="[7]" peer=16U*P1S397
[2026-10-06 15:16:38.318] [out] [delivery_module] DBG 2026-10-06 15:16:38.318+02:00 no listener registered                     tid=17471548 event=onTopicHealthChange
[2026-10-06 15:16:38.318] [out] [delivery_module] DBG 2026-10-06 15:16:38.318+02:00 no listener registered                     tid=17471548 event=onConnectionChange
[2026-10-06 15:16:38.323] [out] [delivery_module] DBG 2026-10-06 15:16:38.323+02:00 Received WakuMetadata request              topics="waku metadata" tid=17471546 remoteClusterId=ok(3) remoteShards="[5, 0, 2, 1, 4, 7, 3, 6]" localClusterId=3 localShards="[7]" peer=16U*kGyuEP
[2026-10-06 15:16:38.452] [out] [delivery_module] DBG 2026-10-06 15:16:38.452+02:00 Received WakuMetadata request              topics="waku metadata" tid=17471546 remoteClusterId=ok(3) remoteShards="[5, 0, 2, 1, 4, 7, 3, 6]" localClusterId=3 localShards="[7]" peer=16U*T3UNSE
[2026-10-06 15:16:38.498] [out] [delivery_module] DBG 2026-10-06 15:16:38.498+02:00 Dialing peer                               topics="libp2p dialer" tid=17471546 peerId=16U*7ZEp3L addrs="[/ip4/192.168.1.3/udp/56395/quic-v1, /ip4/192.168.1.3/tcp/49737]"
[2026-10-06 15:16:38.498] [out] [delivery_module] DBG 2026-10-06 15:16:38.498+02:00 Expanded address and hostname              topics="libp2p dialer" tid=17471546 expandedAddress=/ip4/192.168.1.3/udp/56395/quic-v1 hostname=192.168.1.3 resolvedAddresses="[/ip4/192.168.1.3/udp/56395/quic-v1]"
[2026-10-06 15:16:38.498] [out] [delivery_module] DBG 2026-10-06 15:16:38.498+02:00 New connection established: client         tid=17471546
[2026-10-06 15:16:38.499] [out] [delivery_module] DBG 2026-10-06 15:16:38.499+02:00 Dialing peer                               topics="libp2p dialer" tid=17471546 peerId=16U*2FWeUS addrs="[/ip4/173.42.114.210/tcp/43243]"
[2026-10-06 15:16:38.499] [out] [delivery_module] DBG 2026-10-06 15:16:38.499+02:00 Expanded address and hostname              topics="libp2p dialer" tid=17471546 expandedAddress=/ip4/173.42.114.210/tcp/43243 hostname=173.42.114.210 resolvedAddresses="[/ip4/173.42.114.210/tcp/43243]"
[2026-10-06 15:16:38.499] [out] [delivery_module] DBG 2026-10-06 15:16:38.499+02:00 Dialing peer                               topics="libp2p dialer" tid=17471546 peerId=16U*YJ3Zqc addrs="[/ip4/192.168.1.3/udp/58993/quic-v1, /ip4/192.168.1.3/tcp/56968]"
[2026-10-06 15:16:38.500] [out] [delivery_module] DBG 2026-10-06 15:16:38.499+02:00 Expanded address and hostname              topics="libp2p dialer" tid=17471546 expandedAddress=/ip4/192.168.1.3/udp/58993/quic-v1 hostname=192.168.1.3 resolvedAddresses="[/ip4/192.168.1.3/udp/58993/quic-v1]"
[2026-10-06 15:16:38.500] [out] [delivery_module] DBG 2026-10-06 15:16:38.500+02:00 New connection established: client         tid=17471546
[2026-10-06 15:16:38.500] [out] [delivery_module] DBG 2026-10-06 15:16:38.500+02:00 Dialing peer                               topics="libp2p dialer" tid=17471546 peerId=16U*oTfm5M addrs="[/ip4/10.1.0.15/udp/59973/quic-v1, /ip4/10.1.0.15/tcp/62674]"
[2026-10-06 15:16:38.500] [out] [delivery_module] DBG 2026-10-06 15:16:38.500+02:00 Expanded address and hostname              topics="libp2p dialer" tid=17471546 expandedAddress=/ip4/10.1.0.15/udp/59973/quic-v1 hostname=10.1.0.15 resolvedAddresses="[/ip4/10.1.0.15/udp/59973/quic-v1]"
[2026-10-06 15:16:38.500] [out] [delivery_module] DBG 2026-10-06 15:16:38.500+02:00 New connection established: client         tid=17471546
[2026-10-06 15:16:38.501] [out] [delivery_module] DBG 2026-10-06 15:16:38.501+02:00 Dialing peer                               topics="libp2p dialer" tid=17471546 peerId=16U*jQfE1X addrs="[/ip4/173.42.114.210/tcp/34927]"
[2026-10-06 15:16:38.501] [out] [delivery_module] DBG 2026-10-06 15:16:38.501+02:00 Expanded address and hostname              topics="libp2p dialer" tid=17471546 expandedAddress=/ip4/173.42.114.210/tcp/34927 hostname=173.42.114.210 resolvedAddresses="[/ip4/173.42.114.210/tcp/34927]"
[2026-10-06 15:16:38.501] [out] [delivery_module] DBG 2026-10-06 15:16:38.501+02:00 Dialing peer                               topics="libp2p dialer" tid=17471546 peerId=16U*APqJP4 addrs="[/ip4/172.20.10.14/udp/58562/quic-v1, /ip4/172.20.10.14/tcp/58630]"
[2026-10-06 15:16:38.501] [out] [delivery_module] DBG 2026-10-06 15:16:38.501+02:00 Expanded address and hostname              topics="libp2p dialer" tid=17471546 expandedAddress=/ip4/172.20.10.14/udp/58562/quic-v1 hostname=172.20.10.14 resolvedAddresses="[/ip4/172.20.10.14/udp/58562/quic-v1]"
[2026-10-06 15:16:38.501] [out] [delivery_module] DBG 2026-10-06 15:16:38.501+02:00 New connection established: client         tid=17471546
[2026-10-06 15:16:38.501] [out] [delivery_module] DBG 2026-10-06 15:16:38.501+02:00 Dialing peer                               topics="libp2p dialer" tid=17471546 peerId=16U*JVSpzf addrs="[/ip4/10.1.0.239/udp/49621/quic-v1, /ip4/10.1.0.239/tcp/50185]"
[2026-10-06 15:16:38.501] [out] [delivery_module] DBG 2026-10-06 15:16:38.501+02:00 Expanded address and hostname              topics="libp2p dialer" tid=17471546 expandedAddress=/ip4/10.1.0.239/udp/49621/quic-v1 hostname=10.1.0.239 resolvedAddresses="[/ip4/10.1.0.239/udp/49621/quic-v1]"
[2026-10-06 15:16:38.501] [out] [delivery_module] DBG 2026-10-06 15:16:38.501+02:00 New connection established: client         tid=17471546
[2026-10-06 15:16:38.502] [out] [delivery_module] DBG 2026-10-06 15:16:38.501+02:00 Dialing peer                               topics="libp2p dialer" tid=17471546 peerId=16U*2gerDZ addrs="[/ip4/192.168.1.3/udp/50790/quic-v1, /ip4/192.168.1.3/tcp/56668]"
[2026-10-06 15:16:38.502] [out] [delivery_module] DBG 2026-10-06 15:16:38.502+02:00 Expanded address and hostname              topics="libp2p dialer" tid=17471546 expandedAddress=/ip4/192.168.1.3/udp/50790/quic-v1 hostname=192.168.1.3 resolvedAddresses="[/ip4/192.168.1.3/udp/50790/quic-v1]"
[2026-10-06 15:16:38.502] [out] [delivery_module] DBG 2026-10-06 15:16:38.502+02:00 New connection established: client         tid=17471546
[2026-10-06 15:16:38.502] [out] [delivery_module] DBG 2026-10-06 15:16:38.502+02:00 Dialing peer                               topics="libp2p dialer" tid=17471546 peerId=16U*28TTLb addrs="[/ip4/173.42.114.210/tcp/36503]"
[2026-10-06 15:16:38.502] [out] [delivery_module] DBG 2026-10-06 15:16:38.502+02:00 Expanded address and hostname              topics="libp2p dialer" tid=17471546 expandedAddress=/ip4/173.42.114.210/tcp/36503 hostname=173.42.114.210 resolvedAddresses="[/ip4/173.42.114.210/tcp/36503]"
[2026-10-06 15:16:38.503] [out] [delivery_module] DBG 2026-10-06 15:16:38.503+02:00 Lookup query                               topics="kad-dht find" tid=17471546 peer=16U*7ZEp3L
[2026-10-06 15:16:38.503] [out] [delivery_module] DBG 2026-10-06 15:16:38.503+02:00 Lookup query                               topics="kad-dht find" tid=17471546 peer=16U*2FWeUS
[2026-10-06 15:16:38.503] [out] [delivery_module] DBG 2026-10-06 15:16:38.503+02:00 Lookup query                               topics="kad-dht find" tid=17471546 peer=16U*YJ3Zqc
[2026-10-06 15:16:38.503] [out] [delivery_module] DBG 2026-10-06 15:16:38.503+02:00 Lookup query                               topics="kad-dht find" tid=17471546 peer=16U*oTfm5M
[2026-10-06 15:16:38.503] [out] [delivery_module] DBG 2026-10-06 15:16:38.503+02:00 Lookup query                               topics="kad-dht find" tid=17471546 peer=16U*jQfE1X
[2026-10-06 15:16:38.786] [out] [delivery_module] DBG 2026-10-06 15:16:38.786+02:00 No mesh peer for the given pubsub topic    topics="waku relay" tid=17471546 pubsubTopic=/waku/2/rs/3/7
[2026-10-06 15:16:38.786] [out] [delivery_module] DBG 2026-10-06 15:16:38.786+02:00 no listener registered                     tid=17471548 event=onTopicHealthChange
[2026-10-06 15:16:38.807] [out] [delivery_module] DBG 2026-10-06 15:16:38.807+02:00 Lookup query                               topics="kad-dht find" tid=17471546 peer=16U*P1S397
[2026-10-06 15:16:38.807] [out] [delivery_module] DBG 2026-10-06 15:16:38.807+02:00 Lookup query                               topics="kad-dht find" tid=17471546 peer=16U*T3UNSE
[2026-10-06 15:16:38.807] [out] [delivery_module] DBG 2026-10-06 15:16:38.807+02:00 Lookup query                               topics="kad-dht find" tid=17471546 peer=16U*VpJprH
[2026-10-06 15:16:38.807] [out] [delivery_module] DBG 2026-10-06 15:16:38.807+02:00 Lookup query                               topics="kad-dht find" tid=17471546 peer=16U*kGyuEP
[2026-10-06 15:16:38.807] [out] [delivery_module] DBG 2026-10-06 15:16:38.807+02:00 Lookup query                               topics="kad-dht find" tid=17471546 peer=16U*APqJP4
[2026-10-06 15:16:38.807] [out] [delivery_module] DBG 2026-10-06 15:16:38.807+02:00 Kad lookup: RPC error                      topics="kad-dht find" tid=17471546 peer=16U*P1S397 msg="dialStage: timed out dialing the peer"
[2026-10-06 15:16:38.807] [out] [delivery_module] DBG 2026-10-06 15:16:38.807+02:00 Kad lookup: RPC error                      topics="kad-dht find" tid=17471546 peer=16U*T3UNSE msg="dialStage: timed out dialing the peer"
[2026-10-06 15:16:38.808] [out] [delivery_module] DBG 2026-10-06 15:16:38.807+02:00 Kad lookup: RPC error                      topics="kad-dht find" tid=17471546 peer=16U*kGyuEP msg="dialStage: timed out dialing the peer"
[2026-10-06 15:16:38.808] [out] [delivery_module] DBG 2026-10-06 15:16:38.807+02:00 Kad lookup: RPC error                      topics="kad-dht find" tid=17471546 peer=16U*TwqBiH msg="dialStage: timed out dialing the peer"
[2026-10-06 15:16:38.808] [out] [delivery_module] DBG 2026-10-06 15:16:38.808+02:00 Kad lookup: RPC error                      topics="kad-dht find" tid=17471546 peer=16U*VpJprH msg="readStage: timed out waiting for reply"
[2026-10-06 15:16:39.526] [out] [delivery_module] DBG 2026-10-06 15:16:39.526+02:00 Dialing peer                               topics="libp2p dialer" tid=17471546 peerId=16U*dYNeLB addrs="[/ip4/172.20.10.14/udp/64211/quic-v1, /ip4/172.20.10.14/tcp/60188]"
[2026-10-06 15:16:39.526] [out] [delivery_module] DBG 2026-10-06 15:16:39.526+02:00 Expanded address and hostname              topics="libp2p dialer" tid=17471546 expandedAddress=/ip4/172.20.10.14/udp/64211/quic-v1 hostname=172.20.10.14 resolvedAddresses="[/ip4/172.20.10.14/udp/64211/quic-v1]"
[2026-10-06 15:16:39.527] [out] [delivery_module] DBG 2026-10-06 15:16:39.527+02:00 New connection established: client         tid=17471546
[2026-10-06 15:16:39.533] [out] [delivery_module] DBG 2026-10-06 15:16:39.533+02:00 Lookup query                               topics="kad-dht find" tid=17471546 peer=16U*dYNeLB
[2026-10-06 15:16:39.533] [out] [delivery_module] DBG 2026-10-06 15:16:39.533+02:00 Lookup query                               topics="kad-dht find" tid=17471546 peer=16U*7ZEp3L
[2026-10-06 15:16:39.533] [out] [delivery_module] DBG 2026-10-06 15:16:39.533+02:00 Lookup query                               topics="kad-dht find" tid=17471546 peer=16U*2FWeUS
[2026-10-06 15:16:39.533] [out] [delivery_module] DBG 2026-10-06 15:16:39.533+02:00 Lookup query                               topics="kad-dht find" tid=17471546 peer=16U*YJ3Zqc
[2026-10-06 15:16:39.533] [out] [delivery_module] DBG 2026-10-06 15:16:39.533+02:00 Lookup query                               topics="kad-dht find" tid=17471546 peer=16U*oTfm5M
[2026-10-06 15:16:39.534] [out] [delivery_module] DBG 2026-10-06 15:16:39.534+02:00 Handshake done                             tid=17471546 status=1
[2026-10-06 15:16:39.534] [out] [delivery_module] DBG 2026-10-06 15:16:39.534+02:00 Dial successful                            topics="libp2p dialer" tid=17471546 peerId=16U*dYNeLB
[2026-10-06 15:16:39.534] [out] [delivery_module] DBG 2026-10-06 15:16:39.534+02:00 starting sendNonHighPriorityTask           topics="libp2p pubsubpeer" tid=17471546 p=16U*dYNeLB
[2026-10-06 15:16:39.534] [out] [delivery_module] DBG 2026-10-06 15:16:39.534+02:00 created new pubsub peer                    topics="libp2p pubsub" tid=17471546 peerId=16U*dYNeLB
[2026-10-06 15:16:39.534] [out] [delivery_module] DBG 2026-10-06 15:16:39.534+02:00 Creating stream                            tid=17471546
[2026-10-06 15:16:39.534] [out] [delivery_module] DBG 2026-10-06 15:16:39.534+02:00 no listener registered                     tid=17471548 event=onConnectionChange
[2026-10-06 15:16:39.534] [out] [delivery_module] DBG 2026-10-06 15:16:39.534+02:00 New stream created                         tid=17471546
[2026-10-06 15:16:39.534] [out] [delivery_module] DBG 2026-10-06 15:16:39.534+02:00 Creating stream                            tid=17471546
[2026-10-06 15:16:39.534] [out] [delivery_module] DBG 2026-10-06 15:16:39.534+02:00 New stream created                         tid=17471546
[2026-10-06 15:16:39.536] [out] [delivery_module] DBG 2026-10-06 15:16:39.536+02:00 New stream created                         tid=17471546
[2026-10-06 15:16:39.536] [out] [delivery_module] DBG 2026-10-06 15:16:39.536+02:00 New stream created                         tid=17471546
[2026-10-06 15:16:39.536] [out] [delivery_module] DBG 2026-10-06 15:16:39.536+02:00 Incoming WakuRelay connection              topics="waku relay" tid=17471546 connection=16U*dYNeLB:6ac4f4b7e85fd883bd697277 protocol=/vac/waku/relay/2.0.0
[2026-10-06 15:16:39.536] [out] [delivery_module] DBG 2026-10-06 15:16:39.536+02:00 starting pubsub read loop                  topics="libp2p pubsubpeer" tid=17471546 stream=16U*dYNeLB:6ac4f4b7e85fd883bd697277 peer=16U*dYNeLB closed=false
[2026-10-06 15:16:39.536] [out] [delivery_module] DBG 2026-10-06 15:16:39.536+02:00 identify: info sent                        topics="libp2p identify" tid=17471546 stream=16U*dYNeLB:6ac4f4b7e85fd883bd697278 info="(peerId: 16Uiu2HAmQauDAKFWE9rB6Ar4BqWEjuUvfBa6jWkkFNEEB5axMHGL, listenAddrs: [/ip4/0.0.0.0/tcp/60187, /ip4/0.0.0.0/udp/57459/quic-v1], addrs: [/ip4/172.20.10.14/tcp/60187, /ip4/172.20.10.14/udp/57459/quic-v1], protocols: [/ipfs/id/1.0.0, /libp2p/autonat/1.0.0, /libp2p/circuit/relay/0.2.0/hop, /vac/waku/metadata/1.0.0, /mix/1.0.0, /logos/service-discovery/1.0.0, /vac/waku/relay/2.0.0, /vac/waku/rendezvous/1.0.0, /ipfs/ping/1.0.0, /vac/waku/lightpush/3.0.0, /vac/waku/lightpush/2.0.0-beta1, /vac/waku/filter-subscribe/2.0.0-beta1, /vac/waku/filter-push/2.0.0-beta1, /vac/waku/peer-exchange/2.0.0-alpha1], protoVersion: ipfs/0.1.0, agentVersion: logos-delivery-v0.39.0-gca2814)"
[2026-10-06 15:16:39.536] [out] [delivery_module] DBG 2026-10-06 15:16:39.536+02:00 identify: info received                    topics="libp2p identify" tid=17471546 stream=16U*dYNeLB:6ac4f4b7e85fd883bd697276 pubkey=ok(sec...cb59)) addresses=/ip4/172.20.10.14/tcp/60188,/ip4/172.20.10.14/udp/64211/quic-v1 protocols=/ipfs/id/1.0.0,/libp2p/autonat/1.0.0,/libp2p/circuit/relay/0.2.0/hop,/vac/waku/metadata/1.0.0,/mix/1.0.0,/logos/service-discovery/1.0.0,/vac/waku/relay/2.0.0,/vac/waku/rendezvous/1.0.0,/ipfs/ping/1.0.0,/vac/waku/lightpush/3.0.0,/vac/waku/lightpush/2.0.0-beta1,/vac/waku/filter-subscribe/2.0.0-beta1,/vac/waku/filter-push/2.0.0-beta1,/vac/waku/peer-exchange/2.0.0-alpha1 observable_address=ok(/ip4/172.20.10.14/udp/57459/quic-v1) proto_version=ipfs/0.1.0 agent_version=logos-delivery-v0.39.0-gca2814 signedPeerRecord=None
[2026-10-06 15:16:39.537] [out] [delivery_module] DBG 2026-10-06 15:16:39.537+02:00 Event identified                           topics="waku node peer_manager" tid=17471546 peerId=16U*dYNeLB
[2026-10-06 15:16:39.537] [out] [delivery_module] DBG 2026-10-06 15:16:39.537+02:00 Creating stream                            tid=17471546
[2026-10-06 15:16:39.537] [out] [delivery_module] DBG 2026-10-06 15:16:39.537+02:00 New stream created                         tid=17471546
[2026-10-06 15:16:39.537] [out] [delivery_module] DBG 2026-10-06 15:16:39.537+02:00 no listener registered                     tid=17471548 event=onConnectionChange
[2026-10-06 15:16:39.537] [out] [delivery_module] DBG 2026-10-06 15:16:39.537+02:00 starting pubsub read loop                  topics="libp2p pubsubpeer" tid=17471546 stream=16U*dYNeLB:6ac4f4b7e85fd883bd697275 peer=16U*dYNeLB closed=false
[2026-10-06 15:16:39.537] [out] [delivery_module] DBG 2026-10-06 15:16:39.537+02:00 New stream created                         tid=17471546
[2026-10-06 15:16:39.538] [out] [delivery_module] DBG 2026-10-06 15:16:39.538+02:00 no listener registered                     tid=17471548 event=onTopicHealthChange
[2026-10-06 15:16:39.538] [out] [delivery_module] DBG 2026-10-06 15:16:39.538+02:00 Received WakuMetadata request              topics="waku metadata" tid=17471546 remoteClusterId=ok(3) remoteShards="[7]" localClusterId=3 localShards="[7]" peer=16U*dYNeLB
[2026-10-06 15:16:39.538] [out] [delivery_module] DBG 2026-10-06 15:16:39.538+02:00 no listener registered                     tid=17471548 event=onConnectionChange
[2026-10-06 15:16:39.538] [out] [delivery_module] DBG 2026-10-06 15:16:39.538+02:00 Creating stream                            tid=17471546
[2026-10-06 15:16:39.538] [out] [delivery_module] DBG 2026-10-06 15:16:39.538+02:00 New stream created                         tid=17471546
[2026-10-06 15:16:39.540] [out] [delivery_module] DBG 2026-10-06 15:16:39.540+02:00 New stream created                         tid=17471546
[2026-10-06 15:16:39.542] [out] [delivery_module] DBG 2026-10-06 15:16:39.542+02:00 Lookup query                               topics="kad-dht find" tid=17471546 peer=16U*jQfE1X
[2026-10-06 15:16:39.551] [out] [delivery_module] DBG 2026-10-06 15:16:39.551+02:00 no listener registered                     tid=17471548 event=onConnectionChange
[2026-10-06 15:16:39.652] [out] [delivery_module] DBG 2026-10-06 15:16:39.652+02:00 no listener registered                     tid=17471548 event=onConnectionChange
[2026-10-06 15:16:39.652] [out] [delivery_module] DBG 2026-10-06 15:16:39.652+02:00 no listener registered                     tid=17471548 event=onConnectionChange
[2026-10-06 15:16:39.653] [out] [delivery_module] DBG 2026-10-06 15:16:39.653+02:00 Finished dialing multiple peers            tid=17471546 successfulConns=6 attempted=6
[2026-10-06 15:16:39.654] [out] [delivery_module] DBG 2026-10-06 15:16:39.654+02:00 Dialing multiple peers                     topics="waku node peer_manager" tid=17471546 numOfPeers=9 nodes="@[16Uiu2HAmQNy6gx7xKWAhCNN7T7ScjNY1kugZWnXAtkek6w28TTLb, 16Uiu2HAmDNwugFwkuxDP5ULq9GspC89AQr4ybeNsacjGjLjQfE1X, 16Uiu2HAmPyxWdeKDW7dq3s7rG3a2HY7yHxounzRBzXr1EiAPqJP4, 16Uiu2HAmAResE15q4BDR96fpXuErsrxP4kzNDeA9LpPsbh7ZEp3L, 16Uiu2HAm7DKSESFdSYgJZbV7oW6tqs7uDtaVkWGNCuF89jYJ3Zqc, 16Uiu2HAm7h4a2g52pbRFvpTFHVvosQ6PkG5H1PSwwaSJo72FWeUS, 16Uiu2HAkyBL7KSvdkVLMcc318Pw4mocqvbahwrwZReTFWy2gerDZ, 16Uiu2HAmA3Z3Hh2pmZVjXe41tXVSWXJd2yr7DvKMo5mU72JVSpzf, 16Uiu2HAmNyzEGgFwQ1r7QgJdW3JizKRxtQHQDhX35WpEHwoTfm5M]"
[2026-10-06 15:16:39.654] [out] [delivery_module] INF 2026-10-06 15:16:39.654+02:00 Relay peer connections                     topics="waku node peer_manager" tid=17471546 inRelayConns=0/50 outRelayConns=7/25 totalConnections=7/150 notConnectedPeers=9 outsideBackoffPeers=9
[2026-10-06 15:16:39.656] [out] [delivery_module] DBG 2026-10-06 15:16:39.656+02:00 ENR addresses updated                      topics="waku enr" tid=17471546 retained=0 total=0
[2026-10-06 15:16:39.656] [out] [delivery_module] DBG 2026-10-06 15:16:39.656+02:00 Subscribing to pubsub topic                topics="waku relay" tid=17471546 pubsubTopic=/waku/2/rs/3/0
[2026-10-06 15:16:39.657] [out] [delivery_module] DBG 2026-10-06 15:16:39.657+02:00 peer filtering updated                     topics="waku discv5" tid=17471546
[2026-10-06 15:16:39.657] [out] [delivery_module] DBG 2026-10-06 15:16:39.657+02:00 ENR shards updated                         topics="waku discv5" tid=17471546 enrUri=enr:-K24QLWdQWKZ7ENB9DKlXyLNMN8SJhSHABjPSFNOd3ETkyf2aclGbDlkjxeX1TU46goMS8pa45Zspx1OgzsR_P0QDlIHgmlkgnY0im11bHRpYWRkcnOAgnJzkwADCAAAAAEAAgADAAQABQAGAAeJc2VjcDI1NmsxoQOxQBufO0xUrJZ7wTqxeQuHcw4ilczU2T0xzSKHxqKN6YN0Y3CC6xuDdWRwgspihXdha3UyLQ add=true
[2026-10-06 15:16:39.657] [out] [delivery_module] DBG 2026-10-06 15:16:39.657+02:00 Subscribing to pubsub topic                topics="waku relay" tid=17471546 pubsubTopic=/waku/2/rs/3/1
[2026-10-06 15:16:39.657] [out] [delivery_module] DBG 2026-10-06 15:16:39.657+02:00 peer filtering updated                     topics="waku discv5" tid=17471546
[2026-10-06 15:16:39.657] [out] [delivery_module] DBG 2026-10-06 15:16:39.657+02:00 ENR shards updated                         topics="waku discv5" tid=17471546 enrUri=enr:-K24QBgQze6UeJ2v8lNbrROFnCtGxT4WHLsDHQvQkN2sKa1wMGFu8kkiJnhpWSdfZUse6n03vovVAPlNjgsXep2u2c0IgmlkgnY0im11bHRpYWRkcnOAgnJzkwADCAAAAAEAAgADAAQABQAGAAeJc2VjcDI1NmsxoQOxQBufO0xUrJZ7wTqxeQuHcw4ilczU2T0xzSKHxqKN6YN0Y3CC6xuDdWRwgspihXdha3UyLQ add=true
[2026-10-06 15:16:39.657] [out] [delivery_module] DBG 2026-10-06 15:16:39.657+02:00 Subscribing to pubsub topic                topics="waku relay" tid=17471546 pubsubTopic=/waku/2/rs/3/2
[2026-10-06 15:16:39.658] [out] [delivery_module] DBG 2026-10-06 15:16:39.658+02:00 peer filtering updated                     topics="waku discv5" tid=17471546
[2026-10-06 15:16:39.658] [out] [delivery_module] DBG 2026-10-06 15:16:39.658+02:00 ENR shards updated                         topics="waku discv5" tid=17471546 enrUri=enr:-K24QNpzWh68zUa3LcfvS-G6mxMXBb3dghQIg3BTAiqr8jO5N8eNPTIhBrztmvxeeYRp5dEIzRsSpL7y5n9rU6Xbl5gJgmlkgnY0im11bHRpYWRkcnOAgnJzkwADCAAAAAEAAgADAAQABQAGAAeJc2VjcDI1NmsxoQOxQBufO0xUrJZ7wTqxeQuHcw4ilczU2T0xzSKHxqKN6YN0Y3CC6xuDdWRwgspihXdha3UyLQ add=true
[2026-10-06 15:16:39.658] [out] [delivery_module] DBG 2026-10-06 15:16:39.658+02:00 Subscribing to pubsub topic                topics="waku relay" tid=17471546 pubsubTopic=/waku/2/rs/3/3
[2026-10-06 15:16:39.658] [out] [delivery_module] DBG 2026-10-06 15:16:39.658+02:00 peer filtering updated                     topics="waku discv5" tid=17471546
[2026-10-06 15:16:39.658] [out] [delivery_module] DBG 2026-10-06 15:16:39.658+02:00 ENR shards updated                         topics="waku discv5" tid=17471546 enrUri=enr:-K24QPm1g1ZRao716-DwwIz5lKaclMgAUsy4lzXqYDAoS6EGbUnWj_O-evhjVgwgg_bXzMu3Ia08KEESKE2BNb8JqxwKgmlkgnY0im11bHRpYWRkcnOAgnJzkwADCAAAAAEAAgADAAQABQAGAAeJc2VjcDI1NmsxoQOxQBufO0xUrJZ7wTqxeQuHcw4ilczU2T0xzSKHxqKN6YN0Y3CC6xuDdWRwgspihXdha3UyLQ add=true
[2026-10-06 15:16:39.658] [out] [delivery_module] DBG 2026-10-06 15:16:39.658+02:00 Subscribing to pubsub topic                topics="waku relay" tid=17471546 pubsubTopic=/waku/2/rs/3/4
[2026-10-06 15:16:39.659] [out] [delivery_module] DBG 2026-10-06 15:16:39.659+02:00 peer filtering updated                     topics="waku discv5" tid=17471546
[2026-10-06 15:16:39.659] [out] [delivery_module] DBG 2026-10-06 15:16:39.659+02:00 ENR shards updated                         topics="waku discv5" tid=17471546 enrUri=enr:-K24QGxqFib8Th0eUgF5tmNC7p8F78zEThgBV7ias1DCy30nKDCmIyXduCW-fn8zac7UdVXjMaHuO4LWaSRUVWF6aI8LgmlkgnY0im11bHRpYWRkcnOAgnJzkwADCAAAAAEAAgADAAQABQAGAAeJc2VjcDI1NmsxoQOxQBufO0xUrJZ7wTqxeQuHcw4ilczU2T0xzSKHxqKN6YN0Y3CC6xuDdWRwgspihXdha3UyLQ add=true
[2026-10-06 15:16:39.659] [out] [delivery_module] DBG 2026-10-06 15:16:39.659+02:00 Subscribing to pubsub topic                topics="waku relay" tid=17471546 pubsubTopic=/waku/2/rs/3/5
[2026-10-06 15:16:39.659] [out] [delivery_module] DBG 2026-10-06 15:16:39.659+02:00 peer filtering updated                     topics="waku discv5" tid=17471546
[2026-10-06 15:16:39.659] [out] [delivery_module] DBG 2026-10-06 15:16:39.659+02:00 ENR shards updated                         topics="waku discv5" tid=17471546 enrUri=enr:-K24QOpqaheMKHkMmsFARzWFOoGQRE8hrjlNzYf_giiN050UULVZydI5Gd696Wp7ch0F0r3xzXvMQ0DIPLJV56tPPYgMgmlkgnY0im11bHRpYWRkcnOAgnJzkwADCAAAAAEAAgADAAQABQAGAAeJc2VjcDI1NmsxoQOxQBufO0xUrJZ7wTqxeQuHcw4ilczU2T0xzSKHxqKN6YN0Y3CC6xuDdWRwgspihXdha3UyLQ add=true
[2026-10-06 15:16:39.659] [out] [delivery_module] DBG 2026-10-06 15:16:39.659+02:00 Subscribing to pubsub topic                topics="waku relay" tid=17471546 pubsubTopic=/waku/2/rs/3/6
[2026-10-06 15:16:39.659] [out] [delivery_module] DBG 2026-10-06 15:16:39.659+02:00 peer filtering updated                     topics="waku discv5" tid=17471546
[2026-10-06 15:16:39.659] [out] [delivery_module] DBG 2026-10-06 15:16:39.659+02:00 ENR shards updated                         topics="waku discv5" tid=17471546 enrUri=enr:-K24QOzPfoJ5zKHGxW6qq6SIHRuPKfhirB5OTmGcUuaCC_4tZnZYyzH80sfTZpdCqAsFaeGrVa0UjfuxQcgG6kNtMUoNgmlkgnY0im11bHRpYWRkcnOAgnJzkwADCAAAAAEAAgADAAQABQAGAAeJc2VjcDI1NmsxoQOxQBufO0xUrJZ7wTqxeQuHcw4ilczU2T0xzSKHxqKN6YN0Y3CC6xuDdWRwgspihXdha3UyLQ add=true
[2026-10-06 15:16:39.660] [out] [delivery_module] NTC 2026-10-06 15:16:39.659+02:00 ENR carries no reachable host, so peers cannot dial this node. Set --nat, --ext-ip, --dns4-domain-name or --ext-multiaddr to advertise one topics="wakunode waku" tid=17471546
[2026-10-06 15:16:39.660] [out] [delivery_module] DBG 2026-10-06 15:16:39.660+02:00 register interest                          topics="service-disco discoverer" tid=17471546 service=/logos/delivery serviceId=key:E6738033B5D413D13CF58622CEB4EF8F392E8D4EB073B56A5486CB0431B2F5D8
[2026-10-06 15:16:39.661] [out] [delivery_module] DBG 2026-10-06 15:16:39.661+02:00 Lookup query                               topics="kad-dht find" tid=17471546 peer=16U*P1S397
[2026-10-06 15:16:39.661] [out] [delivery_module] DBG 2026-10-06 15:16:39.661+02:00 Lookup query                               topics="kad-dht find" tid=17471546 peer=16U*T3UNSE
[2026-10-06 15:16:39.661] [out] [delivery_module] DBG 2026-10-06 15:16:39.661+02:00 Lookup query                               topics="kad-dht find" tid=17471546 peer=16U*dYNeLB
[2026-10-06 15:16:39.661] [out] [delivery_module] DBG 2026-10-06 15:16:39.661+02:00 Lookup query                               topics="kad-dht find" tid=17471546 peer=16U*VpJprH
[2026-10-06 15:16:39.661] [out] [delivery_module] DBG 2026-10-06 15:16:39.661+02:00 Lookup query                               topics="kad-dht find" tid=17471546 peer=16U*kGyuEP
[2026-10-06 15:16:39.661] [out] [delivery_module] DBG 2026-10-06 15:16:39.661+02:00 Lookup query                               topics="kad-dht find" tid=17471546 peer=16U*NSkuby
[2026-10-06 15:16:39.661] [out] [delivery_module] DBG 2026-10-06 15:16:39.661+02:00 Lookup query                               topics="kad-dht find" tid=17471546 peer=16U*TwqBiH
[2026-10-06 15:16:39.661] [out] [delivery_module] DBG 2026-10-06 15:16:39.661+02:00 Added service to discover                  topics="waku service discovery" tid=17471546 service=/logos/delivery
[2026-10-06 15:16:39.661] [out] [delivery_module] DBG 2026-10-06 15:16:39.661+02:00 Added provided service                     topics="service-disco advertiser" tid=17471546 service=/logos/delivery serviceId=key:E6738033B5D413D13CF58622CEB4EF8F392E8D4EB073B56A5486CB0431B2F5D8
[2026-10-06 15:16:39.662] [out] [delivery_module] DBG 2026-10-06 15:16:39.662+02:00 Creating stream                            tid=17471546
[2026-10-06 15:16:39.662] [out] [delivery_module] DBG 2026-10-06 15:16:39.662+02:00 New stream created                         tid=17471546
[2026-10-06 15:16:39.662] [out] [delivery_module] DBG 2026-10-06 15:16:39.662+02:00 Cannot insert self in routing table        topics="kad-dht rtable" tid=17471546 nodeId=key:00250802122103B1401B9F3B4C54AC967BC13AB1790B87730E2295CCD4D93D31CD2287C6A28DE9
[2026-10-06 15:16:39.663] [out] [delivery_module] DBG 2026-10-06 15:16:39.663+02:00 Cannot insert self in routing table        topics="kad-dht rtable" tid=17471546 nodeId=key:00250802122103B1401B9F3B4C54AC967BC13AB1790B87730E2295CCD4D93D31CD2287C6A28DE9
[2026-10-06 15:16:39.664] [out] [delivery_module] DBG 2026-10-06 15:16:39.664+02:00 Added service to advertise                 topics="waku service discovery" tid=17471546 service=/logos/delivery
[2026-10-06 15:16:39.664] [out] [delivery_module] INF 2026-10-06 15:16:39.664+02:00 advertising this node on the delivery network topics="waku discovery advertise" tid=17471546 backend=service protocols="[/vac/waku/relay/2.0.0, /vac/waku/filter-subscribe/2.0.0-beta1, /vac/waku/lightpush/3.0.0, /mix/1.0.0]"
[2026-10-06 15:16:39.664] [out] [delivery_module] DBG 2026-10-06 15:16:39.664+02:00 register interest                          topics="service-disco discoverer" tid=17471546 service=/mix/1.0.0 serviceId=key:913B5C5DBE691438693215140388EC0C7DE80DE328BDE5BD7FC06F90568CEA40
[2026-10-06 15:16:39.664] [out] [delivery_module] DBG 2026-10-06 15:16:39.664+02:00 Lookup query                               topics="kad-dht find" tid=17471546 peer=16U*kGyuEP
[2026-10-06 15:16:39.664] [out] [delivery_module] DBG 2026-10-06 15:16:39.664+02:00 Lookup query                               topics="kad-dht find" tid=17471546 peer=16U*T3UNSE
[2026-10-06 15:16:39.664] [out] [delivery_module] DBG 2026-10-06 15:16:39.664+02:00 Lookup query                               topics="kad-dht find" tid=17471546 peer=16U*P1S397
[2026-10-06 15:16:39.664] [out] [delivery_module] DBG 2026-10-06 15:16:39.664+02:00 Lookup query                               topics="kad-dht find" tid=17471546 peer=16U*dYNeLB
[2026-10-06 15:16:39.665] [out] [delivery_module] DBG 2026-10-06 15:16:39.664+02:00 Lookup query                               topics="kad-dht find" tid=17471546 peer=16U*VpJprH
[2026-10-06 15:16:39.665] [out] [delivery_module] DBG 2026-10-06 15:16:39.664+02:00 Lookup query                               topics="kad-dht find" tid=17471546 peer=16U*TwqBiH
[2026-10-06 15:16:39.665] [out] [delivery_module] DBG 2026-10-06 15:16:39.665+02:00 Lookup query                               topics="kad-dht find" tid=17471546 peer=16U*NSkuby
[2026-10-06 15:16:39.665] [out] [delivery_module] DBG 2026-10-06 15:16:39.665+02:00 Added service to discover                  topics="waku service discovery" tid=17471546 service=/mix/1.0.0
[2026-10-06 15:16:39.665] [out] [delivery_module] DBG 2026-10-06 15:16:39.665+02:00 Added provided service                     topics="service-disco advertiser" tid=17471546 service=/mix/1.0.0 serviceId=key:913B5C5DBE691438693215140388EC0C7DE80DE328BDE5BD7FC06F90568CEA40
[2026-10-06 15:16:39.665] [out] [delivery_module] DBG 2026-10-06 15:16:39.665+02:00 Creating stream                            tid=17471546
[2026-10-06 15:16:39.665] [out] [delivery_module] DBG 2026-10-06 15:16:39.665+02:00 New stream created                         tid=17471546
[2026-10-06 15:16:39.666] [out] [delivery_module] DBG 2026-10-06 15:16:39.666+02:00 Added service to advertise                 topics="waku service discovery" tid=17471546 service=/mix/1.0.0
[2026-10-06 15:16:39.666] [out] [delivery_module] INF 2026-10-06 15:16:39.666+02:00 advertising this node as a mix node        topics="waku discovery advertise" tid=17471546 backend=service
[2026-10-06 15:16:39.666] [out] [delivery_module] INF 2026-10-06 15:16:39.666+02:00 Node is online                             topics="waku online monitor" tid=17471546
[2026-10-06 15:16:39.666] [out] [delivery_module] INF 2026-10-06 15:16:39.666+02:00 Health monitor loop start                  tid=17471546
[2026-10-06 15:16:39.668] [out] [delivery_module] DBG 2026-10-06 15:16:39.668+02:00 calculateConnectionState                   tid=17471546 relayCount=7 storeClientCount=6 lightpushCount=7 filterCount=7
[2026-10-06 15:16:39.668] [out] [delivery_module] DBG 2026-10-06 15:16:39.668+02:00 connectionStatus change                    tid=17471546 oldstatus=Disconnected newstatus=Connected
[2026-10-06 15:16:39.668] [out] [delivery_module] INF 2026-10-06 15:16:39.668+02:00 starting keepalive                         tid=17471546 randomPeersKeepalive=10s allPeersKeepalive=2m
[2026-10-06 15:16:39.668] [out] [delivery_module] DBG 2026-10-06 15:16:39.668+02:00 no listener registered                     tid=17471548 event=onTopicHealthChange
[2026-10-06 15:16:39.668] [out] [delivery_module] DBG 2026-10-06 15:16:39.668+02:00 no listener registered                     tid=17471548 event=onTopicHealthChange
[2026-10-06 15:16:39.668] [out] [delivery_module] DBG 2026-10-06 15:16:39.668+02:00 no listener registered                     tid=17471548 event=onTopicHealthChange
[2026-10-06 15:16:39.668] [out] [delivery_module] DBG 2026-10-06 15:16:39.668+02:00 no listener registered                     tid=17471548 event=onTopicHealthChange
[2026-10-06 15:16:39.668] [out] [delivery_module] DBG 2026-10-06 15:16:39.668+02:00 no listener registered                     tid=17471548 event=onTopicHealthChange
[2026-10-06 15:16:39.668] [out] [delivery_module] DBG 2026-10-06 15:16:39.668+02:00 no listener registered                     tid=17471548 event=onTopicHealthChange
[2026-10-06 15:16:39.668] [out] [delivery_module] DBG 2026-10-06 15:16:39.668+02:00 no listener registered                     tid=17471548 event=onTopicHealthChange
[2026-10-06 15:16:39.669] [info] [logos] [delivery_module] DeliveryModuleImpl::send called with contentTopic: /lp0026forum/1/general/text
[2026-10-06 15:16:39.678] [out] [delivery_module] DBG 2026-10-06 15:16:39.678+02:00 New stream created                         tid=17471546
[2026-10-06 15:16:39.678] [out] [delivery_module] DBG 2026-10-06 15:16:39.678+02:00 New stream created                         tid=17471546
[2026-10-06 15:16:39.678] [out] [delivery_module] DBG 2026-10-06 15:16:39.678+02:00 SendService.send: processing delivery task topics="send service" tid=17471546 requestId=ae9aef3488b9e3fe8e78 msgHash=0xbcfece8a8e16c7d6ad0ebaf6bf35141b568128e937faf76d3ab77a85611c9fdc
[2026-10-06 15:16:39.679] [out] [delivery_module] DBG 2026-10-06 15:16:39.679+02:00 Trying message delivery via Mix            topics="send service mix processor" tid=17471546 requestId=ae9aef3488b9e3fe8e78 msgHash=0xbcfece8a8e16c7d6ad0ebaf6bf35141b568128e937faf76d3ab77a85611c9fdc tryCount=1
[2026-10-06 15:16:39.679] [out] [delivery_module] DBG 2026-10-06 15:16:39.679+02:00 Publishing message without RLN proof       tid=17471546
[2026-10-06 15:16:39.679] [out] [delivery_module] DBG 2026-10-06 15:16:39.679+02:00 Publishing message with lightpush          topics="waku node lightpush api" tid=17471546 pubsubTopic=/waku/2/rs/3/7 contentTopic=/lp0026forum/1/general/text target_peer_id=16U*kGyuEP msg_hash=0xbcfece8a8e16c7d6ad0ebaf6bf35141b568128e937faf76d3ab77a85611c9fdc mixify=true
[2026-10-06 15:16:39.679] [out] [delivery_module] DBG 2026-10-06 15:16:39.679+02:00 Publish                                    topics="waku lightpush client" tid=17471546 myPeerId=16U*axMHGL peerId= msgHash=0xbcfece8a8e16c7d6ad0ebaf6bf35141b568128e937faf76d3ab77a85611c9fdc sentTime=1791292599679243008
[2026-10-06 15:16:39.679] [out] [delivery_module] DBG 2026-10-06 15:16:39.679+02:00 Destination data                           tid=17471546 destination=MixDestination[MixNode](16Uiu2HAm8YokiNun9BkeA1ZRmhLbtNUvcwRr64F69tYj9fkGyuEP)
[2026-10-06 15:16:39.679] [out] [delivery_module] DBG 2026-10-06 15:16:39.679+02:00 Selected mix node:                         tid=17471546 indexInPath=0 peerId=16U*P1S397
[2026-10-06 15:16:39.679] [out] [delivery_module] DBG 2026-10-06 15:16:39.679+02:00 Selected mix node:                         tid=17471546 indexInPath=1 peerId=16U*VpJprH
[2026-10-06 15:16:39.679] [out] [delivery_module] DBG 2026-10-06 15:16:39.679+02:00 Selected mix node:                         tid=17471546 indexInPath=2 peerId=16U*kGyuEP
[2026-10-06 15:16:39.679] [out] [delivery_module] DBG 2026-10-06 15:16:39.679+02:00 Selected mix node for surbs:               tid=17471546 indexInPath=0 peerId=16U*T3UNSE
[2026-10-06 15:16:39.679] [out] [delivery_module] DBG 2026-10-06 15:16:39.679+02:00 Selected mix node for surbs:               tid=17471546 indexInPath=1 peerId=16U*P1S397
[2026-10-06 15:16:39.683] [info] [logos] [delivery_module] DeliveryModuleImpl: Send initiated for topic: /lp0026forum/1/general/text, with success, requestId: ae9aef3488b9e3fe8e78
[2026-10-06 15:16:39.772] [out] [delivery_module] DBG 2026-10-06 15:16:39.772+02:00 calculateConnectionState                   tid=17471546 relayCount=7 storeClientCount=6 lightpushCount=7 filterCount=7
[2026-10-06 15:16:39.806] [out] [delivery_module] DBG 2026-10-06 15:16:39.806+02:00 getting adverts                            topics="service-disco discoverer" tid=17471546 serviceId=key:913B5C5DBE691438693215140388EC0C7DE80DE328BDE5BD7FC06F90568CEA40 registrar=16U*NSkuby
[2026-10-06 15:16:39.807] [out] [delivery_module] DBG 2026-10-06 15:16:39.807+02:00 getting adverts                            topics="service-disco discoverer" tid=17471546 serviceId=key:913B5C5DBE691438693215140388EC0C7DE80DE328BDE5BD7FC06F90568CEA40 registrar=16U*TwqBiH
[2026-10-06 15:16:39.807] [out] [delivery_module] DBG 2026-10-06 15:16:39.807+02:00 getting adverts                            topics="service-disco discoverer" tid=17471546 serviceId=key:913B5C5DBE691438693215140388EC0C7DE80DE328BDE5BD7FC06F90568CEA40 registrar=16U*axMHGL
[2026-10-06 15:16:39.807] [out] [delivery_module] DBG 2026-10-06 15:16:39.807+02:00 Cannot insert self in routing table        topics="kad-dht rtable" tid=17471546 nodeId=key:00250802122103B1401B9F3B4C54AC967BC13AB1790B87730E2295CCD4D93D31CD2287C6A28DE9
[2026-10-06 15:16:39.807] [out] [delivery_module] DBG 2026-10-06 15:16:39.807+02:00 adverts found                              topics="service-disco discoverer" tid=17471546 serviceId=key:913B5C5DBE691438693215140388EC0C7DE80DE328BDE5BD7FC06F90568CEA40 remote=16U*axMHGL count=0
[2026-10-06 15:16:39.807] [out] [delivery_module] DBG 2026-10-06 15:16:39.807+02:00 getting adverts                            topics="service-disco discoverer" tid=17471546 serviceId=key:E6738033B5D413D13CF58622CEB4EF8F392E8D4EB073B56A5486CB0431B2F5D8 registrar=16U*TwqBiH
[2026-10-06 15:16:39.807] [out] [delivery_module] DBG 2026-10-06 15:16:39.807+02:00 getting adverts                            topics="service-disco discoverer" tid=17471546 serviceId=key:E6738033B5D413D13CF58622CEB4EF8F392E8D4EB073B56A5486CB0431B2F5D8 registrar=16U*NSkuby
[2026-10-06 15:16:39.807] [out] [delivery_module] DBG 2026-10-06 15:16:39.807+02:00 getting adverts                            topics="service-disco discoverer" tid=17471546 serviceId=key:E6738033B5D413D13CF58622CEB4EF8F392E8D4EB073B56A5486CB0431B2F5D8 registrar=16U*axMHGL
[2026-10-06 15:16:39.807] [out] [delivery_module] DBG 2026-10-06 15:16:39.807+02:00 Cannot insert self in routing table        topics="kad-dht rtable" tid=17471546 nodeId=key:00250802122103B1401B9F3B4C54AC967BC13AB1790B87730E2295CCD4D93D31CD2287C6A28DE9
[2026-10-06 15:16:39.808] [out] [delivery_module] DBG 2026-10-06 15:16:39.808+02:00 adverts found                              topics="service-disco discoverer" tid=17471546 serviceId=key:E6738033B5D413D13CF58622CEB4EF8F392E8D4EB073B56A5486CB0431B2F5D8 remote=16U*axMHGL count=1
[2026-10-06 15:16:39.926] [out] [delivery_module] DBG 2026-10-06 15:16:39.926+02:00 calculateConnectionState                   tid=17471546 relayCount=7 storeClientCount=6 lightpushCount=7 filterCount=7
[2026-10-06 15:16:39.931] [out] [delivery_module] DBG 2026-10-06 15:16:39.931+02:00 Lookup query                               topics="kad-dht find" tid=17471546 peer=16U*7ZEp3L
[2026-10-06 15:16:39.931] [out] [delivery_module] DBG 2026-10-06 15:16:39.931+02:00 Lookup query                               topics="kad-dht find" tid=17471546 peer=16U*2FWeUS
[2026-10-06 15:16:39.931] [out] [delivery_module] DBG 2026-10-06 15:16:39.931+02:00 Lookup query                               topics="kad-dht find" tid=17471546 peer=16U*oTfm5M
[2026-10-06 15:16:39.931] [out] [delivery_module] DBG 2026-10-06 15:16:39.931+02:00 Lookup query                               topics="kad-dht find" tid=17471546 peer=16U*YJ3Zqc
[2026-10-06 15:16:39.931] [out] [delivery_module] DBG 2026-10-06 15:16:39.931+02:00 Lookup query                               topics="kad-dht find" tid=17471546 peer=16U*jQfE1X
[2026-10-06 15:16:40.027] [out] [delivery_module] DBG 2026-10-06 15:16:40.027+02:00 calculateConnectionState                   tid=17471546 relayCount=7 storeClientCount=6 lightpushCount=7 filterCount=7
[2026-10-06 15:16:40.178] [out] [delivery_module] DBG 2026-10-06 15:16:40.178+02:00 calculateConnectionState                   tid=17471546 relayCount=7 storeClientCount=6 lightpushCount=7 filterCount=7
[2026-10-06 15:16:40.357] [out] [delivery_module] DBG 2026-10-06 15:16:40.357+02:00 Lookup query                               topics="kad-dht find" tid=17471546 peer=16U*APqJP4
[2026-10-06 15:16:40.440] [out] [delivery_module] DBG 2026-10-06 15:16:40.440+02:00 no listener registered                     tid=17471548 event=onTopicHealthChange
[2026-10-06 15:16:40.441] [out] [delivery_module] DBG 2026-10-06 15:16:40.441+02:00 no listener registered                     tid=17471548 event=onTopicHealthChange
[2026-10-06 15:16:40.441] [out] [delivery_module] DBG 2026-10-06 15:16:40.441+02:00 no listener registered                     tid=17471548 event=onTopicHealthChange
[2026-10-06 15:16:40.442] [out] [delivery_module] DBG 2026-10-06 15:16:40.442+02:00 no listener registered                     tid=17471548 event=onTopicHealthChange
[2026-10-06 15:16:40.442] [out] [delivery_module] DBG 2026-10-06 15:16:40.442+02:00 no listener registered                     tid=17471548 event=onTopicHealthChange
[2026-10-06 15:16:40.443] [out] [delivery_module] DBG 2026-10-06 15:16:40.443+02:00 no listener registered                     tid=17471548 event=onTopicHealthChange
[2026-10-06 15:16:40.444] [out] [delivery_module] DBG 2026-10-06 15:16:40.444+02:00 calculateConnectionState                   tid=17471546 relayCount=7 storeClientCount=6 lightpushCount=7 filterCount=7
[2026-10-06 15:16:40.760] [out] [delivery_module] DBG 2026-10-06 15:16:40.760+02:00 calculateConnectionState                   tid=17471546 relayCount=7 storeClientCount=6 lightpushCount=7 filterCount=7
[2026-10-06 15:16:40.793] [out] [delivery_module] DBG 2026-10-06 15:16:40.793+02:00 Lookup query                               topics="kad-dht find" tid=17471546 peer=16U*P1S397
[2026-10-06 15:16:40.793] [out] [delivery_module] DBG 2026-10-06 15:16:40.793+02:00 Lookup query                               topics="kad-dht find" tid=17471546 peer=16U*T3UNSE
[2026-10-06 15:16:40.793] [out] [delivery_module] DBG 2026-10-06 15:16:40.793+02:00 Lookup query                               topics="kad-dht find" tid=17471546 peer=16U*kGyuEP
[2026-10-06 15:16:40.793] [out] [delivery_module] DBG 2026-10-06 15:16:40.793+02:00 Lookup query                               topics="kad-dht find" tid=17471546 peer=16U*JVSpzf
[2026-10-06 15:16:40.795] [out] [delivery_module] DBG 2026-10-06 15:16:40.795+02:00 Kad lookup: RPC error                      topics="kad-dht find" tid=17471546 peer=16U*P1S397 msg="readStage: timed out waiting for reply"
[2026-10-06 15:16:40.795] [out] [delivery_module] DBG 2026-10-06 15:16:40.795+02:00 Kad lookup: RPC error                      topics="kad-dht find" tid=17471546 peer=16U*T3UNSE msg="readStage: timed out waiting for reply"
[2026-10-06 15:16:40.795] [out] [delivery_module] DBG 2026-10-06 15:16:40.795+02:00 Kad lookup: RPC error                      topics="kad-dht find" tid=17471546 peer=16U*kGyuEP msg="readStage: timed out waiting for reply"
[2026-10-06 15:16:40.795] [out] [delivery_module] DBG 2026-10-06 15:16:40.795+02:00 Kad lookup: RPC error                      topics="kad-dht find" tid=17471546 peer=16U*TwqBiH msg="readStage: timed out waiting for reply"
[2026-10-06 15:16:40.863] [out] [delivery_module] DBG 2026-10-06 15:16:40.863+02:00 calculateConnectionState                   tid=17471546 relayCount=7 storeClientCount=6 lightpushCount=7 filterCount=7
[2026-10-06 15:16:40.963] [out] [delivery_module] DBG 2026-10-06 15:16:40.963+02:00 no listener registered                     tid=17471548 event=onTopicHealthChange
[2026-10-06 15:16:40.967] [out] [delivery_module] DBG 2026-10-06 15:16:40.966+02:00 calculateConnectionState                   tid=17471546 relayCount=7 storeClientCount=6 lightpushCount=7 filterCount=7
[2026-10-06 15:16:41.071] [out] [delivery_module] DBG 2026-10-06 15:16:41.071+02:00 calculateConnectionState                   tid=17471546 relayCount=7 storeClientCount=6 lightpushCount=7 filterCount=7
[2026-10-06 15:16:41.503] [out] [delivery_module] DBG 2026-10-06 15:16:41.503+02:00 Dialing failed                             topics="libp2p dialer" tid=17471546 description="quic dial timed out after 3s" peerId=16U*7ZEp3L address=/ip4/192.168.1.3/udp/56395/quic-v1 hostname=192.168.1.3
[2026-10-06 15:16:41.503] [out] [delivery_module] DBG 2026-10-06 15:16:41.503+02:00 Dialing failed                             topics="libp2p dialer" tid=17471546 description="quic dial timed out after 3s" peerId=16U*YJ3Zqc address=/ip4/192.168.1.3/udp/58993/quic-v1 hostname=192.168.1.3
[2026-10-06 15:16:41.503] [out] [delivery_module] DBG 2026-10-06 15:16:41.503+02:00 Dialing failed                             topics="libp2p dialer" tid=17471546 description="quic dial timed out after 3s" peerId=16U*oTfm5M address=/ip4/10.1.0.15/udp/59973/quic-v1 hostname=10.1.0.15
[2026-10-06 15:16:41.503] [out] [delivery_module] DBG 2026-10-06 15:16:41.503+02:00 Dialing failed                             topics="libp2p dialer" tid=17471546 description="quic dial timed out after 3s" peerId=16U*APqJP4 address=/ip4/172.20.10.14/udp/58562/quic-v1 hostname=172.20.10.14
[2026-10-06 15:16:41.503] [out] [delivery_module] DBG 2026-10-06 15:16:41.503+02:00 Expanded address and hostname              topics="libp2p dialer" tid=17471546 expandedAddress=/ip4/192.168.1.3/tcp/49737 hostname=192.168.1.3 resolvedAddresses="[/ip4/192.168.1.3/tcp/49737]"
[2026-10-06 15:16:41.504] [out] [delivery_module] DBG 2026-10-06 15:16:41.504+02:00 Expanded address and hostname              topics="libp2p dialer" tid=17471546 expandedAddress=/ip4/192.168.1.3/tcp/56968 hostname=192.168.1.3 resolvedAddresses="[/ip4/192.168.1.3/tcp/56968]"
[2026-10-06 15:16:41.504] [out] [delivery_module] DBG 2026-10-06 15:16:41.504+02:00 Expanded address and hostname              topics="libp2p dialer" tid=17471546 expandedAddress=/ip4/10.1.0.15/tcp/62674 hostname=10.1.0.15 resolvedAddresses="[/ip4/10.1.0.15/tcp/62674]"
[2026-10-06 15:16:41.505] [out] [delivery_module] DBG 2026-10-06 15:16:41.505+02:00 Expanded address and hostname              topics="libp2p dialer" tid=17471546 expandedAddress=/ip4/172.20.10.14/tcp/58630 hostname=172.20.10.14 resolvedAddresses="[/ip4/172.20.10.14/tcp/58630]"
[2026-10-06 15:16:41.505] [out] [delivery_module] DBG 2026-10-06 15:16:41.505+02:00 Dialing failed                             topics="libp2p dialer" tid=17471546 description="quic dial timed out after 3s" peerId=16U*JVSpzf address=/ip4/10.1.0.239/udp/49621/quic-v1 hostname=10.1.0.239
[2026-10-06 15:16:41.505] [out] [delivery_module] DBG 2026-10-06 15:16:41.505+02:00 Expanded address and hostname              topics="libp2p dialer" tid=17471546 expandedAddress=/ip4/10.1.0.239/tcp/50185 hostname=10.1.0.239 resolvedAddresses="[/ip4/10.1.0.239/tcp/50185]"
[2026-10-06 15:16:41.506] [out] [delivery_module] DBG 2026-10-06 15:16:41.506+02:00 Dialing failed                             topics="libp2p dialer" tid=17471546 description="quic dial timed out after 3s" peerId=16U*2gerDZ address=/ip4/192.168.1.3/udp/50790/quic-v1 hostname=192.168.1.3
[2026-10-06 15:16:41.506] [out] [delivery_module] DBG 2026-10-06 15:16:41.506+02:00 Dialing failed                             topics="libp2p dialer" tid=17471546 description="TcpTransport dial error: (61) Connection refused" peerId=16U*APqJP4 address=/ip4/172.20.10.14/tcp/58630 hostname=172.20.10.14
[2026-10-06 15:16:41.506] [out] [delivery_module] DBG 2026-10-06 15:16:41.506+02:00 Expanded address and hostname              topics="libp2p dialer" tid=17471546 expandedAddress=/ip4/192.168.1.3/tcp/56668 hostname=192.168.1.3 resolvedAddresses="[/ip4/192.168.1.3/tcp/56668]"
[2026-10-06 15:16:41.506] [out] [delivery_module] DBG 2026-10-06 15:16:41.506+02:00 Error dialing                              topics="libp2p dialer" tid=17471546 conn=nil peerId=16U*APqJP4 protos="[/logos/service-discovery/1.0.0]" addrs="[/ip4/172.20.10.14/udp/58562/quic-v1, /ip4/172.20.10.14/tcp/58630]" description="Unable to establish outgoing link in establishConnection: peer_id=16U*APqJP4 addrs=@[/ip4/172.20.10.14/udp/58562/quic-v1, /ip4/172.20.10.14/tcp/58630]"
[2026-10-06 15:16:41.506] [out] [delivery_module] DBG 2026-10-06 15:16:41.506+02:00 Dialing peer                               topics="libp2p dialer" tid=17471546 peerId=16U*APqJP4 addrs="[/ip4/172.20.10.14/udp/58562/quic-v1, /ip4/172.20.10.14/tcp/58630]"
[2026-10-06 15:16:41.506] [out] [delivery_module] DBG 2026-10-06 15:16:41.506+02:00 Expanded address and hostname              topics="libp2p dialer" tid=17471546 expandedAddress=/ip4/172.20.10.14/udp/58562/quic-v1 hostname=172.20.10.14 resolvedAddresses="[/ip4/172.20.10.14/udp/58562/quic-v1]"
[2026-10-06 15:16:41.506] [out] [delivery_module] DBG 2026-10-06 15:16:41.506+02:00 New connection established: client         tid=17471546
[2026-10-06 15:16:41.630] [out] [delivery_module] DBG 2026-10-06 15:16:41.630+02:00 calculateConnectionState                   tid=17471546 relayCount=7 storeClientCount=6 lightpushCount=7 filterCount=7
[2026-10-06 15:16:41.735] [out] [delivery_module] DBG 2026-10-06 15:16:41.735+02:00 calculateConnectionState                   tid=17471546 relayCount=7 storeClientCount=6 lightpushCount=7 filterCount=7
[2026-10-06 15:16:41.744] [out] [delivery_module] DBG 2026-10-06 15:16:41.744+02:00 Lookup query                               topics="kad-dht find" tid=17471546 peer=16U*2FWeUS
[2026-10-06 15:16:41.744] [out] [delivery_module] DBG 2026-10-06 15:16:41.744+02:00 Lookup query                               topics="kad-dht find" tid=17471546 peer=16U*oTfm5M
[2026-10-06 15:16:41.744] [out] [delivery_module] DBG 2026-10-06 15:16:41.744+02:00 Lookup query                               topics="kad-dht find" tid=17471546 peer=16U*YJ3Zqc
[2026-10-06 15:16:41.744] [out] [delivery_module] DBG 2026-10-06 15:16:41.744+02:00 Lookup query                               topics="kad-dht find" tid=17471546 peer=16U*7ZEp3L
[2026-10-06 15:16:41.744] [out] [delivery_module] DBG 2026-10-06 15:16:41.744+02:00 Lookup query                               topics="kad-dht find" tid=17471546 peer=16U*2gerDZ
[2026-10-06 15:16:41.838] [out] [delivery_module] DBG 2026-10-06 15:16:41.838+02:00 calculateConnectionState                   tid=17471546 relayCount=7 storeClientCount=6 lightpushCount=7 filterCount=7
[2026-10-06 15:16:41.941] [out] [delivery_module] DBG 2026-10-06 15:16:41.941+02:00 calculateConnectionState                   tid=17471546 relayCount=7 storeClientCount=6 lightpushCount=7 filterCount=7
[2026-10-06 15:16:42.714] [out] [delivery_module] DBG 2026-10-06 15:16:42.714+02:00 Lookup query                               topics="kad-dht find" tid=17471546 peer=16U*dYNeLB
[2026-10-06 15:16:42.714] [out] [delivery_module] DBG 2026-10-06 15:16:42.714+02:00 Lookup query                               topics="kad-dht find" tid=17471546 peer=16U*JVSpzf
[2026-10-06 15:16:42.718] [out] [delivery_module] DBG 2026-10-06 15:16:42.718+02:00 Lookup query                               topics="kad-dht find" tid=17471546 peer=16U*2gerDZ
[2026-10-06 15:16:42.722] [out] [delivery_module] INF 2026-10-06 15:16:42.722+02:00 Message received                           tid=17471546 msg_hash=0xbcfece8a8e16c7d6ad0ebaf6bf35141b568128e937faf76d3ab77a85611c9fdc contentTopic=/lp0026forum/1/general/text pubsubTopic=/waku/2/rs/3/7 source=live
[2026-10-06 15:16:42.737] [out] [delivery_module] DBG 2026-10-06 15:16:42.737+02:00 adverts found                              topics="service-disco discoverer" tid=17471546 serviceId=key:913B5C5DBE691438693215140388EC0C7DE80DE328BDE5BD7FC06F90568CEA40 remote=16U*NSkuby count=3
[2026-10-06 15:16:42.737] [out] [delivery_module] DBG 2026-10-06 15:16:42.737+02:00 adverts found                              topics="service-disco discoverer" tid=17471546 serviceId=key:E6738033B5D413D13CF58622CEB4EF8F392E8D4EB073B56A5486CB0431B2F5D8 remote=16U*NSkuby count=4
[2026-10-06 15:16:42.754] [out] [delivery_module] INF 2026-10-06 15:16:42.754+02:00 Message received                           tid=17471546 msg_hash=0xb7542f0318a9ffb3d7bb46ae557d10302686771eefd19da13e44ba27fbdb7ecd contentTopic=/lp0026forum/1/general/text pubsubTopic=/waku/2/rs/3/7 source=history
[2026-10-06 15:16:42.754] [out] [delivery_module] INF 2026-10-06 15:16:42.754+02:00 Message received                           tid=17471546 msg_hash=0x5eef117cb902c68e71813244c7fced49ceb4a2ce94a6f52df897f1641da7e8ed contentTopic=/lp0026forum/1/general/text pubsubTopic=/waku/2/rs/3/7 source=history
[2026-10-06 15:16:42.754] [out] [delivery_module] INF 2026-10-06 15:16:42.754+02:00 Message received                           tid=17471546 msg_hash=0x6cc5ce66cabf62a18490918b73022b193ed5b2dfaa1b588b46572d01d335df23 contentTopic=/lp0026forum/1/general/text pubsubTopic=/waku/2/rs/3/7 source=history
[2026-10-06 15:16:42.754] [out] [delivery_module] INF 2026-10-06 15:16:42.754+02:00 Message received                           tid=17471546 msg_hash=0x67e0e3738e8e13f159c339bfa866821b268b59355b691fe9c22b9a2454806b1b contentTopic=/lp0026forum/1/general/text pubsubTopic=/waku/2/rs/3/7 source=history
[2026-10-06 15:16:42.754] [out] [delivery_module] INF 2026-10-06 15:16:42.754+02:00 Message received                           tid=17471546 msg_hash=0xf66f49fa4e44e65704494dea18a7f947dbd0a9897aed6818f433bf6b3e6c501b contentTopic=/lp0026forum/1/general/text pubsubTopic=/waku/2/rs/3/7 source=history
[2026-10-06 15:16:42.796] [out] [delivery_module] DBG 2026-10-06 15:16:42.796+02:00 Lookup query                               topics="kad-dht find" tid=17471546 peer=16U*2gerDZ
[2026-10-06 15:16:42.871] [out] [delivery_module] DBG 2026-10-06 15:16:42.871+02:00 adverts found                              topics="service-disco discoverer" tid=17471546 serviceId=key:913B5C5DBE691438693215140388EC0C7DE80DE328BDE5BD7FC06F90568CEA40 remote=16U*TwqBiH count=3
[2026-10-06 15:16:42.877] [out] [delivery_module] DBG 2026-10-06 15:16:42.877+02:00 getting adverts                            topics="service-disco discoverer" tid=17471546 serviceId=key:913B5C5DBE691438693215140388EC0C7DE80DE328BDE5BD7FC06F90568CEA40 registrar=16U*VpJprH
[2026-10-06 15:16:42.877] [out] [delivery_module] DBG 2026-10-06 15:16:42.877+02:00 getting adverts                            topics="service-disco discoverer" tid=17471546 serviceId=key:913B5C5DBE691438693215140388EC0C7DE80DE328BDE5BD7FC06F90568CEA40 registrar=16U*P1S397
[2026-10-06 15:16:42.877] [out] [delivery_module] DBG 2026-10-06 15:16:42.877+02:00 getting adverts                            topics="service-disco discoverer" tid=17471546 serviceId=key:913B5C5DBE691438693215140388EC0C7DE80DE328BDE5BD7FC06F90568CEA40 registrar=16U*dYNeLB
[2026-10-06 15:16:42.877] [out] [delivery_module] DBG 2026-10-06 15:16:42.877+02:00 Creating stream                            tid=17471546
[2026-10-06 15:16:42.877] [out] [delivery_module] DBG 2026-10-06 15:16:42.877+02:00 New stream created                         tid=17471546
[2026-10-06 15:16:42.877] [out] [delivery_module] DBG 2026-10-06 15:16:42.877+02:00 getting adverts                            topics="service-disco discoverer" tid=17471546 serviceId=key:913B5C5DBE691438693215140388EC0C7DE80DE328BDE5BD7FC06F90568CEA40 registrar=16U*T3UNSE
[2026-10-06 15:16:42.879] [out] [delivery_module] DBG 2026-10-06 15:16:42.879+02:00 adverts found                              topics="service-disco discoverer" tid=17471546 serviceId=key:913B5C5DBE691438693215140388EC0C7DE80DE328BDE5BD7FC06F90568CEA40 remote=16U*dYNeLB count=0
[2026-10-06 15:16:42.886] [out] [delivery_module] DBG 2026-10-06 15:16:42.886+02:00 Dial successful                            topics="libp2p dialer" tid=17471546 peerId=16U*2FWeUS
[2026-10-06 15:16:42.887] [out] [delivery_module] DBG 2026-10-06 15:16:42.887+02:00 starting sendNonHighPriorityTask           topics="libp2p pubsubpeer" tid=17471546 p=16U*2FWeUS
[2026-10-06 15:16:42.887] [out] [delivery_module] DBG 2026-10-06 15:16:42.887+02:00 created new pubsub peer                    topics="libp2p pubsub" tid=17471546 peerId=16U*2FWeUS
[2026-10-06 15:16:42.887] [out] [delivery_module] DBG 2026-10-06 15:16:42.887+02:00 no listener registered                     tid=17471548 event=onConnectionChange
[2026-10-06 15:16:42.888] [out] [delivery_module] DBG 2026-10-06 15:16:42.888+02:00 calculateConnectionState                   tid=17471546 relayCount=7 storeClientCount=6 lightpushCount=7 filterCount=7
[2026-10-06 15:16:42.894] [out] [delivery_module] DBG 2026-10-06 15:16:42.894+02:00 Dial successful                            topics="libp2p dialer" tid=17471546 peerId=16U*28TTLb
[2026-10-06 15:16:42.894] [out] [delivery_module] DBG 2026-10-06 15:16:42.894+02:00 adverts found                              topics="service-disco discoverer" tid=17471546 serviceId=key:E6738033B5D413D13CF58622CEB4EF8F392E8D4EB073B56A5486CB0431B2F5D8 remote=16U*TwqBiH count=6
[2026-10-06 15:16:42.895] [out] [delivery_module] DBG 2026-10-06 15:16:42.895+02:00 starting sendNonHighPriorityTask           topics="libp2p pubsubpeer" tid=17471546 p=16U*28TTLb
[2026-10-06 15:16:42.895] [out] [delivery_module] DBG 2026-10-06 15:16:42.895+02:00 created new pubsub peer                    topics="libp2p pubsub" tid=17471546 peerId=16U*28TTLb
[2026-10-06 15:16:42.895] [out] [delivery_module] DBG 2026-10-06 15:16:42.895+02:00 no listener registered                     tid=17471548 event=onConnectionChange
[2026-10-06 15:16:42.899] [out] [delivery_module] DBG 2026-10-06 15:16:42.899+02:00 getting adverts                            topics="service-disco discoverer" tid=17471546 serviceId=key:E6738033B5D413D13CF58622CEB4EF8F392E8D4EB073B56A5486CB0431B2F5D8 registrar=16U*kGyuEP
[2026-10-06 15:16:42.901] [out] [delivery_module] DBG 2026-10-06 15:16:42.901+02:00 Incoming WakuRelay connection              topics="waku relay" tid=17471546 connection=16U*2FWeUS:6ac4f4bae85fd883bd6972b6 protocol=/vac/waku/relay/2.0.0
[2026-10-06 15:16:42.901] [out] [delivery_module] DBG 2026-10-06 15:16:42.901+02:00 starting pubsub read loop                  topics="libp2p pubsubpeer" tid=17471546 stream=16U*2FWeUS:6ac4f4bae85fd883bd6972b6 peer=16U*2FWeUS closed=false
[2026-10-06 15:16:42.901] [out] [delivery_module] DBG 2026-10-06 15:16:42.901+02:00 identify: info sent                        topics="libp2p identify" tid=17471546 stream=16U*2FWeUS:6ac4f4bae85fd883bd6972b7 info="(peerId: 16Uiu2HAmQauDAKFWE9rB6Ar4BqWEjuUvfBa6jWkkFNEEB5axMHGL, listenAddrs: [/ip4/0.0.0.0/tcp/60187, /ip4/0.0.0.0/udp/57459/quic-v1], addrs: [/ip4/172.20.10.14/tcp/60187, /ip4/172.20.10.14/udp/57459/quic-v1], protocols: [/ipfs/id/1.0.0, /libp2p/autonat/1.0.0, /libp2p/circuit/relay/0.2.0/hop, /vac/waku/metadata/1.0.0, /mix/1.0.0, /logos/service-discovery/1.0.0, /vac/waku/relay/2.0.0, /vac/waku/rendezvous/1.0.0, /ipfs/ping/1.0.0, /vac/waku/lightpush/3.0.0, /vac/waku/lightpush/2.0.0-beta1, /vac/waku/filter-subscribe/2.0.0-beta1, /vac/waku/filter-push/2.0.0-beta1, /vac/waku/peer-exchange/2.0.0-alpha1], protoVersion: ipfs/0.1.0, agentVersion: logos-delivery-v0.39.0-gca2814)"
[2026-10-06 15:16:42.902] [out] [delivery_module] DBG 2026-10-06 15:16:42.902+02:00 Dial successful                            topics="libp2p dialer" tid=17471546 peerId=16U*jQfE1X
[2026-10-06 15:16:42.902] [out] [delivery_module] DBG 2026-10-06 15:16:42.902+02:00 Incoming WakuRelay connection              topics="waku relay" tid=17471546 connection=16U*28TTLb:6ac4f4bae85fd883bd6972b8 protocol=/vac/waku/relay/2.0.0
[2026-10-06 15:16:42.902] [out] [delivery_module] DBG 2026-10-06 15:16:42.902+02:00 starting pubsub read loop                  topics="libp2p pubsubpeer" tid=17471546 stream=16U*28TTLb:6ac4f4bae85fd883bd6972b8 peer=16U*28TTLb closed=false
[2026-10-06 15:16:42.902] [out] [delivery_module] DBG 2026-10-06 15:16:42.902+02:00 identify: info sent                        topics="libp2p identify" tid=17471546 stream=16U*28TTLb:6ac4f4bae85fd883bd6972b9 info="(peerId: 16Uiu2HAmQauDAKFWE9rB6Ar4BqWEjuUvfBa6jWkkFNEEB5axMHGL, listenAddrs: [/ip4/0.0.0.0/tcp/60187, /ip4/0.0.0.0/udp/57459/quic-v1], addrs: [/ip4/172.20.10.14/tcp/60187, /ip4/172.20.10.14/udp/57459/quic-v1], protocols: [/ipfs/id/1.0.0, /libp2p/autonat/1.0.0, /libp2p/circuit/relay/0.2.0/hop, /vac/waku/metadata/1.0.0, /mix/1.0.0, /logos/service-discovery/1.0.0, /vac/waku/relay/2.0.0, /vac/waku/rendezvous/1.0.0, /ipfs/ping/1.0.0, /vac/waku/lightpush/3.0.0, /vac/waku/lightpush/2.0.0-beta1, /vac/waku/filter-subscribe/2.0.0-beta1, /vac/waku/filter-push/2.0.0-beta1, /vac/waku/peer-exchange/2.0.0-alpha1], protoVersion: ipfs/0.1.0, agentVersion: logos-delivery-v0.39.0-gca2814)"
[2026-10-06 15:16:42.902] [out] [delivery_module] DBG 2026-10-06 15:16:42.902+02:00 starting sendNonHighPriorityTask           topics="libp2p pubsubpeer" tid=17471546 p=16U*jQfE1X
[2026-10-06 15:16:42.902] [out] [delivery_module] DBG 2026-10-06 15:16:42.902+02:00 created new pubsub peer                    topics="libp2p pubsub" tid=17471546 peerId=16U*jQfE1X
[2026-10-06 15:16:42.902] [out] [delivery_module] DBG 2026-10-06 15:16:42.902+02:00 no listener registered                     tid=17471548 event=onConnectionChange
[2026-10-06 15:16:42.902] [out] [delivery_module] DBG 2026-10-06 15:16:42.902+02:00 Incoming WakuRelay connection              topics="waku relay" tid=17471546 connection=16U*jQfE1X:6ac4f4bae85fd883bd6972ba protocol=/vac/waku/relay/2.0.0
[2026-10-06 15:16:42.902] [out] [delivery_module] DBG 2026-10-06 15:16:42.902+02:00 starting pubsub read loop                  topics="libp2p pubsubpeer" tid=17471546 stream=16U*jQfE1X:6ac4f4bae85fd883bd6972ba peer=16U*jQfE1X closed=false
[2026-10-06 15:16:42.902] [out] [delivery_module] DBG 2026-10-06 15:16:42.902+02:00 identify: info sent                        topics="libp2p identify" tid=17471546 stream=16U*jQfE1X:6ac4f4bae85fd883bd6972bb info="(peerId: 16Uiu2HAmQauDAKFWE9rB6Ar4BqWEjuUvfBa6jWkkFNEEB5axMHGL, listenAddrs: [/ip4/0.0.0.0/tcp/60187, /ip4/0.0.0.0/udp/57459/quic-v1], addrs: [/ip4/172.20.10.14/tcp/60187, /ip4/172.20.10.14/udp/57459/quic-v1], protocols: [/ipfs/id/1.0.0, /libp2p/autonat/1.0.0, /libp2p/circuit/relay/0.2.0/hop, /vac/waku/metadata/1.0.0, /mix/1.0.0, /logos/service-discovery/1.0.0, /vac/waku/relay/2.0.0, /vac/waku/rendezvous/1.0.0, /ipfs/ping/1.0.0, /vac/waku/lightpush/3.0.0, /vac/waku/lightpush/2.0.0-beta1, /vac/waku/filter-subscribe/2.0.0-beta1, /vac/waku/filter-push/2.0.0-beta1, /vac/waku/peer-exchange/2.0.0-alpha1], protoVersion: ipfs/0.1.0, agentVersion: logos-delivery-v0.39.0-gca2814)"
[2026-10-06 15:16:42.903] [out] [delivery_module] DBG 2026-10-06 15:16:42.903+02:00 Lookup query                               topics="kad-dht find" tid=17471546 peer=16U*JVSpzf
[2026-10-06 15:16:42.911] [out] [delivery_module] DBG 2026-10-06 15:16:42.911+02:00 New stream created                         tid=17471546
[2026-10-06 15:16:42.933] [out] [delivery_module] DBG 2026-10-06 15:16:42.933+02:00 Lookup query                               topics="kad-dht find" tid=17471546 peer=16U*28TTLb
[2026-10-06 15:16:42.934] [out] [delivery_module] DBG 2026-10-06 15:16:42.934+02:00 Lookup query                               topics="kad-dht find" tid=17471546 peer=16U*JVSpzf
[2026-10-06 15:16:42.945] [out] [delivery_module] DBG 2026-10-06 15:16:42.945+02:00 Message propagated via Mix                 topics="send service mix processor" tid=17471546 requestId=ae9aef3488b9e3fe8e78 msgHash=0xbcfece8a8e16c7d6ad0ebaf6bf35141b568128e937faf76d3ab77a85611c9fdc
[2026-10-06 15:16:42.945] [out] [delivery_module] INF 2026-10-06 15:16:42.945+02:00 Message successfully propagated            topics="send service" tid=17471546 requestId=ae9aef3488b9e3fe8e78 msgHash=withheld
[2026-10-06 15:16:42.946] [out] [delivery_module] INF 2026-10-06 15:16:42.946+02:00 Message successfully sent over mix         topics="send service" tid=17471546 requestId=ae9aef3488b9e3fe8e78
[2026-10-06 15:16:42.990] [out] [delivery_module] DBG 2026-10-06 15:16:42.990+02:00 calculateConnectionState                   tid=17471546 relayCount=7 storeClientCount=6 lightpushCount=7 filterCount=7
[2026-10-06 15:16:43.004] [out] [delivery_module] DBG 2026-10-06 15:16:43.004+02:00 Dialing peer                               topics="libp2p dialer" tid=17471546 peerId=16U*nGfvUW addrs="[/ip4/172.20.10.14/udp/56251/quic-v1, /ip4/172.20.10.14/tcp/59518]"
[2026-10-06 15:16:43.004] [out] [delivery_module] DBG 2026-10-06 15:16:43.004+02:00 Expanded address and hostname              topics="libp2p dialer" tid=17471546 expandedAddress=/ip4/172.20.10.14/udp/56251/quic-v1 hostname=172.20.10.14 resolvedAddresses="[/ip4/172.20.10.14/udp/56251/quic-v1]"
[2026-10-06 15:16:43.004] [out] [delivery_module] DBG 2026-10-06 15:16:43.004+02:00 New connection established: client         tid=17471546
[2026-10-06 15:16:43.179] [out] [delivery_module] DBG 2026-10-06 15:16:43.179+02:00 starting pubsub read loop                  topics="libp2p pubsubpeer" tid=17471546 stream=16U*28TTLb:6ac4f4bae85fd883bd6972b3 peer=16U*28TTLb closed=false
[2026-10-06 15:16:43.242] [out] [delivery_module] DBG 2026-10-06 15:16:43.242+02:00 starting pubsub read loop                  topics="libp2p pubsubpeer" tid=17471546 stream=16U*2FWeUS:6ac4f4bae85fd883bd6972b1 peer=16U*2FWeUS closed=false
[2026-10-06 15:16:43.246] [out] [delivery_module] DBG 2026-10-06 15:16:43.246+02:00 identify: info received                    topics="libp2p identify" tid=17471546 stream=16U*28TTLb:6ac4f4bae85fd883bd6972b4 pubkey=ok(sec...4b7b)) addresses=/ip4/173.42.114.210/tcp/36503 protocols=/ipfs/id/1.0.0,/libp2p/autonat/1.0.0,/libp2p/circuit/relay/0.2.0/hop,/vac/waku/metadata/1.0.0,/logos/service-discovery/1.0.0,/vac/waku/relay/2.0.0,/vac/waku/rendezvous/1.0.0,/ipfs/ping/1.0.0,/vac/waku/lightpush/3.0.0,/vac/waku/lightpush/2.0.0-beta1,/vac/waku/filter-subscribe/2.0.0-beta1,/vac/waku/filter-push/2.0.0-beta1,/vac/waku/peer-exchange/2.0.0-alpha1 observable_address=ok(/ip4/47.64.115.67/tcp/10558) proto_version=ipfs/0.1.0 agent_version=logos-delivery-v0.39.0-gca2814 signedPeerRecord=None
[2026-10-06 15:16:43.248] [out] [delivery_module] DBG 2026-10-06 15:16:43.247+02:00 calculateConnectionState                   tid=17471546 relayCount=8 storeClientCount=6 lightpushCount=8 filterCount=8
[2026-10-06 15:16:43.248] [out] [delivery_module] DBG 2026-10-06 15:16:43.248+02:00 identify: info received                    topics="libp2p identify" tid=17471546 stream=16U*jQfE1X:6ac4f4bae85fd883bd6972bd pubkey=ok(sec...14d1)) addresses=/ip4/173.42.114.210/tcp/34927 protocols=/ipfs/id/1.0.0,/libp2p/autonat/1.0.0,/libp2p/circuit/relay/0.2.0/hop,/vac/waku/metadata/1.0.0,/logos/service-discovery/1.0.0,/vac/waku/relay/2.0.0,/vac/waku/rendezvous/1.0.0,/ipfs/ping/1.0.0,/vac/waku/lightpush/3.0.0,/vac/waku/lightpush/2.0.0-beta1,/vac/waku/filter-subscribe/2.0.0-beta1,/vac/waku/filter-push/2.0.0-beta1,/vac/waku/peer-exchange/2.0.0-alpha1 observable_address=ok(/ip4/47.64.115.67/tcp/19123) proto_version=ipfs/0.1.0 agent_version=logos-delivery-v0.39.0-gca2814 signedPeerRecord=None
[2026-10-06 15:16:43.248] [out] [delivery_module] DBG 2026-10-06 15:16:43.248+02:00 identify: info received                    topics="libp2p identify" tid=17471546 stream=16U*2FWeUS:6ac4f4bae85fd883bd6972b2 pubkey=ok(sec...8d4a)) addresses=/ip4/173.42.114.210/tcp/43243 protocols=/ipfs/id/1.0.0,/libp2p/autonat/1.0.0,/libp2p/circuit/relay/0.2.0/hop,/vac/waku/metadata/1.0.0,/logos/service-discovery/1.0.0,/vac/waku/relay/2.0.0,/vac/waku/rendezvous/1.0.0,/ipfs/ping/1.0.0,/vac/waku/lightpush/3.0.0,/vac/waku/lightpush/2.0.0-beta1,/vac/waku/filter-subscribe/2.0.0-beta1,/vac/waku/filter-push/2.0.0-beta1,/vac/waku/peer-exchange/2.0.0-alpha1 observable_address=ok(/ip4/47.64.115.67/tcp/8795) proto_version=ipfs/0.1.0 agent_version=logos-delivery-v0.39.0-gca2814 signedPeerRecord=None
[2026-10-06 15:16:43.248] [out] [delivery_module] DBG 2026-10-06 15:16:43.248+02:00 starting pubsub read loop                  topics="libp2p pubsubpeer" tid=17471546 stream=16U*jQfE1X:6ac4f4bae85fd883bd6972bc peer=16U*jQfE1X closed=false
[2026-10-06 15:16:43.248] [out] [delivery_module] DBG 2026-10-06 15:16:43.248+02:00 Event identified                           topics="waku node peer_manager" tid=17471546 peerId=16U*28TTLb
[2026-10-06 15:16:43.248] [out] [delivery_module] DBG 2026-10-06 15:16:43.248+02:00 no listener registered                     tid=17471548 event=onConnectionChange
[2026-10-06 15:16:43.248] [out] [delivery_module] DBG 2026-10-06 15:16:43.248+02:00 Event identified                           topics="waku node peer_manager" tid=17471546 peerId=16U*jQfE1X
[2026-10-06 15:16:43.248] [out] [delivery_module] DBG 2026-10-06 15:16:43.248+02:00 no listener registered                     tid=17471548 event=onConnectionChange
[QmlInspector] Client disconnected
