run-logos-standalone-ui: hot-reloading QML from <repo>/src/qml
  (export DEV_QML_PATH to override, or LOGOS_QML_HOT_RELOAD=0 to disable)
Session directory: "~/Library/Application Support/Logos/LogosStandalone"
[2026-10-10 15:49:37.109] [info] [logos] Granting host services to 'capability_module': token_registry,token_delivery
[2026-10-10 15:49:37.147] [out] [capability_module] [2026-10-10 15:49:37.147] [info] Granting host services to capability_module: ["token_registry","token_delivery"]
RemoteTransportConnection: Connecting to registry: "local:logos_capability_module_5b8fdb614b50" at "15:49:37.148"
RemoteTransportConnection: Registry connect attempt started (no peer contact yet): "local:logos_capability_module_5b8fdb614b50"
LogosAPIConsumer: Informing module token for module: "capability_module" with token: "redacted:5541934f…"
RemoteTransportConnection: Requesting object: "capability_module" at "15:49:37.148"
[LogosObject] RemoteTransportConnection: returning RemoteLogosObject for: "capability_module"
[LogosObject] Created RemoteLogosObject wrapping QRemoteObjectReplica 105553156145152
[LogosObject] LogosAPIConsumer: calling LogosObject::informModuleToken for "capability_module"
LogosAPIConsumer: informModuleToken completed with result: true
[LogosObject] Destroying RemoteLogosObject 0
[2026-10-10 15:49:37.177] [info] [logos] Module loaded: capability_module
LogosAPIConsumer: Informing module token for module: "modules_state" with token: "redacted:c00c90cc…"
RemoteTransportConnection: Requesting object: "capability_module" at "15:49:37.216"
[LogosObject] RemoteTransportConnection: returning RemoteLogosObject for: "capability_module"
[LogosObject] Created RemoteLogosObject wrapping QRemoteObjectReplica 105553156213472
[LogosObject] LogosAPIConsumer: calling LogosObject::informModuleToken for "modules_state"
LogosAPIConsumer: informModuleToken completed with result: true
[LogosObject] Destroying RemoteLogosObject 0
[2026-10-10 15:49:37.216] [info] [logos] Module loaded: modules_state
RemoteTransportConnection: Connecting to registry: "local:logos_modules_state_5b8fdb614b50" at "15:49:37.216"
RemoteTransportConnection: Registry connect attempt started (no peer contact yet): "local:logos_modules_state_5b8fdb614b50"
RemoteTransportConnection: Connecting to registry: "local:logos_capability_module_5b8fdb614b50" at "15:49:37.216"
RemoteTransportConnection: Registry connect attempt started (no peer contact yet): "local:logos_capability_module_5b8fdb614b50"
LogosAPIConsumer: '"modules_state"::""' deferred pending the module becoming reachable
LogosAPIConsumer: '"modules_state"::""' deferred pending the module becoming reachable
Logos Core started (modules dir: "/nix/store/gxna1vv93drk0r01vph163c8q3dw4ng4-logos-forum_module-plugin-dir-modules" )
Set app icon from metadata: "/nix/store/dj1dbv54hiyk0yh2haw00wlyjl28ngnq-logos-forum_module-plugin-dir/src/icons/icon.png"
[2026-10-10 15:49:37.269] [info] [logos] [delivery_module] DeliveryModuleImpl: Initializing...
LogosAPIConsumer: Informing module token for module: "delivery_module" with token: "redacted:feefdd96…"
RemoteTransportConnection: Requesting object: "capability_module" at "15:49:37.270"
[LogosObject] RemoteTransportConnection: returning RemoteLogosObject for: "capability_module"
[LogosObject] Created RemoteLogosObject wrapping QRemoteObjectReplica 105553156571136
[LogosObject] LogosAPIConsumer: calling LogosObject::informModuleToken for "delivery_module"
LogosAPIConsumer: informModuleToken completed with result: true
[LogosObject] Destroying RemoteLogosObject 0
[2026-10-10 15:49:37.270] [info] [logos] Module loaded: delivery_module
RemoteTransportConnection: Connecting to registry: "local:logos_delivery_module_5b8fdb614b50" at "15:49:37.271"
RemoteTransportConnection: Registry connect attempt started (no peer contact yet): "local:logos_delivery_module_5b8fdb614b50"
RemoteTransportConnection: Connecting to registry: "local:logos_capability_module_5b8fdb614b50" at "15:49:37.271"
RemoteTransportConnection: Registry connect attempt started (no peer contact yet): "local:logos_capability_module_5b8fdb614b50"
LogosAPIConsumer: '"delivery_module"::""' deferred pending the module becoming reachable
LogosAPIClient: getToken for module: "modules_state"
LogosAPIClient: Found token for module: "modules_state"
RemoteTransportConnection: Requesting object: "modules_state" at "15:49:37.271"
[LogosObject] RemoteTransportConnection: returning RemoteLogosObject for: "modules_state"
[LogosObject] Created RemoteLogosObject wrapping QRemoteObjectReplica 105553156575936
[LogosObject] LogosAPIConsumer: async calling via LogosObject::callMethodAsync "note_transition"
[LogosObject] RemoteLogosObject::callMethodAsync "note_transition" args: 7
LogosAPIClient: getToken for module: "modules_state"
LogosAPIClient: Found token for module: "modules_state"
[LogosObject] LogosAPIConsumer: async calling via LogosObject::callMethodAsync "note_transition"
[LogosObject] RemoteLogosObject::callMethodAsync "note_transition" args: 7
Loaded dependency (with transitive deps): "delivery_module"
[2026-10-10 15:49:37.316] [info] [logos] [storage_module] StorageModuleImpl: Initializing...
LogosAPIConsumer: Informing module token for module: "storage_module" with token: "redacted:18877dab…"
RemoteTransportConnection: Requesting object: "capability_module" at "15:49:37.317"
[LogosObject] Created RemoteLogosObject wrapping QRemoteObjectReplica 105553156240704
LogosAPIClient: invoking remote method "modules_state" "apply_snapshot" args_count: 1
LogosAPIClient: getToken for module: "modules_state"
LogosAPIClient: Found token for module: "modules_state"
LogosAPIConsumer: Calling invokeRemoteMethod: "modules_state" "apply_snapshot" args_count: 1 timeout: 20000
[LogosObject] LogosAPIConsumer: calling via LogosObject::callMethod "apply_snapshot"
[LogosObject] RemoteLogosObject::callMethod "apply_snapshot" args: 1
[LogosObject] Created RemoteLogosObject wrapping QRemoteObjectReplica 105553156575712
LogosAPIClient: getToken for module: "modules_state"
LogosAPIClient: Found token for module: "modules_state"
[LogosObject] LogosAPIConsumer: async calling via LogosObject::callMethodAsync "note_transition"
[LogosObject] RemoteLogosObject::callMethodAsync "note_transition" args: 7
LogosAPIClient: getToken for module: "modules_state"
LogosAPIClient: Found token for module: "modules_state"
[LogosObject] LogosAPIConsumer: async calling via LogosObject::callMethodAsync "note_transition"
[LogosObject] RemoteLogosObject::callMethodAsync "note_transition" args: 7
[2026-10-10 15:49:37.318] [info] [logos] Pushed module snapshot to modules_state
LogosAPIClient: getToken for module: "modules_state"
LogosAPIClient: Found token for module: "modules_state"
[LogosObject] LogosAPIConsumer: async calling via LogosObject::callMethodAsync "note_transition"
[LogosObject] RemoteLogosObject::callMethodAsync "note_transition" args: 7
[LogosObject] RemoteTransportConnection: returning RemoteLogosObject for: "capability_module"
[LogosObject] Created RemoteLogosObject wrapping QRemoteObjectReplica 105553156590272
[LogosObject] LogosAPIConsumer: calling LogosObject::informModuleToken for "storage_module"
LogosAPIConsumer: informModuleToken completed with result: true
[LogosObject] Destroying RemoteLogosObject 0
[2026-10-10 15:49:37.318] [info] [logos] Module loaded: storage_module
RemoteTransportConnection: Connecting to registry: "local:logos_storage_module_5b8fdb614b50" at "15:49:37.319"
RemoteTransportConnection: Registry connect attempt started (no peer contact yet): "local:logos_storage_module_5b8fdb614b50"
RemoteTransportConnection: Connecting to registry: "local:logos_capability_module_5b8fdb614b50" at "15:49:37.319"
RemoteTransportConnection: Registry connect attempt started (no peer contact yet): "local:logos_capability_module_5b8fdb614b50"
LogosAPIConsumer: '"storage_module"::""' deferred pending the module becoming reachable
LogosAPIClient: getToken for module: "modules_state"
LogosAPIClient: Found token for module: "modules_state"
[LogosObject] LogosAPIConsumer: async calling via LogosObject::callMethodAsync "note_transition"
[LogosObject] RemoteLogosObject::callMethodAsync "note_transition" args: 7
Loaded dependency (with transitive deps): "storage_module"
DEV_QML_PATH override active: <repo>/src/qml/Main.qml
RemoteTransportConnection: Connecting to registry: "local:logos_capability_module_5b8fdb614b50" at "15:49:37.319"
RemoteTransportConnection: Registry connect attempt started (no peer contact yet): "local:logos_capability_module_5b8fdb614b50"
LogosAPIConsumer: Informing module token for module: "forum_module" with token: "redacted:75c636b9…"
RemoteTransportConnection: Requesting object: "capability_module" at "15:49:37.319"
[LogosObject] RemoteTransportConnection: returning RemoteLogosObject for: "capability_module"
[LogosObject] Created RemoteLogosObject wrapping QRemoteObjectReplica 105553156578048
[LogosObject] LogosAPIConsumer: calling LogosObject::informModuleToken for "forum_module"
[LogosObject] Created RemoteLogosObject wrapping QRemoteObjectReplica 105553156577056
LogosAPIClient: getToken for module: "modules_state"
LogosAPIClient: Found token for module: "modules_state"
[LogosObject] LogosAPIConsumer: async calling via LogosObject::callMethodAsync "note_transition"
[LogosObject] RemoteLogosObject::callMethodAsync "note_transition" args: 7
LogosAPIConsumer: informModuleToken completed with result: true
[LogosObject] Destroying RemoteLogosObject 0
qt.qpa.fonts: Populating font family aliases took 73 ms. Replace uses of missing font family "Public Sans" with one that exists to avoid this cost. 
Loaded UI plugin: "/nix/store/dj1dbv54hiyk0yh2haw00wlyjl28ngnq-logos-forum_module-plugin-dir"
[QmlInspector] Inspector server listening on port 3768
[QmlInspector] Client connected from "::1"
[2026-10-10 15:49:45.517] [warning] [logos] [capability_module] Warning: QObject::connect: No such signal ::eventResponse(QString,QVariantList)
[2026-10-10 15:49:45.518] [info] [logos] [delivery_module] DeliveryModuleImpl::getNodeInfo called with nodeInfoId: MyPeerId
[2026-10-10 15:49:45.518] [info] [logos] [delivery_module] DeliveryModuleImpl: Cannot get node info - context not initialized. Call createNode first.
[2026-10-10 15:49:45.518] [info] [logos] [delivery_module] DeliveryModuleImpl::createNode called
[2026-10-10 15:49:45.525] [info] [logos] [delivery_module] DeliveryModuleImpl: Waiting for createNode callback...
[2026-10-10 15:49:45.527] [out] [delivery_module] DBG 2026-10-10 15:49:45.526+02:00 Whether to mount storeSync is not specified, defaulting to not mounting topics="waku conf builder" tid=19461596
[2026-10-10 15:49:45.527] [out] [delivery_module] NTC 2026-10-10 15:49:45.527+02:00 No node key provided, generated a new one; identity will not persist across restarts topics="waku conf builder" tid=19461596
[2026-10-10 15:49:45.527] [out] [delivery_module] INF 2026-10-10 15:49:45.527+02:00 Sharding configuration:                    topics="waku conf builder" tid=19461596 shardingConf="(kind: AutoSharding, numShardsInCluster: 8)" subscribeShards="@[0, 1, 2, 3, 4, 5, 6, 7]"
[2026-10-10 15:49:45.527] [out] [delivery_module] WRN 2026-10-10 15:49:45.527+02:00 configuration flag ignored                 topics="waku cli args" tid=19461596 detail="--websocket-port is ignored: --websocket-support is not enabled"
[2026-10-10 15:49:45.527] [out] [delivery_module] INF 2026-10-10 15:49:45.527+02:00 Configuration: Enabled protocols           topics="waku conf" tid=19461596 relay=true rlnRelay=false store=false filter=true lightPush=true peerExchange=true rendezvous=true
[2026-10-10 15:49:45.527] [out] [delivery_module] INF 2026-10-10 15:49:45.527+02:00 Configuration. Network                     topics="waku conf" tid=19461596 cluster=3
[2026-10-10 15:49:45.527] [out] [delivery_module] DBG 2026-10-10 15:49:45.527+02:00 Configuration. Active Relay Shards         topics="waku conf" tid=19461596 shard=0
[2026-10-10 15:49:45.527] [out] [delivery_module] DBG 2026-10-10 15:49:45.527+02:00 Configuration. Active Relay Shards         topics="waku conf" tid=19461596 shard=1
[2026-10-10 15:49:45.527] [out] [delivery_module] DBG 2026-10-10 15:49:45.527+02:00 Configuration. Active Relay Shards         topics="waku conf" tid=19461596 shard=2
[2026-10-10 15:49:45.527] [out] [delivery_module] DBG 2026-10-10 15:49:45.527+02:00 Configuration. Active Relay Shards         topics="waku conf" tid=19461596 shard=3
[2026-10-10 15:49:45.527] [out] [delivery_module] DBG 2026-10-10 15:49:45.527+02:00 Configuration. Active Relay Shards         topics="waku conf" tid=19461596 shard=4
[2026-10-10 15:49:45.527] [out] [delivery_module] DBG 2026-10-10 15:49:45.527+02:00 Configuration. Active Relay Shards         topics="waku conf" tid=19461596 shard=5
[2026-10-10 15:49:45.527] [out] [delivery_module] DBG 2026-10-10 15:49:45.527+02:00 Configuration. Active Relay Shards         topics="waku conf" tid=19461596 shard=6
[2026-10-10 15:49:45.527] [out] [delivery_module] DBG 2026-10-10 15:49:45.527+02:00 Configuration. Active Relay Shards         topics="waku conf" tid=19461596 shard=7
[2026-10-10 15:49:45.528] [out] [delivery_module] INF 2026-10-10 15:49:45.528+02:00 Setting up storage                         tid=19461596
[2026-10-10 15:49:45.528] [out] [delivery_module] INF 2026-10-10 15:49:45.528+02:00 Initializing node                          tid=19461596
[2026-10-10 15:49:45.528] [out] [delivery_module] INF 2026-10-10 15:49:45.528+02:00 Setting up NATService                      topics="libp2p natservice" tid=19461596 portMapping=true reachability=false holePunching=false
[2026-10-10 15:49:45.528] [out] [delivery_module] INF 2026-10-10 15:49:45.528+02:00 Initializing networking                    tid=19461596 addrs="@[/ip4/0.0.0.0/tcp/0, /ip4/0.0.0.0/udp/0/quic-v1]"
[2026-10-10 15:49:45.528] [out] [delivery_module] INF 2026-10-10 15:49:45.528+02:00 Mounting protocols                         tid=19461596
[2026-10-10 15:49:45.528] [out] [delivery_module] INF 2026-10-10 15:49:45.528+02:00 Created WakuMetadata protocol              topics="waku node" tid=19461596 clusterId=3 shards="[0, 1, 2, 3, 4, 5, 6, 7]"
[2026-10-10 15:49:45.528] [out] [delivery_module] INF 2026-10-10 15:49:45.528+02:00 Mounting mix protocol                      topics="waku node" tid=19461596INF 2026-10-10 15:49:45.528+02:00 node info                                  topics="waku node" tid=19461596 wakuInfo="(listenAddresses: [/ip4/0.0.0.0/tcp/0/p2p/16Uiu2HAmUPi43VSrBqCKDwJRYXyR4QvoK5dq35zKgN8CWgHZTWbR, /ip4/0.0.0.0/udp/0/quic-v1/p2p/16Uiu2HAmUPi43VSrBqCKDwJRYXyR4QvoK5dq35zKgN8CWgHZTWbR], enrUri: enr:-JO4QFaGUeQf6GU2iun7ER9NhPPaHkukeTlNAJscjVO0WbrnBFbxn34hI4ZfSOcvvW7DjlhJ7eJ2mE3TNv-qsi7lk_EBgmlkgnY0gnJzkwADCAAAAAEAAgADAAQABQAGAAeJc2VjcDI1NmsxoQPp0NnpVOwneUnOxPQFcWepFNkAjm93Q1BObuFkJ9iaMIV3YWt1Mi0, mixPubKey: none())"
[2026-10-10 15:49:45.528] [out] [delivery_module]  nodeId="(listenAddresses: [/ip4/0.0.0.0/tcp/0/p2p/16Uiu2HAmUPi43VSrBqCKDwJRYXyR4QvoK5dq35zKgN8CWgHZTWbR, /ip4/0.0.0.0/udp/0/quic-v1/p2p/16Uiu2HAmUPi43VSrBqCKDwJRYXyR4QvoK5dq35zKgN8CWgHZTWbR], enrUri: enr:-JO4QFaGUeQf6GU2iun7ER9NhPPaHkukeTlNAJscjVO0WbrnBFbxn34hI4ZfSOcvvW7DjlhJ7eJ2mE3TNv-qsi7lk_EBgmlkgnY0gnJzkwADCAAAAAEAAgADAAQABQAGAAeJc2VjcDI1NmsxoQPp0NnpVOwneUnOxPQFcWepFNkAjm93Q1BObuFkJ9iaMIV3YWt1Mi0, mixPubKey: none())"
[2026-10-10 15:49:45.528] [out] [delivery_module] INF 2026-10-10 15:49:45.528+02:00 local addr                                 topics="waku node" tid=19461596 localaddr=/ip4/0.0.0.0/tcp/0
[2026-10-10 15:49:45.528] [out] [delivery_module] INF 2026-10-10 15:49:45.528+02:00 mixPubKey                                  topics="waku node" tid=19461596 mixPubKey="[194, 65, 40, 5, 114, 115, 44, 116, 113, 5, 75, 122, 40, 39, 64, 130, 150, 157, 195, 200, 50, 2, 216, 118, 182, 104, 213, 202, 11, 32, 226, 68]"
[2026-10-10 15:49:45.528] [out] [delivery_module] INF 2026-10-10 15:49:45.528+02:00 Using mix bootstrap nodes                  topics="waku mix" tid=19461596 entries=0 poolSize=0
[2026-10-10 15:49:45.528] [out] [delivery_module] INF 2026-10-10 15:49:45.528+02:00 Mix cannot publish yet, waiting for more mix nodes topics="waku node" tid=19461596 poolSize=0 required=4
[2026-10-10 15:49:45.529] [out] [delivery_module] INF 2026-10-10 15:49:45.529+02:00 mounting store client                      topics="waku node store api" tid=19461596
[2026-10-10 15:49:45.529] [out] [delivery_module] INF 2026-10-10 15:49:45.529+02:00 Mounting auto sharding                     topics="waku node" tid=19461596 clusterId=3 shardCount=8
[2026-10-10 15:49:45.529] [out] [delivery_module] DBG 2026-10-10 15:49:45.529+02:00 Setting max message size                   tid=19461596 num_bytes=153600
[2026-10-10 15:49:45.529] [out] [delivery_module] INF 2026-10-10 15:49:45.529+02:00 mounting relay protocol                    topics="waku node relay api" tid=19461596
[2026-10-10 15:49:45.529] [out] [delivery_module] DBG 2026-10-10 15:49:45.529+02:00 relay mounted successfully                 topics="waku node relay api" tid=19461596
[2026-10-10 15:49:45.529] [out] [delivery_module] DBG 2026-10-10 15:49:45.529+02:00 Adding validator to signed shards          tid=19461596 protectedShards=[] clusterId=3
[2026-10-10 15:49:45.529] [out] [delivery_module] INF 2026-10-10 15:49:45.529+02:00 Mounting rendezvous discovery protocol     topics="waku node" tid=19461596
[2026-10-10 15:49:45.529] [out] [delivery_module] INF 2026-10-10 15:49:45.529+02:00 Waku rendezvous initialized                topics="waku node" tid=19461596 clusterId=3 shards="[0, 1, 2, 3, 4, 5, 6, 7]" capabilities="[Relay, Filter, Lightpush, Mix]" wakuPeerRecord="(peerId: 16Uiu2...HZTWbR, seqNo: 1791640185, addresses: [/ip4/0.0.0.0/tcp/0, /ip4/0.0.0.0/udp/0/quic-v1], mixKey: 0xc241280572732c7471054b7a28274082969dc3c83202d876b668d5ca0b20e244)"
[2026-10-10 15:49:45.529] [out] [delivery_module] INF 2026-10-10 15:49:45.529+02:00 Mounting rendezvous client                 topics="waku node" tid=19461596
[2026-10-10 15:49:45.529] [out] [delivery_module] INF 2026-10-10 15:49:45.529+02:00 Waku rendezvous client initialized         topics="waku node" tid=19461596 clusterId=3
[2026-10-10 15:49:45.529] [out] [delivery_module] INF 2026-10-10 15:49:45.529+02:00 mounting libp2p ping protocol              topics="waku node ping api" tid=19461596
[2026-10-10 15:49:45.529] [out] [delivery_module] INF 2026-10-10 15:49:45.529+02:00 No RLN backend configured; RLN is off      tid=19461596
[2026-10-10 15:49:45.529] [out] [delivery_module] INF 2026-10-10 15:49:45.529+02:00 mounting light push                        topics="waku node lightpush api" tid=19461596
[2026-10-10 15:49:45.529] [out] [delivery_module] INF 2026-10-10 15:49:45.529+02:00 mounting lightpush with relay              topics="waku node lightpush api" tid=19461596
[2026-10-10 15:49:45.529] [out] [delivery_module] DBG 2026-10-10 15:49:45.529+02:00 lightpush mounted successfully             topics="waku node lightpush api" tid=19461596
[2026-10-10 15:49:45.529] [out] [delivery_module] INF 2026-10-10 15:49:45.529+02:00 mounting legacy light push                 topics="waku node lightpush api" tid=19461596
[2026-10-10 15:49:45.529] [out] [delivery_module] INF 2026-10-10 15:49:45.529+02:00 mounting legacy lightpush with relay       topics="waku node lightpush api" tid=19461596
[2026-10-10 15:49:45.529] [out] [delivery_module] DBG 2026-10-10 15:49:45.529+02:00 legacy lightpush mounted successfully      topics="waku node lightpush api" tid=19461596
[2026-10-10 15:49:45.529] [out] [delivery_module] INF 2026-10-10 15:49:45.529+02:00 mounting light push client                 topics="waku node lightpush api" tid=19461596
[2026-10-10 15:49:45.529] [out] [delivery_module] INF 2026-10-10 15:49:45.529+02:00 mounting legacy light push client          topics="waku node lightpush api" tid=19461596
[2026-10-10 15:49:45.529] [out] [delivery_module] INF 2026-10-10 15:49:45.529+02:00 mounting filter protocol                   topics="waku node filter api" tid=19461596
[2026-10-10 15:49:45.529] [out] [delivery_module] INF 2026-10-10 15:49:45.529+02:00 Starting filter protocol                   topics="waku filter" tid=19461596
[2026-10-10 15:49:45.529] [out] [delivery_module] DBG 2026-10-10 15:49:45.529+02:00 Starting to maintain subscriptions         topics="waku filter" tid=19461596
[2026-10-10 15:49:45.529] [out] [delivery_module] DBG 2026-10-10 15:49:45.529+02:00 Maintaining subscriptions                  topics="waku filter" tid=19461596
[2026-10-10 15:49:45.529] [out] [delivery_module] DBG 2026-10-10 15:49:45.529+02:00 Cleanup                                    topics="waku filter subscriptions" tid=19461596 currentPeerIds=[]
[2026-10-10 15:49:45.529] [out] [delivery_module] DBG 2026-10-10 15:49:45.529+02:00 After cleanup                              topics="waku filter subscriptions" tid=19461596 currentPeerIds=[]
[2026-10-10 15:49:45.529] [out] [delivery_module] INF 2026-10-10 15:49:45.529+02:00 mounting filter client                     topics="waku node filter api" tid=19461596
[2026-10-10 15:49:45.529] [out] [delivery_module] INF 2026-10-10 15:49:45.529+02:00 mounting waku peer exchange                topics="waku node peerexchange api" tid=19461596
[2026-10-10 15:49:45.529] [out] [delivery_module] INF 2026-10-10 15:49:45.529+02:00 mounting waku peer exchange client         topics="waku node peerexchange api" tid=19461596
[2026-10-10 15:49:45.529] [out] [delivery_module] INF 2026-10-10 15:49:45.529+02:00 No external callbacks to be set            topics="wakunode waku" tid=19461596
[2026-10-10 15:49:45.529] [out] [delivery_module] INF 2026-10-10 15:49:45.529+02:00 Setting up AutonatService                  topics="libp2p autonatservice" tid=19461596
[2026-10-10 15:49:45.529] [out] [delivery_module] INF 2026-10-10 15:49:45.529+02:00 Messaging API settings                     topics="logosdelivery" tid=19461596 reliability=true anonymityLevel=Required rateLimitEnabled=false rateLimitEpochPeriodSec=600 rateLimitMessagesPerEpoch=1 maxParkedAgeSec=1800 sendQueueCapacity=1000 backfillEnabled=true backfillRequestTimeout=10s
[2026-10-10 15:49:45.530] [info] [logos] [delivery_module] DeliveryModuleImpl::createNode callback called with ret: 0
[2026-10-10 15:49:45.531] [info] [logos] [delivery_module] DeliveryModuleImpl: Delivery context created successfully
[2026-10-10 15:49:45.532] [info] [logos] [delivery_module] DeliveryModuleImpl::start called
[2026-10-10 15:49:45.532] [out] [delivery_module] INF 2026-10-10 15:49:45.532+02:00 Retrieve dynamic bootstrap nodes           topics="wakunode waku" tid=19461596
[2026-10-10 15:49:45.532] [out] [delivery_module] INF 2026-10-10 15:49:45.532+02:00 Running nwaku node                         tid=19461596 version=v0.39.0-g3a478e
[2026-10-10 15:49:45.532] [out] [delivery_module] INF 2026-10-10 15:49:45.532+02:00 Starting Waku node                         topics="waku node" tid=19461596 version=v0.39.0-g3a478e
[2026-10-10 15:49:45.532] [info] [logos] [delivery_module] DeliveryModuleImpl::getNodeInfo called with nodeInfoId: MyPeerId
[2026-10-10 15:49:45.532] [out] [delivery_module] DBG 2026-10-10 15:49:45.532+02:00 Waku rendezvous periodic requests started  topics="waku rendezvous client" tid=19461596 interval=10s
[2026-10-10 15:49:45.532] [out] [delivery_module] INF 2026-10-10 15:49:45.532+02:00 Waku rendezvous client started             topics="waku rendezvous client" tid=19461596
[2026-10-10 15:49:45.532] [out] [delivery_module] INF 2026-10-10 15:49:45.532+02:00 Starting switch for peer                   topics="libp2p switch" tid=19461596 peerInfo="(peerId: 16Uiu2HAmUPi43VSrBqCKDwJRYXyR4QvoK5dq35zKgN8CWgHZTWbR, listenAddrs: [/ip4/0.0.0.0/tcp/0, /ip4/0.0.0.0/udp/0/quic-v1], addrs: [], protocols: [/ipfs/id/1.0.0, /libp2p/autonat/1.0.0, /libp2p/circuit/relay/0.2.0/hop, /vac/waku/metadata/1.0.0, /mix/1.0.0, /logos/service-discovery/1.0.0, /vac/waku/relay/2.0.0, /vac/waku/rendezvous/1.0.0, /ipfs/ping/1.0.0, /vac/waku/lightpush/3.0.0, /vac/waku/lightpush/2.0.0-beta1, /vac/waku/filter-subscribe/2.0.0-beta1, /vac/waku/filter-push/2.0.0-beta1, /vac/waku/peer-exchange/2.0.0-alpha1], protoVersion: ipfs/0.1.0, agentVersion: logos-delivery-v0.39.0-g3a478e)"
[2026-10-10 15:49:45.532] [out] [delivery_module] INF 2026-10-10 15:49:45.532+02:00 Starting NATService                        topics="libp2p natservice" tid=19461596
[2026-10-10 15:49:45.532] [out] [delivery_module] INF 2026-10-10 15:49:45.532+02:00 Running AutonatService                     topics="libp2p autonatservice" tid=19461596
[2026-10-10 15:49:45.533] [out] [delivery_module] DBG 2026-10-10 15:49:45.533+02:00 No private listen addresses to map; releasing any prior mappings topics="libp2p natservice" tid=19461596
[2026-10-10 15:49:45.533] [out] [delivery_module] INF 2026-10-10 15:49:45.533+02:00 Starting TCP transport                     topics="libp2p tcptransport" tid=19461596
[2026-10-10 15:49:45.533] [out] [delivery_module] INF 2026-10-10 15:49:45.533+02:00 Transport starting                         topics="libp2p transport" tid=19461596 addresses=[/ip4/0.0.0.0/tcp/57915]
[2026-10-10 15:49:45.534] [out] [delivery_module] DBG 2026-10-10 15:49:45.534+02:00 Configured QUIC UDP receive buffer         tid=19461596 requestedBytes=8388608 effectiveBytes=8388608
[2026-10-10 15:49:45.534] [out] [delivery_module] INF 2026-10-10 15:49:45.534+02:00 Transport starting                         topics="libp2p transport" tid=19461596 addresses=[/ip4/0.0.0.0/udp/56528/quic-v1]
[2026-10-10 15:49:45.534] [out] [delivery_module] DBG 2026-10-10 15:49:45.534+02:00 Transport connection acceptance started    topics="libp2p switch" tid=19461596
[2026-10-10 15:49:45.534] [out] [delivery_module] DBG 2026-10-10 15:49:45.534+02:00 Transport connection acceptance started    topics="libp2p switch" tid=19461596
[2026-10-10 15:49:45.536] [info] [logos] [delivery_module] DeliveryModuleImpl::subscribe called with contentTopic: /lp0026forum/1/general/text
[2026-10-10 15:49:45.536] [out] [delivery_module] DBG 2026-10-10 15:49:45.536+02:00 Subscribing to pubsub topic                topics="waku relay" tid=19461596 pubsubTopic=/waku/2/rs/3/7
[2026-10-10 15:49:45.536] [info] [logos] [delivery_module] DeliveryModuleImpl: Subscribe completed for topic: /lp0026forum/1/general/text with success
[2026-10-10 15:49:45.574] [out] [delivery_module] INF 2026-10-10 15:49:45.574+02:00 Using mix bootstrap nodes                  topics="waku mix" tid=19461596 entries=1 poolSize=1
[2026-10-10 15:49:45.574] [out] [delivery_module] INF 2026-10-10 15:49:45.574+02:00 Using mix bootstrap nodes                  topics="waku mix" tid=19461596 entries=1 poolSize=2
[2026-10-10 15:49:45.574] [out] [delivery_module] INF 2026-10-10 15:49:45.574+02:00 Using mix bootstrap nodes                  topics="waku mix" tid=19461596 entries=1 poolSize=3
[2026-10-10 15:49:45.575] [out] [delivery_module] INF 2026-10-10 15:49:45.575+02:00 Using mix bootstrap nodes                  topics="waku mix" tid=19461596 entries=1 poolSize=4
[2026-10-10 15:49:45.575] [out] [delivery_module] INF 2026-10-10 15:49:45.575+02:00 Using mix bootstrap nodes                  topics="waku mix" tid=19461596 entries=1 poolSize=5
[2026-10-10 15:49:45.575] [out] [delivery_module] INF 2026-10-10 15:49:45.575+02:00 Using mix bootstrap nodes                  topics="waku mix" tid=19461596 entries=1 poolSize=6
[2026-10-10 15:49:47.537] [out] [delivery_module] WRN 2026-10-10 15:49:47.537+02:00 NAT port mapping failed                    topics="libp2p natservice" tid=19461596 port=57915 protocol=mpTcp err="plum: mapping 0 failed"
[2026-10-10 15:49:49.539] [out] [delivery_module] WRN 2026-10-10 15:49:49.539+02:00 NAT port mapping failed                    topics="libp2p natservice" tid=19461596 port=56528 protocol=mpUdp err="plum: mapping 0 failed"
[2026-10-10 15:49:49.539] [out] [delivery_module] INF 2026-10-10 15:49:49.539+02:00 Mix self hop set                           topics="waku node" tid=19461596 hop=/ip4/172.20.10.14/tcp/57915 before=/ip4/0.0.0.0/tcp/0
[2026-10-10 15:49:49.540] [out] [delivery_module] DBG 2026-10-10 15:49:49.540+02:00 ENR addresses updated                      topics="waku enr" tid=19461596 retained=0 total=0
[2026-10-10 15:49:49.540] [out] [delivery_module] DBG 2026-10-10 15:49:49.540+02:00 Peer dial started                          topics="libp2p dialer" tid=19461596 peerId=16Uiu2...kGyuEP addresses="[/ip4/47.242.130.189/tcp/30303, /dns4/delivery-01.ac-cn-hongkong-c.logos.dev.status.im/tcp/30303]"
[2026-10-10 15:49:49.541] [out] [delivery_module] DBG 2026-10-10 15:49:49.541+02:00 Peer dial started                          topics="libp2p dialer" tid=19461596 peerId=16Uiu2...VpJprH addresses="[/ip4/174.138.106.244/tcp/30303, /dns4/delivery-02.do-ams3.logos.dev.status.im/tcp/30303]"
[2026-10-10 15:49:49.541] [out] [delivery_module] DBG 2026-10-10 15:49:49.541+02:00 Peer dial started                          topics="libp2p dialer" tid=19461596 peerId=16Uiu2...T3UNSE addresses="[/ip4/43.99.103.10/tcp/30303, /dns4/delivery-02.ac-cn-hongkong-c.logos.dev.status.im/tcp/30303]"
[2026-10-10 15:49:49.542] [out] [delivery_module] DBG 2026-10-10 15:49:49.542+02:00 Peer dial started                          topics="libp2p dialer" tid=19461596 peerId=16Uiu2...P1S397 addresses="[/ip4/136.119.156.87/tcp/30303, /dns4/delivery-01.gc-us-central1-a.logos.dev.status.im/tcp/30303]"
[2026-10-10 15:49:49.542] [out] [delivery_module] DBG 2026-10-10 15:49:49.542+02:00 Peer dial started                          topics="libp2p dialer" tid=19461596 peerId=16Uiu2...TwqBiH addresses="[/ip4/34.123.201.25/tcp/30303, /dns4/delivery-02.gc-us-central1-a.logos.dev.status.im/tcp/30303]"
[2026-10-10 15:49:49.543] [out] [delivery_module] DBG 2026-10-10 15:49:49.542+02:00 Peer dial started                          topics="libp2p dialer" tid=19461596 peerId=16Uiu2...NSkuby addresses="[/ip4/138.68.122.137/tcp/30303, /dns4/delivery-01.do-ams3.logos.dev.status.im/tcp/30303]"
[2026-10-10 15:49:49.543] [out] [delivery_module] INF 2026-10-10 15:49:49.543+02:00 Kademlia DHT started                       topics="kad-dht" tid=19461596
[2026-10-10 15:49:49.543] [out] [delivery_module] DBG 2026-10-10 15:49:49.543+02:00 Publishing Signed XPR                      topics="service-discovery" tid=19461596 xpr="(envelope: (publicKey: secp256k1 key (04e9d0d9e954ec277949cec4f4057167a914d9008e6f7743504e6ee16427d89a306bc937856e27f3f0a643be2cadbe4613a20383fa3db7ead65a3e7bc38923387d), payloadType: @[3, 1], payload: @[10, 39, 0, 37, 8, 2, 18, 33, 3, 233, 208, 217, 233, 84, 236, 39, 121, 73, 206, 196, 244, 5, 113, 103, 169, 20, 217, 0, 142, 111, 119, 67, 80, 78, 110, 225, 100, 39, 216, 154, 48, 16, 141, 169, 18, 26, 10, 10, 8, 4, 172, 20, 10, 14, 6, 226, 59, 26, 13, 10, 11, 4, 172, 20, 10, 14, 145, 2, 220, 208, 205, 3], signature: 3045022100F07EDC1DE68FC389BA005CDD6F64FAF8A6C94218274C4431F0DC45620ADD77D9022029025988B024CC359AF703AFF5DB5F7E895BABA8755E6549197435A3A1109269), data: (peerId: 16Uiu2HAmUPi43VSrBqCKDwJRYXyR4QvoK5dq35zKgN8CWgHZTWbR, seqNo: 300173, addresses: @[(address: /ip4/172.20.10.14/tcp/57915), (address: /ip4/172.20.10.14/udp/56528/quic-v1)], services: @[]))"
[2026-10-10 15:49:49.543] [out] [delivery_module] INF 2026-10-10 15:49:49.543+02:00 Service Discovery started                  topics="service-discovery" tid=19461596
[2026-10-10 15:49:49.543] [out] [delivery_module] INF 2026-10-10 15:49:49.543+02:00 start                                      topics="waku relay" tid=19461596
[2026-10-10 15:49:49.543] [out] [delivery_module] INF 2026-10-10 15:49:49.543+02:00 gossipsub start                            topics="libp2p gossipsub" tid=19461596
[2026-10-10 15:49:49.543] [out] [delivery_module] DBG 2026-10-10 15:49:49.543+02:00 No mesh peer for the given pubsub topic    topics="waku relay" tid=19461596 pubsubTopic=/waku/2/rs/3/7
[2026-10-10 15:49:49.543] [out] [delivery_module] DBG 2026-10-10 15:49:49.543+02:00 Waku rendezvous periodic registration started topics="waku rendezvous" tid=19461596 interval=10s
[2026-10-10 15:49:49.543] [out] [delivery_module] INF 2026-10-10 15:49:49.543+02:00 Waku rendezvous discovery started          topics="waku rendezvous" tid=19461596
[2026-10-10 15:49:49.544] [out] [delivery_module] INF 2026-10-10 15:49:49.543+02:00 Started libp2p node                        topics="libp2p switch" tid=19461596 peerId="(peerId: 16Uiu2HAmUPi43VSrBqCKDwJRYXyR4QvoK5dq35zKgN8CWgHZTWbR, listenAddrs: [/ip4/0.0.0.0/tcp/57915, /ip4/0.0.0.0/udp/56528/quic-v1], addrs: [/ip4/172.20.10.14/tcp/57915, /ip4/172.20.10.14/udp/56528/quic-v1], protocols: [/ipfs/id/1.0.0, /libp2p/autonat/1.0.0, /libp2p/circuit/relay/0.2.0/hop, /vac/waku/metadata/1.0.0, /mix/1.0.0, /logos/service-discovery/1.0.0, /vac/waku/relay/2.0.0, /vac/waku/rendezvous/1.0.0, /ipfs/ping/1.0.0, /vac/waku/lightpush/3.0.0, /vac/waku/lightpush/2.0.0-beta1, /vac/waku/filter-subscribe/2.0.0-beta1, /vac/waku/filter-push/2.0.0-beta1, /vac/waku/peer-exchange/2.0.0-alpha1], protoVersion: ipfs/0.1.0, agentVersion: logos-delivery-v0.39.0-g3a478e)"
[2026-10-10 15:49:49.544] [out] [delivery_module] DBG 2026-10-10 15:49:49.544+02:00 ENR addresses updated                      topics="waku enr" tid=19461596 retained=0 total=0
[2026-10-10 15:49:49.544] [out] [delivery_module] INF 2026-10-10 15:49:49.544+02:00 Announced addresses resolved               topics="waku node" tid=19461596 addrs="@[/ip4/172.20.10.14/tcp/57915, /ip4/172.20.10.14/udp/56528/quic-v1]"
[2026-10-10 15:49:49.544] [out] [delivery_module] INF 2026-10-10 15:49:49.544+02:00 Random kademlia lookups disabled           topics="waku service discovery" tid=19461596
[2026-10-10 15:49:49.544] [out] [delivery_module] DBG 2026-10-10 15:49:49.544+02:00 Periodic service lookup started            topics="waku service discovery" tid=19461596 interval=1m services={}
[2026-10-10 15:49:49.544] [out] [delivery_module] INF 2026-10-10 15:49:49.544+02:00 Kademlia discovery started                 topics="waku service discovery" tid=19461596
[2026-10-10 15:49:49.544] [out] [delivery_module] INF 2026-10-10 15:49:49.544+02:00 Discovery ENR initialized                  topics="eth p2p discv5" tid=19461596 enrAutoUpdate=false seqNum=4 ip=none() tcpPort=none() udpPort=none() customEnrFields=@[] uri=enr:-Ka4QFFrsDIDC3aUBGykzYFVKkgXvwq3NcZdCsyNSFAP7F3xOLR8EDuMhgI_9w0uNUwcjFscVKTSZA6q9VtGNgQqPjUEgmlkgnY0im11bHRpYWRkcnOAgnJzkwADCAAAAAEAAgADAAQABQAGAAeJc2VjcDI1NmsxoQPp0NnpVOwneUnOxPQFcWepFNkAjm93Q1BObuFkJ9iaMIN0Y3CC4juFd2FrdTIt
[2026-10-10 15:49:49.544] [out] [delivery_module] WRN 2026-10-10 15:49:49.544+02:00 No external IP provided for the ENR, this node will not be discoverable topics="eth p2p discv5" tid=19461596
[2026-10-10 15:49:49.544] [out] [delivery_module] DBG 2026-10-10 15:49:49.544+02:00 peer filtering updated                     topics="waku discv5" tid=19461596
[2026-10-10 15:49:49.544] [out] [delivery_module] INF 2026-10-10 15:49:49.544+02:00 Starting discovery v5 service              topics="waku discv5" tid=19461596
[2026-10-10 15:49:49.544] [out] [delivery_module] INF 2026-10-10 15:49:49.544+02:00 Start listening on udp port                topics="waku discv5" tid=19461596 address=0.0.0.0 port=50133
[2026-10-10 15:49:49.544] [out] [delivery_module] INF 2026-10-10 15:49:49.544+02:00 Starting discovery node                    topics="eth p2p discv5" tid=19461596 node=50*88d2a3:unaddressable bindAddress=0.0.0.0:50133
[2026-10-10 15:49:49.544] [out] [delivery_module] DBG 2026-10-10 15:49:49.544+02:00 Total nodes in routing table after populate topics="eth p2p discv5" tid=19461596 total=0
[2026-10-10 15:49:49.544] [out] [delivery_module] DBG 2026-10-10 15:49:49.544+02:00 Starting discovery v5 search               topics="waku discv5" tid=19461596
[2026-10-10 15:49:49.544] [out] [delivery_module] DBG 2026-10-10 15:49:49.544+02:00 Successfully started discovery v5 service  topics="waku discv5" tid=19461596
[2026-10-10 15:49:49.544] [out] [delivery_module] INF 2026-10-10 15:49:49.544+02:00 Discv5: discoverable ENR                   topics="waku discv5" tid=19461596 enrUri=enr:-Ka4QFFrsDIDC3aUBGykzYFVKkgXvwq3NcZdCsyNSFAP7F3xOLR8EDuMhgI_9w0uNUwcjFscVKTSZA6q9VtGNgQqPjUEgmlkgnY0im11bHRpYWRkcnOAgnJzkwADCAAAAAEAAgADAAQABQAGAAeJc2VjcDI1NmsxoQPp0NnpVOwneUnOxPQFcWepFNkAjm93Q1BObuFkJ9iaMIN0Y3CC4juFd2FrdTIt enr="(4, id: \"v4\", multiaddrs: 0x, rs: 0x00030800000001000200030004000500060007, secp256k1: 0x03E9D0D9E954EC277949CEC4F4057167A914D9008E6F7743504E6EE16427D89A30, tcp: 57915, waku2: 0x2D)"
[2026-10-10 15:49:49.544] [out] [delivery_module] INF 2026-10-10 15:49:49.544+02:00 Node started successfully                  topics="waku node" tid=19461596
[2026-10-10 15:49:49.544] [out] [delivery_module] DBG 2026-10-10 15:49:49.544+02:00 Dialing multiple peers                     tid=19461596 numOfPeers=6 nodes="@[\"/dns4/delivery-01.do-ams3.logos.dev.status.im/tcp/30303/p2p/16Uiu2HAmTUbnxLGT9JvV6mu9oPyDjqHK4Phs1VDJNUgESgNSkuby\", \"/dns4/delivery-02.do-ams3.logos.dev.status.im/tcp/30303/p2p/16Uiu2HAmMK7PYygBtKUQ8EHp7EfaD3bCEsJrkFooK8RQ2PVpJprH\", \"/dns4/delivery-01.gc-us-central1-a.logos.dev.status.im/tcp/30303/p2p/16Uiu2HAm4S1JYkuzDKLKQvwgAhZKs9otxXqt8SCGtB4hoJP1S397\", \"/dns4/delivery-02.gc-us-central1-a.logos.dev.status.im/tcp/30303/p2p/16Uiu2HAm8Y9kgBNtjxvCnf1X6gnZJW5EGE4UwwCL3CCm55TwqBiH\", \"/dns4/delivery-01.ac-cn-hongkong-c.logos.dev.status.im/tcp/30303/p2p/16Uiu2HAm8YokiNun9BkeA1ZRmhLbtNUvcwRr64F69tYj9fkGyuEP\", \"/dns4/delivery-02.ac-cn-hongkong-c.logos.dev.status.im/tcp/30303/p2p/16Uiu2HAkvwhGHKNry6LACrB8TmEFoCJKEX29XR5dDUzk3UT3UNSE\"]"
[2026-10-10 15:49:50.460] [out] [delivery_module] DBG 2026-10-10 15:49:50.460+02:00 created new pubsub peer                    topics="libp2p pubsub" tid=19461596 peerId=16Uiu2...VpJprH
[2026-10-10 15:49:50.460] [out] [delivery_module] DBG 2026-10-10 15:49:50.460+02:00 no listener registered                     tid=19461597 event=onConnectionChange
[2026-10-10 15:49:50.460] [out] [delivery_module] DBG 2026-10-10 15:49:50.460+02:00 Incoming WakuRelay connection              topics="waku relay" tid=19461596 connection=16Uiu2...VpJprH:6aca427ee02547f185649f60 protocol=/vac/waku/relay/2.0.0
[2026-10-10 15:49:50.463] [out] [delivery_module] DBG 2026-10-10 15:49:50.463+02:00 created new pubsub peer                    topics="libp2p pubsub" tid=19461596 peerId=16Uiu2...NSkuby
[2026-10-10 15:49:50.463] [out] [delivery_module] DBG 2026-10-10 15:49:50.463+02:00 no listener registered                     tid=19461597 event=onConnectionChange
[2026-10-10 15:49:50.464] [out] [delivery_module] DBG 2026-10-10 15:49:50.464+02:00 Incoming WakuRelay connection              topics="waku relay" tid=19461596 connection=16Uiu2...NSkuby:6aca427ee02547f185649f65 protocol=/vac/waku/relay/2.0.0
[2026-10-10 15:49:50.537] [out] [delivery_module] WRN 2026-10-10 15:49:50.537+02:00 ffi request still in flight; caller notified via RET_STALE_WARN tid=19461596 reqId=LogosdeliveryStartNodeReq elapsedMs=5000
[2026-10-10 15:49:50.646] [out] [delivery_module] DBG 2026-10-10 15:49:50.646+02:00 Event identified                           topics="waku node peer_manager" tid=19461596 peerId=16Uiu2...NSkuby
[2026-10-10 15:49:50.647] [out] [delivery_module] DBG 2026-10-10 15:49:50.646+02:00 no listener registered                     tid=19461597 event=onConnectionChange
[2026-10-10 15:49:50.647] [out] [delivery_module] DBG 2026-10-10 15:49:50.647+02:00 Event identified                           topics="waku node peer_manager" tid=19461596 peerId=16Uiu2...VpJprH
[2026-10-10 15:49:50.647] [out] [delivery_module] DBG 2026-10-10 15:49:50.647+02:00 no listener registered                     tid=19461597 event=onConnectionChange
[2026-10-10 15:49:50.668] [out] [delivery_module] DBG 2026-10-10 15:49:50.668+02:00 created new pubsub peer                    topics="libp2p pubsub" tid=19461596 peerId=16Uiu2...TwqBiH
[2026-10-10 15:49:50.668] [out] [delivery_module] DBG 2026-10-10 15:49:50.668+02:00 no listener registered                     tid=19461597 event=onConnectionChange
[2026-10-10 15:49:50.668] [out] [delivery_module] DBG 2026-10-10 15:49:50.668+02:00 created new pubsub peer                    topics="libp2p pubsub" tid=19461596 peerId=16Uiu2...P1S397
[2026-10-10 15:49:50.668] [out] [delivery_module] DBG 2026-10-10 15:49:50.668+02:00 no listener registered                     tid=19461597 event=onConnectionChange
[2026-10-10 15:49:50.668] [out] [delivery_module] DBG 2026-10-10 15:49:50.668+02:00 Incoming WakuRelay connection              topics="waku relay" tid=19461596 connection=16Uiu2...TwqBiH:6aca427ee02547f185649f70 protocol=/vac/waku/relay/2.0.0
[2026-10-10 15:49:50.668] [out] [delivery_module] DBG 2026-10-10 15:49:50.668+02:00 Incoming WakuRelay connection              topics="waku relay" tid=19461596 connection=16Uiu2...P1S397:6aca427ee02547f185649f72 protocol=/vac/waku/relay/2.0.0
[2026-10-10 15:49:50.816] [out] [delivery_module] DBG 2026-10-10 15:49:50.816+02:00 Received WakuMetadata request              topics="waku metadata" tid=19461596 remoteClusterId=ok(3) remoteShards="[5, 0, 2, 1, 4, 7, 3, 6]" localClusterId=3 localShards="[7]" peer=16Uiu2...NSkuby
[2026-10-10 15:49:50.824] [out] [delivery_module] DBG 2026-10-10 15:49:50.824+02:00 Received WakuMetadata request              topics="waku metadata" tid=19461596 remoteClusterId=ok(3) remoteShards="[5, 0, 2, 1, 4, 7, 3, 6]" localClusterId=3 localShards="[7]" peer=16Uiu2...VpJprH
[2026-10-10 15:49:50.852] [out] [delivery_module] DBG 2026-10-10 15:49:50.852+02:00 Event identified                           topics="waku node peer_manager" tid=19461596 peerId=16Uiu2...P1S397
[2026-10-10 15:49:50.852] [out] [delivery_module] DBG 2026-10-10 15:49:50.852+02:00 no listener registered                     tid=19461597 event=onConnectionChange
[2026-10-10 15:49:50.852] [out] [delivery_module] DBG 2026-10-10 15:49:50.852+02:00 Event identified                           topics="waku node peer_manager" tid=19461596 peerId=16Uiu2...TwqBiH
[2026-10-10 15:49:50.852] [out] [delivery_module] DBG 2026-10-10 15:49:50.852+02:00 no listener registered                     tid=19461597 event=onConnectionChange
[2026-10-10 15:49:50.863] [out] [delivery_module] DBG 2026-10-10 15:49:50.863+02:00 created new pubsub peer                    topics="libp2p pubsub" tid=19461596 peerId=16Uiu2...T3UNSE
[2026-10-10 15:49:50.863] [out] [delivery_module] DBG 2026-10-10 15:49:50.863+02:00 no listener registered                     tid=19461597 event=onConnectionChange
[2026-10-10 15:49:50.864] [out] [delivery_module] DBG 2026-10-10 15:49:50.863+02:00 Incoming WakuRelay connection              topics="waku relay" tid=19461596 connection=16Uiu2...T3UNSE:6aca427ee02547f185649f7c protocol=/vac/waku/relay/2.0.0
[2026-10-10 15:49:50.893] [out] [delivery_module] DBG 2026-10-10 15:49:50.893+02:00 no listener registered                     tid=19461597 event=onConnectionChange
[2026-10-10 15:49:50.893] [out] [delivery_module] DBG 2026-10-10 15:49:50.893+02:00 created new pubsub peer                    topics="libp2p pubsub" tid=19461596 peerId=16Uiu2...kGyuEP
[2026-10-10 15:49:50.893] [out] [delivery_module] DBG 2026-10-10 15:49:50.893+02:00 no listener registered                     tid=19461597 event=onConnectionChange
[2026-10-10 15:49:50.899] [out] [delivery_module] DBG 2026-10-10 15:49:50.899+02:00 Incoming WakuRelay connection              topics="waku relay" tid=19461596 connection=16Uiu2...kGyuEP:6aca427ee02547f185649f83 protocol=/vac/waku/relay/2.0.0
[2026-10-10 15:49:50.923] [out] [delivery_module] DBG 2026-10-10 15:49:50.923+02:00 no listener registered                     tid=19461597 event=onConnectionChange
[2026-10-10 15:49:51.018] [out] [delivery_module] DBG 2026-10-10 15:49:51.018+02:00 Received WakuMetadata request              topics="waku metadata" tid=19461596 remoteClusterId=ok(3) remoteShards="[5, 0, 2, 1, 4, 7, 3, 6]" localClusterId=3 localShards="[7]" peer=16Uiu2...TwqBiH
[2026-10-10 15:49:51.021] [out] [delivery_module] DBG 2026-10-10 15:49:51.021+02:00 Received WakuMetadata request              topics="waku metadata" tid=19461596 remoteClusterId=ok(3) remoteShards="[5, 0, 2, 1, 4, 7, 3, 6]" localClusterId=3 localShards="[7]" peer=16Uiu2...P1S397
[2026-10-10 15:49:51.103] [out] [delivery_module] DBG 2026-10-10 15:49:51.103+02:00 Peer dial started                          topics="libp2p dialer" tid=19461596 peerId=16Uiu2...BjtNZZ addresses=[/ip4/173.42.114.210/tcp/46341]
[2026-10-10 15:49:51.103] [out] [delivery_module] DBG 2026-10-10 15:49:51.103+02:00 Peer dial started                          topics="libp2p dialer" tid=19461596 peerId=16Uiu2...Gas9Zu addresses="[/ip4/172.20.10.14/udp/58926/quic-v1, /ip4/172.20.10.14/tcp/52205]"
[2026-10-10 15:49:51.104] [out] [delivery_module] DBG 2026-10-10 15:49:51.104+02:00 New connection established: client         tid=19461596
[2026-10-10 15:49:51.104] [out] [delivery_module] DBG 2026-10-10 15:49:51.104+02:00 Peer dial started                          topics="libp2p dialer" tid=19461596 peerId=16Uiu2...bHQ8Hg addresses="[/ip4/172.20.10.14/udp/57136/quic-v1, /ip4/172.20.10.14/tcp/52288]"
[2026-10-10 15:49:51.104] [out] [delivery_module] DBG 2026-10-10 15:49:51.104+02:00 New connection established: client         tid=19461596
[2026-10-10 15:49:51.105] [out] [delivery_module] DBG 2026-10-10 15:49:51.105+02:00 Peer dial started                          topics="libp2p dialer" tid=19461596 peerId=16Uiu2...s3TSyR addresses="[/ip4/172.20.10.14/udp/63140/quic-v1, /ip4/172.20.10.14/tcp/57736]"
[2026-10-10 15:49:51.105] [out] [delivery_module] DBG 2026-10-10 15:49:51.105+02:00 New connection established: client         tid=19461596
[2026-10-10 15:49:51.105] [out] [delivery_module] DBG 2026-10-10 15:49:51.105+02:00 Peer dial started                          topics="libp2p dialer" tid=19461596 peerId=16Uiu2...BGbc3h addresses="[/ip4/172.20.10.14/udp/62748/quic-v1, /ip4/172.20.10.14/tcp/57735]"
[2026-10-10 15:49:51.105] [out] [delivery_module] DBG 2026-10-10 15:49:51.105+02:00 New connection established: client         tid=19461596
[2026-10-10 15:49:51.108] [out] [delivery_module] DBG 2026-10-10 15:49:51.108+02:00 Peer dial started                          topics="libp2p dialer" tid=19461596 peerId=16Uiu2...NmmnVv addresses="[/ip4/143.105.219.245/udp/60401/quic-v1, /ip4/143.105.219.245/tcp/61976, /ip4/172.16.134.165/tcp/61976]"
[2026-10-10 15:49:51.108] [out] [delivery_module] DBG 2026-10-10 15:49:51.108+02:00 New connection established: client         tid=19461596
[2026-10-10 15:49:51.108] [out] [delivery_module] DBG 2026-10-10 15:49:51.108+02:00 Peer dial started                          topics="libp2p dialer" tid=19461596 peerId=16Uiu2...C2W9C5 addresses="[/ip4/172.20.10.14/udp/49215/quic-v1, /ip4/172.20.10.14/tcp/52228]"
[2026-10-10 15:49:51.108] [out] [delivery_module] DBG 2026-10-10 15:49:51.108+02:00 New connection established: client         tid=19461596
[2026-10-10 15:49:51.109] [out] [delivery_module] DBG 2026-10-10 15:49:51.109+02:00 Peer dial started                          topics="libp2p dialer" tid=19461596 peerId=16Uiu2...3H7QUd addresses="[/ip4/172.20.10.14/udp/52662/quic-v1, /ip4/172.20.10.14/tcp/52206]"
[2026-10-10 15:49:51.109] [out] [delivery_module] DBG 2026-10-10 15:49:51.109+02:00 New connection established: client         tid=19461596
[2026-10-10 15:49:51.109] [out] [delivery_module] DBG 2026-10-10 15:49:51.109+02:00 Peer dial started                          topics="libp2p dialer" tid=19461596 peerId=16Uiu2...JuYMPY addresses="[/ip4/172.20.10.14/udp/53720/quic-v1, /ip4/172.20.10.14/tcp/52306]"
[2026-10-10 15:49:51.109] [out] [delivery_module] DBG 2026-10-10 15:49:51.109+02:00 New connection established: client         tid=19461596
[2026-10-10 15:49:51.113] [out] [delivery_module] DBG 2026-10-10 15:49:51.113+02:00 Peer dial started                          topics="libp2p dialer" tid=19461596 peerId=16Uiu2...sR6GDs addresses="[/ip4/100.126.175.80/udp/56339/quic-v1, /ip4/100.126.175.80/tcp/49964]"
[2026-10-10 15:49:51.113] [out] [delivery_module] DBG 2026-10-10 15:49:51.113+02:00 New connection established: client         tid=19461596
[2026-10-10 15:49:51.116] [out] [delivery_module] DBG 2026-10-10 15:49:51.116+02:00 Event identified                           topics="waku node peer_manager" tid=19461596 peerId=16Uiu2...T3UNSE
[2026-10-10 15:49:51.116] [out] [delivery_module] DBG 2026-10-10 15:49:51.116+02:00 no listener registered                     tid=19461597 event=onConnectionChange
[2026-10-10 15:49:51.179] [out] [delivery_module] DBG 2026-10-10 15:49:51.179+02:00 no listener registered                     tid=19461597 event=onConnectionChange
[2026-10-10 15:49:51.200] [out] [delivery_module] DBG 2026-10-10 15:49:51.200+02:00 no listener registered                     tid=19461597 event=onConnectionChange
[2026-10-10 15:49:51.355] [out] [delivery_module] DBG 2026-10-10 15:49:51.355+02:00 Received WakuMetadata request              topics="waku metadata" tid=19461596 remoteClusterId=ok(3) remoteShards="[5, 0, 2, 1, 4, 7, 3, 6]" localClusterId=3 localShards="[7]" peer=16Uiu2...T3UNSE
[2026-10-10 15:49:51.356] [out] [delivery_module] DBG 2026-10-10 15:49:51.356+02:00 Event identified                           topics="waku node peer_manager" tid=19461596 peerId=16Uiu2...kGyuEP
[2026-10-10 15:49:51.356] [out] [delivery_module] DBG 2026-10-10 15:49:51.356+02:00 no listener registered                     tid=19461597 event=onConnectionChange
[2026-10-10 15:49:51.596] [out] [delivery_module] DBG 2026-10-10 15:49:51.596+02:00 Received WakuMetadata request              topics="waku metadata" tid=19461596 remoteClusterId=ok(3) remoteShards="[5, 0, 2, 1, 4, 7, 3, 6]" localClusterId=3 localShards="[7]" peer=16Uiu2...kGyuEP
[2026-10-10 15:49:51.596] [out] [delivery_module] DBG 2026-10-10 15:49:51.596+02:00 no listener registered                     tid=19461597 event=onConnectionChange
[2026-10-10 15:49:51.770] [out] [delivery_module] DBG 2026-10-10 15:49:51.770+02:00 created new pubsub peer                    topics="libp2p pubsub" tid=19461596 peerId=16Uiu2...BjtNZZ
[2026-10-10 15:49:51.770] [out] [delivery_module] DBG 2026-10-10 15:49:51.770+02:00 no listener registered                     tid=19461597 event=onConnectionChange
[2026-10-10 15:49:51.770] [out] [delivery_module] DBG 2026-10-10 15:49:51.770+02:00 Incoming WakuRelay connection              topics="waku relay" tid=19461596 connection=16Uiu2...BjtNZZ:6aca427fe02547f185649f93 protocol=/vac/waku/relay/2.0.0
[2026-10-10 15:49:51.866] [out] [delivery_module] DBG 2026-10-10 15:49:51.866+02:00 no listener registered                     tid=19461597 event=onConnectionChange
[2026-10-10 15:49:51.866] [out] [delivery_module] DBG 2026-10-10 15:49:51.866+02:00 Finished dialing multiple peers            tid=19461596 successfulConns=6 attempted=6
[2026-10-10 15:49:51.867] [out] [delivery_module] DBG 2026-10-10 15:49:51.867+02:00 Dialing multiple peers                     topics="waku node peer_manager" tid=19461596 numOfPeers=9 nodes="@[16Uiu2HAmVfTJLvFx1TDN2nRMJV4gc9xATd7PhmA3mD65AXGas9Zu, 16Uiu2HAm4pwESJJjm9qDBo6jj7vxbBTXfu2rqbZ4y9MDiAJuYMPY, 16Uiu2HAmJNrJiCcwCCpBL47CYGnAtsfxPBz3ta8Yb4BzUqC2W9C5, 16Uiu2HAmJxDBoxGjP6CTQuQigNstyXUxF8P6ypMyA5jUcss3TSyR, 16Uiu2HAm4mBUgFqkwfcuxo9zTsXDDfh33SrXo3LgHdgyG9sR6GDs, 16Uiu2HAmFRyUMY6bBFLzSuAm9C1CqEj7Dm8Yvv5cRsLLPXbHQ8Hg, 16Uiu2HAmUUJaxzkjLqJtAsUJFADKn88qE1EYHUnzvhJWwPBGbc3h, 16Uiu2HAmDxFW65dZVPRDVknRWBzq4XjYHeWT3uc9rEzXpx3H7QUd, 16Uiu2HAm1MeL9HxBACouZAWXsHDmSwVU2VcV6VZ3UXp1qNNmmnVv]"
[2026-10-10 15:49:51.867] [out] [delivery_module] INF 2026-10-10 15:49:51.867+02:00 Relay peer connections                     topics="waku node peer_manager" tid=19461596 inRelayConns=0/50 outRelayConns=7/25 totalConnections=7/150 notConnectedPeers=9 outsideBackoffPeers=9
[2026-10-10 15:49:51.868] [out] [delivery_module] DBG 2026-10-10 15:49:51.868+02:00 ENR addresses updated                      topics="waku enr" tid=19461596 retained=0 total=0
[2026-10-10 15:49:51.868] [out] [delivery_module] DBG 2026-10-10 15:49:51.868+02:00 Subscribing to pubsub topic                topics="waku relay" tid=19461596 pubsubTopic=/waku/2/rs/3/0
[2026-10-10 15:49:51.869] [out] [delivery_module] DBG 2026-10-10 15:49:51.869+02:00 peer filtering updated                     topics="waku discv5" tid=19461596
[2026-10-10 15:49:51.869] [out] [delivery_module] DBG 2026-10-10 15:49:51.869+02:00 ENR shards updated                         topics="waku discv5" tid=19461596 enrUri=enr:-K24QBssrKN_kPkeuxYhxqR6yxJBhxlkq4t20nlIxS6TQW7-e_oV1AH0RCvbp3Q0mHYQRo53l_INuQvI3GYN5Rh9UBsHgmlkgnY0im11bHRpYWRkcnOAgnJzkwADCAAAAAEAAgADAAQABQAGAAeJc2VjcDI1NmsxoQPp0NnpVOwneUnOxPQFcWepFNkAjm93Q1BObuFkJ9iaMIN0Y3CC4juDdWRwgsPVhXdha3UyLQ add=true
[2026-10-10 15:49:51.869] [out] [delivery_module] DBG 2026-10-10 15:49:51.869+02:00 Subscribing to pubsub topic                topics="waku relay" tid=19461596 pubsubTopic=/waku/2/rs/3/1
[2026-10-10 15:49:51.869] [out] [delivery_module] DBG 2026-10-10 15:49:51.869+02:00 peer filtering updated                     topics="waku discv5" tid=19461596
[2026-10-10 15:49:51.869] [out] [delivery_module] DBG 2026-10-10 15:49:51.869+02:00 ENR shards updated                         topics="waku discv5" tid=19461596 enrUri=enr:-K24QKJt-yZ4XkMy4o9Apcr122PnPQi8w6zMTp4s1TUc35uJYYh9LtkKT4He8IDl6RfNNLfcoW4UXR4xITdEaUq_8-sIgmlkgnY0im11bHRpYWRkcnOAgnJzkwADCAAAAAEAAgADAAQABQAGAAeJc2VjcDI1NmsxoQPp0NnpVOwneUnOxPQFcWepFNkAjm93Q1BObuFkJ9iaMIN0Y3CC4juDdWRwgsPVhXdha3UyLQ add=true
[2026-10-10 15:49:51.869] [out] [delivery_module] DBG 2026-10-10 15:49:51.869+02:00 Subscribing to pubsub topic                topics="waku relay" tid=19461596 pubsubTopic=/waku/2/rs/3/2
[2026-10-10 15:49:51.870] [out] [delivery_module] DBG 2026-10-10 15:49:51.870+02:00 peer filtering updated                     topics="waku discv5" tid=19461596
[2026-10-10 15:49:51.870] [out] [delivery_module] DBG 2026-10-10 15:49:51.870+02:00 ENR shards updated                         topics="waku discv5" tid=19461596 enrUri=enr:-K24QJimY8QQRy8DNTJT3ASximwNskiHY-lYYwgM31Puu__eD2GGOxKxKNEPfux4sMWLCN6qtaGzqmxNxtJRVG8GldIJgmlkgnY0im11bHRpYWRkcnOAgnJzkwADCAAAAAEAAgADAAQABQAGAAeJc2VjcDI1NmsxoQPp0NnpVOwneUnOxPQFcWepFNkAjm93Q1BObuFkJ9iaMIN0Y3CC4juDdWRwgsPVhXdha3UyLQ add=true
[2026-10-10 15:49:51.870] [out] [delivery_module] DBG 2026-10-10 15:49:51.870+02:00 Subscribing to pubsub topic                topics="waku relay" tid=19461596 pubsubTopic=/waku/2/rs/3/3
[2026-10-10 15:49:51.870] [out] [delivery_module] DBG 2026-10-10 15:49:51.870+02:00 peer filtering updated                     topics="waku discv5" tid=19461596
[2026-10-10 15:49:51.870] [out] [delivery_module] DBG 2026-10-10 15:49:51.870+02:00 ENR shards updated                         topics="waku discv5" tid=19461596 enrUri=enr:-K24QLpw8UUS9PooacdnHJsTCJMGYuo0Rcy_X9mN7w2loTjQHPPTngQbDyGvs-8F_MXh3Zi8XDN7k9eGSaTbZiOyeykKgmlkgnY0im11bHRpYWRkcnOAgnJzkwADCAAAAAEAAgADAAQABQAGAAeJc2VjcDI1NmsxoQPp0NnpVOwneUnOxPQFcWepFNkAjm93Q1BObuFkJ9iaMIN0Y3CC4juDdWRwgsPVhXdha3UyLQ add=true
[2026-10-10 15:49:51.870] [out] [delivery_module] DBG 2026-10-10 15:49:51.870+02:00 Subscribing to pubsub topic                topics="waku relay" tid=19461596 pubsubTopic=/waku/2/rs/3/4
[2026-10-10 15:49:51.870] [out] [delivery_module] DBG 2026-10-10 15:49:51.870+02:00 peer filtering updated                     topics="waku discv5" tid=19461596
[2026-10-10 15:49:51.870] [out] [delivery_module] DBG 2026-10-10 15:49:51.870+02:00 ENR shards updated                         topics="waku discv5" tid=19461596 enrUri=enr:-K24QMaCfpQRy0NCcGN8D4vOhz2qeZHhV0IaGmtgGhtN6XuKakiEv1NjcUu4FvsP-wPgIDMmMstpCM3LdbvJV4zME_ELgmlkgnY0im11bHRpYWRkcnOAgnJzkwADCAAAAAEAAgADAAQABQAGAAeJc2VjcDI1NmsxoQPp0NnpVOwneUnOxPQFcWepFNkAjm93Q1BObuFkJ9iaMIN0Y3CC4juDdWRwgsPVhXdha3UyLQ add=true
[2026-10-10 15:49:51.870] [out] [delivery_module] DBG 2026-10-10 15:49:51.870+02:00 Subscribing to pubsub topic                topics="waku relay" tid=19461596 pubsubTopic=/waku/2/rs/3/5
[2026-10-10 15:49:51.871] [out] [delivery_module] DBG 2026-10-10 15:49:51.871+02:00 peer filtering updated                     topics="waku discv5" tid=19461596
[2026-10-10 15:49:51.871] [out] [delivery_module] DBG 2026-10-10 15:49:51.871+02:00 ENR shards updated                         topics="waku discv5" tid=19461596 enrUri=enr:-K24QMsUZI5WdJP0ner2FktCxf2J5mK4UQFmNidxyXuq86uOcBNV_WdFxU8DuhL7eXztAKtR_5srdJrxKD2JLz8eWuQMgmlkgnY0im11bHRpYWRkcnOAgnJzkwADCAAAAAEAAgADAAQABQAGAAeJc2VjcDI1NmsxoQPp0NnpVOwneUnOxPQFcWepFNkAjm93Q1BObuFkJ9iaMIN0Y3CC4juDdWRwgsPVhXdha3UyLQ add=true
[2026-10-10 15:49:51.871] [out] [delivery_module] DBG 2026-10-10 15:49:51.871+02:00 Subscribing to pubsub topic                topics="waku relay" tid=19461596 pubsubTopic=/waku/2/rs/3/6
[2026-10-10 15:49:51.871] [out] [delivery_module] DBG 2026-10-10 15:49:51.871+02:00 peer filtering updated                     topics="waku discv5" tid=19461596
[2026-10-10 15:49:51.871] [out] [delivery_module] DBG 2026-10-10 15:49:51.871+02:00 ENR shards updated                         topics="waku discv5" tid=19461596 enrUri=enr:-K24QLXKx1nVy6kmrVJjgjg_5YAm-yeCy0LwezuDA0-jsClFIrr53gEpXgXdlJvgCJQ5Keon_UenV1k4cWnlArNN_gkNgmlkgnY0im11bHRpYWRkcnOAgnJzkwADCAAAAAEAAgADAAQABQAGAAeJc2VjcDI1NmsxoQPp0NnpVOwneUnOxPQFcWepFNkAjm93Q1BObuFkJ9iaMIN0Y3CC4juDdWRwgsPVhXdha3UyLQ add=true
[2026-10-10 15:49:51.871] [out] [delivery_module] NTC 2026-10-10 15:49:51.871+02:00 ENR carries no reachable host, so peers cannot dial this node. Set --nat, --ext-ip, --dns4-domain-name or --ext-multiaddr to advertise one topics="wakunode waku" tid=19461596
[2026-10-10 15:49:51.871] [out] [delivery_module] DBG 2026-10-10 15:49:51.871+02:00 Register interest                          topics="service-disco discoverer" tid=19461596 service=/logos/delivery serviceId=e6738033b5d4...cb0431b2f5d8
[2026-10-10 15:49:51.871] [out] [delivery_module] DBG 2026-10-10 15:49:51.871+02:00 Added service to discover                  topics="waku service discovery" tid=19461596 service=/logos/delivery
[2026-10-10 15:49:51.872] [out] [delivery_module] DBG 2026-10-10 15:49:51.872+02:00 Added provided service                     topics="service-disco advertiser" tid=19461596 service=/logos/delivery serviceId=e6738033b5d4...cb0431b2f5d8
[2026-10-10 15:49:51.872] [out] [delivery_module] DBG 2026-10-10 15:49:51.872+02:00 Cannot insert self in routing table        topics="kad-dht rtable" tid=19461596 nodeId=002508021221...e16427d89a30
[2026-10-10 15:49:51.873] [out] [delivery_module] DBG 2026-10-10 15:49:51.873+02:00 Added service to advertise                 topics="waku service discovery" tid=19461596 service=/logos/delivery
[2026-10-10 15:49:51.873] [out] [delivery_module] INF 2026-10-10 15:49:51.873+02:00 advertising this node on the delivery network topics="waku discovery advertise" tid=19461596 backend=service protocols="[/vac/waku/relay/2.0.0, /vac/waku/filter-subscribe/2.0.0-beta1, /vac/waku/lightpush/3.0.0, /mix/1.0.0]"
[2026-10-10 15:49:51.873] [out] [delivery_module] DBG 2026-10-10 15:49:51.873+02:00 Register interest                          topics="service-disco discoverer" tid=19461596 service=/mix/1.0.0 serviceId=913b5c5dbe69...6f90568cea40
[2026-10-10 15:49:51.874] [out] [delivery_module] DBG 2026-10-10 15:49:51.874+02:00 Added service to discover                  topics="waku service discovery" tid=19461596 service=/mix/1.0.0
[2026-10-10 15:49:51.874] [out] [delivery_module] DBG 2026-10-10 15:49:51.874+02:00 Added provided service                     topics="service-disco advertiser" tid=19461596 service=/mix/1.0.0 serviceId=913b5c5dbe69...6f90568cea40
[2026-10-10 15:49:51.874] [out] [delivery_module] DBG 2026-10-10 15:49:51.874+02:00 Added service to advertise                 topics="waku service discovery" tid=19461596 service=/mix/1.0.0
[2026-10-10 15:49:51.874] [out] [delivery_module] INF 2026-10-10 15:49:51.874+02:00 advertising this node as a mix node        topics="waku discovery advertise" tid=19461596 backend=service
[2026-10-10 15:49:51.874] [out] [delivery_module] INF 2026-10-10 15:49:51.874+02:00 Node is online                             topics="waku online monitor" tid=19461596
[2026-10-10 15:49:51.875] [out] [delivery_module] INF 2026-10-10 15:49:51.874+02:00 Health monitor loop start                  tid=19461596
[2026-10-10 15:49:51.876] [out] [delivery_module] DBG 2026-10-10 15:49:51.876+02:00 calculateConnectionState                   tid=19461596 relayCount=6 storeClientCount=6 lightpushCount=6 filterCount=6
[2026-10-10 15:49:51.876] [out] [delivery_module] DBG 2026-10-10 15:49:51.876+02:00 connectionStatus change                    tid=19461596 oldstatus=Disconnected newstatus=Connected
[2026-10-10 15:49:51.876] [out] [delivery_module] INF 2026-10-10 15:49:51.876+02:00 starting keepalive                         tid=19461596 randomPeersKeepalive=10s allPeersKeepalive=2m
[2026-10-10 15:49:51.876] [out] [delivery_module] DBG 2026-10-10 15:49:51.876+02:00 no listener registered                     tid=19461597 event=onTopicHealthChange
[2026-10-10 15:49:51.876] [out] [delivery_module] DBG 2026-10-10 15:49:51.876+02:00 no listener registered                     tid=19461597 event=onTopicHealthChange
[2026-10-10 15:49:51.876] [out] [delivery_module] DBG 2026-10-10 15:49:51.876+02:00 no listener registered                     tid=19461597 event=onTopicHealthChange
[2026-10-10 15:49:51.876] [out] [delivery_module] DBG 2026-10-10 15:49:51.876+02:00 no listener registered                     tid=19461597 event=onTopicHealthChange
[2026-10-10 15:49:51.876] [out] [delivery_module] DBG 2026-10-10 15:49:51.876+02:00 no listener registered                     tid=19461597 event=onTopicHealthChange
[2026-10-10 15:49:51.876] [out] [delivery_module] DBG 2026-10-10 15:49:51.876+02:00 no listener registered                     tid=19461597 event=onTopicHealthChange
[2026-10-10 15:49:51.876] [out] [delivery_module] DBG 2026-10-10 15:49:51.876+02:00 no listener registered                     tid=19461597 event=onTopicHealthChange
[2026-10-10 15:49:51.950] [out] [delivery_module] DBG 2026-10-10 15:49:51.950+02:00 Event identified                           topics="waku node peer_manager" tid=19461596 peerId=16Uiu2...BjtNZZ
[2026-10-10 15:49:51.950] [out] [delivery_module] DBG 2026-10-10 15:49:51.950+02:00 no listener registered                     tid=19461597 event=onConnectionChange
[2026-10-10 15:49:51.978] [out] [delivery_module] DBG 2026-10-10 15:49:51.978+02:00 calculateConnectionState                   tid=19461596 relayCount=7 storeClientCount=6 lightpushCount=7 filterCount=7
[2026-10-10 15:49:52.139] [out] [delivery_module] DBG 2026-10-10 15:49:52.139+02:00 Received WakuMetadata request              topics="waku metadata" tid=19461596 remoteClusterId=ok(3) remoteShards="[5, 0, 2, 1, 4, 7, 3, 6]" localClusterId=3 localShards="[5, 0, 2, 1, 4, 7, 3, 6]" peer=16Uiu2...BjtNZZ
[2026-10-10 15:49:52.277] [out] [delivery_module] INF 2026-10-10 15:49:52.277+02:00 Message received                           tid=19461596 msg_hash=0x6f9acedfa53d7de2af115da6c2f76866082ea6d88f046acba4aafeb0b1616bc2 contentTopic=/lp0026forum/1/general/text pubsubTopic=/waku/2/rs/3/7 source=history
[2026-10-10 15:49:52.297] [out] [delivery_module] DBG 2026-10-10 15:49:52.297+02:00 no listener registered                     tid=19461597 event=onConnectionChange
[2026-10-10 15:49:52.298] [out] [delivery_module] DBG 2026-10-10 15:49:52.298+02:00 calculateConnectionState                   tid=19461596 relayCount=7 storeClientCount=6 lightpushCount=7 filterCount=7
[2026-10-10 15:49:54.106] [out] [delivery_module] DBG 2026-10-10 15:49:54.105+02:00 Address dial failed                        topics="libp2p dialer" tid=19461596 err="quic dial timed out after 3s" peerId=16Uiu2...Gas9Zu address=/ip4/172.20.10.14/udp/58926/quic-v1 hostname=172.20.10.14
[2026-10-10 15:49:54.106] [out] [delivery_module] DBG 2026-10-10 15:49:54.106+02:00 Address dial failed                        topics="libp2p dialer" tid=19461596 err="quic dial timed out after 3s" peerId=16Uiu2...bHQ8Hg address=/ip4/172.20.10.14/udp/57136/quic-v1 hostname=172.20.10.14
[2026-10-10 15:49:54.106] [out] [delivery_module] DBG 2026-10-10 15:49:54.106+02:00 Address dial failed                        topics="libp2p dialer" tid=19461596 err="quic dial timed out after 3s" peerId=16Uiu2...s3TSyR address=/ip4/172.20.10.14/udp/63140/quic-v1 hostname=172.20.10.14
[2026-10-10 15:49:54.106] [out] [delivery_module] DBG 2026-10-10 15:49:54.106+02:00 Address dial failed                        topics="libp2p dialer" tid=19461596 err="TcpTransport dial error: (61) Connection refused" peerId=16Uiu2...Gas9Zu address=/ip4/172.20.10.14/tcp/52205 hostname=172.20.10.14
[2026-10-10 15:49:54.107] [out] [delivery_module] DBG 2026-10-10 15:49:54.106+02:00 Address dial failed                        topics="libp2p dialer" tid=19461596 err="TcpTransport dial error: (61) Connection refused" peerId=16Uiu2...bHQ8Hg address=/ip4/172.20.10.14/tcp/52288 hostname=172.20.10.14
[2026-10-10 15:49:54.107] [out] [delivery_module] DBG 2026-10-10 15:49:54.107+02:00 Address dial failed                        topics="libp2p dialer" tid=19461596 err="TcpTransport dial error: (61) Connection refused" peerId=16Uiu2...s3TSyR address=/ip4/172.20.10.14/tcp/57736 hostname=172.20.10.14
[2026-10-10 15:49:54.107] [out] [delivery_module] DBG 2026-10-10 15:49:54.107+02:00 Address dial failed                        topics="libp2p dialer" tid=19461596 err="quic dial timed out after 3s" peerId=16Uiu2...BGbc3h address=/ip4/172.20.10.14/udp/62748/quic-v1 hostname=172.20.10.14
[2026-10-10 15:49:54.107] [out] [delivery_module] DBG 2026-10-10 15:49:54.107+02:00 Protocol stream establishment failed       topics="libp2p dialer" tid=19461596 err="Unable to establish outgoing link in establishConnection: peer_id=16Uiu2...Gas9Zu addrs=[/ip4/172.20.10.14/udp/58926/quic-v1, /ip4/172.20.10.14/tcp/52205]" peerId=16Uiu2...Gas9Zu protocols="[/logos/service-discovery/1.0.0]" addresses="[/ip4/172.20.10.14/udp/58926/quic-v1, /ip4/172.20.10.14/tcp/52205]" conn=nil
[2026-10-10 15:49:54.107] [out] [delivery_module] DBG 2026-10-10 15:49:54.107+02:00 Protocol stream establishment failed       topics="libp2p dialer" tid=19461596 err="Unable to establish outgoing link in establishConnection: peer_id=16Uiu2...bHQ8Hg addrs=[/ip4/172.20.10.14/udp/57136/quic-v1, /ip4/172.20.10.14/tcp/52288]" peerId=16Uiu2...bHQ8Hg protocols="[/logos/service-discovery/1.0.0]" addresses="[/ip4/172.20.10.14/udp/57136/quic-v1, /ip4/172.20.10.14/tcp/52288]" conn=nil
[2026-10-10 15:49:54.107] [out] [delivery_module] DBG 2026-10-10 15:49:54.107+02:00 Peer dial started                          topics="libp2p dialer" tid=19461596 peerId=16Uiu2...Gas9Zu addresses="[/ip4/172.20.10.14/udp/58926/quic-v1, /ip4/172.20.10.14/tcp/52205]"
[2026-10-10 15:49:54.107] [out] [delivery_module] DBG 2026-10-10 15:49:54.107+02:00 New connection established: client         tid=19461596
[2026-10-10 15:49:54.107] [out] [delivery_module] DBG 2026-10-10 15:49:54.107+02:00 Peer dial started                          topics="libp2p dialer" tid=19461596 peerId=16Uiu2...bHQ8Hg addresses="[/ip4/172.20.10.14/udp/57136/quic-v1, /ip4/172.20.10.14/tcp/52288]"
[2026-10-10 15:49:54.107] [out] [delivery_module] DBG 2026-10-10 15:49:54.107+02:00 New connection established: client         tid=19461596
[2026-10-10 15:49:54.108] [out] [delivery_module] DBG 2026-10-10 15:49:54.108+02:00 Protocol stream establishment failed       topics="libp2p dialer" tid=19461596 err="Unable to establish outgoing link in establishConnection: peer_id=16Uiu2...s3TSyR addrs=[/ip4/172.20.10.14/udp/63140/quic-v1, /ip4/172.20.10.14/tcp/57736]" peerId=16Uiu2...s3TSyR protocols="[/logos/service-discovery/1.0.0]" addresses="[/ip4/172.20.10.14/udp/63140/quic-v1, /ip4/172.20.10.14/tcp/57736]" conn=nil
[2026-10-10 15:49:54.108] [out] [delivery_module] DBG 2026-10-10 15:49:54.108+02:00 Peer dial started                          topics="libp2p dialer" tid=19461596 peerId=16Uiu2...s3TSyR addresses="[/ip4/172.20.10.14/udp/63140/quic-v1, /ip4/172.20.10.14/tcp/57736]"
[2026-10-10 15:49:54.108] [out] [delivery_module] DBG 2026-10-10 15:49:54.108+02:00 New connection established: client         tid=19461596
[2026-10-10 15:49:54.108] [out] [delivery_module] DBG 2026-10-10 15:49:54.108+02:00 Address dial failed                        topics="libp2p dialer" tid=19461596 err="TcpTransport dial error: (61) Connection refused" peerId=16Uiu2...BGbc3h address=/ip4/172.20.10.14/tcp/57735 hostname=172.20.10.14
[2026-10-10 15:49:54.108] [out] [delivery_module] DBG 2026-10-10 15:49:54.108+02:00 Protocol stream establishment failed       topics="libp2p dialer" tid=19461596 err="Unable to establish outgoing link in establishConnection: peer_id=16Uiu2...BGbc3h addrs=[/ip4/172.20.10.14/udp/62748/quic-v1, /ip4/172.20.10.14/tcp/57735]" peerId=16Uiu2...BGbc3h protocols="[/logos/service-discovery/1.0.0]" addresses="[/ip4/172.20.10.14/udp/62748/quic-v1, /ip4/172.20.10.14/tcp/57735]" conn=nil
[2026-10-10 15:49:54.108] [out] [delivery_module] DBG 2026-10-10 15:49:54.108+02:00 Peer dial started                          topics="libp2p dialer" tid=19461596 peerId=16Uiu2...BGbc3h addresses="[/ip4/172.20.10.14/udp/62748/quic-v1, /ip4/172.20.10.14/tcp/57735]"
[2026-10-10 15:49:54.109] [out] [delivery_module] DBG 2026-10-10 15:49:54.109+02:00 New connection established: client         tid=19461596
[2026-10-10 15:49:54.109] [out] [delivery_module] DBG 2026-10-10 15:49:54.109+02:00 Address dial failed                        topics="libp2p dialer" tid=19461596 err="quic dial timed out after 3s" peerId=16Uiu2...NmmnVv address=/ip4/143.105.219.245/udp/60401/quic-v1 hostname=143.105.219.245
[2026-10-10 15:49:54.109] [out] [delivery_module] DBG 2026-10-10 15:49:54.109+02:00 Address dial failed                        topics="libp2p dialer" tid=19461596 err="quic dial timed out after 3s" peerId=16Uiu2...C2W9C5 address=/ip4/172.20.10.14/udp/49215/quic-v1 hostname=172.20.10.14
[2026-10-10 15:49:54.110] [out] [delivery_module] DBG 2026-10-10 15:49:54.109+02:00 Address dial failed                        topics="libp2p dialer" tid=19461596 err="quic dial timed out after 3s" peerId=16Uiu2...3H7QUd address=/ip4/172.20.10.14/udp/52662/quic-v1 hostname=172.20.10.14
[2026-10-10 15:49:54.110] [out] [delivery_module] DBG 2026-10-10 15:49:54.110+02:00 Address dial failed                        topics="libp2p dialer" tid=19461596 err="TcpTransport dial error: (61) Connection refused" peerId=16Uiu2...C2W9C5 address=/ip4/172.20.10.14/tcp/52228 hostname=172.20.10.14
[2026-10-10 15:49:54.110] [out] [delivery_module] DBG 2026-10-10 15:49:54.110+02:00 Address dial failed                        topics="libp2p dialer" tid=19461596 err="quic dial timed out after 3s" peerId=16Uiu2...JuYMPY address=/ip4/172.20.10.14/udp/53720/quic-v1 hostname=172.20.10.14
[2026-10-10 15:49:54.110] [out] [delivery_module] DBG 2026-10-10 15:49:54.110+02:00 Address dial failed                        topics="libp2p dialer" tid=19461596 err="TcpTransport dial error: (61) Connection refused" peerId=16Uiu2...3H7QUd address=/ip4/172.20.10.14/tcp/52206 hostname=172.20.10.14
[2026-10-10 15:49:54.110] [out] [delivery_module] DBG 2026-10-10 15:49:54.110+02:00 Protocol stream establishment failed       topics="libp2p dialer" tid=19461596 err="Unable to establish outgoing link in establishConnection: peer_id=16Uiu2...C2W9C5 addrs=[/ip4/172.20.10.14/udp/49215/quic-v1, /ip4/172.20.10.14/tcp/52228]" peerId=16Uiu2...C2W9C5 protocols="[/logos/service-discovery/1.0.0]" addresses="[/ip4/172.20.10.14/udp/49215/quic-v1, /ip4/172.20.10.14/tcp/52228]" conn=nil
[2026-10-10 15:49:54.110] [out] [delivery_module] DBG 2026-10-10 15:49:54.110+02:00 Peer dial started                          topics="libp2p dialer" tid=19461596 peerId=16Uiu2...C2W9C5 addresses="[/ip4/172.20.10.14/udp/49215/quic-v1, /ip4/172.20.10.14/tcp/52228]"
[2026-10-10 15:49:54.110] [out] [delivery_module] DBG 2026-10-10 15:49:54.110+02:00 New connection established: client         tid=19461596
[2026-10-10 15:49:54.111] [out] [delivery_module] DBG 2026-10-10 15:49:54.111+02:00 Protocol stream establishment failed       topics="libp2p dialer" tid=19461596 err="Unable to establish outgoing link in establishConnection: peer_id=16Uiu2...3H7QUd addrs=[/ip4/172.20.10.14/udp/52662/quic-v1, /ip4/172.20.10.14/tcp/52206]" peerId=16Uiu2...3H7QUd protocols="[/logos/service-discovery/1.0.0]" addresses="[/ip4/172.20.10.14/udp/52662/quic-v1, /ip4/172.20.10.14/tcp/52206]" conn=nil
[2026-10-10 15:49:54.111] [out] [delivery_module] DBG 2026-10-10 15:49:54.111+02:00 Address dial failed                        topics="libp2p dialer" tid=19461596 err="TcpTransport dial error: (61) Connection refused" peerId=16Uiu2...JuYMPY address=/ip4/172.20.10.14/tcp/52306 hostname=172.20.10.14
[2026-10-10 15:49:54.111] [out] [delivery_module] DBG 2026-10-10 15:49:54.111+02:00 Peer dial started                          topics="libp2p dialer" tid=19461596 peerId=16Uiu2...3H7QUd addresses="[/ip4/172.20.10.14/udp/52662/quic-v1, /ip4/172.20.10.14/tcp/52206]"
[2026-10-10 15:49:54.111] [out] [delivery_module] DBG 2026-10-10 15:49:54.111+02:00 New connection established: client         tid=19461596
[2026-10-10 15:49:54.111] [out] [delivery_module] DBG 2026-10-10 15:49:54.111+02:00 Protocol stream establishment failed       topics="libp2p dialer" tid=19461596 err="Unable to establish outgoing link in establishConnection: peer_id=16Uiu2...JuYMPY addrs=[/ip4/172.20.10.14/udp/53720/quic-v1, /ip4/172.20.10.14/tcp/52306]" peerId=16Uiu2...JuYMPY protocols="[/logos/service-discovery/1.0.0]" addresses="[/ip4/172.20.10.14/udp/53720/quic-v1, /ip4/172.20.10.14/tcp/52306]" conn=nil
[2026-10-10 15:49:54.111] [out] [delivery_module] DBG 2026-10-10 15:49:54.111+02:00 Peer dial started                          topics="libp2p dialer" tid=19461596 peerId=16Uiu2...JuYMPY addresses="[/ip4/172.20.10.14/udp/53720/quic-v1, /ip4/172.20.10.14/tcp/52306]"
[2026-10-10 15:49:54.111] [out] [delivery_module] DBG 2026-10-10 15:49:54.111+02:00 New connection established: client         tid=19461596
[2026-10-10 15:49:54.114] [out] [delivery_module] DBG 2026-10-10 15:49:54.114+02:00 Address dial failed                        topics="libp2p dialer" tid=19461596 err="quic dial timed out after 3s" peerId=16Uiu2...sR6GDs address=/ip4/100.126.175.80/udp/56339/quic-v1 hostname=100.126.175.80
[2026-10-10 15:49:55.544] [out] [delivery_module] DBG 2026-10-10 15:49:55.544+02:00 Getting adverts                            topics="service-disco discoverer" tid=19461596 serviceId=913b5c5dbe69...6f90568cea40 registrar=16Uiu2...HZTWbR
[2026-10-10 15:49:55.544] [out] [delivery_module] DBG 2026-10-10 15:49:55.544+02:00 Adverts found                              topics="service-disco discoverer" tid=19461596 serviceId=913b5c5dbe69...6f90568cea40 remote=16Uiu2...HZTWbR count=0
[2026-10-10 15:49:55.545] [out] [delivery_module] DBG 2026-10-10 15:49:55.545+02:00 Getting adverts                            topics="service-disco discoverer" tid=19461596 serviceId=913b5c5dbe69...6f90568cea40 registrar=16Uiu2...TwqBiH
[2026-10-10 15:49:55.545] [out] [delivery_module] DBG 2026-10-10 15:49:55.545+02:00 Getting adverts                            topics="service-disco discoverer" tid=19461596 serviceId=913b5c5dbe69...6f90568cea40 registrar=16Uiu2...NSkuby
[2026-10-10 15:49:55.545] [out] [delivery_module] DBG 2026-10-10 15:49:55.545+02:00 Getting adverts                            topics="service-disco discoverer" tid=19461596 serviceId=e6738033b5d4...cb0431b2f5d8 registrar=16Uiu2...HZTWbR
[2026-10-10 15:49:55.546] [out] [delivery_module] DBG 2026-10-10 15:49:55.546+02:00 Adverts found                              topics="service-disco discoverer" tid=19461596 serviceId=e6738033b5d4...cb0431b2f5d8 remote=16Uiu2...HZTWbR count=1
[2026-10-10 15:49:55.547] [out] [delivery_module] DBG 2026-10-10 15:49:55.547+02:00 Getting adverts                            topics="service-disco discoverer" tid=19461596 serviceId=e6738033b5d4...cb0431b2f5d8 registrar=16Uiu2...NSkuby
[2026-10-10 15:49:55.547] [out] [delivery_module] DBG 2026-10-10 15:49:55.547+02:00 Getting adverts                            topics="service-disco discoverer" tid=19461596 serviceId=e6738033b5d4...cb0431b2f5d8 registrar=16Uiu2...TwqBiH
[2026-10-10 15:49:55.798] [out] [delivery_module] DBG 2026-10-10 15:49:55.798+02:00 Adverts found                              topics="service-disco discoverer" tid=19461596 serviceId=913b5c5dbe69...6f90568cea40 remote=16Uiu2...NSkuby count=3
[2026-10-10 15:49:55.799] [out] [delivery_module] DBG 2026-10-10 15:49:55.799+02:00 Provider found                             topics="service-disco tracker" tid=19461596 serviceId=913b5c5dbe69...6f90568cea40 provider=16Uiu2...P1S397 rank=1 elapsedMs=3925 source=FromLookup
[2026-10-10 15:49:55.799] [out] [delivery_module] DBG 2026-10-10 15:49:55.799+02:00 Provider found                             topics="service-disco tracker" tid=19461596 serviceId=913b5c5dbe69...6f90568cea40 provider=16Uiu2...T3UNSE rank=2 elapsedMs=3925 source=FromLookup
[2026-10-10 15:49:55.799] [out] [delivery_module] DBG 2026-10-10 15:49:55.799+02:00 Provider found                             topics="service-disco tracker" tid=19461596 serviceId=913b5c5dbe69...6f90568cea40 provider=16Uiu2...TwqBiH rank=3 elapsedMs=3925 source=FromLookup
[2026-10-10 15:49:55.815] [out] [delivery_module] DBG 2026-10-10 15:49:55.815+02:00 Adverts found                              topics="service-disco discoverer" tid=19461596 serviceId=e6738033b5d4...cb0431b2f5d8 remote=16Uiu2...NSkuby count=3
[2026-10-10 15:49:55.820] [out] [delivery_module] DBG 2026-10-10 15:49:55.820+02:00 Provider found                             topics="service-disco tracker" tid=19461596 serviceId=e6738033b5d4...cb0431b2f5d8 provider=16Uiu2...BjtNZZ rank=1 elapsedMs=3948 source=FromLookup
[2026-10-10 15:49:55.820] [out] [delivery_module] DBG 2026-10-10 15:49:55.820+02:00 Provider found                             topics="service-disco tracker" tid=19461596 serviceId=e6738033b5d4...cb0431b2f5d8 provider=16Uiu2...VpJprH rank=2 elapsedMs=3948 source=FromLookup
[2026-10-10 15:49:55.820] [out] [delivery_module] DBG 2026-10-10 15:49:55.820+02:00 Provider found                             topics="service-disco tracker" tid=19461596 serviceId=e6738033b5d4...cb0431b2f5d8 provider=16Uiu2...NSkuby rank=3 elapsedMs=3948 source=FromLookup
[2026-10-10 15:49:55.893] [out] [delivery_module] DBG 2026-10-10 15:49:55.893+02:00 Adverts found                              topics="service-disco discoverer" tid=19461596 serviceId=913b5c5dbe69...6f90568cea40 remote=16Uiu2...TwqBiH count=3
[2026-10-10 15:49:55.894] [out] [delivery_module] DBG 2026-10-10 15:49:55.894+02:00 Provider found                             topics="service-disco tracker" tid=19461596 serviceId=913b5c5dbe69...6f90568cea40 provider=16Uiu2...VpJprH rank=4 elapsedMs=4021 source=FromLookup
[2026-10-10 15:49:55.894] [out] [delivery_module] DBG 2026-10-10 15:49:55.894+02:00 Provider found                             topics="service-disco tracker" tid=19461596 serviceId=913b5c5dbe69...6f90568cea40 provider=16Uiu2...NSkuby rank=5 elapsedMs=4021 source=FromLookup
[2026-10-10 15:49:55.895] [out] [delivery_module] DBG 2026-10-10 15:49:55.895+02:00 Getting adverts                            topics="service-disco discoverer" tid=19461596 serviceId=913b5c5dbe69...6f90568cea40 registrar=16Uiu2...VpJprH
[2026-10-10 15:49:55.895] [out] [delivery_module] DBG 2026-10-10 15:49:55.895+02:00 Getting adverts                            topics="service-disco discoverer" tid=19461596 serviceId=913b5c5dbe69...6f90568cea40 registrar=16Uiu2...T3UNSE
[2026-10-10 15:49:55.895] [out] [delivery_module] DBG 2026-10-10 15:49:55.895+02:00 Getting adverts                            topics="service-disco discoverer" tid=19461596 serviceId=913b5c5dbe69...6f90568cea40 registrar=16Uiu2...P1S397
[2026-10-10 15:49:55.898] [out] [delivery_module] DBG 2026-10-10 15:49:55.898+02:00 Adverts found                              topics="service-disco discoverer" tid=19461596 serviceId=e6738033b5d4...cb0431b2f5d8 remote=16Uiu2...TwqBiH count=5
[2026-10-10 15:49:55.900] [out] [delivery_module] DBG 2026-10-10 15:49:55.900+02:00 Provider found                             topics="service-disco tracker" tid=19461596 serviceId=e6738033b5d4...cb0431b2f5d8 provider=16Uiu2...kGyuEP rank=4 elapsedMs=4028 source=FromLookup
[2026-10-10 15:49:55.900] [out] [delivery_module] DBG 2026-10-10 15:49:55.900+02:00 Provider found                             topics="service-disco tracker" tid=19461596 serviceId=e6738033b5d4...cb0431b2f5d8 provider=16Uiu2...P1S397 rank=5 elapsedMs=4028 source=FromLookup
[2026-10-10 15:49:55.900] [out] [delivery_module] DBG 2026-10-10 15:49:55.900+02:00 Provider found                             topics="service-disco tracker" tid=19461596 serviceId=e6738033b5d4...cb0431b2f5d8 provider=16Uiu2...T3UNSE rank=6 elapsedMs=4028 source=FromLookup
[2026-10-10 15:49:55.900] [out] [delivery_module] DBG 2026-10-10 15:49:55.900+02:00 Provider found                             topics="service-disco tracker" tid=19461596 serviceId=e6738033b5d4...cb0431b2f5d8 provider=16Uiu2...TwqBiH rank=7 elapsedMs=4028 source=FromLookup
[2026-10-10 15:49:55.900] [out] [delivery_module] DBG 2026-10-10 15:49:55.900+02:00 Getting adverts                            topics="service-disco discoverer" tid=19461596 serviceId=e6738033b5d4...cb0431b2f5d8 registrar=16Uiu2...BjtNZZ
[2026-10-10 15:49:55.900] [out] [delivery_module] DBG 2026-10-10 15:49:55.900+02:00 Getting adverts                            topics="service-disco discoverer" tid=19461596 serviceId=e6738033b5d4...cb0431b2f5d8 registrar=16Uiu2...kGyuEP
[2026-10-10 15:49:56.196] [out] [delivery_module] DBG 2026-10-10 15:49:56.196+02:00 Local Kademlia record stored               topics="kad-dht types" tid=19461596 key=002508021221...e16427d89a30 value=0a2508021221...35a3a1109269
[2026-10-10 15:49:56.354] [out] [delivery_module] DBG 2026-10-10 15:49:56.354+02:00 Adverts found                              topics="service-disco discoverer" tid=19461596 serviceId=913b5c5dbe69...6f90568cea40 remote=16Uiu2...VpJprH count=1
[2026-10-10 15:49:56.597] [out] [delivery_module] DBG 2026-10-10 15:49:56.597+02:00 Adverts found                              topics="service-disco discoverer" tid=19461596 serviceId=e6738033b5d4...cb0431b2f5d8 remote=16Uiu2...BjtNZZ count=1
[2026-10-10 15:49:56.602] [out] [delivery_module] DBG 2026-10-10 15:49:56.602+02:00 Adverts found                              topics="service-disco discoverer" tid=19461596 serviceId=913b5c5dbe69...6f90568cea40 remote=16Uiu2...P1S397 count=3
[2026-10-10 15:49:56.603] [out] [delivery_module] DBG 2026-10-10 15:49:56.603+02:00 Provider found                             topics="service-disco tracker" tid=19461596 serviceId=913b5c5dbe69...6f90568cea40 provider=16Uiu2...kGyuEP rank=6 elapsedMs=4729 source=FromLookup
[2026-10-10 15:49:56.634] [out] [delivery_module] DBG 2026-10-10 15:49:56.634+02:00 Adverts found                              topics="service-disco discoverer" tid=19461596 serviceId=913b5c5dbe69...6f90568cea40 remote=16Uiu2...T3UNSE count=0
[2026-10-10 15:49:56.635] [out] [delivery_module] DBG 2026-10-10 15:49:56.635+02:00 Getting adverts                            topics="service-disco discoverer" tid=19461596 serviceId=913b5c5dbe69...6f90568cea40 registrar=16Uiu2...kGyuEP
[2026-10-10 15:49:56.872] [out] [delivery_module] DBG 2026-10-10 15:49:56.872+02:00 ENR addresses updated                      topics="waku enr" tid=19461596 retained=0 total=0
[2026-10-10 15:49:56.872] [out] [delivery_module] INF 2026-10-10 15:49:56.872+02:00 ENR reconciled with the discv5 record      topics="wakunode waku" tid=19461596 enr=enr:-K24QPZnrZQBXOqYK18Ejhgko_O97Ne0c_ovGEVLBCMOoQ_kO5agGS2r_1SX24Wlm9NHQNlNxAfAAevzmYebZWQY_x0OgmlkgnY0im11bHRpYWRkcnOAgnJzkwADCAAAAAEAAgADAAQABQAGAAeJc2VjcDI1NmsxoQPp0NnpVOwneUnOxPQFcWepFNkAjm93Q1BObuFkJ9iaMIN0Y3CC4juDdWRwgsPVhXdha3UyLQ
[2026-10-10 15:49:57.109] [out] [delivery_module] DBG 2026-10-10 15:49:57.109+02:00 Address dial failed                        topics="libp2p dialer" tid=19461596 err="quic dial timed out after 3s" peerId=16Uiu2...Gas9Zu address=/ip4/172.20.10.14/udp/58926/quic-v1 hostname=172.20.10.14
[2026-10-10 15:49:57.109] [out] [delivery_module] DBG 2026-10-10 15:49:57.109+02:00 Address dial failed                        topics="libp2p dialer" tid=19461596 err="quic dial timed out after 3s" peerId=16Uiu2...bHQ8Hg address=/ip4/172.20.10.14/udp/57136/quic-v1 hostname=172.20.10.14
[2026-10-10 15:49:57.109] [out] [delivery_module] DBG 2026-10-10 15:49:57.109+02:00 Address dial failed                        topics="libp2p dialer" tid=19461596 err="quic dial timed out after 3s" peerId=16Uiu2...s3TSyR address=/ip4/172.20.10.14/udp/63140/quic-v1 hostname=172.20.10.14
[2026-10-10 15:49:57.109] [out] [delivery_module] DBG 2026-10-10 15:49:57.109+02:00 Address dial failed                        topics="libp2p dialer" tid=19461596 err="quic dial timed out after 3s" peerId=16Uiu2...BGbc3h address=/ip4/172.20.10.14/udp/62748/quic-v1 hostname=172.20.10.14
[2026-10-10 15:49:57.111] [out] [delivery_module] DBG 2026-10-10 15:49:57.111+02:00 Address dial failed                        topics="libp2p dialer" tid=19461596 err="TcpTransport dial error: (61) Connection refused" peerId=16Uiu2...Gas9Zu address=/ip4/172.20.10.14/tcp/52205 hostname=172.20.10.14
[2026-10-10 15:49:57.111] [out] [delivery_module] DBG 2026-10-10 15:49:57.111+02:00 Address dial failed                        topics="libp2p dialer" tid=19461596 err="TcpTransport dial error: (61) Connection refused" peerId=16Uiu2...bHQ8Hg address=/ip4/172.20.10.14/tcp/52288 hostname=172.20.10.14
[2026-10-10 15:49:57.111] [out] [delivery_module] DBG 2026-10-10 15:49:57.111+02:00 Address dial failed                        topics="libp2p dialer" tid=19461596 err="TcpTransport dial error: (61) Connection refused" peerId=16Uiu2...s3TSyR address=/ip4/172.20.10.14/tcp/57736 hostname=172.20.10.14
[2026-10-10 15:49:57.111] [out] [delivery_module] DBG 2026-10-10 15:49:57.111+02:00 Address dial failed                        topics="libp2p dialer" tid=19461596 err="TcpTransport dial error: (61) Connection refused" peerId=16Uiu2...BGbc3h address=/ip4/172.20.10.14/tcp/57735 hostname=172.20.10.14
[2026-10-10 15:49:57.111] [out] [delivery_module] DBG 2026-10-10 15:49:57.111+02:00 Address dial failed                        topics="libp2p dialer" tid=19461596 err="quic dial timed out after 3s" peerId=16Uiu2...C2W9C5 address=/ip4/172.20.10.14/udp/49215/quic-v1 hostname=172.20.10.14
[2026-10-10 15:49:57.111] [out] [delivery_module] DBG 2026-10-10 15:49:57.111+02:00 Peer dial started                          topics="libp2p dialer" tid=19461596 peerId=16Uiu2...Gas9Zu addresses="[/ip4/172.20.10.14/udp/58926/quic-v1, /ip4/172.20.10.14/tcp/52205]"
[2026-10-10 15:49:57.111] [out] [delivery_module] DBG 2026-10-10 15:49:57.111+02:00 New connection established: client         tid=19461596
[2026-10-10 15:49:57.112] [out] [delivery_module] DBG 2026-10-10 15:49:57.112+02:00 Peer dial started                          topics="libp2p dialer" tid=19461596 peerId=16Uiu2...bHQ8Hg addresses="[/ip4/172.20.10.14/udp/57136/quic-v1, /ip4/172.20.10.14/tcp/52288]"
[2026-10-10 15:49:57.112] [out] [delivery_module] DBG 2026-10-10 15:49:57.112+02:00 New connection established: client         tid=19461596
[2026-10-10 15:49:57.112] [out] [delivery_module] DBG 2026-10-10 15:49:57.112+02:00 Peer dial started                          topics="libp2p dialer" tid=19461596 peerId=16Uiu2...s3TSyR addresses="[/ip4/172.20.10.14/udp/63140/quic-v1, /ip4/172.20.10.14/tcp/57736]"
[2026-10-10 15:49:57.113] [out] [delivery_module] DBG 2026-10-10 15:49:57.112+02:00 New connection established: client         tid=19461596
[2026-10-10 15:49:57.113] [out] [delivery_module] DBG 2026-10-10 15:49:57.113+02:00 Peer dial started                          topics="libp2p dialer" tid=19461596 peerId=16Uiu2...BGbc3h addresses="[/ip4/172.20.10.14/udp/62748/quic-v1, /ip4/172.20.10.14/tcp/57735]"
[2026-10-10 15:49:57.113] [out] [delivery_module] DBG 2026-10-10 15:49:57.113+02:00 New connection established: client         tid=19461596
[2026-10-10 15:49:57.114] [out] [delivery_module] DBG 2026-10-10 15:49:57.114+02:00 Address dial failed                        topics="libp2p dialer" tid=19461596 err="TcpTransport dial error: (61) Connection refused" peerId=16Uiu2...C2W9C5 address=/ip4/172.20.10.14/tcp/52228 hostname=172.20.10.14
[2026-10-10 15:49:57.114] [out] [delivery_module] DBG 2026-10-10 15:49:57.114+02:00 Address dial failed                        topics="libp2p dialer" tid=19461596 err="quic dial timed out after 3s" peerId=16Uiu2...3H7QUd address=/ip4/172.20.10.14/udp/52662/quic-v1 hostname=172.20.10.14
[2026-10-10 15:49:57.114] [out] [delivery_module] DBG 2026-10-10 15:49:57.114+02:00 Address dial failed                        topics="libp2p dialer" tid=19461596 err="quic dial timed out after 3s" peerId=16Uiu2...JuYMPY address=/ip4/172.20.10.14/udp/53720/quic-v1 hostname=172.20.10.14
[2026-10-10 15:49:57.115] [out] [delivery_module] DBG 2026-10-10 15:49:57.115+02:00 Peer dial started                          topics="libp2p dialer" tid=19461596 peerId=16Uiu2...C2W9C5 addresses="[/ip4/172.20.10.14/udp/49215/quic-v1, /ip4/172.20.10.14/tcp/52228]"
[2026-10-10 15:49:57.115] [out] [delivery_module] DBG 2026-10-10 15:49:57.115+02:00 New connection established: client         tid=19461596
[2026-10-10 15:49:57.115] [out] [delivery_module] DBG 2026-10-10 15:49:57.115+02:00 Address dial failed                        topics="libp2p dialer" tid=19461596 err="TcpTransport dial error: (61) Connection refused" peerId=16Uiu2...3H7QUd address=/ip4/172.20.10.14/tcp/52206 hostname=172.20.10.14
[2026-10-10 15:49:57.115] [out] [delivery_module] DBG 2026-10-10 15:49:57.115+02:00 Address dial failed                        topics="libp2p dialer" tid=19461596 err="TcpTransport dial error: (61) Connection refused" peerId=16Uiu2...JuYMPY address=/ip4/172.20.10.14/tcp/52306 hostname=172.20.10.14
[2026-10-10 15:49:57.115] [out] [delivery_module] DBG 2026-10-10 15:49:57.115+02:00 Peer dial started                          topics="libp2p dialer" tid=19461596 peerId=16Uiu2...3H7QUd addresses="[/ip4/172.20.10.14/udp/52662/quic-v1, /ip4/172.20.10.14/tcp/52206]"
[2026-10-10 15:49:57.115] [out] [delivery_module] DBG 2026-10-10 15:49:57.115+02:00 New connection established: client         tid=19461596
[2026-10-10 15:49:57.116] [out] [delivery_module] DBG 2026-10-10 15:49:57.116+02:00 Peer dial started                          topics="libp2p dialer" tid=19461596 peerId=16Uiu2...JuYMPY addresses="[/ip4/172.20.10.14/udp/53720/quic-v1, /ip4/172.20.10.14/tcp/52306]"
[2026-10-10 15:49:57.116] [out] [delivery_module] DBG 2026-10-10 15:49:57.116+02:00 New connection established: client         tid=19461596
[2026-10-10 15:49:57.186] [out] [delivery_module] DBG 2026-10-10 15:49:57.186+02:00 Adverts found                              topics="service-disco discoverer" tid=19461596 serviceId=e6738033b5d4...cb0431b2f5d8 remote=16Uiu2...kGyuEP count=2
[2026-10-10 15:49:57.194] [out] [delivery_module] DBG 2026-10-10 15:49:57.194+02:00 Getting adverts                            topics="service-disco discoverer" tid=19461596 serviceId=e6738033b5d4...cb0431b2f5d8 registrar=16Uiu2...VpJprH
[2026-10-10 15:49:57.469] [out] [delivery_module] DBG 2026-10-10 15:49:57.469+02:00 Adverts found                              topics="service-disco discoverer" tid=19461596 serviceId=913b5c5dbe69...6f90568cea40 remote=16Uiu2...kGyuEP count=1
[2026-10-10 15:49:57.471] [out] [delivery_module] DBG 2026-10-10 15:49:57.471+02:00 Getting adverts                            topics="service-disco discoverer" tid=19461596 serviceId=913b5c5dbe69...6f90568cea40 registrar=16Uiu2...BjtNZZ
[2026-10-10 15:49:57.747] [out] [delivery_module] DBG 2026-10-10 15:49:57.747+02:00 Adverts found                              topics="service-disco discoverer" tid=19461596 serviceId=e6738033b5d4...cb0431b2f5d8 remote=16Uiu2...VpJprH count=3
[2026-10-10 15:49:57.752] [out] [delivery_module] DBG 2026-10-10 15:49:57.752+02:00 Getting adverts                            topics="service-disco discoverer" tid=19461596 serviceId=e6738033b5d4...cb0431b2f5d8 registrar=16Uiu2...T3UNSE
[2026-10-10 15:49:57.752] [out] [delivery_module] DBG 2026-10-10 15:49:57.752+02:00 Getting adverts                            topics="service-disco discoverer" tid=19461596 serviceId=e6738033b5d4...cb0431b2f5d8 registrar=16Uiu2...P1S397
[2026-10-10 15:49:58.415] [out] [delivery_module] DBG 2026-10-10 15:49:58.415+02:00 Adverts found                              topics="service-disco discoverer" tid=19461596 serviceId=913b5c5dbe69...6f90568cea40 remote=16Uiu2...BjtNZZ count=4
[2026-10-10 15:49:58.422] [out] [delivery_module] DBG 2026-10-10 15:49:58.422+02:00 Peer added via service discovery           topics="waku service discovery" tid=19461596 source="service lookup" peerId=16Uiu2HAm8YokiNun9BkeA1ZRmhLbtNUvcwRr64F69tYj9fkGyuEP addresses="[/ip4/47.242.130.189/tcp/30303, /ip4/47.242.130.189/udp/30303/quic-v1, /dns4/delivery-01.ac-cn-hongkong-c.logos.dev.status.im/tcp/30303]" protocols="[/mix/1.0.0]"
[2026-10-10 15:49:58.422] [out] [delivery_module] DBG 2026-10-10 15:49:58.422+02:00 Peer added via service discovery           topics="waku service discovery" tid=19461596 source="service lookup" peerId=16Uiu2HAm4S1JYkuzDKLKQvwgAhZKs9otxXqt8SCGtB4hoJP1S397 addresses="[/ip4/136.119.156.87/tcp/30303, /ip4/136.119.156.87/udp/30303/quic-v1, /dns4/delivery-01.gc-us-central1-a.logos.dev.status.im/tcp/30303]" protocols="[/mix/1.0.0]"
[2026-10-10 15:49:58.422] [out] [delivery_module] DBG 2026-10-10 15:49:58.422+02:00 Peer added via service discovery           topics="waku service discovery" tid=19461596 source="service lookup" peerId=16Uiu2HAm8Y9kgBNtjxvCnf1X6gnZJW5EGE4UwwCL3CCm55TwqBiH addresses="[/ip4/34.123.201.25/tcp/30303, /ip4/34.123.201.25/udp/30303/quic-v1, /dns4/delivery-02.gc-us-central1-a.logos.dev.status.im/tcp/30303]" protocols="[/mix/1.0.0]"
[2026-10-10 15:49:58.422] [out] [delivery_module] DBG 2026-10-10 15:49:58.422+02:00 Peer added via service discovery           topics="waku service discovery" tid=19461596 source="service lookup" peerId=16Uiu2HAmMK7PYygBtKUQ8EHp7EfaD3bCEsJrkFooK8RQ2PVpJprH addresses="[/ip4/174.138.106.244/tcp/30303, /ip4/174.138.106.244/udp/30303/quic-v1, /dns4/delivery-02.do-ams3.logos.dev.status.im/tcp/30303]" protocols="[/mix/1.0.0]"
[2026-10-10 15:49:58.423] [out] [delivery_module] DBG 2026-10-10 15:49:58.423+02:00 Peer added via service discovery           topics="waku service discovery" tid=19461596 source="service lookup" peerId=16Uiu2HAmTUbnxLGT9JvV6mu9oPyDjqHK4Phs1VDJNUgESgNSkuby addresses="[/ip4/138.68.122.137/tcp/30303, /ip4/138.68.122.137/udp/30303/quic-v1, /dns4/delivery-01.do-ams3.logos.dev.status.im/tcp/30303]" protocols="[/mix/1.0.0]"
[2026-10-10 15:49:58.423] [out] [delivery_module] DBG 2026-10-10 15:49:58.423+02:00 Peer added via service discovery           topics="waku service discovery" tid=19461596 source="service lookup" peerId=16Uiu2HAkvwhGHKNry6LACrB8TmEFoCJKEX29XR5dDUzk3UT3UNSE addresses="[/ip4/43.99.103.10/tcp/30303, /ip4/43.99.103.10/udp/30303/quic-v1, /dns4/delivery-02.ac-cn-hongkong-c.logos.dev.status.im/tcp/30303]" protocols="[/mix/1.0.0]"
[2026-10-10 15:49:58.423] [out] [delivery_module] DBG 2026-10-10 15:49:58.423+02:00 Service lookup complete                    topics="waku service discovery" tid=19461596 service=/mix/1.0.0 found=6
[2026-10-10 15:49:58.424] [out] [delivery_module] DBG 2026-10-10 15:49:58.424+02:00 calculateConnectionState                   tid=19461596 relayCount=7 storeClientCount=6 lightpushCount=7 filterCount=7
[2026-10-10 15:49:58.732] [out] [delivery_module] DBG 2026-10-10 15:49:58.732+02:00 Adverts found                              topics="service-disco discoverer" tid=19461596 serviceId=e6738033b5d4...cb0431b2f5d8 remote=16Uiu2...P1S397 count=4
[2026-10-10 15:49:58.879] [out] [delivery_module] DBG 2026-10-10 15:49:58.879+02:00 Adverts found                              topics="service-disco discoverer" tid=19461596 serviceId=e6738033b5d4...cb0431b2f5d8 remote=16Uiu2...T3UNSE count=7
[2026-10-10 15:49:58.882] [out] [delivery_module] DBG 2026-10-10 15:49:58.882+02:00 Peer added via service discovery           topics="waku service discovery" tid=19461596 source="service lookup" peerId=16Uiu2HAmTUbnxLGT9JvV6mu9oPyDjqHK4Phs1VDJNUgESgNSkuby addresses="[/ip4/138.68.122.137/tcp/30303, /ip4/138.68.122.137/udp/30303/quic-v1, /dns4/delivery-01.do-ams3.logos.dev.status.im/tcp/30303]" protocols="[/logos/delivery]"
[2026-10-10 15:49:58.882] [out] [delivery_module] DBG 2026-10-10 15:49:58.882+02:00 Peer added via service discovery           topics="waku service discovery" tid=19461596 source="service lookup" peerId=16Uiu2HAm8YokiNun9BkeA1ZRmhLbtNUvcwRr64F69tYj9fkGyuEP addresses="[/ip4/47.242.130.189/tcp/30303, /ip4/47.242.130.189/udp/30303/quic-v1, /dns4/delivery-01.ac-cn-hongkong-c.logos.dev.status.im/tcp/30303]" protocols="[/logos/delivery]"
[2026-10-10 15:49:58.882] [out] [delivery_module] DBG 2026-10-10 15:49:58.882+02:00 Peer added via service discovery           topics="waku service discovery" tid=19461596 source="service lookup" peerId=16Uiu2HAm4S1JYkuzDKLKQvwgAhZKs9otxXqt8SCGtB4hoJP1S397 addresses="[/ip4/136.119.156.87/tcp/30303, /ip4/136.119.156.87/udp/30303/quic-v1, /dns4/delivery-01.gc-us-central1-a.logos.dev.status.im/tcp/30303]" protocols="[/logos/delivery]"
[2026-10-10 15:49:58.882] [out] [delivery_module] DBG 2026-10-10 15:49:58.882+02:00 Peer added via service discovery           topics="waku service discovery" tid=19461596 source="service lookup" peerId=16Uiu2HAmMK7PYygBtKUQ8EHp7EfaD3bCEsJrkFooK8RQ2PVpJprH addresses="[/ip4/174.138.106.244/tcp/30303, /ip4/174.138.106.244/udp/30303/quic-v1, /dns4/delivery-02.do-ams3.logos.dev.status.im/tcp/30303]" protocols="[/logos/delivery]"
[2026-10-10 15:49:58.882] [out] [delivery_module] DBG 2026-10-10 15:49:58.882+02:00 Peer added via service discovery           topics="waku service discovery" tid=19461596 source="service lookup" peerId=16Uiu2HAm8Y9kgBNtjxvCnf1X6gnZJW5EGE4UwwCL3CCm55TwqBiH addresses="[/ip4/34.123.201.25/tcp/30303, /ip4/34.123.201.25/udp/30303/quic-v1, /dns4/delivery-02.gc-us-central1-a.logos.dev.status.im/tcp/30303]" protocols="[/logos/delivery]"
[2026-10-10 15:49:58.882] [out] [delivery_module] DBG 2026-10-10 15:49:58.882+02:00 Peer added via service discovery           topics="waku service discovery" tid=19461596 source="service lookup" peerId=16Uiu2HAm7uc7YVTuYjmzK9GjneLZtCRWGqJv4BXfJhCR7dBjtNZZ addresses="[/ip4/173.42.114.210/tcp/46341]" protocols="[/logos/delivery]"
[2026-10-10 15:49:58.882] [out] [delivery_module] DBG 2026-10-10 15:49:58.882+02:00 Peer added via service discovery           topics="waku service discovery" tid=19461596 source="service lookup" peerId=16Uiu2HAmUPi43VSrBqCKDwJRYXyR4QvoK5dq35zKgN8CWgHZTWbR addresses="[/ip4/172.20.10.14/tcp/57915, /ip4/172.20.10.14/udp/56528/quic-v1]" protocols="[/logos/delivery]"
[2026-10-10 15:49:58.882] [out] [delivery_module] DBG 2026-10-10 15:49:58.882+02:00 Peer added via service discovery           topics="waku service discovery" tid=19461596 source="service lookup" peerId=16Uiu2HAkvwhGHKNry6LACrB8TmEFoCJKEX29XR5dDUzk3UT3UNSE addresses="[/ip4/43.99.103.10/tcp/30303, /ip4/43.99.103.10/udp/30303/quic-v1, /dns4/delivery-02.ac-cn-hongkong-c.logos.dev.status.im/tcp/30303]" protocols="[/logos/delivery]"
[2026-10-10 15:49:58.882] [out] [delivery_module] DBG 2026-10-10 15:49:58.882+02:00 Service lookup complete                    topics="waku service discovery" tid=19461596 service=/logos/delivery found=8
[2026-10-10 15:49:58.883] [out] [delivery_module] DBG 2026-10-10 15:49:58.883+02:00 calculateConnectionState                   tid=19461596 relayCount=7 storeClientCount=6 lightpushCount=7 filterCount=7
[2026-10-10 15:49:59.373] [out] [delivery_module] DBG 2026-10-10 15:49:59.373+02:00 Service table bootstrap complete           topics="service-discovery" tid=19461596 serviceId=e6738033b5d4...cb0431b2f5d8
[2026-10-10 15:50:00.113] [out] [delivery_module] DBG 2026-10-10 15:50:00.113+02:00 Address dial failed                        topics="libp2p dialer" tid=19461596 err="quic dial timed out after 3s" peerId=16Uiu2...Gas9Zu address=/ip4/172.20.10.14/udp/58926/quic-v1 hostname=172.20.10.14
[2026-10-10 15:50:00.113] [out] [delivery_module] DBG 2026-10-10 15:50:00.113+02:00 Address dial failed                        topics="libp2p dialer" tid=19461596 err="quic dial timed out after 3s" peerId=16Uiu2...bHQ8Hg address=/ip4/172.20.10.14/udp/57136/quic-v1 hostname=172.20.10.14
[2026-10-10 15:50:00.113] [out] [delivery_module] DBG 2026-10-10 15:50:00.113+02:00 Address dial failed                        topics="libp2p dialer" tid=19461596 err="quic dial timed out after 3s" peerId=16Uiu2...s3TSyR address=/ip4/172.20.10.14/udp/63140/quic-v1 hostname=172.20.10.14
[2026-10-10 15:50:00.114] [out] [delivery_module] DBG 2026-10-10 15:50:00.114+02:00 Address dial failed                        topics="libp2p dialer" tid=19461596 err="TcpTransport dial error: (61) Connection refused" peerId=16Uiu2...Gas9Zu address=/ip4/172.20.10.14/tcp/52205 hostname=172.20.10.14
[2026-10-10 15:50:00.114] [out] [delivery_module] DBG 2026-10-10 15:50:00.114+02:00 Address dial failed                        topics="libp2p dialer" tid=19461596 err="TcpTransport dial error: (61) Connection refused" peerId=16Uiu2...bHQ8Hg address=/ip4/172.20.10.14/tcp/52288 hostname=172.20.10.14
[2026-10-10 15:50:00.114] [out] [delivery_module] DBG 2026-10-10 15:50:00.114+02:00 Address dial failed                        topics="libp2p dialer" tid=19461596 err="TcpTransport dial error: (61) Connection refused" peerId=16Uiu2...s3TSyR address=/ip4/172.20.10.14/tcp/57736 hostname=172.20.10.14
[2026-10-10 15:50:00.114] [out] [delivery_module] DBG 2026-10-10 15:50:00.114+02:00 Address dial failed                        topics="libp2p dialer" tid=19461596 err="quic dial timed out after 3s" peerId=16Uiu2...BGbc3h address=/ip4/172.20.10.14/udp/62748/quic-v1 hostname=172.20.10.14
[2026-10-10 15:50:00.114] [out] [delivery_module] DBG 2026-10-10 15:50:00.114+02:00 Protocol stream establishment failed       topics="libp2p dialer" tid=19461596 err="Unable to establish outgoing link in establishConnection: peer_id=16Uiu2...Gas9Zu addrs=[/ip4/172.20.10.14/udp/58926/quic-v1, /ip4/172.20.10.14/tcp/52205]" peerId=16Uiu2...Gas9Zu protocols="[/logos/service-discovery/1.0.0]" addresses="[/ip4/172.20.10.14/udp/58926/quic-v1, /ip4/172.20.10.14/tcp/52205]" conn=nil
[2026-10-10 15:50:00.114] [out] [delivery_module] DBG 2026-10-10 15:50:00.114+02:00 Protocol stream establishment failed       topics="libp2p dialer" tid=19461596 err="Unable to establish outgoing link in establishConnection: peer_id=16Uiu2...bHQ8Hg addrs=[/ip4/172.20.10.14/udp/57136/quic-v1, /ip4/172.20.10.14/tcp/52288]" peerId=16Uiu2...bHQ8Hg protocols="[/logos/service-discovery/1.0.0]" addresses="[/ip4/172.20.10.14/udp/57136/quic-v1, /ip4/172.20.10.14/tcp/52288]" conn=nil
[2026-10-10 15:50:00.114] [out] [delivery_module] DBG 2026-10-10 15:50:00.114+02:00 Peer dial started                          topics="libp2p dialer" tid=19461596 peerId=16Uiu2...Gas9Zu addresses="[/ip4/172.20.10.14/udp/58926/quic-v1, /ip4/172.20.10.14/tcp/52205]"
[2026-10-10 15:50:00.114] [out] [delivery_module] DBG 2026-10-10 15:50:00.114+02:00 New connection established: client         tid=19461596
[2026-10-10 15:50:00.115] [out] [delivery_module] DBG 2026-10-10 15:50:00.115+02:00 Peer dial started                          topics="libp2p dialer" tid=19461596 peerId=16Uiu2...bHQ8Hg addresses="[/ip4/172.20.10.14/udp/57136/quic-v1, /ip4/172.20.10.14/tcp/52288]"
[2026-10-10 15:50:00.115] [out] [delivery_module] DBG 2026-10-10 15:50:00.115+02:00 New connection established: client         tid=19461596
[2026-10-10 15:50:00.115] [out] [delivery_module] DBG 2026-10-10 15:50:00.115+02:00 Protocol stream establishment failed       topics="libp2p dialer" tid=19461596 err="Unable to establish outgoing link in establishConnection: peer_id=16Uiu2...s3TSyR addrs=[/ip4/172.20.10.14/udp/63140/quic-v1, /ip4/172.20.10.14/tcp/57736]" peerId=16Uiu2...s3TSyR protocols="[/logos/service-discovery/1.0.0]" addresses="[/ip4/172.20.10.14/udp/63140/quic-v1, /ip4/172.20.10.14/tcp/57736]" conn=nil
[2026-10-10 15:50:00.115] [out] [delivery_module] DBG 2026-10-10 15:50:00.115+02:00 Peer dial started                          topics="libp2p dialer" tid=19461596 peerId=16Uiu2...s3TSyR addresses="[/ip4/172.20.10.14/udp/63140/quic-v1, /ip4/172.20.10.14/tcp/57736]"
[2026-10-10 15:50:00.115] [out] [delivery_module] DBG 2026-10-10 15:50:00.115+02:00 New connection established: client         tid=19461596
[2026-10-10 15:50:00.116] [out] [delivery_module] DBG 2026-10-10 15:50:00.116+02:00 Address dial failed                        topics="libp2p dialer" tid=19461596 err="TcpTransport dial error: (61) Connection refused" peerId=16Uiu2...BGbc3h address=/ip4/172.20.10.14/tcp/57735 hostname=172.20.10.14
[2026-10-10 15:50:00.116] [out] [delivery_module] DBG 2026-10-10 15:50:00.116+02:00 Protocol stream establishment failed       topics="libp2p dialer" tid=19461596 err="Unable to establish outgoing link in establishConnection: peer_id=16Uiu2...BGbc3h addrs=[/ip4/172.20.10.14/udp/62748/quic-v1, /ip4/172.20.10.14/tcp/57735]" peerId=16Uiu2...BGbc3h protocols="[/logos/service-discovery/1.0.0]" addresses="[/ip4/172.20.10.14/udp/62748/quic-v1, /ip4/172.20.10.14/tcp/57735]" conn=nil
[2026-10-10 15:50:00.116] [out] [delivery_module] DBG 2026-10-10 15:50:00.116+02:00 Address dial failed                        topics="libp2p dialer" tid=19461596 err="quic dial timed out after 3s" peerId=16Uiu2...C2W9C5 address=/ip4/172.20.10.14/udp/49215/quic-v1 hostname=172.20.10.14
[2026-10-10 15:50:00.116] [out] [delivery_module] DBG 2026-10-10 15:50:00.116+02:00 Peer dial started                          topics="libp2p dialer" tid=19461596 peerId=16Uiu2...BGbc3h addresses="[/ip4/172.20.10.14/udp/62748/quic-v1, /ip4/172.20.10.14/tcp/57735]"
[2026-10-10 15:50:00.116] [out] [delivery_module] DBG 2026-10-10 15:50:00.116+02:00 New connection established: client         tid=19461596
[2026-10-10 15:50:00.116] [out] [delivery_module] DBG 2026-10-10 15:50:00.116+02:00 Address dial failed                        topics="libp2p dialer" tid=19461596 err="quic dial timed out after 3s" peerId=16Uiu2...3H7QUd address=/ip4/172.20.10.14/udp/52662/quic-v1 hostname=172.20.10.14
[2026-10-10 15:50:00.117] [out] [delivery_module] DBG 2026-10-10 15:50:00.117+02:00 Address dial failed                        topics="libp2p dialer" tid=19461596 err="TcpTransport dial error: (61) Connection refused" peerId=16Uiu2...C2W9C5 address=/ip4/172.20.10.14/tcp/52228 hostname=172.20.10.14
[2026-10-10 15:50:00.117] [out] [delivery_module] DBG 2026-10-10 15:50:00.117+02:00 Address dial failed                        topics="libp2p dialer" tid=19461596 err="quic dial timed out after 3s" peerId=16Uiu2...JuYMPY address=/ip4/172.20.10.14/udp/53720/quic-v1 hostname=172.20.10.14
[2026-10-10 15:50:00.117] [out] [delivery_module] DBG 2026-10-10 15:50:00.117+02:00 Address dial failed                        topics="libp2p dialer" tid=19461596 err="TcpTransport dial error: (61) Connection refused" peerId=16Uiu2...3H7QUd address=/ip4/172.20.10.14/tcp/52206 hostname=172.20.10.14
[2026-10-10 15:50:00.117] [out] [delivery_module] DBG 2026-10-10 15:50:00.117+02:00 Protocol stream establishment failed       topics="libp2p dialer" tid=19461596 err="Unable to establish outgoing link in establishConnection: peer_id=16Uiu2...C2W9C5 addrs=[/ip4/172.20.10.14/udp/49215/quic-v1, /ip4/172.20.10.14/tcp/52228]" peerId=16Uiu2...C2W9C5 protocols="[/logos/service-discovery/1.0.0]" addresses="[/ip4/172.20.10.14/udp/49215/quic-v1, /ip4/172.20.10.14/tcp/52228]" conn=nil
[2026-10-10 15:50:00.117] [out] [delivery_module] DBG 2026-10-10 15:50:00.117+02:00 Peer dial started                          topics="libp2p dialer" tid=19461596 peerId=16Uiu2...C2W9C5 addresses="[/ip4/172.20.10.14/udp/49215/quic-v1, /ip4/172.20.10.14/tcp/52228]"
[2026-10-10 15:50:00.117] [out] [delivery_module] DBG 2026-10-10 15:50:00.117+02:00 New connection established: client         tid=19461596
[2026-10-10 15:50:00.117] [out] [delivery_module] DBG 2026-10-10 15:50:00.117+02:00 Address dial failed                        topics="libp2p dialer" tid=19461596 err="TcpTransport dial error: (61) Connection refused" peerId=16Uiu2...JuYMPY address=/ip4/172.20.10.14/tcp/52306 hostname=172.20.10.14
[2026-10-10 15:50:00.117] [out] [delivery_module] DBG 2026-10-10 15:50:00.117+02:00 Protocol stream establishment failed       topics="libp2p dialer" tid=19461596 err="Unable to establish outgoing link in establishConnection: peer_id=16Uiu2...3H7QUd addrs=[/ip4/172.20.10.14/udp/52662/quic-v1, /ip4/172.20.10.14/tcp/52206]" peerId=16Uiu2...3H7QUd protocols="[/logos/service-discovery/1.0.0]" addresses="[/ip4/172.20.10.14/udp/52662/quic-v1, /ip4/172.20.10.14/tcp/52206]" conn=nil
[2026-10-10 15:50:00.117] [out] [delivery_module] DBG 2026-10-10 15:50:00.117+02:00 Peer dial started                          topics="libp2p dialer" tid=19461596 peerId=16Uiu2...3H7QUd addresses="[/ip4/172.20.10.14/udp/52662/quic-v1, /ip4/172.20.10.14/tcp/52206]"
[2026-10-10 15:50:00.118] [out] [delivery_module] DBG 2026-10-10 15:50:00.118+02:00 New connection established: client         tid=19461596
[2026-10-10 15:50:00.118] [out] [delivery_module] DBG 2026-10-10 15:50:00.118+02:00 Protocol stream establishment failed       topics="libp2p dialer" tid=19461596 err="Unable to establish outgoing link in establishConnection: peer_id=16Uiu2...JuYMPY addrs=[/ip4/172.20.10.14/udp/53720/quic-v1, /ip4/172.20.10.14/tcp/52306]" peerId=16Uiu2...JuYMPY protocols="[/logos/service-discovery/1.0.0]" addresses="[/ip4/172.20.10.14/udp/53720/quic-v1, /ip4/172.20.10.14/tcp/52306]" conn=nil
[2026-10-10 15:50:00.118] [out] [delivery_module] DBG 2026-10-10 15:50:00.118+02:00 Peer dial started                          topics="libp2p dialer" tid=19461596 peerId=16Uiu2...JuYMPY addresses="[/ip4/172.20.10.14/udp/53720/quic-v1, /ip4/172.20.10.14/tcp/52306]"
[2026-10-10 15:50:00.118] [out] [delivery_module] DBG 2026-10-10 15:50:00.118+02:00 New connection established: client         tid=19461596
[2026-10-10 15:50:01.767] [out] [delivery_module] DBG 2026-10-10 15:50:01.767+02:00 Service table bootstrap complete           topics="service-discovery" tid=19461596 serviceId=913b5c5dbe69...6f90568cea40
[2026-10-10 15:50:01.868] [out] [delivery_module] DBG 2026-10-10 15:50:01.868+02:00 Finished dialing multiple peers            topics="waku node peer_manager" tid=19461596 successfulConns=0 attempted=9
[2026-10-10 15:50:03.116] [out] [delivery_module] DBG 2026-10-10 15:50:03.116+02:00 Address dial failed                        topics="libp2p dialer" tid=19461596 err="quic dial timed out after 3s" peerId=16Uiu2...Gas9Zu address=/ip4/172.20.10.14/udp/58926/quic-v1 hostname=172.20.10.14
[2026-10-10 15:50:03.116] [out] [delivery_module] DBG 2026-10-10 15:50:03.116+02:00 Address dial failed                        topics="libp2p dialer" tid=19461596 err="quic dial timed out after 3s" peerId=16Uiu2...bHQ8Hg address=/ip4/172.20.10.14/udp/57136/quic-v1 hostname=172.20.10.14
[2026-10-10 15:50:03.116] [out] [delivery_module] DBG 2026-10-10 15:50:03.116+02:00 Address dial failed                        topics="libp2p dialer" tid=19461596 err="quic dial timed out after 3s" peerId=16Uiu2...s3TSyR address=/ip4/172.20.10.14/udp/63140/quic-v1 hostname=172.20.10.14
[2026-10-10 15:50:03.117] [out] [delivery_module] DBG 2026-10-10 15:50:03.117+02:00 Address dial failed                        topics="libp2p dialer" tid=19461596 err="TcpTransport dial error: (61) Connection refused" peerId=16Uiu2...Gas9Zu address=/ip4/172.20.10.14/tcp/52205 hostname=172.20.10.14
[2026-10-10 15:50:03.117] [out] [delivery_module] DBG 2026-10-10 15:50:03.117+02:00 Address dial failed                        topics="libp2p dialer" tid=19461596 err="TcpTransport dial error: (61) Connection refused" peerId=16Uiu2...bHQ8Hg address=/ip4/172.20.10.14/tcp/52288 hostname=172.20.10.14
[2026-10-10 15:50:03.117] [out] [delivery_module] DBG 2026-10-10 15:50:03.117+02:00 Address dial failed                        topics="libp2p dialer" tid=19461596 err="TcpTransport dial error: (61) Connection refused" peerId=16Uiu2...s3TSyR address=/ip4/172.20.10.14/tcp/57736 hostname=172.20.10.14
[2026-10-10 15:50:03.117] [out] [delivery_module] DBG 2026-10-10 15:50:03.117+02:00 Address dial failed                        topics="libp2p dialer" tid=19461596 err="quic dial timed out after 3s" peerId=16Uiu2...BGbc3h address=/ip4/172.20.10.14/udp/62748/quic-v1 hostname=172.20.10.14
[2026-10-10 15:50:03.117] [out] [delivery_module] DBG 2026-10-10 15:50:03.117+02:00 Protocol stream establishment failed       topics="libp2p dialer" tid=19461596 err="Unable to establish outgoing link in establishConnection: peer_id=16Uiu2...Gas9Zu addrs=[/ip4/172.20.10.14/udp/58926/quic-v1, /ip4/172.20.10.14/tcp/52205]" peerId=16Uiu2...Gas9Zu protocols="[/logos/service-discovery/1.0.0]" addresses="[/ip4/172.20.10.14/udp/58926/quic-v1, /ip4/172.20.10.14/tcp/52205]" conn=nil
[2026-10-10 15:50:03.117] [out] [delivery_module] DBG 2026-10-10 15:50:03.117+02:00 Protocol stream establishment failed       topics="libp2p dialer" tid=19461596 err="Unable to establish outgoing link in establishConnection: peer_id=16Uiu2...bHQ8Hg addrs=[/ip4/172.20.10.14/udp/57136/quic-v1, /ip4/172.20.10.14/tcp/52288]" peerId=16Uiu2...bHQ8Hg protocols="[/logos/service-discovery/1.0.0]" addresses="[/ip4/172.20.10.14/udp/57136/quic-v1, /ip4/172.20.10.14/tcp/52288]" conn=nil
[2026-10-10 15:50:03.117] [out] [delivery_module] DBG 2026-10-10 15:50:03.117+02:00 Peer dial started                          topics="libp2p dialer" tid=19461596 peerId=16Uiu2...Gas9Zu addresses="[/ip4/172.20.10.14/udp/58926/quic-v1, /ip4/172.20.10.14/tcp/52205]"
[2026-10-10 15:50:03.118] [out] [delivery_module] DBG 2026-10-10 15:50:03.118+02:00 New connection established: client         tid=19461596
[2026-10-10 15:50:03.118] [out] [delivery_module] DBG 2026-10-10 15:50:03.118+02:00 Peer dial started                          topics="libp2p dialer" tid=19461596 peerId=16Uiu2...bHQ8Hg addresses="[/ip4/172.20.10.14/udp/57136/quic-v1, /ip4/172.20.10.14/tcp/52288]"
[2026-10-10 15:50:03.118] [out] [delivery_module] DBG 2026-10-10 15:50:03.118+02:00 New connection established: client         tid=19461596
[2026-10-10 15:50:03.118] [out] [delivery_module] DBG 2026-10-10 15:50:03.118+02:00 Protocol stream establishment failed       topics="libp2p dialer" tid=19461596 err="Unable to establish outgoing link in establishConnection: peer_id=16Uiu2...s3TSyR addrs=[/ip4/172.20.10.14/udp/63140/quic-v1, /ip4/172.20.10.14/tcp/57736]" peerId=16Uiu2...s3TSyR protocols="[/logos/service-discovery/1.0.0]" addresses="[/ip4/172.20.10.14/udp/63140/quic-v1, /ip4/172.20.10.14/tcp/57736]" conn=nil
[2026-10-10 15:50:03.118] [out] [delivery_module] DBG 2026-10-10 15:50:03.118+02:00 Peer dial started                          topics="libp2p dialer" tid=19461596 peerId=16Uiu2...s3TSyR addresses="[/ip4/172.20.10.14/udp/63140/quic-v1, /ip4/172.20.10.14/tcp/57736]"
[2026-10-10 15:50:03.118] [out] [delivery_module] DBG 2026-10-10 15:50:03.118+02:00 New connection established: client         tid=19461596
[2026-10-10 15:50:03.119] [out] [delivery_module] DBG 2026-10-10 15:50:03.119+02:00 Address dial failed                        topics="libp2p dialer" tid=19461596 err="TcpTransport dial error: (61) Connection refused" peerId=16Uiu2...BGbc3h address=/ip4/172.20.10.14/tcp/57735 hostname=172.20.10.14
[2026-10-10 15:50:03.119] [out] [delivery_module] DBG 2026-10-10 15:50:03.119+02:00 Address dial failed                        topics="libp2p dialer" tid=19461596 err="quic dial timed out after 3s" peerId=16Uiu2...C2W9C5 address=/ip4/172.20.10.14/udp/49215/quic-v1 hostname=172.20.10.14
[2026-10-10 15:50:03.119] [out] [delivery_module] DBG 2026-10-10 15:50:03.119+02:00 Protocol stream establishment failed       topics="libp2p dialer" tid=19461596 err="Unable to establish outgoing link in establishConnection: peer_id=16Uiu2...BGbc3h addrs=[/ip4/172.20.10.14/udp/62748/quic-v1, /ip4/172.20.10.14/tcp/57735]" peerId=16Uiu2...BGbc3h protocols="[/logos/service-discovery/1.0.0]" addresses="[/ip4/172.20.10.14/udp/62748/quic-v1, /ip4/172.20.10.14/tcp/57735]" conn=nil
[2026-10-10 15:50:03.119] [out] [delivery_module] DBG 2026-10-10 15:50:03.119+02:00 Address dial failed                        topics="libp2p dialer" tid=19461596 err="quic dial timed out after 3s" peerId=16Uiu2...3H7QUd address=/ip4/172.20.10.14/udp/52662/quic-v1 hostname=172.20.10.14
[2026-10-10 15:50:03.119] [out] [delivery_module] DBG 2026-10-10 15:50:03.119+02:00 Peer dial started                          topics="libp2p dialer" tid=19461596 peerId=16Uiu2...BGbc3h addresses="[/ip4/172.20.10.14/udp/62748/quic-v1, /ip4/172.20.10.14/tcp/57735]"
[2026-10-10 15:50:03.119] [out] [delivery_module] DBG 2026-10-10 15:50:03.119+02:00 New connection established: client         tid=19461596
[2026-10-10 15:50:03.119] [out] [delivery_module] DBG 2026-10-10 15:50:03.119+02:00 Address dial failed                        topics="libp2p dialer" tid=19461596 err="quic dial timed out after 3s" peerId=16Uiu2...JuYMPY address=/ip4/172.20.10.14/udp/53720/quic-v1 hostname=172.20.10.14
[2026-10-10 15:50:03.120] [out] [delivery_module] DBG 2026-10-10 15:50:03.120+02:00 Address dial failed                        topics="libp2p dialer" tid=19461596 err="TcpTransport dial error: (61) Connection refused" peerId=16Uiu2...C2W9C5 address=/ip4/172.20.10.14/tcp/52228 hostname=172.20.10.14
[2026-10-10 15:50:03.120] [out] [delivery_module] DBG 2026-10-10 15:50:03.120+02:00 Address dial failed                        topics="libp2p dialer" tid=19461596 err="TcpTransport dial error: (61) Connection refused" peerId=16Uiu2...3H7QUd address=/ip4/172.20.10.14/tcp/52206 hostname=172.20.10.14
[2026-10-10 15:50:03.120] [out] [delivery_module] DBG 2026-10-10 15:50:03.120+02:00 Address dial failed                        topics="libp2p dialer" tid=19461596 err="TcpTransport dial error: (61) Connection refused" peerId=16Uiu2...JuYMPY address=/ip4/172.20.10.14/tcp/52306 hostname=172.20.10.14
[2026-10-10 15:50:03.120] [out] [delivery_module] DBG 2026-10-10 15:50:03.120+02:00 Protocol stream establishment failed       topics="libp2p dialer" tid=19461596 err="Unable to establish outgoing link in establishConnection: peer_id=16Uiu2...C2W9C5 addrs=[/ip4/172.20.10.14/udp/49215/quic-v1, /ip4/172.20.10.14/tcp/52228]" peerId=16Uiu2...C2W9C5 protocols="[/logos/service-discovery/1.0.0]" addresses="[/ip4/172.20.10.14/udp/49215/quic-v1, /ip4/172.20.10.14/tcp/52228]" conn=nil
[2026-10-10 15:50:03.120] [out] [delivery_module] DBG 2026-10-10 15:50:03.120+02:00 Peer dial started                          topics="libp2p dialer" tid=19461596 peerId=16Uiu2...C2W9C5 addresses="[/ip4/172.20.10.14/udp/49215/quic-v1, /ip4/172.20.10.14/tcp/52228]"
[2026-10-10 15:50:03.120] [out] [delivery_module] DBG 2026-10-10 15:50:03.120+02:00 New connection established: client         tid=19461596
[2026-10-10 15:50:03.120] [out] [delivery_module] DBG 2026-10-10 15:50:03.120+02:00 Protocol stream establishment failed       topics="libp2p dialer" tid=19461596 err="Unable to establish outgoing link in establishConnection: peer_id=16Uiu2...3H7QUd addrs=[/ip4/172.20.10.14/udp/52662/quic-v1, /ip4/172.20.10.14/tcp/52206]" peerId=16Uiu2...3H7QUd protocols="[/logos/service-discovery/1.0.0]" addresses="[/ip4/172.20.10.14/udp/52662/quic-v1, /ip4/172.20.10.14/tcp/52206]" conn=nil
[2026-10-10 15:50:03.120] [out] [delivery_module] DBG 2026-10-10 15:50:03.120+02:00 Peer dial started                          topics="libp2p dialer" tid=19461596 peerId=16Uiu2...3H7QUd addresses="[/ip4/172.20.10.14/udp/52662/quic-v1, /ip4/172.20.10.14/tcp/52206]"
[2026-10-10 15:50:03.120] [out] [delivery_module] DBG 2026-10-10 15:50:03.120+02:00 New connection established: client         tid=19461596
[2026-10-10 15:50:03.121] [out] [delivery_module] DBG 2026-10-10 15:50:03.121+02:00 Protocol stream establishment failed       topics="libp2p dialer" tid=19461596 err="Unable to establish outgoing link in establishConnection: peer_id=16Uiu2...JuYMPY addrs=[/ip4/172.20.10.14/udp/53720/quic-v1, /ip4/172.20.10.14/tcp/52306]" peerId=16Uiu2...JuYMPY protocols="[/logos/service-discovery/1.0.0]" addresses="[/ip4/172.20.10.14/udp/53720/quic-v1, /ip4/172.20.10.14/tcp/52306]" conn=nil
[2026-10-10 15:50:03.121] [out] [delivery_module] DBG 2026-10-10 15:50:03.121+02:00 Peer dial started                          topics="libp2p dialer" tid=19461596 peerId=16Uiu2...JuYMPY addresses="[/ip4/172.20.10.14/udp/53720/quic-v1, /ip4/172.20.10.14/tcp/52306]"
[2026-10-10 15:50:03.121] [out] [delivery_module] DBG 2026-10-10 15:50:03.121+02:00 New connection established: client         tid=19461596
[2026-10-10 15:50:03.503] [out] [delivery_module] DBG 2026-10-10 15:50:03.503+02:00 Bootstrap complete                         topics="kad-dht" tid=19461596
[2026-10-10 15:50:06.119] [out] [delivery_module] DBG 2026-10-10 15:50:06.119+02:00 Address dial failed                        topics="libp2p dialer" tid=19461596 err="quic dial timed out after 3s" peerId=16Uiu2...Gas9Zu address=/ip4/172.20.10.14/udp/58926/quic-v1 hostname=172.20.10.14
[2026-10-10 15:50:06.119] [out] [delivery_module] DBG 2026-10-10 15:50:06.119+02:00 Address dial failed                        topics="libp2p dialer" tid=19461596 err="quic dial timed out after 3s" peerId=16Uiu2...bHQ8Hg address=/ip4/172.20.10.14/udp/57136/quic-v1 hostname=172.20.10.14
[2026-10-10 15:50:06.119] [out] [delivery_module] DBG 2026-10-10 15:50:06.119+02:00 Address dial failed                        topics="libp2p dialer" tid=19461596 err="quic dial timed out after 3s" peerId=16Uiu2...s3TSyR address=/ip4/172.20.10.14/udp/63140/quic-v1 hostname=172.20.10.14
[2026-10-10 15:50:06.120] [out] [delivery_module] DBG 2026-10-10 15:50:06.120+02:00 Address dial failed                        topics="libp2p dialer" tid=19461596 err="TcpTransport dial error: (61) Connection refused" peerId=16Uiu2...Gas9Zu address=/ip4/172.20.10.14/tcp/52205 hostname=172.20.10.14
[2026-10-10 15:50:06.120] [out] [delivery_module] DBG 2026-10-10 15:50:06.120+02:00 Address dial failed                        topics="libp2p dialer" tid=19461596 err="TcpTransport dial error: (61) Connection refused" peerId=16Uiu2...bHQ8Hg address=/ip4/172.20.10.14/tcp/52288 hostname=172.20.10.14
[2026-10-10 15:50:06.120] [out] [delivery_module] DBG 2026-10-10 15:50:06.120+02:00 Address dial failed                        topics="libp2p dialer" tid=19461596 err="TcpTransport dial error: (61) Connection refused" peerId=16Uiu2...s3TSyR address=/ip4/172.20.10.14/tcp/57736 hostname=172.20.10.14
[2026-10-10 15:50:06.120] [out] [delivery_module] DBG 2026-10-10 15:50:06.120+02:00 Address dial failed                        topics="libp2p dialer" tid=19461596 err="quic dial timed out after 3s" peerId=16Uiu2...BGbc3h address=/ip4/172.20.10.14/udp/62748/quic-v1 hostname=172.20.10.14
[2026-10-10 15:50:06.120] [out] [delivery_module] DBG 2026-10-10 15:50:06.120+02:00 Protocol stream establishment failed       topics="libp2p dialer" tid=19461596 err="Unable to establish outgoing link in establishConnection: peer_id=16Uiu2...Gas9Zu addrs=[/ip4/172.20.10.14/udp/58926/quic-v1, /ip4/172.20.10.14/tcp/52205]" peerId=16Uiu2...Gas9Zu protocols="[/logos/service-discovery/1.0.0]" addresses="[/ip4/172.20.10.14/udp/58926/quic-v1, /ip4/172.20.10.14/tcp/52205]" conn=nil
[2026-10-10 15:50:06.120] [out] [delivery_module] DBG 2026-10-10 15:50:06.120+02:00 Protocol stream establishment failed       topics="libp2p dialer" tid=19461596 err="Unable to establish outgoing link in establishConnection: peer_id=16Uiu2...bHQ8Hg addrs=[/ip4/172.20.10.14/udp/57136/quic-v1, /ip4/172.20.10.14/tcp/52288]" peerId=16Uiu2...bHQ8Hg protocols="[/logos/service-discovery/1.0.0]" addresses="[/ip4/172.20.10.14/udp/57136/quic-v1, /ip4/172.20.10.14/tcp/52288]" conn=nil
[2026-10-10 15:50:06.120] [out] [delivery_module] DBG 2026-10-10 15:50:06.120+02:00 Peer dial started                          topics="libp2p dialer" tid=19461596 peerId=16Uiu2...Gas9Zu addresses="[/ip4/172.20.10.14/udp/58926/quic-v1, /ip4/172.20.10.14/tcp/52205]"
[2026-10-10 15:50:06.120] [out] [delivery_module] DBG 2026-10-10 15:50:06.120+02:00 New connection established: client         tid=19461596
[2026-10-10 15:50:06.120] [out] [delivery_module] DBG 2026-10-10 15:50:06.120+02:00 Peer dial started                          topics="libp2p dialer" tid=19461596 peerId=16Uiu2...bHQ8Hg addresses="[/ip4/172.20.10.14/udp/57136/quic-v1, /ip4/172.20.10.14/tcp/52288]"
[2026-10-10 15:50:06.121] [out] [delivery_module] DBG 2026-10-10 15:50:06.121+02:00 New connection established: client         tid=19461596
[2026-10-10 15:50:06.121] [out] [delivery_module] DBG 2026-10-10 15:50:06.121+02:00 Protocol stream establishment failed       topics="libp2p dialer" tid=19461596 err="Unable to establish outgoing link in establishConnection: peer_id=16Uiu2...s3TSyR addrs=[/ip4/172.20.10.14/udp/63140/quic-v1, /ip4/172.20.10.14/tcp/57736]" peerId=16Uiu2...s3TSyR protocols="[/logos/service-discovery/1.0.0]" addresses="[/ip4/172.20.10.14/udp/63140/quic-v1, /ip4/172.20.10.14/tcp/57736]" conn=nil
[2026-10-10 15:50:06.121] [out] [delivery_module] DBG 2026-10-10 15:50:06.121+02:00 Peer dial started                          topics="libp2p dialer" tid=19461596 peerId=16Uiu2...s3TSyR addresses="[/ip4/172.20.10.14/udp/63140/quic-v1, /ip4/172.20.10.14/tcp/57736]"
[2026-10-10 15:50:06.121] [out] [delivery_module] DBG 2026-10-10 15:50:06.121+02:00 New connection established: client         tid=19461596
[2026-10-10 15:50:06.121] [out] [delivery_module] DBG 2026-10-10 15:50:06.121+02:00 Address dial failed                        topics="libp2p dialer" tid=19461596 err="TcpTransport dial error: (61) Connection refused" peerId=16Uiu2...BGbc3h address=/ip4/172.20.10.14/tcp/57735 hostname=172.20.10.14
[2026-10-10 15:50:06.121] [out] [delivery_module] DBG 2026-10-10 15:50:06.121+02:00 Protocol stream establishment failed       topics="libp2p dialer" tid=19461596 err="Unable to establish outgoing link in establishConnection: peer_id=16Uiu2...BGbc3h addrs=[/ip4/172.20.10.14/udp/62748/quic-v1, /ip4/172.20.10.14/tcp/57735]" peerId=16Uiu2...BGbc3h protocols="[/logos/service-discovery/1.0.0]" addresses="[/ip4/172.20.10.14/udp/62748/quic-v1, /ip4/172.20.10.14/tcp/57735]" conn=nil
[2026-10-10 15:50:06.122] [out] [delivery_module] DBG 2026-10-10 15:50:06.121+02:00 Address dial failed                        topics="libp2p dialer" tid=19461596 err="quic dial timed out after 3s" peerId=16Uiu2...C2W9C5 address=/ip4/172.20.10.14/udp/49215/quic-v1 hostname=172.20.10.14
[2026-10-10 15:50:06.122] [out] [delivery_module] DBG 2026-10-10 15:50:06.121+02:00 Address dial failed                        topics="libp2p dialer" tid=19461596 err="quic dial timed out after 3s" peerId=16Uiu2...3H7QUd address=/ip4/172.20.10.14/udp/52662/quic-v1 hostname=172.20.10.14
[2026-10-10 15:50:06.122] [out] [delivery_module] DBG 2026-10-10 15:50:06.122+02:00 Peer dial started                          topics="libp2p dialer" tid=19461596 peerId=16Uiu2...BGbc3h addresses="[/ip4/172.20.10.14/udp/62748/quic-v1, /ip4/172.20.10.14/tcp/57735]"
[2026-10-10 15:50:06.122] [out] [delivery_module] DBG 2026-10-10 15:50:06.122+02:00 New connection established: client         tid=19461596
[2026-10-10 15:50:06.122] [out] [delivery_module] DBG 2026-10-10 15:50:06.122+02:00 Address dial failed                        topics="libp2p dialer" tid=19461596 err="quic dial timed out after 3s" peerId=16Uiu2...JuYMPY address=/ip4/172.20.10.14/udp/53720/quic-v1 hostname=172.20.10.14
[2026-10-10 15:50:06.123] [out] [delivery_module] DBG 2026-10-10 15:50:06.123+02:00 Address dial failed                        topics="libp2p dialer" tid=19461596 err="TcpTransport dial error: (61) Connection refused" peerId=16Uiu2...C2W9C5 address=/ip4/172.20.10.14/tcp/52228 hostname=172.20.10.14
[2026-10-10 15:50:06.123] [out] [delivery_module] DBG 2026-10-10 15:50:06.123+02:00 Address dial failed                        topics="libp2p dialer" tid=19461596 err="TcpTransport dial error: (61) Connection refused" peerId=16Uiu2...3H7QUd address=/ip4/172.20.10.14/tcp/52206 hostname=172.20.10.14
[2026-10-10 15:50:06.123] [out] [delivery_module] DBG 2026-10-10 15:50:06.123+02:00 Address dial failed                        topics="libp2p dialer" tid=19461596 err="TcpTransport dial error: (61) Connection refused" peerId=16Uiu2...JuYMPY address=/ip4/172.20.10.14/tcp/52306 hostname=172.20.10.14
[2026-10-10 15:50:06.123] [out] [delivery_module] DBG 2026-10-10 15:50:06.123+02:00 Protocol stream establishment failed       topics="libp2p dialer" tid=19461596 err="Unable to establish outgoing link in establishConnection: peer_id=16Uiu2...C2W9C5 addrs=[/ip4/172.20.10.14/udp/49215/quic-v1, /ip4/172.20.10.14/tcp/52228]" peerId=16Uiu2...C2W9C5 protocols="[/logos/service-discovery/1.0.0]" addresses="[/ip4/172.20.10.14/udp/49215/quic-v1, /ip4/172.20.10.14/tcp/52228]" conn=nil
[2026-10-10 15:50:06.123] [out] [delivery_module] DBG 2026-10-10 15:50:06.123+02:00 Peer dial started                          topics="libp2p dialer" tid=19461596 peerId=16Uiu2...C2W9C5 addresses="[/ip4/172.20.10.14/udp/49215/quic-v1, /ip4/172.20.10.14/tcp/52228]"
[2026-10-10 15:50:06.123] [out] [delivery_module] DBG 2026-10-10 15:50:06.123+02:00 New connection established: client         tid=19461596
[2026-10-10 15:50:06.123] [out] [delivery_module] DBG 2026-10-10 15:50:06.123+02:00 Protocol stream establishment failed       topics="libp2p dialer" tid=19461596 err="Unable to establish outgoing link in establishConnection: peer_id=16Uiu2...3H7QUd addrs=[/ip4/172.20.10.14/udp/52662/quic-v1, /ip4/172.20.10.14/tcp/52206]" peerId=16Uiu2...3H7QUd protocols="[/logos/service-discovery/1.0.0]" addresses="[/ip4/172.20.10.14/udp/52662/quic-v1, /ip4/172.20.10.14/tcp/52206]" conn=nil
[2026-10-10 15:50:06.123] [out] [delivery_module] DBG 2026-10-10 15:50:06.123+02:00 Peer dial started                          topics="libp2p dialer" tid=19461596 peerId=16Uiu2...3H7QUd addresses="[/ip4/172.20.10.14/udp/52662/quic-v1, /ip4/172.20.10.14/tcp/52206]"
[2026-10-10 15:50:06.123] [out] [delivery_module] DBG 2026-10-10 15:50:06.123+02:00 New connection established: client         tid=19461596
[2026-10-10 15:50:06.124] [out] [delivery_module] DBG 2026-10-10 15:50:06.124+02:00 Protocol stream establishment failed       topics="libp2p dialer" tid=19461596 err="Unable to establish outgoing link in establishConnection: peer_id=16Uiu2...JuYMPY addrs=[/ip4/172.20.10.14/udp/53720/quic-v1, /ip4/172.20.10.14/tcp/52306]" peerId=16Uiu2...JuYMPY protocols="[/logos/service-discovery/1.0.0]" addresses="[/ip4/172.20.10.14/udp/53720/quic-v1, /ip4/172.20.10.14/tcp/52306]" conn=nil
[2026-10-10 15:50:06.124] [out] [delivery_module] DBG 2026-10-10 15:50:06.124+02:00 Peer dial started                          topics="libp2p dialer" tid=19461596 peerId=16Uiu2...JuYMPY addresses="[/ip4/172.20.10.14/udp/53720/quic-v1, /ip4/172.20.10.14/tcp/52306]"
[2026-10-10 15:50:06.124] [out] [delivery_module] DBG 2026-10-10 15:50:06.124+02:00 New connection established: client         tid=19461596
[2026-10-10 15:50:09.122] [out] [delivery_module] DBG 2026-10-10 15:50:09.122+02:00 Address dial failed                        topics="libp2p dialer" tid=19461596 err="quic dial timed out after 3s" peerId=16Uiu2...Gas9Zu address=/ip4/172.20.10.14/udp/58926/quic-v1 hostname=172.20.10.14
[2026-10-10 15:50:09.122] [out] [delivery_module] DBG 2026-10-10 15:50:09.122+02:00 Address dial failed                        topics="libp2p dialer" tid=19461596 err="quic dial timed out after 3s" peerId=16Uiu2...bHQ8Hg address=/ip4/172.20.10.14/udp/57136/quic-v1 hostname=172.20.10.14
[2026-10-10 15:50:09.122] [out] [delivery_module] DBG 2026-10-10 15:50:09.122+02:00 Address dial failed                        topics="libp2p dialer" tid=19461596 err="quic dial timed out after 3s" peerId=16Uiu2...s3TSyR address=/ip4/172.20.10.14/udp/63140/quic-v1 hostname=172.20.10.14
[2026-10-10 15:50:09.123] [out] [delivery_module] DBG 2026-10-10 15:50:09.123+02:00 Address dial failed                        topics="libp2p dialer" tid=19461596 err="quic dial timed out after 3s" peerId=16Uiu2...BGbc3h address=/ip4/172.20.10.14/udp/62748/quic-v1 hostname=172.20.10.14
[2026-10-10 15:50:09.123] [out] [delivery_module] DBG 2026-10-10 15:50:09.123+02:00 Address dial failed                        topics="libp2p dialer" tid=19461596 err="TcpTransport dial error: (61) Connection refused" peerId=16Uiu2...Gas9Zu address=/ip4/172.20.10.14/tcp/52205 hostname=172.20.10.14
[2026-10-10 15:50:09.123] [out] [delivery_module] DBG 2026-10-10 15:50:09.123+02:00 Address dial failed                        topics="libp2p dialer" tid=19461596 err="TcpTransport dial error: (61) Connection refused" peerId=16Uiu2...bHQ8Hg address=/ip4/172.20.10.14/tcp/52288 hostname=172.20.10.14
[2026-10-10 15:50:09.123] [out] [delivery_module] DBG 2026-10-10 15:50:09.123+02:00 Address dial failed                        topics="libp2p dialer" tid=19461596 err="TcpTransport dial error: (61) Connection refused" peerId=16Uiu2...s3TSyR address=/ip4/172.20.10.14/tcp/57736 hostname=172.20.10.14
[2026-10-10 15:50:09.123] [out] [delivery_module] DBG 2026-10-10 15:50:09.123+02:00 Protocol stream establishment failed       topics="libp2p dialer" tid=19461596 err="Unable to establish outgoing link in establishConnection: peer_id=16Uiu2...Gas9Zu addrs=[/ip4/172.20.10.14/udp/58926/quic-v1, /ip4/172.20.10.14/tcp/52205]" peerId=16Uiu2...Gas9Zu protocols="[/logos/service-discovery/1.0.0]" addresses="[/ip4/172.20.10.14/udp/58926/quic-v1, /ip4/172.20.10.14/tcp/52205]" conn=nil
[2026-10-10 15:50:09.123] [out] [delivery_module] DBG 2026-10-10 15:50:09.123+02:00 Protocol stream establishment failed       topics="libp2p dialer" tid=19461596 err="Unable to establish outgoing link in establishConnection: peer_id=16Uiu2...bHQ8Hg addrs=[/ip4/172.20.10.14/udp/57136/quic-v1, /ip4/172.20.10.14/tcp/52288]" peerId=16Uiu2...bHQ8Hg protocols="[/logos/service-discovery/1.0.0]" addresses="[/ip4/172.20.10.14/udp/57136/quic-v1, /ip4/172.20.10.14/tcp/52288]" conn=nil
[2026-10-10 15:50:09.124] [out] [delivery_module] DBG 2026-10-10 15:50:09.123+02:00 Address dial failed                        topics="libp2p dialer" tid=19461596 err="TcpTransport dial error: (61) Connection refused" peerId=16Uiu2...BGbc3h address=/ip4/172.20.10.14/tcp/57735 hostname=172.20.10.14
[2026-10-10 15:50:09.124] [out] [delivery_module] DBG 2026-10-10 15:50:09.124+02:00 Peer dial started                          topics="libp2p dialer" tid=19461596 peerId=16Uiu2...Gas9Zu addresses="[/ip4/172.20.10.14/udp/58926/quic-v1, /ip4/172.20.10.14/tcp/52205]"
[2026-10-10 15:50:09.124] [out] [delivery_module] DBG 2026-10-10 15:50:09.124+02:00 New connection established: client         tid=19461596
[2026-10-10 15:50:09.124] [out] [delivery_module] DBG 2026-10-10 15:50:09.124+02:00 Peer dial started                          topics="libp2p dialer" tid=19461596 peerId=16Uiu2...bHQ8Hg addresses="[/ip4/172.20.10.14/udp/57136/quic-v1, /ip4/172.20.10.14/tcp/52288]"
[2026-10-10 15:50:09.124] [out] [delivery_module] DBG 2026-10-10 15:50:09.124+02:00 New connection established: client         tid=19461596
[2026-10-10 15:50:09.125] [out] [delivery_module] DBG 2026-10-10 15:50:09.125+02:00 Protocol stream establishment failed       topics="libp2p dialer" tid=19461596 err="Unable to establish outgoing link in establishConnection: peer_id=16Uiu2...s3TSyR addrs=[/ip4/172.20.10.14/udp/63140/quic-v1, /ip4/172.20.10.14/tcp/57736]" peerId=16Uiu2...s3TSyR protocols="[/logos/service-discovery/1.0.0]" addresses="[/ip4/172.20.10.14/udp/63140/quic-v1, /ip4/172.20.10.14/tcp/57736]" conn=nil
[2026-10-10 15:50:09.125] [out] [delivery_module] DBG 2026-10-10 15:50:09.125+02:00 Address dial failed                        topics="libp2p dialer" tid=19461596 err="quic dial timed out after 3s" peerId=16Uiu2...C2W9C5 address=/ip4/172.20.10.14/udp/49215/quic-v1 hostname=172.20.10.14
[2026-10-10 15:50:09.125] [out] [delivery_module] DBG 2026-10-10 15:50:09.125+02:00 Peer dial started                          topics="libp2p dialer" tid=19461596 peerId=16Uiu2...s3TSyR addresses="[/ip4/172.20.10.14/udp/63140/quic-v1, /ip4/172.20.10.14/tcp/57736]"
[2026-10-10 15:50:09.125] [out] [delivery_module] DBG 2026-10-10 15:50:09.125+02:00 New connection established: client         tid=19461596
[2026-10-10 15:50:09.125] [out] [delivery_module] DBG 2026-10-10 15:50:09.125+02:00 Protocol stream establishment failed       topics="libp2p dialer" tid=19461596 err="Unable to establish outgoing link in establishConnection: peer_id=16Uiu2...BGbc3h addrs=[/ip4/172.20.10.14/udp/62748/quic-v1, /ip4/172.20.10.14/tcp/57735]" peerId=16Uiu2...BGbc3h protocols="[/logos/service-discovery/1.0.0]" addresses="[/ip4/172.20.10.14/udp/62748/quic-v1, /ip4/172.20.10.14/tcp/57735]" conn=nil
[2026-10-10 15:50:09.125] [out] [delivery_module] DBG 2026-10-10 15:50:09.125+02:00 Peer dial started                          topics="libp2p dialer" tid=19461596 peerId=16Uiu2...BGbc3h addresses="[/ip4/172.20.10.14/udp/62748/quic-v1, /ip4/172.20.10.14/tcp/57735]"
[2026-10-10 15:50:09.126] [out] [delivery_module] DBG 2026-10-10 15:50:09.126+02:00 New connection established: client         tid=19461596
[2026-10-10 15:50:09.126] [out] [delivery_module] DBG 2026-10-10 15:50:09.126+02:00 Address dial failed                        topics="libp2p dialer" tid=19461596 err="quic dial timed out after 3s" peerId=16Uiu2...3H7QUd address=/ip4/172.20.10.14/udp/52662/quic-v1 hostname=172.20.10.14
[2026-10-10 15:50:09.126] [out] [delivery_module] DBG 2026-10-10 15:50:09.126+02:00 Address dial failed                        topics="libp2p dialer" tid=19461596 err="quic dial timed out after 3s" peerId=16Uiu2...JuYMPY address=/ip4/172.20.10.14/udp/53720/quic-v1 hostname=172.20.10.14
[2026-10-10 15:50:09.126] [out] [delivery_module] DBG 2026-10-10 15:50:09.126+02:00 Address dial failed                        topics="libp2p dialer" tid=19461596 err="TcpTransport dial error: (61) Connection refused" peerId=16Uiu2...C2W9C5 address=/ip4/172.20.10.14/tcp/52228 hostname=172.20.10.14
[2026-10-10 15:50:09.126] [out] [delivery_module] DBG 2026-10-10 15:50:09.126+02:00 Address dial failed                        topics="libp2p dialer" tid=19461596 err="TcpTransport dial error: (61) Connection refused" peerId=16Uiu2...3H7QUd address=/ip4/172.20.10.14/tcp/52206 hostname=172.20.10.14
[2026-10-10 15:50:09.126] [out] [delivery_module] DBG 2026-10-10 15:50:09.126+02:00 Protocol stream establishment failed       topics="libp2p dialer" tid=19461596 err="Unable to establish outgoing link in establishConnection: peer_id=16Uiu2...C2W9C5 addrs=[/ip4/172.20.10.14/udp/49215/quic-v1, /ip4/172.20.10.14/tcp/52228]" peerId=16Uiu2...C2W9C5 protocols="[/logos/service-discovery/1.0.0]" addresses="[/ip4/172.20.10.14/udp/49215/quic-v1, /ip4/172.20.10.14/tcp/52228]" conn=nil
[2026-10-10 15:50:09.127] [out] [delivery_module] DBG 2026-10-10 15:50:09.126+02:00 Peer dial started                          topics="libp2p dialer" tid=19461596 peerId=16Uiu2...C2W9C5 addresses="[/ip4/172.20.10.14/udp/49215/quic-v1, /ip4/172.20.10.14/tcp/52228]"
[2026-10-10 15:50:09.127] [out] [delivery_module] DBG 2026-10-10 15:50:09.127+02:00 New connection established: client         tid=19461596
[2026-10-10 15:50:09.127] [out] [delivery_module] DBG 2026-10-10 15:50:09.127+02:00 Address dial failed                        topics="libp2p dialer" tid=19461596 err="TcpTransport dial error: (61) Connection refused" peerId=16Uiu2...JuYMPY address=/ip4/172.20.10.14/tcp/52306 hostname=172.20.10.14
[2026-10-10 15:50:09.127] [out] [delivery_module] DBG 2026-10-10 15:50:09.127+02:00 Protocol stream establishment failed       topics="libp2p dialer" tid=19461596 err="Unable to establish outgoing link in establishConnection: peer_id=16Uiu2...3H7QUd addrs=[/ip4/172.20.10.14/udp/52662/quic-v1, /ip4/172.20.10.14/tcp/52206]" peerId=16Uiu2...3H7QUd protocols="[/logos/service-discovery/1.0.0]" addresses="[/ip4/172.20.10.14/udp/52662/quic-v1, /ip4/172.20.10.14/tcp/52206]" conn=nil
[2026-10-10 15:50:09.127] [out] [delivery_module] DBG 2026-10-10 15:50:09.127+02:00 Peer dial started                          topics="libp2p dialer" tid=19461596 peerId=16Uiu2...3H7QUd addresses="[/ip4/172.20.10.14/udp/52662/quic-v1, /ip4/172.20.10.14/tcp/52206]"
[2026-10-10 15:50:09.127] [out] [delivery_module] DBG 2026-10-10 15:50:09.127+02:00 New connection established: client         tid=19461596
[2026-10-10 15:50:09.127] [out] [delivery_module] DBG 2026-10-10 15:50:09.127+02:00 Protocol stream establishment failed       topics="libp2p dialer" tid=19461596 err="Unable to establish outgoing link in establishConnection: peer_id=16Uiu2...JuYMPY addrs=[/ip4/172.20.10.14/udp/53720/quic-v1, /ip4/172.20.10.14/tcp/52306]" peerId=16Uiu2...JuYMPY protocols="[/logos/service-discovery/1.0.0]" addresses="[/ip4/172.20.10.14/udp/53720/quic-v1, /ip4/172.20.10.14/tcp/52306]" conn=nil
[2026-10-10 15:50:12.126] [out] [delivery_module] DBG 2026-10-10 15:50:12.126+02:00 Address dial failed                        topics="libp2p dialer" tid=19461596 err="quic dial timed out after 3s" peerId=16Uiu2...Gas9Zu address=/ip4/172.20.10.14/udp/58926/quic-v1 hostname=172.20.10.14
[2026-10-10 15:50:12.126] [out] [delivery_module] DBG 2026-10-10 15:50:12.126+02:00 Address dial failed                        topics="libp2p dialer" tid=19461596 err="quic dial timed out after 3s" peerId=16Uiu2...bHQ8Hg address=/ip4/172.20.10.14/udp/57136/quic-v1 hostname=172.20.10.14
[2026-10-10 15:50:12.126] [out] [delivery_module] DBG 2026-10-10 15:50:12.126+02:00 Address dial failed                        topics="libp2p dialer" tid=19461596 err="quic dial timed out after 3s" peerId=16Uiu2...s3TSyR address=/ip4/172.20.10.14/udp/63140/quic-v1 hostname=172.20.10.14
[2026-10-10 15:50:12.127] [out] [delivery_module] DBG 2026-10-10 15:50:12.127+02:00 Address dial failed                        topics="libp2p dialer" tid=19461596 err="quic dial timed out after 3s" peerId=16Uiu2...BGbc3h address=/ip4/172.20.10.14/udp/62748/quic-v1 hostname=172.20.10.14
[2026-10-10 15:50:12.127] [out] [delivery_module] DBG 2026-10-10 15:50:12.127+02:00 Address dial failed                        topics="libp2p dialer" tid=19461596 err="TcpTransport dial error: (61) Connection refused" peerId=16Uiu2...Gas9Zu address=/ip4/172.20.10.14/tcp/52205 hostname=172.20.10.14
[2026-10-10 15:50:12.127] [out] [delivery_module] DBG 2026-10-10 15:50:12.127+02:00 Address dial failed                        topics="libp2p dialer" tid=19461596 err="TcpTransport dial error: (61) Connection refused" peerId=16Uiu2...bHQ8Hg address=/ip4/172.20.10.14/tcp/52288 hostname=172.20.10.14
[2026-10-10 15:50:12.127] [out] [delivery_module] DBG 2026-10-10 15:50:12.127+02:00 Address dial failed                        topics="libp2p dialer" tid=19461596 err="TcpTransport dial error: (61) Connection refused" peerId=16Uiu2...s3TSyR address=/ip4/172.20.10.14/tcp/57736 hostname=172.20.10.14
[2026-10-10 15:50:12.127] [out] [delivery_module] DBG 2026-10-10 15:50:12.127+02:00 Protocol stream establishment failed       topics="libp2p dialer" tid=19461596 err="Unable to establish outgoing link in establishConnection: peer_id=16Uiu2...Gas9Zu addrs=[/ip4/172.20.10.14/udp/58926/quic-v1, /ip4/172.20.10.14/tcp/52205]" peerId=16Uiu2...Gas9Zu protocols="[/logos/service-discovery/1.0.0]" addresses="[/ip4/172.20.10.14/udp/58926/quic-v1, /ip4/172.20.10.14/tcp/52205]" conn=nil
[2026-10-10 15:50:12.127] [out] [delivery_module] DBG 2026-10-10 15:50:12.127+02:00 Protocol stream establishment failed       topics="libp2p dialer" tid=19461596 err="Unable to establish outgoing link in establishConnection: peer_id=16Uiu2...bHQ8Hg addrs=[/ip4/172.20.10.14/udp/57136/quic-v1, /ip4/172.20.10.14/tcp/52288]" peerId=16Uiu2...bHQ8Hg protocols="[/logos/service-discovery/1.0.0]" addresses="[/ip4/172.20.10.14/udp/57136/quic-v1, /ip4/172.20.10.14/tcp/52288]" conn=nil
[2026-10-10 15:50:12.127] [out] [delivery_module] DBG 2026-10-10 15:50:12.127+02:00 Address dial failed                        topics="libp2p dialer" tid=19461596 err="TcpTransport dial error: (61) Connection refused" peerId=16Uiu2...BGbc3h address=/ip4/172.20.10.14/tcp/57735 hostname=172.20.10.14
[2026-10-10 15:50:12.127] [out] [delivery_module] DBG 2026-10-10 15:50:12.127+02:00 Peer dial started                          topics="libp2p dialer" tid=19461596 peerId=16Uiu2...Gas9Zu addresses="[/ip4/172.20.10.14/udp/58926/quic-v1, /ip4/172.20.10.14/tcp/52205]"
[2026-10-10 15:50:12.127] [out] [delivery_module] DBG 2026-10-10 15:50:12.127+02:00 New connection established: client         tid=19461596
[2026-10-10 15:50:12.128] [out] [delivery_module] DBG 2026-10-10 15:50:12.128+02:00 Peer dial started                          topics="libp2p dialer" tid=19461596 peerId=16Uiu2...bHQ8Hg addresses="[/ip4/172.20.10.14/udp/57136/quic-v1, /ip4/172.20.10.14/tcp/52288]"
[2026-10-10 15:50:12.128] [out] [delivery_module] DBG 2026-10-10 15:50:12.128+02:00 New connection established: client         tid=19461596
[2026-10-10 15:50:12.128] [out] [delivery_module] DBG 2026-10-10 15:50:12.128+02:00 Protocol stream establishment failed       topics="libp2p dialer" tid=19461596 err="Unable to establish outgoing link in establishConnection: peer_id=16Uiu2...s3TSyR addrs=[/ip4/172.20.10.14/udp/63140/quic-v1, /ip4/172.20.10.14/tcp/57736]" peerId=16Uiu2...s3TSyR protocols="[/logos/service-discovery/1.0.0]" addresses="[/ip4/172.20.10.14/udp/63140/quic-v1, /ip4/172.20.10.14/tcp/57736]" conn=nil
[2026-10-10 15:50:12.128] [out] [delivery_module] DBG 2026-10-10 15:50:12.128+02:00 Address dial failed                        topics="libp2p dialer" tid=19461596 err="quic dial timed out after 3s" peerId=16Uiu2...C2W9C5 address=/ip4/172.20.10.14/udp/49215/quic-v1 hostname=172.20.10.14
[2026-10-10 15:50:12.128] [out] [delivery_module] DBG 2026-10-10 15:50:12.128+02:00 Peer dial started                          topics="libp2p dialer" tid=19461596 peerId=16Uiu2...s3TSyR addresses="[/ip4/172.20.10.14/udp/63140/quic-v1, /ip4/172.20.10.14/tcp/57736]"
[2026-10-10 15:50:12.128] [out] [delivery_module] DBG 2026-10-10 15:50:12.128+02:00 New connection established: client         tid=19461596
[2026-10-10 15:50:12.129] [out] [delivery_module] DBG 2026-10-10 15:50:12.129+02:00 Protocol stream establishment failed       topics="libp2p dialer" tid=19461596 err="Unable to establish outgoing link in establishConnection: peer_id=16Uiu2...BGbc3h addrs=[/ip4/172.20.10.14/udp/62748/quic-v1, /ip4/172.20.10.14/tcp/57735]" peerId=16Uiu2...BGbc3h protocols="[/logos/service-discovery/1.0.0]" addresses="[/ip4/172.20.10.14/udp/62748/quic-v1, /ip4/172.20.10.14/tcp/57735]" conn=nil
[2026-10-10 15:50:12.129] [out] [delivery_module] DBG 2026-10-10 15:50:12.129+02:00 Address dial failed                        topics="libp2p dialer" tid=19461596 err="quic dial timed out after 3s" peerId=16Uiu2...3H7QUd address=/ip4/172.20.10.14/udp/52662/quic-v1 hostname=172.20.10.14
[2026-10-10 15:50:12.129] [out] [delivery_module] DBG 2026-10-10 15:50:12.129+02:00 Address dial failed                        topics="libp2p dialer" tid=19461596 err="TcpTransport dial error: (61) Connection refused" peerId=16Uiu2...C2W9C5 address=/ip4/172.20.10.14/tcp/52228 hostname=172.20.10.14
[2026-10-10 15:50:12.129] [out] [delivery_module] DBG 2026-10-10 15:50:12.129+02:00 Protocol stream establishment failed       topics="libp2p dialer" tid=19461596 err="Unable to establish outgoing link in establishConnection: peer_id=16Uiu2...C2W9C5 addrs=[/ip4/172.20.10.14/udp/49215/quic-v1, /ip4/172.20.10.14/tcp/52228]" peerId=16Uiu2...C2W9C5 protocols="[/logos/service-discovery/1.0.0]" addresses="[/ip4/172.20.10.14/udp/49215/quic-v1, /ip4/172.20.10.14/tcp/52228]" conn=nil
[2026-10-10 15:50:12.129] [out] [delivery_module] DBG 2026-10-10 15:50:12.129+02:00 Peer dial started                          topics="libp2p dialer" tid=19461596 peerId=16Uiu2...C2W9C5 addresses="[/ip4/172.20.10.14/udp/49215/quic-v1, /ip4/172.20.10.14/tcp/52228]"
[2026-10-10 15:50:12.129] [out] [delivery_module] DBG 2026-10-10 15:50:12.129+02:00 New connection established: client         tid=19461596
[2026-10-10 15:50:12.129] [out] [delivery_module] DBG 2026-10-10 15:50:12.129+02:00 Address dial failed                        topics="libp2p dialer" tid=19461596 err="TcpTransport dial error: (61) Connection refused" peerId=16Uiu2...3H7QUd address=/ip4/172.20.10.14/tcp/52206 hostname=172.20.10.14
[2026-10-10 15:50:12.129] [out] [delivery_module] DBG 2026-10-10 15:50:12.129+02:00 Protocol stream establishment failed       topics="libp2p dialer" tid=19461596 err="Unable to establish outgoing link in establishConnection: peer_id=16Uiu2...3H7QUd addrs=[/ip4/172.20.10.14/udp/52662/quic-v1, /ip4/172.20.10.14/tcp/52206]" peerId=16Uiu2...3H7QUd protocols="[/logos/service-discovery/1.0.0]" addresses="[/ip4/172.20.10.14/udp/52662/quic-v1, /ip4/172.20.10.14/tcp/52206]" conn=nil
[2026-10-10 15:50:12.130] [out] [delivery_module] DBG 2026-10-10 15:50:12.129+02:00 Peer dial started                          topics="libp2p dialer" tid=19461596 peerId=16Uiu2...3H7QUd addresses="[/ip4/172.20.10.14/udp/52662/quic-v1, /ip4/172.20.10.14/tcp/52206]"
[2026-10-10 15:50:12.130] [out] [delivery_module] DBG 2026-10-10 15:50:12.130+02:00 New connection established: client         tid=19461596
[2026-10-10 15:50:15.128] [out] [delivery_module] DBG 2026-10-10 15:50:15.128+02:00 Address dial failed                        topics="libp2p dialer" tid=19461596 err="quic dial timed out after 3s" peerId=16Uiu2...Gas9Zu address=/ip4/172.20.10.14/udp/58926/quic-v1 hostname=172.20.10.14
[2026-10-10 15:50:15.128] [out] [delivery_module] DBG 2026-10-10 15:50:15.128+02:00 Address dial failed                        topics="libp2p dialer" tid=19461596 err="quic dial timed out after 3s" peerId=16Uiu2...bHQ8Hg address=/ip4/172.20.10.14/udp/57136/quic-v1 hostname=172.20.10.14
[2026-10-10 15:50:15.129] [out] [delivery_module] DBG 2026-10-10 15:50:15.129+02:00 Address dial failed                        topics="libp2p dialer" tid=19461596 err="TcpTransport dial error: (61) Connection refused" peerId=16Uiu2...Gas9Zu address=/ip4/172.20.10.14/tcp/52205 hostname=172.20.10.14
[2026-10-10 15:50:15.129] [out] [delivery_module] DBG 2026-10-10 15:50:15.129+02:00 Address dial failed                        topics="libp2p dialer" tid=19461596 err="TcpTransport dial error: (61) Connection refused" peerId=16Uiu2...bHQ8Hg address=/ip4/172.20.10.14/tcp/52288 hostname=172.20.10.14
[2026-10-10 15:50:15.129] [out] [delivery_module] DBG 2026-10-10 15:50:15.129+02:00 Address dial failed                        topics="libp2p dialer" tid=19461596 err="quic dial timed out after 3s" peerId=16Uiu2...s3TSyR address=/ip4/172.20.10.14/udp/63140/quic-v1 hostname=172.20.10.14
[2026-10-10 15:50:15.129] [out] [delivery_module] DBG 2026-10-10 15:50:15.129+02:00 Protocol stream establishment failed       topics="libp2p dialer" tid=19461596 err="Unable to establish outgoing link in establishConnection: peer_id=16Uiu2...Gas9Zu addrs=[/ip4/172.20.10.14/udp/58926/quic-v1, /ip4/172.20.10.14/tcp/52205]" peerId=16Uiu2...Gas9Zu protocols="[/logos/service-discovery/1.0.0]" addresses="[/ip4/172.20.10.14/udp/58926/quic-v1, /ip4/172.20.10.14/tcp/52205]" conn=nil
[2026-10-10 15:50:15.130] [out] [delivery_module] DBG 2026-10-10 15:50:15.130+02:00 Protocol stream establishment failed       topics="libp2p dialer" tid=19461596 err="Unable to establish outgoing link in establishConnection: peer_id=16Uiu2...bHQ8Hg addrs=[/ip4/172.20.10.14/udp/57136/quic-v1, /ip4/172.20.10.14/tcp/52288]" peerId=16Uiu2...bHQ8Hg protocols="[/logos/service-discovery/1.0.0]" addresses="[/ip4/172.20.10.14/udp/57136/quic-v1, /ip4/172.20.10.14/tcp/52288]" conn=nil
[2026-10-10 15:50:15.130] [out] [delivery_module] DBG 2026-10-10 15:50:15.130+02:00 Address dial failed                        topics="libp2p dialer" tid=19461596 err="TcpTransport dial error: (61) Connection refused" peerId=16Uiu2...s3TSyR address=/ip4/172.20.10.14/tcp/57736 hostname=172.20.10.14
[2026-10-10 15:50:15.130] [out] [delivery_module] DBG 2026-10-10 15:50:15.130+02:00 Address dial failed                        topics="libp2p dialer" tid=19461596 err="quic dial timed out after 3s" peerId=16Uiu2...C2W9C5 address=/ip4/172.20.10.14/udp/49215/quic-v1 hostname=172.20.10.14
[2026-10-10 15:50:15.130] [out] [delivery_module] DBG 2026-10-10 15:50:15.130+02:00 Protocol stream establishment failed       topics="libp2p dialer" tid=19461596 err="Unable to establish outgoing link in establishConnection: peer_id=16Uiu2...s3TSyR addrs=[/ip4/172.20.10.14/udp/63140/quic-v1, /ip4/172.20.10.14/tcp/57736]" peerId=16Uiu2...s3TSyR protocols="[/logos/service-discovery/1.0.0]" addresses="[/ip4/172.20.10.14/udp/63140/quic-v1, /ip4/172.20.10.14/tcp/57736]" conn=nil
[2026-10-10 15:50:15.130] [out] [delivery_module] DBG 2026-10-10 15:50:15.130+02:00 Address dial failed                        topics="libp2p dialer" tid=19461596 err="TcpTransport dial error: (61) Connection refused" peerId=16Uiu2...C2W9C5 address=/ip4/172.20.10.14/tcp/52228 hostname=172.20.10.14
[2026-10-10 15:50:15.130] [out] [delivery_module] DBG 2026-10-10 15:50:15.130+02:00 Address dial failed                        topics="libp2p dialer" tid=19461596 err="quic dial timed out after 3s" peerId=16Uiu2...3H7QUd address=/ip4/172.20.10.14/udp/52662/quic-v1 hostname=172.20.10.14
[2026-10-10 15:50:15.130] [out] [delivery_module] DBG 2026-10-10 15:50:15.130+02:00 Protocol stream establishment failed       topics="libp2p dialer" tid=19461596 err="Unable to establish outgoing link in establishConnection: peer_id=16Uiu2...C2W9C5 addrs=[/ip4/172.20.10.14/udp/49215/quic-v1, /ip4/172.20.10.14/tcp/52228]" peerId=16Uiu2...C2W9C5 protocols="[/logos/service-discovery/1.0.0]" addresses="[/ip4/172.20.10.14/udp/49215/quic-v1, /ip4/172.20.10.14/tcp/52228]" conn=nil
[2026-10-10 15:50:15.130] [out] [delivery_module] DBG 2026-10-10 15:50:15.130+02:00 Address dial failed                        topics="libp2p dialer" tid=19461596 err="TcpTransport dial error: (61) Connection refused" peerId=16Uiu2...3H7QUd address=/ip4/172.20.10.14/tcp/52206 hostname=172.20.10.14
[2026-10-10 15:50:15.131] [out] [delivery_module] DBG 2026-10-10 15:50:15.130+02:00 Protocol stream establishment failed       topics="libp2p dialer" tid=19461596 err="Unable to establish outgoing link in establishConnection: peer_id=16Uiu2...3H7QUd addrs=[/ip4/172.20.10.14/udp/52662/quic-v1, /ip4/172.20.10.14/tcp/52206]" peerId=16Uiu2...3H7QUd protocols="[/logos/service-discovery/1.0.0]" addresses="[/ip4/172.20.10.14/udp/52662/quic-v1, /ip4/172.20.10.14/tcp/52206]" conn=nil
[2026-10-10 15:50:17.041] [info] [logos] [delivery_module] DeliveryModuleImpl::send called with contentTopic: /lp0026forum/1/general/text
[2026-10-10 15:50:17.041] [out] [delivery_module] DBG 2026-10-10 15:50:17.041+02:00 SendService.send: processing delivery task topics="send service" tid=19461596 requestId=f8df1780a8a0983b0190 msgHash=0x54f575b7f4ba09686a05cd3a4a8051a8b76faab246236a840901791a4cf6cb70
[2026-10-10 15:50:17.041] [info] [logos] [delivery_module] DeliveryModuleImpl: Send initiated for topic: /lp0026forum/1/general/text, with success, requestId: f8df1780a8a0983b0190
[2026-10-10 15:50:17.041] [out] [delivery_module] DBG 2026-10-10 15:50:17.041+02:00 Trying message delivery via Mix            topics="send service mix processor" tid=19461596 requestId=f8df1780a8a0983b0190 msgHash=0x54f575b7f4ba09686a05cd3a4a8051a8b76faab246236a840901791a4cf6cb70 tryCount=1
[2026-10-10 15:50:17.042] [out] [delivery_module] DBG 2026-10-10 15:50:17.041+02:00 Publishing message with lightpush          topics="waku node lightpush api" tid=19461596 pubsubTopic=/waku/2/rs/3/7 contentTopic=/lp0026forum/1/general/text target_peer_id=16Uiu2...VpJprH msg_hash=0x54f575b7f4ba09686a05cd3a4a8051a8b76faab246236a840901791a4cf6cb70 mixify=true
[2026-10-10 15:50:17.042] [out] [delivery_module] DBG 2026-10-10 15:50:17.042+02:00 Publish                                    topics="waku lightpush client" tid=19461596 myPeerId=16Uiu2...HZTWbR peerId= msgHash=0x54f575b7f4ba09686a05cd3a4a8051a8b76faab246236a840901791a4cf6cb70 sentTime=1791640217042018816
[2026-10-10 15:50:17.042] [out] [delivery_module] DBG 2026-10-10 15:50:17.042+02:00 Destination data                           tid=19461596 destination=MixDestination[MixNode](16Uiu2HAmMK7PYygBtKUQ8EHp7EfaD3bCEsJrkFooK8RQ2PVpJprH)
[2026-10-10 15:50:17.042] [out] [delivery_module] DBG 2026-10-10 15:50:17.042+02:00 Selected mix node:                         tid=19461596 indexInPath=0 peerId=16Uiu2...NSkuby
[2026-10-10 15:50:17.042] [out] [delivery_module] DBG 2026-10-10 15:50:17.042+02:00 Selected mix node:                         tid=19461596 indexInPath=1 peerId=16Uiu2...kGyuEP
[2026-10-10 15:50:17.042] [out] [delivery_module] DBG 2026-10-10 15:50:17.042+02:00 Selected mix node:                         tid=19461596 indexInPath=2 peerId=16Uiu2...VpJprH
[2026-10-10 15:50:17.042] [out] [delivery_module] DBG 2026-10-10 15:50:17.042+02:00 Selected mix node for surbs:               tid=19461596 indexInPath=0 peerId=16Uiu2...NSkuby
[2026-10-10 15:50:17.042] [out] [delivery_module] DBG 2026-10-10 15:50:17.042+02:00 Selected mix node for surbs:               tid=19461596 indexInPath=1 peerId=16Uiu2...kGyuEP
[2026-10-10 15:50:17.893] [out] [delivery_module] INF 2026-10-10 15:50:17.893+02:00 Message received                           tid=19461596 msg_hash=0x54f575b7f4ba09686a05cd3a4a8051a8b76faab246236a840901791a4cf6cb70 contentTopic=/lp0026forum/1/general/text pubsubTopic=/waku/2/rs/3/7 source=live
[2026-10-10 15:50:18.754] [out] [delivery_module] DBG 2026-10-10 15:50:18.754+02:00 Message propagated via Mix                 topics="send service mix processor" tid=19461596 requestId=f8df1780a8a0983b0190 msgHash=0x54f575b7f4ba09686a05cd3a4a8051a8b76faab246236a840901791a4cf6cb70
[2026-10-10 15:50:18.755] [out] [delivery_module] INF 2026-10-10 15:50:18.755+02:00 Message successfully propagated            topics="send service" tid=19461596 requestId=f8df1780a8a0983b0190 msgHash=withheld
[2026-10-10 15:50:18.755] [out] [delivery_module] INF 2026-10-10 15:50:18.755+02:00 Message successfully sent over mix         topics="send service" tid=19461596 requestId=f8df1780a8a0983b0190
[2026-10-10 15:50:21.109] [out] [delivery_module] DBG 2026-10-10 15:50:21.109+02:00 Address dial failed                        topics="libp2p dialer" tid=19461596 err="Timeout exceeded!" peerId=16Uiu2...NmmnVv address=/ip4/143.105.219.245/tcp/61976 hostname=143.105.219.245
[2026-10-10 15:50:21.109] [out] [delivery_module] DBG 2026-10-10 15:50:21.109+02:00 Peer dial timed out                        topics="libp2p dialer" tid=19461596 peerId=16Uiu2...NmmnVv addresses="[/ip4/143.105.219.245/udp/60401/quic-v1, /ip4/143.105.219.245/tcp/61976, /ip4/172.16.134.165/tcp/61976]"
[2026-10-10 15:50:21.109] [out] [delivery_module] DBG 2026-10-10 15:50:21.109+02:00 Protocol stream establishment failed       topics="libp2p dialer" tid=19461596 err="Unable to establish outgoing link in establishConnection: peer_id=16Uiu2...NmmnVv addrs=[/ip4/143.105.219.245/udp/60401/quic-v1, /ip4/143.105.219.245/tcp/61976, /ip4/172.16.134.165/tcp/61976]" peerId=16Uiu2...NmmnVv protocols="[/logos/service-discovery/1.0.0]" addresses="[/ip4/143.105.219.245/udp/60401/quic-v1, /ip4/143.105.219.245/tcp/61976, /ip4/172.16.134.165/tcp/61976]" conn=nil
[2026-10-10 15:50:21.109] [out] [delivery_module] DBG 2026-10-10 15:50:21.109+02:00 Peer dial started                          topics="libp2p dialer" tid=19461596 peerId=16Uiu2...NmmnVv addresses="[/ip4/143.105.219.245/udp/60401/quic-v1, /ip4/143.105.219.245/tcp/61976, /ip4/172.16.134.165/tcp/61976]"
[2026-10-10 15:50:21.110] [out] [delivery_module] DBG 2026-10-10 15:50:21.110+02:00 New connection established: client         tid=19461596
[2026-10-10 15:50:21.115] [out] [delivery_module] DBG 2026-10-10 15:50:21.115+02:00 Address dial failed                        topics="libp2p dialer" tid=19461596 err="Timeout exceeded!" peerId=16Uiu2...sR6GDs address=/ip4/100.126.175.80/tcp/49964 hostname=100.126.175.80
[2026-10-10 15:50:21.115] [out] [delivery_module] DBG 2026-10-10 15:50:21.115+02:00 Protocol stream establishment failed       topics="libp2p dialer" tid=19461596 err="Unable to establish outgoing link in establishConnection: peer_id=16Uiu2...sR6GDs addrs=[/ip4/100.126.175.80/udp/56339/quic-v1, /ip4/100.126.175.80/tcp/49964]" peerId=16Uiu2...sR6GDs protocols="[/logos/service-discovery/1.0.0]" addresses="[/ip4/100.126.175.80/udp/56339/quic-v1, /ip4/100.126.175.80/tcp/49964]" conn=nil
[2026-10-10 15:50:21.115] [out] [delivery_module] DBG 2026-10-10 15:50:21.115+02:00 Peer dial started                          topics="libp2p dialer" tid=19461596 peerId=16Uiu2...sR6GDs addresses="[/ip4/100.126.175.80/udp/56339/quic-v1, /ip4/100.126.175.80/tcp/49964]"
[2026-10-10 15:50:21.115] [out] [delivery_module] DBG 2026-10-10 15:50:21.115+02:00 New connection established: client         tid=19461596
[2026-10-10 15:50:24.111] [out] [delivery_module] DBG 2026-10-10 15:50:24.111+02:00 Address dial failed                        topics="libp2p dialer" tid=19461596 err="quic dial timed out after 3s" peerId=16Uiu2...NmmnVv address=/ip4/143.105.219.245/udp/60401/quic-v1 hostname=143.105.219.245
[2026-10-10 15:50:24.116] [out] [delivery_module] DBG 2026-10-10 15:50:24.116+02:00 Address dial failed                        topics="libp2p dialer" tid=19461596 err="quic dial timed out after 3s" peerId=16Uiu2...sR6GDs address=/ip4/100.126.175.80/udp/56339/quic-v1 hostname=100.126.175.80
[2026-10-10 15:50:26.043] [out] [delivery_module] DBG 2026-10-10 15:50:26.043+02:00 Local Kademlia record stored               topics="kad-dht types" tid=19461596 key=002508021221...c0474caa7bde value=0a2508021221...9f0059a5bb96
[2026-10-10 15:50:31.067] [out] [delivery_module] DBG 2026-10-10 15:50:31.067+02:00 dialMe answer is not reachable             topics="libp2p autonatservice" tid=19461596 err="Peer could not dial us back: Dial timeout" peerId=16Uiu2HAm8Y9kgBNtjxvCnf1X6gnZJW5EGE4UwwCL3CCm55TwqBiH
[2026-10-10 15:50:31.067] [out] [delivery_module] DBG 2026-10-10 15:50:31.067+02:00 Current status                             topics="libp2p autonatservice" tid=19461596 currentStats=Unknown confidence=none() answers=[NotReachable]
[2026-10-10 15:50:33.071] [out] [delivery_module] WRN 2026-10-10 15:50:33.070+02:00 NAT port mapping failed                    topics="libp2p natservice" tid=19461596 port=57915 protocol=mpTcp err="plum: mapping 0 failed"
[QmlInspector] Client disconnected
