run-logos-standalone-ui: hot-reloading QML from <repo>-depbump/src/qml
  (export DEV_QML_PATH to override, or LOGOS_QML_HOT_RELOAD=0 to disable)
Session directory: "~/Library/Application Support/Logos/LogosStandalone"
[2026-10-07 09:21:25.211] [info] [logos] Granting host services to 'capability_module': token_registry,token_delivery
[2026-10-07 09:21:25.250] [out] [capability_module] [2026-10-07 09:21:25.249] [info] Granting host services to capability_module: ["token_registry","token_delivery"]
RemoteTransportConnection: Connecting to registry: "local:logos_capability_module_d6dc046d1b50" at "09:21:25.251"
RemoteTransportConnection: Registry connect attempt started (no peer contact yet): "local:logos_capability_module_d6dc046d1b50"
LogosAPIConsumer: Informing module token for module: "capability_module" with token: "redacted:09bd97dd…"
RemoteTransportConnection: Requesting object: "capability_module" at "09:21:25.251"
[LogosObject] RemoteTransportConnection: returning RemoteLogosObject for: "capability_module"
[LogosObject] Created RemoteLogosObject wrapping QRemoteObjectReplica 105553183263808
[LogosObject] LogosAPIConsumer: calling LogosObject::informModuleToken for "capability_module"
LogosAPIConsumer: informModuleToken completed with result: true
[LogosObject] Destroying RemoteLogosObject 0
[2026-10-07 09:21:25.280] [info] [logos] Module loaded: capability_module
LogosAPIConsumer: Informing module token for module: "modules_state" with token: "redacted:f0c7230a…"
RemoteTransportConnection: Requesting object: "capability_module" at "09:21:25.320"
[LogosObject] RemoteTransportConnection: returning RemoteLogosObject for: "capability_module"
[LogosObject] Created RemoteLogosObject wrapping QRemoteObjectReplica 105553183313408
[LogosObject] LogosAPIConsumer: calling LogosObject::informModuleToken for "modules_state"
LogosAPIConsumer: informModuleToken completed with result: true
[LogosObject] Destroying RemoteLogosObject 0
[2026-10-07 09:21:25.322] [info] [logos] Module loaded: modules_state
RemoteTransportConnection: Connecting to registry: "local:logos_modules_state_d6dc046d1b50" at "09:21:25.322"
RemoteTransportConnection: Registry connect attempt started (no peer contact yet): "local:logos_modules_state_d6dc046d1b50"
RemoteTransportConnection: Connecting to registry: "local:logos_capability_module_d6dc046d1b50" at "09:21:25.322"
RemoteTransportConnection: Registry connect attempt started (no peer contact yet): "local:logos_capability_module_d6dc046d1b50"
LogosAPIConsumer: '"modules_state"::""' deferred pending the module becoming reachable
LogosAPIConsumer: '"modules_state"::""' deferred pending the module becoming reachable
Logos Core started (modules dir: "/nix/store/gxna1vv93drk0r01vph163c8q3dw4ng4-logos-forum_module-plugin-dir-modules" )
Set app icon from metadata: "/nix/store/fcjx57wbqm67d3sf9fshl21cwsmbllhn-logos-forum_module-plugin-dir/src/icons/icon.png"
[2026-10-07 09:21:25.381] [info] [logos] [delivery_module] DeliveryModuleImpl: Initializing...
LogosAPIConsumer: Informing module token for module: "delivery_module" with token: "redacted:d5c28887…"
RemoteTransportConnection: Requesting object: "capability_module" at "09:21:25.382"
[LogosObject] RemoteTransportConnection: returning RemoteLogosObject for: "capability_module"
[LogosObject] Created RemoteLogosObject wrapping QRemoteObjectReplica 105553183316576
[LogosObject] LogosAPIConsumer: calling LogosObject::informModuleToken for "delivery_module"
LogosAPIConsumer: informModuleToken completed with result: true
[LogosObject] Destroying RemoteLogosObject 0
[2026-10-07 09:21:25.388] [info] [logos] Module loaded: delivery_module
RemoteTransportConnection: Connecting to registry: "local:logos_delivery_module_d6dc046d1b50" at "09:21:25.389"
RemoteTransportConnection: Registry connect attempt started (no peer contact yet): "local:logos_delivery_module_d6dc046d1b50"
RemoteTransportConnection: Connecting to registry: "local:logos_capability_module_d6dc046d1b50" at "09:21:25.389"
RemoteTransportConnection: Registry connect attempt started (no peer contact yet): "local:logos_capability_module_d6dc046d1b50"
LogosAPIConsumer: '"delivery_module"::""' deferred pending the module becoming reachable
LogosAPIClient: getToken for module: "modules_state"
LogosAPIClient: Found token for module: "modules_state"
RemoteTransportConnection: Requesting object: "modules_state" at "09:21:25.389"
[LogosObject] RemoteTransportConnection: returning RemoteLogosObject for: "modules_state"
[LogosObject] Created RemoteLogosObject wrapping QRemoteObjectReplica 105553183270912
[LogosObject] LogosAPIConsumer: async calling via LogosObject::callMethodAsync "note_transition"
[LogosObject] RemoteLogosObject::callMethodAsync "note_transition" args: 7
LogosAPIClient: getToken for module: "modules_state"
LogosAPIClient: Found token for module: "modules_state"
[LogosObject] LogosAPIConsumer: async calling via LogosObject::callMethodAsync "note_transition"
[LogosObject] RemoteLogosObject::callMethodAsync "note_transition" args: 7
Loaded dependency (with transitive deps): "delivery_module"
[2026-10-07 09:21:25.430] [info] [logos] [storage_module] StorageModuleImpl: Initializing...
LogosAPIConsumer: Informing module token for module: "storage_module" with token: "redacted:9a4c9654…"
RemoteTransportConnection: Requesting object: "capability_module" at "09:21:25.431"
[LogosObject] Created RemoteLogosObject wrapping QRemoteObjectReplica 105553183341888
LogosAPIClient: invoking remote method "modules_state" "apply_snapshot" args_count: 1
LogosAPIClient: getToken for module: "modules_state"
LogosAPIClient: Found token for module: "modules_state"
LogosAPIConsumer: Calling invokeRemoteMethod: "modules_state" "apply_snapshot" args_count: 1 timeout: 20000
[LogosObject] LogosAPIConsumer: calling via LogosObject::callMethod "apply_snapshot"
[LogosObject] RemoteLogosObject::callMethod "apply_snapshot" args: 1
[LogosObject] Created RemoteLogosObject wrapping QRemoteObjectReplica 105553183271104
LogosAPIClient: getToken for module: "modules_state"
LogosAPIClient: Found token for module: "modules_state"
[LogosObject] LogosAPIConsumer: async calling via LogosObject::callMethodAsync "note_transition"
[LogosObject] RemoteLogosObject::callMethodAsync "note_transition" args: 7
LogosAPIClient: getToken for module: "modules_state"
LogosAPIClient: Found token for module: "modules_state"
[LogosObject] LogosAPIConsumer: async calling via LogosObject::callMethodAsync "note_transition"
[LogosObject] RemoteLogosObject::callMethodAsync "note_transition" args: 7
[2026-10-07 09:21:25.439] [info] [logos] Pushed module snapshot to modules_state
LogosAPIClient: getToken for module: "modules_state"
LogosAPIClient: Found token for module: "modules_state"
[LogosObject] LogosAPIConsumer: async calling via LogosObject::callMethodAsync "note_transition"
[LogosObject] RemoteLogosObject::callMethodAsync "note_transition" args: 7
[LogosObject] RemoteTransportConnection: returning RemoteLogosObject for: "capability_module"
[LogosObject] Created RemoteLogosObject wrapping QRemoteObjectReplica 105553182885760
[LogosObject] LogosAPIConsumer: calling LogosObject::informModuleToken for "storage_module"
LogosAPIConsumer: informModuleToken completed with result: true
[LogosObject] Destroying RemoteLogosObject 0
[2026-10-07 09:21:25.439] [info] [logos] Module loaded: storage_module
RemoteTransportConnection: Connecting to registry: "local:logos_storage_module_d6dc046d1b50" at "09:21:25.439"
RemoteTransportConnection: Registry connect attempt started (no peer contact yet): "local:logos_storage_module_d6dc046d1b50"
RemoteTransportConnection: Connecting to registry: "local:logos_capability_module_d6dc046d1b50" at "09:21:25.439"
RemoteTransportConnection: Registry connect attempt started (no peer contact yet): "local:logos_capability_module_d6dc046d1b50"
LogosAPIConsumer: '"storage_module"::""' deferred pending the module becoming reachable
LogosAPIClient: getToken for module: "modules_state"
LogosAPIClient: Found token for module: "modules_state"
[LogosObject] LogosAPIConsumer: async calling via LogosObject::callMethodAsync "note_transition"
[LogosObject] RemoteLogosObject::callMethodAsync "note_transition" args: 7
Loaded dependency (with transitive deps): "storage_module"
DEV_QML_PATH override active: <repo>-depbump/src/qml/Main.qml
RemoteTransportConnection: Connecting to registry: "local:logos_capability_module_d6dc046d1b50" at "09:21:25.440"
RemoteTransportConnection: Registry connect attempt started (no peer contact yet): "local:logos_capability_module_d6dc046d1b50"
LogosAPIConsumer: Informing module token for module: "forum_module" with token: "redacted:174220aa…"
RemoteTransportConnection: Requesting object: "capability_module" at "09:21:25.440"
[LogosObject] RemoteTransportConnection: returning RemoteLogosObject for: "capability_module"
[LogosObject] Created RemoteLogosObject wrapping QRemoteObjectReplica 105553182887648
[LogosObject] LogosAPIConsumer: calling LogosObject::informModuleToken for "forum_module"
[LogosObject] Created RemoteLogosObject wrapping QRemoteObjectReplica 105553182886880
LogosAPIClient: getToken for module: "modules_state"
LogosAPIClient: Found token for module: "modules_state"
[LogosObject] LogosAPIConsumer: async calling via LogosObject::callMethodAsync "note_transition"
[LogosObject] RemoteLogosObject::callMethodAsync "note_transition" args: 7
LogosAPIConsumer: informModuleToken completed with result: true
[LogosObject] Destroying RemoteLogosObject 0
Loaded UI plugin: "/nix/store/fcjx57wbqm67d3sf9fshl21cwsmbllhn-logos-forum_module-plugin-dir"
[QmlInspector] Inspector server listening on port 3768
[QmlInspector] Client connected from "::ffff:127.0.0.1"
[2026-10-07 09:21:33.109] [warning] [logos] [capability_module] Warning: QObject::connect: No such signal ::eventResponse(QString,QVariantList)
[2026-10-07 09:21:33.109] [info] [logos] [delivery_module] DeliveryModuleImpl::getNodeInfo called with nodeInfoId: MyPeerId
[2026-10-07 09:21:33.109] [info] [logos] [delivery_module] DeliveryModuleImpl: Cannot get node info - context not initialized. Call createNode first.
[2026-10-07 09:21:33.110] [info] [logos] [delivery_module] DeliveryModuleImpl::createNode called
[2026-10-07 09:21:33.117] [info] [logos] [delivery_module] DeliveryModuleImpl: Waiting for createNode callback...
[2026-10-07 09:21:33.119] [out] [delivery_module] DBG 2026-10-07 09:21:33.118+02:00 Whether to mount storeSync is not specified, defaulting to not mounting topics="waku conf builder" tid=398107
[2026-10-07 09:21:33.119] [out] [delivery_module] NTC 2026-10-07 09:21:33.119+02:00 No node key provided, generated a new one; identity will not persist across restarts topics="waku conf builder" tid=398107
[2026-10-07 09:21:33.119] [out] [delivery_module] INF 2026-10-07 09:21:33.119+02:00 Sharding configuration:                    topics="waku conf builder" tid=398107 shardingConf="(kind: AutoSharding, numShardsInCluster: 8)" subscribeShards="@[0, 1, 2, 3, 4, 5, 6, 7]"
[2026-10-07 09:21:33.119] [out] [delivery_module] WRN 2026-10-07 09:21:33.119+02:00 configuration flag ignored                 topics="waku cli args" tid=398107 detail="--websocket-port is ignored: --websocket-support is not enabled"
[2026-10-07 09:21:33.120] [out] [delivery_module] INF 2026-10-07 09:21:33.120+02:00 Configuration: Enabled protocols           topics="waku conf" tid=398107 relay=true rlnRelay=false store=false filter=true lightPush=true peerExchange=true rendezvous=true
[2026-10-07 09:21:33.120] [out] [delivery_module] INF 2026-10-07 09:21:33.120+02:00 Configuration. Network                     topics="waku conf" tid=398107 cluster=3
[2026-10-07 09:21:33.120] [out] [delivery_module] DBG 2026-10-07 09:21:33.120+02:00 Configuration. Active Relay Shards         topics="waku conf" tid=398107 shard=0
[2026-10-07 09:21:33.120] [out] [delivery_module] DBG 2026-10-07 09:21:33.120+02:00 Configuration. Active Relay Shards         topics="waku conf" tid=398107 shard=1
[2026-10-07 09:21:33.120] [out] [delivery_module] DBG 2026-10-07 09:21:33.120+02:00 Configuration. Active Relay Shards         topics="waku conf" tid=398107 shard=2
[2026-10-07 09:21:33.120] [out] [delivery_module] DBG 2026-10-07 09:21:33.120+02:00 Configuration. Active Relay Shards         topics="waku conf" tid=398107 shard=3
[2026-10-07 09:21:33.120] [out] [delivery_module] DBG 2026-10-07 09:21:33.120+02:00 Configuration. Active Relay Shards         topics="waku conf" tid=398107 shard=4
[2026-10-07 09:21:33.120] [out] [delivery_module] DBG 2026-10-07 09:21:33.120+02:00 Configuration. Active Relay Shards         topics="waku conf" tid=398107 shard=5
[2026-10-07 09:21:33.120] [out] [delivery_module] DBG 2026-10-07 09:21:33.120+02:00 Configuration. Active Relay Shards         topics="waku conf" tid=398107 shard=6
[2026-10-07 09:21:33.120] [out] [delivery_module] DBG 2026-10-07 09:21:33.120+02:00 Configuration. Active Relay Shards         topics="waku conf" tid=398107 shard=7
[2026-10-07 09:21:33.120] [out] [delivery_module] INF 2026-10-07 09:21:33.120+02:00 Setting up storage                         tid=398107
[2026-10-07 09:21:33.120] [out] [delivery_module] INF 2026-10-07 09:21:33.120+02:00 Initializing node                          tid=398107
[2026-10-07 09:21:33.120] [out] [delivery_module] INF 2026-10-07 09:21:33.120+02:00 Setting up NATService                      topics="libp2p natservice" tid=398107 portMapping=true reachability=false holePunching=false
[2026-10-07 09:21:33.120] [out] [delivery_module] INF 2026-10-07 09:21:33.120+02:00 Initializing networking                    tid=398107 addrs="@[/ip4/0.0.0.0/tcp/0, /ip4/0.0.0.0/udp/0/quic-v1]"
[2026-10-07 09:21:33.120] [out] [delivery_module] INF 2026-10-07 09:21:33.120+02:00 Mounting protocols                         tid=398107
[2026-10-07 09:21:33.120] [out] [delivery_module] INF 2026-10-07 09:21:33.120+02:00 Created WakuMetadata protocol              topics="waku node" tid=398107 clusterId=3 shards="[0, 1, 2, 3, 4, 5, 6, 7]"
[2026-10-07 09:21:33.120] [out] [delivery_module] INF 2026-10-07 09:21:33.120+02:00 Mounting mix protocol                      topics="waku node" tid=398107INF 2026-10-07 09:21:33.120+02:00 node info                                  topics="waku node" tid=398107 wakuInfo="(listenAddresses: [/ip4/0.0.0.0/tcp/0/p2p/16Uiu2HAkurieEtZub9GmNQEvQQy6NGY6VQYWUe8USbJGe7YzP6aE, /ip4/0.0.0.0/udp/0/quic-v1/p2p/16Uiu2HAkurieEtZub9GmNQEvQQy6NGY6VQYWUe8USbJGe7YzP6aE], enrUri: enr:-JO4QLi7SpBjwonJgw4hohwVyRT9hltwflQP4OJuPeobh0hAPB723ZKRNqBPkfKOFDnKdSsL4F5xMGDyEEQdvyVW1ZMBgmlkgnY0gnJzkwADCAAAAAEAAgADAAQABQAGAAeJc2VjcDI1NmsxoQIGaof5auBmf88sNwfR9lB154nhmeKcEhl4_VG--Ldim4V3YWt1Mi0, mixPubKey: none())"
[2026-10-07 09:21:33.120] [out] [delivery_module]  nodeId="(listenAddresses: [/ip4/0.0.0.0/tcp/0/p2p/16Uiu2HAkurieEtZub9GmNQEvQQy6NGY6VQYWUe8USbJGe7YzP6aE, /ip4/0.0.0.0/udp/0/quic-v1/p2p/16Uiu2HAkurieEtZub9GmNQEvQQy6NGY6VQYWUe8USbJGe7YzP6aE], enrUri: enr:-JO4QLi7SpBjwonJgw4hohwVyRT9hltwflQP4OJuPeobh0hAPB723ZKRNqBPkfKOFDnKdSsL4F5xMGDyEEQdvyVW1ZMBgmlkgnY0gnJzkwADCAAAAAEAAgADAAQABQAGAAeJc2VjcDI1NmsxoQIGaof5auBmf88sNwfR9lB154nhmeKcEhl4_VG--Ldim4V3YWt1Mi0, mixPubKey: none())"
[2026-10-07 09:21:33.120] [out] [delivery_module] INF 2026-10-07 09:21:33.120+02:00 local addr                                 topics="waku node" tid=398107 localaddr=/ip4/0.0.0.0/tcp/0
[2026-10-07 09:21:33.120] [out] [delivery_module] INF 2026-10-07 09:21:33.120+02:00 mixPubKey                                  topics="waku node" tid=398107 mixPubKey="[65, 156, 5, 255, 164, 56, 42, 63, 32, 174, 82, 54, 79, 250, 25, 204, 230, 216, 202, 216, 105, 246, 218, 231, 96, 147, 24, 205, 10, 33, 173, 114]"
[2026-10-07 09:21:33.120] [out] [delivery_module] INF 2026-10-07 09:21:33.120+02:00 Using mix bootstrap nodes                  topics="waku mix" tid=398107 entries=0 poolSize=0
[2026-10-07 09:21:33.120] [out] [delivery_module] INF 2026-10-07 09:21:33.120+02:00 Mix cannot publish yet, waiting for more mix nodes topics="waku node" tid=398107 poolSize=0 required=4
[2026-10-07 09:21:33.121] [out] [delivery_module] INF 2026-10-07 09:21:33.121+02:00 mounting store client                      topics="waku node store api" tid=398107
[2026-10-07 09:21:33.121] [out] [delivery_module] INF 2026-10-07 09:21:33.121+02:00 Mounting auto sharding                     topics="waku node" tid=398107 clusterId=3 shardCount=8
[2026-10-07 09:21:33.121] [out] [delivery_module] DBG 2026-10-07 09:21:33.121+02:00 Setting max message size                   tid=398107 num_bytes=153600
[2026-10-07 09:21:33.121] [out] [delivery_module] INF 2026-10-07 09:21:33.121+02:00 mounting relay protocol                    topics="waku node relay api" tid=398107
[2026-10-07 09:21:33.121] [out] [delivery_module] DBG 2026-10-07 09:21:33.121+02:00 relay mounted successfully                 topics="waku node relay api" tid=398107
[2026-10-07 09:21:33.121] [out] [delivery_module] DBG 2026-10-07 09:21:33.121+02:00 Adding validator to signed shards          tid=398107 protectedShards=[] clusterId=3
[2026-10-07 09:21:33.121] [out] [delivery_module] INF 2026-10-07 09:21:33.121+02:00 Mounting rendezvous discovery protocol     topics="waku node" tid=398107
[2026-10-07 09:21:33.121] [out] [delivery_module] INF 2026-10-07 09:21:33.121+02:00 Waku rendezvous initialized                topics="waku node" tid=398107 clusterId=3 shards="[0, 1, 2, 3, 4, 5, 6, 7]" capabilities="[Relay, Filter, Lightpush, Mix]" wakuPeerRecord="(peerId: 16Uiu2...YzP6aE, seqNo: 1791357693, addresses: [/ip4/0.0.0.0/tcp/0, /ip4/0.0.0.0/udp/0/quic-v1], mixKey: 0x419c05ffa4382a3f20ae52364ffa19cce6d8cad869f6dae7609318cd0a21ad72)"
[2026-10-07 09:21:33.122] [out] [delivery_module] INF 2026-10-07 09:21:33.121+02:00 Mounting rendezvous client                 topics="waku node" tid=398107
[2026-10-07 09:21:33.122] [out] [delivery_module] INF 2026-10-07 09:21:33.122+02:00 Waku rendezvous client initialized         topics="waku node" tid=398107 clusterId=3
[2026-10-07 09:21:33.122] [out] [delivery_module] INF 2026-10-07 09:21:33.122+02:00 mounting libp2p ping protocol              topics="waku node ping api" tid=398107
[2026-10-07 09:21:33.122] [out] [delivery_module] INF 2026-10-07 09:21:33.122+02:00 No RLN backend configured; RLN is off      tid=398107
[2026-10-07 09:21:33.122] [out] [delivery_module] INF 2026-10-07 09:21:33.122+02:00 mounting light push                        topics="waku node lightpush api" tid=398107
[2026-10-07 09:21:33.122] [out] [delivery_module] INF 2026-10-07 09:21:33.122+02:00 mounting lightpush with relay              topics="waku node lightpush api" tid=398107
[2026-10-07 09:21:33.122] [out] [delivery_module] DBG 2026-10-07 09:21:33.122+02:00 lightpush mounted successfully             topics="waku node lightpush api" tid=398107
[2026-10-07 09:21:33.122] [out] [delivery_module] INF 2026-10-07 09:21:33.122+02:00 mounting legacy light push                 topics="waku node lightpush api" tid=398107
[2026-10-07 09:21:33.122] [out] [delivery_module] INF 2026-10-07 09:21:33.122+02:00 mounting legacy lightpush with relay       topics="waku node lightpush api" tid=398107
[2026-10-07 09:21:33.122] [out] [delivery_module] DBG 2026-10-07 09:21:33.122+02:00 legacy lightpush mounted successfully      topics="waku node lightpush api" tid=398107
[2026-10-07 09:21:33.122] [out] [delivery_module] INF 2026-10-07 09:21:33.122+02:00 mounting light push client                 topics="waku node lightpush api" tid=398107
[2026-10-07 09:21:33.122] [out] [delivery_module] INF 2026-10-07 09:21:33.122+02:00 mounting legacy light push client          topics="waku node lightpush api" tid=398107
[2026-10-07 09:21:33.122] [out] [delivery_module] INF 2026-10-07 09:21:33.122+02:00 mounting filter protocol                   topics="waku node filter api" tid=398107
[2026-10-07 09:21:33.122] [out] [delivery_module] INF 2026-10-07 09:21:33.122+02:00 Starting filter protocol                   topics="waku filter" tid=398107
[2026-10-07 09:21:33.122] [out] [delivery_module] DBG 2026-10-07 09:21:33.122+02:00 Starting to maintain subscriptions         topics="waku filter" tid=398107
[2026-10-07 09:21:33.122] [out] [delivery_module] DBG 2026-10-07 09:21:33.122+02:00 Maintaining subscriptions                  topics="waku filter" tid=398107
[2026-10-07 09:21:33.122] [out] [delivery_module] DBG 2026-10-07 09:21:33.122+02:00 Cleanup                                    topics="waku filter subscriptions" tid=398107 currentPeerIds=[]
[2026-10-07 09:21:33.122] [out] [delivery_module] DBG 2026-10-07 09:21:33.122+02:00 After cleanup                              topics="waku filter subscriptions" tid=398107 currentPeerIds=[]
[2026-10-07 09:21:33.122] [out] [delivery_module] INF 2026-10-07 09:21:33.122+02:00 mounting filter client                     topics="waku node filter api" tid=398107
[2026-10-07 09:21:33.122] [out] [delivery_module] INF 2026-10-07 09:21:33.122+02:00 mounting waku peer exchange                topics="waku node peerexchange api" tid=398107
[2026-10-07 09:21:33.122] [out] [delivery_module] INF 2026-10-07 09:21:33.122+02:00 mounting waku peer exchange client         topics="waku node peerexchange api" tid=398107
[2026-10-07 09:21:33.122] [out] [delivery_module] INF 2026-10-07 09:21:33.122+02:00 No external callbacks to be set            topics="wakunode waku" tid=398107
[2026-10-07 09:21:33.122] [out] [delivery_module] INF 2026-10-07 09:21:33.122+02:00 Setting up AutonatService                  topics="libp2p autonatservice" tid=398107
[2026-10-07 09:21:33.122] [out] [delivery_module] INF 2026-10-07 09:21:33.122+02:00 Messaging API settings                     topics="logosdelivery" tid=398107 reliability=true anonymityLevel=Required rateLimitEnabled=false rateLimitEpochPeriodSec=600 rateLimitMessagesPerEpoch=1 maxParkedAgeSec=1800 sendQueueCapacity=1000 backfillEnabled=true backfillRequestTimeout=10s
[2026-10-07 09:21:33.122] [info] [logos] [delivery_module] DeliveryModuleImpl::createNode callback called with ret: 0
[2026-10-07 09:21:33.124] [info] [logos] [delivery_module] DeliveryModuleImpl: Delivery context created successfully
[2026-10-07 09:21:33.124] [info] [logos] [delivery_module] DeliveryModuleImpl::start called
[2026-10-07 09:21:33.124] [out] [delivery_module] INF 2026-10-07 09:21:33.124+02:00 Retrieve dynamic bootstrap nodes           topics="wakunode waku" tid=398107
[2026-10-07 09:21:33.124] [out] [delivery_module] INF 2026-10-07 09:21:33.124+02:00 Running nwaku node                         tid=398107 version=v0.39.0-g3a478e
[2026-10-07 09:21:33.124] [out] [delivery_module] INF 2026-10-07 09:21:33.124+02:00 Starting Waku node                         topics="waku node" tid=398107 version=v0.39.0-g3a478e
[2026-10-07 09:21:33.124] [out] [delivery_module] DBG 2026-10-07 09:21:33.124+02:00 Waku rendezvous periodic requests started  topics="waku rendezvous client" tid=398107 interval=10s
[2026-10-07 09:21:33.124] [out] [delivery_module] INF 2026-10-07 09:21:33.124+02:00 Waku rendezvous client started             topics="waku rendezvous client" tid=398107
[2026-10-07 09:21:33.124] [info] [logos] [delivery_module] DeliveryModuleImpl::getNodeInfo called with nodeInfoId: MyPeerId
[2026-10-07 09:21:33.124] [out] [delivery_module] INF 2026-10-07 09:21:33.124+02:00 Starting switch for peer                   topics="libp2p switch" tid=398107 peerInfo="(peerId: 16Uiu2HAkurieEtZub9GmNQEvQQy6NGY6VQYWUe8USbJGe7YzP6aE, listenAddrs: [/ip4/0.0.0.0/tcp/0, /ip4/0.0.0.0/udp/0/quic-v1], addrs: [], protocols: [/ipfs/id/1.0.0, /libp2p/autonat/1.0.0, /libp2p/circuit/relay/0.2.0/hop, /vac/waku/metadata/1.0.0, /mix/1.0.0, /logos/service-discovery/1.0.0, /vac/waku/relay/2.0.0, /vac/waku/rendezvous/1.0.0, /ipfs/ping/1.0.0, /vac/waku/lightpush/3.0.0, /vac/waku/lightpush/2.0.0-beta1, /vac/waku/filter-subscribe/2.0.0-beta1, /vac/waku/filter-push/2.0.0-beta1, /vac/waku/peer-exchange/2.0.0-alpha1], protoVersion: ipfs/0.1.0, agentVersion: logos-delivery-v0.39.0-g3a478e)"
[2026-10-07 09:21:33.124] [out] [delivery_module] INF 2026-10-07 09:21:33.124+02:00 Starting NATService                        topics="libp2p natservice" tid=398107
[2026-10-07 09:21:33.124] [out] [delivery_module] INF 2026-10-07 09:21:33.124+02:00 Running AutonatService                     topics="libp2p autonatservice" tid=398107
[2026-10-07 09:21:33.126] [out] [delivery_module] DBG 2026-10-07 09:21:33.126+02:00 No private listen addresses to map; releasing any prior mappings topics="libp2p natservice" tid=398107
[2026-10-07 09:21:33.126] [out] [delivery_module] INF 2026-10-07 09:21:33.126+02:00 Starting TCP transport                     topics="libp2p tcptransport" tid=398107
[2026-10-07 09:21:33.126] [out] [delivery_module] INF 2026-10-07 09:21:33.126+02:00 Transport starting                         topics="libp2p transport" tid=398107 addresses=[/ip4/0.0.0.0/tcp/54220]
[2026-10-07 09:21:33.127] [out] [delivery_module] DBG 2026-10-07 09:21:33.127+02:00 Configured QUIC UDP receive buffer         tid=398107 requestedBytes=8388608 effectiveBytes=8388608
[2026-10-07 09:21:33.127] [out] [delivery_module] INF 2026-10-07 09:21:33.127+02:00 Transport starting                         topics="libp2p transport" tid=398107 addresses=[/ip4/0.0.0.0/udp/57989/quic-v1]
[2026-10-07 09:21:33.127] [out] [delivery_module] DBG 2026-10-07 09:21:33.127+02:00 Transport connection acceptance started    topics="libp2p switch" tid=398107
[2026-10-07 09:21:33.127] [out] [delivery_module] DBG 2026-10-07 09:21:33.127+02:00 Transport connection acceptance started    topics="libp2p switch" tid=398107
[2026-10-07 09:21:33.128] [info] [logos] [delivery_module] DeliveryModuleImpl::subscribe called with contentTopic: /lp0026forum/1/general/text
[2026-10-07 09:21:33.128] [out] [delivery_module] DBG 2026-10-07 09:21:33.128+02:00 Subscribing to pubsub topic                topics="waku relay" tid=398107 pubsubTopic=/waku/2/rs/3/7
[2026-10-07 09:21:33.128] [info] [logos] [delivery_module] DeliveryModuleImpl: Subscribe completed for topic: /lp0026forum/1/general/text with success
[2026-10-07 09:21:33.131] [out] [delivery_module] INF 2026-10-07 09:21:33.131+02:00 Using mix bootstrap nodes                  topics="waku mix" tid=398107 entries=1 poolSize=1
[2026-10-07 09:21:33.131] [out] [delivery_module] INF 2026-10-07 09:21:33.131+02:00 Using mix bootstrap nodes                  topics="waku mix" tid=398107 entries=1 poolSize=2
[2026-10-07 09:21:33.131] [out] [delivery_module] INF 2026-10-07 09:21:33.131+02:00 Using mix bootstrap nodes                  topics="waku mix" tid=398107 entries=1 poolSize=3
[2026-10-07 09:21:34.129] [out] [delivery_module] WRN 2026-10-07 09:21:34.129+02:00 NAT port mapping failed                    topics="libp2p natservice" tid=398107 port=54220 protocol=mpTcp err="plum: mapping 0 failed"
[2026-10-07 09:21:36.132] [out] [delivery_module] WRN 2026-10-07 09:21:36.132+02:00 NAT port mapping failed                    topics="libp2p natservice" tid=398107 port=57989 protocol=mpUdp err="plum: mapping 0 failed"
[2026-10-07 09:21:36.132] [out] [delivery_module] INF 2026-10-07 09:21:36.132+02:00 Mix self hop set                           topics="waku node" tid=398107 hop=/ip4/172.16.34.89/tcp/54220 before=/ip4/0.0.0.0/tcp/0
[2026-10-07 09:21:36.133] [out] [delivery_module] DBG 2026-10-07 09:21:36.133+02:00 ENR addresses updated                      topics="waku enr" tid=398107 retained=0 total=0
[2026-10-07 09:21:36.133] [out] [delivery_module] DBG 2026-10-07 09:21:36.133+02:00 Peer dial started                          topics="libp2p dialer" tid=398107 peerId=16Uiu2...VpJprH addresses=[/dns4/delivery-02.do-ams3.logos.dev.status.im/tcp/30303]
[2026-10-07 09:21:36.133] [out] [delivery_module] DBG 2026-10-07 09:21:36.133+02:00 Peer dial started                          topics="libp2p dialer" tid=398107 peerId=16Uiu2...P1S397 addresses=[/dns4/delivery-01.gc-us-central1-a.logos.dev.status.im/tcp/30303]
[2026-10-07 09:21:36.133] [out] [delivery_module] DBG 2026-10-07 09:21:36.133+02:00 Peer dial started                          topics="libp2p dialer" tid=398107 peerId=16Uiu2...T3UNSE addresses="[/ip4/43.99.103.10/tcp/30303, /dns4/delivery-02.ac-cn-hongkong-c.logos.dev.status.im/tcp/30303]"
[2026-10-07 09:21:36.134] [out] [delivery_module] DBG 2026-10-07 09:21:36.134+02:00 Peer dial started                          topics="libp2p dialer" tid=398107 peerId=16Uiu2...kGyuEP addresses=[/dns4/delivery-01.ac-cn-hongkong-c.logos.dev.status.im/tcp/30303]
[2026-10-07 09:21:36.134] [out] [delivery_module] DBG 2026-10-07 09:21:36.134+02:00 Peer dial started                          topics="libp2p dialer" tid=398107 peerId=16Uiu2...NSkuby addresses="[/ip4/138.68.122.137/tcp/30303, /dns4/delivery-01.do-ams3.logos.dev.status.im/tcp/30303]"
[2026-10-07 09:21:36.134] [out] [delivery_module] DBG 2026-10-07 09:21:36.134+02:00 Peer dial started                          topics="libp2p dialer" tid=398107 peerId=16Uiu2...TwqBiH addresses="[/ip4/34.123.201.25/tcp/30303, /dns4/delivery-02.gc-us-central1-a.logos.dev.status.im/tcp/30303]"
[2026-10-07 09:21:36.135] [out] [delivery_module] INF 2026-10-07 09:21:36.135+02:00 Kademlia DHT started                       topics="kad-dht" tid=398107
[2026-10-07 09:21:36.135] [out] [delivery_module] DBG 2026-10-07 09:21:36.135+02:00 Publishing Signed XPR                      topics="service-discovery" tid=398107 xpr="(envelope: (publicKey: secp256k1 key (04066a87f96ae0667fcf2c3707d1f65075e789e199e29c121978fd51bef8b7629b451bba89fae2072cb7e66d9356844b2a27b88327394a7a263771cde295c0ecd2), payloadType: @[3, 1], payload: @[10, 39, 0, 37, 8, 2, 18, 33, 2, 6, 106, 135, 249, 106, 224, 102, 127, 207, 44, 55, 7, 209, 246, 80, 117, 231, 137, 225, 153, 226, 156, 18, 25, 120, 253, 81, 190, 248, 183, 98, 155, 16, 144, 138, 1, 26, 10, 10, 8, 4, 172, 16, 34, 89, 6, 211, 204, 26, 13, 10, 11, 4, 172, 16, 34, 89, 145, 2, 226, 133, 205, 3], signature: 304402202484BBECDD87C4A1EB55C639682AC99E52BB2FDDC8A85946D9F796B513ED4E390220418A5167B2ABD18C0E0545EC8D21AF8C62D9DC4D1648FAEEB8526D86BE631683), data: (peerId: 16Uiu2HAkurieEtZub9GmNQEvQQy6NGY6VQYWUe8USbJGe7YzP6aE, seqNo: 17680, addresses: @[(address: /ip4/172.16.34.89/tcp/54220), (address: /ip4/172.16.34.89/udp/57989/quic-v1)], services: @[]))"
[2026-10-07 09:21:36.135] [out] [delivery_module] INF 2026-10-07 09:21:36.135+02:00 Service Discovery started                  topics="service-discovery" tid=398107
[2026-10-07 09:21:36.135] [out] [delivery_module] INF 2026-10-07 09:21:36.135+02:00 start                                      topics="waku relay" tid=398107
[2026-10-07 09:21:36.135] [out] [delivery_module] INF 2026-10-07 09:21:36.135+02:00 gossipsub start                            topics="libp2p gossipsub" tid=398107
[2026-10-07 09:21:36.135] [out] [delivery_module] DBG 2026-10-07 09:21:36.135+02:00 No mesh peer for the given pubsub topic    topics="waku relay" tid=398107 pubsubTopic=/waku/2/rs/3/7
[2026-10-07 09:21:36.135] [out] [delivery_module] DBG 2026-10-07 09:21:36.135+02:00 Waku rendezvous periodic registration started topics="waku rendezvous" tid=398107 interval=10s
[2026-10-07 09:21:36.135] [out] [delivery_module] INF 2026-10-07 09:21:36.135+02:00 Waku rendezvous discovery started          topics="waku rendezvous" tid=398107
[2026-10-07 09:21:36.135] [out] [delivery_module] INF 2026-10-07 09:21:36.135+02:00 Started libp2p node                        topics="libp2p switch" tid=398107 peerId="(peerId: 16Uiu2HAkurieEtZub9GmNQEvQQy6NGY6VQYWUe8USbJGe7YzP6aE, listenAddrs: [/ip4/0.0.0.0/tcp/54220, /ip4/0.0.0.0/udp/57989/quic-v1], addrs: [/ip4/172.16.34.89/tcp/54220, /ip4/172.16.34.89/udp/57989/quic-v1], protocols: [/ipfs/id/1.0.0, /libp2p/autonat/1.0.0, /libp2p/circuit/relay/0.2.0/hop, /vac/waku/metadata/1.0.0, /mix/1.0.0, /logos/service-discovery/1.0.0, /vac/waku/relay/2.0.0, /vac/waku/rendezvous/1.0.0, /ipfs/ping/1.0.0, /vac/waku/lightpush/3.0.0, /vac/waku/lightpush/2.0.0-beta1, /vac/waku/filter-subscribe/2.0.0-beta1, /vac/waku/filter-push/2.0.0-beta1, /vac/waku/peer-exchange/2.0.0-alpha1], protoVersion: ipfs/0.1.0, agentVersion: logos-delivery-v0.39.0-g3a478e)"
[2026-10-07 09:21:36.135] [out] [delivery_module] DBG 2026-10-07 09:21:36.135+02:00 ENR addresses updated                      topics="waku enr" tid=398107 retained=0 total=0
[2026-10-07 09:21:36.135] [out] [delivery_module] INF 2026-10-07 09:21:36.135+02:00 Announced addresses resolved               topics="waku node" tid=398107 addrs="@[/ip4/172.16.34.89/tcp/54220, /ip4/172.16.34.89/udp/57989/quic-v1]"
[2026-10-07 09:21:36.135] [out] [delivery_module] INF 2026-10-07 09:21:36.135+02:00 Random kademlia lookups disabled           topics="waku service discovery" tid=398107
[2026-10-07 09:21:36.135] [out] [delivery_module] DBG 2026-10-07 09:21:36.135+02:00 Periodic service lookup started            topics="waku service discovery" tid=398107 interval=1m services={}
[2026-10-07 09:21:36.135] [out] [delivery_module] INF 2026-10-07 09:21:36.135+02:00 Kademlia discovery started                 topics="waku service discovery" tid=398107
[2026-10-07 09:21:36.136] [out] [delivery_module] INF 2026-10-07 09:21:36.135+02:00 Discovery ENR initialized                  topics="eth p2p discv5" tid=398107 enrAutoUpdate=false seqNum=4 ip=none() tcpPort=none() udpPort=none() customEnrFields=@[] uri=enr:-Ka4QCN9DcZBzUYPV-ZGWp9ujW-L68UvetbvRk_0EzvFnbIpD0Yo8Zlsfq-VfDXlon_JM-fgQ6tw1BpXuqZbcOu2GCgEgmlkgnY0im11bHRpYWRkcnOAgnJzkwADCAAAAAEAAgADAAQABQAGAAeJc2VjcDI1NmsxoQIGaof5auBmf88sNwfR9lB154nhmeKcEhl4_VG--Ldim4N0Y3CC08yFd2FrdTIt
[2026-10-07 09:21:36.136] [out] [delivery_module] WRN 2026-10-07 09:21:36.135+02:00 No external IP provided for the ENR, this node will not be discoverable topics="eth p2p discv5" tid=398107
[2026-10-07 09:21:36.136] [out] [delivery_module] DBG 2026-10-07 09:21:36.136+02:00 peer filtering updated                     topics="waku discv5" tid=398107
[2026-10-07 09:21:36.136] [out] [delivery_module] INF 2026-10-07 09:21:36.136+02:00 Starting discovery v5 service              topics="waku discv5" tid=398107
[2026-10-07 09:21:36.136] [out] [delivery_module] INF 2026-10-07 09:21:36.136+02:00 Start listening on udp port                topics="waku discv5" tid=398107 address=0.0.0.0 port=55461
[2026-10-07 09:21:36.136] [out] [delivery_module] INF 2026-10-07 09:21:36.136+02:00 Starting discovery node                    topics="eth p2p discv5" tid=398107 node=d5*223ac3:unaddressable bindAddress=0.0.0.0:55461
[2026-10-07 09:21:36.136] [out] [delivery_module] DBG 2026-10-07 09:21:36.136+02:00 Total nodes in routing table after populate topics="eth p2p discv5" tid=398107 total=0
[2026-10-07 09:21:36.136] [out] [delivery_module] DBG 2026-10-07 09:21:36.136+02:00 Starting discovery v5 search               topics="waku discv5" tid=398107
[2026-10-07 09:21:36.136] [out] [delivery_module] DBG 2026-10-07 09:21:36.136+02:00 Successfully started discovery v5 service  topics="waku discv5" tid=398107
[2026-10-07 09:21:36.136] [out] [delivery_module] INF 2026-10-07 09:21:36.136+02:00 Discv5: discoverable ENR                   topics="waku discv5" tid=398107 enrUri=enr:-Ka4QCN9DcZBzUYPV-ZGWp9ujW-L68UvetbvRk_0EzvFnbIpD0Yo8Zlsfq-VfDXlon_JM-fgQ6tw1BpXuqZbcOu2GCgEgmlkgnY0im11bHRpYWRkcnOAgnJzkwADCAAAAAEAAgADAAQABQAGAAeJc2VjcDI1NmsxoQIGaof5auBmf88sNwfR9lB154nhmeKcEhl4_VG--Ldim4N0Y3CC08yFd2FrdTIt enr="(4, id: \"v4\", multiaddrs: 0x, rs: 0x00030800000001000200030004000500060007, secp256k1: 0x02066A87F96AE0667FCF2C3707D1F65075E789E199E29C121978FD51BEF8B7629B, tcp: 54220, waku2: 0x2D)"
[2026-10-07 09:21:36.136] [out] [delivery_module] INF 2026-10-07 09:21:36.136+02:00 Node started successfully                  topics="waku node" tid=398107
[2026-10-07 09:21:36.136] [out] [delivery_module] DBG 2026-10-07 09:21:36.136+02:00 Dialing multiple peers                     tid=398107 numOfPeers=6 nodes="@[\"/dns4/delivery-01.do-ams3.logos.dev.status.im/tcp/30303/p2p/16Uiu2HAmTUbnxLGT9JvV6mu9oPyDjqHK4Phs1VDJNUgESgNSkuby\", \"/dns4/delivery-02.do-ams3.logos.dev.status.im/tcp/30303/p2p/16Uiu2HAmMK7PYygBtKUQ8EHp7EfaD3bCEsJrkFooK8RQ2PVpJprH\", \"/dns4/delivery-01.gc-us-central1-a.logos.dev.status.im/tcp/30303/p2p/16Uiu2HAm4S1JYkuzDKLKQvwgAhZKs9otxXqt8SCGtB4hoJP1S397\", \"/dns4/delivery-02.gc-us-central1-a.logos.dev.status.im/tcp/30303/p2p/16Uiu2HAm8Y9kgBNtjxvCnf1X6gnZJW5EGE4UwwCL3CCm55TwqBiH\", \"/dns4/delivery-01.ac-cn-hongkong-c.logos.dev.status.im/tcp/30303/p2p/16Uiu2HAm8YokiNun9BkeA1ZRmhLbtNUvcwRr64F69tYj9fkGyuEP\", \"/dns4/delivery-02.ac-cn-hongkong-c.logos.dev.status.im/tcp/30303/p2p/16Uiu2HAkvwhGHKNry6LACrB8TmEFoCJKEX29XR5dDUzk3UT3UNSE\"]"
[2026-10-07 09:21:36.137] [out] [delivery_module] INF 2026-10-07 09:21:36.137+02:00 Using mix bootstrap nodes                  topics="waku mix" tid=398107 entries=1 poolSize=4
[2026-10-07 09:21:36.227] [out] [delivery_module] DBG 2026-10-07 09:21:36.227+02:00 created new pubsub peer                    topics="libp2p pubsub" tid=398107 peerId=16Uiu2...VpJprH
[2026-10-07 09:21:36.227] [out] [delivery_module] DBG 2026-10-07 09:21:36.227+02:00 no listener registered                     tid=398108 event=onConnectionChange
[2026-10-07 09:21:36.231] [out] [delivery_module] DBG 2026-10-07 09:21:36.231+02:00 no listener registered                     tid=398108 event=onConnectionChange
[2026-10-07 09:21:36.231] [out] [delivery_module] DBG 2026-10-07 09:21:36.231+02:00 created new pubsub peer                    topics="libp2p pubsub" tid=398107 peerId=16Uiu2...NSkuby
[2026-10-07 09:21:36.231] [out] [delivery_module] DBG 2026-10-07 09:21:36.231+02:00 Incoming WakuRelay connection              topics="waku relay" tid=398107 connection=16Uiu2...VpJprH:6ac5f3000296c2101e7e8e95 protocol=/vac/waku/relay/2.0.0
[2026-10-07 09:21:36.235] [out] [delivery_module] DBG 2026-10-07 09:21:36.235+02:00 Incoming WakuRelay connection              topics="waku relay" tid=398107 connection=16Uiu2...NSkuby:6ac5f3000296c2101e7e8e99 protocol=/vac/waku/relay/2.0.0
[2026-10-07 09:21:36.285] [out] [delivery_module] DBG 2026-10-07 09:21:36.285+02:00 Event identified                           topics="waku node peer_manager" tid=398107 peerId=16Uiu2...VpJprH
[2026-10-07 09:21:36.285] [out] [delivery_module] DBG 2026-10-07 09:21:36.285+02:00 no listener registered                     tid=398108 event=onConnectionChange
[2026-10-07 09:21:36.307] [out] [delivery_module] DBG 2026-10-07 09:21:36.307+02:00 Event identified                           topics="waku node peer_manager" tid=398107 peerId=16Uiu2...NSkuby
[2026-10-07 09:21:36.307] [out] [delivery_module] DBG 2026-10-07 09:21:36.307+02:00 no listener registered                     tid=398108 event=onConnectionChange
[2026-10-07 09:21:36.309] [out] [delivery_module] DBG 2026-10-07 09:21:36.309+02:00 no listener registered                     tid=398108 event=onTopicHealthChange
[2026-10-07 09:21:36.311] [out] [delivery_module] DBG 2026-10-07 09:21:36.311+02:00 Received WakuMetadata request              topics="waku metadata" tid=398107 remoteClusterId=ok(3) remoteShards="[5, 0, 2, 1, 4, 7, 3, 6]" localClusterId=3 localShards="[7]" peer=16Uiu2...VpJprH
[2026-10-07 09:21:36.330] [out] [delivery_module] DBG 2026-10-07 09:21:36.330+02:00 no listener registered                     tid=398108 event=onConnectionChange
[2026-10-07 09:21:36.335] [out] [delivery_module] DBG 2026-10-07 09:21:36.335+02:00 Received WakuMetadata request              topics="waku metadata" tid=398107 remoteClusterId=ok(3) remoteShards="[5, 0, 2, 1, 4, 7, 3, 6]" localClusterId=3 localShards="[7]" peer=16Uiu2...NSkuby
[2026-10-07 09:21:36.410] [out] [delivery_module] DBG 2026-10-07 09:21:36.410+02:00 No mesh peer for the given pubsub topic    topics="waku relay" tid=398107 pubsubTopic=/waku/2/rs/3/7
[2026-10-07 09:21:36.410] [out] [delivery_module] DBG 2026-10-07 09:21:36.410+02:00 no listener registered                     tid=398108 event=onTopicHealthChange
[2026-10-07 09:21:36.433] [out] [delivery_module] DBG 2026-10-07 09:21:36.433+02:00 no listener registered                     tid=398108 event=onConnectionChange
[2026-10-07 09:21:36.462] [out] [delivery_module] DBG 2026-10-07 09:21:36.462+02:00 Peer dial started                          topics="libp2p dialer" tid=398107 peerId=16Uiu2...7ZEp3L addresses="[/ip4/192.168.1.3/udp/56395/quic-v1, /ip4/192.168.1.3/tcp/49737]"
[2026-10-07 09:21:36.463] [out] [delivery_module] DBG 2026-10-07 09:21:36.463+02:00 New connection established: client         tid=398107
[2026-10-07 09:21:36.463] [out] [delivery_module] DBG 2026-10-07 09:21:36.463+02:00 Peer dial started                          topics="libp2p dialer" tid=398107 peerId=16Uiu2...4d95cy addresses="[/ip4/172.16.34.89/udp/55573/quic-v1, /ip4/172.16.34.89/tcp/54112]"
[2026-10-07 09:21:36.464] [out] [delivery_module] DBG 2026-10-07 09:21:36.464+02:00 New connection established: client         tid=398107
[2026-10-07 09:21:36.465] [out] [delivery_module] DBG 2026-10-07 09:21:36.465+02:00 Peer dial started                          topics="libp2p dialer" tid=398107 peerId=16Uiu2...k3v1b3 addresses="[/ip4/10.16.8.125/udp/55890/quic-v1, /ip4/10.16.8.125/tcp/49352]"
[2026-10-07 09:21:36.465] [out] [delivery_module] DBG 2026-10-07 09:21:36.465+02:00 New connection established: client         tid=398107
[2026-10-07 09:21:36.467] [out] [delivery_module] DBG 2026-10-07 09:21:36.467+02:00 Peer dial started                          topics="libp2p dialer" tid=398107 peerId=16Uiu2...2FWeUS addresses=[/ip4/173.42.114.210/tcp/43243]
[2026-10-07 09:21:36.467] [out] [delivery_module] DBG 2026-10-07 09:21:36.467+02:00 Peer dial started                          topics="libp2p dialer" tid=398107 peerId=16Uiu2...yWaRuc addresses="[/ip4/172.16.34.89/udp/60946/quic-v1, /ip4/172.16.34.89/tcp/53686]"
[2026-10-07 09:21:36.467] [out] [delivery_module] DBG 2026-10-07 09:21:36.467+02:00 New connection established: client         tid=398107
[2026-10-07 09:21:36.468] [out] [delivery_module] DBG 2026-10-07 09:21:36.468+02:00 Peer dial started                          topics="libp2p dialer" tid=398107 peerId=16Uiu2...p34zJM addresses="[/ip4/172.16.34.89/udp/64446/quic-v1, /ip4/172.16.34.89/tcp/53956]"
[2026-10-07 09:21:36.468] [out] [delivery_module] DBG 2026-10-07 09:21:36.468+02:00 New connection established: client         tid=398107
[2026-10-07 09:21:36.470] [out] [delivery_module] DBG 2026-10-07 09:21:36.470+02:00 Peer dial started                          topics="libp2p dialer" tid=398107 peerId=16Uiu2...CKtDKK addresses=[/ip4/173.42.114.210/tcp/37945]
[2026-10-07 09:21:36.470] [out] [delivery_module] DBG 2026-10-07 09:21:36.470+02:00 Peer dial started                          topics="libp2p dialer" tid=398107 peerId=16Uiu2...Vewv1Y addresses="[/ip4/172.16.34.89/udp/61772/quic-v1, /ip4/172.16.34.89/tcp/53985]"
[2026-10-07 09:21:36.470] [out] [delivery_module] DBG 2026-10-07 09:21:36.470+02:00 New connection established: client         tid=398107
[2026-10-07 09:21:36.472] [out] [delivery_module] DBG 2026-10-07 09:21:36.472+02:00 Peer dial started                          topics="libp2p dialer" tid=398107 peerId=16Uiu2...jQfE1X addresses=[/ip4/173.42.114.210/tcp/34927]
[2026-10-07 09:21:36.474] [out] [delivery_module] DBG 2026-10-07 09:21:36.474+02:00 Peer dial started                          topics="libp2p dialer" tid=398107 peerId=16Uiu2...jqCixh addresses=[/ip4/173.42.114.210/tcp/37219]
[2026-10-07 09:21:36.474] [out] [delivery_module] DBG 2026-10-07 09:21:36.474+02:00 Peer dial started                          topics="libp2p dialer" tid=398107 peerId=16Uiu2...oXrMK4 addresses="[/ip4/172.16.34.89/udp/56480/quic-v1, /ip4/172.16.34.89/tcp/53957]"
[2026-10-07 09:21:36.474] [out] [delivery_module] DBG 2026-10-07 09:21:36.474+02:00 New connection established: client         tid=398107
[2026-10-07 09:21:36.477] [out] [delivery_module] DBG 2026-10-07 09:21:36.477+02:00 Handshake done                             tid=398107 status=1
[2026-10-07 09:21:36.478] [out] [delivery_module] DBG 2026-10-07 09:21:36.478+02:00 created new pubsub peer                    topics="libp2p pubsub" tid=398107 peerId=16Uiu2...yWaRuc
[2026-10-07 09:21:36.478] [out] [delivery_module] DBG 2026-10-07 09:21:36.478+02:00 no listener registered                     tid=398108 event=onConnectionChange
[2026-10-07 09:21:36.478] [out] [delivery_module] DBG 2026-10-07 09:21:36.478+02:00 Creating stream                            tid=398107
[2026-10-07 09:21:36.478] [out] [delivery_module] DBG 2026-10-07 09:21:36.478+02:00 New stream created                         tid=398107
[2026-10-07 09:21:36.478] [out] [delivery_module] DBG 2026-10-07 09:21:36.478+02:00 Creating stream                            tid=398107
[2026-10-07 09:21:36.478] [out] [delivery_module] DBG 2026-10-07 09:21:36.478+02:00 New stream created                         tid=398107
[2026-10-07 09:21:36.479] [out] [delivery_module] DBG 2026-10-07 09:21:36.479+02:00 New stream created                         tid=398107
[2026-10-07 09:21:36.504] [out] [delivery_module] DBG 2026-10-07 09:21:36.504+02:00 Incoming WakuRelay connection              topics="waku relay" tid=398107 connection=16Uiu2...yWaRuc:6ac5f3000296c2101e7e8ea9 protocol=/vac/waku/relay/2.0.0
[2026-10-07 09:21:36.504] [out] [delivery_module] DBG 2026-10-07 09:21:36.504+02:00 New stream created                         tid=398107
[2026-10-07 09:21:36.505] [out] [delivery_module] DBG 2026-10-07 09:21:36.505+02:00 Event identified                           topics="waku node peer_manager" tid=398107 peerId=16Uiu2...yWaRuc
[2026-10-07 09:21:36.505] [out] [delivery_module] DBG 2026-10-07 09:21:36.505+02:00 Creating stream                            tid=398107
[2026-10-07 09:21:36.505] [out] [delivery_module] DBG 2026-10-07 09:21:36.505+02:00 New stream created                         tid=398107
[2026-10-07 09:21:36.505] [out] [delivery_module] DBG 2026-10-07 09:21:36.505+02:00 no listener registered                     tid=398108 event=onConnectionChange
[2026-10-07 09:21:36.506] [out] [delivery_module] DBG 2026-10-07 09:21:36.506+02:00 New stream created                         tid=398107
[2026-10-07 09:21:36.509] [out] [delivery_module] DBG 2026-10-07 09:21:36.509+02:00 Received WakuMetadata request              topics="waku metadata" tid=398107 remoteClusterId=ok(3) remoteShards="[5, 0, 2, 1, 4, 7, 3, 6]" localClusterId=3 localShards="[7]" peer=16Uiu2...yWaRuc
[2026-10-07 09:21:36.509] [out] [delivery_module] DBG 2026-10-07 09:21:36.509+02:00 no listener registered                     tid=398108 event=onConnectionChange
[2026-10-07 09:21:36.509] [out] [delivery_module] DBG 2026-10-07 09:21:36.509+02:00 Creating stream                            tid=398107
[2026-10-07 09:21:36.510] [out] [delivery_module] DBG 2026-10-07 09:21:36.509+02:00 New stream created                         tid=398107
[2026-10-07 09:21:36.511] [out] [delivery_module] DBG 2026-10-07 09:21:36.511+02:00 New stream created                         tid=398107
[2026-10-07 09:21:36.690] [out] [delivery_module] DBG 2026-10-07 09:21:36.690+02:00 created new pubsub peer                    topics="libp2p pubsub" tid=398107 peerId=16Uiu2...TwqBiH
[2026-10-07 09:21:36.690] [out] [delivery_module] DBG 2026-10-07 09:21:36.690+02:00 no listener registered                     tid=398108 event=onConnectionChange
[2026-10-07 09:21:36.691] [out] [delivery_module] DBG 2026-10-07 09:21:36.691+02:00 Incoming WakuRelay connection              topics="waku relay" tid=398107 connection=16Uiu2...TwqBiH:6ac5f3000296c2101e7e8eb6 protocol=/vac/waku/relay/2.0.0
[2026-10-07 09:21:36.698] [out] [delivery_module] DBG 2026-10-07 09:21:36.698+02:00 created new pubsub peer                    topics="libp2p pubsub" tid=398107 peerId=16Uiu2...P1S397
[2026-10-07 09:21:36.698] [out] [delivery_module] DBG 2026-10-07 09:21:36.698+02:00 no listener registered                     tid=398108 event=onConnectionChange
[2026-10-07 09:21:36.703] [out] [delivery_module] DBG 2026-10-07 09:21:36.703+02:00 Incoming WakuRelay connection              topics="waku relay" tid=398107 connection=16Uiu2...P1S397:6ac5f3000296c2101e7e8ebc protocol=/vac/waku/relay/2.0.0
[2026-10-07 09:21:36.823] [out] [delivery_module] DBG 2026-10-07 09:21:36.823+02:00 Event identified                           topics="waku node peer_manager" tid=398107 peerId=16Uiu2...TwqBiH
[2026-10-07 09:21:36.823] [out] [delivery_module] DBG 2026-10-07 09:21:36.823+02:00 no listener registered                     tid=398108 event=onConnectionChange
[2026-10-07 09:21:36.837] [out] [delivery_module] DBG 2026-10-07 09:21:36.837+02:00 Event identified                           topics="waku node peer_manager" tid=398107 peerId=16Uiu2...P1S397
[2026-10-07 09:21:36.838] [out] [delivery_module] DBG 2026-10-07 09:21:36.837+02:00 no listener registered                     tid=398108 event=onConnectionChange
[2026-10-07 09:21:36.957] [out] [delivery_module] DBG 2026-10-07 09:21:36.957+02:00 created new pubsub peer                    topics="libp2p pubsub" tid=398107 peerId=16Uiu2...CKtDKK
[2026-10-07 09:21:36.957] [out] [delivery_module] DBG 2026-10-07 09:21:36.957+02:00 no listener registered                     tid=398108 event=onConnectionChange
[2026-10-07 09:21:36.957] [out] [delivery_module] DBG 2026-10-07 09:21:36.957+02:00 created new pubsub peer                    topics="libp2p pubsub" tid=398107 peerId=16Uiu2...jQfE1X
[2026-10-07 09:21:36.957] [out] [delivery_module] DBG 2026-10-07 09:21:36.957+02:00 no listener registered                     tid=398108 event=onConnectionChange
[2026-10-07 09:21:36.957] [out] [delivery_module] DBG 2026-10-07 09:21:36.957+02:00 Incoming WakuRelay connection              topics="waku relay" tid=398107 connection=16Uiu2...CKtDKK:6ac5f3000296c2101e7e8ec8 protocol=/vac/waku/relay/2.0.0
[2026-10-07 09:21:36.957] [out] [delivery_module] DBG 2026-10-07 09:21:36.957+02:00 Incoming WakuRelay connection              topics="waku relay" tid=398107 connection=16Uiu2...jQfE1X:6ac5f3000296c2101e7e8eca protocol=/vac/waku/relay/2.0.0
[2026-10-07 09:21:36.958] [out] [delivery_module] DBG 2026-10-07 09:21:36.958+02:00 created new pubsub peer                    topics="libp2p pubsub" tid=398107 peerId=16Uiu2...2FWeUS
[2026-10-07 09:21:36.958] [out] [delivery_module] DBG 2026-10-07 09:21:36.958+02:00 no listener registered                     tid=398108 event=onConnectionChange
[2026-10-07 09:21:36.961] [out] [delivery_module] DBG 2026-10-07 09:21:36.961+02:00 Received WakuMetadata request              topics="waku metadata" tid=398107 remoteClusterId=ok(3) remoteShards="[5, 0, 2, 1, 4, 7, 3, 6]" localClusterId=3 localShards="[7]" peer=16Uiu2...TwqBiH
[2026-10-07 09:21:36.966] [out] [delivery_module] DBG 2026-10-07 09:21:36.966+02:00 no listener registered                     tid=398108 event=onTopicHealthChange
[2026-10-07 09:21:36.966] [out] [delivery_module] DBG 2026-10-07 09:21:36.966+02:00 created new pubsub peer                    topics="libp2p pubsub" tid=398107 peerId=16Uiu2...jqCixh
[2026-10-07 09:21:36.966] [out] [delivery_module] DBG 2026-10-07 09:21:36.966+02:00 no listener registered                     tid=398108 event=onConnectionChange
[2026-10-07 09:21:36.966] [out] [delivery_module] DBG 2026-10-07 09:21:36.966+02:00 Incoming WakuRelay connection              topics="waku relay" tid=398107 connection=16Uiu2...2FWeUS:6ac5f3000296c2101e7e8ed2 protocol=/vac/waku/relay/2.0.0
[2026-10-07 09:21:36.970] [out] [delivery_module] DBG 2026-10-07 09:21:36.970+02:00 Incoming WakuRelay connection              topics="waku relay" tid=398107 connection=16Uiu2...jqCixh:6ac5f3000296c2101e7e8ed6 protocol=/vac/waku/relay/2.0.0
[2026-10-07 09:21:36.982] [out] [delivery_module] DBG 2026-10-07 09:21:36.981+02:00 Received WakuMetadata request              topics="waku metadata" tid=398107 remoteClusterId=ok(3) remoteShards="[5, 0, 2, 1, 4, 7, 3, 6]" localClusterId=3 localShards="[7]" peer=16Uiu2...P1S397
[2026-10-07 09:21:37.034] [out] [delivery_module] DBG 2026-10-07 09:21:37.033+02:00 created new pubsub peer                    topics="libp2p pubsub" tid=398107 peerId=16Uiu2...kGyuEP
[2026-10-07 09:21:37.034] [out] [delivery_module] DBG 2026-10-07 09:21:37.034+02:00 no listener registered                     tid=398108 event=onConnectionChange
[2026-10-07 09:21:37.039] [out] [delivery_module] DBG 2026-10-07 09:21:37.039+02:00 Incoming WakuRelay connection              topics="waku relay" tid=398107 connection=16Uiu2...kGyuEP:6ac5f3010296c2101e7e8eda protocol=/vac/waku/relay/2.0.0
[2026-10-07 09:21:37.051] [out] [delivery_module] DBG 2026-10-07 09:21:37.051+02:00 created new pubsub peer                    topics="libp2p pubsub" tid=398107 peerId=16Uiu2...T3UNSE
[2026-10-07 09:21:37.052] [out] [delivery_module] DBG 2026-10-07 09:21:37.051+02:00 no listener registered                     tid=398108 event=onConnectionChange
[2026-10-07 09:21:37.052] [out] [delivery_module] DBG 2026-10-07 09:21:37.052+02:00 Incoming WakuRelay connection              topics="waku relay" tid=398107 connection=16Uiu2...T3UNSE:6ac5f3010296c2101e7e8edc protocol=/vac/waku/relay/2.0.0
[2026-10-07 09:21:37.075] [out] [delivery_module] DBG 2026-10-07 09:21:37.075+02:00 Event identified                           topics="waku node peer_manager" tid=398107 peerId=16Uiu2...CKtDKK
[2026-10-07 09:21:37.075] [out] [delivery_module] DBG 2026-10-07 09:21:37.075+02:00 no listener registered                     tid=398108 event=onConnectionChange
[2026-10-07 09:21:37.083] [out] [delivery_module] DBG 2026-10-07 09:21:37.083+02:00 Event identified                           topics="waku node peer_manager" tid=398107 peerId=16Uiu2...jQfE1X
[2026-10-07 09:21:37.083] [out] [delivery_module] DBG 2026-10-07 09:21:37.083+02:00 no listener registered                     tid=398108 event=onConnectionChange
[2026-10-07 09:21:37.084] [out] [delivery_module] DBG 2026-10-07 09:21:37.084+02:00 no listener registered                     tid=398108 event=onConnectionChange
[2026-10-07 09:21:37.090] [out] [delivery_module] DBG 2026-10-07 09:21:37.090+02:00 Event identified                           topics="waku node peer_manager" tid=398107 peerId=16Uiu2...2FWeUS
[2026-10-07 09:21:37.090] [out] [delivery_module] DBG 2026-10-07 09:21:37.090+02:00 no listener registered                     tid=398108 event=onConnectionChange
[2026-10-07 09:21:37.094] [out] [delivery_module] DBG 2026-10-07 09:21:37.094+02:00 Event identified                           topics="waku node peer_manager" tid=398107 peerId=16Uiu2...jqCixh
[2026-10-07 09:21:37.094] [out] [delivery_module] DBG 2026-10-07 09:21:37.094+02:00 no listener registered                     tid=398108 event=onConnectionChange
[2026-10-07 09:21:37.100] [out] [delivery_module] DBG 2026-10-07 09:21:37.100+02:00 no listener registered                     tid=398108 event=onConnectionChange
[2026-10-07 09:21:37.195] [out] [delivery_module] DBG 2026-10-07 09:21:37.195+02:00 Received WakuMetadata request              topics="waku metadata" tid=398107 remoteClusterId=ok(3) remoteShards="[5, 0, 2, 1, 4, 7, 3, 6]" localClusterId=3 localShards="[7]" peer=16Uiu2...CKtDKK
[2026-10-07 09:21:37.224] [out] [delivery_module] DBG 2026-10-07 09:21:37.224+02:00 Received WakuMetadata request              topics="waku metadata" tid=398107 remoteClusterId=ok(3) remoteShards="[5, 0, 2, 1, 4, 7, 3, 6]" localClusterId=3 localShards="[7]" peer=16Uiu2...jQfE1X
[2026-10-07 09:21:37.228] [out] [delivery_module] DBG 2026-10-07 09:21:37.228+02:00 Received WakuMetadata request              topics="waku metadata" tid=398107 remoteClusterId=ok(3) remoteShards="[5, 0, 2, 1, 4, 7, 3, 6]" localClusterId=3 localShards="[7]" peer=16Uiu2...2FWeUS
[2026-10-07 09:21:37.236] [out] [delivery_module] DBG 2026-10-07 09:21:37.236+02:00 Received WakuMetadata request              topics="waku metadata" tid=398107 remoteClusterId=ok(3) remoteShards="[5, 0, 2, 1, 4, 7, 3, 6]" localClusterId=3 localShards="[7]" peer=16Uiu2...jqCixh
[2026-10-07 09:21:37.236] [out] [delivery_module] DBG 2026-10-07 09:21:37.236+02:00 Event identified                           topics="waku node peer_manager" tid=398107 peerId=16Uiu2...kGyuEP
[2026-10-07 09:21:37.237] [out] [delivery_module] DBG 2026-10-07 09:21:37.237+02:00 no listener registered                     tid=398108 event=onConnectionChange
[2026-10-07 09:21:37.265] [out] [delivery_module] DBG 2026-10-07 09:21:37.265+02:00 Event identified                           topics="waku node peer_manager" tid=398107 peerId=16Uiu2...T3UNSE
[2026-10-07 09:21:37.265] [out] [delivery_module] DBG 2026-10-07 09:21:37.265+02:00 no listener registered                     tid=398108 event=onConnectionChange
[2026-10-07 09:21:37.307] [out] [delivery_module] DBG 2026-10-07 09:21:37.307+02:00 no listener registered                     tid=398108 event=onConnectionChange
[2026-10-07 09:21:37.319] [out] [delivery_module] DBG 2026-10-07 09:21:37.319+02:00 no listener registered                     tid=398108 event=onConnectionChange
[2026-10-07 09:21:37.342] [out] [delivery_module] DBG 2026-10-07 09:21:37.342+02:00 no listener registered                     tid=398108 event=onConnectionChange
[2026-10-07 09:21:37.358] [out] [delivery_module] DBG 2026-10-07 09:21:37.358+02:00 no listener registered                     tid=398108 event=onConnectionChange
[2026-10-07 09:21:37.480] [out] [delivery_module] DBG 2026-10-07 09:21:37.480+02:00 Received WakuMetadata request              topics="waku metadata" tid=398107 remoteClusterId=ok(3) remoteShards="[5, 0, 2, 1, 4, 7, 3, 6]" localClusterId=3 localShards="[7]" peer=16Uiu2...kGyuEP
[2026-10-07 09:21:37.488] [out] [delivery_module] DBG 2026-10-07 09:21:37.488+02:00 Received WakuMetadata request              topics="waku metadata" tid=398107 remoteClusterId=ok(3) remoteShards="[5, 0, 2, 1, 4, 7, 3, 6]" localClusterId=3 localShards="[7]" peer=16Uiu2...T3UNSE
[2026-10-07 09:21:37.681] [out] [delivery_module] DBG 2026-10-07 09:21:37.681+02:00 no listener registered                     tid=398108 event=onConnectionChange
[2026-10-07 09:21:37.696] [out] [delivery_module] DBG 2026-10-07 09:21:37.696+02:00 no listener registered                     tid=398108 event=onConnectionChange
[2026-10-07 09:21:37.697] [out] [delivery_module] DBG 2026-10-07 09:21:37.697+02:00 Finished dialing multiple peers            tid=398107 successfulConns=6 attempted=6
[2026-10-07 09:21:37.697] [out] [delivery_module] DBG 2026-10-07 09:21:37.697+02:00 Dialing multiple peers                     topics="waku node peer_manager" tid=398107 numOfPeers=6 nodes="@[16Uiu2HAmKmmKpn6BpKDyShnpHYkZ95YSzZFCpUM48wS3VkVewv1Y, 16Uiu2HAmNudft6gsKfCjJhZFaJ4VHRHaJqXBTQfQEKCGw6p34zJM, 16Uiu2HAmBJwZDuiL43W8HXbfUydtMG84pZGHbzyoFVVeW6oXrMK4, 16Uiu2HAmAResE15q4BDR96fpXuErsrxP4kzNDeA9LpPsbh7ZEp3L, 16Uiu2HAkxBrmLdjythutRKhtiVcG39BUhZLXbxwzG4UmQBk3v1b3, 16Uiu2HAmFwYQ6UrLr6a2xeezgF73DRmMsDN6p2nEpR9RHJ4d95cy]"
[2026-10-07 09:21:37.698] [out] [delivery_module] INF 2026-10-07 09:21:37.697+02:00 Relay peer connections                     topics="waku node peer_manager" tid=398107 inRelayConns=0/50 outRelayConns=11/25 totalConnections=11/150 notConnectedPeers=6 outsideBackoffPeers=6
[2026-10-07 09:21:37.699] [out] [delivery_module] DBG 2026-10-07 09:21:37.699+02:00 ENR addresses updated                      topics="waku enr" tid=398107 retained=0 total=0
[2026-10-07 09:21:37.699] [out] [delivery_module] DBG 2026-10-07 09:21:37.699+02:00 Subscribing to pubsub topic                topics="waku relay" tid=398107 pubsubTopic=/waku/2/rs/3/0
[2026-10-07 09:21:37.699] [out] [delivery_module] DBG 2026-10-07 09:21:37.699+02:00 peer filtering updated                     topics="waku discv5" tid=398107
[2026-10-07 09:21:37.699] [out] [delivery_module] DBG 2026-10-07 09:21:37.699+02:00 ENR shards updated                         topics="waku discv5" tid=398107 enrUri=enr:-K24QA2lF3rhJiZGK6xOn4p1Fz4-prPRVX5-QqjwUHM_MHFqDDG5sodzGYIvJ_tcN2WPMvcoRA-6mMTqHoRJw0k2cbQHgmlkgnY0im11bHRpYWRkcnOAgnJzkwADCAAAAAEAAgADAAQABQAGAAeJc2VjcDI1NmsxoQIGaof5auBmf88sNwfR9lB154nhmeKcEhl4_VG--Ldim4N0Y3CC08yDdWRwgtilhXdha3UyLQ add=true
[2026-10-07 09:21:37.699] [out] [delivery_module] DBG 2026-10-07 09:21:37.699+02:00 Subscribing to pubsub topic                topics="waku relay" tid=398107 pubsubTopic=/waku/2/rs/3/1
[2026-10-07 09:21:37.700] [out] [delivery_module] DBG 2026-10-07 09:21:37.700+02:00 peer filtering updated                     topics="waku discv5" tid=398107
[2026-10-07 09:21:37.700] [out] [delivery_module] DBG 2026-10-07 09:21:37.700+02:00 ENR shards updated                         topics="waku discv5" tid=398107 enrUri=enr:-K24QJTbaYAift7fNrxwOjDuTGKauY5pRItMzoTsMZBoC_cVWRc4bFmp6WPKLBFCcWD6y04tE5fDNhjbeIaJ7PhTkFIIgmlkgnY0im11bHRpYWRkcnOAgnJzkwADCAAAAAEAAgADAAQABQAGAAeJc2VjcDI1NmsxoQIGaof5auBmf88sNwfR9lB154nhmeKcEhl4_VG--Ldim4N0Y3CC08yDdWRwgtilhXdha3UyLQ add=true
[2026-10-07 09:21:37.700] [out] [delivery_module] DBG 2026-10-07 09:21:37.700+02:00 Subscribing to pubsub topic                topics="waku relay" tid=398107 pubsubTopic=/waku/2/rs/3/2
[2026-10-07 09:21:37.700] [out] [delivery_module] DBG 2026-10-07 09:21:37.700+02:00 peer filtering updated                     topics="waku discv5" tid=398107
[2026-10-07 09:21:37.700] [out] [delivery_module] DBG 2026-10-07 09:21:37.700+02:00 ENR shards updated                         topics="waku discv5" tid=398107 enrUri=enr:-K24QFn5iHRRqbnDnV74GKl6d5eD7TMGdL64omfoFtnCXc7EL9th_iTDbX52uxQawewUR8ATePAI6lCDbL6Rw_q4s7AJgmlkgnY0im11bHRpYWRkcnOAgnJzkwADCAAAAAEAAgADAAQABQAGAAeJc2VjcDI1NmsxoQIGaof5auBmf88sNwfR9lB154nhmeKcEhl4_VG--Ldim4N0Y3CC08yDdWRwgtilhXdha3UyLQ add=true
[2026-10-07 09:21:37.700] [out] [delivery_module] DBG 2026-10-07 09:21:37.700+02:00 Subscribing to pubsub topic                topics="waku relay" tid=398107 pubsubTopic=/waku/2/rs/3/3
[2026-10-07 09:21:37.701] [out] [delivery_module] DBG 2026-10-07 09:21:37.701+02:00 peer filtering updated                     topics="waku discv5" tid=398107
[2026-10-07 09:21:37.701] [out] [delivery_module] DBG 2026-10-07 09:21:37.701+02:00 ENR shards updated                         topics="waku discv5" tid=398107 enrUri=enr:-K24QFlJt4t09lTZ7COLGgPLHkMngXEFDlkYMw-_DZzwKV9zDvPP4G5rZypBqwg4Ahkt52dJ-dIoiZCdyecoXAMdBmAKgmlkgnY0im11bHRpYWRkcnOAgnJzkwADCAAAAAEAAgADAAQABQAGAAeJc2VjcDI1NmsxoQIGaof5auBmf88sNwfR9lB154nhmeKcEhl4_VG--Ldim4N0Y3CC08yDdWRwgtilhXdha3UyLQ add=true
[2026-10-07 09:21:37.701] [out] [delivery_module] DBG 2026-10-07 09:21:37.701+02:00 Subscribing to pubsub topic                topics="waku relay" tid=398107 pubsubTopic=/waku/2/rs/3/4
[2026-10-07 09:21:37.701] [out] [delivery_module] DBG 2026-10-07 09:21:37.701+02:00 peer filtering updated                     topics="waku discv5" tid=398107
[2026-10-07 09:21:37.701] [out] [delivery_module] DBG 2026-10-07 09:21:37.701+02:00 ENR shards updated                         topics="waku discv5" tid=398107 enrUri=enr:-K24QO2Vqq8vM0TaiqLFB7eEn-7m9NAWp--0wJHOMcz7rHUXPaQRCG_EatXk0izFLFxDNGiYqRnjbELQNUbsL7O4c7oLgmlkgnY0im11bHRpYWRkcnOAgnJzkwADCAAAAAEAAgADAAQABQAGAAeJc2VjcDI1NmsxoQIGaof5auBmf88sNwfR9lB154nhmeKcEhl4_VG--Ldim4N0Y3CC08yDdWRwgtilhXdha3UyLQ add=true
[2026-10-07 09:21:37.701] [out] [delivery_module] DBG 2026-10-07 09:21:37.701+02:00 Subscribing to pubsub topic                topics="waku relay" tid=398107 pubsubTopic=/waku/2/rs/3/5
[2026-10-07 09:21:37.701] [out] [delivery_module] DBG 2026-10-07 09:21:37.701+02:00 peer filtering updated                     topics="waku discv5" tid=398107
[2026-10-07 09:21:37.701] [out] [delivery_module] DBG 2026-10-07 09:21:37.701+02:00 ENR shards updated                         topics="waku discv5" tid=398107 enrUri=enr:-K24QLcRD3xt70qyNZzoxUiEU1ves7u4SsL-aeEejIVdy4q1e8VPyfNlQCpeeca3nxQpjA3s1iZOWMRcgnwmRtbWPFYMgmlkgnY0im11bHRpYWRkcnOAgnJzkwADCAAAAAEAAgADAAQABQAGAAeJc2VjcDI1NmsxoQIGaof5auBmf88sNwfR9lB154nhmeKcEhl4_VG--Ldim4N0Y3CC08yDdWRwgtilhXdha3UyLQ add=true
[2026-10-07 09:21:37.701] [out] [delivery_module] DBG 2026-10-07 09:21:37.701+02:00 Subscribing to pubsub topic                topics="waku relay" tid=398107 pubsubTopic=/waku/2/rs/3/6
[2026-10-07 09:21:37.702] [out] [delivery_module] DBG 2026-10-07 09:21:37.702+02:00 peer filtering updated                     topics="waku discv5" tid=398107
[2026-10-07 09:21:37.702] [out] [delivery_module] DBG 2026-10-07 09:21:37.702+02:00 ENR shards updated                         topics="waku discv5" tid=398107 enrUri=enr:-K24QCxH6uCAU4ClfQLoK1brDFPyOSDwQbw4pMichsi6pCoTbndqGBEsJFp8LIFBn_t6P4qj_1_a3ULEaxenSOfrNosNgmlkgnY0im11bHRpYWRkcnOAgnJzkwADCAAAAAEAAgADAAQABQAGAAeJc2VjcDI1NmsxoQIGaof5auBmf88sNwfR9lB154nhmeKcEhl4_VG--Ldim4N0Y3CC08yDdWRwgtilhXdha3UyLQ add=true
[2026-10-07 09:21:37.702] [out] [delivery_module] NTC 2026-10-07 09:21:37.702+02:00 ENR carries no reachable host, so peers cannot dial this node. Set --nat, --ext-ip, --dns4-domain-name or --ext-multiaddr to advertise one topics="wakunode waku" tid=398107
[2026-10-07 09:21:37.702] [out] [delivery_module] DBG 2026-10-07 09:21:37.702+02:00 Register interest                          topics="service-disco discoverer" tid=398107 service=/logos/delivery serviceId=e6738033b5d4...cb0431b2f5d8
[2026-10-07 09:21:37.703] [out] [delivery_module] DBG 2026-10-07 09:21:37.703+02:00 Added service to discover                  topics="waku service discovery" tid=398107 service=/logos/delivery
[2026-10-07 09:21:37.703] [out] [delivery_module] DBG 2026-10-07 09:21:37.703+02:00 Added provided service                     topics="service-disco advertiser" tid=398107 service=/logos/delivery serviceId=e6738033b5d4...cb0431b2f5d8
[2026-10-07 09:21:37.704] [out] [delivery_module] DBG 2026-10-07 09:21:37.704+02:00 Cannot insert self in routing table        topics="kad-dht rtable" tid=398107 nodeId=002508021221...51bef8b7629b
[2026-10-07 09:21:37.705] [out] [delivery_module] DBG 2026-10-07 09:21:37.705+02:00 Added service to advertise                 topics="waku service discovery" tid=398107 service=/logos/delivery
[2026-10-07 09:21:37.705] [out] [delivery_module] INF 2026-10-07 09:21:37.705+02:00 advertising this node on the delivery network topics="waku discovery advertise" tid=398107 backend=service protocols="[/vac/waku/relay/2.0.0, /vac/waku/filter-subscribe/2.0.0-beta1, /vac/waku/lightpush/3.0.0, /mix/1.0.0]"
[2026-10-07 09:21:37.705] [out] [delivery_module] DBG 2026-10-07 09:21:37.705+02:00 Register interest                          topics="service-disco discoverer" tid=398107 service=/mix/1.0.0 serviceId=913b5c5dbe69...6f90568cea40
[2026-10-07 09:21:37.705] [out] [delivery_module] DBG 2026-10-07 09:21:37.705+02:00 Added service to discover                  topics="waku service discovery" tid=398107 service=/mix/1.0.0
[2026-10-07 09:21:37.706] [out] [delivery_module] DBG 2026-10-07 09:21:37.706+02:00 Added provided service                     topics="service-disco advertiser" tid=398107 service=/mix/1.0.0 serviceId=913b5c5dbe69...6f90568cea40
[2026-10-07 09:21:37.706] [out] [delivery_module] DBG 2026-10-07 09:21:37.706+02:00 Creating stream                            tid=398107
[2026-10-07 09:21:37.706] [out] [delivery_module] DBG 2026-10-07 09:21:37.706+02:00 New stream created                         tid=398107
[2026-10-07 09:21:37.707] [out] [delivery_module] DBG 2026-10-07 09:21:37.706+02:00 Added service to advertise                 topics="waku service discovery" tid=398107 service=/mix/1.0.0
[2026-10-07 09:21:37.707] [out] [delivery_module] INF 2026-10-07 09:21:37.707+02:00 advertising this node as a mix node        topics="waku discovery advertise" tid=398107 backend=service
[2026-10-07 09:21:37.707] [out] [delivery_module] INF 2026-10-07 09:21:37.707+02:00 Node is online                             topics="waku online monitor" tid=398107
[2026-10-07 09:21:37.707] [out] [delivery_module] INF 2026-10-07 09:21:37.707+02:00 Health monitor loop start                  tid=398107
[2026-10-07 09:21:37.708] [out] [delivery_module] DBG 2026-10-07 09:21:37.708+02:00 calculateConnectionState                   tid=398107 relayCount=11 storeClientCount=6 lightpushCount=11 filterCount=11
[2026-10-07 09:21:37.709] [out] [delivery_module] DBG 2026-10-07 09:21:37.708+02:00 connectionStatus change                    tid=398107 oldstatus=Disconnected newstatus=Connected
[2026-10-07 09:21:37.709] [out] [delivery_module] INF 2026-10-07 09:21:37.709+02:00 starting keepalive                         tid=398107 randomPeersKeepalive=10s allPeersKeepalive=2m
[2026-10-07 09:21:37.709] [out] [delivery_module] DBG 2026-10-07 09:21:37.709+02:00 no listener registered                     tid=398108 event=onTopicHealthChange
[2026-10-07 09:21:37.709] [out] [delivery_module] DBG 2026-10-07 09:21:37.709+02:00 no listener registered                     tid=398108 event=onTopicHealthChange
[2026-10-07 09:21:37.709] [out] [delivery_module] DBG 2026-10-07 09:21:37.709+02:00 no listener registered                     tid=398108 event=onTopicHealthChange
[2026-10-07 09:21:37.709] [out] [delivery_module] DBG 2026-10-07 09:21:37.709+02:00 no listener registered                     tid=398108 event=onTopicHealthChange
[2026-10-07 09:21:37.709] [out] [delivery_module] DBG 2026-10-07 09:21:37.709+02:00 no listener registered                     tid=398108 event=onTopicHealthChange
[2026-10-07 09:21:37.709] [out] [delivery_module] DBG 2026-10-07 09:21:37.709+02:00 no listener registered                     tid=398108 event=onTopicHealthChange
[2026-10-07 09:21:37.709] [out] [delivery_module] DBG 2026-10-07 09:21:37.709+02:00 no listener registered                     tid=398108 event=onTopicHealthChange
[2026-10-07 09:21:37.817] [out] [delivery_module] DBG 2026-10-07 09:21:37.817+02:00 calculateConnectionState                   tid=398107 relayCount=11 storeClientCount=6 lightpushCount=11 filterCount=11
[2026-10-07 09:21:37.920] [out] [delivery_module] DBG 2026-10-07 09:21:37.920+02:00 calculateConnectionState                   tid=398107 relayCount=11 storeClientCount=6 lightpushCount=11 filterCount=11
[2026-10-07 09:21:37.920] [out] [delivery_module] DBG 2026-10-07 09:21:37.920+02:00 no listener registered                     tid=398108 event=onTopicHealthChange
[2026-10-07 09:21:37.921] [out] [delivery_module] DBG 2026-10-07 09:21:37.921+02:00 no listener registered                     tid=398108 event=onTopicHealthChange
[2026-10-07 09:21:38.036] [out] [delivery_module] DBG 2026-10-07 09:21:38.036+02:00 calculateConnectionState                   tid=398107 relayCount=11 storeClientCount=6 lightpushCount=11 filterCount=11
[2026-10-07 09:21:38.036] [out] [delivery_module] DBG 2026-10-07 09:21:38.036+02:00 no listener registered                     tid=398108 event=onTopicHealthChange
[2026-10-07 09:21:38.036] [out] [delivery_module] DBG 2026-10-07 09:21:38.036+02:00 no listener registered                     tid=398108 event=onTopicHealthChange
[2026-10-07 09:21:38.037] [out] [delivery_module] DBG 2026-10-07 09:21:38.037+02:00 no listener registered                     tid=398108 event=onTopicHealthChange
[2026-10-07 09:21:38.037] [out] [delivery_module] DBG 2026-10-07 09:21:38.037+02:00 no listener registered                     tid=398108 event=onTopicHealthChange
[2026-10-07 09:21:38.037] [out] [delivery_module] DBG 2026-10-07 09:21:38.037+02:00 no listener registered                     tid=398108 event=onTopicHealthChange
[2026-10-07 09:21:38.133] [out] [delivery_module] INF 2026-10-07 09:21:38.133+02:00 Using mix bootstrap nodes                  topics="waku mix" tid=398107 entries=1 poolSize=5
[2026-10-07 09:21:38.133] [out] [delivery_module] INF 2026-10-07 09:21:38.133+02:00 Using mix bootstrap nodes                  topics="waku mix" tid=398107 entries=1 poolSize=6
[2026-10-07 09:21:38.137] [out] [delivery_module] DBG 2026-10-07 09:21:38.137+02:00 Getting adverts                            topics="service-disco discoverer" tid=398107 serviceId=913b5c5dbe69...6f90568cea40 registrar=16Uiu2...YzP6aE
[2026-10-07 09:21:38.137] [out] [delivery_module] DBG 2026-10-07 09:21:38.137+02:00 Adverts found                              topics="service-disco discoverer" tid=398107 serviceId=913b5c5dbe69...6f90568cea40 remote=16Uiu2...YzP6aE count=0
[2026-10-07 09:21:38.138] [out] [delivery_module] DBG 2026-10-07 09:21:38.138+02:00 Getting adverts                            topics="service-disco discoverer" tid=398107 serviceId=913b5c5dbe69...6f90568cea40 registrar=16Uiu2...TwqBiH
[2026-10-07 09:21:38.138] [out] [delivery_module] DBG 2026-10-07 09:21:38.138+02:00 Getting adverts                            topics="service-disco discoverer" tid=398107 serviceId=913b5c5dbe69...6f90568cea40 registrar=16Uiu2...jqCixh
[2026-10-07 09:21:38.138] [out] [delivery_module] DBG 2026-10-07 09:21:38.138+02:00 Getting adverts                            topics="service-disco discoverer" tid=398107 serviceId=913b5c5dbe69...6f90568cea40 registrar=16Uiu2...NSkuby
[2026-10-07 09:21:38.139] [out] [delivery_module] DBG 2026-10-07 09:21:38.139+02:00 Getting adverts                            topics="service-disco discoverer" tid=398107 serviceId=913b5c5dbe69...6f90568cea40 registrar=16Uiu2...jQfE1X
[2026-10-07 09:21:38.139] [out] [delivery_module] DBG 2026-10-07 09:21:38.139+02:00 Getting adverts                            topics="service-disco discoverer" tid=398107 serviceId=e6738033b5d4...cb0431b2f5d8 registrar=16Uiu2...YzP6aE
[2026-10-07 09:21:38.139] [out] [delivery_module] DBG 2026-10-07 09:21:38.139+02:00 Adverts found                              topics="service-disco discoverer" tid=398107 serviceId=e6738033b5d4...cb0431b2f5d8 remote=16Uiu2...YzP6aE count=1
[2026-10-07 09:21:38.140] [out] [delivery_module] DBG 2026-10-07 09:21:38.140+02:00 Getting adverts                            topics="service-disco discoverer" tid=398107 serviceId=e6738033b5d4...cb0431b2f5d8 registrar=16Uiu2...NSkuby
[2026-10-07 09:21:38.140] [out] [delivery_module] DBG 2026-10-07 09:21:38.140+02:00 Getting adverts                            topics="service-disco discoverer" tid=398107 serviceId=e6738033b5d4...cb0431b2f5d8 registrar=16Uiu2...jQfE1X
[2026-10-07 09:21:38.140] [out] [delivery_module] DBG 2026-10-07 09:21:38.140+02:00 Getting adverts                            topics="service-disco discoverer" tid=398107 serviceId=e6738033b5d4...cb0431b2f5d8 registrar=16Uiu2...jqCixh
[2026-10-07 09:21:38.140] [out] [delivery_module] DBG 2026-10-07 09:21:38.140+02:00 Getting adverts                            topics="service-disco discoverer" tid=398107 serviceId=e6738033b5d4...cb0431b2f5d8 registrar=16Uiu2...TwqBiH
[2026-10-07 09:21:38.142] [out] [delivery_module] DBG 2026-10-07 09:21:38.142+02:00 calculateConnectionState                   tid=398107 relayCount=11 storeClientCount=6 lightpushCount=11 filterCount=11
[2026-10-07 09:21:38.158] [out] [delivery_module] DBG 2026-10-07 09:21:38.158+02:00 no listener registered                     tid=398108 event=onTopicHealthChange
[2026-10-07 09:21:38.159] [out] [delivery_module] DBG 2026-10-07 09:21:38.159+02:00 no listener registered                     tid=398108 event=onTopicHealthChange
[2026-10-07 09:21:38.159] [out] [delivery_module] DBG 2026-10-07 09:21:38.159+02:00 no listener registered                     tid=398108 event=onTopicHealthChange
[2026-10-07 09:21:38.244] [out] [delivery_module] DBG 2026-10-07 09:21:38.244+02:00 calculateConnectionState                   tid=398107 relayCount=11 storeClientCount=6 lightpushCount=11 filterCount=11
[2026-10-07 09:21:38.253] [out] [delivery_module] DBG 2026-10-07 09:21:38.253+02:00 Adverts found                              topics="service-disco discoverer" tid=398107 serviceId=913b5c5dbe69...6f90568cea40 remote=16Uiu2...NSkuby count=0
[2026-10-07 09:21:38.263] [out] [delivery_module] DBG 2026-10-07 09:21:38.263+02:00 no listener registered                     tid=398108 event=onTopicHealthChange
[2026-10-07 09:21:38.263] [out] [delivery_module] DBG 2026-10-07 09:21:38.263+02:00 no listener registered                     tid=398108 event=onTopicHealthChange
[2026-10-07 09:21:38.263] [out] [delivery_module] DBG 2026-10-07 09:21:38.263+02:00 no listener registered                     tid=398108 event=onTopicHealthChange
[2026-10-07 09:21:38.264] [out] [delivery_module] DBG 2026-10-07 09:21:38.264+02:00 no listener registered                     tid=398108 event=onTopicHealthChange
[2026-10-07 09:21:38.265] [out] [delivery_module] DBG 2026-10-07 09:21:38.265+02:00 Adverts found                              topics="service-disco discoverer" tid=398107 serviceId=e6738033b5d4...cb0431b2f5d8 remote=16Uiu2...NSkuby count=7
[2026-10-07 09:21:38.275] [out] [delivery_module] DBG 2026-10-07 09:21:38.275+02:00 Provider found                             topics="service-disco tracker" tid=398107 serviceId=e6738033b5d4...cb0431b2f5d8 provider=16Uiu2...kGyuEP rank=1 elapsedMs=572 source=FromLookup
[2026-10-07 09:21:38.275] [out] [delivery_module] DBG 2026-10-07 09:21:38.275+02:00 Provider found                             topics="service-disco tracker" tid=398107 serviceId=e6738033b5d4...cb0431b2f5d8 provider=16Uiu2...CKtDKK rank=2 elapsedMs=573 source=FromLookup
[2026-10-07 09:21:38.275] [out] [delivery_module] DBG 2026-10-07 09:21:38.275+02:00 Provider found                             topics="service-disco tracker" tid=398107 serviceId=e6738033b5d4...cb0431b2f5d8 provider=16Uiu2...28TTLb rank=3 elapsedMs=573 source=FromLookup
[2026-10-07 09:21:38.275] [out] [delivery_module] DBG 2026-10-07 09:21:38.275+02:00 Provider found                             topics="service-disco tracker" tid=398107 serviceId=e6738033b5d4...cb0431b2f5d8 provider=16Uiu2...T3UNSE rank=4 elapsedMs=573 source=FromLookup
[2026-10-07 09:21:38.275] [out] [delivery_module] DBG 2026-10-07 09:21:38.275+02:00 Provider found                             topics="service-disco tracker" tid=398107 serviceId=e6738033b5d4...cb0431b2f5d8 provider=16Uiu2...2FWeUS rank=5 elapsedMs=573 source=FromLookup
[2026-10-07 09:21:38.275] [out] [delivery_module] DBG 2026-10-07 09:21:38.275+02:00 Provider found                             topics="service-disco tracker" tid=398107 serviceId=e6738033b5d4...cb0431b2f5d8 provider=16Uiu2...NSkuby rank=6 elapsedMs=573 source=FromLookup
[2026-10-07 09:21:38.275] [out] [delivery_module] DBG 2026-10-07 09:21:38.275+02:00 Provider found                             topics="service-disco tracker" tid=398107 serviceId=e6738033b5d4...cb0431b2f5d8 provider=16Uiu2...k3v1b3 rank=7 elapsedMs=573 source=FromLookup
[2026-10-07 09:21:38.346] [out] [delivery_module] DBG 2026-10-07 09:21:38.346+02:00 calculateConnectionState                   tid=398107 relayCount=11 storeClientCount=6 lightpushCount=11 filterCount=11
[2026-10-07 09:21:38.365] [out] [delivery_module] DBG 2026-10-07 09:21:38.364+02:00 no listener registered                     tid=398108 event=onTopicHealthChange
[2026-10-07 09:21:38.397] [out] [delivery_module] DBG 2026-10-07 09:21:38.397+02:00 Adverts found                              topics="service-disco discoverer" tid=398107 serviceId=913b5c5dbe69...6f90568cea40 remote=16Uiu2...jQfE1X count=2
[2026-10-07 09:21:38.403] [out] [delivery_module] DBG 2026-10-07 09:21:38.402+02:00 Provider found                             topics="service-disco tracker" tid=398107 serviceId=913b5c5dbe69...6f90568cea40 provider=16Uiu2...kGyuEP rank=1 elapsedMs=697 source=FromLookup
[2026-10-07 09:21:38.403] [out] [delivery_module] DBG 2026-10-07 09:21:38.402+02:00 Provider found                             topics="service-disco tracker" tid=398107 serviceId=913b5c5dbe69...6f90568cea40 provider=16Uiu2...VpJprH rank=2 elapsedMs=697 source=FromLookup
[2026-10-07 09:21:38.403] [out] [delivery_module] DBG 2026-10-07 09:21:38.403+02:00 Adverts found                              topics="service-disco discoverer" tid=398107 serviceId=e6738033b5d4...cb0431b2f5d8 remote=16Uiu2...jQfE1X count=4
[2026-10-07 09:21:38.409] [out] [delivery_module] DBG 2026-10-07 09:21:38.409+02:00 Provider found                             topics="service-disco tracker" tid=398107 serviceId=e6738033b5d4...cb0431b2f5d8 provider=16Uiu2...jQfE1X rank=8 elapsedMs=707 source=FromLookup
[2026-10-07 09:21:38.409] [out] [delivery_module] DBG 2026-10-07 09:21:38.409+02:00 Adverts found                              topics="service-disco discoverer" tid=398107 serviceId=913b5c5dbe69...6f90568cea40 remote=16Uiu2...jqCixh count=4
[2026-10-07 09:21:38.411] [out] [delivery_module] DBG 2026-10-07 09:21:38.411+02:00 Provider found                             topics="service-disco tracker" tid=398107 serviceId=913b5c5dbe69...6f90568cea40 provider=16Uiu2...P1S397 rank=3 elapsedMs=706 source=FromLookup
[2026-10-07 09:21:38.411] [out] [delivery_module] DBG 2026-10-07 09:21:38.411+02:00 Provider found                             topics="service-disco tracker" tid=398107 serviceId=913b5c5dbe69...6f90568cea40 provider=16Uiu2...TwqBiH rank=4 elapsedMs=706 source=FromLookup
[2026-10-07 09:21:38.413] [out] [delivery_module] DBG 2026-10-07 09:21:38.412+02:00 Adverts found                              topics="service-disco discoverer" tid=398107 serviceId=913b5c5dbe69...6f90568cea40 remote=16Uiu2...TwqBiH count=3
[2026-10-07 09:21:38.413] [out] [delivery_module] DBG 2026-10-07 09:21:38.413+02:00 Adverts found                              topics="service-disco discoverer" tid=398107 serviceId=e6738033b5d4...cb0431b2f5d8 remote=16Uiu2...TwqBiH count=7
[2026-10-07 09:21:38.414] [out] [delivery_module] DBG 2026-10-07 09:21:38.414+02:00 Adverts found                              topics="service-disco discoverer" tid=398107 serviceId=e6738033b5d4...cb0431b2f5d8 remote=16Uiu2...jqCixh count=3
[2026-10-07 09:21:38.423] [out] [delivery_module] DBG 2026-10-07 09:21:38.423+02:00 Provider found                             topics="service-disco tracker" tid=398107 serviceId=913b5c5dbe69...6f90568cea40 provider=16Uiu2...T3UNSE rank=5 elapsedMs=717 source=FromLookup
[2026-10-07 09:21:38.423] [out] [delivery_module] DBG 2026-10-07 09:21:38.423+02:00 Provider found                             topics="service-disco tracker" tid=398107 serviceId=913b5c5dbe69...6f90568cea40 provider=16Uiu2...NSkuby rank=6 elapsedMs=718 source=FromLookup
[2026-10-07 09:21:38.436] [out] [delivery_module] DBG 2026-10-07 09:21:38.436+02:00 Provider found                             topics="service-disco tracker" tid=398107 serviceId=e6738033b5d4...cb0431b2f5d8 provider=16Uiu2...P1S397 rank=9 elapsedMs=734 source=FromLookup
[2026-10-07 09:21:38.436] [out] [delivery_module] DBG 2026-10-07 09:21:38.436+02:00 Provider found                             topics="service-disco tracker" tid=398107 serviceId=e6738033b5d4...cb0431b2f5d8 provider=16Uiu2...TwqBiH rank=10 elapsedMs=734 source=FromLookup
[2026-10-07 09:21:38.436] [out] [delivery_module] DBG 2026-10-07 09:21:38.436+02:00 Provider found                             topics="service-disco tracker" tid=398107 serviceId=e6738033b5d4...cb0431b2f5d8 provider=16Uiu2...VpJprH rank=11 elapsedMs=734 source=FromLookup
[2026-10-07 09:21:38.442] [out] [delivery_module] DBG 2026-10-07 09:21:38.442+02:00 Provider found                             topics="service-disco tracker" tid=398107 serviceId=e6738033b5d4...cb0431b2f5d8 provider=16Uiu2...jqCixh rank=12 elapsedMs=739 source=FromLookup
[2026-10-07 09:21:38.442] [out] [delivery_module] DBG 2026-10-07 09:21:38.442+02:00 Getting adverts                            topics="service-disco discoverer" tid=398107 serviceId=913b5c5dbe69...6f90568cea40 registrar=16Uiu2...VpJprH
[2026-10-07 09:21:38.442] [out] [delivery_module] DBG 2026-10-07 09:21:38.442+02:00 Getting adverts                            topics="service-disco discoverer" tid=398107 serviceId=913b5c5dbe69...6f90568cea40 registrar=16Uiu2...T3UNSE
[2026-10-07 09:21:38.442] [out] [delivery_module] DBG 2026-10-07 09:21:38.442+02:00 Getting adverts                            topics="service-disco discoverer" tid=398107 serviceId=913b5c5dbe69...6f90568cea40 registrar=16Uiu2...P1S397
[2026-10-07 09:21:38.443] [out] [delivery_module] DBG 2026-10-07 09:21:38.443+02:00 Getting adverts                            topics="service-disco discoverer" tid=398107 serviceId=e6738033b5d4...cb0431b2f5d8 registrar=16Uiu2...yWaRuc
[2026-10-07 09:21:38.443] [out] [delivery_module] DBG 2026-10-07 09:21:38.443+02:00 Creating stream                            tid=398107
[2026-10-07 09:21:38.443] [out] [delivery_module] DBG 2026-10-07 09:21:38.443+02:00 New stream created                         tid=398107
[2026-10-07 09:21:38.443] [out] [delivery_module] DBG 2026-10-07 09:21:38.443+02:00 Getting adverts                            topics="service-disco discoverer" tid=398107 serviceId=e6738033b5d4...cb0431b2f5d8 registrar=16Uiu2...CKtDKK
[2026-10-07 09:21:38.443] [out] [delivery_module] DBG 2026-10-07 09:21:38.443+02:00 Getting adverts                            topics="service-disco discoverer" tid=398107 serviceId=e6738033b5d4...cb0431b2f5d8 registrar=16Uiu2...kGyuEP
[2026-10-07 09:21:38.443] [out] [delivery_module] DBG 2026-10-07 09:21:38.443+02:00 Getting adverts                            topics="service-disco discoverer" tid=398107 serviceId=e6738033b5d4...cb0431b2f5d8 registrar=16Uiu2...2FWeUS
[2026-10-07 09:21:38.445] [out] [delivery_module] DBG 2026-10-07 09:21:38.445+02:00 Adverts found                              topics="service-disco discoverer" tid=398107 serviceId=e6738033b5d4...cb0431b2f5d8 remote=16Uiu2...yWaRuc count=2
[2026-10-07 09:21:38.447] [out] [delivery_module] DBG 2026-10-07 09:21:38.447+02:00 Provider found                             topics="service-disco tracker" tid=398107 serviceId=e6738033b5d4...cb0431b2f5d8 provider=16Uiu2...yWaRuc rank=13 elapsedMs=745 source=FromLookup
[2026-10-07 09:21:38.449] [out] [delivery_module] DBG 2026-10-07 09:21:38.449+02:00 calculateConnectionState                   tid=398107 relayCount=11 storeClientCount=6 lightpushCount=11 filterCount=11
[2026-10-07 09:21:38.567] [out] [delivery_module] DBG 2026-10-07 09:21:38.567+02:00 Adverts found                              topics="service-disco discoverer" tid=398107 serviceId=913b5c5dbe69...6f90568cea40 remote=16Uiu2...VpJprH count=1
[2026-10-07 09:21:38.755] [out] [delivery_module] DBG 2026-10-07 09:21:38.755+02:00 Adverts found                              topics="service-disco discoverer" tid=398107 serviceId=e6738033b5d4...cb0431b2f5d8 remote=16Uiu2...CKtDKK count=2
[2026-10-07 09:21:38.768] [out] [delivery_module] DBG 2026-10-07 09:21:38.768+02:00 Adverts found                              topics="service-disco discoverer" tid=398107 serviceId=e6738033b5d4...cb0431b2f5d8 remote=16Uiu2...2FWeUS count=3
[2026-10-07 09:21:38.789] [out] [delivery_module] DBG 2026-10-07 09:21:38.789+02:00 Adverts found                              topics="service-disco discoverer" tid=398107 serviceId=913b5c5dbe69...6f90568cea40 remote=16Uiu2...P1S397 count=2
[2026-10-07 09:21:38.925] [out] [delivery_module] DBG 2026-10-07 09:21:38.925+02:00 Adverts found                              topics="service-disco discoverer" tid=398107 serviceId=e6738033b5d4...cb0431b2f5d8 remote=16Uiu2...kGyuEP count=7
[2026-10-07 09:21:38.932] [out] [delivery_module] DBG 2026-10-07 09:21:38.932+02:00 Getting adverts                            topics="service-disco discoverer" tid=398107 serviceId=e6738033b5d4...cb0431b2f5d8 registrar=16Uiu2...VpJprH
[2026-10-07 09:21:38.941] [out] [delivery_module] DBG 2026-10-07 09:21:38.941+02:00 Adverts found                              topics="service-disco discoverer" tid=398107 serviceId=913b5c5dbe69...6f90568cea40 remote=16Uiu2...T3UNSE count=4
[2026-10-07 09:21:38.947] [out] [delivery_module] DBG 2026-10-07 09:21:38.947+02:00 Getting adverts                            topics="service-disco discoverer" tid=398107 serviceId=913b5c5dbe69...6f90568cea40 registrar=16Uiu2...CKtDKK
[2026-10-07 09:21:39.055] [out] [delivery_module] DBG 2026-10-07 09:21:39.055+02:00 Adverts found                              topics="service-disco discoverer" tid=398107 serviceId=e6738033b5d4...cb0431b2f5d8 remote=16Uiu2...VpJprH count=6
[2026-10-07 09:21:39.070] [out] [delivery_module] DBG 2026-10-07 09:21:39.070+02:00 Getting adverts                            topics="service-disco discoverer" tid=398107 serviceId=e6738033b5d4...cb0431b2f5d8 registrar=16Uiu2...T3UNSE
[2026-10-07 09:21:39.070] [out] [delivery_module] DBG 2026-10-07 09:21:39.070+02:00 Getting adverts                            topics="service-disco discoverer" tid=398107 serviceId=e6738033b5d4...cb0431b2f5d8 registrar=16Uiu2...P1S397
[2026-10-07 09:21:39.188] [out] [delivery_module] DBG 2026-10-07 09:21:39.188+02:00 Adverts found                              topics="service-disco discoverer" tid=398107 serviceId=913b5c5dbe69...6f90568cea40 remote=16Uiu2...CKtDKK count=2
[2026-10-07 09:21:39.194] [out] [delivery_module] DBG 2026-10-07 09:21:39.193+02:00 Getting adverts                            topics="service-disco discoverer" tid=398107 serviceId=913b5c5dbe69...6f90568cea40 registrar=16Uiu2...kGyuEP
[2026-10-07 09:21:39.194] [out] [delivery_module] DBG 2026-10-07 09:21:39.194+02:00 Getting adverts                            topics="service-disco discoverer" tid=398107 serviceId=913b5c5dbe69...6f90568cea40 registrar=16Uiu2...yWaRuc
[2026-10-07 09:21:39.194] [out] [delivery_module] DBG 2026-10-07 09:21:39.194+02:00 Creating stream                            tid=398107
[2026-10-07 09:21:39.194] [out] [delivery_module] DBG 2026-10-07 09:21:39.194+02:00 New stream created                         tid=398107
[2026-10-07 09:21:39.194] [out] [delivery_module] DBG 2026-10-07 09:21:39.194+02:00 Getting adverts                            topics="service-disco discoverer" tid=398107 serviceId=913b5c5dbe69...6f90568cea40 registrar=16Uiu2...2FWeUS
[2026-10-07 09:21:39.196] [out] [delivery_module] DBG 2026-10-07 09:21:39.196+02:00 Adverts found                              topics="service-disco discoverer" tid=398107 serviceId=913b5c5dbe69...6f90568cea40 remote=16Uiu2...yWaRuc count=2
[2026-10-07 09:21:39.301] [out] [delivery_module] DBG 2026-10-07 09:21:39.301+02:00 New stream created                         tid=398107
[2026-10-07 09:21:39.339] [out] [delivery_module] DBG 2026-10-07 09:21:39.339+02:00 Adverts found                              topics="service-disco discoverer" tid=398107 serviceId=e6738033b5d4...cb0431b2f5d8 remote=16Uiu2...P1S397 count=7
[2026-10-07 09:21:39.443] [out] [delivery_module] DBG 2026-10-07 09:21:39.443+02:00 Adverts found                              topics="service-disco discoverer" tid=398107 serviceId=913b5c5dbe69...6f90568cea40 remote=16Uiu2...2FWeUS count=6
[2026-10-07 09:21:39.465] [out] [delivery_module] DBG 2026-10-07 09:21:39.465+02:00 Address dial failed                        topics="libp2p dialer" tid=398107 err="quic dial timed out after 3s" peerId=16Uiu2...7ZEp3L address=/ip4/192.168.1.3/udp/56395/quic-v1 hostname=192.168.1.3
[2026-10-07 09:21:39.465] [out] [delivery_module] DBG 2026-10-07 09:21:39.465+02:00 Address dial failed                        topics="libp2p dialer" tid=398107 err="quic dial timed out after 3s" peerId=16Uiu2...4d95cy address=/ip4/172.16.34.89/udp/55573/quic-v1 hostname=172.16.34.89
[2026-10-07 09:21:39.466] [out] [delivery_module] DBG 2026-10-07 09:21:39.466+02:00 Address dial failed                        topics="libp2p dialer" tid=398107 err="TcpTransport dial error: (61) Connection refused" peerId=16Uiu2...4d95cy address=/ip4/172.16.34.89/tcp/54112 hostname=172.16.34.89
[2026-10-07 09:21:39.466] [out] [delivery_module] DBG 2026-10-07 09:21:39.466+02:00 Protocol stream establishment failed       topics="libp2p dialer" tid=398107 err="Unable to establish outgoing link in establishConnection: peer_id=16Uiu2...4d95cy addrs=[/ip4/172.16.34.89/udp/55573/quic-v1, /ip4/172.16.34.89/tcp/54112]" peerId=16Uiu2...4d95cy protocols="[/logos/service-discovery/1.0.0]" addresses="[/ip4/172.16.34.89/udp/55573/quic-v1, /ip4/172.16.34.89/tcp/54112]" conn=nil
[2026-10-07 09:21:39.466] [out] [delivery_module] DBG 2026-10-07 09:21:39.466+02:00 Peer dial started                          topics="libp2p dialer" tid=398107 peerId=16Uiu2...4d95cy addresses="[/ip4/172.16.34.89/udp/55573/quic-v1, /ip4/172.16.34.89/tcp/54112]"
[2026-10-07 09:21:39.466] [out] [delivery_module] DBG 2026-10-07 09:21:39.466+02:00 New connection established: client         tid=398107
[2026-10-07 09:21:39.466] [out] [delivery_module] DBG 2026-10-07 09:21:39.466+02:00 Address dial failed                        topics="libp2p dialer" tid=398107 err="quic dial timed out after 3s" peerId=16Uiu2...k3v1b3 address=/ip4/10.16.8.125/udp/55890/quic-v1 hostname=10.16.8.125
[2026-10-07 09:21:39.469] [out] [delivery_module] DBG 2026-10-07 09:21:39.469+02:00 Address dial failed                        topics="libp2p dialer" tid=398107 err="quic dial timed out after 3s" peerId=16Uiu2...p34zJM address=/ip4/172.16.34.89/udp/64446/quic-v1 hostname=172.16.34.89
[2026-10-07 09:21:39.470] [out] [delivery_module] DBG 2026-10-07 09:21:39.470+02:00 Address dial failed                        topics="libp2p dialer" tid=398107 err="TcpTransport dial error: (61) Connection refused" peerId=16Uiu2...p34zJM address=/ip4/172.16.34.89/tcp/53956 hostname=172.16.34.89
[2026-10-07 09:21:39.470] [out] [delivery_module] DBG 2026-10-07 09:21:39.470+02:00 Protocol stream establishment failed       topics="libp2p dialer" tid=398107 err="Unable to establish outgoing link in establishConnection: peer_id=16Uiu2...p34zJM addrs=[/ip4/172.16.34.89/udp/64446/quic-v1, /ip4/172.16.34.89/tcp/53956]" peerId=16Uiu2...p34zJM protocols="[/logos/service-discovery/1.0.0]" addresses="[/ip4/172.16.34.89/udp/64446/quic-v1, /ip4/172.16.34.89/tcp/53956]" conn=nil
[2026-10-07 09:21:39.470] [out] [delivery_module] DBG 2026-10-07 09:21:39.470+02:00 Peer dial started                          topics="libp2p dialer" tid=398107 peerId=16Uiu2...p34zJM addresses="[/ip4/172.16.34.89/udp/64446/quic-v1, /ip4/172.16.34.89/tcp/53956]"
[2026-10-07 09:21:39.470] [out] [delivery_module] DBG 2026-10-07 09:21:39.470+02:00 New connection established: client         tid=398107
[2026-10-07 09:21:39.471] [out] [delivery_module] DBG 2026-10-07 09:21:39.471+02:00 Address dial failed                        topics="libp2p dialer" tid=398107 err="quic dial timed out after 3s" peerId=16Uiu2...Vewv1Y address=/ip4/172.16.34.89/udp/61772/quic-v1 hostname=172.16.34.89
[2026-10-07 09:21:39.471] [out] [delivery_module] DBG 2026-10-07 09:21:39.471+02:00 Address dial failed                        topics="libp2p dialer" tid=398107 err="TcpTransport dial error: (61) Connection refused" peerId=16Uiu2...Vewv1Y address=/ip4/172.16.34.89/tcp/53985 hostname=172.16.34.89
[2026-10-07 09:21:39.471] [out] [delivery_module] DBG 2026-10-07 09:21:39.471+02:00 Protocol stream establishment failed       topics="libp2p dialer" tid=398107 err="Unable to establish outgoing link in establishConnection: peer_id=16Uiu2...Vewv1Y addrs=[/ip4/172.16.34.89/udp/61772/quic-v1, /ip4/172.16.34.89/tcp/53985]" peerId=16Uiu2...Vewv1Y protocols="[/logos/service-discovery/1.0.0]" addresses="[/ip4/172.16.34.89/udp/61772/quic-v1, /ip4/172.16.34.89/tcp/53985]" conn=nil
[2026-10-07 09:21:39.471] [out] [delivery_module] DBG 2026-10-07 09:21:39.471+02:00 Peer dial started                          topics="libp2p dialer" tid=398107 peerId=16Uiu2...Vewv1Y addresses="[/ip4/172.16.34.89/udp/61772/quic-v1, /ip4/172.16.34.89/tcp/53985]"
[2026-10-07 09:21:39.472] [out] [delivery_module] DBG 2026-10-07 09:21:39.472+02:00 New connection established: client         tid=398107
[2026-10-07 09:21:39.475] [out] [delivery_module] DBG 2026-10-07 09:21:39.475+02:00 Address dial failed                        topics="libp2p dialer" tid=398107 err="quic dial timed out after 3s" peerId=16Uiu2...oXrMK4 address=/ip4/172.16.34.89/udp/56480/quic-v1 hostname=172.16.34.89
[2026-10-07 09:21:39.476] [out] [delivery_module] DBG 2026-10-07 09:21:39.476+02:00 Address dial failed                        topics="libp2p dialer" tid=398107 err="TcpTransport dial error: (61) Connection refused" peerId=16Uiu2...oXrMK4 address=/ip4/172.16.34.89/tcp/53957 hostname=172.16.34.89
[2026-10-07 09:21:39.476] [out] [delivery_module] DBG 2026-10-07 09:21:39.476+02:00 Protocol stream establishment failed       topics="libp2p dialer" tid=398107 err="Unable to establish outgoing link in establishConnection: peer_id=16Uiu2...oXrMK4 addrs=[/ip4/172.16.34.89/udp/56480/quic-v1, /ip4/172.16.34.89/tcp/53957]" peerId=16Uiu2...oXrMK4 protocols="[/logos/service-discovery/1.0.0]" addresses="[/ip4/172.16.34.89/udp/56480/quic-v1, /ip4/172.16.34.89/tcp/53957]" conn=nil
[2026-10-07 09:21:39.476] [out] [delivery_module] DBG 2026-10-07 09:21:39.476+02:00 Peer dial started                          topics="libp2p dialer" tid=398107 peerId=16Uiu2...oXrMK4 addresses="[/ip4/172.16.34.89/udp/56480/quic-v1, /ip4/172.16.34.89/tcp/53957]"
[2026-10-07 09:21:39.476] [out] [delivery_module] DBG 2026-10-07 09:21:39.476+02:00 New connection established: client         tid=398107
[2026-10-07 09:21:39.579] [out] [delivery_module] DBG 2026-10-07 09:21:39.579+02:00 Adverts found                              topics="service-disco discoverer" tid=398107 serviceId=e6738033b5d4...cb0431b2f5d8 remote=16Uiu2...T3UNSE count=10
[2026-10-07 09:21:39.586] [out] [delivery_module] DBG 2026-10-07 09:21:39.586+02:00 Peer added via service discovery           topics="waku service discovery" tid=398107 source="service lookup" peerId=16Uiu2HAmQNy6gx7xKWAhCNN7T7ScjNY1kugZWnXAtkek6w28TTLb addresses="[/ip4/173.42.114.210/tcp/36503]" protocols="[/logos/delivery]"
[2026-10-07 09:21:39.586] [out] [delivery_module] DBG 2026-10-07 09:21:39.586+02:00 Peer added via service discovery           topics="waku service discovery" tid=398107 source="service lookup" peerId=16Uiu2HAkurieEtZub9GmNQEvQQy6NGY6VQYWUe8USbJGe7YzP6aE addresses="[/ip4/172.16.34.89/tcp/54220, /ip4/172.16.34.89/udp/57989/quic-v1]" protocols="[/logos/delivery]"
[2026-10-07 09:21:39.586] [out] [delivery_module] DBG 2026-10-07 09:21:39.586+02:00 Peer added via service discovery           topics="waku service discovery" tid=398107 source="service lookup" peerId=16Uiu2HAmDNwugFwkuxDP5ULq9GspC89AQr4ybeNsacjGjLjQfE1X addresses="[/ip4/173.42.114.210/tcp/34927]" protocols="[/logos/delivery]"
[2026-10-07 09:21:39.586] [out] [delivery_module] DBG 2026-10-07 09:21:39.586+02:00 Peer added via service discovery           topics="waku service discovery" tid=398107 source="service lookup" peerId=16Uiu2HAmTUbnxLGT9JvV6mu9oPyDjqHK4Phs1VDJNUgESgNSkuby addresses="[/ip4/138.68.122.137/tcp/30303, /ip4/138.68.122.137/udp/30303/quic-v1, /dns4/delivery-01.do-ams3.logos.dev.status.im/tcp/30303]" protocols="[/logos/delivery]"
[2026-10-07 09:21:39.586] [out] [delivery_module] DBG 2026-10-07 09:21:39.586+02:00 Peer added via service discovery           topics="waku service discovery" tid=398107 source="service lookup" peerId=16Uiu2HAm8YokiNun9BkeA1ZRmhLbtNUvcwRr64F69tYj9fkGyuEP addresses="[/ip4/47.242.130.189/tcp/30303, /ip4/47.242.130.189/udp/30303/quic-v1, /dns4/delivery-01.ac-cn-hongkong-c.logos.dev.status.im/tcp/30303]" protocols="[/logos/delivery]"
[2026-10-07 09:21:39.586] [out] [delivery_module] DBG 2026-10-07 09:21:39.586+02:00 Peer added via service discovery           topics="waku service discovery" tid=398107 source="service lookup" peerId=16Uiu2HAm4S1JYkuzDKLKQvwgAhZKs9otxXqt8SCGtB4hoJP1S397 addresses="[/ip4/136.119.156.87/tcp/30303, /ip4/136.119.156.87/udp/30303/quic-v1, /dns4/delivery-01.gc-us-central1-a.logos.dev.status.im/tcp/30303]" protocols="[/logos/delivery]"
[2026-10-07 09:21:39.586] [out] [delivery_module] DBG 2026-10-07 09:21:39.586+02:00 Peer added via service discovery           topics="waku service discovery" tid=398107 source="service lookup" peerId=16Uiu2HAmMK7PYygBtKUQ8EHp7EfaD3bCEsJrkFooK8RQ2PVpJprH addresses="[/ip4/174.138.106.244/tcp/30303, /ip4/174.138.106.244/udp/30303/quic-v1, /dns4/delivery-02.do-ams3.logos.dev.status.im/tcp/30303]" protocols="[/logos/delivery]"
[2026-10-07 09:21:39.587] [out] [delivery_module] DBG 2026-10-07 09:21:39.587+02:00 Peer added via service discovery           topics="waku service discovery" tid=398107 source="service lookup" peerId=16Uiu2HAm8Y9kgBNtjxvCnf1X6gnZJW5EGE4UwwCL3CCm55TwqBiH addresses="[/ip4/34.123.201.25/tcp/30303, /ip4/34.123.201.25/udp/30303/quic-v1, /dns4/delivery-02.gc-us-central1-a.logos.dev.status.im/tcp/30303]" protocols="[/logos/delivery]"
[2026-10-07 09:21:39.587] [out] [delivery_module] DBG 2026-10-07 09:21:39.587+02:00 Peer added via service discovery           topics="waku service discovery" tid=398107 source="service lookup" peerId=16Uiu2HAkyjYrnpwttfaxiNLhdhzc4QKUWWKWXD5C2hYey4CKtDKK addresses="[/ip4/173.42.114.210/tcp/37945]" protocols="[/logos/delivery]"
[2026-10-07 09:21:39.587] [out] [delivery_module] DBG 2026-10-07 09:21:39.587+02:00 Peer added via service discovery           topics="waku service discovery" tid=398107 source="service lookup" peerId=16Uiu2HAkvCmpXVyfo16wPs9m3p2Z99ghpnZTFDyzzowVM7jqCixh addresses="[/ip4/173.42.114.210/tcp/37219]" protocols="[/logos/delivery]"
[2026-10-07 09:21:39.587] [out] [delivery_module] DBG 2026-10-07 09:21:39.587+02:00 Peer added via service discovery           topics="waku service discovery" tid=398107 source="service lookup" peerId=16Uiu2HAm7h4a2g52pbRFvpTFHVvosQ6PkG5H1PSwwaSJo72FWeUS addresses="[/ip4/173.42.114.210/tcp/43243]" protocols="[/logos/delivery]"
[2026-10-07 09:21:39.587] [out] [delivery_module] DBG 2026-10-07 09:21:39.587+02:00 Peer added via service discovery           topics="waku service discovery" tid=398107 source="service lookup" peerId=16Uiu2HAm7x52UXKinnZ4Ld26Wwn5e8J8eJtqaotXFiM7NGyWaRuc addresses="[/ip4/172.16.34.89/tcp/53686, /ip4/172.16.34.89/udp/60946/quic-v1]" protocols="[/logos/delivery]"
[2026-10-07 09:21:39.587] [out] [delivery_module] DBG 2026-10-07 09:21:39.587+02:00 Peer added via service discovery           topics="waku service discovery" tid=398107 source="service lookup" peerId=16Uiu2HAkxBrmLdjythutRKhtiVcG39BUhZLXbxwzG4UmQBk3v1b3 addresses="[/ip4/10.16.8.125/tcp/49352, /ip4/10.16.8.125/udp/55890/quic-v1]" protocols="[/logos/delivery]"
[2026-10-07 09:21:39.587] [out] [delivery_module] DBG 2026-10-07 09:21:39.587+02:00 Peer added via service discovery           topics="waku service discovery" tid=398107 source="service lookup" peerId=16Uiu2HAkvwhGHKNry6LACrB8TmEFoCJKEX29XR5dDUzk3UT3UNSE addresses="[/ip4/43.99.103.10/tcp/30303, /ip4/43.99.103.10/udp/30303/quic-v1, /dns4/delivery-02.ac-cn-hongkong-c.logos.dev.status.im/tcp/30303]" protocols="[/logos/delivery]"
[2026-10-07 09:21:39.587] [out] [delivery_module] DBG 2026-10-07 09:21:39.587+02:00 Service lookup complete                    topics="waku service discovery" tid=398107 service=/logos/delivery found=14
[2026-10-07 09:21:39.589] [out] [delivery_module] DBG 2026-10-07 09:21:39.589+02:00 calculateConnectionState                   tid=398107 relayCount=11 storeClientCount=6 lightpushCount=11 filterCount=11
[2026-10-07 09:21:39.598] [out] [delivery_module] DBG 2026-10-07 09:21:39.598+02:00 Adverts found                              topics="service-disco discoverer" tid=398107 serviceId=913b5c5dbe69...6f90568cea40 remote=16Uiu2...kGyuEP count=1
[2026-10-07 09:21:39.607] [out] [delivery_module] DBG 2026-10-07 09:21:39.607+02:00 Peer added via service discovery           topics="waku service discovery" tid=398107 source="service lookup" peerId=16Uiu2HAm8YokiNun9BkeA1ZRmhLbtNUvcwRr64F69tYj9fkGyuEP addresses="[/ip4/47.242.130.189/tcp/30303, /ip4/47.242.130.189/udp/30303/quic-v1, /dns4/delivery-01.ac-cn-hongkong-c.logos.dev.status.im/tcp/30303]" protocols="[/mix/1.0.0]"
[2026-10-07 09:21:39.607] [out] [delivery_module] DBG 2026-10-07 09:21:39.607+02:00 Peer added via service discovery           topics="waku service discovery" tid=398107 source="service lookup" peerId=16Uiu2HAm4S1JYkuzDKLKQvwgAhZKs9otxXqt8SCGtB4hoJP1S397 addresses="[/ip4/136.119.156.87/tcp/30303, /ip4/136.119.156.87/udp/30303/quic-v1, /dns4/delivery-01.gc-us-central1-a.logos.dev.status.im/tcp/30303]" protocols="[/mix/1.0.0]"
[2026-10-07 09:21:39.607] [out] [delivery_module] DBG 2026-10-07 09:21:39.607+02:00 Peer added via service discovery           topics="waku service discovery" tid=398107 source="service lookup" peerId=16Uiu2HAm8Y9kgBNtjxvCnf1X6gnZJW5EGE4UwwCL3CCm55TwqBiH addresses="[/ip4/34.123.201.25/tcp/30303, /ip4/34.123.201.25/udp/30303/quic-v1, /dns4/delivery-02.gc-us-central1-a.logos.dev.status.im/tcp/30303]" protocols="[/mix/1.0.0]"
[2026-10-07 09:21:39.607] [out] [delivery_module] DBG 2026-10-07 09:21:39.607+02:00 Peer added via service discovery           topics="waku service discovery" tid=398107 source="service lookup" peerId=16Uiu2HAmMK7PYygBtKUQ8EHp7EfaD3bCEsJrkFooK8RQ2PVpJprH addresses="[/ip4/174.138.106.244/tcp/30303, /ip4/174.138.106.244/udp/30303/quic-v1, /dns4/delivery-02.do-ams3.logos.dev.status.im/tcp/30303]" protocols="[/mix/1.0.0]"
[2026-10-07 09:21:39.607] [out] [delivery_module] DBG 2026-10-07 09:21:39.607+02:00 Peer added via service discovery           topics="waku service discovery" tid=398107 source="service lookup" peerId=16Uiu2HAmTUbnxLGT9JvV6mu9oPyDjqHK4Phs1VDJNUgESgNSkuby addresses="[/ip4/138.68.122.137/tcp/30303, /ip4/138.68.122.137/udp/30303/quic-v1, /dns4/delivery-01.do-ams3.logos.dev.status.im/tcp/30303]" protocols="[/mix/1.0.0]"
[2026-10-07 09:21:39.607] [out] [delivery_module] DBG 2026-10-07 09:21:39.607+02:00 Peer added via service discovery           topics="waku service discovery" tid=398107 source="service lookup" peerId=16Uiu2HAkvwhGHKNry6LACrB8TmEFoCJKEX29XR5dDUzk3UT3UNSE addresses="[/ip4/43.99.103.10/tcp/30303, /ip4/43.99.103.10/udp/30303/quic-v1, /dns4/delivery-02.ac-cn-hongkong-c.logos.dev.status.im/tcp/30303]" protocols="[/mix/1.0.0]"
[2026-10-07 09:21:39.607] [out] [delivery_module] DBG 2026-10-07 09:21:39.607+02:00 Service lookup complete                    topics="waku service discovery" tid=398107 service=/mix/1.0.0 found=6
[2026-10-07 09:21:39.692] [out] [delivery_module] DBG 2026-10-07 09:21:39.692+02:00 calculateConnectionState                   tid=398107 relayCount=11 storeClientCount=6 lightpushCount=11 filterCount=11
[2026-10-07 09:21:42.469] [out] [delivery_module] DBG 2026-10-07 09:21:42.468+02:00 Address dial failed                        topics="libp2p dialer" tid=398107 err="quic dial timed out after 3s" peerId=16Uiu2...4d95cy address=/ip4/172.16.34.89/udp/55573/quic-v1 hostname=172.16.34.89
[2026-10-07 09:21:42.469] [out] [delivery_module] DBG 2026-10-07 09:21:42.469+02:00 Address dial failed                        topics="libp2p dialer" tid=398107 err="TcpTransport dial error: (61) Connection refused" peerId=16Uiu2...4d95cy address=/ip4/172.16.34.89/tcp/54112 hostname=172.16.34.89
[2026-10-07 09:21:42.470] [out] [delivery_module] DBG 2026-10-07 09:21:42.470+02:00 Peer dial started                          topics="libp2p dialer" tid=398107 peerId=16Uiu2...4d95cy addresses="[/ip4/172.16.34.89/udp/55573/quic-v1, /ip4/172.16.34.89/tcp/54112]"
[2026-10-07 09:21:42.470] [out] [delivery_module] DBG 2026-10-07 09:21:42.470+02:00 New connection established: client         tid=398107
[2026-10-07 09:21:42.471] [out] [delivery_module] DBG 2026-10-07 09:21:42.471+02:00 Address dial failed                        topics="libp2p dialer" tid=398107 err="quic dial timed out after 3s" peerId=16Uiu2...p34zJM address=/ip4/172.16.34.89/udp/64446/quic-v1 hostname=172.16.34.89
[2026-10-07 09:21:42.471] [out] [delivery_module] DBG 2026-10-07 09:21:42.471+02:00 Address dial failed                        topics="libp2p dialer" tid=398107 err="TcpTransport dial error: (61) Connection refused" peerId=16Uiu2...p34zJM address=/ip4/172.16.34.89/tcp/53956 hostname=172.16.34.89
[2026-10-07 09:21:42.472] [out] [delivery_module] DBG 2026-10-07 09:21:42.472+02:00 Peer dial started                          topics="libp2p dialer" tid=398107 peerId=16Uiu2...p34zJM addresses="[/ip4/172.16.34.89/udp/64446/quic-v1, /ip4/172.16.34.89/tcp/53956]"
[2026-10-07 09:21:42.472] [out] [delivery_module] DBG 2026-10-07 09:21:42.472+02:00 New connection established: client         tid=398107
[2026-10-07 09:21:42.472] [out] [delivery_module] DBG 2026-10-07 09:21:42.472+02:00 Address dial failed                        topics="libp2p dialer" tid=398107 err="quic dial timed out after 3s" peerId=16Uiu2...Vewv1Y address=/ip4/172.16.34.89/udp/61772/quic-v1 hostname=172.16.34.89
[2026-10-07 09:21:42.473] [out] [delivery_module] DBG 2026-10-07 09:21:42.473+02:00 Address dial failed                        topics="libp2p dialer" tid=398107 err="TcpTransport dial error: (61) Connection refused" peerId=16Uiu2...Vewv1Y address=/ip4/172.16.34.89/tcp/53985 hostname=172.16.34.89
[2026-10-07 09:21:42.473] [out] [delivery_module] DBG 2026-10-07 09:21:42.473+02:00 Peer dial started                          topics="libp2p dialer" tid=398107 peerId=16Uiu2...Vewv1Y addresses="[/ip4/172.16.34.89/udp/61772/quic-v1, /ip4/172.16.34.89/tcp/53985]"
[2026-10-07 09:21:42.474] [out] [delivery_module] DBG 2026-10-07 09:21:42.474+02:00 New connection established: client         tid=398107
[2026-10-07 09:21:42.478] [out] [delivery_module] DBG 2026-10-07 09:21:42.478+02:00 Address dial failed                        topics="libp2p dialer" tid=398107 err="quic dial timed out after 3s" peerId=16Uiu2...oXrMK4 address=/ip4/172.16.34.89/udp/56480/quic-v1 hostname=172.16.34.89
[2026-10-07 09:21:42.479] [out] [delivery_module] DBG 2026-10-07 09:21:42.479+02:00 Address dial failed                        topics="libp2p dialer" tid=398107 err="TcpTransport dial error: (61) Connection refused" peerId=16Uiu2...oXrMK4 address=/ip4/172.16.34.89/tcp/53957 hostname=172.16.34.89
[2026-10-07 09:21:42.479] [out] [delivery_module] DBG 2026-10-07 09:21:42.479+02:00 Peer dial started                          topics="libp2p dialer" tid=398107 peerId=16Uiu2...oXrMK4 addresses="[/ip4/172.16.34.89/udp/56480/quic-v1, /ip4/172.16.34.89/tcp/53957]"
[2026-10-07 09:21:42.479] [out] [delivery_module] DBG 2026-10-07 09:21:42.479+02:00 New connection established: client         tid=398107
[2026-10-07 09:21:42.704] [out] [delivery_module] DBG 2026-10-07 09:21:42.704+02:00 ENR addresses updated                      topics="waku enr" tid=398107 retained=0 total=0
[2026-10-07 09:21:42.704] [out] [delivery_module] INF 2026-10-07 09:21:42.704+02:00 ENR reconciled with the discv5 record      topics="wakunode waku" tid=398107 enr=enr:-K24QHSEkTWn5wZlTri4cr_wBTV9d4pCStgho11yKAnDKtDXI1tACOrOnnHMBuTUr2WXgf4k46w27x9UXnkYtb2dh5IOgmlkgnY0im11bHRpYWRkcnOAgnJzkwADCAAAAAEAAgADAAQABQAGAAeJc2VjcDI1NmsxoQIGaof5auBmf88sNwfR9lB154nhmeKcEhl4_VG--Ldim4N0Y3CC08yDdWRwgtilhXdha3UyLQ
[2026-10-07 09:21:43.385] [out] [delivery_module] DBG 2026-10-07 09:21:43.385+02:00 calculateConnectionState                   tid=398107 relayCount=11 storeClientCount=6 lightpushCount=11 filterCount=11
[2026-10-07 09:21:45.471] [out] [delivery_module] DBG 2026-10-07 09:21:45.471+02:00 Address dial failed                        topics="libp2p dialer" tid=398107 err="quic dial timed out after 3s" peerId=16Uiu2...4d95cy address=/ip4/172.16.34.89/udp/55573/quic-v1 hostname=172.16.34.89
[2026-10-07 09:21:45.473] [out] [delivery_module] DBG 2026-10-07 09:21:45.472+02:00 Address dial failed                        topics="libp2p dialer" tid=398107 err="TcpTransport dial error: (61) Connection refused" peerId=16Uiu2...4d95cy address=/ip4/172.16.34.89/tcp/54112 hostname=172.16.34.89
[2026-10-07 09:21:45.473] [out] [delivery_module] DBG 2026-10-07 09:21:45.473+02:00 Protocol stream establishment failed       topics="libp2p dialer" tid=398107 err="Unable to establish outgoing link in establishConnection: peer_id=16Uiu2...4d95cy addrs=[/ip4/172.16.34.89/udp/55573/quic-v1, /ip4/172.16.34.89/tcp/54112]" peerId=16Uiu2...4d95cy protocols="[/logos/service-discovery/1.0.0]" addresses="[/ip4/172.16.34.89/udp/55573/quic-v1, /ip4/172.16.34.89/tcp/54112]" conn=nil
[2026-10-07 09:21:45.473] [out] [delivery_module] DBG 2026-10-07 09:21:45.473+02:00 Peer dial started                          topics="libp2p dialer" tid=398107 peerId=16Uiu2...4d95cy addresses="[/ip4/172.16.34.89/udp/55573/quic-v1, /ip4/172.16.34.89/tcp/54112]"
[2026-10-07 09:21:45.474] [out] [delivery_module] DBG 2026-10-07 09:21:45.474+02:00 New connection established: client         tid=398107
[2026-10-07 09:21:45.474] [out] [delivery_module] DBG 2026-10-07 09:21:45.474+02:00 Address dial failed                        topics="libp2p dialer" tid=398107 err="quic dial timed out after 3s" peerId=16Uiu2...p34zJM address=/ip4/172.16.34.89/udp/64446/quic-v1 hostname=172.16.34.89
[2026-10-07 09:21:45.476] [out] [delivery_module] DBG 2026-10-07 09:21:45.476+02:00 Address dial failed                        topics="libp2p dialer" tid=398107 err="TcpTransport dial error: (61) Connection refused" peerId=16Uiu2...p34zJM address=/ip4/172.16.34.89/tcp/53956 hostname=172.16.34.89
[2026-10-07 09:21:45.476] [out] [delivery_module] DBG 2026-10-07 09:21:45.476+02:00 Address dial failed                        topics="libp2p dialer" tid=398107 err="quic dial timed out after 3s" peerId=16Uiu2...Vewv1Y address=/ip4/172.16.34.89/udp/61772/quic-v1 hostname=172.16.34.89
[2026-10-07 09:21:45.477] [out] [delivery_module] DBG 2026-10-07 09:21:45.477+02:00 Protocol stream establishment failed       topics="libp2p dialer" tid=398107 err="Unable to establish outgoing link in establishConnection: peer_id=16Uiu2...p34zJM addrs=[/ip4/172.16.34.89/udp/64446/quic-v1, /ip4/172.16.34.89/tcp/53956]" peerId=16Uiu2...p34zJM protocols="[/logos/service-discovery/1.0.0]" addresses="[/ip4/172.16.34.89/udp/64446/quic-v1, /ip4/172.16.34.89/tcp/53956]" conn=nil
[2026-10-07 09:21:45.477] [out] [delivery_module] DBG 2026-10-07 09:21:45.477+02:00 Peer dial started                          topics="libp2p dialer" tid=398107 peerId=16Uiu2...p34zJM addresses="[/ip4/172.16.34.89/udp/64446/quic-v1, /ip4/172.16.34.89/tcp/53956]"
[2026-10-07 09:21:45.478] [out] [delivery_module] DBG 2026-10-07 09:21:45.477+02:00 New connection established: client         tid=398107
[2026-10-07 09:21:45.478] [out] [delivery_module] DBG 2026-10-07 09:21:45.478+02:00 Address dial failed                        topics="libp2p dialer" tid=398107 err="TcpTransport dial error: (61) Connection refused" peerId=16Uiu2...Vewv1Y address=/ip4/172.16.34.89/tcp/53985 hostname=172.16.34.89
[2026-10-07 09:21:45.478] [out] [delivery_module] DBG 2026-10-07 09:21:45.478+02:00 Protocol stream establishment failed       topics="libp2p dialer" tid=398107 err="Unable to establish outgoing link in establishConnection: peer_id=16Uiu2...Vewv1Y addrs=[/ip4/172.16.34.89/udp/61772/quic-v1, /ip4/172.16.34.89/tcp/53985]" peerId=16Uiu2...Vewv1Y protocols="[/logos/service-discovery/1.0.0]" addresses="[/ip4/172.16.34.89/udp/61772/quic-v1, /ip4/172.16.34.89/tcp/53985]" conn=nil
[2026-10-07 09:21:45.479] [out] [delivery_module] DBG 2026-10-07 09:21:45.479+02:00 Peer dial started                          topics="libp2p dialer" tid=398107 peerId=16Uiu2...Vewv1Y addresses="[/ip4/172.16.34.89/udp/61772/quic-v1, /ip4/172.16.34.89/tcp/53985]"
[2026-10-07 09:21:45.479] [out] [delivery_module] DBG 2026-10-07 09:21:45.479+02:00 New connection established: client         tid=398107
[2026-10-07 09:21:45.481] [out] [delivery_module] DBG 2026-10-07 09:21:45.481+02:00 Address dial failed                        topics="libp2p dialer" tid=398107 err="quic dial timed out after 3s" peerId=16Uiu2...oXrMK4 address=/ip4/172.16.34.89/udp/56480/quic-v1 hostname=172.16.34.89
[2026-10-07 09:21:45.482] [out] [delivery_module] DBG 2026-10-07 09:21:45.481+02:00 Address dial failed                        topics="libp2p dialer" tid=398107 err="TcpTransport dial error: (61) Connection refused" peerId=16Uiu2...oXrMK4 address=/ip4/172.16.34.89/tcp/53957 hostname=172.16.34.89
[2026-10-07 09:21:45.482] [out] [delivery_module] DBG 2026-10-07 09:21:45.482+02:00 Protocol stream establishment failed       topics="libp2p dialer" tid=398107 err="Unable to establish outgoing link in establishConnection: peer_id=16Uiu2...oXrMK4 addrs=[/ip4/172.16.34.89/udp/56480/quic-v1, /ip4/172.16.34.89/tcp/53957]" peerId=16Uiu2...oXrMK4 protocols="[/logos/service-discovery/1.0.0]" addresses="[/ip4/172.16.34.89/udp/56480/quic-v1, /ip4/172.16.34.89/tcp/53957]" conn=nil
[2026-10-07 09:21:45.482] [out] [delivery_module] DBG 2026-10-07 09:21:45.482+02:00 Peer dial started                          topics="libp2p dialer" tid=398107 peerId=16Uiu2...oXrMK4 addresses="[/ip4/172.16.34.89/udp/56480/quic-v1, /ip4/172.16.34.89/tcp/53957]"
[2026-10-07 09:21:45.482] [out] [delivery_module] DBG 2026-10-07 09:21:45.482+02:00 New connection established: client         tid=398107
[2026-10-07 09:21:47.699] [out] [delivery_module] DBG 2026-10-07 09:21:47.699+02:00 Finished dialing multiple peers            topics="waku node peer_manager" tid=398107 successfulConns=0 attempted=6
[2026-10-07 09:21:47.711] [out] [delivery_module] DBG 2026-10-07 09:21:47.711+02:00 Creating stream                            tid=398107
[2026-10-07 09:21:47.711] [out] [delivery_module] DBG 2026-10-07 09:21:47.711+02:00 New stream created                         tid=398107
[2026-10-07 09:21:48.476] [out] [delivery_module] DBG 2026-10-07 09:21:48.476+02:00 Address dial failed                        topics="libp2p dialer" tid=398107 err="quic dial timed out after 3s" peerId=16Uiu2...4d95cy address=/ip4/172.16.34.89/udp/55573/quic-v1 hostname=172.16.34.89
[2026-10-07 09:21:48.477] [out] [delivery_module] DBG 2026-10-07 09:21:48.477+02:00 Address dial failed                        topics="libp2p dialer" tid=398107 err="TcpTransport dial error: (61) Connection refused" peerId=16Uiu2...4d95cy address=/ip4/172.16.34.89/tcp/54112 hostname=172.16.34.89
[2026-10-07 09:21:48.477] [out] [delivery_module] DBG 2026-10-07 09:21:48.477+02:00 Protocol stream establishment failed       topics="libp2p dialer" tid=398107 err="Unable to establish outgoing link in establishConnection: peer_id=16Uiu2...4d95cy addrs=[/ip4/172.16.34.89/udp/55573/quic-v1, /ip4/172.16.34.89/tcp/54112]" peerId=16Uiu2...4d95cy protocols="[/logos/service-discovery/1.0.0]" addresses="[/ip4/172.16.34.89/udp/55573/quic-v1, /ip4/172.16.34.89/tcp/54112]" conn=nil
[2026-10-07 09:21:48.477] [out] [delivery_module] DBG 2026-10-07 09:21:48.477+02:00 Peer dial started                          topics="libp2p dialer" tid=398107 peerId=16Uiu2...4d95cy addresses="[/ip4/172.16.34.89/udp/55573/quic-v1, /ip4/172.16.34.89/tcp/54112]"
[2026-10-07 09:21:48.478] [out] [delivery_module] DBG 2026-10-07 09:21:48.478+02:00 New connection established: client         tid=398107
[2026-10-07 09:21:48.479] [out] [delivery_module] DBG 2026-10-07 09:21:48.479+02:00 Address dial failed                        topics="libp2p dialer" tid=398107 err="quic dial timed out after 3s" peerId=16Uiu2...p34zJM address=/ip4/172.16.34.89/udp/64446/quic-v1 hostname=172.16.34.89
[2026-10-07 09:21:48.479] [out] [delivery_module] DBG 2026-10-07 09:21:48.479+02:00 Address dial failed                        topics="libp2p dialer" tid=398107 err="TcpTransport dial error: (61) Connection refused" peerId=16Uiu2...p34zJM address=/ip4/172.16.34.89/tcp/53956 hostname=172.16.34.89
[2026-10-07 09:21:48.479] [out] [delivery_module] DBG 2026-10-07 09:21:48.479+02:00 Protocol stream establishment failed       topics="libp2p dialer" tid=398107 err="Unable to establish outgoing link in establishConnection: peer_id=16Uiu2...p34zJM addrs=[/ip4/172.16.34.89/udp/64446/quic-v1, /ip4/172.16.34.89/tcp/53956]" peerId=16Uiu2...p34zJM protocols="[/logos/service-discovery/1.0.0]" addresses="[/ip4/172.16.34.89/udp/64446/quic-v1, /ip4/172.16.34.89/tcp/53956]" conn=nil
[2026-10-07 09:21:48.480] [out] [delivery_module] DBG 2026-10-07 09:21:48.480+02:00 Peer dial started                          topics="libp2p dialer" tid=398107 peerId=16Uiu2...p34zJM addresses="[/ip4/172.16.34.89/udp/64446/quic-v1, /ip4/172.16.34.89/tcp/53956]"
[2026-10-07 09:21:48.481] [out] [delivery_module] DBG 2026-10-07 09:21:48.480+02:00 New connection established: client         tid=398107
[2026-10-07 09:21:48.481] [out] [delivery_module] DBG 2026-10-07 09:21:48.481+02:00 Address dial failed                        topics="libp2p dialer" tid=398107 err="quic dial timed out after 3s" peerId=16Uiu2...Vewv1Y address=/ip4/172.16.34.89/udp/61772/quic-v1 hostname=172.16.34.89
[2026-10-07 09:21:48.482] [out] [delivery_module] DBG 2026-10-07 09:21:48.482+02:00 Address dial failed                        topics="libp2p dialer" tid=398107 err="TcpTransport dial error: (61) Connection refused" peerId=16Uiu2...Vewv1Y address=/ip4/172.16.34.89/tcp/53985 hostname=172.16.34.89
[2026-10-07 09:21:48.482] [out] [delivery_module] DBG 2026-10-07 09:21:48.482+02:00 Protocol stream establishment failed       topics="libp2p dialer" tid=398107 err="Unable to establish outgoing link in establishConnection: peer_id=16Uiu2...Vewv1Y addrs=[/ip4/172.16.34.89/udp/61772/quic-v1, /ip4/172.16.34.89/tcp/53985]" peerId=16Uiu2...Vewv1Y protocols="[/logos/service-discovery/1.0.0]" addresses="[/ip4/172.16.34.89/udp/61772/quic-v1, /ip4/172.16.34.89/tcp/53985]" conn=nil
[2026-10-07 09:21:48.482] [out] [delivery_module] DBG 2026-10-07 09:21:48.482+02:00 Peer dial started                          topics="libp2p dialer" tid=398107 peerId=16Uiu2...Vewv1Y addresses="[/ip4/172.16.34.89/udp/61772/quic-v1, /ip4/172.16.34.89/tcp/53985]"
[2026-10-07 09:21:48.483] [out] [delivery_module] DBG 2026-10-07 09:21:48.482+02:00 New connection established: client         tid=398107
[2026-10-07 09:21:48.484] [out] [delivery_module] DBG 2026-10-07 09:21:48.484+02:00 Address dial failed                        topics="libp2p dialer" tid=398107 err="quic dial timed out after 3s" peerId=16Uiu2...oXrMK4 address=/ip4/172.16.34.89/udp/56480/quic-v1 hostname=172.16.34.89
[2026-10-07 09:21:48.486] [out] [delivery_module] DBG 2026-10-07 09:21:48.486+02:00 Address dial failed                        topics="libp2p dialer" tid=398107 err="TcpTransport dial error: (61) Connection refused" peerId=16Uiu2...oXrMK4 address=/ip4/172.16.34.89/tcp/53957 hostname=172.16.34.89
[2026-10-07 09:21:48.487] [out] [delivery_module] DBG 2026-10-07 09:21:48.487+02:00 Protocol stream establishment failed       topics="libp2p dialer" tid=398107 err="Unable to establish outgoing link in establishConnection: peer_id=16Uiu2...oXrMK4 addrs=[/ip4/172.16.34.89/udp/56480/quic-v1, /ip4/172.16.34.89/tcp/53957]" peerId=16Uiu2...oXrMK4 protocols="[/logos/service-discovery/1.0.0]" addresses="[/ip4/172.16.34.89/udp/56480/quic-v1, /ip4/172.16.34.89/tcp/53957]" conn=nil
[2026-10-07 09:21:48.488] [out] [delivery_module] DBG 2026-10-07 09:21:48.487+02:00 Peer dial started                          topics="libp2p dialer" tid=398107 peerId=16Uiu2...oXrMK4 addresses="[/ip4/172.16.34.89/udp/56480/quic-v1, /ip4/172.16.34.89/tcp/53957]"
[2026-10-07 09:21:48.489] [out] [delivery_module] DBG 2026-10-07 09:21:48.488+02:00 New connection established: client         tid=398107
[2026-10-07 09:21:49.788] [out] [delivery_module] DBG 2026-10-07 09:21:49.788+02:00 New stream created                         tid=398107
[2026-10-07 09:21:51.484] [out] [delivery_module] DBG 2026-10-07 09:21:51.484+02:00 Address dial failed                        topics="libp2p dialer" tid=398107 err="quic dial timed out after 3s" peerId=16Uiu2...4d95cy address=/ip4/172.16.34.89/udp/55573/quic-v1 hostname=172.16.34.89
[2026-10-07 09:21:51.484] [out] [delivery_module] DBG 2026-10-07 09:21:51.484+02:00 Address dial failed                        topics="libp2p dialer" tid=398107 err="quic dial timed out after 3s" peerId=16Uiu2...p34zJM address=/ip4/172.16.34.89/udp/64446/quic-v1 hostname=172.16.34.89
[2026-10-07 09:21:51.485] [out] [delivery_module] DBG 2026-10-07 09:21:51.485+02:00 Address dial failed                        topics="libp2p dialer" tid=398107 err="quic dial timed out after 3s" peerId=16Uiu2...Vewv1Y address=/ip4/172.16.34.89/udp/61772/quic-v1 hostname=172.16.34.89
[2026-10-07 09:21:51.486] [out] [delivery_module] DBG 2026-10-07 09:21:51.486+02:00 Address dial failed                        topics="libp2p dialer" tid=398107 err="TcpTransport dial error: (61) Connection refused" peerId=16Uiu2...4d95cy address=/ip4/172.16.34.89/tcp/54112 hostname=172.16.34.89
[2026-10-07 09:21:51.486] [out] [delivery_module] DBG 2026-10-07 09:21:51.486+02:00 Address dial failed                        topics="libp2p dialer" tid=398107 err="TcpTransport dial error: (61) Connection refused" peerId=16Uiu2...p34zJM address=/ip4/172.16.34.89/tcp/53956 hostname=172.16.34.89
[2026-10-07 09:21:51.488] [out] [delivery_module] DBG 2026-10-07 09:21:51.487+02:00 Address dial failed                        topics="libp2p dialer" tid=398107 err="TcpTransport dial error: (61) Connection refused" peerId=16Uiu2...Vewv1Y address=/ip4/172.16.34.89/tcp/53985 hostname=172.16.34.89
[2026-10-07 09:21:51.488] [out] [delivery_module] DBG 2026-10-07 09:21:51.488+02:00 Protocol stream establishment failed       topics="libp2p dialer" tid=398107 err="Unable to establish outgoing link in establishConnection: peer_id=16Uiu2...4d95cy addrs=[/ip4/172.16.34.89/udp/55573/quic-v1, /ip4/172.16.34.89/tcp/54112]" peerId=16Uiu2...4d95cy protocols="[/logos/service-discovery/1.0.0]" addresses="[/ip4/172.16.34.89/udp/55573/quic-v1, /ip4/172.16.34.89/tcp/54112]" conn=nil
[2026-10-07 09:21:51.488] [out] [delivery_module] DBG 2026-10-07 09:21:51.488+02:00 Peer dial started                          topics="libp2p dialer" tid=398107 peerId=16Uiu2...4d95cy addresses="[/ip4/172.16.34.89/udp/55573/quic-v1, /ip4/172.16.34.89/tcp/54112]"
[2026-10-07 09:21:51.489] [out] [delivery_module] DBG 2026-10-07 09:21:51.489+02:00 New connection established: client         tid=398107
[2026-10-07 09:21:51.489] [out] [delivery_module] DBG 2026-10-07 09:21:51.489+02:00 Protocol stream establishment failed       topics="libp2p dialer" tid=398107 err="Unable to establish outgoing link in establishConnection: peer_id=16Uiu2...p34zJM addrs=[/ip4/172.16.34.89/udp/64446/quic-v1, /ip4/172.16.34.89/tcp/53956]" peerId=16Uiu2...p34zJM protocols="[/logos/service-discovery/1.0.0]" addresses="[/ip4/172.16.34.89/udp/64446/quic-v1, /ip4/172.16.34.89/tcp/53956]" conn=nil
[2026-10-07 09:21:51.489] [out] [delivery_module] DBG 2026-10-07 09:21:51.489+02:00 Peer dial started                          topics="libp2p dialer" tid=398107 peerId=16Uiu2...p34zJM addresses="[/ip4/172.16.34.89/udp/64446/quic-v1, /ip4/172.16.34.89/tcp/53956]"
[2026-10-07 09:21:51.489] [out] [delivery_module] DBG 2026-10-07 09:21:51.489+02:00 New connection established: client         tid=398107
[2026-10-07 09:21:51.490] [out] [delivery_module] DBG 2026-10-07 09:21:51.490+02:00 Protocol stream establishment failed       topics="libp2p dialer" tid=398107 err="Unable to establish outgoing link in establishConnection: peer_id=16Uiu2...Vewv1Y addrs=[/ip4/172.16.34.89/udp/61772/quic-v1, /ip4/172.16.34.89/tcp/53985]" peerId=16Uiu2...Vewv1Y protocols="[/logos/service-discovery/1.0.0]" addresses="[/ip4/172.16.34.89/udp/61772/quic-v1, /ip4/172.16.34.89/tcp/53985]" conn=nil
[2026-10-07 09:21:51.491] [out] [delivery_module] DBG 2026-10-07 09:21:51.491+02:00 Peer dial started                          topics="libp2p dialer" tid=398107 peerId=16Uiu2...Vewv1Y addresses="[/ip4/172.16.34.89/udp/61772/quic-v1, /ip4/172.16.34.89/tcp/53985]"
[2026-10-07 09:21:51.491] [out] [delivery_module] DBG 2026-10-07 09:21:51.491+02:00 New connection established: client         tid=398107
[2026-10-07 09:21:51.493] [out] [delivery_module] DBG 2026-10-07 09:21:51.493+02:00 Address dial failed                        topics="libp2p dialer" tid=398107 err="quic dial timed out after 3s" peerId=16Uiu2...oXrMK4 address=/ip4/172.16.34.89/udp/56480/quic-v1 hostname=172.16.34.89
[2026-10-07 09:21:51.494] [out] [delivery_module] DBG 2026-10-07 09:21:51.494+02:00 Address dial failed                        topics="libp2p dialer" tid=398107 err="TcpTransport dial error: (61) Connection refused" peerId=16Uiu2...oXrMK4 address=/ip4/172.16.34.89/tcp/53957 hostname=172.16.34.89
[2026-10-07 09:21:51.495] [out] [delivery_module] DBG 2026-10-07 09:21:51.495+02:00 Protocol stream establishment failed       topics="libp2p dialer" tid=398107 err="Unable to establish outgoing link in establishConnection: peer_id=16Uiu2...oXrMK4 addrs=[/ip4/172.16.34.89/udp/56480/quic-v1, /ip4/172.16.34.89/tcp/53957]" peerId=16Uiu2...oXrMK4 protocols="[/logos/service-discovery/1.0.0]" addresses="[/ip4/172.16.34.89/udp/56480/quic-v1, /ip4/172.16.34.89/tcp/53957]" conn=nil
[2026-10-07 09:21:53.862] [out] [delivery_module] DBG 2026-10-07 09:21:53.862+02:00 calculateConnectionState                   tid=398107 relayCount=11 storeClientCount=6 lightpushCount=11 filterCount=11
[2026-10-07 09:21:54.495] [out] [delivery_module] DBG 2026-10-07 09:21:54.495+02:00 Address dial failed                        topics="libp2p dialer" tid=398107 err="quic dial timed out after 3s" peerId=16Uiu2...4d95cy address=/ip4/172.16.34.89/udp/55573/quic-v1 hostname=172.16.34.89
[2026-10-07 09:21:54.495] [out] [delivery_module] DBG 2026-10-07 09:21:54.495+02:00 Address dial failed                        topics="libp2p dialer" tid=398107 err="quic dial timed out after 3s" peerId=16Uiu2...p34zJM address=/ip4/172.16.34.89/udp/64446/quic-v1 hostname=172.16.34.89
[2026-10-07 09:21:54.495] [out] [delivery_module] DBG 2026-10-07 09:21:54.495+02:00 Address dial failed                        topics="libp2p dialer" tid=398107 err="quic dial timed out after 3s" peerId=16Uiu2...Vewv1Y address=/ip4/172.16.34.89/udp/61772/quic-v1 hostname=172.16.34.89
[2026-10-07 09:21:54.499] [out] [delivery_module] DBG 2026-10-07 09:21:54.499+02:00 Address dial failed                        topics="libp2p dialer" tid=398107 err="TcpTransport dial error: (61) Connection refused" peerId=16Uiu2...4d95cy address=/ip4/172.16.34.89/tcp/54112 hostname=172.16.34.89
[2026-10-07 09:21:54.499] [out] [delivery_module] DBG 2026-10-07 09:21:54.499+02:00 Address dial failed                        topics="libp2p dialer" tid=398107 err="TcpTransport dial error: (61) Connection refused" peerId=16Uiu2...p34zJM address=/ip4/172.16.34.89/tcp/53956 hostname=172.16.34.89
[2026-10-07 09:21:54.500] [out] [delivery_module] DBG 2026-10-07 09:21:54.499+02:00 Address dial failed                        topics="libp2p dialer" tid=398107 err="TcpTransport dial error: (61) Connection refused" peerId=16Uiu2...Vewv1Y address=/ip4/172.16.34.89/tcp/53985 hostname=172.16.34.89
[2026-10-07 09:21:54.502] [out] [delivery_module] DBG 2026-10-07 09:21:54.502+02:00 Protocol stream establishment failed       topics="libp2p dialer" tid=398107 err="Unable to establish outgoing link in establishConnection: peer_id=16Uiu2...4d95cy addrs=[/ip4/172.16.34.89/udp/55573/quic-v1, /ip4/172.16.34.89/tcp/54112]" peerId=16Uiu2...4d95cy protocols="[/logos/service-discovery/1.0.0]" addresses="[/ip4/172.16.34.89/udp/55573/quic-v1, /ip4/172.16.34.89/tcp/54112]" conn=nil
[2026-10-07 09:21:54.503] [out] [delivery_module] DBG 2026-10-07 09:21:54.502+02:00 Protocol stream establishment failed       topics="libp2p dialer" tid=398107 err="Unable to establish outgoing link in establishConnection: peer_id=16Uiu2...p34zJM addrs=[/ip4/172.16.34.89/udp/64446/quic-v1, /ip4/172.16.34.89/tcp/53956]" peerId=16Uiu2...p34zJM protocols="[/logos/service-discovery/1.0.0]" addresses="[/ip4/172.16.34.89/udp/64446/quic-v1, /ip4/172.16.34.89/tcp/53956]" conn=nil
[2026-10-07 09:21:54.503] [out] [delivery_module] DBG 2026-10-07 09:21:54.503+02:00 Protocol stream establishment failed       topics="libp2p dialer" tid=398107 err="Unable to establish outgoing link in establishConnection: peer_id=16Uiu2...Vewv1Y addrs=[/ip4/172.16.34.89/udp/61772/quic-v1, /ip4/172.16.34.89/tcp/53985]" peerId=16Uiu2...Vewv1Y protocols="[/logos/service-discovery/1.0.0]" addresses="[/ip4/172.16.34.89/udp/61772/quic-v1, /ip4/172.16.34.89/tcp/53985]" conn=nil
[2026-10-07 09:21:58.130] [info] [logos] [delivery_module] DeliveryModuleImpl::send called with contentTopic: /lp0026forum/1/general/text
[2026-10-07 09:21:58.133] [out] [delivery_module] DBG 2026-10-07 09:21:58.132+02:00 SendService.send: processing delivery task topics="send service" tid=398107 requestId=6c56cf106385b4a6bef3 msgHash=0xf8a6e904109d226c69cf84a475988c5af839eb7ccce61c83b78eb64a1f474df5
[2026-10-07 09:21:58.133] [info] [logos] [delivery_module] DeliveryModuleImpl: Send initiated for topic: /lp0026forum/1/general/text, with success, requestId: 6c56cf106385b4a6bef3
[2026-10-07 09:21:58.134] [out] [delivery_module] DBG 2026-10-07 09:21:58.134+02:00 Trying message delivery via Mix            topics="send service mix processor" tid=398107 requestId=6c56cf106385b4a6bef3 msgHash=0xf8a6e904109d226c69cf84a475988c5af839eb7ccce61c83b78eb64a1f474df5 tryCount=1
[2026-10-07 09:21:58.135] [out] [delivery_module] DBG 2026-10-07 09:21:58.135+02:00 Publishing message with lightpush          topics="waku node lightpush api" tid=398107 pubsubTopic=/waku/2/rs/3/7 contentTopic=/lp0026forum/1/general/text target_peer_id=16Uiu2...VpJprH msg_hash=0xf8a6e904109d226c69cf84a475988c5af839eb7ccce61c83b78eb64a1f474df5 mixify=true
[2026-10-07 09:21:58.135] [out] [delivery_module] DBG 2026-10-07 09:21:58.135+02:00 Publish                                    topics="waku lightpush client" tid=398107 myPeerId=16Uiu2...YzP6aE peerId= msgHash=0xf8a6e904109d226c69cf84a475988c5af839eb7ccce61c83b78eb64a1f474df5 sentTime=1791357718135220992
[2026-10-07 09:21:58.135] [out] [delivery_module] DBG 2026-10-07 09:21:58.135+02:00 Destination data                           tid=398107 destination=MixDestination[MixNode](16Uiu2HAmMK7PYygBtKUQ8EHp7EfaD3bCEsJrkFooK8RQ2PVpJprH)
[2026-10-07 09:21:58.135] [out] [delivery_module] DBG 2026-10-07 09:21:58.135+02:00 Selected mix node:                         tid=398107 indexInPath=0 peerId=16Uiu2...T3UNSE
[2026-10-07 09:21:58.135] [out] [delivery_module] DBG 2026-10-07 09:21:58.135+02:00 Selected mix node:                         tid=398107 indexInPath=1 peerId=16Uiu2...yWaRuc
[2026-10-07 09:21:58.135] [out] [delivery_module] DBG 2026-10-07 09:21:58.135+02:00 Selected mix node:                         tid=398107 indexInPath=2 peerId=16Uiu2...VpJprH
[2026-10-07 09:21:58.136] [out] [delivery_module] DBG 2026-10-07 09:21:58.135+02:00 Selected mix node for surbs:               tid=398107 indexInPath=0 peerId=16Uiu2...kGyuEP
[2026-10-07 09:21:58.136] [out] [delivery_module] DBG 2026-10-07 09:21:58.135+02:00 Selected mix node for surbs:               tid=398107 indexInPath=1 peerId=16Uiu2...T3UNSE
[2026-10-07 09:21:58.182] [out] [delivery_module] DBG 2026-10-07 09:21:58.182+02:00 Creating stream                            tid=398107
[2026-10-07 09:21:58.183] [out] [delivery_module] DBG 2026-10-07 09:21:58.182+02:00 New stream created                         tid=398107
qt.qpa.fonts: Populating font family aliases took 144 ms. Replace uses of missing font family "Monospace" with one that exists to avoid this cost. 
[2026-10-07 09:21:59.039] [out] [delivery_module] INF 2026-10-07 09:21:59.039+02:00 Message received                           tid=398107 msg_hash=0xf8a6e904109d226c69cf84a475988c5af839eb7ccce61c83b78eb64a1f474df5 contentTopic=/lp0026forum/1/general/text pubsubTopic=/waku/2/rs/3/7 source=live
[2026-10-07 09:21:59.773] [out] [delivery_module] DBG 2026-10-07 09:21:59.773+02:00 Message propagated via Mix                 topics="send service mix processor" tid=398107 requestId=6c56cf106385b4a6bef3 msgHash=0xf8a6e904109d226c69cf84a475988c5af839eb7ccce61c83b78eb64a1f474df5
[2026-10-07 09:21:59.773] [out] [delivery_module] INF 2026-10-07 09:21:59.773+02:00 Message successfully propagated            topics="send service" tid=398107 requestId=6c56cf106385b4a6bef3 msgHash=withheld
[2026-10-07 09:21:59.773] [out] [delivery_module] INF 2026-10-07 09:21:59.773+02:00 Message successfully sent over mix         topics="send service" tid=398107 requestId=6c56cf106385b4a6bef3
[2026-10-07 09:22:00.278] [out] [delivery_module] DBG 2026-10-07 09:22:00.278+02:00 New stream created                         tid=398107
[2026-10-07 09:22:00.724] [out] [delivery_module] DBG 2026-10-07 09:22:00.718+02:00 Dialing multiple peers                     topics="waku node peer_manager" tid=398107 numOfPeers=1 nodes=@[16Uiu2HAmQNy6gx7xKWAhCNN7T7ScjNY1kugZWnXAtkek6w28TTLb]
[2026-10-07 09:22:00.724] [out] [delivery_module] DBG 2026-10-07 09:22:00.718+02:00 Peer dial started                          topics="libp2p dialer" tid=398107 peerId=16Uiu2...28TTLb addresses=[/ip4/173.42.114.210/tcp/36503]
[2026-10-07 09:22:01.119] [out] [delivery_module] DBG 2026-10-07 09:22:01.119+02:00 New stream created                         tid=398107
[2026-10-07 09:22:01.137] [info] [logos] [delivery_module] DeliveryModuleImpl::send called with contentTopic: /lp0026forum/1/general/text
[2026-10-07 09:22:01.141] [out] [delivery_module] DBG 2026-10-07 09:22:01.139+02:00 SendService.send: processing delivery task topics="send service" tid=398107 requestId=9a167d118ccade187b79 msgHash=0x84f31a6141fe38cb89bf88eae7ada53c7d45efa856cbc0d6203d896ff387df51
[2026-10-07 09:22:01.141] [info] [logos] [delivery_module] DeliveryModuleImpl: Send initiated for topic: /lp0026forum/1/general/text, with success, requestId: 9a167d118ccade187b79
[2026-10-07 09:22:01.144] [out] [delivery_module] DBG 2026-10-07 09:22:01.142+02:00 Trying message delivery via Mix            topics="send service mix processor" tid=398107 requestId=9a167d118ccade187b79 msgHash=0x84f31a6141fe38cb89bf88eae7ada53c7d45efa856cbc0d6203d896ff387df51 tryCount=1
[2026-10-07 09:22:01.144] [out] [delivery_module] DBG 2026-10-07 09:22:01.143+02:00 Publishing message with lightpush          topics="waku node lightpush api" tid=398107 pubsubTopic=/waku/2/rs/3/7 contentTopic=/lp0026forum/1/general/text target_peer_id=16Uiu2...NSkuby msg_hash=0x84f31a6141fe38cb89bf88eae7ada53c7d45efa856cbc0d6203d896ff387df51 mixify=true
[2026-10-07 09:22:01.144] [out] [delivery_module] DBG 2026-10-07 09:22:01.143+02:00 Publish                                    topics="waku lightpush client" tid=398107 myPeerId=16Uiu2...YzP6aE peerId= msgHash=0x84f31a6141fe38cb89bf88eae7ada53c7d45efa856cbc0d6203d896ff387df51 sentTime=1791357721143766016
[2026-10-07 09:22:01.144] [out] [delivery_module] DBG 2026-10-07 09:22:01.143+02:00 Destination data                           tid=398107 destination=MixDestination[MixNode](16Uiu2HAmTUbnxLGT9JvV6mu9oPyDjqHK4Phs1VDJNUgESgNSkuby)
[2026-10-07 09:22:01.144] [out] [delivery_module] DBG 2026-10-07 09:22:01.143+02:00 Selected mix node:                         tid=398107 indexInPath=0 peerId=16Uiu2...P1S397
[2026-10-07 09:22:01.144] [out] [delivery_module] DBG 2026-10-07 09:22:01.143+02:00 Selected mix node:                         tid=398107 indexInPath=1 peerId=16Uiu2...TwqBiH
[2026-10-07 09:22:01.144] [out] [delivery_module] DBG 2026-10-07 09:22:01.144+02:00 Selected mix node:                         tid=398107 indexInPath=2 peerId=16Uiu2...NSkuby
[2026-10-07 09:22:01.144] [out] [delivery_module] DBG 2026-10-07 09:22:01.144+02:00 Selected mix node for surbs:               tid=398107 indexInPath=0 peerId=16Uiu2...TwqBiH
[2026-10-07 09:22:01.149] [out] [delivery_module] DBG 2026-10-07 09:22:01.144+02:00 Selected mix node for surbs:               tid=398107 indexInPath=1 peerId=16Uiu2...kGyuEP
[2026-10-07 09:22:01.224] [out] [delivery_module] DBG 2026-10-07 09:22:01.223+02:00 created new pubsub peer                    topics="libp2p pubsub" tid=398107 peerId=16Uiu2...28TTLb
[2026-10-07 09:22:01.224] [out] [delivery_module] DBG 2026-10-07 09:22:01.224+02:00 no listener registered                     tid=398108 event=onConnectionChange
[2026-10-07 09:22:01.226] [out] [delivery_module] DBG 2026-10-07 09:22:01.226+02:00 calculateConnectionState                   tid=398107 relayCount=11 storeClientCount=6 lightpushCount=11 filterCount=11
[2026-10-07 09:22:01.263] [out] [delivery_module] DBG 2026-10-07 09:22:01.263+02:00 Incoming WakuRelay connection              topics="waku relay" tid=398107 connection=16Uiu2...28TTLb:6ac5f3190296c2101e7e8f55 protocol=/vac/waku/relay/2.0.0
[2026-10-07 09:22:01.350] [out] [delivery_module] DBG 2026-10-07 09:22:01.350+02:00 Event identified                           topics="waku node peer_manager" tid=398107 peerId=16Uiu2...28TTLb
[2026-10-07 09:22:01.353] [out] [delivery_module] DBG 2026-10-07 09:22:01.352+02:00 no listener registered                     tid=398108 event=onConnectionChange
[2026-10-07 09:22:01.355] [out] [delivery_module] DBG 2026-10-07 09:22:01.355+02:00 calculateConnectionState                   tid=398107 relayCount=11 storeClientCount=6 lightpushCount=12 filterCount=12
[2026-10-07 09:22:01.461] [out] [delivery_module] DBG 2026-10-07 09:22:01.459+02:00 calculateConnectionState                   tid=398107 relayCount=12 storeClientCount=6 lightpushCount=12 filterCount=12
[2026-10-07 09:22:01.601] [out] [delivery_module] DBG 2026-10-07 09:22:01.601+02:00 Received WakuMetadata request              topics="waku metadata" tid=398107 remoteClusterId=ok(3) remoteShards="[5, 0, 2, 1, 4, 7, 3, 6]" localClusterId=3 localShards="[5, 0, 2, 1, 4, 7, 3, 6]" peer=16Uiu2...28TTLb
[2026-10-07 09:22:01.603] [out] [delivery_module] DBG 2026-10-07 09:22:01.603+02:00 no listener registered                     tid=398108 event=onConnectionChange
[2026-10-07 09:22:01.610] [out] [delivery_module] DBG 2026-10-07 09:22:01.610+02:00 calculateConnectionState                   tid=398107 relayCount=12 storeClientCount=6 lightpushCount=12 filterCount=12
[2026-10-07 09:22:01.612] [out] [delivery_module] DBG 2026-10-07 09:22:01.612+02:00 Finished dialing multiple peers            topics="waku node peer_manager" tid=398107 successfulConns=1 attempted=1
[2026-10-07 09:22:01.647] [out] [delivery_module] INF 2026-10-07 09:22:01.647+02:00 Message received                           tid=398107 msg_hash=0x84f31a6141fe38cb89bf88eae7ada53c7d45efa856cbc0d6203d896ff387df51 contentTopic=/lp0026forum/1/general/text pubsubTopic=/waku/2/rs/3/7 source=live
[2026-10-07 09:22:02.455] [out] [delivery_module] DBG 2026-10-07 09:22:02.455+02:00 Message propagated via Mix                 topics="send service mix processor" tid=398107 requestId=9a167d118ccade187b79 msgHash=0x84f31a6141fe38cb89bf88eae7ada53c7d45efa856cbc0d6203d896ff387df51
[2026-10-07 09:22:02.456] [out] [delivery_module] INF 2026-10-07 09:22:02.456+02:00 Message successfully propagated            topics="send service" tid=398107 requestId=9a167d118ccade187b79 msgHash=withheld
[2026-10-07 09:22:02.456] [out] [delivery_module] INF 2026-10-07 09:22:02.456+02:00 Message successfully sent over mix         topics="send service" tid=398107 requestId=9a167d118ccade187b79
[2026-10-07 09:22:03.129] [out] [delivery_module] DBG 2026-10-07 09:22:03.129+02:00 Creating stream                            tid=398107
[2026-10-07 09:22:03.129] [out] [delivery_module] DBG 2026-10-07 09:22:03.129+02:00 New stream created                         tid=398107
[2026-10-07 09:22:03.142] [out] [delivery_module] DBG 2026-10-07 09:22:03.142+02:00 Transport connection accepted              topics="libp2p switch" tid=398107 conn=:6ac5f31b0296c2101e7e8f5d
[2026-10-07 09:22:03.142] [out] [delivery_module] DBG 2026-10-07 09:22:03.142+02:00 Transport connection acceptance started    topics="libp2p switch" tid=398107
[2026-10-07 09:22:03.143] [out] [delivery_module] DBG 2026-10-07 09:22:03.143+02:00 New connection established: server         tid=398107
[2026-10-07 09:22:03.144] [out] [delivery_module] DBG 2026-10-07 09:22:03.144+02:00 Connection closed: server                  tid=398107 status=8 statelessReset=false reason=
[2026-10-07 09:22:03.144] [out] [delivery_module] DBG 2026-10-07 09:22:03.144+02:00 Transport connection accepted              topics="libp2p switch" tid=398107 conn=:6ac5f31b0296c2101e7e8f5e
[2026-10-07 09:22:03.144] [out] [delivery_module] DBG 2026-10-07 09:22:03.144+02:00 Transport connection acceptance started    topics="libp2p switch" tid=398107
[2026-10-07 09:22:03.145] [out] [delivery_module] DBG 2026-10-07 09:22:03.145+02:00 dialMe answer is reachable                 topics="libp2p autonatservice" tid=398107 peerId=16Uiu2HAm7x52UXKinnZ4Ld26Wwn5e8J8eJtqaotXFiM7NGyWaRuc
[2026-10-07 09:22:03.145] [out] [delivery_module] DBG 2026-10-07 09:22:03.145+02:00 Current status                             topics="libp2p autonatservice" tid=398107 currentStats=Unknown confidence=none() answers=[Reachable]
[2026-10-07 09:22:03.597] [out] [delivery_module] DBG 2026-10-07 09:22:03.597+02:00 New stream created                         tid=398107
[2026-10-07 09:22:04.141] [warning] [logos] [capability_module] Warning: QObject::connect: No such signal ::eventResponse(QString,QVariantList)
[2026-10-07 09:22:04.143] [info] [logos] [storage_module] StorageModuleImpl::init called
[2026-10-07 09:22:04.153] [out] [storage_module] WRN 2026-10-07 09:22:04.153+02:00 Data directory has insecure permissions. Correcting them. tid=405234 data_dir=~/.local/share/lp0026-forum-dev/m7-storage/a-storage current_permissions=0755 required_permissions=0700
[2026-10-07 09:22:04.154] [out] [storage_module] INF 2026-10-07 09:22:04.154+02:00 Creating a private key and saving it       tid=405234
[2026-10-07 09:22:04.155] [out] [storage_module] WRN 2026-10-07 09:22:04.154+02:00 Node has been marked with --no-bootstrap-node and will NOT be bootstrapped topics="libstorage libstoragelifecycle" tid=405234
[2026-10-07 09:22:04.156] [out] [storage_module] INF 2026-10-07 09:22:04.156+02:00 Threadpool started                         topics="libstorage libstoragelifecycle" tid=405234 numThreads=12
[2026-10-07 09:22:04.159] [info] [logos] [storage_module] StorageModuleImpl::start called
[2026-10-07 09:22:04.160] [out] [storage_module] WRN 2026-10-07 09:22:04.160+02:00 No key for a QueryResponse                 topics="storage repostore" tid=405234
[2026-10-07 09:22:04.161] [out] [storage_module] NTC 2026-10-07 09:22:04.161+02:00 Started Storage node                       topics="storage node" tid=405234 id=16U*XEKu7m addrs="[/ip4/127.0.0.1/tcp/8571]"
[2026-10-07 09:22:04.418] [info] [logos] [storage_module] StorageModuleImpl::uploadUrl called with path=~/.local/share/lp0026-forum-dev/m7-storage/a-forum-snapshots/topic-6dd197737fd8-1791357724416.txt
[2026-10-07 09:22:04.419] [out] [storage_module] INF 2026-10-07 09:22:04.419+02:00 Storing data                               topics="storage node" tid=405234
[2026-10-07 09:22:04.423] [out] [storage_module] INF 2026-10-07 09:22:04.423+02:00 Stored data                                topics="storage node" tid=405234 manifestCid=zDv*n54FcS treeCid=zDz*smdYEQ blocks=1 datasetSize=1746'NByte filename=some("topic-6dd197737fd8-1791357724416.txt") mimetype=some("text/plain")
[2026-10-07 09:22:05.151] [out] [delivery_module] WRN 2026-10-07 09:22:05.151+02:00 NAT port mapping failed                    topics="libp2p natservice" tid=398107 port=54220 protocol=mpTcp err="plum: mapping 0 failed"
[2026-10-07 09:22:05.509] [info] [logos] [delivery_module] DeliveryModuleImpl::send called with contentTopic: /lp0026forum/1/general/text
[2026-10-07 09:22:05.510] [out] [delivery_module] DBG 2026-10-07 09:22:05.510+02:00 SendService.send: processing delivery task topics="send service" tid=398107 requestId=826f1a1e99648ba44b4f msgHash=0x266f59341fbd4c8a0934b63377881f8dbe25a79a0fcc09d5ce44b9a7285ef03d
[2026-10-07 09:22:05.511] [info] [logos] [delivery_module] DeliveryModuleImpl: Send initiated for topic: /lp0026forum/1/general/text, with success, requestId: 826f1a1e99648ba44b4f
[2026-10-07 09:22:05.511] [out] [delivery_module] DBG 2026-10-07 09:22:05.511+02:00 Trying message delivery via Mix            topics="send service mix processor" tid=398107 requestId=826f1a1e99648ba44b4f msgHash=0x266f59341fbd4c8a0934b63377881f8dbe25a79a0fcc09d5ce44b9a7285ef03d tryCount=1
[2026-10-07 09:22:05.512] [out] [delivery_module] DBG 2026-10-07 09:22:05.511+02:00 Publishing message with lightpush          topics="waku node lightpush api" tid=398107 pubsubTopic=/waku/2/rs/3/7 contentTopic=/lp0026forum/1/general/text target_peer_id=16Uiu2...kGyuEP msg_hash=0x266f59341fbd4c8a0934b63377881f8dbe25a79a0fcc09d5ce44b9a7285ef03d mixify=true
[2026-10-07 09:22:05.512] [out] [delivery_module] DBG 2026-10-07 09:22:05.512+02:00 Publish                                    topics="waku lightpush client" tid=398107 myPeerId=16Uiu2...YzP6aE peerId= msgHash=0x266f59341fbd4c8a0934b63377881f8dbe25a79a0fcc09d5ce44b9a7285ef03d sentTime=1791357725512020992
[2026-10-07 09:22:05.512] [out] [delivery_module] DBG 2026-10-07 09:22:05.512+02:00 Destination data                           tid=398107 destination=MixDestination[MixNode](16Uiu2HAm8YokiNun9BkeA1ZRmhLbtNUvcwRr64F69tYj9fkGyuEP)
[2026-10-07 09:22:05.512] [out] [delivery_module] DBG 2026-10-07 09:22:05.512+02:00 Selected mix node:                         tid=398107 indexInPath=0 peerId=16Uiu2...T3UNSE
[2026-10-07 09:22:05.512] [out] [delivery_module] DBG 2026-10-07 09:22:05.512+02:00 Selected mix node:                         tid=398107 indexInPath=1 peerId=16Uiu2...P1S397
[2026-10-07 09:22:05.512] [out] [delivery_module] DBG 2026-10-07 09:22:05.512+02:00 Selected mix node:                         tid=398107 indexInPath=2 peerId=16Uiu2...kGyuEP
[2026-10-07 09:22:05.512] [out] [delivery_module] DBG 2026-10-07 09:22:05.512+02:00 Selected mix node for surbs:               tid=398107 indexInPath=0 peerId=16Uiu2...T3UNSE
[2026-10-07 09:22:05.513] [out] [delivery_module] DBG 2026-10-07 09:22:05.512+02:00 Selected mix node for surbs:               tid=398107 indexInPath=1 peerId=16Uiu2...yWaRuc
[2026-10-07 09:22:06.319] [out] [delivery_module] INF 2026-10-07 09:22:06.319+02:00 Message received                           tid=398107 msg_hash=0x266f59341fbd4c8a0934b63377881f8dbe25a79a0fcc09d5ce44b9a7285ef03d contentTopic=/lp0026forum/1/general/text pubsubTopic=/waku/2/rs/3/7 source=live
[2026-10-07 09:22:06.405] [out] [delivery_module] DBG 2026-10-07 09:22:06.400+02:00 New stream created                         tid=398107
[2026-10-07 09:22:06.466] [out] [delivery_module] DBG 2026-10-07 09:22:06.466+02:00 Address dial failed                        topics="libp2p dialer" tid=398107 err="Timeout exceeded!" peerId=16Uiu2...7ZEp3L address=/ip4/192.168.1.3/tcp/49737 hostname=192.168.1.3
[2026-10-07 09:22:06.476] [out] [delivery_module] DBG 2026-10-07 09:22:06.469+02:00 Address dial failed                        topics="libp2p dialer" tid=398107 err="Timeout exceeded!" peerId=16Uiu2...k3v1b3 address=/ip4/10.16.8.125/tcp/49352 hostname=10.16.8.125
[2026-10-07 09:22:06.483] [out] [delivery_module] DBG 2026-10-07 09:22:06.479+02:00 Protocol stream establishment failed       topics="libp2p dialer" tid=398107 err="Unable to establish outgoing link in establishConnection: peer_id=16Uiu2...7ZEp3L addrs=[/ip4/192.168.1.3/udp/56395/quic-v1, /ip4/192.168.1.3/tcp/49737]" peerId=16Uiu2...7ZEp3L protocols="[/logos/service-discovery/1.0.0]" addresses="[/ip4/192.168.1.3/udp/56395/quic-v1, /ip4/192.168.1.3/tcp/49737]" conn=nil
[2026-10-07 09:22:06.485] [out] [delivery_module] DBG 2026-10-07 09:22:06.483+02:00 Peer dial started                          topics="libp2p dialer" tid=398107 peerId=16Uiu2...7ZEp3L addresses="[/ip4/192.168.1.3/udp/56395/quic-v1, /ip4/192.168.1.3/tcp/49737]"
[2026-10-07 09:22:06.485] [out] [delivery_module] DBG 2026-10-07 09:22:06.484+02:00 New connection established: client         tid=398107
[2026-10-07 09:22:06.488] [out] [delivery_module] DBG 2026-10-07 09:22:06.485+02:00 Protocol stream establishment failed       topics="libp2p dialer" tid=398107 err="Unable to establish outgoing link in establishConnection: peer_id=16Uiu2...k3v1b3 addrs=[/ip4/10.16.8.125/udp/55890/quic-v1, /ip4/10.16.8.125/tcp/49352]" peerId=16Uiu2...k3v1b3 protocols="[/logos/service-discovery/1.0.0]" addresses="[/ip4/10.16.8.125/udp/55890/quic-v1, /ip4/10.16.8.125/tcp/49352]" conn=nil
[2026-10-07 09:22:06.489] [out] [delivery_module] DBG 2026-10-07 09:22:06.488+02:00 Peer dial started                          topics="libp2p dialer" tid=398107 peerId=16Uiu2...k3v1b3 addresses="[/ip4/10.16.8.125/udp/55890/quic-v1, /ip4/10.16.8.125/tcp/49352]"
[2026-10-07 09:22:06.489] [out] [delivery_module] DBG 2026-10-07 09:22:06.488+02:00 New connection established: client         tid=398107
[2026-10-07 09:22:06.489] [out] [delivery_module] DBG 2026-10-07 09:22:06.489+02:00 Message propagated via Mix                 topics="send service mix processor" tid=398107 requestId=826f1a1e99648ba44b4f msgHash=0x266f59341fbd4c8a0934b63377881f8dbe25a79a0fcc09d5ce44b9a7285ef03d
[2026-10-07 09:22:06.489] [out] [delivery_module] INF 2026-10-07 09:22:06.489+02:00 Message successfully propagated            topics="send service" tid=398107 requestId=826f1a1e99648ba44b4f msgHash=withheld
[2026-10-07 09:22:06.491] [out] [delivery_module] INF 2026-10-07 09:22:06.489+02:00 Message successfully sent over mix         topics="send service" tid=398107 requestId=826f1a1e99648ba44b4f
[2026-10-07 09:22:06.506] [out] [delivery_module] DBG 2026-10-07 09:22:06.505+02:00 Peer dial started                          topics="libp2p dialer" tid=398107 peerId=16Uiu2...4d95cy addresses="[/ip4/172.16.34.89/udp/55573/quic-v1, /ip4/172.16.34.89/tcp/54112]"
[2026-10-07 09:22:06.506] [out] [delivery_module] DBG 2026-10-07 09:22:06.506+02:00 New connection established: client         tid=398107
[2026-10-07 09:22:06.506] [out] [delivery_module] DBG 2026-10-07 09:22:06.506+02:00 Peer dial started                          topics="libp2p dialer" tid=398107 peerId=16Uiu2...p34zJM addresses="[/ip4/172.16.34.89/udp/64446/quic-v1, /ip4/172.16.34.89/tcp/53956]"
[2026-10-07 09:22:06.507] [out] [delivery_module] DBG 2026-10-07 09:22:06.507+02:00 New connection established: client         tid=398107
[2026-10-07 09:22:06.507] [out] [delivery_module] DBG 2026-10-07 09:22:06.507+02:00 Peer dial started                          topics="libp2p dialer" tid=398107 peerId=16Uiu2...Vewv1Y addresses="[/ip4/172.16.34.89/udp/61772/quic-v1, /ip4/172.16.34.89/tcp/53985]"
[2026-10-07 09:22:06.508] [out] [delivery_module] DBG 2026-10-07 09:22:06.508+02:00 New connection established: client         tid=398107
[2026-10-07 09:22:06.508] [out] [delivery_module] DBG 2026-10-07 09:22:06.508+02:00 Peer dial started                          topics="libp2p dialer" tid=398107 peerId=16Uiu2...oXrMK4 addresses="[/ip4/172.16.34.89/udp/56480/quic-v1, /ip4/172.16.34.89/tcp/53957]"
[2026-10-07 09:22:06.508] [out] [delivery_module] DBG 2026-10-07 09:22:06.508+02:00 New connection established: client         tid=398107
[QmlInspector] Client disconnected
[2026-10-07 09:22:07.155] [out] [delivery_module] WRN 2026-10-07 09:22:07.155+02:00 NAT port mapping failed                    topics="libp2p natservice" tid=398107 port=57989 protocol=mpUdp err="plum: mapping 0 failed"
[2026-10-07 09:22:08.658] [out] [delivery_module] DBG 2026-10-07 09:22:08.658+02:00 Creating stream                            tid=398107
[2026-10-07 09:22:08.658] [out] [delivery_module] DBG 2026-10-07 09:22:08.658+02:00 New stream created                         tid=398107
[2026-10-07 09:22:09.487] [out] [delivery_module] DBG 2026-10-07 09:22:09.487+02:00 Address dial failed                        topics="libp2p dialer" tid=398107 err="quic dial timed out after 3s" peerId=16Uiu2...7ZEp3L address=/ip4/192.168.1.3/udp/56395/quic-v1 hostname=192.168.1.3
[2026-10-07 09:22:09.490] [out] [delivery_module] DBG 2026-10-07 09:22:09.490+02:00 Address dial failed                        topics="libp2p dialer" tid=398107 err="quic dial timed out after 3s" peerId=16Uiu2...k3v1b3 address=/ip4/10.16.8.125/udp/55890/quic-v1 hostname=10.16.8.125
[2026-10-07 09:22:09.508] [out] [delivery_module] DBG 2026-10-07 09:22:09.508+02:00 Address dial failed                        topics="libp2p dialer" tid=398107 err="quic dial timed out after 3s" peerId=16Uiu2...4d95cy address=/ip4/172.16.34.89/udp/55573/quic-v1 hostname=172.16.34.89
[2026-10-07 09:22:09.508] [out] [delivery_module] DBG 2026-10-07 09:22:09.508+02:00 Address dial failed                        topics="libp2p dialer" tid=398107 err="quic dial timed out after 3s" peerId=16Uiu2...p34zJM address=/ip4/172.16.34.89/udp/64446/quic-v1 hostname=172.16.34.89
[2026-10-07 09:22:09.510] [out] [delivery_module] DBG 2026-10-07 09:22:09.510+02:00 Address dial failed                        topics="libp2p dialer" tid=398107 err="quic dial timed out after 3s" peerId=16Uiu2...Vewv1Y address=/ip4/172.16.34.89/udp/61772/quic-v1 hostname=172.16.34.89
[2026-10-07 09:22:09.510] [out] [delivery_module] DBG 2026-10-07 09:22:09.510+02:00 Address dial failed                        topics="libp2p dialer" tid=398107 err="TcpTransport dial error: (61) Connection refused" peerId=16Uiu2...4d95cy address=/ip4/172.16.34.89/tcp/54112 hostname=172.16.34.89
[2026-10-07 09:22:09.510] [out] [delivery_module] DBG 2026-10-07 09:22:09.510+02:00 Address dial failed                        topics="libp2p dialer" tid=398107 err="TcpTransport dial error: (61) Connection refused" peerId=16Uiu2...p34zJM address=/ip4/172.16.34.89/tcp/53956 hostname=172.16.34.89
[2026-10-07 09:22:09.511] [out] [delivery_module] DBG 2026-10-07 09:22:09.511+02:00 Address dial failed                        topics="libp2p dialer" tid=398107 err="TcpTransport dial error: (61) Connection refused" peerId=16Uiu2...Vewv1Y address=/ip4/172.16.34.89/tcp/53985 hostname=172.16.34.89
[2026-10-07 09:22:09.511] [out] [delivery_module] DBG 2026-10-07 09:22:09.511+02:00 Address dial failed                        topics="libp2p dialer" tid=398107 err="quic dial timed out after 3s" peerId=16Uiu2...oXrMK4 address=/ip4/172.16.34.89/udp/56480/quic-v1 hostname=172.16.34.89
[2026-10-07 09:22:09.512] [out] [delivery_module] DBG 2026-10-07 09:22:09.512+02:00 Protocol stream establishment failed       topics="libp2p dialer" tid=398107 err="Unable to establish outgoing link in establishConnection: peer_id=16Uiu2...4d95cy addrs=[/ip4/172.16.34.89/udp/55573/quic-v1, /ip4/172.16.34.89/tcp/54112]" peerId=16Uiu2...4d95cy protocols="[/logos/service-discovery/1.0.0]" addresses="[/ip4/172.16.34.89/udp/55573/quic-v1, /ip4/172.16.34.89/tcp/54112]" conn=nil
[2026-10-07 09:22:09.512] [out] [delivery_module] DBG 2026-10-07 09:22:09.512+02:00 Protocol stream establishment failed       topics="libp2p dialer" tid=398107 err="Unable to establish outgoing link in establishConnection: peer_id=16Uiu2...p34zJM addrs=[/ip4/172.16.34.89/udp/64446/quic-v1, /ip4/172.16.34.89/tcp/53956]" peerId=16Uiu2...p34zJM protocols="[/logos/service-discovery/1.0.0]" addresses="[/ip4/172.16.34.89/udp/64446/quic-v1, /ip4/172.16.34.89/tcp/53956]" conn=nil
[2026-10-07 09:22:09.512] [out] [delivery_module] DBG 2026-10-07 09:22:09.512+02:00 Protocol stream establishment failed       topics="libp2p dialer" tid=398107 err="Unable to establish outgoing link in establishConnection: peer_id=16Uiu2...Vewv1Y addrs=[/ip4/172.16.34.89/udp/61772/quic-v1, /ip4/172.16.34.89/tcp/53985]" peerId=16Uiu2...Vewv1Y protocols="[/logos/service-discovery/1.0.0]" addresses="[/ip4/172.16.34.89/udp/61772/quic-v1, /ip4/172.16.34.89/tcp/53985]" conn=nil
[2026-10-07 09:22:09.512] [out] [delivery_module] DBG 2026-10-07 09:22:09.512+02:00 Address dial failed                        topics="libp2p dialer" tid=398107 err="TcpTransport dial error: (61) Connection refused" peerId=16Uiu2...oXrMK4 address=/ip4/172.16.34.89/tcp/53957 hostname=172.16.34.89
[2026-10-07 09:22:09.513] [out] [delivery_module] DBG 2026-10-07 09:22:09.513+02:00 Peer dial started                          topics="libp2p dialer" tid=398107 peerId=16Uiu2...4d95cy addresses="[/ip4/172.16.34.89/udp/55573/quic-v1, /ip4/172.16.34.89/tcp/54112]"
[2026-10-07 09:22:09.513] [out] [delivery_module] DBG 2026-10-07 09:22:09.513+02:00 New connection established: client         tid=398107
[2026-10-07 09:22:09.514] [out] [delivery_module] DBG 2026-10-07 09:22:09.514+02:00 Peer dial started                          topics="libp2p dialer" tid=398107 peerId=16Uiu2...p34zJM addresses="[/ip4/172.16.34.89/udp/64446/quic-v1, /ip4/172.16.34.89/tcp/53956]"
[2026-10-07 09:22:09.515] [out] [delivery_module] DBG 2026-10-07 09:22:09.515+02:00 New connection established: client         tid=398107
[2026-10-07 09:22:09.516] [out] [delivery_module] DBG 2026-10-07 09:22:09.515+02:00 Peer dial started                          topics="libp2p dialer" tid=398107 peerId=16Uiu2...Vewv1Y addresses="[/ip4/172.16.34.89/udp/61772/quic-v1, /ip4/172.16.34.89/tcp/53985]"
[2026-10-07 09:22:09.516] [out] [delivery_module] DBG 2026-10-07 09:22:09.516+02:00 New connection established: client         tid=398107
[2026-10-07 09:22:09.517] [out] [delivery_module] DBG 2026-10-07 09:22:09.516+02:00 Protocol stream establishment failed       topics="libp2p dialer" tid=398107 err="Unable to establish outgoing link in establishConnection: peer_id=16Uiu2...oXrMK4 addrs=[/ip4/172.16.34.89/udp/56480/quic-v1, /ip4/172.16.34.89/tcp/53957]" peerId=16Uiu2...oXrMK4 protocols="[/logos/service-discovery/1.0.0]" addresses="[/ip4/172.16.34.89/udp/56480/quic-v1, /ip4/172.16.34.89/tcp/53957]" conn=nil
[2026-10-07 09:22:09.518] [out] [delivery_module] DBG 2026-10-07 09:22:09.518+02:00 Peer dial started                          topics="libp2p dialer" tid=398107 peerId=16Uiu2...oXrMK4 addresses="[/ip4/172.16.34.89/udp/56480/quic-v1, /ip4/172.16.34.89/tcp/53957]"
[2026-10-07 09:22:09.519] [out] [delivery_module] DBG 2026-10-07 09:22:09.519+02:00 New connection established: client         tid=398107
[2026-10-07 09:22:10.773] [out] [delivery_module] DBG 2026-10-07 09:22:10.771+02:00 New stream created                         tid=398107
[2026-10-07 09:22:12.516] [out] [delivery_module] DBG 2026-10-07 09:22:12.516+02:00 Address dial failed                        topics="libp2p dialer" tid=398107 err="quic dial timed out after 3s" peerId=16Uiu2...4d95cy address=/ip4/172.16.34.89/udp/55573/quic-v1 hostname=172.16.34.89
[2026-10-07 09:22:12.517] [out] [delivery_module] DBG 2026-10-07 09:22:12.516+02:00 Address dial failed                        topics="libp2p dialer" tid=398107 err="quic dial timed out after 3s" peerId=16Uiu2...p34zJM address=/ip4/172.16.34.89/udp/64446/quic-v1 hostname=172.16.34.89
[2026-10-07 09:22:12.519] [out] [delivery_module] DBG 2026-10-07 09:22:12.519+02:00 Address dial failed                        topics="libp2p dialer" tid=398107 err="TcpTransport dial error: (61) Connection refused" peerId=16Uiu2...4d95cy address=/ip4/172.16.34.89/tcp/54112 hostname=172.16.34.89
[2026-10-07 09:22:12.519] [out] [delivery_module] DBG 2026-10-07 09:22:12.519+02:00 Address dial failed                        topics="libp2p dialer" tid=398107 err="TcpTransport dial error: (61) Connection refused" peerId=16Uiu2...p34zJM address=/ip4/172.16.34.89/tcp/53956 hostname=172.16.34.89
[2026-10-07 09:22:12.520] [out] [delivery_module] DBG 2026-10-07 09:22:12.520+02:00 Address dial failed                        topics="libp2p dialer" tid=398107 err="quic dial timed out after 3s" peerId=16Uiu2...Vewv1Y address=/ip4/172.16.34.89/udp/61772/quic-v1 hostname=172.16.34.89
[2026-10-07 09:22:12.520] [out] [delivery_module] DBG 2026-10-07 09:22:12.520+02:00 Protocol stream establishment failed       topics="libp2p dialer" tid=398107 err="Unable to establish outgoing link in establishConnection: peer_id=16Uiu2...4d95cy addrs=[/ip4/172.16.34.89/udp/55573/quic-v1, /ip4/172.16.34.89/tcp/54112]" peerId=16Uiu2...4d95cy protocols="[/logos/service-discovery/1.0.0]" addresses="[/ip4/172.16.34.89/udp/55573/quic-v1, /ip4/172.16.34.89/tcp/54112]" conn=nil
[2026-10-07 09:22:12.521] [out] [delivery_module] DBG 2026-10-07 09:22:12.520+02:00 Peer dial started                          topics="libp2p dialer" tid=398107 peerId=16Uiu2...4d95cy addresses="[/ip4/172.16.34.89/udp/55573/quic-v1, /ip4/172.16.34.89/tcp/54112]"
[2026-10-07 09:22:12.521] [out] [delivery_module] DBG 2026-10-07 09:22:12.521+02:00 New connection established: client         tid=398107
[2026-10-07 09:22:12.521] [out] [delivery_module] DBG 2026-10-07 09:22:12.521+02:00 Protocol stream establishment failed       topics="libp2p dialer" tid=398107 err="Unable to establish outgoing link in establishConnection: peer_id=16Uiu2...p34zJM addrs=[/ip4/172.16.34.89/udp/64446/quic-v1, /ip4/172.16.34.89/tcp/53956]" peerId=16Uiu2...p34zJM protocols="[/logos/service-discovery/1.0.0]" addresses="[/ip4/172.16.34.89/udp/64446/quic-v1, /ip4/172.16.34.89/tcp/53956]" conn=nil
[2026-10-07 09:22:12.522] [out] [delivery_module] DBG 2026-10-07 09:22:12.521+02:00 Address dial failed                        topics="libp2p dialer" tid=398107 err="quic dial timed out after 3s" peerId=16Uiu2...oXrMK4 address=/ip4/172.16.34.89/udp/56480/quic-v1 hostname=172.16.34.89
[2026-10-07 09:22:12.522] [out] [delivery_module] DBG 2026-10-07 09:22:12.522+02:00 Peer dial started                          topics="libp2p dialer" tid=398107 peerId=16Uiu2...p34zJM addresses="[/ip4/172.16.34.89/udp/64446/quic-v1, /ip4/172.16.34.89/tcp/53956]"
[2026-10-07 09:22:12.522] [out] [delivery_module] DBG 2026-10-07 09:22:12.522+02:00 New connection established: client         tid=398107
[2026-10-07 09:22:12.523] [out] [delivery_module] DBG 2026-10-07 09:22:12.523+02:00 Address dial failed                        topics="libp2p dialer" tid=398107 err="TcpTransport dial error: (61) Connection refused" peerId=16Uiu2...Vewv1Y address=/ip4/172.16.34.89/tcp/53985 hostname=172.16.34.89
[2026-10-07 09:22:12.524] [out] [delivery_module] DBG 2026-10-07 09:22:12.524+02:00 Address dial failed                        topics="libp2p dialer" tid=398107 err="TcpTransport dial error: (61) Connection refused" peerId=16Uiu2...oXrMK4 address=/ip4/172.16.34.89/tcp/53957 hostname=172.16.34.89
[2026-10-07 09:22:12.524] [out] [delivery_module] DBG 2026-10-07 09:22:12.524+02:00 Protocol stream establishment failed       topics="libp2p dialer" tid=398107 err="Unable to establish outgoing link in establishConnection: peer_id=16Uiu2...Vewv1Y addrs=[/ip4/172.16.34.89/udp/61772/quic-v1, /ip4/172.16.34.89/tcp/53985]" peerId=16Uiu2...Vewv1Y protocols="[/logos/service-discovery/1.0.0]" addresses="[/ip4/172.16.34.89/udp/61772/quic-v1, /ip4/172.16.34.89/tcp/53985]" conn=nil
[2026-10-07 09:22:12.525] [out] [delivery_module] DBG 2026-10-07 09:22:12.524+02:00 Peer dial started                          topics="libp2p dialer" tid=398107 peerId=16Uiu2...Vewv1Y addresses="[/ip4/172.16.34.89/udp/61772/quic-v1, /ip4/172.16.34.89/tcp/53985]"
[2026-10-07 09:22:12.525] [out] [delivery_module] DBG 2026-10-07 09:22:12.525+02:00 New connection established: client         tid=398107
[2026-10-07 09:22:12.526] [out] [delivery_module] DBG 2026-10-07 09:22:12.526+02:00 Protocol stream establishment failed       topics="libp2p dialer" tid=398107 err="Unable to establish outgoing link in establishConnection: peer_id=16Uiu2...oXrMK4 addrs=[/ip4/172.16.34.89/udp/56480/quic-v1, /ip4/172.16.34.89/tcp/53957]" peerId=16Uiu2...oXrMK4 protocols="[/logos/service-discovery/1.0.0]" addresses="[/ip4/172.16.34.89/udp/56480/quic-v1, /ip4/172.16.34.89/tcp/53957]" conn=nil
[2026-10-07 09:22:12.527] [out] [delivery_module] DBG 2026-10-07 09:22:12.526+02:00 Peer dial started                          topics="libp2p dialer" tid=398107 peerId=16Uiu2...oXrMK4 addresses="[/ip4/172.16.34.89/udp/56480/quic-v1, /ip4/172.16.34.89/tcp/53957]"
[2026-10-07 09:22:12.527] [out] [delivery_module] DBG 2026-10-07 09:22:12.526+02:00 New connection established: client         tid=398107
[2026-10-07 09:22:15.523] [out] [delivery_module] DBG 2026-10-07 09:22:15.523+02:00 Address dial failed                        topics="libp2p dialer" tid=398107 err="quic dial timed out after 3s" peerId=16Uiu2...4d95cy address=/ip4/172.16.34.89/udp/55573/quic-v1 hostname=172.16.34.89
[2026-10-07 09:22:15.523] [out] [delivery_module] DBG 2026-10-07 09:22:15.523+02:00 Address dial failed                        topics="libp2p dialer" tid=398107 err="quic dial timed out after 3s" peerId=16Uiu2...p34zJM address=/ip4/172.16.34.89/udp/64446/quic-v1 hostname=172.16.34.89
[2026-10-07 09:22:15.525] [out] [delivery_module] DBG 2026-10-07 09:22:15.524+02:00 Address dial failed                        topics="libp2p dialer" tid=398107 err="TcpTransport dial error: (61) Connection refused" peerId=16Uiu2...4d95cy address=/ip4/172.16.34.89/tcp/54112 hostname=172.16.34.89
[2026-10-07 09:22:15.526] [out] [delivery_module] DBG 2026-10-07 09:22:15.526+02:00 Address dial failed                        topics="libp2p dialer" tid=398107 err="TcpTransport dial error: (61) Connection refused" peerId=16Uiu2...p34zJM address=/ip4/172.16.34.89/tcp/53956 hostname=172.16.34.89
[2026-10-07 09:22:15.527] [out] [delivery_module] DBG 2026-10-07 09:22:15.527+02:00 Protocol stream establishment failed       topics="libp2p dialer" tid=398107 err="Unable to establish outgoing link in establishConnection: peer_id=16Uiu2...4d95cy addrs=[/ip4/172.16.34.89/udp/55573/quic-v1, /ip4/172.16.34.89/tcp/54112]" peerId=16Uiu2...4d95cy protocols="[/logos/service-discovery/1.0.0]" addresses="[/ip4/172.16.34.89/udp/55573/quic-v1, /ip4/172.16.34.89/tcp/54112]" conn=nil
[2026-10-07 09:22:15.528] [out] [delivery_module] DBG 2026-10-07 09:22:15.527+02:00 Peer dial started                          topics="libp2p dialer" tid=398107 peerId=16Uiu2...4d95cy addresses="[/ip4/172.16.34.89/udp/55573/quic-v1, /ip4/172.16.34.89/tcp/54112]"
[2026-10-07 09:22:15.528] [out] [delivery_module] DBG 2026-10-07 09:22:15.527+02:00 New connection established: client         tid=398107
[2026-10-07 09:22:15.528] [out] [delivery_module] DBG 2026-10-07 09:22:15.527+02:00 Protocol stream establishment failed       topics="libp2p dialer" tid=398107 err="Unable to establish outgoing link in establishConnection: peer_id=16Uiu2...p34zJM addrs=[/ip4/172.16.34.89/udp/64446/quic-v1, /ip4/172.16.34.89/tcp/53956]" peerId=16Uiu2...p34zJM protocols="[/logos/service-discovery/1.0.0]" addresses="[/ip4/172.16.34.89/udp/64446/quic-v1, /ip4/172.16.34.89/tcp/53956]" conn=nil
[2026-10-07 09:22:15.528] [out] [delivery_module] DBG 2026-10-07 09:22:15.528+02:00 Peer dial started                          topics="libp2p dialer" tid=398107 peerId=16Uiu2...p34zJM addresses="[/ip4/172.16.34.89/udp/64446/quic-v1, /ip4/172.16.34.89/tcp/53956]"
[2026-10-07 09:22:15.528] [out] [delivery_module] DBG 2026-10-07 09:22:15.528+02:00 New connection established: client         tid=398107
[2026-10-07 09:22:15.528] [out] [delivery_module] DBG 2026-10-07 09:22:15.528+02:00 Address dial failed                        topics="libp2p dialer" tid=398107 err="quic dial timed out after 3s" peerId=16Uiu2...Vewv1Y address=/ip4/172.16.34.89/udp/61772/quic-v1 hostname=172.16.34.89
[2026-10-07 09:22:15.529] [out] [delivery_module] DBG 2026-10-07 09:22:15.529+02:00 Address dial failed                        topics="libp2p dialer" tid=398107 err="TcpTransport dial error: (61) Connection refused" peerId=16Uiu2...Vewv1Y address=/ip4/172.16.34.89/tcp/53985 hostname=172.16.34.89
[2026-10-07 09:22:15.530] [out] [delivery_module] DBG 2026-10-07 09:22:15.530+02:00 Protocol stream establishment failed       topics="libp2p dialer" tid=398107 err="Unable to establish outgoing link in establishConnection: peer_id=16Uiu2...Vewv1Y addrs=[/ip4/172.16.34.89/udp/61772/quic-v1, /ip4/172.16.34.89/tcp/53985]" peerId=16Uiu2...Vewv1Y protocols="[/logos/service-discovery/1.0.0]" addresses="[/ip4/172.16.34.89/udp/61772/quic-v1, /ip4/172.16.34.89/tcp/53985]" conn=nil
[2026-10-07 09:22:15.530] [out] [delivery_module] DBG 2026-10-07 09:22:15.530+02:00 Peer dial started                          topics="libp2p dialer" tid=398107 peerId=16Uiu2...Vewv1Y addresses="[/ip4/172.16.34.89/udp/61772/quic-v1, /ip4/172.16.34.89/tcp/53985]"
[2026-10-07 09:22:15.530] [out] [delivery_module] DBG 2026-10-07 09:22:15.530+02:00 New connection established: client         tid=398107
[2026-10-07 09:22:15.533] [out] [delivery_module] DBG 2026-10-07 09:22:15.533+02:00 Address dial failed                        topics="libp2p dialer" tid=398107 err="quic dial timed out after 3s" peerId=16Uiu2...oXrMK4 address=/ip4/172.16.34.89/udp/56480/quic-v1 hostname=172.16.34.89
[2026-10-07 09:22:15.534] [out] [delivery_module] DBG 2026-10-07 09:22:15.534+02:00 Address dial failed                        topics="libp2p dialer" tid=398107 err="TcpTransport dial error: (61) Connection refused" peerId=16Uiu2...oXrMK4 address=/ip4/172.16.34.89/tcp/53957 hostname=172.16.34.89
[2026-10-07 09:22:15.534] [out] [delivery_module] DBG 2026-10-07 09:22:15.534+02:00 Protocol stream establishment failed       topics="libp2p dialer" tid=398107 err="Unable to establish outgoing link in establishConnection: peer_id=16Uiu2...oXrMK4 addrs=[/ip4/172.16.34.89/udp/56480/quic-v1, /ip4/172.16.34.89/tcp/53957]" peerId=16Uiu2...oXrMK4 protocols="[/logos/service-discovery/1.0.0]" addresses="[/ip4/172.16.34.89/udp/56480/quic-v1, /ip4/172.16.34.89/tcp/53957]" conn=nil
[2026-10-07 09:22:15.534] [out] [delivery_module] DBG 2026-10-07 09:22:15.534+02:00 Peer dial started                          topics="libp2p dialer" tid=398107 peerId=16Uiu2...oXrMK4 addresses="[/ip4/172.16.34.89/udp/56480/quic-v1, /ip4/172.16.34.89/tcp/53957]"
[2026-10-07 09:22:15.535] [out] [delivery_module] DBG 2026-10-07 09:22:15.535+02:00 New connection established: client         tid=398107
[2026-10-07 09:22:18.531] [out] [delivery_module] DBG 2026-10-07 09:22:18.531+02:00 Address dial failed                        topics="libp2p dialer" tid=398107 err="quic dial timed out after 3s" peerId=16Uiu2...4d95cy address=/ip4/172.16.34.89/udp/55573/quic-v1 hostname=172.16.34.89
[2026-10-07 09:22:18.531] [out] [delivery_module] DBG 2026-10-07 09:22:18.531+02:00 Address dial failed                        topics="libp2p dialer" tid=398107 err="quic dial timed out after 3s" peerId=16Uiu2...p34zJM address=/ip4/172.16.34.89/udp/64446/quic-v1 hostname=172.16.34.89
[2026-10-07 09:22:18.533] [out] [delivery_module] DBG 2026-10-07 09:22:18.533+02:00 Address dial failed                        topics="libp2p dialer" tid=398107 err="TcpTransport dial error: (61) Connection refused" peerId=16Uiu2...4d95cy address=/ip4/172.16.34.89/tcp/54112 hostname=172.16.34.89
[2026-10-07 09:22:18.533] [out] [delivery_module] DBG 2026-10-07 09:22:18.533+02:00 Address dial failed                        topics="libp2p dialer" tid=398107 err="TcpTransport dial error: (61) Connection refused" peerId=16Uiu2...p34zJM address=/ip4/172.16.34.89/tcp/53956 hostname=172.16.34.89
[2026-10-07 09:22:18.533] [out] [delivery_module] DBG 2026-10-07 09:22:18.533+02:00 Address dial failed                        topics="libp2p dialer" tid=398107 err="quic dial timed out after 3s" peerId=16Uiu2...Vewv1Y address=/ip4/172.16.34.89/udp/61772/quic-v1 hostname=172.16.34.89
[2026-10-07 09:22:18.534] [out] [delivery_module] DBG 2026-10-07 09:22:18.534+02:00 Protocol stream establishment failed       topics="libp2p dialer" tid=398107 err="Unable to establish outgoing link in establishConnection: peer_id=16Uiu2...4d95cy addrs=[/ip4/172.16.34.89/udp/55573/quic-v1, /ip4/172.16.34.89/tcp/54112]" peerId=16Uiu2...4d95cy protocols="[/logos/service-discovery/1.0.0]" addresses="[/ip4/172.16.34.89/udp/55573/quic-v1, /ip4/172.16.34.89/tcp/54112]" conn=nil
[2026-10-07 09:22:18.534] [out] [delivery_module] DBG 2026-10-07 09:22:18.534+02:00 Protocol stream establishment failed       topics="libp2p dialer" tid=398107 err="Unable to establish outgoing link in establishConnection: peer_id=16Uiu2...p34zJM addrs=[/ip4/172.16.34.89/udp/64446/quic-v1, /ip4/172.16.34.89/tcp/53956]" peerId=16Uiu2...p34zJM protocols="[/logos/service-discovery/1.0.0]" addresses="[/ip4/172.16.34.89/udp/64446/quic-v1, /ip4/172.16.34.89/tcp/53956]" conn=nil
[2026-10-07 09:22:18.536] [out] [delivery_module] DBG 2026-10-07 09:22:18.535+02:00 Address dial failed                        topics="libp2p dialer" tid=398107 err="TcpTransport dial error: (61) Connection refused" peerId=16Uiu2...Vewv1Y address=/ip4/172.16.34.89/tcp/53985 hostname=172.16.34.89
[2026-10-07 09:22:18.537] [out] [delivery_module] DBG 2026-10-07 09:22:18.537+02:00 Protocol stream establishment failed       topics="libp2p dialer" tid=398107 err="Unable to establish outgoing link in establishConnection: peer_id=16Uiu2...Vewv1Y addrs=[/ip4/172.16.34.89/udp/61772/quic-v1, /ip4/172.16.34.89/tcp/53985]" peerId=16Uiu2...Vewv1Y protocols="[/logos/service-discovery/1.0.0]" addresses="[/ip4/172.16.34.89/udp/61772/quic-v1, /ip4/172.16.34.89/tcp/53985]" conn=nil
[2026-10-07 09:22:18.538] [out] [delivery_module] DBG 2026-10-07 09:22:18.537+02:00 Address dial failed                        topics="libp2p dialer" tid=398107 err="quic dial timed out after 3s" peerId=16Uiu2...oXrMK4 address=/ip4/172.16.34.89/udp/56480/quic-v1 hostname=172.16.34.89
[2026-10-07 09:22:18.539] [out] [delivery_module] DBG 2026-10-07 09:22:18.539+02:00 Address dial failed                        topics="libp2p dialer" tid=398107 err="TcpTransport dial error: (61) Connection refused" peerId=16Uiu2...oXrMK4 address=/ip4/172.16.34.89/tcp/53957 hostname=172.16.34.89
[2026-10-07 09:22:18.541] [out] [delivery_module] DBG 2026-10-07 09:22:18.541+02:00 Protocol stream establishment failed       topics="libp2p dialer" tid=398107 err="Unable to establish outgoing link in establishConnection: peer_id=16Uiu2...oXrMK4 addrs=[/ip4/172.16.34.89/udp/56480/quic-v1, /ip4/172.16.34.89/tcp/53957]" peerId=16Uiu2...oXrMK4 protocols="[/logos/service-discovery/1.0.0]" addresses="[/ip4/172.16.34.89/udp/56480/quic-v1, /ip4/172.16.34.89/tcp/53957]" conn=nil
[2026-10-07 09:22:19.145] [out] [delivery_module] DBG 2026-10-07 09:22:19.144+02:00 Creating stream                            tid=398107
[2026-10-07 09:22:19.145] [out] [delivery_module] DBG 2026-10-07 09:22:19.144+02:00 New stream created                         tid=398107
[2026-10-07 09:22:21.405] [out] [delivery_module] DBG 2026-10-07 09:22:21.404+02:00 New stream created                         tid=398107
[2026-10-07 09:22:22.572] [out] [delivery_module] DBG 2026-10-07 09:22:22.572+02:00 dialMe answer is not reachable             topics="libp2p autonatservice" tid=398107 err="Peer could not dial us back: Dial timeout" peerId=16Uiu2HAkvCmpXVyfo16wPs9m3p2Z99ghpnZTFDyzzowVM7jqCixh
[2026-10-07 09:22:22.572] [out] [delivery_module] DBG 2026-10-07 09:22:22.572+02:00 Current status                             topics="libp2p autonatservice" tid=398107 currentStats=Unknown confidence=none() answers=[Reachable, NotReachable]
[2026-10-07 09:22:24.588] [out] [delivery_module] WRN 2026-10-07 09:22:24.587+02:00 NAT port mapping failed                    topics="libp2p natservice" tid=398107 port=54220 protocol=mpTcp err="plum: mapping 0 failed"
[2026-10-07 09:22:24.904] [out] [delivery_module] DBG 2026-10-07 09:22:24.899+02:00 calculateConnectionState                   tid=398107 relayCount=12 storeClientCount=6 lightpushCount=12 filterCount=12
[2026-10-07 09:22:26.587] [out] [delivery_module] WRN 2026-10-07 09:22:26.587+02:00 NAT port mapping failed                    topics="libp2p natservice" tid=398107 port=57989 protocol=mpUdp err="plum: mapping 0 failed"
[2026-10-07 09:22:29.638] [out] [delivery_module] DBG 2026-10-07 09:22:29.637+02:00 Creating stream                            tid=398107
[2026-10-07 09:22:29.638] [out] [delivery_module] DBG 2026-10-07 09:22:29.637+02:00 New stream created                         tid=398107
[2026-10-07 09:22:31.611] [out] [delivery_module] DBG 2026-10-07 09:22:31.610+02:00 Local Kademlia record stored               topics="kad-dht types" tid=398107 key=002508021221...51bef8b7629b value=0a2508021221...6d86be631683
[2026-10-07 09:22:31.822] [out] [delivery_module] DBG 2026-10-07 09:22:31.821+02:00 New stream created                         tid=398107
[2026-10-07 09:22:33.174] [out] [delivery_module] DBG 2026-10-07 09:22:33.174+02:00 Maintaining subscriptions                  topics="waku filter" tid=398107
[2026-10-07 09:22:33.174] [out] [delivery_module] DBG 2026-10-07 09:22:33.174+02:00 Cleanup                                    topics="waku filter subscriptions" tid=398107 currentPeerIds=[]
[2026-10-07 09:22:33.174] [out] [delivery_module] DBG 2026-10-07 09:22:33.174+02:00 After cleanup                              topics="waku filter subscriptions" tid=398107 currentPeerIds=[]
[2026-10-07 09:22:35.177] [out] [delivery_module] DBG 2026-10-07 09:22:35.177+02:00 calculateConnectionState                   tid=398107 relayCount=12 storeClientCount=6 lightpushCount=12 filterCount=12
[2026-10-07 09:22:36.484] [out] [delivery_module] DBG 2026-10-07 09:22:36.484+02:00 Address dial failed                        topics="libp2p dialer" tid=398107 err="Timeout exceeded!" peerId=16Uiu2...7ZEp3L address=/ip4/192.168.1.3/tcp/49737 hostname=192.168.1.3
[2026-10-07 09:22:36.485] [out] [delivery_module] DBG 2026-10-07 09:22:36.484+02:00 Protocol stream establishment failed       topics="libp2p dialer" tid=398107 err="Unable to establish outgoing link in establishConnection: peer_id=16Uiu2...7ZEp3L addrs=[/ip4/192.168.1.3/udp/56395/quic-v1, /ip4/192.168.1.3/tcp/49737]" peerId=16Uiu2...7ZEp3L protocols="[/logos/service-discovery/1.0.0]" addresses="[/ip4/192.168.1.3/udp/56395/quic-v1, /ip4/192.168.1.3/tcp/49737]" conn=nil
[2026-10-07 09:22:36.485] [out] [delivery_module] DBG 2026-10-07 09:22:36.485+02:00 Peer dial started                          topics="libp2p dialer" tid=398107 peerId=16Uiu2...7ZEp3L addresses="[/ip4/192.168.1.3/udp/56395/quic-v1, /ip4/192.168.1.3/tcp/49737]"
[2026-10-07 09:22:36.485] [out] [delivery_module] DBG 2026-10-07 09:22:36.485+02:00 New connection established: client         tid=398107
[2026-10-07 09:22:36.489] [out] [delivery_module] DBG 2026-10-07 09:22:36.489+02:00 Address dial failed                        topics="libp2p dialer" tid=398107 err="Timeout exceeded!" peerId=16Uiu2...k3v1b3 address=/ip4/10.16.8.125/tcp/49352 hostname=10.16.8.125
[2026-10-07 09:22:36.490] [out] [delivery_module] DBG 2026-10-07 09:22:36.490+02:00 Protocol stream establishment failed       topics="libp2p dialer" tid=398107 err="Unable to establish outgoing link in establishConnection: peer_id=16Uiu2...k3v1b3 addrs=[/ip4/10.16.8.125/udp/55890/quic-v1, /ip4/10.16.8.125/tcp/49352]" peerId=16Uiu2...k3v1b3 protocols="[/logos/service-discovery/1.0.0]" addresses="[/ip4/10.16.8.125/udp/55890/quic-v1, /ip4/10.16.8.125/tcp/49352]" conn=nil
[2026-10-07 09:22:36.490] [out] [delivery_module] DBG 2026-10-07 09:22:36.490+02:00 Peer dial started                          topics="libp2p dialer" tid=398107 peerId=16Uiu2...k3v1b3 addresses="[/ip4/10.16.8.125/udp/55890/quic-v1, /ip4/10.16.8.125/tcp/49352]"
[2026-10-07 09:22:36.490] [out] [delivery_module] DBG 2026-10-07 09:22:36.490+02:00 New connection established: client         tid=398107
[2026-10-07 09:22:36.660] [out] [delivery_module] DBG 2026-10-07 09:22:36.660+02:00 Bootstrap complete                         topics="kad-dht" tid=398107
[2026-10-07 09:22:38.176] [out] [delivery_module] DBG 2026-10-07 09:22:38.176+02:00 Service table bootstrap complete           topics="service-discovery" tid=398107 serviceId=913b5c5dbe69...6f90568cea40
[2026-10-07 09:22:38.227] [out] [delivery_module] DBG 2026-10-07 09:22:38.227+02:00 Service table bootstrap complete           topics="service-discovery" tid=398107 serviceId=e6738033b5d4...cb0431b2f5d8
[2026-10-07 09:22:39.487] [out] [delivery_module] DBG 2026-10-07 09:22:39.487+02:00 Address dial failed                        topics="libp2p dialer" tid=398107 err="quic dial timed out after 3s" peerId=16Uiu2...7ZEp3L address=/ip4/192.168.1.3/udp/56395/quic-v1 hostname=192.168.1.3
[2026-10-07 09:22:39.492] [out] [delivery_module] DBG 2026-10-07 09:22:39.492+02:00 Address dial failed                        topics="libp2p dialer" tid=398107 err="quic dial timed out after 3s" peerId=16Uiu2...k3v1b3 address=/ip4/10.16.8.125/udp/55890/quic-v1 hostname=10.16.8.125
[2026-10-07 09:22:39.609] [out] [delivery_module] DBG 2026-10-07 09:22:39.609+02:00 Getting adverts                            topics="service-disco discoverer" tid=398107 serviceId=913b5c5dbe69...6f90568cea40 registrar=16Uiu2...YzP6aE
[2026-10-07 09:22:39.610] [out] [delivery_module] DBG 2026-10-07 09:22:39.610+02:00 Adverts found                              topics="service-disco discoverer" tid=398107 serviceId=913b5c5dbe69...6f90568cea40 remote=16Uiu2...YzP6aE count=0
[2026-10-07 09:22:39.611] [out] [delivery_module] DBG 2026-10-07 09:22:39.611+02:00 Getting adverts                            topics="service-disco discoverer" tid=398107 serviceId=913b5c5dbe69...6f90568cea40 registrar=16Uiu2...NSkuby
[2026-10-07 09:22:39.611] [out] [delivery_module] DBG 2026-10-07 09:22:39.611+02:00 Getting adverts                            topics="service-disco discoverer" tid=398107 serviceId=913b5c5dbe69...6f90568cea40 registrar=16Uiu2...TwqBiH
[2026-10-07 09:22:39.611] [out] [delivery_module] DBG 2026-10-07 09:22:39.611+02:00 Getting adverts                            topics="service-disco discoverer" tid=398107 serviceId=913b5c5dbe69...6f90568cea40 registrar=16Uiu2...jqCixh
[2026-10-07 09:22:39.611] [out] [delivery_module] DBG 2026-10-07 09:22:39.611+02:00 Getting adverts                            topics="service-disco discoverer" tid=398107 serviceId=913b5c5dbe69...6f90568cea40 registrar=16Uiu2...jQfE1X
[2026-10-07 09:22:39.611] [out] [delivery_module] DBG 2026-10-07 09:22:39.611+02:00 Getting adverts                            topics="service-disco discoverer" tid=398107 serviceId=e6738033b5d4...cb0431b2f5d8 registrar=16Uiu2...YzP6aE
[2026-10-07 09:22:39.611] [out] [delivery_module] DBG 2026-10-07 09:22:39.611+02:00 Adverts found                              topics="service-disco discoverer" tid=398107 serviceId=e6738033b5d4...cb0431b2f5d8 remote=16Uiu2...YzP6aE count=1
[2026-10-07 09:22:39.612] [out] [delivery_module] DBG 2026-10-07 09:22:39.612+02:00 Getting adverts                            topics="service-disco discoverer" tid=398107 serviceId=e6738033b5d4...cb0431b2f5d8 registrar=16Uiu2...NSkuby
[2026-10-07 09:22:39.612] [out] [delivery_module] DBG 2026-10-07 09:22:39.612+02:00 Getting adverts                            topics="service-disco discoverer" tid=398107 serviceId=e6738033b5d4...cb0431b2f5d8 registrar=16Uiu2...TwqBiH
[2026-10-07 09:22:39.612] [out] [delivery_module] DBG 2026-10-07 09:22:39.612+02:00 Getting adverts                            topics="service-disco discoverer" tid=398107 serviceId=e6738033b5d4...cb0431b2f5d8 registrar=16Uiu2...jqCixh
[2026-10-07 09:22:39.613] [out] [delivery_module] DBG 2026-10-07 09:22:39.613+02:00 Getting adverts                            topics="service-disco discoverer" tid=398107 serviceId=e6738033b5d4...cb0431b2f5d8 registrar=16Uiu2...jQfE1X
[2026-10-07 09:22:39.677] [out] [delivery_module] DBG 2026-10-07 09:22:39.677+02:00 Adverts found                              topics="service-disco discoverer" tid=398107 serviceId=913b5c5dbe69...6f90568cea40 remote=16Uiu2...NSkuby count=0
[2026-10-07 09:22:39.684] [out] [delivery_module] DBG 2026-10-07 09:22:39.684+02:00 Adverts found                              topics="service-disco discoverer" tid=398107 serviceId=e6738033b5d4...cb0431b2f5d8 remote=16Uiu2...NSkuby count=8
[2026-10-07 09:22:39.873] [out] [delivery_module] DBG 2026-10-07 09:22:39.873+02:00 Adverts found                              topics="service-disco discoverer" tid=398107 serviceId=913b5c5dbe69...6f90568cea40 remote=16Uiu2...TwqBiH count=0
[2026-10-07 09:22:39.873] [out] [delivery_module] DBG 2026-10-07 09:22:39.873+02:00 Adverts found                              topics="service-disco discoverer" tid=398107 serviceId=e6738033b5d4...cb0431b2f5d8 remote=16Uiu2...TwqBiH count=4
[2026-10-07 09:22:39.884] [out] [delivery_module] DBG 2026-10-07 09:22:39.883+02:00 Adverts found                              topics="service-disco discoverer" tid=398107 serviceId=913b5c5dbe69...6f90568cea40 remote=16Uiu2...jqCixh count=0
[2026-10-07 09:22:39.884] [out] [delivery_module] DBG 2026-10-07 09:22:39.884+02:00 Adverts found                              topics="service-disco discoverer" tid=398107 serviceId=e6738033b5d4...cb0431b2f5d8 remote=16Uiu2...jqCixh count=3
[2026-10-07 09:22:39.920] [out] [delivery_module] DBG 2026-10-07 09:22:39.920+02:00 Adverts found                              topics="service-disco discoverer" tid=398107 serviceId=913b5c5dbe69...6f90568cea40 remote=16Uiu2...jQfE1X count=3
[2026-10-07 09:22:39.924] [out] [delivery_module] DBG 2026-10-07 09:22:39.924+02:00 Getting adverts                            topics="service-disco discoverer" tid=398107 serviceId=913b5c5dbe69...6f90568cea40 registrar=16Uiu2...P1S397
[2026-10-07 09:22:39.925] [out] [delivery_module] DBG 2026-10-07 09:22:39.925+02:00 Getting adverts                            topics="service-disco discoverer" tid=398107 serviceId=913b5c5dbe69...6f90568cea40 registrar=16Uiu2...T3UNSE
[2026-10-07 09:22:39.925] [out] [delivery_module] DBG 2026-10-07 09:22:39.925+02:00 Getting adverts                            topics="service-disco discoverer" tid=398107 serviceId=913b5c5dbe69...6f90568cea40 registrar=16Uiu2...VpJprH
[2026-10-07 09:22:39.925] [out] [delivery_module] DBG 2026-10-07 09:22:39.925+02:00 Adverts found                              topics="service-disco discoverer" tid=398107 serviceId=e6738033b5d4...cb0431b2f5d8 remote=16Uiu2...jQfE1X count=4
[2026-10-07 09:22:39.933] [out] [delivery_module] DBG 2026-10-07 09:22:39.933+02:00 Getting adverts                            topics="service-disco discoverer" tid=398107 serviceId=e6738033b5d4...cb0431b2f5d8 registrar=16Uiu2...CKtDKK
[2026-10-07 09:22:39.933] [out] [delivery_module] DBG 2026-10-07 09:22:39.933+02:00 Getting adverts                            topics="service-disco discoverer" tid=398107 serviceId=e6738033b5d4...cb0431b2f5d8 registrar=16Uiu2...kGyuEP
[2026-10-07 09:22:39.933] [out] [delivery_module] DBG 2026-10-07 09:22:39.933+02:00 Getting adverts                            topics="service-disco discoverer" tid=398107 serviceId=e6738033b5d4...cb0431b2f5d8 registrar=16Uiu2...2FWeUS
[2026-10-07 09:22:39.934] [out] [delivery_module] DBG 2026-10-07 09:22:39.934+02:00 Getting adverts                            topics="service-disco discoverer" tid=398107 serviceId=e6738033b5d4...cb0431b2f5d8 registrar=16Uiu2...yWaRuc
[2026-10-07 09:22:39.934] [out] [delivery_module] DBG 2026-10-07 09:22:39.934+02:00 Creating stream                            tid=398107
[2026-10-07 09:22:39.934] [out] [delivery_module] DBG 2026-10-07 09:22:39.934+02:00 New stream created                         tid=398107
[2026-10-07 09:22:39.936] [out] [delivery_module] DBG 2026-10-07 09:22:39.936+02:00 Adverts found                              topics="service-disco discoverer" tid=398107 serviceId=e6738033b5d4...cb0431b2f5d8 remote=16Uiu2...yWaRuc count=2
[2026-10-07 09:22:39.970] [out] [delivery_module] DBG 2026-10-07 09:22:39.970+02:00 Adverts found                              topics="service-disco discoverer" tid=398107 serviceId=913b5c5dbe69...6f90568cea40 remote=16Uiu2...VpJprH count=2
[2026-10-07 09:22:40.161] [out] [delivery_module] DBG 2026-10-07 09:22:40.161+02:00 Creating stream                            tid=398107
[2026-10-07 09:22:40.161] [out] [delivery_module] DBG 2026-10-07 09:22:40.161+02:00 New stream created                         tid=398107
[2026-10-07 09:22:40.163] [out] [delivery_module] DBG 2026-10-07 09:22:40.163+02:00 Adverts found                              topics="service-disco discoverer" tid=398107 serviceId=e6738033b5d4...cb0431b2f5d8 remote=16Uiu2...CKtDKK count=2
[2026-10-07 09:22:40.180] [out] [delivery_module] DBG 2026-10-07 09:22:40.180+02:00 Adverts found                              topics="service-disco discoverer" tid=398107 serviceId=e6738033b5d4...cb0431b2f5d8 remote=16Uiu2...2FWeUS count=3
[2026-10-07 09:22:40.189] [out] [delivery_module] DBG 2026-10-07 09:22:40.189+02:00 Adverts found                              topics="service-disco discoverer" tid=398107 serviceId=913b5c5dbe69...6f90568cea40 remote=16Uiu2...P1S397 count=2
[2026-10-07 09:22:40.398] [out] [delivery_module] DBG 2026-10-07 09:22:40.398+02:00 Adverts found                              topics="service-disco discoverer" tid=398107 serviceId=e6738033b5d4...cb0431b2f5d8 remote=16Uiu2...kGyuEP count=7
[2026-10-07 09:22:40.406] [out] [delivery_module] DBG 2026-10-07 09:22:40.406+02:00 Adverts found                              topics="service-disco discoverer" tid=398107 serviceId=913b5c5dbe69...6f90568cea40 remote=16Uiu2...T3UNSE count=4
[2026-10-07 09:22:40.407] [out] [delivery_module] DBG 2026-10-07 09:22:40.407+02:00 Getting adverts                            topics="service-disco discoverer" tid=398107 serviceId=e6738033b5d4...cb0431b2f5d8 registrar=16Uiu2...VpJprH
[2026-10-07 09:22:40.411] [out] [delivery_module] DBG 2026-10-07 09:22:40.411+02:00 Getting adverts                            topics="service-disco discoverer" tid=398107 serviceId=913b5c5dbe69...6f90568cea40 registrar=16Uiu2...CKtDKK
[2026-10-07 09:22:40.454] [out] [delivery_module] DBG 2026-10-07 09:22:40.454+02:00 Adverts found                              topics="service-disco discoverer" tid=398107 serviceId=e6738033b5d4...cb0431b2f5d8 remote=16Uiu2...VpJprH count=7
[2026-10-07 09:22:40.460] [out] [delivery_module] DBG 2026-10-07 09:22:40.460+02:00 Getting adverts                            topics="service-disco discoverer" tid=398107 serviceId=e6738033b5d4...cb0431b2f5d8 registrar=16Uiu2...P1S397
[2026-10-07 09:22:40.460] [out] [delivery_module] DBG 2026-10-07 09:22:40.460+02:00 Getting adverts                            topics="service-disco discoverer" tid=398107 serviceId=e6738033b5d4...cb0431b2f5d8 registrar=16Uiu2...T3UNSE
[2026-10-07 09:22:40.642] [out] [delivery_module] DBG 2026-10-07 09:22:40.642+02:00 Adverts found                              topics="service-disco discoverer" tid=398107 serviceId=913b5c5dbe69...6f90568cea40 remote=16Uiu2...CKtDKK count=3
[2026-10-07 09:22:40.648] [out] [delivery_module] DBG 2026-10-07 09:22:40.648+02:00 Getting adverts                            topics="service-disco discoverer" tid=398107 serviceId=913b5c5dbe69...6f90568cea40 registrar=16Uiu2...yWaRuc
[2026-10-07 09:22:40.648] [out] [delivery_module] DBG 2026-10-07 09:22:40.648+02:00 Creating stream                            tid=398107
[2026-10-07 09:22:40.648] [out] [delivery_module] DBG 2026-10-07 09:22:40.648+02:00 New stream created                         tid=398107
[2026-10-07 09:22:40.648] [out] [delivery_module] DBG 2026-10-07 09:22:40.648+02:00 Getting adverts                            topics="service-disco discoverer" tid=398107 serviceId=913b5c5dbe69...6f90568cea40 registrar=16Uiu2...kGyuEP
[2026-10-07 09:22:40.648] [out] [delivery_module] DBG 2026-10-07 09:22:40.648+02:00 Getting adverts                            topics="service-disco discoverer" tid=398107 serviceId=913b5c5dbe69...6f90568cea40 registrar=16Uiu2...2FWeUS
[2026-10-07 09:22:40.650] [out] [delivery_module] DBG 2026-10-07 09:22:40.650+02:00 Adverts found                              topics="service-disco discoverer" tid=398107 serviceId=913b5c5dbe69...6f90568cea40 remote=16Uiu2...yWaRuc count=2
[2026-10-07 09:22:40.727] [out] [delivery_module] DBG 2026-10-07 09:22:40.727+02:00 Adverts found                              topics="service-disco discoverer" tid=398107 serviceId=e6738033b5d4...cb0431b2f5d8 remote=16Uiu2...P1S397 count=8
[2026-10-07 09:22:40.921] [out] [delivery_module] DBG 2026-10-07 09:22:40.921+02:00 Adverts found                              topics="service-disco discoverer" tid=398107 serviceId=913b5c5dbe69...6f90568cea40 remote=16Uiu2...2FWeUS count=6
[2026-10-07 09:22:40.922] [out] [delivery_module] DBG 2026-10-07 09:22:40.922+02:00 Adverts found                              topics="service-disco discoverer" tid=398107 serviceId=e6738033b5d4...cb0431b2f5d8 remote=16Uiu2...T3UNSE count=10
[2026-10-07 09:22:40.933] [out] [delivery_module] DBG 2026-10-07 09:22:40.933+02:00 Peer added via service discovery           topics="waku service discovery" tid=398107 source="service lookup" peerId=16Uiu2HAmQNy6gx7xKWAhCNN7T7ScjNY1kugZWnXAtkek6w28TTLb addresses="[/ip4/173.42.114.210/tcp/36503]" protocols="[/logos/delivery]"
[2026-10-07 09:22:40.933] [out] [delivery_module] DBG 2026-10-07 09:22:40.933+02:00 Peer added via service discovery           topics="waku service discovery" tid=398107 source="service lookup" peerId=16Uiu2HAkurieEtZub9GmNQEvQQy6NGY6VQYWUe8USbJGe7YzP6aE addresses="[/ip4/172.16.34.89/tcp/54220, /ip4/172.16.34.89/udp/57989/quic-v1]" protocols="[/logos/delivery]"
[2026-10-07 09:22:40.933] [out] [delivery_module] DBG 2026-10-07 09:22:40.933+02:00 Peer added via service discovery           topics="waku service discovery" tid=398107 source="service lookup" peerId=16Uiu2HAmDNwugFwkuxDP5ULq9GspC89AQr4ybeNsacjGjLjQfE1X addresses="[/ip4/173.42.114.210/tcp/34927]" protocols="[/logos/delivery]"
[2026-10-07 09:22:40.934] [out] [delivery_module] DBG 2026-10-07 09:22:40.934+02:00 Peer added via service discovery           topics="waku service discovery" tid=398107 source="service lookup" peerId=16Uiu2HAmTUbnxLGT9JvV6mu9oPyDjqHK4Phs1VDJNUgESgNSkuby addresses="[/ip4/138.68.122.137/tcp/30303, /ip4/138.68.122.137/udp/30303/quic-v1, /dns4/delivery-01.do-ams3.logos.dev.status.im/tcp/30303]" protocols="[/logos/delivery]"
[2026-10-07 09:22:40.934] [out] [delivery_module] DBG 2026-10-07 09:22:40.934+02:00 Peer added via service discovery           topics="waku service discovery" tid=398107 source="service lookup" peerId=16Uiu2HAm8YokiNun9BkeA1ZRmhLbtNUvcwRr64F69tYj9fkGyuEP addresses="[/ip4/47.242.130.189/tcp/30303, /ip4/47.242.130.189/udp/30303/quic-v1, /dns4/delivery-01.ac-cn-hongkong-c.logos.dev.status.im/tcp/30303]" protocols="[/logos/delivery]"
[2026-10-07 09:22:40.934] [out] [delivery_module] DBG 2026-10-07 09:22:40.934+02:00 Peer added via service discovery           topics="waku service discovery" tid=398107 source="service lookup" peerId=16Uiu2HAm4S1JYkuzDKLKQvwgAhZKs9otxXqt8SCGtB4hoJP1S397 addresses="[/ip4/136.119.156.87/tcp/30303, /ip4/136.119.156.87/udp/30303/quic-v1, /dns4/delivery-01.gc-us-central1-a.logos.dev.status.im/tcp/30303]" protocols="[/logos/delivery]"
[2026-10-07 09:22:40.934] [out] [delivery_module] DBG 2026-10-07 09:22:40.934+02:00 Peer added via service discovery           topics="waku service discovery" tid=398107 source="service lookup" peerId=16Uiu2HAmMK7PYygBtKUQ8EHp7EfaD3bCEsJrkFooK8RQ2PVpJprH addresses="[/ip4/174.138.106.244/tcp/30303, /ip4/174.138.106.244/udp/30303/quic-v1, /dns4/delivery-02.do-ams3.logos.dev.status.im/tcp/30303]" protocols="[/logos/delivery]"
[2026-10-07 09:22:40.934] [out] [delivery_module] DBG 2026-10-07 09:22:40.934+02:00 Peer added via service discovery           topics="waku service discovery" tid=398107 source="service lookup" peerId=16Uiu2HAm8Y9kgBNtjxvCnf1X6gnZJW5EGE4UwwCL3CCm55TwqBiH addresses="[/ip4/34.123.201.25/tcp/30303, /ip4/34.123.201.25/udp/30303/quic-v1, /dns4/delivery-02.gc-us-central1-a.logos.dev.status.im/tcp/30303]" protocols="[/logos/delivery]"
[2026-10-07 09:22:40.934] [out] [delivery_module] DBG 2026-10-07 09:22:40.934+02:00 Peer added via service discovery           topics="waku service discovery" tid=398107 source="service lookup" peerId=16Uiu2HAkyjYrnpwttfaxiNLhdhzc4QKUWWKWXD5C2hYey4CKtDKK addresses="[/ip4/173.42.114.210/tcp/37945]" protocols="[/logos/delivery]"
[2026-10-07 09:22:40.934] [out] [delivery_module] DBG 2026-10-07 09:22:40.934+02:00 Peer added via service discovery           topics="waku service discovery" tid=398107 source="service lookup" peerId=16Uiu2HAkvCmpXVyfo16wPs9m3p2Z99ghpnZTFDyzzowVM7jqCixh addresses="[/ip4/173.42.114.210/tcp/37219]" protocols="[/logos/delivery]"
[2026-10-07 09:22:40.934] [out] [delivery_module] DBG 2026-10-07 09:22:40.934+02:00 Peer added via service discovery           topics="waku service discovery" tid=398107 source="service lookup" peerId=16Uiu2HAm7h4a2g52pbRFvpTFHVvosQ6PkG5H1PSwwaSJo72FWeUS addresses="[/ip4/173.42.114.210/tcp/43243]" protocols="[/logos/delivery]"
[2026-10-07 09:22:40.934] [out] [delivery_module] DBG 2026-10-07 09:22:40.934+02:00 Peer added via service discovery           topics="waku service discovery" tid=398107 source="service lookup" peerId=16Uiu2HAm7x52UXKinnZ4Ld26Wwn5e8J8eJtqaotXFiM7NGyWaRuc addresses="[/ip4/172.16.34.89/tcp/53686, /ip4/172.16.34.89/udp/60946/quic-v1]" protocols="[/logos/delivery]"
[2026-10-07 09:22:40.934] [out] [delivery_module] DBG 2026-10-07 09:22:40.934+02:00 Peer added via service discovery           topics="waku service discovery" tid=398107 source="service lookup" peerId=16Uiu2HAkxBrmLdjythutRKhtiVcG39BUhZLXbxwzG4UmQBk3v1b3 addresses="[/ip4/10.16.8.125/tcp/49352, /ip4/10.16.8.125/udp/55890/quic-v1]" protocols="[/logos/delivery]"
[2026-10-07 09:22:40.934] [out] [delivery_module] DBG 2026-10-07 09:22:40.934+02:00 Peer added via service discovery           topics="waku service discovery" tid=398107 source="service lookup" peerId=16Uiu2HAkvwhGHKNry6LACrB8TmEFoCJKEX29XR5dDUzk3UT3UNSE addresses="[/ip4/43.99.103.10/tcp/30303, /ip4/43.99.103.10/udp/30303/quic-v1, /dns4/delivery-02.ac-cn-hongkong-c.logos.dev.status.im/tcp/30303]" protocols="[/logos/delivery]"
[2026-10-07 09:22:40.934] [out] [delivery_module] DBG 2026-10-07 09:22:40.934+02:00 Service lookup complete                    topics="waku service discovery" tid=398107 service=/logos/delivery found=14
[2026-10-07 09:22:40.936] [out] [delivery_module] DBG 2026-10-07 09:22:40.936+02:00 calculateConnectionState                   tid=398107 relayCount=12 storeClientCount=6 lightpushCount=12 filterCount=12
[2026-10-07 09:22:41.125] [out] [delivery_module] DBG 2026-10-07 09:22:41.125+02:00 Adverts found                              topics="service-disco discoverer" tid=398107 serviceId=913b5c5dbe69...6f90568cea40 remote=16Uiu2...kGyuEP count=1
[2026-10-07 09:22:41.132] [out] [delivery_module] DBG 2026-10-07 09:22:41.132+02:00 Peer added via service discovery           topics="waku service discovery" tid=398107 source="service lookup" peerId=16Uiu2HAm8YokiNun9BkeA1ZRmhLbtNUvcwRr64F69tYj9fkGyuEP addresses="[/ip4/47.242.130.189/tcp/30303, /ip4/47.242.130.189/udp/30303/quic-v1, /dns4/delivery-01.ac-cn-hongkong-c.logos.dev.status.im/tcp/30303]" protocols="[/mix/1.0.0]"
[2026-10-07 09:22:41.132] [out] [delivery_module] DBG 2026-10-07 09:22:41.132+02:00 Peer added via service discovery           topics="waku service discovery" tid=398107 source="service lookup" peerId=16Uiu2HAm4S1JYkuzDKLKQvwgAhZKs9otxXqt8SCGtB4hoJP1S397 addresses="[/ip4/136.119.156.87/tcp/30303, /ip4/136.119.156.87/udp/30303/quic-v1, /dns4/delivery-01.gc-us-central1-a.logos.dev.status.im/tcp/30303]" protocols="[/mix/1.0.0]"
[2026-10-07 09:22:41.132] [out] [delivery_module] DBG 2026-10-07 09:22:41.132+02:00 Peer added via service discovery           topics="waku service discovery" tid=398107 source="service lookup" peerId=16Uiu2HAm8Y9kgBNtjxvCnf1X6gnZJW5EGE4UwwCL3CCm55TwqBiH addresses="[/ip4/34.123.201.25/tcp/30303, /ip4/34.123.201.25/udp/30303/quic-v1, /dns4/delivery-02.gc-us-central1-a.logos.dev.status.im/tcp/30303]" protocols="[/mix/1.0.0]"
[2026-10-07 09:22:41.132] [out] [delivery_module] DBG 2026-10-07 09:22:41.132+02:00 Peer added via service discovery           topics="waku service discovery" tid=398107 source="service lookup" peerId=16Uiu2HAmMK7PYygBtKUQ8EHp7EfaD3bCEsJrkFooK8RQ2PVpJprH addresses="[/ip4/174.138.106.244/tcp/30303, /ip4/174.138.106.244/udp/30303/quic-v1, /dns4/delivery-02.do-ams3.logos.dev.status.im/tcp/30303]" protocols="[/mix/1.0.0]"
[2026-10-07 09:22:41.132] [out] [delivery_module] DBG 2026-10-07 09:22:41.132+02:00 Peer added via service discovery           topics="waku service discovery" tid=398107 source="service lookup" peerId=16Uiu2HAmTUbnxLGT9JvV6mu9oPyDjqHK4Phs1VDJNUgESgNSkuby addresses="[/ip4/138.68.122.137/tcp/30303, /ip4/138.68.122.137/udp/30303/quic-v1, /dns4/delivery-01.do-ams3.logos.dev.status.im/tcp/30303]" protocols="[/mix/1.0.0]"
[2026-10-07 09:22:41.132] [out] [delivery_module] DBG 2026-10-07 09:22:41.132+02:00 Peer added via service discovery           topics="waku service discovery" tid=398107 source="service lookup" peerId=16Uiu2HAkvwhGHKNry6LACrB8TmEFoCJKEX29XR5dDUzk3UT3UNSE addresses="[/ip4/43.99.103.10/tcp/30303, /ip4/43.99.103.10/udp/30303/quic-v1, /dns4/delivery-02.ac-cn-hongkong-c.logos.dev.status.im/tcp/30303]" protocols="[/mix/1.0.0]"
[2026-10-07 09:22:41.132] [out] [delivery_module] DBG 2026-10-07 09:22:41.132+02:00 Service lookup complete                    topics="waku service discovery" tid=398107 service=/mix/1.0.0 found=6
[2026-10-07 09:22:41.134] [out] [delivery_module] DBG 2026-10-07 09:22:41.134+02:00 calculateConnectionState                   tid=398107 relayCount=12 storeClientCount=6 lightpushCount=12 filterCount=12
[2026-10-07 09:22:41.973] [out] [delivery_module] DBG 2026-10-07 09:22:41.973+02:00 dialMe answer is not reachable             topics="libp2p autonatservice" tid=398107 err="Peer could not dial us back: Dial timeout" peerId=16Uiu2HAm7h4a2g52pbRFvpTFHVvosQ6PkG5H1PSwwaSJo72FWeUS
[2026-10-07 09:22:41.973] [out] [delivery_module] DBG 2026-10-07 09:22:41.973+02:00 Current status                             topics="libp2p autonatservice" tid=398107 currentStats=Unknown confidence=none() answers=[Reachable, NotReachable, NotReachable]
[2026-10-07 09:22:42.234] [out] [delivery_module] DBG 2026-10-07 09:22:42.234+02:00 New stream created                         tid=398107
[2026-10-07 09:22:43.977] [out] [delivery_module] WRN 2026-10-07 09:22:43.977+02:00 NAT port mapping failed                    topics="libp2p natservice" tid=398107 port=54220 protocol=mpTcp err="plum: mapping 0 failed"
[2026-10-07 09:22:45.226] [out] [delivery_module] DBG 2026-10-07 09:22:45.226+02:00 calculateConnectionState                   tid=398107 relayCount=12 storeClientCount=6 lightpushCount=12 filterCount=12
[2026-10-07 09:22:45.980] [out] [delivery_module] WRN 2026-10-07 09:22:45.980+02:00 NAT port mapping failed                    topics="libp2p natservice" tid=398107 port=57989 protocol=mpUdp err="plum: mapping 0 failed"
[2026-10-07 09:22:45.980] [out] [delivery_module] DBG 2026-10-07 09:22:45.980+02:00 Missed heartbeat                           topics="libp2p autonatservice" tid=398107 heartbeat="Scheduling AutonatService run" delay=12s854ms160us hinterval=30s
[2026-10-07 09:22:50.621] [out] [delivery_module] DBG 2026-10-07 09:22:50.620+02:00 Creating stream                            tid=398107
[2026-10-07 09:22:50.621] [out] [delivery_module] DBG 2026-10-07 09:22:50.620+02:00 New stream created                         tid=398107
[2026-10-07 09:22:52.709] [out] [delivery_module] DBG 2026-10-07 09:22:52.709+02:00 New stream created                         tid=398107
[2026-10-07 09:22:56.232] [out] [delivery_module] DBG 2026-10-07 09:22:56.232+02:00 New stream created                         tid=398107
[2026-10-07 09:23:01.097] [out] [delivery_module] DBG 2026-10-07 09:23:01.097+02:00 Creating stream                            tid=398107
[2026-10-07 09:23:01.097] [out] [delivery_module] DBG 2026-10-07 09:23:01.097+02:00 New stream created                         tid=398107
[2026-10-07 09:23:03.194] [out] [delivery_module] DBG 2026-10-07 09:23:03.194+02:00 New stream created                         tid=398107
[2026-10-07 09:23:04.162] [out] [storage_module] WRN 2026-10-07 09:23:04.162+02:00 No key for a QueryResponse                 topics="storage repostore" tid=405234
[2026-10-07 09:23:05.800] [out] [delivery_module] DBG 2026-10-07 09:23:05.800+02:00 calculateConnectionState                   tid=398107 relayCount=12 storeClientCount=6 lightpushCount=12 filterCount=12
[2026-10-07 09:23:06.487] [out] [delivery_module] DBG 2026-10-07 09:23:06.487+02:00 Address dial failed                        topics="libp2p dialer" tid=398107 err="Timeout exceeded!" peerId=16Uiu2...7ZEp3L address=/ip4/192.168.1.3/tcp/49737 hostname=192.168.1.3
[2026-10-07 09:23:06.487] [out] [delivery_module] DBG 2026-10-07 09:23:06.487+02:00 Protocol stream establishment failed       topics="libp2p dialer" tid=398107 err="Unable to establish outgoing link in establishConnection: peer_id=16Uiu2...7ZEp3L addrs=[/ip4/192.168.1.3/udp/56395/quic-v1, /ip4/192.168.1.3/tcp/49737]" peerId=16Uiu2...7ZEp3L protocols="[/logos/service-discovery/1.0.0]" addresses="[/ip4/192.168.1.3/udp/56395/quic-v1, /ip4/192.168.1.3/tcp/49737]" conn=nil
[2026-10-07 09:23:06.487] [out] [delivery_module] DBG 2026-10-07 09:23:06.487+02:00 Peer dial started                          topics="libp2p dialer" tid=398107 peerId=16Uiu2...7ZEp3L addresses="[/ip4/192.168.1.3/udp/56395/quic-v1, /ip4/192.168.1.3/tcp/49737]"
[2026-10-07 09:23:06.488] [out] [delivery_module] DBG 2026-10-07 09:23:06.488+02:00 New connection established: client         tid=398107
[2026-10-07 09:23:06.491] [out] [delivery_module] DBG 2026-10-07 09:23:06.491+02:00 Address dial failed                        topics="libp2p dialer" tid=398107 err="Timeout exceeded!" peerId=16Uiu2...k3v1b3 address=/ip4/10.16.8.125/tcp/49352 hostname=10.16.8.125
[2026-10-07 09:23:06.491] [out] [delivery_module] DBG 2026-10-07 09:23:06.491+02:00 Protocol stream establishment failed       topics="libp2p dialer" tid=398107 err="Unable to establish outgoing link in establishConnection: peer_id=16Uiu2...k3v1b3 addrs=[/ip4/10.16.8.125/udp/55890/quic-v1, /ip4/10.16.8.125/tcp/49352]" peerId=16Uiu2...k3v1b3 protocols="[/logos/service-discovery/1.0.0]" addresses="[/ip4/10.16.8.125/udp/55890/quic-v1, /ip4/10.16.8.125/tcp/49352]" conn=nil
[2026-10-07 09:23:06.491] [out] [delivery_module] DBG 2026-10-07 09:23:06.491+02:00 Peer dial started                          topics="libp2p dialer" tid=398107 peerId=16Uiu2...k3v1b3 addresses="[/ip4/10.16.8.125/udp/55890/quic-v1, /ip4/10.16.8.125/tcp/49352]"
[2026-10-07 09:23:06.494] [out] [delivery_module] DBG 2026-10-07 09:23:06.492+02:00 New connection established: client         tid=398107
[2026-10-07 09:23:09.491] [out] [delivery_module] DBG 2026-10-07 09:23:09.491+02:00 Address dial failed                        topics="libp2p dialer" tid=398107 err="quic dial timed out after 3s" peerId=16Uiu2...7ZEp3L address=/ip4/192.168.1.3/udp/56395/quic-v1 hostname=192.168.1.3
[2026-10-07 09:23:09.495] [out] [delivery_module] DBG 2026-10-07 09:23:09.494+02:00 Address dial failed                        topics="libp2p dialer" tid=398107 err="quic dial timed out after 3s" peerId=16Uiu2...k3v1b3 address=/ip4/10.16.8.125/udp/55890/quic-v1 hostname=10.16.8.125
[2026-10-07 09:23:10.692] [out] [delivery_module] DBG 2026-10-07 09:23:10.692+02:00 New stream created                         tid=398107
