run-logos-standalone-ui: hot-reloading QML from <repo>/src/qml
  (export DEV_QML_PATH to override, or LOGOS_QML_HOT_RELOAD=0 to disable)
Session directory: "~/Library/Application Support/Logos/LogosStandalone"
[2026-10-04 12:22:23.971] [info] [logos] Granting host services to 'capability_module': token_registry,token_delivery
[2026-10-04 12:22:24.155] [out] [capability_module] [2026-10-04 12:22:24.149] [info] Granting host services to capability_module: ["token_registry","token_delivery"]
RemoteTransportConnection: Connecting to registry: "local:logos_capability_module_fca12a58e344" at "12:22:24.160"
RemoteTransportConnection: Registry connect attempt started (no peer contact yet): "local:logos_capability_module_fca12a58e344"
LogosAPIConsumer: Informing module token for module: "capability_module" with token: "redacted:e67119bb…"
RemoteTransportConnection: Requesting object: "capability_module" at "12:22:24.161"
[LogosObject] RemoteTransportConnection: returning RemoteLogosObject for: "capability_module"
[LogosObject] Created RemoteLogosObject wrapping QRemoteObjectReplica 105553172296096
[LogosObject] LogosAPIConsumer: calling LogosObject::informModuleToken for "capability_module"
LogosAPIConsumer: informModuleToken completed with result: true
[LogosObject] Destroying RemoteLogosObject 0
[2026-10-04 12:22:24.259] [info] [logos] Module loaded: capability_module
LogosAPIConsumer: Informing module token for module: "modules_state" with token: "redacted:22545248…"
RemoteTransportConnection: Requesting object: "capability_module" at "12:22:24.416"
[LogosObject] RemoteTransportConnection: returning RemoteLogosObject for: "capability_module"
[LogosObject] Created RemoteLogosObject wrapping QRemoteObjectReplica 105553172222976
[LogosObject] LogosAPIConsumer: calling LogosObject::informModuleToken for "modules_state"
LogosAPIConsumer: informModuleToken completed with result: true
[LogosObject] Destroying RemoteLogosObject 0
[2026-10-04 12:22:24.422] [info] [logos] Module loaded: modules_state
RemoteTransportConnection: Connecting to registry: "local:logos_modules_state_fca12a58e344" at "12:22:24.423"
RemoteTransportConnection: Registry connect attempt started (no peer contact yet): "local:logos_modules_state_fca12a58e344"
RemoteTransportConnection: Connecting to registry: "local:logos_capability_module_fca12a58e344" at "12:22:24.423"
RemoteTransportConnection: Registry connect attempt started (no peer contact yet): "local:logos_capability_module_fca12a58e344"
LogosAPIConsumer: '"modules_state"::""' deferred pending the module becoming reachable
LogosAPIConsumer: '"modules_state"::""' deferred pending the module becoming reachable
Logos Core started (modules dir: "/nix/store/4v2cj5cr5dlsjb9cl0blr0cds0qf07iv-logos-forum_module-plugin-dir-modules" )
Set app icon from metadata: "/nix/store/jbwcafc1qzg56hcipv60xkak5mimwwz5-logos-forum_module-plugin-dir/src/icons/icon.png"
[2026-10-04 12:22:24.661] [info] [logos] [delivery_module] DeliveryModuleImpl: Initializing...
LogosAPIConsumer: Informing module token for module: "delivery_module" with token: "redacted:44f0f7be…"
RemoteTransportConnection: Requesting object: "capability_module" at "12:22:24.664"
[LogosObject] RemoteTransportConnection: returning RemoteLogosObject for: "capability_module"
[LogosObject] Created RemoteLogosObject wrapping QRemoteObjectReplica 105553172226784
[LogosObject] LogosAPIConsumer: calling LogosObject::informModuleToken for "delivery_module"
LogosAPIConsumer: informModuleToken completed with result: true
[LogosObject] Destroying RemoteLogosObject 0
[2026-10-04 12:22:24.664] [info] [logos] Module loaded: delivery_module
RemoteTransportConnection: Connecting to registry: "local:logos_delivery_module_fca12a58e344" at "12:22:24.664"
RemoteTransportConnection: Registry connect attempt started (no peer contact yet): "local:logos_delivery_module_fca12a58e344"
RemoteTransportConnection: Connecting to registry: "local:logos_capability_module_fca12a58e344" at "12:22:24.664"
RemoteTransportConnection: Registry connect attempt started (no peer contact yet): "local:logos_capability_module_fca12a58e344"
LogosAPIConsumer: '"delivery_module"::""' deferred pending the module becoming reachable
LogosAPIClient: getToken for module: "modules_state"
LogosAPIClient: Found token for module: "modules_state"
RemoteTransportConnection: Requesting object: "modules_state" at "12:22:24.664"
[LogosObject] RemoteTransportConnection: returning RemoteLogosObject for: "modules_state"
[LogosObject] Created RemoteLogosObject wrapping QRemoteObjectReplica 105553172226752
[LogosObject] LogosAPIConsumer: async calling via LogosObject::callMethodAsync "note_transition"
[LogosObject] RemoteLogosObject::callMethodAsync "note_transition" args: 7
LogosAPIClient: getToken for module: "modules_state"
LogosAPIClient: Found token for module: "modules_state"
[LogosObject] LogosAPIConsumer: async calling via LogosObject::callMethodAsync "note_transition"
[LogosObject] RemoteLogosObject::callMethodAsync "note_transition" args: 7
Loaded dependency (with transitive deps): "delivery_module"
[2026-10-04 12:22:24.792] [info] [logos] [storage_module] StorageModuleImpl: Initializing...
LogosAPIConsumer: Informing module token for module: "storage_module" with token: "redacted:0516549c…"
RemoteTransportConnection: Requesting object: "capability_module" at "12:22:24.794"
[LogosObject] Created RemoteLogosObject wrapping QRemoteObjectReplica 105553172185312
LogosAPIClient: invoking remote method "modules_state" "apply_snapshot" args_count: 1
LogosAPIClient: getToken for module: "modules_state"
LogosAPIClient: Found token for module: "modules_state"
LogosAPIConsumer: Calling invokeRemoteMethod: "modules_state" "apply_snapshot" args_count: 1 timeout: 20000
[LogosObject] LogosAPIConsumer: calling via LogosObject::callMethod "apply_snapshot"
[LogosObject] RemoteLogosObject::callMethod "apply_snapshot" args: 1
[LogosObject] Created RemoteLogosObject wrapping QRemoteObjectReplica 105553172228960
LogosAPIClient: getToken for module: "modules_state"
LogosAPIClient: Found token for module: "modules_state"
[LogosObject] LogosAPIConsumer: async calling via LogosObject::callMethodAsync "note_transition"
[LogosObject] RemoteLogosObject::callMethodAsync "note_transition" args: 7
LogosAPIClient: getToken for module: "modules_state"
LogosAPIClient: Found token for module: "modules_state"
[LogosObject] LogosAPIConsumer: async calling via LogosObject::callMethodAsync "note_transition"
[LogosObject] RemoteLogosObject::callMethodAsync "note_transition" args: 7
[2026-10-04 12:22:24.797] [info] [logos] Pushed module snapshot to modules_state
LogosAPIClient: getToken for module: "modules_state"
LogosAPIClient: Found token for module: "modules_state"
[LogosObject] LogosAPIConsumer: async calling via LogosObject::callMethodAsync "note_transition"
[LogosObject] RemoteLogosObject::callMethodAsync "note_transition" args: 7
[LogosObject] RemoteTransportConnection: returning RemoteLogosObject for: "capability_module"
[LogosObject] Created RemoteLogosObject wrapping QRemoteObjectReplica 105553172321792
[LogosObject] LogosAPIConsumer: calling LogosObject::informModuleToken for "storage_module"
LogosAPIConsumer: informModuleToken completed with result: true
[LogosObject] Destroying RemoteLogosObject 0
[2026-10-04 12:22:24.798] [info] [logos] Module loaded: storage_module
RemoteTransportConnection: Connecting to registry: "local:logos_storage_module_fca12a58e344" at "12:22:24.799"
RemoteTransportConnection: Registry connect attempt started (no peer contact yet): "local:logos_storage_module_fca12a58e344"
RemoteTransportConnection: Connecting to registry: "local:logos_capability_module_fca12a58e344" at "12:22:24.799"
RemoteTransportConnection: Registry connect attempt started (no peer contact yet): "local:logos_capability_module_fca12a58e344"
LogosAPIConsumer: '"storage_module"::""' deferred pending the module becoming reachable
LogosAPIClient: getToken for module: "modules_state"
LogosAPIClient: Found token for module: "modules_state"
[LogosObject] LogosAPIConsumer: async calling via LogosObject::callMethodAsync "note_transition"
[LogosObject] RemoteLogosObject::callMethodAsync "note_transition" args: 7
Loaded dependency (with transitive deps): "storage_module"
DEV_QML_PATH override active: <repo>/src/qml/Main.qml
RemoteTransportConnection: Connecting to registry: "local:logos_capability_module_fca12a58e344" at "12:22:24.800"
RemoteTransportConnection: Registry connect attempt started (no peer contact yet): "local:logos_capability_module_fca12a58e344"
LogosAPIConsumer: Informing module token for module: "forum_module" with token: "redacted:b4f54df0…"
RemoteTransportConnection: Requesting object: "capability_module" at "12:22:24.800"
[LogosObject] RemoteTransportConnection: returning RemoteLogosObject for: "capability_module"
[LogosObject] Created RemoteLogosObject wrapping QRemoteObjectReplica 105553172005408
[LogosObject] LogosAPIConsumer: calling LogosObject::informModuleToken for "forum_module"
[LogosObject] Created RemoteLogosObject wrapping QRemoteObjectReplica 105553172006816
LogosAPIClient: getToken for module: "modules_state"
LogosAPIClient: Found token for module: "modules_state"
[LogosObject] LogosAPIConsumer: async calling via LogosObject::callMethodAsync "note_transition"
[LogosObject] RemoteLogosObject::callMethodAsync "note_transition" args: 7
LogosAPIConsumer: informModuleToken completed with result: true
[LogosObject] Destroying RemoteLogosObject 0
Loaded UI plugin: "/nix/store/jbwcafc1qzg56hcipv60xkak5mimwwz5-logos-forum_module-plugin-dir"
[QmlInspector] Inspector server listening on port 3768
[QmlInspector] Client connected from "::1"
[2026-10-04 12:22:29.821] [warning] [logos] [capability_module] Warning: QObject::connect: No such signal ::eventResponse(QString,QVariantList)
[2026-10-04 12:22:29.826] [info] [logos] [delivery_module] DeliveryModuleImpl::getNodeInfo called with nodeInfoId: MyPeerId
[2026-10-04 12:22:29.826] [info] [logos] [delivery_module] DeliveryModuleImpl: Cannot get node info - context not initialized. Call createNode first.
[2026-10-04 12:22:29.826] [info] [logos] [delivery_module] DeliveryModuleImpl::createNode called
[2026-10-04 12:22:29.932] [info] [logos] [delivery_module] DeliveryModuleImpl: Waiting for createNode callback...
[2026-10-04 12:22:29.941] [out] [delivery_module] DBG 2026-10-04 12:22:29.941+02:00 Whether to mount storeSync is not specified, defaulting to not mounting topics="waku conf builder" tid=4381113
[2026-10-04 12:22:29.941] [out] [delivery_module] NTC 2026-10-04 12:22:29.941+02:00 No node key provided, generated a new one; identity will not persist across restarts topics="waku conf builder" tid=4381113
[2026-10-04 12:22:29.941] [out] [delivery_module] INF 2026-10-04 12:22:29.941+02:00 Sharding configuration:                    topics="waku conf builder" tid=4381113 shardingConf="(kind: AutoSharding, numShardsInCluster: 8)" subscribeShards="@[0, 1, 2, 3, 4, 5, 6, 7]"
[2026-10-04 12:22:29.943] [out] [delivery_module] INF 2026-10-04 12:22:29.943+02:00 Configuration: Enabled protocols           topics="waku conf" tid=4381113 relay=true rlnRelay=false store=false filter=true lightPush=true peerExchange=true rendezvous=true
[2026-10-04 12:22:29.943] [out] [delivery_module] INF 2026-10-04 12:22:29.943+02:00 Configuration. Network                     topics="waku conf" tid=4381113 cluster=3
[2026-10-04 12:22:29.943] [out] [delivery_module] DBG 2026-10-04 12:22:29.943+02:00 Configuration. Active Relay Shards         topics="waku conf" tid=4381113 shard=0
[2026-10-04 12:22:29.943] [out] [delivery_module] DBG 2026-10-04 12:22:29.943+02:00 Configuration. Active Relay Shards         topics="waku conf" tid=4381113 shard=1
[2026-10-04 12:22:29.943] [out] [delivery_module] DBG 2026-10-04 12:22:29.943+02:00 Configuration. Active Relay Shards         topics="waku conf" tid=4381113 shard=2
[2026-10-04 12:22:29.943] [out] [delivery_module] DBG 2026-10-04 12:22:29.943+02:00 Configuration. Active Relay Shards         topics="waku conf" tid=4381113 shard=3
[2026-10-04 12:22:29.943] [out] [delivery_module] DBG 2026-10-04 12:22:29.943+02:00 Configuration. Active Relay Shards         topics="waku conf" tid=4381113 shard=4
[2026-10-04 12:22:29.943] [out] [delivery_module] DBG 2026-10-04 12:22:29.943+02:00 Configuration. Active Relay Shards         topics="waku conf" tid=4381113 shard=5
[2026-10-04 12:22:29.943] [out] [delivery_module] DBG 2026-10-04 12:22:29.943+02:00 Configuration. Active Relay Shards         topics="waku conf" tid=4381113 shard=6
[2026-10-04 12:22:29.943] [out] [delivery_module] DBG 2026-10-04 12:22:29.943+02:00 Configuration. Active Relay Shards         topics="waku conf" tid=4381113 shard=7
[2026-10-04 12:22:29.944] [out] [delivery_module] INF 2026-10-04 12:22:29.944+02:00 Setting up storage                         tid=4381113
[2026-10-04 12:22:29.944] [out] [delivery_module] INF 2026-10-04 12:22:29.944+02:00 Initializing node                          tid=4381113
[2026-10-04 12:22:29.945] [out] [delivery_module] DBG 2026-10-04 12:22:29.945+02:00 Setting up NATService                      topics="libp2p natservice" tid=4381113 portMapping=true reachability=false holePunching=false
[2026-10-04 12:22:29.947] [out] [delivery_module] INF 2026-10-04 12:22:29.946+02:00 Initializing networking                    tid=4381113 addrs="@[/ip4/0.0.0.0/tcp/0, /ip4/0.0.0.0/udp/0/quic-v1]"
[2026-10-04 12:22:29.947] [out] [delivery_module] INF 2026-10-04 12:22:29.946+02:00 Mounting protocols                         tid=4381113
[2026-10-04 12:22:29.949] [out] [delivery_module] INF 2026-10-04 12:22:29.946+02:00 Created WakuMetadata protocol              topics="waku node" tid=4381113 clusterId=3 shards="[0, 1, 2, 3, 4, 5, 6, 7]"
[2026-10-04 12:22:29.949] [out] [delivery_module] INF 2026-10-04 12:22:29.948+02:00 Mounting mix protocol                      topics="waku node" tid=4381113INF 2026-10-04 12:22:29.948+02:00 node info                                  topics="waku node" tid=4381113 wakuInfo="(listenAddresses: [/ip4/0.0.0.0/tcp/0/p2p/16Uiu2HAmTPzryJBdPgYyQFGF8fsDgFCfsAV3iifTgD5YGwpJJk4V, /ip4/0.0.0.0/udp/0/quic-v1/p2p/16Uiu2HAmTPzryJBdPgYyQFGF8fsDgFCfsAV3iifTgD5YGwpJJk4V], enrUri: enr:-JO4QNYO2DodCfu02qUDeXGipziiVMo8S18lyXjqma_ohDuXb-fbtbUSuK8OaHU2If4q4pv3nG1RZY3vUJjrlgKGRPcBgmlkgnY0gnJzkwADCAAAAAEAAgADAAQABQAGAAeJc2VjcDI1NmsxoQPbCCufNDBNXgX2o8UEgaGzgovjR0lPX_ccP8M9WEGG7oV3YWt1Mi0, mixPubKey: none())"
[2026-10-04 12:22:29.949] [out] [delivery_module]  nodeId="(listenAddresses: [/ip4/0.0.0.0/tcp/0/p2p/16Uiu2HAmTPzryJBdPgYyQFGF8fsDgFCfsAV3iifTgD5YGwpJJk4V, /ip4/0.0.0.0/udp/0/quic-v1/p2p/16Uiu2HAmTPzryJBdPgYyQFGF8fsDgFCfsAV3iifTgD5YGwpJJk4V], enrUri: enr:-JO4QNYO2DodCfu02qUDeXGipziiVMo8S18lyXjqma_ohDuXb-fbtbUSuK8OaHU2If4q4pv3nG1RZY3vUJjrlgKGRPcBgmlkgnY0gnJzkwADCAAAAAEAAgADAAQABQAGAAeJc2VjcDI1NmsxoQPbCCufNDBNXgX2o8UEgaGzgovjR0lPX_ccP8M9WEGG7oV3YWt1Mi0, mixPubKey: none())"
[2026-10-04 12:22:29.949] [out] [delivery_module] INF 2026-10-04 12:22:29.948+02:00 local addr                                 topics="waku node" tid=4381113 localaddr=/ip4/0.0.0.0/tcp/0
[2026-10-04 12:22:29.949] [out] [delivery_module] INF 2026-10-04 12:22:29.949+02:00 mixPubKey                                  topics="waku node" tid=4381113 mixPubKey="[142, 73, 51, 121, 65, 123, 176, 144, 255, 177, 194, 254, 2, 71, 85, 247, 76, 19, 76, 18, 205, 9, 112, 101, 143, 61, 246, 219, 173, 53, 255, 88]"
[2026-10-04 12:22:29.949] [out] [delivery_module] INF 2026-10-04 12:22:29.949+02:00 Using mix bootstrap nodes                  topics="waku mix" tid=4381113 entries=0 poolSize=0
[2026-10-04 12:22:29.950] [out] [delivery_module] INF 2026-10-04 12:22:29.949+02:00 Mix cannot publish yet, waiting for more mix nodes topics="waku node" tid=4381113 poolSize=0 required=4
[2026-10-04 12:22:29.953] [out] [delivery_module] INF 2026-10-04 12:22:29.953+02:00 mounting store client                      topics="waku node store api" tid=4381113
[2026-10-04 12:22:29.953] [out] [delivery_module] INF 2026-10-04 12:22:29.953+02:00 Mounting auto sharding                     topics="waku node" tid=4381113 clusterId=3 shardCount=8
[2026-10-04 12:22:29.953] [out] [delivery_module] DBG 2026-10-04 12:22:29.953+02:00 Shards created from content topics         tid=4381113 contentTopics=[] shards=[]
[2026-10-04 12:22:29.953] [out] [delivery_module] DBG 2026-10-04 12:22:29.953+02:00 Setting max message size                   tid=4381113 num_bytes=153600
[2026-10-04 12:22:29.954] [out] [delivery_module] INF 2026-10-04 12:22:29.954+02:00 mounting relay protocol                    topics="waku node relay api" tid=4381113
[2026-10-04 12:22:29.956] [out] [delivery_module] DBG 2026-10-04 12:22:29.956+02:00 relay mounted successfully                 topics="waku node relay api" tid=4381113
[2026-10-04 12:22:29.956] [out] [delivery_module] DBG 2026-10-04 12:22:29.956+02:00 Adding validator to signed shards          tid=4381113 protectedShards=[] clusterId=3
[2026-10-04 12:22:29.956] [out] [delivery_module] INF 2026-10-04 12:22:29.956+02:00 Mounting rendezvous discovery protocol     topics="waku node" tid=4381113
[2026-10-04 12:22:29.958] [out] [delivery_module] INF 2026-10-04 12:22:29.956+02:00 Waku rendezvous initialized                topics="waku node" tid=4381113 clusterId=3 shards="[0, 1, 2, 3, 4, 5, 6, 7]" capabilities="[Relay, Filter, Lightpush, Mix]" wakuPeerRecord="(peerId: 16U*pJJk4V, seqNo: 1791109349, addresses: [/ip4/0.0.0.0/tcp/0, /ip4/0.0.0.0/udp/0/quic-v1], mixKey: 0x8e493379417bb090ffb1c2fe024755f74c134c12cd0970658f3df6dbad35ff58)"
[2026-10-04 12:22:29.958] [out] [delivery_module] INF 2026-10-04 12:22:29.958+02:00 Mounting rendezvous client                 topics="waku node" tid=4381113
[2026-10-04 12:22:29.958] [out] [delivery_module] INF 2026-10-04 12:22:29.958+02:00 Waku rendezvous client initialized         topics="waku node" tid=4381113 clusterId=3
[2026-10-04 12:22:29.958] [out] [delivery_module] INF 2026-10-04 12:22:29.958+02:00 mounting libp2p ping protocol              topics="waku node ping api" tid=4381113
[2026-10-04 12:22:29.958] [out] [delivery_module] INF 2026-10-04 12:22:29.958+02:00 mounting light push                        topics="waku node lightpush api" tid=4381113
[2026-10-04 12:22:29.958] [out] [delivery_module] INF 2026-10-04 12:22:29.958+02:00 mounting lightpush with relay              topics="waku node lightpush api" tid=4381113
[2026-10-04 12:22:29.958] [out] [delivery_module] DBG 2026-10-04 12:22:29.958+02:00 lightpush mounted successfully             topics="waku node lightpush api" tid=4381113
[2026-10-04 12:22:29.958] [out] [delivery_module] INF 2026-10-04 12:22:29.958+02:00 mounting legacy light push                 topics="waku node lightpush api" tid=4381113
[2026-10-04 12:22:29.958] [out] [delivery_module] INF 2026-10-04 12:22:29.958+02:00 mounting legacy lightpush with relay       topics="waku node lightpush api" tid=4381113
[2026-10-04 12:22:29.958] [out] [delivery_module] DBG 2026-10-04 12:22:29.958+02:00 legacy lightpush mounted successfully      topics="waku node lightpush api" tid=4381113
[2026-10-04 12:22:29.958] [out] [delivery_module] INF 2026-10-04 12:22:29.958+02:00 mounting light push client                 topics="waku node lightpush api" tid=4381113
[2026-10-04 12:22:29.958] [out] [delivery_module] INF 2026-10-04 12:22:29.958+02:00 mounting legacy light push client          topics="waku node lightpush api" tid=4381113
[2026-10-04 12:22:29.958] [out] [delivery_module] INF 2026-10-04 12:22:29.958+02:00 mounting filter protocol                   topics="waku node filter api" tid=4381113
[2026-10-04 12:22:29.959] [out] [delivery_module] INF 2026-10-04 12:22:29.959+02:00 Starting filter protocol                   topics="waku filter" tid=4381113
[2026-10-04 12:22:29.959] [out] [delivery_module] DBG 2026-10-04 12:22:29.959+02:00 Starting to maintain subscriptions         topics="waku filter" tid=4381113
[2026-10-04 12:22:29.959] [out] [delivery_module] DBG 2026-10-04 12:22:29.959+02:00 Maintaining subscriptions                  topics="waku filter" tid=4381113
[2026-10-04 12:22:29.959] [out] [delivery_module] DBG 2026-10-04 12:22:29.959+02:00 Cleanup                                    topics="waku filter subscriptions" tid=4381113 currentPeerIds=[]
[2026-10-04 12:22:29.959] [out] [delivery_module] DBG 2026-10-04 12:22:29.959+02:00 After cleanup                              topics="waku filter subscriptions" tid=4381113 currentPeerIds=[]
[2026-10-04 12:22:29.959] [out] [delivery_module] INF 2026-10-04 12:22:29.959+02:00 mounting filter client                     topics="waku node filter api" tid=4381113
[2026-10-04 12:22:29.959] [out] [delivery_module] INF 2026-10-04 12:22:29.959+02:00 mounting waku peer exchange                topics="waku node peerexchange api" tid=4381113
[2026-10-04 12:22:29.959] [out] [delivery_module] INF 2026-10-04 12:22:29.959+02:00 mounting waku peer exchange client         topics="waku node peerexchange api" tid=4381113
[2026-10-04 12:22:29.959] [out] [delivery_module] INF 2026-10-04 12:22:29.959+02:00 No external callbacks to be set            topics="wakunode waku" tid=4381113
[2026-10-04 12:22:29.959] [out] [delivery_module] INF 2026-10-04 12:22:29.959+02:00 Setting up AutonatService                  topics="libp2p autonatservice" tid=4381113
[2026-10-04 12:22:29.961] [info] [logos] [delivery_module] DeliveryModuleImpl::createNode callback called with ret: 0
[2026-10-04 12:22:29.969] [info] [logos] [delivery_module] DeliveryModuleImpl: Delivery context created successfully
[2026-10-04 12:22:29.973] [info] [logos] [delivery_module] DeliveryModuleImpl::start called
[2026-10-04 12:22:29.973] [info] [logos] [delivery_module] DeliveryModuleImpl::getNodeInfo called with nodeInfoId: MyPeerId
[2026-10-04 12:22:29.973] [out] [delivery_module] INF 2026-10-04 12:22:29.973+02:00 Retrieve dynamic bootstrap nodes           topics="wakunode waku" tid=4381113
[2026-10-04 12:22:29.973] [out] [delivery_module] INF 2026-10-04 12:22:29.973+02:00 Running nwaku node                         tid=4381113 version=v0.39.0-gca2814
[2026-10-04 12:22:29.973] [out] [delivery_module] INF 2026-10-04 12:22:29.973+02:00 Starting Waku node                         topics="waku node" tid=4381113 version=v0.39.0-gca2814
[2026-10-04 12:22:29.973] [out] [delivery_module] DBG 2026-10-04 12:22:29.973+02:00 Waku rendezvous periodic requests started  topics="waku rendezvous client" tid=4381113 interval=10s
[2026-10-04 12:22:29.973] [out] [delivery_module] INF 2026-10-04 12:22:29.973+02:00 Waku rendezvous client started             topics="waku rendezvous client" tid=4381113
[2026-10-04 12:22:29.973] [out] [delivery_module] DBG 2026-10-04 12:22:29.973+02:00 starting switch for peer                   topics="libp2p switch" tid=4381113 peerInfo="(peerId: 16Uiu2HAmTPzryJBdPgYyQFGF8fsDgFCfsAV3iifTgD5YGwpJJk4V, listenAddrs: [/ip4/0.0.0.0/tcp/0, /ip4/0.0.0.0/udp/0/quic-v1], addrs: [], protocols: [/ipfs/id/1.0.0, /libp2p/autonat/1.0.0, /libp2p/circuit/relay/0.2.0/hop, /vac/waku/metadata/1.0.0, /mix/1.0.0, /logos/service-discovery/1.0.0, /vac/waku/relay/2.0.0, /vac/waku/rendezvous/1.0.0, /ipfs/ping/1.0.0, /vac/waku/lightpush/3.0.0, /vac/waku/lightpush/2.0.0-beta1, /vac/waku/filter-subscribe/2.0.0-beta1, /vac/waku/filter-push/2.0.0-beta1, /vac/waku/peer-exchange/2.0.0-alpha1], protoVersion: ipfs/0.1.0, agentVersion: logos-delivery-v0.39.0-gca2814)"
[2026-10-04 12:22:29.974] [out] [delivery_module] DBG 2026-10-04 12:22:29.974+02:00 No private listen addresses to map; releasing any prior mappings topics="libp2p natservice" tid=4381113
[2026-10-04 12:22:29.992] [out] [delivery_module] DBG 2026-10-04 12:22:29.992+02:00 Configured QUIC UDP receive buffer         tid=4381113 requestedBytes=8388608 effectiveBytes=8388608
[2026-10-04 12:22:29.994] [out] [delivery_module] DBG 2026-10-04 12:22:29.994+02:00 About to accept incoming connection        topics="libp2p switch" tid=4381113
[2026-10-04 12:22:29.994] [out] [delivery_module] DBG 2026-10-04 12:22:29.994+02:00 About to accept incoming connection        topics="libp2p switch" tid=4381113
[2026-10-04 12:22:29.995] [out] [delivery_module] DBG 2026-10-04 12:22:29.995+02:00 No private listen addresses to map; releasing any prior mappings topics="libp2p natservice" tid=4381113
[2026-10-04 12:22:29.998] [out] [delivery_module] DBG 2026-10-04 12:22:29.998+02:00 Lookup query                               topics="kad-dht find" tid=4381113 peer=16U*NSkuby
[2026-10-04 12:22:30.000] [out] [delivery_module] DBG 2026-10-04 12:22:30.000+02:00 Dialing peer                               topics="libp2p dialer" tid=4381113 peerId=16U*NSkuby addrs="[/dns4/delivery-01.do-ams3.logos.dev.status.im/tcp/30303]"
[2026-10-04 12:22:30.000] [out] [delivery_module] DBG 2026-10-04 12:22:30.000+02:00 resolved addresses                         topics="libp2p dialer" tid=4381113 originalAddresses=/dns4/delivery-01.do-ams3.logos.dev.status.im/tcp/30303/p2p/16Uiu2HAmTUbnxLGT9JvV6mu9oPyDjqHK4Phs1VDJNUgESgNSkuby resolvedAddresses="[/dns4/delivery-01.do-ams3.logos.dev.status.im/tcp/30303/p2p/16Uiu2HAmTUbnxLGT9JvV6mu9oPyDjqHK4Phs1VDJNUgESgNSkuby]"
[2026-10-04 12:22:30.001] [out] [delivery_module] DBG 2026-10-04 12:22:30.001+02:00 Lookup query                               topics="kad-dht find" tid=4381113 peer=16U*TwqBiH
[2026-10-04 12:22:30.001] [out] [delivery_module] DBG 2026-10-04 12:22:30.001+02:00 Dialing peer                               topics="libp2p dialer" tid=4381113 peerId=16U*TwqBiH addrs="[/dns4/delivery-02.gc-us-central1-a.logos.dev.status.im/tcp/30303]"
[2026-10-04 12:22:30.002] [out] [delivery_module] DBG 2026-10-04 12:22:30.002+02:00 resolved addresses                         topics="libp2p dialer" tid=4381113 originalAddresses=/dns4/delivery-02.gc-us-central1-a.logos.dev.status.im/tcp/30303/p2p/16Uiu2HAm8Y9kgBNtjxvCnf1X6gnZJW5EGE4UwwCL3CCm55TwqBiH resolvedAddresses="[/dns4/delivery-02.gc-us-central1-a.logos.dev.status.im/tcp/30303/p2p/16Uiu2HAm8Y9kgBNtjxvCnf1X6gnZJW5EGE4UwwCL3CCm55TwqBiH]"
[2026-10-04 12:22:30.002] [out] [delivery_module] DBG 2026-10-04 12:22:30.002+02:00 Lookup query                               topics="kad-dht find" tid=4381113 peer=16U*VpJprH
[2026-10-04 12:22:30.002] [out] [delivery_module] DBG 2026-10-04 12:22:30.002+02:00 Dialing peer                               topics="libp2p dialer" tid=4381113 peerId=16U*VpJprH addrs="[/dns4/delivery-02.do-ams3.logos.dev.status.im/tcp/30303]"
[2026-10-04 12:22:30.002] [out] [delivery_module] DBG 2026-10-04 12:22:30.002+02:00 resolved addresses                         topics="libp2p dialer" tid=4381113 originalAddresses=/dns4/delivery-02.do-ams3.logos.dev.status.im/tcp/30303/p2p/16Uiu2HAmMK7PYygBtKUQ8EHp7EfaD3bCEsJrkFooK8RQ2PVpJprH resolvedAddresses="[/dns4/delivery-02.do-ams3.logos.dev.status.im/tcp/30303/p2p/16Uiu2HAmMK7PYygBtKUQ8EHp7EfaD3bCEsJrkFooK8RQ2PVpJprH]"
[2026-10-04 12:22:30.002] [out] [delivery_module] DBG 2026-10-04 12:22:30.002+02:00 Lookup query                               topics="kad-dht find" tid=4381113 peer=16U*T3UNSE
[2026-10-04 12:22:30.003] [out] [delivery_module] DBG 2026-10-04 12:22:30.003+02:00 Dialing peer                               topics="libp2p dialer" tid=4381113 peerId=16U*T3UNSE addrs="[/dns4/delivery-02.ac-cn-hongkong-c.logos.dev.status.im/tcp/30303]"
[2026-10-04 12:22:30.003] [out] [delivery_module] DBG 2026-10-04 12:22:30.003+02:00 resolved addresses                         topics="libp2p dialer" tid=4381113 originalAddresses=/dns4/delivery-02.ac-cn-hongkong-c.logos.dev.status.im/tcp/30303/p2p/16Uiu2HAkvwhGHKNry6LACrB8TmEFoCJKEX29XR5dDUzk3UT3UNSE resolvedAddresses="[/dns4/delivery-02.ac-cn-hongkong-c.logos.dev.status.im/tcp/30303/p2p/16Uiu2HAkvwhGHKNry6LACrB8TmEFoCJKEX29XR5dDUzk3UT3UNSE]"
[2026-10-04 12:22:30.003] [out] [delivery_module] DBG 2026-10-04 12:22:30.003+02:00 Lookup query                               topics="kad-dht find" tid=4381113 peer=16U*P1S397
[2026-10-04 12:22:30.003] [out] [delivery_module] DBG 2026-10-04 12:22:30.003+02:00 Dialing peer                               topics="libp2p dialer" tid=4381113 peerId=16U*P1S397 addrs="[/dns4/delivery-01.gc-us-central1-a.logos.dev.status.im/tcp/30303]"
[2026-10-04 12:22:30.004] [out] [delivery_module] DBG 2026-10-04 12:22:30.003+02:00 resolved addresses                         topics="libp2p dialer" tid=4381113 originalAddresses=/dns4/delivery-01.gc-us-central1-a.logos.dev.status.im/tcp/30303/p2p/16Uiu2HAm4S1JYkuzDKLKQvwgAhZKs9otxXqt8SCGtB4hoJP1S397 resolvedAddresses="[/dns4/delivery-01.gc-us-central1-a.logos.dev.status.im/tcp/30303/p2p/16Uiu2HAm4S1JYkuzDKLKQvwgAhZKs9otxXqt8SCGtB4hoJP1S397]"
[2026-10-04 12:22:30.004] [out] [delivery_module] DBG 2026-10-04 12:22:30.003+02:00 Lookup query                               topics="kad-dht find" tid=4381113 peer=16U*kGyuEP
[2026-10-04 12:22:30.004] [out] [delivery_module] DBG 2026-10-04 12:22:30.003+02:00 Dialing peer                               topics="libp2p dialer" tid=4381113 peerId=16U*kGyuEP addrs="[/dns4/delivery-01.ac-cn-hongkong-c.logos.dev.status.im/tcp/30303]"
[2026-10-04 12:22:30.006] [out] [delivery_module] DBG 2026-10-04 12:22:30.006+02:00 resolved addresses                         topics="libp2p dialer" tid=4381113 originalAddresses=/dns4/delivery-01.ac-cn-hongkong-c.logos.dev.status.im/tcp/30303/p2p/16Uiu2HAm8YokiNun9BkeA1ZRmhLbtNUvcwRr64F69tYj9fkGyuEP resolvedAddresses="[/dns4/delivery-01.ac-cn-hongkong-c.logos.dev.status.im/tcp/30303/p2p/16Uiu2HAm8YokiNun9BkeA1ZRmhLbtNUvcwRr64F69tYj9fkGyuEP]"
[2026-10-04 12:22:30.007] [out] [delivery_module] ERR 2026-10-04 12:22:30.007+02:00 Failed to create signed extended peer record topics="service-discovery" tid=4381113 error="no dialable address to publish yet"
[2026-10-04 12:22:30.007] [out] [delivery_module] INF 2026-10-04 12:22:30.007+02:00 Service Discovery started                  topics="service-discovery" tid=4381113
[2026-10-04 12:22:30.007] [out] [delivery_module] INF 2026-10-04 12:22:30.007+02:00 start                                      topics="waku relay" tid=4381113
[2026-10-04 12:22:30.009] [out] [delivery_module] DBG 2026-10-04 12:22:30.008+02:00 Waku rendezvous periodic registration started topics="waku rendezvous" tid=4381113 interval=10s
[2026-10-04 12:22:30.009] [out] [delivery_module] INF 2026-10-04 12:22:30.008+02:00 Waku rendezvous discovery started          topics="waku rendezvous" tid=4381113
[2026-10-04 12:22:30.009] [out] [delivery_module] DBG 2026-10-04 12:22:30.008+02:00 Started libp2p node                        topics="libp2p switch" tid=4381113 peer="(peerId: 16Uiu2HAmTPzryJBdPgYyQFGF8fsDgFCfsAV3iifTgD5YGwpJJk4V, listenAddrs: [/ip4/0.0.0.0/tcp/60486, /ip4/0.0.0.0/udp/51325/quic-v1], addrs: [/ip4/0.0.0.0/tcp/60486, /ip4/0.0.0.0/udp/51325/quic-v1], protocols: [/ipfs/id/1.0.0, /libp2p/autonat/1.0.0, /libp2p/circuit/relay/0.2.0/hop, /vac/waku/metadata/1.0.0, /mix/1.0.0, /logos/service-discovery/1.0.0, /vac/waku/relay/2.0.0, /vac/waku/rendezvous/1.0.0, /ipfs/ping/1.0.0, /vac/waku/lightpush/3.0.0, /vac/waku/lightpush/2.0.0-beta1, /vac/waku/filter-subscribe/2.0.0-beta1, /vac/waku/filter-push/2.0.0-beta1, /vac/waku/peer-exchange/2.0.0-alpha1], protoVersion: ipfs/0.1.0, agentVersion: logos-delivery-v0.39.0-gca2814)"
[2026-10-04 12:22:30.012] [out] [delivery_module] INF 2026-10-04 12:22:30.011+02:00 Announced base resolved                    topics="waku node" tid=4381113 addrs="@[/ip4/172.20.10.14/tcp/60486, /ip4/172.20.10.14/udp/51325/quic-v1]" explicit=@[]
[2026-10-04 12:22:30.028] [info] [logos] [delivery_module] DeliveryModuleImpl::subscribe called with contentTopic: /lp0026forum/1/general/text
[2026-10-04 12:22:30.029] [out] [delivery_module] DBG 2026-10-04 12:22:30.029+02:00 Subscribing to pubsub topic                topics="waku relay" tid=4381113 pubsubTopic=/waku/2/rs/3/7
[2026-10-04 12:22:30.031] [info] [logos] [delivery_module] DeliveryModuleImpl: Subscribe completed for topic: /lp0026forum/1/general/text with success
[2026-10-04 12:22:30.031] [out] [delivery_module] DBG 2026-10-04 12:22:30.030+02:00 No mesh peer for the given pubsub topic    topics="waku relay" tid=4381113 pubsubTopic=/waku/2/rs/3/7
[2026-10-04 12:22:30.363] [info] [logos] [delivery_module] DeliveryModuleImpl::send called with contentTopic: /lp0026forum/1/general/text
[2026-10-04 12:22:30.367] [out] [delivery_module] DBG 2026-10-04 12:22:30.365+02:00 RequestRelayShard.request failed           tid=4381113 error="RequestBroker(RequestRelayShard): no provider registered for broker context 00010002"
[2026-10-04 12:22:30.367] [info] [logos] [delivery_module] DeliveryModuleImpl: Send failed for topic: /lp0026forum/1/general/text, reason: Send failed: MessagingClient.send: Failed to create delivery task: Failed create DeliveryTask: RequestBroker(RequestRelayShard): no provider registered for broker context 00010002
[2026-10-04 12:22:31.017] [out] [delivery_module] WRN 2026-10-04 12:22:31.016+02:00 NAT port mapping failed                    topics="libp2p natservice" tid=4381113 port=60486 proto=mpTcp err="plum: mapping 0 failed"
[2026-10-04 12:22:31.089] [out] [delivery_module] INF 2026-10-04 12:22:31.088+02:00 Using mix bootstrap nodes                  topics="waku mix" tid=4381113 entries=1 poolSize=1
[2026-10-04 12:22:31.090] [out] [delivery_module] INF 2026-10-04 12:22:31.090+02:00 Using mix bootstrap nodes                  topics="waku mix" tid=4381113 entries=1 poolSize=2
[2026-10-04 12:22:31.093] [out] [delivery_module] INF 2026-10-04 12:22:31.091+02:00 Using mix bootstrap nodes                  topics="waku mix" tid=4381113 entries=1 poolSize=3
[2026-10-04 12:22:31.093] [out] [delivery_module] INF 2026-10-04 12:22:31.092+02:00 Using mix bootstrap nodes                  topics="waku mix" tid=4381113 entries=1 poolSize=4
[2026-10-04 12:22:31.093] [out] [delivery_module] INF 2026-10-04 12:22:31.092+02:00 Using mix bootstrap nodes                  topics="waku mix" tid=4381113 entries=1 poolSize=5
[2026-10-04 12:22:31.093] [out] [delivery_module] INF 2026-10-04 12:22:31.093+02:00 Using mix bootstrap nodes                  topics="waku mix" tid=4381113 entries=1 poolSize=6
[2026-10-04 12:22:31.093] [out] [delivery_module] DBG 2026-10-04 12:22:31.093+02:00 Expanded address and hostname              topics="libp2p dialer" tid=4381113 expandedAddress=/dns4/delivery-02.gc-us-central1-a.logos.dev.status.im/tcp/30303 hostname=delivery-02.gc-us-central1-a.logos.dev.status.im resolvedAddresses="[/ip4/34.123.201.25/tcp/30303]"
[2026-10-04 12:22:31.096] [out] [delivery_module] DBG 2026-10-04 12:22:31.094+02:00 Expanded address and hostname              topics="libp2p dialer" tid=4381113 expandedAddress=/dns4/delivery-02.do-ams3.logos.dev.status.im/tcp/30303 hostname=delivery-02.do-ams3.logos.dev.status.im resolvedAddresses="[/ip4/174.138.106.244/tcp/30303]"
[2026-10-04 12:22:31.098] [out] [delivery_module] DBG 2026-10-04 12:22:31.097+02:00 Expanded address and hostname              topics="libp2p dialer" tid=4381113 expandedAddress=/dns4/delivery-01.gc-us-central1-a.logos.dev.status.im/tcp/30303 hostname=delivery-01.gc-us-central1-a.logos.dev.status.im resolvedAddresses="[/ip4/136.119.156.87/tcp/30303]"
[2026-10-04 12:22:31.101] [out] [delivery_module] DBG 2026-10-04 12:22:31.098+02:00 Expanded address and hostname              topics="libp2p dialer" tid=4381113 expandedAddress=/dns4/delivery-01.do-ams3.logos.dev.status.im/tcp/30303 hostname=delivery-01.do-ams3.logos.dev.status.im resolvedAddresses="[/ip4/138.68.122.137/tcp/30303]"
[2026-10-04 12:22:31.102] [out] [delivery_module] DBG 2026-10-04 12:22:31.100+02:00 Expanded address and hostname              topics="libp2p dialer" tid=4381113 expandedAddress=/dns4/delivery-01.ac-cn-hongkong-c.logos.dev.status.im/tcp/30303 hostname=delivery-01.ac-cn-hongkong-c.logos.dev.status.im resolvedAddresses="[/ip4/47.242.130.189/tcp/30303]"
[2026-10-04 12:22:31.103] [out] [delivery_module] DBG 2026-10-04 12:22:31.103+02:00 Expanded address and hostname              topics="libp2p dialer" tid=4381113 expandedAddress=/dns4/delivery-02.ac-cn-hongkong-c.logos.dev.status.im/tcp/30303 hostname=delivery-02.ac-cn-hongkong-c.logos.dev.status.im resolvedAddresses="[/ip4/43.99.103.10/tcp/30303]"
[2026-10-04 12:22:33.028] [out] [delivery_module] WRN 2026-10-04 12:22:33.028+02:00 NAT port mapping failed                    topics="libp2p natservice" tid=4381113 port=51325 proto=mpUdp err="plum: mapping 0 failed"
[2026-10-04 12:22:33.030] [out] [delivery_module] INF 2026-10-04 12:22:33.029+02:00 Mix self hop set                           topics="waku node" tid=4381113 hop=/ip4/172.20.10.14/tcp/60486 before=/ip4/0.0.0.0/tcp/0
[2026-10-04 12:22:33.030] [out] [delivery_module] DBG 2026-10-04 12:22:33.029+02:00 ENR addresses updated                      topics="waku enr" tid=4381113 retained=0 total=0
[2026-10-04 12:22:33.033] [out] [delivery_module] DBG 2026-10-04 12:22:33.033+02:00 ENR addresses updated                      topics="waku enr" tid=4381113 retained=0 total=0
[2026-10-04 12:22:33.034] [out] [delivery_module] INF 2026-10-04 12:22:33.034+02:00 Random kademlia lookups disabled           topics="waku service discovery" tid=4381113
[2026-10-04 12:22:33.035] [out] [delivery_module] DBG 2026-10-04 12:22:33.034+02:00 Periodic service lookup started            topics="waku service discovery" tid=4381113 interval=1m services={}
[2026-10-04 12:22:33.035] [out] [delivery_module] INF 2026-10-04 12:22:33.035+02:00 Kademlia discovery started                 topics="waku service discovery" tid=4381113
[2026-10-04 12:22:33.036] [out] [delivery_module] INF 2026-10-04 12:22:33.036+02:00 Discovery ENR initialized                  topics="eth p2p discv5" tid=4381113 enrAutoUpdate=false seqNum=4 ip=none() tcpPort=none() udpPort=none() customEnrFields=@[] uri=enr:-Ka4QD-rzaC4EjJV7vnym7UVNcGom0P5VtS1dftkcnLxZmVtO0vu6B6zqN36KbO4DD7VfEP9EQT_7IE39-8rGjN4UdoEgmlkgnY0im11bHRpYWRkcnOAgnJzkwADCAAAAAEAAgADAAQABQAGAAeJc2VjcDI1NmsxoQPbCCufNDBNXgX2o8UEgaGzgovjR0lPX_ccP8M9WEGG7oN0Y3CC7EaFd2FrdTIt
[2026-10-04 12:22:33.036] [out] [delivery_module] WRN 2026-10-04 12:22:33.036+02:00 No external IP provided for the ENR, this node will not be discoverable topics="eth p2p discv5" tid=4381113
[2026-10-04 12:22:33.036] [out] [delivery_module] DBG 2026-10-04 12:22:33.036+02:00 peer filtering updated                     topics="waku discv5" tid=4381113
[2026-10-04 12:22:33.036] [out] [delivery_module] INF 2026-10-04 12:22:33.036+02:00 Starting discovery v5 service              topics="waku discv5" tid=4381113
[2026-10-04 12:22:33.036] [out] [delivery_module] INF 2026-10-04 12:22:33.036+02:00 Start listening on udp port                topics="waku discv5" tid=4381113 address=0.0.0.0 port=58171
[2026-10-04 12:22:33.036] [out] [delivery_module] INF 2026-10-04 12:22:33.036+02:00 Starting discovery node                    topics="eth p2p discv5" tid=4381113 node=a9*ae50e7:unaddressable bindAddress=0.0.0.0:58171
[2026-10-04 12:22:33.037] [out] [delivery_module] DBG 2026-10-04 12:22:33.037+02:00 Total nodes in routing table after populate topics="eth p2p discv5" tid=4381113 total=0
[2026-10-04 12:22:33.037] [out] [delivery_module] DBG 2026-10-04 12:22:33.037+02:00 Starting discovery v5 search               topics="waku discv5" tid=4381113
[2026-10-04 12:22:33.037] [out] [delivery_module] DBG 2026-10-04 12:22:33.037+02:00 Successfully started discovery v5 service  topics="waku discv5" tid=4381113
[2026-10-04 12:22:33.037] [out] [delivery_module] INF 2026-10-04 12:22:33.037+02:00 Discv5: discoverable ENR                   topics="waku discv5" tid=4381113 enrUri=enr:-Ka4QD-rzaC4EjJV7vnym7UVNcGom0P5VtS1dftkcnLxZmVtO0vu6B6zqN36KbO4DD7VfEP9EQT_7IE39-8rGjN4UdoEgmlkgnY0im11bHRpYWRkcnOAgnJzkwADCAAAAAEAAgADAAQABQAGAAeJc2VjcDI1NmsxoQPbCCufNDBNXgX2o8UEgaGzgovjR0lPX_ccP8M9WEGG7oN0Y3CC7EaFd2FrdTIt enr="(4, id: \"v4\", multiaddrs: 0x, rs: 0x00030800000001000200030004000500060007, secp256k1: 0x03DB082B9F34304D5E05F6A3C50481A1B3828BE347494F5FF71C3FC33D584186EE, tcp: 60486, waku2: 0x2D)"
[2026-10-04 12:22:33.038] [out] [delivery_module] INF 2026-10-04 12:22:33.038+02:00 Node started successfully                  topics="waku node" tid=4381113
[2026-10-04 12:22:33.038] [out] [delivery_module] DBG 2026-10-04 12:22:33.038+02:00 Publishing Signed XPR                      topics="service-discovery" tid=4381113 xpr="(envelope: (publicKey: secp256k1 key (04db082b9f34304d5e05f6a3c50481a1b3828be347494f5ff71c3fc33d584186ee7f8894dae392aaa2df64a588a52f522aea6558898b2c796eeefb47cb72f8ccb5), payloadType: @[3, 1], payload: @[10, 39, 0, 37, 8, 2, 18, 33, 3, 219, 8, 43, 159, 52, 48, 77, 94, 5, 246, 163, 197, 4, 129, 161, 179, 130, 139, 227, 71, 73, 79, 95, 247, 28, 63, 195, 61, 88, 65, 134, 238, 16, 166, 204, 6, 26, 10, 10, 8, 4, 172, 20, 10, 14, 6, 236, 70, 26, 13, 10, 11, 4, 172, 20, 10, 14, 145, 2, 200, 125, 205, 3], signature: 30450221009666844964BBA95606370A15A648E051FA474A806A04476674822C591D0150AD02203B5C378914D44F594A69413F768556967134AFFBA25559E11B00840219472C04), data: (peerId: 16Uiu2HAmTPzryJBdPgYyQFGF8fsDgFCfsAV3iifTgD5YGwpJJk4V, seqNo: 108070, addresses: @[(address: /ip4/172.20.10.14/tcp/60486), (address: /ip4/172.20.10.14/udp/51325/quic-v1)], services: @[]))"
[2026-10-04 12:22:33.039] [out] [delivery_module] DBG 2026-10-04 12:22:33.038+02:00 Lookup query                               topics="kad-dht find" tid=4381113 peer=16U*NSkuby
[2026-10-04 12:22:33.040] [out] [delivery_module] DBG 2026-10-04 12:22:33.039+02:00 Lookup query                               topics="kad-dht find" tid=4381113 peer=16U*TwqBiH
[2026-10-04 12:22:33.040] [out] [delivery_module] DBG 2026-10-04 12:22:33.040+02:00 Lookup query                               topics="kad-dht find" tid=4381113 peer=16U*VpJprH
[2026-10-04 12:22:33.040] [out] [delivery_module] DBG 2026-10-04 12:22:33.040+02:00 Lookup query                               topics="kad-dht find" tid=4381113 peer=16U*T3UNSE
[2026-10-04 12:22:33.040] [out] [delivery_module] DBG 2026-10-04 12:22:33.040+02:00 Lookup query                               topics="kad-dht find" tid=4381113 peer=16U*P1S397
[2026-10-04 12:22:33.040] [out] [delivery_module] DBG 2026-10-04 12:22:33.040+02:00 Lookup query                               topics="kad-dht find" tid=4381113 peer=16U*kGyuEP
[2026-10-04 12:22:33.040] [out] [delivery_module] DBG 2026-10-04 12:22:33.040+02:00 Dialing multiple peers                     tid=4381113 numOfPeers=6 nodes="@[\"/dns4/delivery-01.do-ams3.logos.dev.status.im/tcp/30303/p2p/16Uiu2HAmTUbnxLGT9JvV6mu9oPyDjqHK4Phs1VDJNUgESgNSkuby\", \"/dns4/delivery-02.do-ams3.logos.dev.status.im/tcp/30303/p2p/16Uiu2HAmMK7PYygBtKUQ8EHp7EfaD3bCEsJrkFooK8RQ2PVpJprH\", \"/dns4/delivery-01.gc-us-central1-a.logos.dev.status.im/tcp/30303/p2p/16Uiu2HAm4S1JYkuzDKLKQvwgAhZKs9otxXqt8SCGtB4hoJP1S397\", \"/dns4/delivery-02.gc-us-central1-a.logos.dev.status.im/tcp/30303/p2p/16Uiu2HAm8Y9kgBNtjxvCnf1X6gnZJW5EGE4UwwCL3CCm55TwqBiH\", \"/dns4/delivery-01.ac-cn-hongkong-c.logos.dev.status.im/tcp/30303/p2p/16Uiu2HAm8YokiNun9BkeA1ZRmhLbtNUvcwRr64F69tYj9fkGyuEP\", \"/dns4/delivery-02.ac-cn-hongkong-c.logos.dev.status.im/tcp/30303/p2p/16Uiu2HAkvwhGHKNry6LACrB8TmEFoCJKEX29XR5dDUzk3UT3UNSE\"]"
[2026-10-04 12:22:35.003] [out] [delivery_module] DBG 2026-10-04 12:22:35.003+02:00 Lookup query                               topics="kad-dht find" tid=4381113 peer=16U*NSkuby
[2026-10-04 12:22:35.009] [out] [delivery_module] DBG 2026-10-04 12:22:35.009+02:00 Lookup query                               topics="kad-dht find" tid=4381113 peer=16U*TwqBiH
[2026-10-04 12:22:35.009] [out] [delivery_module] DBG 2026-10-04 12:22:35.009+02:00 Lookup query                               topics="kad-dht find" tid=4381113 peer=16U*VpJprH
[2026-10-04 12:22:35.010] [out] [delivery_module] DBG 2026-10-04 12:22:35.009+02:00 Lookup query                               topics="kad-dht find" tid=4381113 peer=16U*T3UNSE
[2026-10-04 12:22:35.010] [out] [delivery_module] DBG 2026-10-04 12:22:35.009+02:00 Lookup query                               topics="kad-dht find" tid=4381113 peer=16U*P1S397
[2026-10-04 12:22:35.010] [out] [delivery_module] DBG 2026-10-04 12:22:35.009+02:00 Lookup query                               topics="kad-dht find" tid=4381113 peer=16U*kGyuEP
[2026-10-04 12:22:35.010] [out] [delivery_module] DBG 2026-10-04 12:22:35.010+02:00 Kad lookup: RPC error                      topics="kad-dht find" tid=4381113 peer=16U*NSkuby msg="dialStage: timed out dialing the peer"
[2026-10-04 12:22:35.011] [out] [delivery_module] DBG 2026-10-04 12:22:35.011+02:00 Kad lookup: RPC error                      topics="kad-dht find" tid=4381113 peer=16U*TwqBiH msg="dialStage: timed out dialing the peer"
[2026-10-04 12:22:35.011] [out] [delivery_module] DBG 2026-10-04 12:22:35.011+02:00 Kad lookup: RPC error                      topics="kad-dht find" tid=4381113 peer=16U*VpJprH msg="dialStage: timed out dialing the peer"
[2026-10-04 12:22:35.011] [out] [delivery_module] DBG 2026-10-04 12:22:35.011+02:00 Kad lookup: RPC error                      topics="kad-dht find" tid=4381113 peer=16U*T3UNSE msg="dialStage: timed out dialing the peer"
[2026-10-04 12:22:35.012] [out] [delivery_module] DBG 2026-10-04 12:22:35.011+02:00 Kad lookup: RPC error                      topics="kad-dht find" tid=4381113 peer=16U*P1S397 msg="dialStage: timed out dialing the peer"
[2026-10-04 12:22:35.012] [out] [delivery_module] DBG 2026-10-04 12:22:35.012+02:00 Kad lookup: RPC error                      topics="kad-dht find" tid=4381113 peer=16U*kGyuEP msg="dialStage: timed out dialing the peer"
[2026-10-04 12:22:35.014] [out] [delivery_module] WRN 2026-10-04 12:22:35.013+02:00 ffi request still in flight; caller notified via RET_STALE_WARN tid=4381113 reqId=LogosdeliveryStartNodeReq elapsedMs=5000
[2026-10-04 12:22:36.829] [out] [delivery_module] DBG 2026-10-04 12:22:36.828+02:00 Dial successful                            topics="libp2p dialer" tid=4381113 peerId=16U*NSkuby
[2026-10-04 12:22:36.832] [out] [delivery_module] DBG 2026-10-04 12:22:36.832+02:00 starting sendNonHighPriorityTask           topics="libp2p pubsubpeer" tid=4381113 p=16U*NSkuby
[2026-10-04 12:22:36.832] [out] [delivery_module] DBG 2026-10-04 12:22:36.832+02:00 created new pubsub peer                    topics="libp2p pubsub" tid=4381113 peerId=16U*NSkuby
[2026-10-04 12:22:36.834] [out] [delivery_module] DBG 2026-10-04 12:22:36.834+02:00 no listener registered                     tid=4381115 event=onConnectionChange
[2026-10-04 12:22:36.994] [out] [delivery_module] DBG 2026-10-04 12:22:36.994+02:00 Incoming WakuRelay connection              topics="waku relay" tid=4381113 connection=16U*NSkuby:6ac228ec8bb1790ddbb31403 protocol=/vac/waku/relay/2.0.0
[2026-10-04 12:22:36.995] [out] [delivery_module] DBG 2026-10-04 12:22:36.994+02:00 starting pubsub read loop                  topics="libp2p pubsubpeer" tid=4381113 stream=16U*NSkuby:6ac228ec8bb1790ddbb31403 peer=16U*NSkuby closed=false
[2026-10-04 12:22:36.995] [out] [delivery_module] DBG 2026-10-04 12:22:36.994+02:00 identify: info sent                        topics="libp2p identify" tid=4381113 stream=16U*NSkuby:6ac228ec8bb1790ddbb31404 info="(peerId: 16Uiu2HAmTPzryJBdPgYyQFGF8fsDgFCfsAV3iifTgD5YGwpJJk4V, listenAddrs: [/ip4/0.0.0.0/tcp/60486, /ip4/0.0.0.0/udp/51325/quic-v1], addrs: [/ip4/172.20.10.14/tcp/60486, /ip4/172.20.10.14/udp/51325/quic-v1], protocols: [/ipfs/id/1.0.0, /libp2p/autonat/1.0.0, /libp2p/circuit/relay/0.2.0/hop, /vac/waku/metadata/1.0.0, /mix/1.0.0, /logos/service-discovery/1.0.0, /vac/waku/relay/2.0.0, /vac/waku/rendezvous/1.0.0, /ipfs/ping/1.0.0, /vac/waku/lightpush/3.0.0, /vac/waku/lightpush/2.0.0-beta1, /vac/waku/filter-subscribe/2.0.0-beta1, /vac/waku/filter-push/2.0.0-beta1, /vac/waku/peer-exchange/2.0.0-alpha1], protoVersion: ipfs/0.1.0, agentVersion: logos-delivery-v0.39.0-gca2814)"
[2026-10-04 12:22:37.297] [out] [delivery_module] DBG 2026-10-04 12:22:37.297+02:00 Dial successful                            topics="libp2p dialer" tid=4381113 peerId=16U*VpJprH
[2026-10-04 12:22:37.297] [out] [delivery_module] DBG 2026-10-04 12:22:37.297+02:00 no listener registered                     tid=4381115 event=onConnectionChange
[2026-10-04 12:22:37.297] [out] [delivery_module] DBG 2026-10-04 12:22:37.297+02:00 starting sendNonHighPriorityTask           topics="libp2p pubsubpeer" tid=4381113 p=16U*VpJprH
[2026-10-04 12:22:37.297] [out] [delivery_module] DBG 2026-10-04 12:22:37.297+02:00 created new pubsub peer                    topics="libp2p pubsub" tid=4381113 peerId=16U*VpJprH
[2026-10-04 12:22:37.379] [out] [delivery_module] DBG 2026-10-04 12:22:37.379+02:00 Dial successful                            topics="libp2p dialer" tid=4381113 peerId=16U*TwqBiH
[2026-10-04 12:22:37.379] [out] [delivery_module] DBG 2026-10-04 12:22:37.379+02:00 Dial successful                            topics="libp2p dialer" tid=4381113 peerId=16U*P1S397
[2026-10-04 12:22:37.379] [out] [delivery_module] DBG 2026-10-04 12:22:37.379+02:00 Incoming WakuRelay connection              topics="waku relay" tid=4381113 connection=16U*VpJprH:6ac228ed8bb1790ddbb31405 protocol=/vac/waku/relay/2.0.0
[2026-10-04 12:22:37.379] [out] [delivery_module] DBG 2026-10-04 12:22:37.379+02:00 starting pubsub read loop                  topics="libp2p pubsubpeer" tid=4381113 stream=16U*VpJprH:6ac228ed8bb1790ddbb31405 peer=16U*VpJprH closed=false
[2026-10-04 12:22:37.379] [out] [delivery_module] DBG 2026-10-04 12:22:37.379+02:00 identify: info sent                        topics="libp2p identify" tid=4381113 stream=16U*VpJprH:6ac228ed8bb1790ddbb31408 info="(peerId: 16Uiu2HAmTPzryJBdPgYyQFGF8fsDgFCfsAV3iifTgD5YGwpJJk4V, listenAddrs: [/ip4/0.0.0.0/tcp/60486, /ip4/0.0.0.0/udp/51325/quic-v1], addrs: [/ip4/172.20.10.14/tcp/60486, /ip4/172.20.10.14/udp/51325/quic-v1], protocols: [/ipfs/id/1.0.0, /libp2p/autonat/1.0.0, /libp2p/circuit/relay/0.2.0/hop, /vac/waku/metadata/1.0.0, /mix/1.0.0, /logos/service-discovery/1.0.0, /vac/waku/relay/2.0.0, /vac/waku/rendezvous/1.0.0, /ipfs/ping/1.0.0, /vac/waku/lightpush/3.0.0, /vac/waku/lightpush/2.0.0-beta1, /vac/waku/filter-subscribe/2.0.0-beta1, /vac/waku/filter-push/2.0.0-beta1, /vac/waku/peer-exchange/2.0.0-alpha1], protoVersion: ipfs/0.1.0, agentVersion: logos-delivery-v0.39.0-gca2814)"
[2026-10-04 12:22:37.379] [out] [delivery_module] DBG 2026-10-04 12:22:37.379+02:00 starting sendNonHighPriorityTask           topics="libp2p pubsubpeer" tid=4381113 p=16U*TwqBiH
[2026-10-04 12:22:37.379] [out] [delivery_module] DBG 2026-10-04 12:22:37.379+02:00 created new pubsub peer                    topics="libp2p pubsub" tid=4381113 peerId=16U*TwqBiH
[2026-10-04 12:22:37.379] [out] [delivery_module] DBG 2026-10-04 12:22:37.379+02:00 no listener registered                     tid=4381115 event=onConnectionChange
[2026-10-04 12:22:37.380] [out] [delivery_module] DBG 2026-10-04 12:22:37.380+02:00 starting sendNonHighPriorityTask           topics="libp2p pubsubpeer" tid=4381113 p=16U*P1S397
[2026-10-04 12:22:37.380] [out] [delivery_module] DBG 2026-10-04 12:22:37.380+02:00 created new pubsub peer                    topics="libp2p pubsub" tid=4381113 peerId=16U*P1S397
[2026-10-04 12:22:37.380] [out] [delivery_module] DBG 2026-10-04 12:22:37.380+02:00 no listener registered                     tid=4381115 event=onConnectionChange
[2026-10-04 12:22:37.380] [out] [delivery_module] DBG 2026-10-04 12:22:37.380+02:00 Incoming WakuRelay connection              topics="waku relay" tid=4381113 connection=16U*TwqBiH:6ac228ed8bb1790ddbb31409 protocol=/vac/waku/relay/2.0.0
[2026-10-04 12:22:37.380] [out] [delivery_module] DBG 2026-10-04 12:22:37.380+02:00 starting pubsub read loop                  topics="libp2p pubsubpeer" tid=4381113 stream=16U*TwqBiH:6ac228ed8bb1790ddbb31409 peer=16U*TwqBiH closed=false
[2026-10-04 12:22:37.386] [out] [delivery_module] DBG 2026-10-04 12:22:37.385+02:00 identify: info sent                        topics="libp2p identify" tid=4381113 stream=16U*TwqBiH:6ac228ed8bb1790ddbb3140a info="(peerId: 16Uiu2HAmTPzryJBdPgYyQFGF8fsDgFCfsAV3iifTgD5YGwpJJk4V, listenAddrs: [/ip4/0.0.0.0/tcp/60486, /ip4/0.0.0.0/udp/51325/quic-v1], addrs: [/ip4/172.20.10.14/tcp/60486, /ip4/172.20.10.14/udp/51325/quic-v1], protocols: [/ipfs/id/1.0.0, /libp2p/autonat/1.0.0, /libp2p/circuit/relay/0.2.0/hop, /vac/waku/metadata/1.0.0, /mix/1.0.0, /logos/service-discovery/1.0.0, /vac/waku/relay/2.0.0, /vac/waku/rendezvous/1.0.0, /ipfs/ping/1.0.0, /vac/waku/lightpush/3.0.0, /vac/waku/lightpush/2.0.0-beta1, /vac/waku/filter-subscribe/2.0.0-beta1, /vac/waku/filter-push/2.0.0-beta1, /vac/waku/peer-exchange/2.0.0-alpha1], protoVersion: ipfs/0.1.0, agentVersion: logos-delivery-v0.39.0-gca2814)"
[2026-10-04 12:22:37.386] [out] [delivery_module] DBG 2026-10-04 12:22:37.386+02:00 Incoming WakuRelay connection              topics="waku relay" tid=4381113 connection=16U*P1S397:6ac228ed8bb1790ddbb3140b protocol=/vac/waku/relay/2.0.0
[2026-10-04 12:22:37.386] [out] [delivery_module] DBG 2026-10-04 12:22:37.386+02:00 starting pubsub read loop                  topics="libp2p pubsubpeer" tid=4381113 stream=16U*P1S397:6ac228ed8bb1790ddbb3140b peer=16U*P1S397 closed=false
[2026-10-04 12:22:37.386] [out] [delivery_module] DBG 2026-10-04 12:22:37.386+02:00 identify: info sent                        topics="libp2p identify" tid=4381113 stream=16U*P1S397:6ac228ed8bb1790ddbb3140c info="(peerId: 16Uiu2HAmTPzryJBdPgYyQFGF8fsDgFCfsAV3iifTgD5YGwpJJk4V, listenAddrs: [/ip4/0.0.0.0/tcp/60486, /ip4/0.0.0.0/udp/51325/quic-v1], addrs: [/ip4/172.20.10.14/tcp/60486, /ip4/172.20.10.14/udp/51325/quic-v1], protocols: [/ipfs/id/1.0.0, /libp2p/autonat/1.0.0, /libp2p/circuit/relay/0.2.0/hop, /vac/waku/metadata/1.0.0, /mix/1.0.0, /logos/service-discovery/1.0.0, /vac/waku/relay/2.0.0, /vac/waku/rendezvous/1.0.0, /ipfs/ping/1.0.0, /vac/waku/lightpush/3.0.0, /vac/waku/lightpush/2.0.0-beta1, /vac/waku/filter-subscribe/2.0.0-beta1, /vac/waku/filter-push/2.0.0-beta1, /vac/waku/peer-exchange/2.0.0-alpha1], protoVersion: ipfs/0.1.0, agentVersion: logos-delivery-v0.39.0-gca2814)"
[2026-10-04 12:22:38.041] [out] [delivery_module] DBG 2026-10-04 12:22:38.041+02:00 Lookup query                               topics="kad-dht find" tid=4381113 peer=16U*NSkuby
[2026-10-04 12:22:38.041] [out] [delivery_module] DBG 2026-10-04 12:22:38.041+02:00 Lookup query                               topics="kad-dht find" tid=4381113 peer=16U*TwqBiH
[2026-10-04 12:22:38.041] [out] [delivery_module] DBG 2026-10-04 12:22:38.041+02:00 Lookup query                               topics="kad-dht find" tid=4381113 peer=16U*VpJprH
[2026-10-04 12:22:38.041] [out] [delivery_module] DBG 2026-10-04 12:22:38.041+02:00 Lookup query                               topics="kad-dht find" tid=4381113 peer=16U*T3UNSE
[2026-10-04 12:22:38.041] [out] [delivery_module] DBG 2026-10-04 12:22:38.041+02:00 Lookup query                               topics="kad-dht find" tid=4381113 peer=16U*P1S397
[2026-10-04 12:22:38.041] [out] [delivery_module] DBG 2026-10-04 12:22:38.041+02:00 Lookup query                               topics="kad-dht find" tid=4381113 peer=16U*kGyuEP
[2026-10-04 12:22:38.042] [out] [delivery_module] DBG 2026-10-04 12:22:38.042+02:00 Kad lookup: RPC error                      topics="kad-dht find" tid=4381113 peer=16U*NSkuby msg="dialStage: timed out dialing the peer"
[2026-10-04 12:22:38.042] [out] [delivery_module] DBG 2026-10-04 12:22:38.042+02:00 Kad lookup: RPC error                      topics="kad-dht find" tid=4381113 peer=16U*TwqBiH msg="dialStage: timed out dialing the peer"
[2026-10-04 12:22:38.042] [out] [delivery_module] DBG 2026-10-04 12:22:38.042+02:00 Kad lookup: RPC error                      topics="kad-dht find" tid=4381113 peer=16U*VpJprH msg="dialStage: timed out dialing the peer"
[2026-10-04 12:22:38.042] [out] [delivery_module] DBG 2026-10-04 12:22:38.042+02:00 Kad lookup: RPC error                      topics="kad-dht find" tid=4381113 peer=16U*T3UNSE msg="dialStage: timed out dialing the peer"
[2026-10-04 12:22:38.042] [out] [delivery_module] DBG 2026-10-04 12:22:38.042+02:00 Kad lookup: RPC error                      topics="kad-dht find" tid=4381113 peer=16U*kGyuEP msg="dialStage: timed out dialing the peer"
[2026-10-04 12:22:38.042] [out] [delivery_module] DBG 2026-10-04 12:22:38.042+02:00 Kad lookup: RPC error                      topics="kad-dht find" tid=4381113 peer=16U*P1S397 msg="dialStage: timed out dialing the peer"
[2026-10-04 12:22:38.749] [out] [delivery_module] DBG 2026-10-04 12:22:38.749+02:00 Dial successful                            topics="libp2p dialer" tid=4381113 peerId=16U*T3UNSE
[2026-10-04 12:22:38.753] [out] [delivery_module] DBG 2026-10-04 12:22:38.752+02:00 starting sendNonHighPriorityTask           topics="libp2p pubsubpeer" tid=4381113 p=16U*T3UNSE
[2026-10-04 12:22:38.753] [out] [delivery_module] DBG 2026-10-04 12:22:38.752+02:00 created new pubsub peer                    topics="libp2p pubsub" tid=4381113 peerId=16U*T3UNSE
[2026-10-04 12:22:38.753] [out] [delivery_module] DBG 2026-10-04 12:22:38.753+02:00 no listener registered                     tid=4381115 event=onConnectionChange
[2026-10-04 12:22:38.756] [out] [delivery_module] DBG 2026-10-04 12:22:38.754+02:00 Incoming WakuRelay connection              topics="waku relay" tid=4381113 connection=16U*T3UNSE:6ac228ee8bb1790ddbb31411 protocol=/vac/waku/relay/2.0.0
[2026-10-04 12:22:38.756] [out] [delivery_module] DBG 2026-10-04 12:22:38.754+02:00 starting pubsub read loop                  topics="libp2p pubsubpeer" tid=4381113 stream=16U*T3UNSE:6ac228ee8bb1790ddbb31411 peer=16U*T3UNSE closed=false
[2026-10-04 12:22:38.756] [out] [delivery_module] DBG 2026-10-04 12:22:38.755+02:00 identify: info sent                        topics="libp2p identify" tid=4381113 stream=16U*T3UNSE:6ac228ee8bb1790ddbb31412 info="(peerId: 16Uiu2HAmTPzryJBdPgYyQFGF8fsDgFCfsAV3iifTgD5YGwpJJk4V, listenAddrs: [/ip4/0.0.0.0/tcp/60486, /ip4/0.0.0.0/udp/51325/quic-v1], addrs: [/ip4/172.20.10.14/tcp/60486, /ip4/172.20.10.14/udp/51325/quic-v1], protocols: [/ipfs/id/1.0.0, /libp2p/autonat/1.0.0, /libp2p/circuit/relay/0.2.0/hop, /vac/waku/metadata/1.0.0, /mix/1.0.0, /logos/service-discovery/1.0.0, /vac/waku/relay/2.0.0, /vac/waku/rendezvous/1.0.0, /ipfs/ping/1.0.0, /vac/waku/lightpush/3.0.0, /vac/waku/lightpush/2.0.0-beta1, /vac/waku/filter-subscribe/2.0.0-beta1, /vac/waku/filter-push/2.0.0-beta1, /vac/waku/peer-exchange/2.0.0-alpha1], protoVersion: ipfs/0.1.0, agentVersion: logos-delivery-v0.39.0-gca2814)"
[2026-10-04 12:22:38.757] [out] [delivery_module] DBG 2026-10-04 12:22:38.757+02:00 Dial successful                            topics="libp2p dialer" tid=4381113 peerId=16U*kGyuEP
[2026-10-04 12:22:38.758] [out] [delivery_module] DBG 2026-10-04 12:22:38.758+02:00 starting sendNonHighPriorityTask           topics="libp2p pubsubpeer" tid=4381113 p=16U*kGyuEP
[2026-10-04 12:22:38.758] [out] [delivery_module] DBG 2026-10-04 12:22:38.758+02:00 created new pubsub peer                    topics="libp2p pubsub" tid=4381113 peerId=16U*kGyuEP
[2026-10-04 12:22:38.758] [out] [delivery_module] DBG 2026-10-04 12:22:38.758+02:00 no listener registered                     tid=4381115 event=onConnectionChange
[2026-10-04 12:22:38.759] [out] [delivery_module] DBG 2026-10-04 12:22:38.758+02:00 Incoming WakuRelay connection              topics="waku relay" tid=4381113 connection=16U*kGyuEP:6ac228ee8bb1790ddbb31415 protocol=/vac/waku/relay/2.0.0
[2026-10-04 12:22:38.759] [out] [delivery_module] DBG 2026-10-04 12:22:38.758+02:00 starting pubsub read loop                  topics="libp2p pubsubpeer" tid=4381113 stream=16U*kGyuEP:6ac228ee8bb1790ddbb31415 peer=16U*kGyuEP closed=false
[2026-10-04 12:22:38.761] [out] [delivery_module] DBG 2026-10-04 12:22:38.759+02:00 identify: info sent                        topics="libp2p identify" tid=4381113 stream=16U*kGyuEP:6ac228ee8bb1790ddbb31416 info="(peerId: 16Uiu2HAmTPzryJBdPgYyQFGF8fsDgFCfsAV3iifTgD5YGwpJJk4V, listenAddrs: [/ip4/0.0.0.0/tcp/60486, /ip4/0.0.0.0/udp/51325/quic-v1], addrs: [/ip4/172.20.10.14/tcp/60486, /ip4/172.20.10.14/udp/51325/quic-v1], protocols: [/ipfs/id/1.0.0, /libp2p/autonat/1.0.0, /libp2p/circuit/relay/0.2.0/hop, /vac/waku/metadata/1.0.0, /mix/1.0.0, /logos/service-discovery/1.0.0, /vac/waku/relay/2.0.0, /vac/waku/rendezvous/1.0.0, /ipfs/ping/1.0.0, /vac/waku/lightpush/3.0.0, /vac/waku/lightpush/2.0.0-beta1, /vac/waku/filter-subscribe/2.0.0-beta1, /vac/waku/filter-push/2.0.0-beta1, /vac/waku/peer-exchange/2.0.0-alpha1], protoVersion: ipfs/0.1.0, agentVersion: logos-delivery-v0.39.0-gca2814)"
[2026-10-04 12:22:38.894] [out] [delivery_module] DBG 2026-10-04 12:22:38.894+02:00 starting pubsub read loop                  topics="libp2p pubsubpeer" tid=4381113 stream=16U*NSkuby:6ac228ec8bb1790ddbb31401 peer=16U*NSkuby closed=false
[2026-10-04 12:22:38.941] [out] [delivery_module] DBG 2026-10-04 12:22:38.941+02:00 identify: info received                    topics="libp2p identify" tid=4381113 stream=16U*NSkuby:6ac228ec8bb1790ddbb31402 pubkey=ok(sec...9ab7)) addresses=/ip4/138.68.122.137/tcp/30303,/ip4/138.68.122.137/udp/30303/quic-v1,/dns4/delivery-01.do-ams3.logos.dev.status.im/tcp/30303 protocols=/ipfs/id/1.0.0,/libp2p/autonat/1.0.0,/libp2p/circuit/relay/0.2.0/hop,/vac/waku/metadata/1.0.0,/mix/1.0.0,/logos/service-discovery/1.0.0,/vac/waku/store-query/3.0.0,/vac/waku/relay/2.0.0,/vac/waku/rendezvous/1.0.0,/ipfs/ping/1.0.0,/vac/waku/lightpush/3.0.0,/vac/waku/lightpush/2.0.0-beta1,/vac/waku/filter-subscribe/2.0.0-beta1,/vac/waku/filter-push/2.0.0-beta1,/vac/waku/peer-exchange/2.0.0-alpha1 observable_address=ok(/ip4/109.41.112.89/tcp/34386) proto_version=ipfs/0.1.0 agent_version=logos-delivery-v0.39.0-gca2814 signedPeerRecord=None
[2026-10-04 12:22:38.943] [out] [delivery_module] DBG 2026-10-04 12:22:38.943+02:00 Event identified                           topics="waku node peer_manager" tid=4381113 peerId=16U*NSkuby
[2026-10-04 12:22:38.944] [out] [delivery_module] DBG 2026-10-04 12:22:38.944+02:00 no listener registered                     tid=4381115 event=onConnectionChange
[2026-10-04 12:22:39.058] [out] [delivery_module] DBG 2026-10-04 12:22:39.058+02:00 identify: info received                    topics="libp2p identify" tid=4381113 stream=16U*VpJprH:6ac228ed8bb1790ddbb31407 pubkey=ok(sec...7631)) addresses=/ip4/174.138.106.244/tcp/30303,/ip4/174.138.106.244/udp/30303/quic-v1,/dns4/delivery-02.do-ams3.logos.dev.status.im/tcp/30303 protocols=/ipfs/id/1.0.0,/libp2p/autonat/1.0.0,/libp2p/circuit/relay/0.2.0/hop,/vac/waku/metadata/1.0.0,/mix/1.0.0,/logos/service-discovery/1.0.0,/vac/waku/store-query/3.0.0,/vac/waku/relay/2.0.0,/vac/waku/rendezvous/1.0.0,/ipfs/ping/1.0.0,/vac/waku/lightpush/3.0.0,/vac/waku/lightpush/2.0.0-beta1,/vac/waku/filter-subscribe/2.0.0-beta1,/vac/waku/filter-push/2.0.0-beta1,/vac/waku/peer-exchange/2.0.0-alpha1 observable_address=ok(/ip4/109.41.112.89/tcp/40796) proto_version=ipfs/0.1.0 agent_version=logos-delivery-v0.39.0-gca2814 signedPeerRecord=None
[2026-10-04 12:22:39.060] [out] [delivery_module] DBG 2026-10-04 12:22:39.060+02:00 starting pubsub read loop                  topics="libp2p pubsubpeer" tid=4381113 stream=16U*VpJprH:6ac228ed8bb1790ddbb31406 peer=16U*VpJprH closed=false
[2026-10-04 12:22:39.060] [out] [delivery_module] DBG 2026-10-04 12:22:39.060+02:00 Event identified                           topics="waku node peer_manager" tid=4381113 peerId=16U*VpJprH
[2026-10-04 12:22:39.060] [out] [delivery_module] DBG 2026-10-04 12:22:39.060+02:00 no listener registered                     tid=4381115 event=onConnectionChange
[2026-10-04 12:22:40.004] [out] [delivery_module] DBG 2026-10-04 12:22:40.004+02:00 Lookup query                               topics="kad-dht find" tid=4381113 peer=16U*NSkuby
[2026-10-04 12:22:40.005] [out] [delivery_module] DBG 2026-10-04 12:22:40.005+02:00 Kad lookup: RPC error                      topics="kad-dht find" tid=4381113 peer=16U*NSkuby msg="dialStage: timed out dialing the peer"
[2026-10-04 12:22:40.009] [out] [delivery_module] DBG 2026-10-04 12:22:40.009+02:00 Lookup query                               topics="kad-dht find" tid=4381113 peer=16U*TwqBiH
[2026-10-04 12:22:40.010] [out] [delivery_module] DBG 2026-10-04 12:22:40.010+02:00 Lookup query                               topics="kad-dht find" tid=4381113 peer=16U*VpJprH
[2026-10-04 12:22:40.010] [out] [delivery_module] DBG 2026-10-04 12:22:40.010+02:00 Lookup query                               topics="kad-dht find" tid=4381113 peer=16U*T3UNSE
[2026-10-04 12:22:40.010] [out] [delivery_module] DBG 2026-10-04 12:22:40.010+02:00 Lookup query                               topics="kad-dht find" tid=4381113 peer=16U*P1S397
[2026-10-04 12:22:40.010] [out] [delivery_module] DBG 2026-10-04 12:22:40.010+02:00 Lookup query                               topics="kad-dht find" tid=4381113 peer=16U*kGyuEP
[2026-10-04 12:22:40.010] [out] [delivery_module] DBG 2026-10-04 12:22:40.010+02:00 Kad lookup: RPC error                      topics="kad-dht find" tid=4381113 peer=16U*TwqBiH msg="dialStage: timed out dialing the peer"
[2026-10-04 12:22:40.011] [out] [delivery_module] DBG 2026-10-04 12:22:40.011+02:00 Kad lookup: RPC error                      topics="kad-dht find" tid=4381113 peer=16U*VpJprH msg="dialStage: timed out dialing the peer"
[2026-10-04 12:22:40.011] [out] [delivery_module] DBG 2026-10-04 12:22:40.011+02:00 Kad lookup: RPC error                      topics="kad-dht find" tid=4381113 peer=16U*T3UNSE msg="dialStage: timed out dialing the peer"
[2026-10-04 12:22:40.011] [out] [delivery_module] DBG 2026-10-04 12:22:40.011+02:00 Kad lookup: RPC error                      topics="kad-dht find" tid=4381113 peer=16U*P1S397 msg="dialStage: timed out dialing the peer"
[2026-10-04 12:22:40.011] [out] [delivery_module] DBG 2026-10-04 12:22:40.011+02:00 Kad lookup: RPC error                      topics="kad-dht find" tid=4381113 peer=16U*kGyuEP msg="dialStage: timed out dialing the peer"
[2026-10-04 12:22:40.014] [out] [delivery_module] WRN 2026-10-04 12:22:40.014+02:00 ffi request still in flight; caller notified via RET_STALE_WARN tid=4381113 reqId=LogosdeliveryStartNodeReq elapsedMs=10000
[2026-10-04 12:22:40.234] [out] [delivery_module] DBG 2026-10-04 12:22:40.234+02:00 identify: info received                    topics="libp2p identify" tid=4381113 stream=16U*P1S397:6ac228ed8bb1790ddbb31410 pubkey=ok(sec...97dc)) addresses=/ip4/136.119.156.87/tcp/30303,/ip4/136.119.156.87/udp/30303/quic-v1,/dns4/delivery-01.gc-us-central1-a.logos.dev.status.im/tcp/30303 protocols=/ipfs/id/1.0.0,/libp2p/autonat/1.0.0,/libp2p/circuit/relay/0.2.0/hop,/vac/waku/metadata/1.0.0,/mix/1.0.0,/logos/service-discovery/1.0.0,/vac/waku/store-query/3.0.0,/vac/waku/relay/2.0.0,/vac/waku/rendezvous/1.0.0,/ipfs/ping/1.0.0,/vac/waku/lightpush/3.0.0,/vac/waku/lightpush/2.0.0-beta1,/vac/waku/filter-subscribe/2.0.0-beta1,/vac/waku/filter-push/2.0.0-beta1,/vac/waku/peer-exchange/2.0.0-alpha1 observable_address=ok(/ip4/109.41.112.89/tcp/36418) proto_version=ipfs/0.1.0 agent_version=logos-delivery-v0.39.0-gca2814 signedPeerRecord=None
[2026-10-04 12:22:40.235] [out] [delivery_module] DBG 2026-10-04 12:22:40.235+02:00 starting pubsub read loop                  topics="libp2p pubsubpeer" tid=4381113 stream=16U*P1S397:6ac228ed8bb1790ddbb3140f peer=16U*P1S397 closed=false
[2026-10-04 12:22:40.235] [out] [delivery_module] DBG 2026-10-04 12:22:40.235+02:00 Event identified                           topics="waku node peer_manager" tid=4381113 peerId=16U*P1S397
[2026-10-04 12:22:40.236] [out] [delivery_module] DBG 2026-10-04 12:22:40.236+02:00 no listener registered                     tid=4381115 event=onConnectionChange
[2026-10-04 12:22:40.236] [out] [delivery_module] DBG 2026-10-04 12:22:40.236+02:00 identify: info received                    topics="libp2p identify" tid=4381113 stream=16U*TwqBiH:6ac228ed8bb1790ddbb3140e pubkey=ok(sec...fed6)) addresses=/ip4/34.123.201.25/tcp/30303,/ip4/34.123.201.25/udp/30303/quic-v1,/dns4/delivery-02.gc-us-central1-a.logos.dev.status.im/tcp/30303 protocols=/ipfs/id/1.0.0,/libp2p/autonat/1.0.0,/libp2p/circuit/relay/0.2.0/hop,/vac/waku/metadata/1.0.0,/mix/1.0.0,/logos/service-discovery/1.0.0,/vac/waku/store-query/3.0.0,/vac/waku/relay/2.0.0,/vac/waku/rendezvous/1.0.0,/ipfs/ping/1.0.0,/vac/waku/lightpush/3.0.0,/vac/waku/lightpush/2.0.0-beta1,/vac/waku/filter-subscribe/2.0.0-beta1,/vac/waku/filter-push/2.0.0-beta1,/vac/waku/peer-exchange/2.0.0-alpha1 observable_address=ok(/ip4/109.41.112.89/tcp/36678) proto_version=ipfs/0.1.0 agent_version=logos-delivery-v0.39.0-gca2814 signedPeerRecord=None
[2026-10-04 12:22:40.237] [out] [delivery_module] DBG 2026-10-04 12:22:40.237+02:00 starting pubsub read loop                  topics="libp2p pubsubpeer" tid=4381113 stream=16U*TwqBiH:6ac228ed8bb1790ddbb3140d peer=16U*TwqBiH closed=false
[2026-10-04 12:22:40.237] [out] [delivery_module] DBG 2026-10-04 12:22:40.237+02:00 Event identified                           topics="waku node peer_manager" tid=4381113 peerId=16U*TwqBiH
[2026-10-04 12:22:40.237] [out] [delivery_module] DBG 2026-10-04 12:22:40.237+02:00 no listener registered                     tid=4381115 event=onConnectionChange
[2026-10-04 12:22:40.448] [out] [delivery_module] DBG 2026-10-04 12:22:40.436+02:00 identify: info received                    topics="libp2p identify" tid=4381113 stream=16U*kGyuEP:6ac228ee8bb1790ddbb31418 pubkey=ok(sec...c56e)) addresses=/ip4/47.242.130.189/tcp/30303,/ip4/47.242.130.189/udp/30303/quic-v1,/dns4/delivery-01.ac-cn-hongkong-c.logos.dev.status.im/tcp/30303 protocols=/ipfs/id/1.0.0,/libp2p/autonat/1.0.0,/libp2p/circuit/relay/0.2.0/hop,/vac/waku/metadata/1.0.0,/mix/1.0.0,/logos/service-discovery/1.0.0,/vac/waku/store-query/3.0.0,/vac/waku/relay/2.0.0,/vac/waku/rendezvous/1.0.0,/ipfs/ping/1.0.0,/vac/waku/lightpush/3.0.0,/vac/waku/lightpush/2.0.0-beta1,/vac/waku/filter-subscribe/2.0.0-beta1,/vac/waku/filter-push/2.0.0-beta1,/vac/waku/peer-exchange/2.0.0-alpha1 observable_address=ok(/ip4/109.41.112.89/tcp/39983) proto_version=ipfs/0.1.0 agent_version=logos-delivery-v0.39.0-gca2814 signedPeerRecord=None
[2026-10-04 12:22:40.448] [out] [delivery_module] DBG 2026-10-04 12:22:40.448+02:00 starting pubsub read loop                  topics="libp2p pubsubpeer" tid=4381113 stream=16U*kGyuEP:6ac228ee8bb1790ddbb31417 peer=16U*kGyuEP closed=false
[2026-10-04 12:22:40.448] [out] [delivery_module] DBG 2026-10-04 12:22:40.448+02:00 Event identified                           topics="waku node peer_manager" tid=4381113 peerId=16U*kGyuEP
[2026-10-04 12:22:40.448] [out] [delivery_module] DBG 2026-10-04 12:22:40.448+02:00 no listener registered                     tid=4381115 event=onConnectionChange
[2026-10-04 12:22:40.450] [out] [delivery_module] DBG 2026-10-04 12:22:40.450+02:00 Received WakuMetadata request              topics="waku metadata" tid=4381113 remoteClusterId=ok(3) remoteShards="[5, 0, 2, 1, 4, 7, 3, 6]" localClusterId=3 localShards="[7]" peer=16U*NSkuby
[2026-10-04 12:22:40.450] [out] [delivery_module] DBG 2026-10-04 12:22:40.450+02:00 identify: info received                    topics="libp2p identify" tid=4381113 stream=16U*T3UNSE:6ac228ee8bb1790ddbb31414 pubkey=ok(sec...6d2a)) addresses=/ip4/43.99.103.10/tcp/30303,/ip4/43.99.103.10/udp/30303/quic-v1,/dns4/delivery-02.ac-cn-hongkong-c.logos.dev.status.im/tcp/30303 protocols=/ipfs/id/1.0.0,/libp2p/autonat/1.0.0,/libp2p/circuit/relay/0.2.0/hop,/vac/waku/metadata/1.0.0,/mix/1.0.0,/logos/service-discovery/1.0.0,/vac/waku/store-query/3.0.0,/vac/waku/relay/2.0.0,/vac/waku/rendezvous/1.0.0,/ipfs/ping/1.0.0,/vac/waku/lightpush/3.0.0,/vac/waku/lightpush/2.0.0-beta1,/vac/waku/filter-subscribe/2.0.0-beta1,/vac/waku/filter-push/2.0.0-beta1,/vac/waku/peer-exchange/2.0.0-alpha1 observable_address=ok(/ip4/109.41.112.89/tcp/44307) proto_version=ipfs/0.1.0 agent_version=logos-delivery-v0.39.0-gca2814 signedPeerRecord=None
[2026-10-04 12:22:40.451] [out] [delivery_module] DBG 2026-10-04 12:22:40.451+02:00 no listener registered                     tid=4381115 event=onTopicHealthChange
[2026-10-04 12:22:40.451] [out] [delivery_module] DBG 2026-10-04 12:22:40.451+02:00 starting pubsub read loop                  topics="libp2p pubsubpeer" tid=4381113 stream=16U*T3UNSE:6ac228ee8bb1790ddbb31413 peer=16U*T3UNSE closed=false
[2026-10-04 12:22:40.451] [out] [delivery_module] DBG 2026-10-04 12:22:40.451+02:00 Event identified                           topics="waku node peer_manager" tid=4381113 peerId=16U*T3UNSE
[2026-10-04 12:22:40.451] [out] [delivery_module] DBG 2026-10-04 12:22:40.451+02:00 no listener registered                     tid=4381115 event=onConnectionChange
[2026-10-04 12:22:40.835] [info] [logos] [delivery_module] DeliveryModuleImpl::send called with contentTopic: /lp0026forum/1/general/text
[2026-10-04 12:22:40.836] [out] [delivery_module] DBG 2026-10-04 12:22:40.836+02:00 SendService.send: processing delivery task topics="send service" tid=4381113 requestId=e11b53434f3aa15c8996 msgHash=0x11f70b32516a798f2a79145e677e7b5554ecf1ff218cb41f965b4f1796b158aa
[2026-10-04 12:22:40.836] [info] [logos] [delivery_module] DeliveryModuleImpl: Send initiated for topic: /lp0026forum/1/general/text, with success, requestId: e11b53434f3aa15c8996
[2026-10-04 12:22:42.479] [out] [delivery_module] DBG 2026-10-04 12:22:42.478+02:00 Received WakuMetadata request              topics="waku metadata" tid=4381113 remoteClusterId=ok(3) remoteShards="[5, 0, 2, 1, 4, 7, 3, 6]" localClusterId=3 localShards="[7]" peer=16U*TwqBiH
[2026-10-04 12:22:42.479] [out] [delivery_module] DBG 2026-10-04 12:22:42.478+02:00 Received WakuMetadata request              topics="waku metadata" tid=4381113 remoteClusterId=ok(3) remoteShards="[5, 0, 2, 1, 4, 7, 3, 6]" localClusterId=3 localShards="[7]" peer=16U*P1S397
[2026-10-04 12:22:42.481] [out] [delivery_module] DBG 2026-10-04 12:22:42.480+02:00 no listener registered                     tid=4381115 event=onTopicHealthChange
[2026-10-04 12:22:42.566] [out] [delivery_module] DBG 2026-10-04 12:22:42.566+02:00 Received WakuMetadata request              topics="waku metadata" tid=4381113 remoteClusterId=ok(3) remoteShards="[5, 0, 2, 1, 4, 7, 3, 6]" localClusterId=3 localShards="[7]" peer=16U*VpJprH
[2026-10-04 12:22:42.583] [out] [delivery_module] DBG 2026-10-04 12:22:42.583+02:00 no listener registered                     tid=4381115 event=onTopicHealthChange
[2026-10-04 12:22:43.044] [out] [delivery_module] DBG 2026-10-04 12:22:43.044+02:00 Lookup query                               topics="kad-dht find" tid=4381113 peer=16U*NSkuby
[2026-10-04 12:22:43.044] [out] [delivery_module] DBG 2026-10-04 12:22:43.044+02:00 Lookup query                               topics="kad-dht find" tid=4381113 peer=16U*TwqBiH
[2026-10-04 12:22:43.044] [out] [delivery_module] DBG 2026-10-04 12:22:43.044+02:00 Lookup query                               topics="kad-dht find" tid=4381113 peer=16U*VpJprH
[2026-10-04 12:22:43.044] [out] [delivery_module] DBG 2026-10-04 12:22:43.044+02:00 Lookup query                               topics="kad-dht find" tid=4381113 peer=16U*T3UNSE
[2026-10-04 12:22:43.044] [out] [delivery_module] DBG 2026-10-04 12:22:43.044+02:00 Lookup query                               topics="kad-dht find" tid=4381113 peer=16U*P1S397
[2026-10-04 12:22:43.044] [out] [delivery_module] DBG 2026-10-04 12:22:43.044+02:00 Lookup query                               topics="kad-dht find" tid=4381113 peer=16U*kGyuEP
[2026-10-04 12:22:43.045] [out] [delivery_module] DBG 2026-10-04 12:22:43.045+02:00 Kad lookup: RPC error                      topics="kad-dht find" tid=4381113 peer=16U*NSkuby msg="dialStage: timed out dialing the peer"
[2026-10-04 12:22:43.045] [out] [delivery_module] DBG 2026-10-04 12:22:43.045+02:00 Kad lookup: RPC error                      topics="kad-dht find" tid=4381113 peer=16U*TwqBiH msg="dialStage: timed out dialing the peer"
[2026-10-04 12:22:43.045] [out] [delivery_module] DBG 2026-10-04 12:22:43.045+02:00 Kad lookup: RPC error                      topics="kad-dht find" tid=4381113 peer=16U*T3UNSE msg="dialStage: timed out dialing the peer"
[2026-10-04 12:22:43.045] [out] [delivery_module] DBG 2026-10-04 12:22:43.045+02:00 Kad lookup: RPC error                      topics="kad-dht find" tid=4381113 peer=16U*VpJprH msg="dialStage: timed out dialing the peer"
[2026-10-04 12:22:43.045] [out] [delivery_module] DBG 2026-10-04 12:22:43.045+02:00 Kad lookup: RPC error                      topics="kad-dht find" tid=4381113 peer=16U*kGyuEP msg="dialStage: timed out dialing the peer"
[2026-10-04 12:22:43.045] [out] [delivery_module] DBG 2026-10-04 12:22:43.045+02:00 Kad lookup: RPC error                      topics="kad-dht find" tid=4381113 peer=16U*P1S397 msg="dialStage: timed out dialing the peer"
[2026-10-04 12:22:43.046] [out] [delivery_module] DBG 2026-10-04 12:22:43.046+02:00 Finished dialing multiple peers            tid=4381113 successfulConns=0 attempted=6
[2026-10-04 12:22:43.049] [out] [delivery_module] INF 2026-10-04 12:22:43.048+02:00 Relay peer connections                     topics="waku node peer_manager" tid=4381113 inRelayConns=0/50 outRelayConns=6/25 totalConnections=6/150 notConnectedPeers=6 outsideBackoffPeers=0
[2026-10-04 12:22:43.054] [out] [delivery_module] DBG 2026-10-04 12:22:43.054+02:00 ENR addresses updated                      topics="waku enr" tid=4381113 retained=0 total=0
[2026-10-04 12:22:43.055] [out] [delivery_module] DBG 2026-10-04 12:22:43.055+02:00 Subscribing to pubsub topic                topics="waku relay" tid=4381113 pubsubTopic=/waku/2/rs/3/0
[2026-10-04 12:22:43.056] [out] [delivery_module] DBG 2026-10-04 12:22:43.056+02:00 peer filtering updated                     topics="waku discv5" tid=4381113
[2026-10-04 12:22:43.056] [out] [delivery_module] DBG 2026-10-04 12:22:43.056+02:00 ENR shards updated                         topics="waku discv5" tid=4381113 enrUri=enr:-K24QBr91fR33gvJ5agKEyZq2KMS9XNx5lJ_3cGXdyAreEYkPK9XsGOHTgrl0FsRX77I4wxPTAPSGvuKiiTbaAkEleAHgmlkgnY0im11bHRpYWRkcnOAgnJzkwADCAAAAAEAAgADAAQABQAGAAeJc2VjcDI1NmsxoQPbCCufNDBNXgX2o8UEgaGzgovjR0lPX_ccP8M9WEGG7oN0Y3CC7EaDdWRwguM7hXdha3UyLQ add=true
[2026-10-04 12:22:43.056] [out] [delivery_module] DBG 2026-10-04 12:22:43.056+02:00 Subscribing to pubsub topic                topics="waku relay" tid=4381113 pubsubTopic=/waku/2/rs/3/1
[2026-10-04 12:22:43.056] [out] [delivery_module] DBG 2026-10-04 12:22:43.056+02:00 peer filtering updated                     topics="waku discv5" tid=4381113
[2026-10-04 12:22:43.056] [out] [delivery_module] DBG 2026-10-04 12:22:43.056+02:00 ENR shards updated                         topics="waku discv5" tid=4381113 enrUri=enr:-K24QOlH4IB7MEtZQS0uGlJ3aCOW5_Ege8r3m_y4q7S4ebcKMkc4_NzeWYLhKqo7OJrAwgz3yHwrSX-gTVJ4e0aXgGgIgmlkgnY0im11bHRpYWRkcnOAgnJzkwADCAAAAAEAAgADAAQABQAGAAeJc2VjcDI1NmsxoQPbCCufNDBNXgX2o8UEgaGzgovjR0lPX_ccP8M9WEGG7oN0Y3CC7EaDdWRwguM7hXdha3UyLQ add=true
[2026-10-04 12:22:43.056] [out] [delivery_module] DBG 2026-10-04 12:22:43.056+02:00 Subscribing to pubsub topic                topics="waku relay" tid=4381113 pubsubTopic=/waku/2/rs/3/2
[2026-10-04 12:22:43.057] [out] [delivery_module] DBG 2026-10-04 12:22:43.057+02:00 peer filtering updated                     topics="waku discv5" tid=4381113
[2026-10-04 12:22:43.057] [out] [delivery_module] DBG 2026-10-04 12:22:43.057+02:00 ENR shards updated                         topics="waku discv5" tid=4381113 enrUri=enr:-K24QGt5znqlsU3w4ZaKp1qOODaVBTsuYMHAO64WTDRDRkkleeJGaQXoYUpwFMjjca24A8oqGk1YNyjk5crEQHmqoYUJgmlkgnY0im11bHRpYWRkcnOAgnJzkwADCAAAAAEAAgADAAQABQAGAAeJc2VjcDI1NmsxoQPbCCufNDBNXgX2o8UEgaGzgovjR0lPX_ccP8M9WEGG7oN0Y3CC7EaDdWRwguM7hXdha3UyLQ add=true
[2026-10-04 12:22:43.057] [out] [delivery_module] DBG 2026-10-04 12:22:43.057+02:00 Subscribing to pubsub topic                topics="waku relay" tid=4381113 pubsubTopic=/waku/2/rs/3/3
[2026-10-04 12:22:43.057] [out] [delivery_module] DBG 2026-10-04 12:22:43.057+02:00 peer filtering updated                     topics="waku discv5" tid=4381113
[2026-10-04 12:22:43.057] [out] [delivery_module] DBG 2026-10-04 12:22:43.057+02:00 ENR shards updated                         topics="waku discv5" tid=4381113 enrUri=enr:-K24QPSrBvXZAI-mRejr65ftWVJWPa9Wxl9BD9y64Yj1U82iH_1w57G44nCmY-Fg-iwLAK5AJW35y2d9m6lpHn6GRPsKgmlkgnY0im11bHRpYWRkcnOAgnJzkwADCAAAAAEAAgADAAQABQAGAAeJc2VjcDI1NmsxoQPbCCufNDBNXgX2o8UEgaGzgovjR0lPX_ccP8M9WEGG7oN0Y3CC7EaDdWRwguM7hXdha3UyLQ add=true
[2026-10-04 12:22:43.058] [out] [delivery_module] DBG 2026-10-04 12:22:43.057+02:00 Subscribing to pubsub topic                topics="waku relay" tid=4381113 pubsubTopic=/waku/2/rs/3/4
[2026-10-04 12:22:43.058] [out] [delivery_module] DBG 2026-10-04 12:22:43.058+02:00 peer filtering updated                     topics="waku discv5" tid=4381113
[2026-10-04 12:22:43.058] [out] [delivery_module] DBG 2026-10-04 12:22:43.058+02:00 ENR shards updated                         topics="waku discv5" tid=4381113 enrUri=enr:-K24QG01lQJy7uRwONoSutU8aT-Gpzg72ol4YnR7y8RXmxNDbf6b8DQiI67D3OgheMpmdBt1mh01GK_eoAApk9RjOLALgmlkgnY0im11bHRpYWRkcnOAgnJzkwADCAAAAAEAAgADAAQABQAGAAeJc2VjcDI1NmsxoQPbCCufNDBNXgX2o8UEgaGzgovjR0lPX_ccP8M9WEGG7oN0Y3CC7EaDdWRwguM7hXdha3UyLQ add=true
[2026-10-04 12:22:43.058] [out] [delivery_module] DBG 2026-10-04 12:22:43.058+02:00 Subscribing to pubsub topic                topics="waku relay" tid=4381113 pubsubTopic=/waku/2/rs/3/5
[2026-10-04 12:22:43.059] [out] [delivery_module] DBG 2026-10-04 12:22:43.058+02:00 peer filtering updated                     topics="waku discv5" tid=4381113
[2026-10-04 12:22:43.059] [out] [delivery_module] DBG 2026-10-04 12:22:43.058+02:00 ENR shards updated                         topics="waku discv5" tid=4381113 enrUri=enr:-K24QNbFZg6YMi1awG_6EgCDwCN05qsBVMEQRcrrbskRefVRH13NYK5QFwFfz9xGnODffgsoIwSUN4Ytd_oGkozJkLkMgmlkgnY0im11bHRpYWRkcnOAgnJzkwADCAAAAAEAAgADAAQABQAGAAeJc2VjcDI1NmsxoQPbCCufNDBNXgX2o8UEgaGzgovjR0lPX_ccP8M9WEGG7oN0Y3CC7EaDdWRwguM7hXdha3UyLQ add=true
[2026-10-04 12:22:43.059] [out] [delivery_module] DBG 2026-10-04 12:22:43.058+02:00 Subscribing to pubsub topic                topics="waku relay" tid=4381113 pubsubTopic=/waku/2/rs/3/6
[2026-10-04 12:22:43.059] [out] [delivery_module] DBG 2026-10-04 12:22:43.059+02:00 peer filtering updated                     topics="waku discv5" tid=4381113
[2026-10-04 12:22:43.059] [out] [delivery_module] DBG 2026-10-04 12:22:43.059+02:00 ENR shards updated                         topics="waku discv5" tid=4381113 enrUri=enr:-K24QMJhGZ66DKi0Hv38FUyP47btwt0RDL-TfSlDkrlwQWjNXzZjQ8T9F_AykZ4ZlbWpgeN2In3DqcIUJF1Uof-rwBwNgmlkgnY0im11bHRpYWRkcnOAgnJzkwADCAAAAAEAAgADAAQABQAGAAeJc2VjcDI1NmsxoQPbCCufNDBNXgX2o8UEgaGzgovjR0lPX_ccP8M9WEGG7oN0Y3CC7EaDdWRwguM7hXdha3UyLQ add=true
[2026-10-04 12:22:43.059] [out] [delivery_module] NTC 2026-10-04 12:22:43.059+02:00 ENR carries no reachable host, so peers cannot dial this node. Set --nat, --ext-ip, --dns4-domain-name or --ext-multiaddr to advertise one topics="wakunode waku" tid=4381113
[2026-10-04 12:22:43.060] [out] [delivery_module] DBG 2026-10-04 12:22:43.060+02:00 register interest                          topics="service-disco discoverer" tid=4381113 service=/logos/delivery serviceId=key:E6738033B5D413D13CF58622CEB4EF8F392E8D4EB073B56A5486CB0431B2F5D8
[2026-10-04 12:22:43.061] [out] [delivery_module] DBG 2026-10-04 12:22:43.061+02:00 Lookup query                               topics="kad-dht find" tid=4381113 peer=16U*P1S397
[2026-10-04 12:22:43.061] [out] [delivery_module] DBG 2026-10-04 12:22:43.061+02:00 Lookup query                               topics="kad-dht find" tid=4381113 peer=16U*T3UNSE
[2026-10-04 12:22:43.061] [out] [delivery_module] DBG 2026-10-04 12:22:43.061+02:00 Lookup query                               topics="kad-dht find" tid=4381113 peer=16U*VpJprH
[2026-10-04 12:22:43.061] [out] [delivery_module] DBG 2026-10-04 12:22:43.061+02:00 Lookup query                               topics="kad-dht find" tid=4381113 peer=16U*kGyuEP
[2026-10-04 12:22:43.061] [out] [delivery_module] DBG 2026-10-04 12:22:43.061+02:00 Lookup query                               topics="kad-dht find" tid=4381113 peer=16U*NSkuby
[2026-10-04 12:22:43.061] [out] [delivery_module] DBG 2026-10-04 12:22:43.061+02:00 Lookup query                               topics="kad-dht find" tid=4381113 peer=16U*TwqBiH
[2026-10-04 12:22:43.061] [out] [delivery_module] DBG 2026-10-04 12:22:43.061+02:00 Added service to discover                  topics="waku service discovery" tid=4381113 service=/logos/delivery
[2026-10-04 12:22:43.064] [out] [delivery_module] DBG 2026-10-04 12:22:43.064+02:00 Added provided service                     topics="service-disco advertiser" tid=4381113 service=/logos/delivery serviceId=key:E6738033B5D413D13CF58622CEB4EF8F392E8D4EB073B56A5486CB0431B2F5D8
[2026-10-04 12:22:43.066] [out] [delivery_module] DBG 2026-10-04 12:22:43.065+02:00 Cannot insert self in routing table        topics="kad-dht rtable" tid=4381113 nodeId=key:00250802122103DB082B9F34304D5E05F6A3C50481A1B3828BE347494F5FF71C3FC33D584186EE
[2026-10-04 12:22:43.066] [out] [delivery_module] DBG 2026-10-04 12:22:43.066+02:00 Cannot insert self in routing table        topics="kad-dht rtable" tid=4381113 nodeId=key:00250802122103DB082B9F34304D5E05F6A3C50481A1B3828BE347494F5FF71C3FC33D584186EE
[2026-10-04 12:22:43.068] [out] [delivery_module] DBG 2026-10-04 12:22:43.068+02:00 Added service to advertise                 topics="waku service discovery" tid=4381113 service=/logos/delivery
[2026-10-04 12:22:43.068] [out] [delivery_module] INF 2026-10-04 12:22:43.068+02:00 advertising this node on the delivery network topics="waku discovery advertise" tid=4381113 backend=service protocols="[/vac/waku/relay/2.0.0, /vac/waku/filter-subscribe/2.0.0-beta1, /vac/waku/lightpush/3.0.0, /mix/1.0.0]"
[2026-10-04 12:22:43.068] [out] [delivery_module] DBG 2026-10-04 12:22:43.068+02:00 register interest                          topics="service-disco discoverer" tid=4381113 service=/mix/1.0.0 serviceId=key:913B5C5DBE691438693215140388EC0C7DE80DE328BDE5BD7FC06F90568CEA40
[2026-10-04 12:22:43.068] [out] [delivery_module] DBG 2026-10-04 12:22:43.068+02:00 Lookup query                               topics="kad-dht find" tid=4381113 peer=16U*kGyuEP
[2026-10-04 12:22:43.068] [out] [delivery_module] DBG 2026-10-04 12:22:43.068+02:00 Lookup query                               topics="kad-dht find" tid=4381113 peer=16U*T3UNSE
[2026-10-04 12:22:43.068] [out] [delivery_module] DBG 2026-10-04 12:22:43.068+02:00 Lookup query                               topics="kad-dht find" tid=4381113 peer=16U*P1S397
[2026-10-04 12:22:43.068] [out] [delivery_module] DBG 2026-10-04 12:22:43.068+02:00 Lookup query                               topics="kad-dht find" tid=4381113 peer=16U*VpJprH
[2026-10-04 12:22:43.068] [out] [delivery_module] DBG 2026-10-04 12:22:43.068+02:00 Lookup query                               topics="kad-dht find" tid=4381113 peer=16U*TwqBiH
[2026-10-04 12:22:43.068] [out] [delivery_module] DBG 2026-10-04 12:22:43.068+02:00 Lookup query                               topics="kad-dht find" tid=4381113 peer=16U*NSkuby
[2026-10-04 12:22:43.069] [out] [delivery_module] DBG 2026-10-04 12:22:43.068+02:00 Added service to discover                  topics="waku service discovery" tid=4381113 service=/mix/1.0.0
[2026-10-04 12:22:43.070] [out] [delivery_module] DBG 2026-10-04 12:22:43.070+02:00 Added provided service                     topics="service-disco advertiser" tid=4381113 service=/mix/1.0.0 serviceId=key:913B5C5DBE691438693215140388EC0C7DE80DE328BDE5BD7FC06F90568CEA40
[2026-10-04 12:22:43.070] [out] [delivery_module] DBG 2026-10-04 12:22:43.070+02:00 Added service to advertise                 topics="waku service discovery" tid=4381113 service=/mix/1.0.0
[2026-10-04 12:22:43.070] [out] [delivery_module] INF 2026-10-04 12:22:43.070+02:00 advertising this node as a mix node        topics="waku discovery advertise" tid=4381113 backend=service
[2026-10-04 12:22:43.073] [out] [delivery_module] INF 2026-10-04 12:22:43.072+02:00 Health monitor loop start                  tid=4381113
[2026-10-04 12:22:43.089] [out] [delivery_module] DBG 2026-10-04 12:22:43.087+02:00 calculateConnectionState                   tid=4381113 relayCount=6 storeClientCount=6 lightpushCount=6 filterCount=6
[2026-10-04 12:22:43.096] [out] [delivery_module] DBG 2026-10-04 12:22:43.087+02:00 connectionStatus change                    tid=4381113 oldstatus=Disconnected newstatus=Connected
[2026-10-04 12:22:43.097] [out] [delivery_module] INF 2026-10-04 12:22:43.096+02:00 starting keepalive                         tid=4381113 randomPeersKeepalive=10s allPeersKeepalive=2m
[2026-10-04 12:22:43.098] [out] [delivery_module] DBG 2026-10-04 12:22:43.098+02:00 no listener registered                     tid=4381115 event=onTopicHealthChange
[2026-10-04 12:22:43.098] [out] [delivery_module] DBG 2026-10-04 12:22:43.098+02:00 no listener registered                     tid=4381115 event=onTopicHealthChange
[2026-10-04 12:22:43.098] [out] [delivery_module] DBG 2026-10-04 12:22:43.098+02:00 no listener registered                     tid=4381115 event=onTopicHealthChange
[2026-10-04 12:22:43.098] [out] [delivery_module] DBG 2026-10-04 12:22:43.098+02:00 no listener registered                     tid=4381115 event=onTopicHealthChange
[2026-10-04 12:22:43.098] [out] [delivery_module] DBG 2026-10-04 12:22:43.098+02:00 no listener registered                     tid=4381115 event=onTopicHealthChange
[2026-10-04 12:22:43.098] [out] [delivery_module] DBG 2026-10-04 12:22:43.098+02:00 no listener registered                     tid=4381115 event=onTopicHealthChange
[2026-10-04 12:22:43.098] [out] [delivery_module] DBG 2026-10-04 12:22:43.098+02:00 no listener registered                     tid=4381115 event=onTopicHealthChange
[2026-10-04 12:22:43.201] [out] [delivery_module] DBG 2026-10-04 12:22:43.200+02:00 calculateConnectionState                   tid=4381113 relayCount=6 storeClientCount=6 lightpushCount=6 filterCount=6
[2026-10-04 12:22:43.461] [out] [delivery_module] DBG 2026-10-04 12:22:43.461+02:00 calculateConnectionState                   tid=4381113 relayCount=6 storeClientCount=6 lightpushCount=6 filterCount=6
[2026-10-04 12:22:43.462] [out] [delivery_module] DBG 2026-10-04 12:22:43.462+02:00 no listener registered                     tid=4381115 event=onConnectionChange
[2026-10-04 12:22:43.467] [out] [delivery_module] DBG 2026-10-04 12:22:43.467+02:00 no listener registered                     tid=4381115 event=onConnectionChange
[2026-10-04 12:22:43.565] [out] [delivery_module] DBG 2026-10-04 12:22:43.565+02:00 calculateConnectionState                   tid=4381113 relayCount=6 storeClientCount=6 lightpushCount=6 filterCount=6
[2026-10-04 12:22:43.605] [out] [delivery_module] DBG 2026-10-04 12:22:43.604+02:00 Received WakuMetadata request              topics="waku metadata" tid=4381113 remoteClusterId=ok(3) remoteShards="[5, 0, 2, 1, 4, 7, 3, 6]" localClusterId=3 localShards="[5, 0, 2, 1, 4, 7, 3, 6]" peer=16U*T3UNSE
[2026-10-04 12:22:43.703] [out] [delivery_module] DBG 2026-10-04 12:22:43.702+02:00 Received WakuMetadata request              topics="waku metadata" tid=4381113 remoteClusterId=ok(3) remoteShards="[5, 0, 2, 1, 4, 7, 3, 6]" localClusterId=3 localShards="[5, 0, 2, 1, 4, 7, 3, 6]" peer=16U*kGyuEP
[2026-10-04 12:22:43.827] [out] [delivery_module] DBG 2026-10-04 12:22:43.827+02:00 no listener registered                     tid=4381115 event=onConnectionChange
[2026-10-04 12:22:43.827] [out] [delivery_module] DBG 2026-10-04 12:22:43.827+02:00 no listener registered                     tid=4381115 event=onConnectionChange
[2026-10-04 12:22:43.827] [out] [delivery_module] DBG 2026-10-04 12:22:43.827+02:00 calculateConnectionState                   tid=4381113 relayCount=6 storeClientCount=6 lightpushCount=6 filterCount=6
[2026-10-04 12:22:43.963] [out] [delivery_module] INF 2026-10-04 12:22:43.963+02:00 Node is online                             topics="waku online monitor" tid=4381113
[2026-10-04 12:22:43.978] [out] [delivery_module] DBG 2026-10-04 12:22:43.978+02:00 calculateConnectionState                   tid=4381113 relayCount=6 storeClientCount=6 lightpushCount=6 filterCount=6
[2026-10-04 12:22:44.117] [out] [delivery_module] DBG 2026-10-04 12:22:44.116+02:00 Trying message delivery via Mix            topics="send service mix processor" tid=4381113 requestId=e11b53434f3aa15c8996 msgHash=0x11f70b32516a798f2a79145e677e7b5554ecf1ff218cb41f965b4f1796b158aa tryCount=1
[2026-10-04 12:22:44.117] [out] [delivery_module] DBG 2026-10-04 12:22:44.116+02:00 Publishing message without RLN proof       tid=4381113
[2026-10-04 12:22:44.117] [out] [delivery_module] DBG 2026-10-04 12:22:44.116+02:00 Publishing message with lightpush          topics="waku node lightpush api" tid=4381113 pubsubTopic=/waku/2/rs/3/7 contentTopic=/lp0026forum/1/general/text target_peer_id=16U*P1S397 msg_hash=0x11f70b32516a798f2a79145e677e7b5554ecf1ff218cb41f965b4f1796b158aa mixify=true
[2026-10-04 12:22:44.117] [out] [delivery_module] DBG 2026-10-04 12:22:44.117+02:00 Publish                                    topics="waku lightpush client" tid=4381113 myPeerId=16U*pJJk4V peerId= msgHash=0x11f70b32516a798f2a79145e677e7b5554ecf1ff218cb41f965b4f1796b158aa sentTime=1791109364117549824
[2026-10-04 12:22:44.117] [out] [delivery_module] DBG 2026-10-04 12:22:44.117+02:00 Destination data                           tid=4381113 destination=MixDestination[MixNode](16Uiu2HAm4S1JYkuzDKLKQvwgAhZKs9otxXqt8SCGtB4hoJP1S397)
[2026-10-04 12:22:44.117] [out] [delivery_module] DBG 2026-10-04 12:22:44.117+02:00 Selected mix node:                         tid=4381113 indexInPath=0 peerId=16U*TwqBiH
[2026-10-04 12:22:44.117] [out] [delivery_module] DBG 2026-10-04 12:22:44.117+02:00 Selected mix node:                         tid=4381113 indexInPath=1 peerId=16U*NSkuby
[2026-10-04 12:22:44.119] [out] [delivery_module] DBG 2026-10-04 12:22:44.118+02:00 Selected mix node:                         tid=4381113 indexInPath=2 peerId=16U*P1S397
[2026-10-04 12:22:44.119] [out] [delivery_module] DBG 2026-10-04 12:22:44.119+02:00 Selected mix node for surbs:               tid=4381113 indexInPath=0 peerId=16U*NSkuby
[2026-10-04 12:22:44.120] [out] [delivery_module] DBG 2026-10-04 12:22:44.119+02:00 Selected mix node for surbs:               tid=4381113 indexInPath=1 peerId=16U*VpJprH
[2026-10-04 12:22:44.220] [out] [delivery_module] DBG 2026-10-04 12:22:44.220+02:00 calculateConnectionState                   tid=4381113 relayCount=6 storeClientCount=6 lightpushCount=6 filterCount=6
[2026-10-04 12:22:44.324] [out] [delivery_module] DBG 2026-10-04 12:22:44.323+02:00 calculateConnectionState                   tid=4381113 relayCount=6 storeClientCount=6 lightpushCount=6 filterCount=6
[2026-10-04 12:22:44.525] [out] [delivery_module] DBG 2026-10-04 12:22:44.525+02:00 no listener registered                     tid=4381115 event=onConnectionChange
[2026-10-04 12:22:44.525] [out] [delivery_module] DBG 2026-10-04 12:22:44.525+02:00 no listener registered                     tid=4381115 event=onConnectionChange
[2026-10-04 12:22:44.528] [out] [delivery_module] DBG 2026-10-04 12:22:44.527+02:00 calculateConnectionState                   tid=4381113 relayCount=6 storeClientCount=6 lightpushCount=6 filterCount=6
[2026-10-04 12:22:45.006] [out] [delivery_module] DBG 2026-10-04 12:22:45.006+02:00 Lookup query                               topics="kad-dht find" tid=4381113 peer=16U*NSkuby
[2026-10-04 12:22:45.007] [out] [delivery_module] DBG 2026-10-04 12:22:45.007+02:00 Kad lookup: RPC error                      topics="kad-dht find" tid=4381113 peer=16U*NSkuby msg="readStage: timed out waiting for reply"
[2026-10-04 12:22:45.011] [out] [delivery_module] DBG 2026-10-04 12:22:45.010+02:00 Lookup query                               topics="kad-dht find" tid=4381113 peer=16U*TwqBiH
[2026-10-04 12:22:45.011] [out] [delivery_module] DBG 2026-10-04 12:22:45.011+02:00 Lookup query                               topics="kad-dht find" tid=4381113 peer=16U*VpJprH
[2026-10-04 12:22:45.011] [out] [delivery_module] DBG 2026-10-04 12:22:45.011+02:00 Lookup query                               topics="kad-dht find" tid=4381113 peer=16U*T3UNSE
[2026-10-04 12:22:45.011] [out] [delivery_module] DBG 2026-10-04 12:22:45.011+02:00 Lookup query                               topics="kad-dht find" tid=4381113 peer=16U*P1S397
[2026-10-04 12:22:45.011] [out] [delivery_module] DBG 2026-10-04 12:22:45.011+02:00 Lookup query                               topics="kad-dht find" tid=4381113 peer=16U*kGyuEP
[2026-10-04 12:22:45.011] [out] [delivery_module] DBG 2026-10-04 12:22:45.011+02:00 Kad lookup: RPC error                      topics="kad-dht find" tid=4381113 peer=16U*T3UNSE msg="dialStage: timed out dialing the peer"
[2026-10-04 12:22:45.011] [out] [delivery_module] DBG 2026-10-04 12:22:45.011+02:00 Kad lookup: RPC error                      topics="kad-dht find" tid=4381113 peer=16U*kGyuEP msg="dialStage: timed out dialing the peer"
[2026-10-04 12:22:45.012] [out] [delivery_module] DBG 2026-10-04 12:22:45.012+02:00 Kad lookup: RPC error                      topics="kad-dht find" tid=4381113 peer=16U*TwqBiH msg="readStage: timed out waiting for reply"
[2026-10-04 12:22:45.012] [out] [delivery_module] DBG 2026-10-04 12:22:45.012+02:00 Kad lookup: RPC error                      topics="kad-dht find" tid=4381113 peer=16U*VpJprH msg="readStage: timed out waiting for reply"
[2026-10-04 12:22:45.012] [out] [delivery_module] DBG 2026-10-04 12:22:45.012+02:00 Kad lookup: RPC error                      topics="kad-dht find" tid=4381113 peer=16U*P1S397 msg="readStage: timed out waiting for reply"
[2026-10-04 12:22:45.731] [out] [delivery_module] DBG 2026-10-04 12:22:45.730+02:00 Dialing peer                               topics="libp2p dialer" tid=4381113 peerId=16U*oN8hgK addrs="[/ip4/173.42.114.210/tcp/45583]"
[2026-10-04 12:22:45.731] [out] [delivery_module] DBG 2026-10-04 12:22:45.731+02:00 Expanded address and hostname              topics="libp2p dialer" tid=4381113 expandedAddress=/ip4/173.42.114.210/tcp/45583 hostname=173.42.114.210 resolvedAddresses="[/ip4/173.42.114.210/tcp/45583]"
[2026-10-04 12:22:45.734] [out] [delivery_module] DBG 2026-10-04 12:22:45.734+02:00 Dialing peer                               topics="libp2p dialer" tid=4381113 peerId=16U*2pfeoX addrs="[/ip4/192.168.68.53/udp/16011/quic-v1, /ip4/192.168.68.53/tcp/27431]"
[2026-10-04 12:22:45.734] [out] [delivery_module] DBG 2026-10-04 12:22:45.734+02:00 Expanded address and hostname              topics="libp2p dialer" tid=4381113 expandedAddress=/ip4/192.168.68.53/udp/16011/quic-v1 hostname=192.168.68.53 resolvedAddresses="[/ip4/192.168.68.53/udp/16011/quic-v1]"
[2026-10-04 12:22:45.737] [out] [delivery_module] DBG 2026-10-04 12:22:45.736+02:00 New connection established: client         tid=4381113
[2026-10-04 12:22:45.745] [out] [delivery_module] DBG 2026-10-04 12:22:45.744+02:00 Dialing peer                               topics="libp2p dialer" tid=4381113 peerId=16U*iSrhve addrs="[/ip4/173.42.114.210/tcp/37795]"
[2026-10-04 12:22:45.745] [out] [delivery_module] DBG 2026-10-04 12:22:45.744+02:00 Expanded address and hostname              topics="libp2p dialer" tid=4381113 expandedAddress=/ip4/173.42.114.210/tcp/37795 hostname=173.42.114.210 resolvedAddresses="[/ip4/173.42.114.210/tcp/37795]"
[2026-10-04 12:22:46.061] [out] [delivery_module] DBG 2026-10-04 12:22:46.061+02:00 New connection established: server         tid=4381113
[2026-10-04 12:22:46.062] [out] [delivery_module] DBG 2026-10-04 12:22:46.062+02:00 Accepted an incoming connection            topics="libp2p switch" tid=4381113 conn=:6ac228f68bb1790ddbb3145a
[2026-10-04 12:22:46.063] [out] [delivery_module] DBG 2026-10-04 12:22:46.063+02:00 starting sendNonHighPriorityTask           topics="libp2p pubsubpeer" tid=4381113 p=16U*EivbVz
[2026-10-04 12:22:46.063] [out] [delivery_module] DBG 2026-10-04 12:22:46.063+02:00 created new pubsub peer                    topics="libp2p pubsub" tid=4381113 peerId=16U*EivbVz
[2026-10-04 12:22:46.063] [out] [delivery_module] DBG 2026-10-04 12:22:46.063+02:00 no listener registered                     tid=4381115 event=onConnectionChange
[2026-10-04 12:22:46.063] [out] [delivery_module] DBG 2026-10-04 12:22:46.063+02:00 Creating stream                            tid=4381113
[2026-10-04 12:22:46.063] [out] [delivery_module] DBG 2026-10-04 12:22:46.063+02:00 New stream created                         tid=4381113
[2026-10-04 12:22:46.063] [out] [delivery_module] DBG 2026-10-04 12:22:46.063+02:00 Creating stream                            tid=4381113
[2026-10-04 12:22:46.063] [out] [delivery_module] DBG 2026-10-04 12:22:46.063+02:00 New stream created                         tid=4381113
[2026-10-04 12:22:46.063] [out] [delivery_module] DBG 2026-10-04 12:22:46.063+02:00 About to accept incoming connection        topics="libp2p switch" tid=4381113
[2026-10-04 12:22:46.065] [out] [delivery_module] DBG 2026-10-04 12:22:46.065+02:00 calculateConnectionState                   tid=4381113 relayCount=6 storeClientCount=6 lightpushCount=6 filterCount=6
[2026-10-04 12:22:46.065] [out] [delivery_module] DBG 2026-10-04 12:22:46.065+02:00 New stream created                         tid=4381113
[2026-10-04 12:22:46.065] [out] [delivery_module] DBG 2026-10-04 12:22:46.065+02:00 New stream created                         tid=4381113
[2026-10-04 12:22:46.066] [out] [delivery_module] DBG 2026-10-04 12:22:46.065+02:00 Incoming WakuRelay connection              topics="waku relay" tid=4381113 connection=16U*EivbVz:6ac228f68bb1790ddbb3145d protocol=/vac/waku/relay/2.0.0
[2026-10-04 12:22:46.066] [out] [delivery_module] DBG 2026-10-04 12:22:46.065+02:00 starting pubsub read loop                  topics="libp2p pubsubpeer" tid=4381113 stream=16U*EivbVz:6ac228f68bb1790ddbb3145d peer=16U*EivbVz closed=false
[2026-10-04 12:22:46.066] [out] [delivery_module] DBG 2026-10-04 12:22:46.066+02:00 identify: info sent                        topics="libp2p identify" tid=4381113 stream=16U*EivbVz:6ac228f68bb1790ddbb3145e info="(peerId: 16Uiu2HAmTPzryJBdPgYyQFGF8fsDgFCfsAV3iifTgD5YGwpJJk4V, listenAddrs: [/ip4/0.0.0.0/tcp/60486, /ip4/0.0.0.0/udp/51325/quic-v1], addrs: [/ip4/172.20.10.14/tcp/60486, /ip4/172.20.10.14/udp/51325/quic-v1], protocols: [/ipfs/id/1.0.0, /libp2p/autonat/1.0.0, /libp2p/circuit/relay/0.2.0/hop, /vac/waku/metadata/1.0.0, /mix/1.0.0, /logos/service-discovery/1.0.0, /vac/waku/relay/2.0.0, /vac/waku/rendezvous/1.0.0, /ipfs/ping/1.0.0, /vac/waku/lightpush/3.0.0, /vac/waku/lightpush/2.0.0-beta1, /vac/waku/filter-subscribe/2.0.0-beta1, /vac/waku/filter-push/2.0.0-beta1, /vac/waku/peer-exchange/2.0.0-alpha1], protoVersion: ipfs/0.1.0, agentVersion: logos-delivery-v0.39.0-gca2814)"
[2026-10-04 12:22:46.066] [out] [delivery_module] DBG 2026-10-04 12:22:46.066+02:00 starting pubsub read loop                  topics="libp2p pubsubpeer" tid=4381113 stream=16U*EivbVz:6ac228f68bb1790ddbb3145b peer=16U*EivbVz closed=false
[2026-10-04 12:22:46.066] [out] [delivery_module] DBG 2026-10-04 12:22:46.066+02:00 identify: info received                    topics="libp2p identify" tid=4381113 stream=16U*EivbVz:6ac228f68bb1790ddbb3145c pubkey=ok(sec...b49a)) addresses=/ip4/172.20.10.14/tcp/60485,/ip4/172.20.10.14/udp/63966/quic-v1 protocols=/ipfs/id/1.0.0,/libp2p/autonat/1.0.0,/libp2p/circuit/relay/0.2.0/hop,/vac/waku/metadata/1.0.0,/mix/1.0.0,/logos/service-discovery/1.0.0,/vac/waku/relay/2.0.0,/vac/waku/rendezvous/1.0.0,/ipfs/ping/1.0.0,/vac/waku/lightpush/3.0.0,/vac/waku/lightpush/2.0.0-beta1,/vac/waku/filter-subscribe/2.0.0-beta1,/vac/waku/filter-push/2.0.0-beta1,/vac/waku/peer-exchange/2.0.0-alpha1 observable_address=ok(/ip4/172.20.10.14/udp/51325/quic-v1) proto_version=ipfs/0.1.0 agent_version=logos-delivery-v0.39.0-gca2814 signedPeerRecord=None
[2026-10-04 12:22:46.066] [out] [delivery_module] DBG 2026-10-04 12:22:46.066+02:00 Event identified                           topics="waku node peer_manager" tid=4381113 peerId=16U*EivbVz
[2026-10-04 12:22:46.067] [out] [delivery_module] DBG 2026-10-04 12:22:46.067+02:00 Creating stream                            tid=4381113
[2026-10-04 12:22:46.067] [out] [delivery_module] DBG 2026-10-04 12:22:46.067+02:00 New stream created                         tid=4381113
[2026-10-04 12:22:46.067] [out] [delivery_module] DBG 2026-10-04 12:22:46.067+02:00 no listener registered                     tid=4381115 event=onConnectionChange
[2026-10-04 12:22:46.067] [out] [delivery_module] DBG 2026-10-04 12:22:46.067+02:00 New stream created                         tid=4381113
[2026-10-04 12:22:46.069] [out] [delivery_module] DBG 2026-10-04 12:22:46.069+02:00 Received WakuMetadata request              topics="waku metadata" tid=4381113 remoteClusterId=ok(3) remoteShards="[5, 0, 2, 1, 4, 7, 3, 6]" localClusterId=3 localShards="[5, 0, 2, 1, 4, 7, 3, 6]" peer=16U*EivbVz
[2026-10-04 12:22:46.071] [out] [delivery_module] DBG 2026-10-04 12:22:46.071+02:00 no listener registered                     tid=4381115 event=onConnectionChange
[2026-10-04 12:22:46.071] [out] [delivery_module] DBG 2026-10-04 12:22:46.071+02:00 New stream created                         tid=4381113
[2026-10-04 12:22:46.073] [out] [delivery_module] DBG 2026-10-04 12:22:46.073+02:00 Creating stream                            tid=4381113
[2026-10-04 12:22:46.073] [out] [delivery_module] DBG 2026-10-04 12:22:46.073+02:00 New stream created                         tid=4381113
[2026-10-04 12:22:46.169] [out] [delivery_module] DBG 2026-10-04 12:22:46.169+02:00 calculateConnectionState                   tid=4381113 relayCount=7 storeClientCount=6 lightpushCount=7 filterCount=7
[2026-10-04 12:22:47.040] [out] [delivery_module] DBG 2026-10-04 12:22:47.040+02:00 getting adverts                            topics="service-disco discoverer" tid=4381113 serviceId=key:913B5C5DBE691438693215140388EC0C7DE80DE328BDE5BD7FC06F90568CEA40 registrar=16U*TwqBiH
[2026-10-04 12:22:47.040] [out] [delivery_module] DBG 2026-10-04 12:22:47.040+02:00 getting adverts                            topics="service-disco discoverer" tid=4381113 serviceId=key:913B5C5DBE691438693215140388EC0C7DE80DE328BDE5BD7FC06F90568CEA40 registrar=16U*NSkuby
[2026-10-04 12:22:47.040] [out] [delivery_module] DBG 2026-10-04 12:22:47.040+02:00 getting adverts                            topics="service-disco discoverer" tid=4381113 serviceId=key:913B5C5DBE691438693215140388EC0C7DE80DE328BDE5BD7FC06F90568CEA40 registrar=16U*pJJk4V
[2026-10-04 12:22:47.040] [out] [delivery_module] DBG 2026-10-04 12:22:47.040+02:00 Cannot insert self in routing table        topics="kad-dht rtable" tid=4381113 nodeId=key:00250802122103DB082B9F34304D5E05F6A3C50481A1B3828BE347494F5FF71C3FC33D584186EE
[2026-10-04 12:22:47.040] [out] [delivery_module] DBG 2026-10-04 12:22:47.040+02:00 adverts found                              topics="service-disco discoverer" tid=4381113 serviceId=key:913B5C5DBE691438693215140388EC0C7DE80DE328BDE5BD7FC06F90568CEA40 remote=16U*pJJk4V count=0
[2026-10-04 12:22:47.042] [out] [delivery_module] DBG 2026-10-04 12:22:47.042+02:00 getting adverts                            topics="service-disco discoverer" tid=4381113 serviceId=key:E6738033B5D413D13CF58622CEB4EF8F392E8D4EB073B56A5486CB0431B2F5D8 registrar=16U*TwqBiH
[2026-10-04 12:22:47.042] [out] [delivery_module] DBG 2026-10-04 12:22:47.042+02:00 getting adverts                            topics="service-disco discoverer" tid=4381113 serviceId=key:E6738033B5D413D13CF58622CEB4EF8F392E8D4EB073B56A5486CB0431B2F5D8 registrar=16U*NSkuby
[2026-10-04 12:22:47.042] [out] [delivery_module] DBG 2026-10-04 12:22:47.042+02:00 getting adverts                            topics="service-disco discoverer" tid=4381113 serviceId=key:E6738033B5D413D13CF58622CEB4EF8F392E8D4EB073B56A5486CB0431B2F5D8 registrar=16U*pJJk4V
[2026-10-04 12:22:47.042] [out] [delivery_module] DBG 2026-10-04 12:22:47.042+02:00 Cannot insert self in routing table        topics="kad-dht rtable" tid=4381113 nodeId=key:00250802122103DB082B9F34304D5E05F6A3C50481A1B3828BE347494F5FF71C3FC33D584186EE
[2026-10-04 12:22:47.042] [out] [delivery_module] DBG 2026-10-04 12:22:47.042+02:00 adverts found                              topics="service-disco discoverer" tid=4381113 serviceId=key:E6738033B5D413D13CF58622CEB4EF8F392E8D4EB073B56A5486CB0431B2F5D8 remote=16U*pJJk4V count=1
[2026-10-04 12:22:47.626] [out] [delivery_module] DBG 2026-10-04 12:22:47.626+02:00 Lookup query                               topics="kad-dht find" tid=4381113 peer=16U*iSrhve
[2026-10-04 12:22:47.626] [out] [delivery_module] DBG 2026-10-04 12:22:47.626+02:00 Lookup query                               topics="kad-dht find" tid=4381113 peer=16U*2pfeoX
[2026-10-04 12:22:47.626] [out] [delivery_module] DBG 2026-10-04 12:22:47.626+02:00 Lookup query                               topics="kad-dht find" tid=4381113 peer=16U*oN8hgK
[2026-10-04 12:22:47.626] [out] [delivery_module] DBG 2026-10-04 12:22:47.626+02:00 Lookup query                               topics="kad-dht find" tid=4381113 peer=16U*EivbVz
[2026-10-04 12:22:47.649] [out] [delivery_module] INF 2026-10-04 12:22:47.649+02:00 Message received                           tid=4381113 msg_hash=0x11f70b32516a798f2a79145e677e7b5554ecf1ff218cb41f965b4f1796b158aa contentTopic=/lp0026forum/1/general/text pubsubTopic=/waku/2/rs/3/7 source=live
[2026-10-04 12:22:48.035] [out] [delivery_module] DBG 2026-10-04 12:22:48.035+02:00 New stream created                         tid=4381113
[2026-10-04 12:22:48.037] [out] [delivery_module] DBG 2026-10-04 12:22:48.037+02:00 New stream created                         tid=4381113
[2026-10-04 12:22:48.061] [out] [delivery_module] DBG 2026-10-04 12:22:48.061+02:00 ENR addresses updated                      topics="waku enr" tid=4381113 retained=0 total=0
[2026-10-04 12:22:48.061] [out] [delivery_module] INF 2026-10-04 12:22:48.061+02:00 ENR reconciled with the discv5 record      topics="wakunode waku" tid=4381113 enr=enr:-K24QJSzzunEeT78QB9KFUdVEP7stxT9TVnBHxETw69YwA6CB1JA-lJal0HCMVjkKITxpBQrtKQkzZtBKeddBvtFdGYOgmlkgnY0im11bHRpYWRkcnOAgnJzkwADCAAAAAEAAgADAAQABQAGAAeJc2VjcDI1NmsxoQPbCCufNDBNXgX2o8UEgaGzgovjR0lPX_ccP8M9WEGG7oN0Y3CC7EaDdWRwguM7hXdha3UyLQ
[2026-10-04 12:22:48.062] [out] [delivery_module] DBG 2026-10-04 12:22:48.062+02:00 Lookup query                               topics="kad-dht find" tid=4381113 peer=16U*P1S397
[2026-10-04 12:22:48.062] [out] [delivery_module] DBG 2026-10-04 12:22:48.062+02:00 Lookup query                               topics="kad-dht find" tid=4381113 peer=16U*T3UNSE
[2026-10-04 12:22:48.062] [out] [delivery_module] DBG 2026-10-04 12:22:48.062+02:00 Lookup query                               topics="kad-dht find" tid=4381113 peer=16U*VpJprH
[2026-10-04 12:22:48.063] [out] [delivery_module] DBG 2026-10-04 12:22:48.062+02:00 Lookup query                               topics="kad-dht find" tid=4381113 peer=16U*kGyuEP
[2026-10-04 12:22:48.063] [out] [delivery_module] DBG 2026-10-04 12:22:48.063+02:00 Lookup query                               topics="kad-dht find" tid=4381113 peer=16U*NSkuby
[2026-10-04 12:22:48.063] [out] [delivery_module] DBG 2026-10-04 12:22:48.063+02:00 Lookup query                               topics="kad-dht find" tid=4381113 peer=16U*TwqBiH
[2026-10-04 12:22:48.065] [out] [delivery_module] DBG 2026-10-04 12:22:48.065+02:00 Kad lookup: RPC error                      topics="kad-dht find" tid=4381113 peer=16U*P1S397 msg="readStage: timed out waiting for reply"
[2026-10-04 12:22:48.065] [out] [delivery_module] DBG 2026-10-04 12:22:48.065+02:00 Kad lookup: RPC error                      topics="kad-dht find" tid=4381113 peer=16U*T3UNSE msg="readStage: timed out waiting for reply"
[2026-10-04 12:22:48.065] [out] [delivery_module] DBG 2026-10-04 12:22:48.065+02:00 Kad lookup: RPC error                      topics="kad-dht find" tid=4381113 peer=16U*VpJprH msg="readStage: timed out waiting for reply"
[2026-10-04 12:22:48.065] [out] [delivery_module] DBG 2026-10-04 12:22:48.065+02:00 Kad lookup: RPC error                      topics="kad-dht find" tid=4381113 peer=16U*kGyuEP msg="readStage: timed out waiting for reply"
[2026-10-04 12:22:48.065] [out] [delivery_module] DBG 2026-10-04 12:22:48.065+02:00 Kad lookup: RPC error                      topics="kad-dht find" tid=4381113 peer=16U*NSkuby msg="readStage: timed out waiting for reply"
[2026-10-04 12:22:48.065] [out] [delivery_module] DBG 2026-10-04 12:22:48.065+02:00 Kad lookup: RPC error                      topics="kad-dht find" tid=4381113 peer=16U*TwqBiH msg="readStage: timed out waiting for reply"
[2026-10-04 12:22:48.074] [out] [delivery_module] DBG 2026-10-04 12:22:48.074+02:00 Lookup query                               topics="kad-dht find" tid=4381113 peer=16U*kGyuEP
[2026-10-04 12:22:48.074] [out] [delivery_module] DBG 2026-10-04 12:22:48.074+02:00 Lookup query                               topics="kad-dht find" tid=4381113 peer=16U*T3UNSE
[2026-10-04 12:22:48.074] [out] [delivery_module] DBG 2026-10-04 12:22:48.074+02:00 Lookup query                               topics="kad-dht find" tid=4381113 peer=16U*P1S397
[2026-10-04 12:22:48.074] [out] [delivery_module] DBG 2026-10-04 12:22:48.074+02:00 Lookup query                               topics="kad-dht find" tid=4381113 peer=16U*VpJprH
[2026-10-04 12:22:48.074] [out] [delivery_module] DBG 2026-10-04 12:22:48.074+02:00 Lookup query                               topics="kad-dht find" tid=4381113 peer=16U*TwqBiH
[2026-10-04 12:22:48.074] [out] [delivery_module] DBG 2026-10-04 12:22:48.074+02:00 Lookup query                               topics="kad-dht find" tid=4381113 peer=16U*NSkuby
[2026-10-04 12:22:48.077] [out] [delivery_module] DBG 2026-10-04 12:22:48.077+02:00 Kad lookup: RPC error                      topics="kad-dht find" tid=4381113 peer=16U*VpJprH msg="dialStage: timed out dialing the peer"
[2026-10-04 12:22:48.077] [out] [delivery_module] DBG 2026-10-04 12:22:48.077+02:00 Kad lookup: RPC error                      topics="kad-dht find" tid=4381113 peer=16U*NSkuby msg="dialStage: timed out dialing the peer"
[2026-10-04 12:22:48.077] [out] [delivery_module] DBG 2026-10-04 12:22:48.077+02:00 Kad lookup: RPC error                      topics="kad-dht find" tid=4381113 peer=16U*T3UNSE msg="dialStage: timed out dialing the peer"
[2026-10-04 12:22:48.077] [out] [delivery_module] DBG 2026-10-04 12:22:48.077+02:00 Kad lookup: RPC error                      topics="kad-dht find" tid=4381113 peer=16U*kGyuEP msg="dialStage: timed out dialing the peer"
[2026-10-04 12:22:48.077] [out] [delivery_module] DBG 2026-10-04 12:22:48.077+02:00 Kad lookup: RPC error                      topics="kad-dht find" tid=4381113 peer=16U*P1S397 msg="dialStage: timed out dialing the peer"
[2026-10-04 12:22:48.077] [out] [delivery_module] DBG 2026-10-04 12:22:48.077+02:00 Kad lookup: RPC error                      topics="kad-dht find" tid=4381113 peer=16U*TwqBiH msg="dialStage: timed out dialing the peer"
[2026-10-04 12:22:48.739] [out] [delivery_module] DBG 2026-10-04 12:22:48.739+02:00 Dialing failed                             topics="libp2p dialer" tid=4381113 description="quic dial timed out after 3s" peerId=16U*2pfeoX address=/ip4/192.168.68.53/udp/16011/quic-v1 hostname=192.168.68.53
[2026-10-04 12:22:48.739] [out] [delivery_module] DBG 2026-10-04 12:22:48.739+02:00 Expanded address and hostname              topics="libp2p dialer" tid=4381113 expandedAddress=/ip4/192.168.68.53/tcp/27431 hostname=192.168.68.53 resolvedAddresses="[/ip4/192.168.68.53/tcp/27431]"
[2026-10-04 12:22:49.085] [out] [delivery_module] DBG 2026-10-04 12:22:49.085+02:00 adverts found                              topics="service-disco discoverer" tid=4381113 serviceId=key:913B5C5DBE691438693215140388EC0C7DE80DE328BDE5BD7FC06F90568CEA40 remote=16U*NSkuby count=3
[2026-10-04 12:22:49.095] [out] [delivery_module] DBG 2026-10-04 12:22:49.095+02:00 Message propagated via Mix                 topics="send service mix processor" tid=4381113 requestId=e11b53434f3aa15c8996 msgHash=0x11f70b32516a798f2a79145e677e7b5554ecf1ff218cb41f965b4f1796b158aa
[2026-10-04 12:22:49.096] [out] [delivery_module] INF 2026-10-04 12:22:49.096+02:00 Message successfully propagated            topics="send service" tid=4381113 requestId=e11b53434f3aa15c8996 msgHash=withheld
[2026-10-04 12:22:49.096] [out] [delivery_module] INF 2026-10-04 12:22:49.096+02:00 Message successfully sent over mix         topics="send service" tid=4381113 requestId=e11b53434f3aa15c8996
[2026-10-04 12:22:49.097] [out] [delivery_module] DBG 2026-10-04 12:22:49.097+02:00 adverts found                              topics="service-disco discoverer" tid=4381113 serviceId=key:913B5C5DBE691438693215140388EC0C7DE80DE328BDE5BD7FC06F90568CEA40 remote=16U*TwqBiH count=3
[2026-10-04 12:22:49.098] [out] [delivery_module] DBG 2026-10-04 12:22:49.098+02:00 adverts found                              topics="service-disco discoverer" tid=4381113 serviceId=key:E6738033B5D413D13CF58622CEB4EF8F392E8D4EB073B56A5486CB0431B2F5D8 remote=16U*TwqBiH count=3
[2026-10-04 12:22:49.112] [out] [delivery_module] DBG 2026-10-04 12:22:49.112+02:00 getting adverts                            topics="service-disco discoverer" tid=4381113 serviceId=key:913B5C5DBE691438693215140388EC0C7DE80DE328BDE5BD7FC06F90568CEA40 registrar=16U*VpJprH
[2026-10-04 12:22:49.113] [out] [delivery_module] DBG 2026-10-04 12:22:49.113+02:00 getting adverts                            topics="service-disco discoverer" tid=4381113 serviceId=key:913B5C5DBE691438693215140388EC0C7DE80DE328BDE5BD7FC06F90568CEA40 registrar=16U*P1S397
[2026-10-04 12:22:49.113] [out] [delivery_module] DBG 2026-10-04 12:22:49.113+02:00 getting adverts                            topics="service-disco discoverer" tid=4381113 serviceId=key:913B5C5DBE691438693215140388EC0C7DE80DE328BDE5BD7FC06F90568CEA40 registrar=16U*T3UNSE
[2026-10-04 12:22:49.124] [out] [delivery_module] DBG 2026-10-04 12:22:49.124+02:00 adverts found                              topics="service-disco discoverer" tid=4381113 serviceId=key:E6738033B5D413D13CF58622CEB4EF8F392E8D4EB073B56A5486CB0431B2F5D8 remote=16U*NSkuby count=2
[2026-10-04 12:22:49.130] [out] [delivery_module] DBG 2026-10-04 12:22:49.130+02:00 getting adverts                            topics="service-disco discoverer" tid=4381113 serviceId=key:E6738033B5D413D13CF58622CEB4EF8F392E8D4EB073B56A5486CB0431B2F5D8 registrar=16U*kGyuEP
[QmlInspector] Client disconnected
