run-logos-standalone-ui: hot-reloading QML from <repo>/src/qml
  (export DEV_QML_PATH to override, or LOGOS_QML_HOT_RELOAD=0 to disable)
Session directory: "~/Library/Application Support/Logos/LogosStandalone"
[2026-10-06 11:51:22.109] [info] [logos] Granting host services to 'capability_module': token_registry,token_delivery
[2026-10-06 11:51:22.135] [out] [capability_module] [2026-10-06 11:51:22.135] [info] Granting host services to capability_module: ["token_registry","token_delivery"]
RemoteTransportConnection: Connecting to registry: "local:logos_capability_module_7cfd462c16b7" at "11:51:22.136"
RemoteTransportConnection: Registry connect attempt started (no peer contact yet): "local:logos_capability_module_7cfd462c16b7"
LogosAPIConsumer: Informing module token for module: "capability_module" with token: "redacted:e331c213…"
RemoteTransportConnection: Requesting object: "capability_module" at "11:51:22.136"
[LogosObject] RemoteTransportConnection: returning RemoteLogosObject for: "capability_module"
[LogosObject] Created RemoteLogosObject wrapping QRemoteObjectReplica 105553137045152
[LogosObject] LogosAPIConsumer: calling LogosObject::informModuleToken for "capability_module"
LogosAPIConsumer: informModuleToken completed with result: true
[LogosObject] Destroying RemoteLogosObject 0
[2026-10-06 11:51:22.157] [info] [logos] Module loaded: capability_module
LogosAPIConsumer: Informing module token for module: "modules_state" with token: "redacted:6b489025…"
RemoteTransportConnection: Requesting object: "capability_module" at "11:51:22.184"
[LogosObject] RemoteTransportConnection: returning RemoteLogosObject for: "capability_module"
[LogosObject] Created RemoteLogosObject wrapping QRemoteObjectReplica 105553137074912
[LogosObject] LogosAPIConsumer: calling LogosObject::informModuleToken for "modules_state"
LogosAPIConsumer: informModuleToken completed with result: true
[LogosObject] Destroying RemoteLogosObject 0
[2026-10-06 11:51:22.186] [info] [logos] Module loaded: modules_state
RemoteTransportConnection: Connecting to registry: "local:logos_modules_state_7cfd462c16b7" at "11:51:22.186"
RemoteTransportConnection: Registry connect attempt started (no peer contact yet): "local:logos_modules_state_7cfd462c16b7"
RemoteTransportConnection: Connecting to registry: "local:logos_capability_module_7cfd462c16b7" at "11:51:22.186"
RemoteTransportConnection: Registry connect attempt started (no peer contact yet): "local:logos_capability_module_7cfd462c16b7"
LogosAPIConsumer: '"modules_state"::""' deferred pending the module becoming reachable
LogosAPIConsumer: '"modules_state"::""' deferred pending the module becoming reachable
Logos Core started (modules dir: "/nix/store/4v2cj5cr5dlsjb9cl0blr0cds0qf07iv-logos-forum_module-plugin-dir-modules" )
Set app icon from metadata: "/nix/store/mzyzgpll0il10ga2vs150ys44w1qid1k-logos-forum_module-plugin-dir/src/icons/icon.png"
[2026-10-06 11:51:22.223] [info] [logos] [delivery_module] DeliveryModuleImpl: Initializing...
LogosAPIConsumer: Informing module token for module: "delivery_module" with token: "redacted:c308a7a1…"
RemoteTransportConnection: Requesting object: "capability_module" at "11:51:22.224"
[LogosObject] RemoteTransportConnection: returning RemoteLogosObject for: "capability_module"
[LogosObject] Created RemoteLogosObject wrapping QRemoteObjectReplica 105553137045152
[LogosObject] LogosAPIConsumer: calling LogosObject::informModuleToken for "delivery_module"
LogosAPIConsumer: informModuleToken completed with result: true
[LogosObject] Destroying RemoteLogosObject 0
[2026-10-06 11:51:22.224] [info] [logos] Module loaded: delivery_module
RemoteTransportConnection: Connecting to registry: "local:logos_delivery_module_7cfd462c16b7" at "11:51:22.224"
RemoteTransportConnection: Registry connect attempt started (no peer contact yet): "local:logos_delivery_module_7cfd462c16b7"
RemoteTransportConnection: Connecting to registry: "local:logos_capability_module_7cfd462c16b7" at "11:51:22.224"
RemoteTransportConnection: Registry connect attempt started (no peer contact yet): "local:logos_capability_module_7cfd462c16b7"
LogosAPIConsumer: '"delivery_module"::""' deferred pending the module becoming reachable
LogosAPIClient: getToken for module: "modules_state"
LogosAPIClient: Found token for module: "modules_state"
RemoteTransportConnection: Requesting object: "modules_state" at "11:51:22.224"
[LogosObject] RemoteTransportConnection: returning RemoteLogosObject for: "modules_state"
[LogosObject] Created RemoteLogosObject wrapping QRemoteObjectReplica 105553137055712
[LogosObject] LogosAPIConsumer: async calling via LogosObject::callMethodAsync "note_transition"
[LogosObject] RemoteLogosObject::callMethodAsync "note_transition" args: 7
LogosAPIClient: getToken for module: "modules_state"
LogosAPIClient: Found token for module: "modules_state"
[LogosObject] LogosAPIConsumer: async calling via LogosObject::callMethodAsync "note_transition"
[LogosObject] RemoteLogosObject::callMethodAsync "note_transition" args: 7
Loaded dependency (with transitive deps): "delivery_module"
[2026-10-06 11:51:22.259] [info] [logos] [storage_module] StorageModuleImpl: Initializing...
LogosAPIConsumer: Informing module token for module: "storage_module" with token: "redacted:db474360…"
RemoteTransportConnection: Requesting object: "capability_module" at "11:51:22.260"
[LogosObject] Created RemoteLogosObject wrapping QRemoteObjectReplica 105553137076768
LogosAPIClient: invoking remote method "modules_state" "apply_snapshot" args_count: 1
LogosAPIClient: getToken for module: "modules_state"
LogosAPIClient: Found token for module: "modules_state"
LogosAPIConsumer: Calling invokeRemoteMethod: "modules_state" "apply_snapshot" args_count: 1 timeout: 20000
[LogosObject] LogosAPIConsumer: calling via LogosObject::callMethod "apply_snapshot"
[LogosObject] RemoteLogosObject::callMethod "apply_snapshot" args: 1
[LogosObject] Created RemoteLogosObject wrapping QRemoteObjectReplica 105553137055488
LogosAPIClient: getToken for module: "modules_state"
LogosAPIClient: Found token for module: "modules_state"
[LogosObject] LogosAPIConsumer: async calling via LogosObject::callMethodAsync "note_transition"
[LogosObject] RemoteLogosObject::callMethodAsync "note_transition" args: 7
LogosAPIClient: getToken for module: "modules_state"
LogosAPIClient: Found token for module: "modules_state"
[LogosObject] LogosAPIConsumer: async calling via LogosObject::callMethodAsync "note_transition"
[LogosObject] RemoteLogosObject::callMethodAsync "note_transition" args: 7
[2026-10-06 11:51:22.260] [info] [logos] Pushed module snapshot to modules_state
LogosAPIClient: getToken for module: "modules_state"
LogosAPIClient: Found token for module: "modules_state"
[LogosObject] LogosAPIConsumer: async calling via LogosObject::callMethodAsync "note_transition"
[LogosObject] RemoteLogosObject::callMethodAsync "note_transition" args: 7
[LogosObject] RemoteTransportConnection: returning RemoteLogosObject for: "capability_module"
[LogosObject] Created RemoteLogosObject wrapping QRemoteObjectReplica 105553137090624
[LogosObject] LogosAPIConsumer: calling LogosObject::informModuleToken for "storage_module"
LogosAPIConsumer: informModuleToken completed with result: true
[LogosObject] Destroying RemoteLogosObject 0
[2026-10-06 11:51:22.260] [info] [logos] Module loaded: storage_module
RemoteTransportConnection: Connecting to registry: "local:logos_storage_module_7cfd462c16b7" at "11:51:22.261"
RemoteTransportConnection: Registry connect attempt started (no peer contact yet): "local:logos_storage_module_7cfd462c16b7"
RemoteTransportConnection: Connecting to registry: "local:logos_capability_module_7cfd462c16b7" at "11:51:22.261"
RemoteTransportConnection: Registry connect attempt started (no peer contact yet): "local:logos_capability_module_7cfd462c16b7"
LogosAPIConsumer: '"storage_module"::""' deferred pending the module becoming reachable
LogosAPIClient: getToken for module: "modules_state"
LogosAPIClient: Found token for module: "modules_state"
[LogosObject] LogosAPIConsumer: async calling via LogosObject::callMethodAsync "note_transition"
[LogosObject] RemoteLogosObject::callMethodAsync "note_transition" args: 7
Loaded dependency (with transitive deps): "storage_module"
DEV_QML_PATH override active: <repo>/src/qml/Main.qml
RemoteTransportConnection: Connecting to registry: "local:logos_capability_module_7cfd462c16b7" at "11:51:22.261"
RemoteTransportConnection: Registry connect attempt started (no peer contact yet): "local:logos_capability_module_7cfd462c16b7"
LogosAPIConsumer: Informing module token for module: "forum_module" with token: "redacted:545076d3…"
RemoteTransportConnection: Requesting object: "capability_module" at "11:51:22.261"
[LogosObject] Created RemoteLogosObject wrapping QRemoteObjectReplica 105553137056640
LogosAPIClient: getToken for module: "modules_state"
LogosAPIClient: Found token for module: "modules_state"
[LogosObject] LogosAPIConsumer: async calling via LogosObject::callMethodAsync "note_transition"
[LogosObject] RemoteLogosObject::callMethodAsync "note_transition" args: 7
[LogosObject] RemoteTransportConnection: returning RemoteLogosObject for: "capability_module"
[LogosObject] Created RemoteLogosObject wrapping QRemoteObjectReplica 105553137057632
[LogosObject] LogosAPIConsumer: calling LogosObject::informModuleToken for "forum_module"
LogosAPIConsumer: informModuleToken completed with result: true
[LogosObject] Destroying RemoteLogosObject 0
Loaded UI plugin: "/nix/store/mzyzgpll0il10ga2vs150ys44w1qid1k-logos-forum_module-plugin-dir"
[QmlInspector] Inspector server listening on port 3768
[QmlInspector] Client connected from "::1"
[2026-10-06 11:51:33.623] [warning] [logos] [capability_module] Warning: QObject::connect: No such signal ::eventResponse(QString,QVariantList)
[2026-10-06 11:51:33.623] [info] [logos] [delivery_module] DeliveryModuleImpl::getNodeInfo called with nodeInfoId: MyPeerId
[2026-10-06 11:51:33.623] [info] [logos] [delivery_module] DeliveryModuleImpl: Cannot get node info - context not initialized. Call createNode first.
[2026-10-06 11:51:33.623] [info] [logos] [delivery_module] DeliveryModuleImpl::createNode called
[2026-10-06 11:51:33.698] [info] [logos] [delivery_module] DeliveryModuleImpl: Waiting for createNode callback...
[2026-10-06 11:51:33.704] [out] [delivery_module] DBG 2026-10-06 11:51:33.704+02:00 Whether to mount storeSync is not specified, defaulting to not mounting topics="waku conf builder" tid=16835091
[2026-10-06 11:51:33.704] [out] [delivery_module] NTC 2026-10-06 11:51:33.704+02:00 No node key provided, generated a new one; identity will not persist across restarts topics="waku conf builder" tid=16835091
[2026-10-06 11:51:33.704] [out] [delivery_module] INF 2026-10-06 11:51:33.704+02:00 Sharding configuration:                    topics="waku conf builder" tid=16835091 shardingConf="(kind: AutoSharding, numShardsInCluster: 8)" subscribeShards="@[0, 1, 2, 3, 4, 5, 6, 7]"
[2026-10-06 11:51:33.705] [out] [delivery_module] INF 2026-10-06 11:51:33.705+02:00 Configuration: Enabled protocols           topics="waku conf" tid=16835091 relay=true rlnRelay=false store=false filter=true lightPush=true peerExchange=true rendezvous=true
[2026-10-06 11:51:33.705] [out] [delivery_module] INF 2026-10-06 11:51:33.705+02:00 Configuration. Network                     topics="waku conf" tid=16835091 cluster=3
[2026-10-06 11:51:33.705] [out] [delivery_module] DBG 2026-10-06 11:51:33.705+02:00 Configuration. Active Relay Shards         topics="waku conf" tid=16835091 shard=0
[2026-10-06 11:51:33.705] [out] [delivery_module] DBG 2026-10-06 11:51:33.705+02:00 Configuration. Active Relay Shards         topics="waku conf" tid=16835091 shard=1
[2026-10-06 11:51:33.705] [out] [delivery_module] DBG 2026-10-06 11:51:33.705+02:00 Configuration. Active Relay Shards         topics="waku conf" tid=16835091 shard=2
[2026-10-06 11:51:33.705] [out] [delivery_module] DBG 2026-10-06 11:51:33.705+02:00 Configuration. Active Relay Shards         topics="waku conf" tid=16835091 shard=3
[2026-10-06 11:51:33.705] [out] [delivery_module] DBG 2026-10-06 11:51:33.705+02:00 Configuration. Active Relay Shards         topics="waku conf" tid=16835091 shard=4
[2026-10-06 11:51:33.705] [out] [delivery_module] DBG 2026-10-06 11:51:33.705+02:00 Configuration. Active Relay Shards         topics="waku conf" tid=16835091 shard=5
[2026-10-06 11:51:33.705] [out] [delivery_module] DBG 2026-10-06 11:51:33.705+02:00 Configuration. Active Relay Shards         topics="waku conf" tid=16835091 shard=6
[2026-10-06 11:51:33.705] [out] [delivery_module] DBG 2026-10-06 11:51:33.705+02:00 Configuration. Active Relay Shards         topics="waku conf" tid=16835091 shard=7
[2026-10-06 11:51:33.706] [out] [delivery_module] INF 2026-10-06 11:51:33.706+02:00 Setting up storage                         tid=16835091
[2026-10-06 11:51:33.706] [out] [delivery_module] INF 2026-10-06 11:51:33.706+02:00 Initializing node                          tid=16835091
[2026-10-06 11:51:33.707] [out] [delivery_module] DBG 2026-10-06 11:51:33.707+02:00 Setting up NATService                      topics="libp2p natservice" tid=16835091 portMapping=true reachability=false holePunching=false
[2026-10-06 11:51:33.708] [out] [delivery_module] INF 2026-10-06 11:51:33.708+02:00 Initializing networking                    tid=16835091 addrs="@[/ip4/0.0.0.0/tcp/0, /ip4/0.0.0.0/udp/0/quic-v1]"
[2026-10-06 11:51:33.708] [out] [delivery_module] INF 2026-10-06 11:51:33.708+02:00 Mounting protocols                         tid=16835091
[2026-10-06 11:51:33.708] [out] [delivery_module] INF 2026-10-06 11:51:33.708+02:00 Created WakuMetadata protocol              topics="waku node" tid=16835091 clusterId=3 shards="[0, 1, 2, 3, 4, 5, 6, 7]"
[2026-10-06 11:51:33.708] [out] [delivery_module] INF 2026-10-06 11:51:33.708+02:00 Mounting mix protocol                      topics="waku node" tid=16835091INF 2026-10-06 11:51:33.708+02:00 node info                                  topics="waku node" tid=16835091 wakuInfo="(listenAddresses: [/ip4/0.0.0.0/tcp/0/p2p/16Uiu2HAmGxDx3UKDU6LdqsuuMQAonhHPz8hmRRR27t6E3v1GZ4mj, /ip4/0.0.0.0/udp/0/quic-v1/p2p/16Uiu2HAmGxDx3UKDU6LdqsuuMQAonhHPz8hmRRR27t6E3v1GZ4mj], enrUri: enr:-JO4QNRIugVlIogDd3fc57J-Pol0vPZ5yftMGb3olLZQSoWiUzn71Eaw7EK1dU1gvNm_TCr4hmse9yZvmXZgO3n_sm8BgmlkgnY0gnJzkwADCAAAAAEAAgADAAQABQAGAAeJc2VjcDI1NmsxoQM_2P-E_aSMLWFekHPmc4AY-pwQKZ4FCzabul1HHX4VvoV3YWt1Mi0, mixPubKey: none())"
[2026-10-06 11:51:33.708] [out] [delivery_module]  nodeId="(listenAddresses: [/ip4/0.0.0.0/tcp/0/p2p/16Uiu2HAmGxDx3UKDU6LdqsuuMQAonhHPz8hmRRR27t6E3v1GZ4mj, /ip4/0.0.0.0/udp/0/quic-v1/p2p/16Uiu2HAmGxDx3UKDU6LdqsuuMQAonhHPz8hmRRR27t6E3v1GZ4mj], enrUri: enr:-JO4QNRIugVlIogDd3fc57J-Pol0vPZ5yftMGb3olLZQSoWiUzn71Eaw7EK1dU1gvNm_TCr4hmse9yZvmXZgO3n_sm8BgmlkgnY0gnJzkwADCAAAAAEAAgADAAQABQAGAAeJc2VjcDI1NmsxoQM_2P-E_aSMLWFekHPmc4AY-pwQKZ4FCzabul1HHX4VvoV3YWt1Mi0, mixPubKey: none())"
[2026-10-06 11:51:33.708] [out] [delivery_module] INF 2026-10-06 11:51:33.708+02:00 local addr                                 topics="waku node" tid=16835091 localaddr=/ip4/0.0.0.0/tcp/0
[2026-10-06 11:51:33.708] [out] [delivery_module] INF 2026-10-06 11:51:33.708+02:00 mixPubKey                                  topics="waku node" tid=16835091 mixPubKey="[118, 158, 84, 122, 161, 225, 118, 193, 107, 187, 189, 156, 124, 151, 69, 35, 236, 145, 119, 135, 134, 177, 68, 130, 153, 86, 24, 69, 62, 115, 55, 106]"
[2026-10-06 11:51:33.709] [out] [delivery_module] INF 2026-10-06 11:51:33.709+02:00 Using mix bootstrap nodes                  topics="waku mix" tid=16835091 entries=0 poolSize=0
[2026-10-06 11:51:33.709] [out] [delivery_module] INF 2026-10-06 11:51:33.709+02:00 Mix cannot publish yet, waiting for more mix nodes topics="waku node" tid=16835091 poolSize=0 required=4
[2026-10-06 11:51:33.711] [out] [delivery_module] INF 2026-10-06 11:51:33.711+02:00 mounting store client                      topics="waku node store api" tid=16835091
[2026-10-06 11:51:33.711] [out] [delivery_module] INF 2026-10-06 11:51:33.711+02:00 Mounting auto sharding                     topics="waku node" tid=16835091 clusterId=3 shardCount=8
[2026-10-06 11:51:33.711] [out] [delivery_module] DBG 2026-10-06 11:51:33.711+02:00 Shards created from content topics         tid=16835091 contentTopics=[] shards=[]
[2026-10-06 11:51:33.711] [out] [delivery_module] DBG 2026-10-06 11:51:33.711+02:00 Setting max message size                   tid=16835091 num_bytes=153600
[2026-10-06 11:51:33.711] [out] [delivery_module] INF 2026-10-06 11:51:33.711+02:00 mounting relay protocol                    topics="waku node relay api" tid=16835091
[2026-10-06 11:51:33.711] [out] [delivery_module] DBG 2026-10-06 11:51:33.711+02:00 relay mounted successfully                 topics="waku node relay api" tid=16835091
[2026-10-06 11:51:33.711] [out] [delivery_module] DBG 2026-10-06 11:51:33.711+02:00 Adding validator to signed shards          tid=16835091 protectedShards=[] clusterId=3
[2026-10-06 11:51:33.711] [out] [delivery_module] INF 2026-10-06 11:51:33.711+02:00 Mounting rendezvous discovery protocol     topics="waku node" tid=16835091
[2026-10-06 11:51:33.712] [out] [delivery_module] INF 2026-10-06 11:51:33.711+02:00 Waku rendezvous initialized                topics="waku node" tid=16835091 clusterId=3 shards="[0, 1, 2, 3, 4, 5, 6, 7]" capabilities="[Relay, Filter, Lightpush, Mix]" wakuPeerRecord="(peerId: 16U*1GZ4mj, seqNo: 1791280293, addresses: [/ip4/0.0.0.0/tcp/0, /ip4/0.0.0.0/udp/0/quic-v1], mixKey: 0x769e547aa1e176c16bbbbd9c7c974523ec91778786b14482995618453e73376a)"
[2026-10-06 11:51:33.712] [out] [delivery_module] INF 2026-10-06 11:51:33.712+02:00 Mounting rendezvous client                 topics="waku node" tid=16835091
[2026-10-06 11:51:33.712] [out] [delivery_module] INF 2026-10-06 11:51:33.712+02:00 Waku rendezvous client initialized         topics="waku node" tid=16835091 clusterId=3
[2026-10-06 11:51:33.712] [out] [delivery_module] INF 2026-10-06 11:51:33.712+02:00 mounting libp2p ping protocol              topics="waku node ping api" tid=16835091
[2026-10-06 11:51:33.712] [out] [delivery_module] INF 2026-10-06 11:51:33.712+02:00 mounting light push                        topics="waku node lightpush api" tid=16835091
[2026-10-06 11:51:33.712] [out] [delivery_module] INF 2026-10-06 11:51:33.712+02:00 mounting lightpush with relay              topics="waku node lightpush api" tid=16835091
[2026-10-06 11:51:33.712] [out] [delivery_module] DBG 2026-10-06 11:51:33.712+02:00 lightpush mounted successfully             topics="waku node lightpush api" tid=16835091
[2026-10-06 11:51:33.712] [out] [delivery_module] INF 2026-10-06 11:51:33.712+02:00 mounting legacy light push                 topics="waku node lightpush api" tid=16835091
[2026-10-06 11:51:33.712] [out] [delivery_module] INF 2026-10-06 11:51:33.712+02:00 mounting legacy lightpush with relay       topics="waku node lightpush api" tid=16835091
[2026-10-06 11:51:33.712] [out] [delivery_module] DBG 2026-10-06 11:51:33.712+02:00 legacy lightpush mounted successfully      topics="waku node lightpush api" tid=16835091
[2026-10-06 11:51:33.712] [out] [delivery_module] INF 2026-10-06 11:51:33.712+02:00 mounting light push client                 topics="waku node lightpush api" tid=16835091
[2026-10-06 11:51:33.712] [out] [delivery_module] INF 2026-10-06 11:51:33.712+02:00 mounting legacy light push client          topics="waku node lightpush api" tid=16835091
[2026-10-06 11:51:33.712] [out] [delivery_module] INF 2026-10-06 11:51:33.712+02:00 mounting filter protocol                   topics="waku node filter api" tid=16835091
[2026-10-06 11:51:33.713] [out] [delivery_module] INF 2026-10-06 11:51:33.713+02:00 Starting filter protocol                   topics="waku filter" tid=16835091
[2026-10-06 11:51:33.713] [out] [delivery_module] DBG 2026-10-06 11:51:33.713+02:00 Starting to maintain subscriptions         topics="waku filter" tid=16835091
[2026-10-06 11:51:33.713] [out] [delivery_module] DBG 2026-10-06 11:51:33.713+02:00 Maintaining subscriptions                  topics="waku filter" tid=16835091
[2026-10-06 11:51:33.713] [out] [delivery_module] DBG 2026-10-06 11:51:33.713+02:00 Cleanup                                    topics="waku filter subscriptions" tid=16835091 currentPeerIds=[]
[2026-10-06 11:51:33.713] [out] [delivery_module] DBG 2026-10-06 11:51:33.713+02:00 After cleanup                              topics="waku filter subscriptions" tid=16835091 currentPeerIds=[]
[2026-10-06 11:51:33.713] [out] [delivery_module] INF 2026-10-06 11:51:33.713+02:00 mounting filter client                     topics="waku node filter api" tid=16835091
[2026-10-06 11:51:33.713] [out] [delivery_module] INF 2026-10-06 11:51:33.713+02:00 mounting waku peer exchange                topics="waku node peerexchange api" tid=16835091
[2026-10-06 11:51:33.713] [out] [delivery_module] INF 2026-10-06 11:51:33.713+02:00 mounting waku peer exchange client         topics="waku node peerexchange api" tid=16835091
[2026-10-06 11:51:33.713] [out] [delivery_module] INF 2026-10-06 11:51:33.713+02:00 No external callbacks to be set            topics="wakunode waku" tid=16835091
[2026-10-06 11:51:33.713] [out] [delivery_module] INF 2026-10-06 11:51:33.713+02:00 Setting up AutonatService                  topics="libp2p autonatservice" tid=16835091
[2026-10-06 11:51:33.714] [info] [logos] [delivery_module] DeliveryModuleImpl::createNode callback called with ret: 0
[2026-10-06 11:51:33.721] [info] [logos] [delivery_module] DeliveryModuleImpl: Delivery context created successfully
[2026-10-06 11:51:33.722] [info] [logos] [delivery_module] DeliveryModuleImpl::start called
[2026-10-06 11:51:33.722] [out] [delivery_module] INF 2026-10-06 11:51:33.722+02:00 Retrieve dynamic bootstrap nodes           topics="wakunode waku" tid=16835091
[2026-10-06 11:51:33.722] [info] [logos] [delivery_module] DeliveryModuleImpl::getNodeInfo called with nodeInfoId: MyPeerId
[2026-10-06 11:51:33.722] [out] [delivery_module] INF 2026-10-06 11:51:33.722+02:00 Running nwaku node                         tid=16835091 version=v0.39.0-gca2814
[2026-10-06 11:51:33.722] [out] [delivery_module] INF 2026-10-06 11:51:33.722+02:00 Starting Waku node                         topics="waku node" tid=16835091 version=v0.39.0-gca2814
[2026-10-06 11:51:33.723] [out] [delivery_module] DBG 2026-10-06 11:51:33.722+02:00 Waku rendezvous periodic requests started  topics="waku rendezvous client" tid=16835091 interval=10s
[2026-10-06 11:51:33.723] [out] [delivery_module] INF 2026-10-06 11:51:33.723+02:00 Waku rendezvous client started             topics="waku rendezvous client" tid=16835091
[2026-10-06 11:51:33.723] [out] [delivery_module] DBG 2026-10-06 11:51:33.723+02:00 starting switch for peer                   topics="libp2p switch" tid=16835091 peerInfo="(peerId: 16Uiu2HAmGxDx3UKDU6LdqsuuMQAonhHPz8hmRRR27t6E3v1GZ4mj, listenAddrs: [/ip4/0.0.0.0/tcp/0, /ip4/0.0.0.0/udp/0/quic-v1], addrs: [], protocols: [/ipfs/id/1.0.0, /libp2p/autonat/1.0.0, /libp2p/circuit/relay/0.2.0/hop, /vac/waku/metadata/1.0.0, /mix/1.0.0, /logos/service-discovery/1.0.0, /vac/waku/relay/2.0.0, /vac/waku/rendezvous/1.0.0, /ipfs/ping/1.0.0, /vac/waku/lightpush/3.0.0, /vac/waku/lightpush/2.0.0-beta1, /vac/waku/filter-subscribe/2.0.0-beta1, /vac/waku/filter-push/2.0.0-beta1, /vac/waku/peer-exchange/2.0.0-alpha1], protoVersion: ipfs/0.1.0, agentVersion: logos-delivery-v0.39.0-gca2814)"
[2026-10-06 11:51:33.724] [out] [delivery_module] DBG 2026-10-06 11:51:33.724+02:00 No private listen addresses to map; releasing any prior mappings topics="libp2p natservice" tid=16835091
[2026-10-06 11:51:33.727] [out] [delivery_module] DBG 2026-10-06 11:51:33.727+02:00 Configured QUIC UDP receive buffer         tid=16835091 requestedBytes=8388608 effectiveBytes=8388608
[2026-10-06 11:51:33.729] [out] [delivery_module] DBG 2026-10-06 11:51:33.729+02:00 About to accept incoming connection        topics="libp2p switch" tid=16835091
[2026-10-06 11:51:33.729] [out] [delivery_module] DBG 2026-10-06 11:51:33.729+02:00 About to accept incoming connection        topics="libp2p switch" tid=16835091
[2026-10-06 11:51:33.729] [out] [delivery_module] DBG 2026-10-06 11:51:33.729+02:00 No private listen addresses to map; releasing any prior mappings topics="libp2p natservice" tid=16835091
[2026-10-06 11:51:33.731] [out] [delivery_module] DBG 2026-10-06 11:51:33.731+02:00 Lookup query                               topics="kad-dht find" tid=16835091 peer=16U*kGyuEP
[2026-10-06 11:51:33.732] [out] [delivery_module] DBG 2026-10-06 11:51:33.732+02:00 Dialing peer                               topics="libp2p dialer" tid=16835091 peerId=16U*kGyuEP addrs="[/dns4/delivery-01.ac-cn-hongkong-c.logos.dev.status.im/tcp/30303]"
[2026-10-06 11:51:33.732] [out] [delivery_module] DBG 2026-10-06 11:51:33.732+02:00 resolved addresses                         topics="libp2p dialer" tid=16835091 originalAddresses=/dns4/delivery-01.ac-cn-hongkong-c.logos.dev.status.im/tcp/30303/p2p/16Uiu2HAm8YokiNun9BkeA1ZRmhLbtNUvcwRr64F69tYj9fkGyuEP resolvedAddresses="[/dns4/delivery-01.ac-cn-hongkong-c.logos.dev.status.im/tcp/30303/p2p/16Uiu2HAm8YokiNun9BkeA1ZRmhLbtNUvcwRr64F69tYj9fkGyuEP]"
[2026-10-06 11:51:33.732] [out] [delivery_module] DBG 2026-10-06 11:51:33.732+02:00 Lookup query                               topics="kad-dht find" tid=16835091 peer=16U*P1S397
[2026-10-06 11:51:33.732] [out] [delivery_module] DBG 2026-10-06 11:51:33.732+02:00 Dialing peer                               topics="libp2p dialer" tid=16835091 peerId=16U*P1S397 addrs="[/dns4/delivery-01.gc-us-central1-a.logos.dev.status.im/tcp/30303]"
[2026-10-06 11:51:33.732] [out] [delivery_module] DBG 2026-10-06 11:51:33.732+02:00 resolved addresses                         topics="libp2p dialer" tid=16835091 originalAddresses=/dns4/delivery-01.gc-us-central1-a.logos.dev.status.im/tcp/30303/p2p/16Uiu2HAm4S1JYkuzDKLKQvwgAhZKs9otxXqt8SCGtB4hoJP1S397 resolvedAddresses="[/dns4/delivery-01.gc-us-central1-a.logos.dev.status.im/tcp/30303/p2p/16Uiu2HAm4S1JYkuzDKLKQvwgAhZKs9otxXqt8SCGtB4hoJP1S397]"
[2026-10-06 11:51:33.732] [out] [delivery_module] DBG 2026-10-06 11:51:33.732+02:00 Lookup query                               topics="kad-dht find" tid=16835091 peer=16U*T3UNSE
[2026-10-06 11:51:33.732] [out] [delivery_module] DBG 2026-10-06 11:51:33.732+02:00 Dialing peer                               topics="libp2p dialer" tid=16835091 peerId=16U*T3UNSE addrs="[/dns4/delivery-02.ac-cn-hongkong-c.logos.dev.status.im/tcp/30303]"
[2026-10-06 11:51:33.732] [out] [delivery_module] DBG 2026-10-06 11:51:33.732+02:00 resolved addresses                         topics="libp2p dialer" tid=16835091 originalAddresses=/dns4/delivery-02.ac-cn-hongkong-c.logos.dev.status.im/tcp/30303/p2p/16Uiu2HAkvwhGHKNry6LACrB8TmEFoCJKEX29XR5dDUzk3UT3UNSE resolvedAddresses="[/dns4/delivery-02.ac-cn-hongkong-c.logos.dev.status.im/tcp/30303/p2p/16Uiu2HAkvwhGHKNry6LACrB8TmEFoCJKEX29XR5dDUzk3UT3UNSE]"
[2026-10-06 11:51:33.732] [out] [delivery_module] DBG 2026-10-06 11:51:33.732+02:00 Lookup query                               topics="kad-dht find" tid=16835091 peer=16U*VpJprH
[2026-10-06 11:51:33.732] [out] [delivery_module] DBG 2026-10-06 11:51:33.732+02:00 Dialing peer                               topics="libp2p dialer" tid=16835091 peerId=16U*VpJprH addrs="[/dns4/delivery-02.do-ams3.logos.dev.status.im/tcp/30303]"
[2026-10-06 11:51:33.732] [out] [delivery_module] DBG 2026-10-06 11:51:33.732+02:00 resolved addresses                         topics="libp2p dialer" tid=16835091 originalAddresses=/dns4/delivery-02.do-ams3.logos.dev.status.im/tcp/30303/p2p/16Uiu2HAmMK7PYygBtKUQ8EHp7EfaD3bCEsJrkFooK8RQ2PVpJprH resolvedAddresses="[/dns4/delivery-02.do-ams3.logos.dev.status.im/tcp/30303/p2p/16Uiu2HAmMK7PYygBtKUQ8EHp7EfaD3bCEsJrkFooK8RQ2PVpJprH]"
[2026-10-06 11:51:33.732] [out] [delivery_module] DBG 2026-10-06 11:51:33.732+02:00 Lookup query                               topics="kad-dht find" tid=16835091 peer=16U*TwqBiH
[2026-10-06 11:51:33.732] [out] [delivery_module] DBG 2026-10-06 11:51:33.732+02:00 Dialing peer                               topics="libp2p dialer" tid=16835091 peerId=16U*TwqBiH addrs="[/dns4/delivery-02.gc-us-central1-a.logos.dev.status.im/tcp/30303]"
[2026-10-06 11:51:33.732] [out] [delivery_module] DBG 2026-10-06 11:51:33.732+02:00 resolved addresses                         topics="libp2p dialer" tid=16835091 originalAddresses=/dns4/delivery-02.gc-us-central1-a.logos.dev.status.im/tcp/30303/p2p/16Uiu2HAm8Y9kgBNtjxvCnf1X6gnZJW5EGE4UwwCL3CCm55TwqBiH resolvedAddresses="[/dns4/delivery-02.gc-us-central1-a.logos.dev.status.im/tcp/30303/p2p/16Uiu2HAm8Y9kgBNtjxvCnf1X6gnZJW5EGE4UwwCL3CCm55TwqBiH]"
[2026-10-06 11:51:33.732] [out] [delivery_module] DBG 2026-10-06 11:51:33.732+02:00 Lookup query                               topics="kad-dht find" tid=16835091 peer=16U*NSkuby
[2026-10-06 11:51:33.732] [out] [delivery_module] DBG 2026-10-06 11:51:33.732+02:00 Dialing peer                               topics="libp2p dialer" tid=16835091 peerId=16U*NSkuby addrs="[/dns4/delivery-01.do-ams3.logos.dev.status.im/tcp/30303]"
[2026-10-06 11:51:33.732] [out] [delivery_module] DBG 2026-10-06 11:51:33.732+02:00 resolved addresses                         topics="libp2p dialer" tid=16835091 originalAddresses=/dns4/delivery-01.do-ams3.logos.dev.status.im/tcp/30303/p2p/16Uiu2HAmTUbnxLGT9JvV6mu9oPyDjqHK4Phs1VDJNUgESgNSkuby resolvedAddresses="[/dns4/delivery-01.do-ams3.logos.dev.status.im/tcp/30303/p2p/16Uiu2HAmTUbnxLGT9JvV6mu9oPyDjqHK4Phs1VDJNUgESgNSkuby]"
[2026-10-06 11:51:33.733] [out] [delivery_module] ERR 2026-10-06 11:51:33.733+02:00 Failed to create signed extended peer record topics="service-discovery" tid=16835091 error="no dialable address to publish yet"
[2026-10-06 11:51:33.733] [out] [delivery_module] INF 2026-10-06 11:51:33.733+02:00 Service Discovery started                  topics="service-discovery" tid=16835091
[2026-10-06 11:51:33.733] [out] [delivery_module] INF 2026-10-06 11:51:33.733+02:00 start                                      topics="waku relay" tid=16835091
[2026-10-06 11:51:33.733] [out] [delivery_module] DBG 2026-10-06 11:51:33.733+02:00 Waku rendezvous periodic registration started topics="waku rendezvous" tid=16835091 interval=10s
[2026-10-06 11:51:33.733] [out] [delivery_module] INF 2026-10-06 11:51:33.733+02:00 Waku rendezvous discovery started          topics="waku rendezvous" tid=16835091
[2026-10-06 11:51:33.733] [out] [delivery_module] DBG 2026-10-06 11:51:33.733+02:00 Started libp2p node                        topics="libp2p switch" tid=16835091 peer="(peerId: 16Uiu2HAmGxDx3UKDU6LdqsuuMQAonhHPz8hmRRR27t6E3v1GZ4mj, listenAddrs: [/ip4/0.0.0.0/tcp/61928, /ip4/0.0.0.0/udp/54520/quic-v1], addrs: [/ip4/0.0.0.0/tcp/61928, /ip4/0.0.0.0/udp/54520/quic-v1], protocols: [/ipfs/id/1.0.0, /libp2p/autonat/1.0.0, /libp2p/circuit/relay/0.2.0/hop, /vac/waku/metadata/1.0.0, /mix/1.0.0, /logos/service-discovery/1.0.0, /vac/waku/relay/2.0.0, /vac/waku/rendezvous/1.0.0, /ipfs/ping/1.0.0, /vac/waku/lightpush/3.0.0, /vac/waku/lightpush/2.0.0-beta1, /vac/waku/filter-subscribe/2.0.0-beta1, /vac/waku/filter-push/2.0.0-beta1, /vac/waku/peer-exchange/2.0.0-alpha1], protoVersion: ipfs/0.1.0, agentVersion: logos-delivery-v0.39.0-gca2814)"
[2026-10-06 11:51:33.735] [out] [delivery_module] INF 2026-10-06 11:51:33.735+02:00 Announced base resolved                    topics="waku node" tid=16835091 addrs="@[/ip4/172.16.51.81/tcp/61928, /ip4/172.16.51.81/udp/54520/quic-v1]" explicit=@[]
[2026-10-06 11:51:33.736] [out] [delivery_module] INF 2026-10-06 11:51:33.736+02:00 Using mix bootstrap nodes                  topics="waku mix" tid=16835091 entries=1 poolSize=1
[2026-10-06 11:51:33.736] [out] [delivery_module] INF 2026-10-06 11:51:33.736+02:00 Using mix bootstrap nodes                  topics="waku mix" tid=16835091 entries=1 poolSize=2
[2026-10-06 11:51:33.736] [out] [delivery_module] INF 2026-10-06 11:51:33.736+02:00 Using mix bootstrap nodes                  topics="waku mix" tid=16835091 entries=1 poolSize=3
[2026-10-06 11:51:33.736] [out] [delivery_module] INF 2026-10-06 11:51:33.736+02:00 Using mix bootstrap nodes                  topics="waku mix" tid=16835091 entries=1 poolSize=4
[2026-10-06 11:51:33.736] [out] [delivery_module] INF 2026-10-06 11:51:33.736+02:00 Using mix bootstrap nodes                  topics="waku mix" tid=16835091 entries=1 poolSize=5
[2026-10-06 11:51:33.740] [info] [logos] [delivery_module] DeliveryModuleImpl::subscribe called with contentTopic: /lp0026forum/1/general/text
[2026-10-06 11:51:33.740] [out] [delivery_module] DBG 2026-10-06 11:51:33.740+02:00 Subscribing to pubsub topic                topics="waku relay" tid=16835091 pubsubTopic=/waku/2/rs/3/7
[2026-10-06 11:51:33.741] [out] [delivery_module] DBG 2026-10-06 11:51:33.741+02:00 No mesh peer for the given pubsub topic    topics="waku relay" tid=16835091 pubsubTopic=/waku/2/rs/3/7
[2026-10-06 11:51:33.742] [info] [logos] [delivery_module] DeliveryModuleImpl: Subscribe completed for topic: /lp0026forum/1/general/text with success
[2026-10-06 11:51:33.745] [out] [delivery_module] DBG 2026-10-06 11:51:33.745+02:00 Expanded address and hostname              topics="libp2p dialer" tid=16835091 expandedAddress=/dns4/delivery-01.ac-cn-hongkong-c.logos.dev.status.im/tcp/30303 hostname=delivery-01.ac-cn-hongkong-c.logos.dev.status.im resolvedAddresses="[/ip4/47.242.130.189/tcp/30303]"
[2026-10-06 11:51:33.746] [out] [delivery_module] DBG 2026-10-06 11:51:33.746+02:00 Expanded address and hostname              topics="libp2p dialer" tid=16835091 expandedAddress=/dns4/delivery-02.do-ams3.logos.dev.status.im/tcp/30303 hostname=delivery-02.do-ams3.logos.dev.status.im resolvedAddresses="[/ip4/174.138.106.244/tcp/30303]"
[2026-10-06 11:51:33.746] [out] [delivery_module] DBG 2026-10-06 11:51:33.746+02:00 Expanded address and hostname              topics="libp2p dialer" tid=16835091 expandedAddress=/dns4/delivery-02.gc-us-central1-a.logos.dev.status.im/tcp/30303 hostname=delivery-02.gc-us-central1-a.logos.dev.status.im resolvedAddresses="[/ip4/34.123.201.25/tcp/30303]"
[2026-10-06 11:51:33.747] [out] [delivery_module] DBG 2026-10-06 11:51:33.747+02:00 Expanded address and hostname              topics="libp2p dialer" tid=16835091 expandedAddress=/dns4/delivery-01.gc-us-central1-a.logos.dev.status.im/tcp/30303 hostname=delivery-01.gc-us-central1-a.logos.dev.status.im resolvedAddresses="[/ip4/136.119.156.87/tcp/30303]"
[2026-10-06 11:51:33.747] [out] [delivery_module] DBG 2026-10-06 11:51:33.747+02:00 Expanded address and hostname              topics="libp2p dialer" tid=16835091 expandedAddress=/dns4/delivery-01.do-ams3.logos.dev.status.im/tcp/30303 hostname=delivery-01.do-ams3.logos.dev.status.im resolvedAddresses="[/ip4/138.68.122.137/tcp/30303]"
[2026-10-06 11:51:33.838] [out] [delivery_module] DBG 2026-10-06 11:51:33.838+02:00 Dial successful                            topics="libp2p dialer" tid=16835091 peerId=16U*VpJprH
[2026-10-06 11:51:33.838] [out] [delivery_module] DBG 2026-10-06 11:51:33.838+02:00 starting sendNonHighPriorityTask           topics="libp2p pubsubpeer" tid=16835091 p=16U*VpJprH
[2026-10-06 11:51:33.838] [out] [delivery_module] DBG 2026-10-06 11:51:33.838+02:00 created new pubsub peer                    topics="libp2p pubsub" tid=16835091 peerId=16U*VpJprH
[2026-10-06 11:51:33.838] [out] [delivery_module] DBG 2026-10-06 11:51:33.838+02:00 no listener registered                     tid=16835092 event=onConnectionChange
[2026-10-06 11:51:33.841] [out] [delivery_module] DBG 2026-10-06 11:51:33.841+02:00 Dial successful                            topics="libp2p dialer" tid=16835091 peerId=16U*NSkuby
[2026-10-06 11:51:33.842] [out] [delivery_module] DBG 2026-10-06 11:51:33.842+02:00 starting sendNonHighPriorityTask           topics="libp2p pubsubpeer" tid=16835091 p=16U*NSkuby
[2026-10-06 11:51:33.842] [out] [delivery_module] DBG 2026-10-06 11:51:33.842+02:00 created new pubsub peer                    topics="libp2p pubsub" tid=16835091 peerId=16U*NSkuby
[2026-10-06 11:51:33.842] [out] [delivery_module] DBG 2026-10-06 11:51:33.842+02:00 no listener registered                     tid=16835092 event=onConnectionChange
[2026-10-06 11:51:33.842] [out] [delivery_module] DBG 2026-10-06 11:51:33.842+02:00 Incoming WakuRelay connection              topics="waku relay" tid=16835091 connection=16U*VpJprH:6ac4c4a5889508aec22ecac5 protocol=/vac/waku/relay/2.0.0
[2026-10-06 11:51:33.842] [out] [delivery_module] DBG 2026-10-06 11:51:33.842+02:00 starting pubsub read loop                  topics="libp2p pubsubpeer" tid=16835091 stream=16U*VpJprH:6ac4c4a5889508aec22ecac5 peer=16U*VpJprH closed=false
[2026-10-06 11:51:33.842] [out] [delivery_module] DBG 2026-10-06 11:51:33.842+02:00 identify: info sent                        topics="libp2p identify" tid=16835091 stream=16U*VpJprH:6ac4c4a5889508aec22ecac6 info="(peerId: 16Uiu2HAmGxDx3UKDU6LdqsuuMQAonhHPz8hmRRR27t6E3v1GZ4mj, listenAddrs: [/ip4/0.0.0.0/tcp/61928, /ip4/0.0.0.0/udp/54520/quic-v1], addrs: [/ip4/0.0.0.0/tcp/61928, /ip4/0.0.0.0/udp/54520/quic-v1], protocols: [/ipfs/id/1.0.0, /libp2p/autonat/1.0.0, /libp2p/circuit/relay/0.2.0/hop, /vac/waku/metadata/1.0.0, /mix/1.0.0, /logos/service-discovery/1.0.0, /vac/waku/relay/2.0.0, /vac/waku/rendezvous/1.0.0, /ipfs/ping/1.0.0, /vac/waku/lightpush/3.0.0, /vac/waku/lightpush/2.0.0-beta1, /vac/waku/filter-subscribe/2.0.0-beta1, /vac/waku/filter-push/2.0.0-beta1, /vac/waku/peer-exchange/2.0.0-alpha1], protoVersion: ipfs/0.1.0, agentVersion: logos-delivery-v0.39.0-gca2814)"
[2026-10-06 11:51:33.842] [out] [delivery_module] DBG 2026-10-06 11:51:33.842+02:00 Incoming WakuRelay connection              topics="waku relay" tid=16835091 connection=16U*NSkuby:6ac4c4a5889508aec22ecac7 protocol=/vac/waku/relay/2.0.0
[2026-10-06 11:51:33.842] [out] [delivery_module] DBG 2026-10-06 11:51:33.842+02:00 starting pubsub read loop                  topics="libp2p pubsubpeer" tid=16835091 stream=16U*NSkuby:6ac4c4a5889508aec22ecac7 peer=16U*NSkuby closed=false
[2026-10-06 11:51:33.844] [out] [delivery_module] DBG 2026-10-06 11:51:33.844+02:00 identify: info sent                        topics="libp2p identify" tid=16835091 stream=16U*NSkuby:6ac4c4a5889508aec22ecaca info="(peerId: 16Uiu2HAmGxDx3UKDU6LdqsuuMQAonhHPz8hmRRR27t6E3v1GZ4mj, listenAddrs: [/ip4/0.0.0.0/tcp/61928, /ip4/0.0.0.0/udp/54520/quic-v1], addrs: [/ip4/0.0.0.0/tcp/61928, /ip4/0.0.0.0/udp/54520/quic-v1], protocols: [/ipfs/id/1.0.0, /libp2p/autonat/1.0.0, /libp2p/circuit/relay/0.2.0/hop, /vac/waku/metadata/1.0.0, /mix/1.0.0, /logos/service-discovery/1.0.0, /vac/waku/relay/2.0.0, /vac/waku/rendezvous/1.0.0, /ipfs/ping/1.0.0, /vac/waku/lightpush/3.0.0, /vac/waku/lightpush/2.0.0-beta1, /vac/waku/filter-subscribe/2.0.0-beta1, /vac/waku/filter-push/2.0.0-beta1, /vac/waku/peer-exchange/2.0.0-alpha1], protoVersion: ipfs/0.1.0, agentVersion: logos-delivery-v0.39.0-gca2814)"
[2026-10-06 11:51:33.862] [out] [delivery_module] DBG 2026-10-06 11:51:33.862+02:00 identify: info received                    topics="libp2p identify" tid=16835091 stream=16U*VpJprH:6ac4c4a5889508aec22ecac4 pubkey=ok(sec...7631)) addresses=/ip4/174.138.106.244/tcp/30303,/ip4/174.138.106.244/udp/30303/quic-v1,/dns4/delivery-02.do-ams3.logos.dev.status.im/tcp/30303 protocols=/ipfs/id/1.0.0,/libp2p/autonat/1.0.0,/libp2p/circuit/relay/0.2.0/hop,/vac/waku/metadata/1.0.0,/mix/1.0.0,/logos/service-discovery/1.0.0,/vac/waku/store-query/3.0.0,/vac/waku/relay/2.0.0,/vac/waku/rendezvous/1.0.0,/ipfs/ping/1.0.0,/vac/waku/lightpush/3.0.0,/vac/waku/lightpush/2.0.0-beta1,/vac/waku/filter-subscribe/2.0.0-beta1,/vac/waku/filter-push/2.0.0-beta1,/vac/waku/peer-exchange/2.0.0-alpha1 observable_address=ok(/ip4/83.135.41.108/tcp/59494) proto_version=ipfs/0.1.0 agent_version=logos-delivery-v0.39.0-g890397 signedPeerRecord=None
[2026-10-06 11:51:33.863] [out] [delivery_module] DBG 2026-10-06 11:51:33.863+02:00 starting pubsub read loop                  topics="libp2p pubsubpeer" tid=16835091 stream=16U*VpJprH:6ac4c4a5889508aec22ecac3 peer=16U*VpJprH closed=false
[2026-10-06 11:51:33.863] [out] [delivery_module] DBG 2026-10-06 11:51:33.863+02:00 Event identified                           topics="waku node peer_manager" tid=16835091 peerId=16U*VpJprH
[2026-10-06 11:51:33.863] [out] [delivery_module] DBG 2026-10-06 11:51:33.863+02:00 no listener registered                     tid=16835092 event=onConnectionChange
[2026-10-06 11:51:33.888] [out] [delivery_module] DBG 2026-10-06 11:51:33.888+02:00 Received WakuMetadata request              topics="waku metadata" tid=16835091 remoteClusterId=ok(3) remoteShards="[5, 0, 2, 1, 4, 7, 3, 6]" localClusterId=3 localShards="[7]" peer=16U*VpJprH
[2026-10-06 11:51:33.888] [out] [delivery_module] DBG 2026-10-06 11:51:33.888+02:00 starting pubsub read loop                  topics="libp2p pubsubpeer" tid=16835091 stream=16U*NSkuby:6ac4c4a5889508aec22ecac8 peer=16U*NSkuby closed=false
[2026-10-06 11:51:33.890] [out] [delivery_module] DBG 2026-10-06 11:51:33.890+02:00 identify: info received                    topics="libp2p identify" tid=16835091 stream=16U*NSkuby:6ac4c4a5889508aec22ecac9 pubkey=ok(sec...9ab7)) addresses=/ip4/138.68.122.137/tcp/30303,/ip4/138.68.122.137/udp/30303/quic-v1,/dns4/delivery-01.do-ams3.logos.dev.status.im/tcp/30303 protocols=/ipfs/id/1.0.0,/libp2p/autonat/1.0.0,/libp2p/circuit/relay/0.2.0/hop,/vac/waku/metadata/1.0.0,/mix/1.0.0,/logos/service-discovery/1.0.0,/vac/waku/store-query/3.0.0,/vac/waku/relay/2.0.0,/vac/waku/rendezvous/1.0.0,/ipfs/ping/1.0.0,/vac/waku/lightpush/3.0.0,/vac/waku/lightpush/2.0.0-beta1,/vac/waku/filter-subscribe/2.0.0-beta1,/vac/waku/filter-push/2.0.0-beta1,/vac/waku/peer-exchange/2.0.0-alpha1 observable_address=ok(/ip4/83.135.41.108/tcp/40297) proto_version=ipfs/0.1.0 agent_version=logos-delivery-v0.39.0-g890397 signedPeerRecord=None
[2026-10-06 11:51:33.891] [out] [delivery_module] DBG 2026-10-06 11:51:33.891+02:00 Event identified                           topics="waku node peer_manager" tid=16835091 peerId=16U*NSkuby
[2026-10-06 11:51:33.891] [out] [delivery_module] DBG 2026-10-06 11:51:33.891+02:00 no listener registered                     tid=16835092 event=onConnectionChange
[2026-10-06 11:51:33.904] [out] [delivery_module] DBG 2026-10-06 11:51:33.904+02:00 no listener registered                     tid=16835092 event=onConnectionChange
[2026-10-06 11:51:33.920] [out] [delivery_module] DBG 2026-10-06 11:51:33.920+02:00 Received WakuMetadata request              topics="waku metadata" tid=16835091 remoteClusterId=ok(3) remoteShards="[5, 0, 2, 1, 4, 7, 3, 6]" localClusterId=3 localShards="[7]" peer=16U*NSkuby
[2026-10-06 11:51:33.938] [out] [delivery_module] DBG 2026-10-06 11:51:33.938+02:00 no listener registered                     tid=16835092 event=onConnectionChange
[2026-10-06 11:51:33.951] [out] [delivery_module] DBG 2026-10-06 11:51:33.951+02:00 Dialing peer                               topics="libp2p dialer" tid=16835091 peerId=16U*k3v1b3 addrs="[/ip4/10.16.8.125/udp/55890/quic-v1, /ip4/10.16.8.125/tcp/49352]"
[2026-10-06 11:51:33.951] [out] [delivery_module] DBG 2026-10-06 11:51:33.951+02:00 Expanded address and hostname              topics="libp2p dialer" tid=16835091 expandedAddress=/ip4/10.16.8.125/udp/55890/quic-v1 hostname=10.16.8.125 resolvedAddresses="[/ip4/10.16.8.125/udp/55890/quic-v1]"
[2026-10-06 11:51:33.953] [out] [delivery_module] DBG 2026-10-06 11:51:33.953+02:00 New connection established: client         tid=16835091
[2026-10-06 11:51:33.954] [out] [delivery_module] DBG 2026-10-06 11:51:33.954+02:00 Dialing peer                               topics="libp2p dialer" tid=16835091 peerId=16U*7ZEp3L addrs="[/ip4/192.168.1.3/udp/56395/quic-v1, /ip4/192.168.1.3/tcp/49737]"
[2026-10-06 11:51:33.954] [out] [delivery_module] DBG 2026-10-06 11:51:33.954+02:00 Expanded address and hostname              topics="libp2p dialer" tid=16835091 expandedAddress=/ip4/192.168.1.3/udp/56395/quic-v1 hostname=192.168.1.3 resolvedAddresses="[/ip4/192.168.1.3/udp/56395/quic-v1]"
[2026-10-06 11:51:33.954] [out] [delivery_module] DBG 2026-10-06 11:51:33.954+02:00 New connection established: client         tid=16835091
[2026-10-06 11:51:33.955] [out] [delivery_module] DBG 2026-10-06 11:51:33.955+02:00 Dialing peer                               topics="libp2p dialer" tid=16835091 peerId=16U*bAYDN8 addrs="[/ip4/10.1.0.55/udp/56247/quic-v1, /ip4/10.1.0.55/tcp/50097]"
[2026-10-06 11:51:33.955] [out] [delivery_module] DBG 2026-10-06 11:51:33.955+02:00 Expanded address and hostname              topics="libp2p dialer" tid=16835091 expandedAddress=/ip4/10.1.0.55/udp/56247/quic-v1 hostname=10.1.0.55 resolvedAddresses="[/ip4/10.1.0.55/udp/56247/quic-v1]"
[2026-10-06 11:51:33.955] [out] [delivery_module] DBG 2026-10-06 11:51:33.955+02:00 New connection established: client         tid=16835091
[2026-10-06 11:51:33.955] [out] [delivery_module] DBG 2026-10-06 11:51:33.955+02:00 Lookup query                               topics="kad-dht find" tid=16835091 peer=16U*k3v1b3
[2026-10-06 11:51:33.955] [out] [delivery_module] DBG 2026-10-06 11:51:33.955+02:00 Lookup query                               topics="kad-dht find" tid=16835091 peer=16U*7ZEp3L
[2026-10-06 11:51:33.955] [out] [delivery_module] DBG 2026-10-06 11:51:33.955+02:00 Lookup query                               topics="kad-dht find" tid=16835091 peer=16U*bAYDN8
[2026-10-06 11:51:34.268] [out] [delivery_module] DBG 2026-10-06 11:51:34.268+02:00 Dial successful                            topics="libp2p dialer" tid=16835091 peerId=16U*TwqBiH
[2026-10-06 11:51:34.268] [out] [delivery_module] DBG 2026-10-06 11:51:34.268+02:00 starting sendNonHighPriorityTask           topics="libp2p pubsubpeer" tid=16835091 p=16U*TwqBiH
[2026-10-06 11:51:34.268] [out] [delivery_module] DBG 2026-10-06 11:51:34.268+02:00 created new pubsub peer                    topics="libp2p pubsub" tid=16835091 peerId=16U*TwqBiH
[2026-10-06 11:51:34.269] [out] [delivery_module] DBG 2026-10-06 11:51:34.268+02:00 no listener registered                     tid=16835092 event=onConnectionChange
[2026-10-06 11:51:34.269] [out] [delivery_module] DBG 2026-10-06 11:51:34.269+02:00 Incoming WakuRelay connection              topics="waku relay" tid=16835091 connection=16U*TwqBiH:6ac4c4a6889508aec22ecad6 protocol=/vac/waku/relay/2.0.0
[2026-10-06 11:51:34.269] [out] [delivery_module] DBG 2026-10-06 11:51:34.269+02:00 starting pubsub read loop                  topics="libp2p pubsubpeer" tid=16835091 stream=16U*TwqBiH:6ac4c4a6889508aec22ecad6 peer=16U*TwqBiH closed=false
[2026-10-06 11:51:34.269] [out] [delivery_module] DBG 2026-10-06 11:51:34.269+02:00 identify: info sent                        topics="libp2p identify" tid=16835091 stream=16U*TwqBiH:6ac4c4a6889508aec22ecad7 info="(peerId: 16Uiu2HAmGxDx3UKDU6LdqsuuMQAonhHPz8hmRRR27t6E3v1GZ4mj, listenAddrs: [/ip4/0.0.0.0/tcp/61928, /ip4/0.0.0.0/udp/54520/quic-v1], addrs: [/ip4/0.0.0.0/tcp/61928, /ip4/0.0.0.0/udp/54520/quic-v1], protocols: [/ipfs/id/1.0.0, /libp2p/autonat/1.0.0, /libp2p/circuit/relay/0.2.0/hop, /vac/waku/metadata/1.0.0, /mix/1.0.0, /logos/service-discovery/1.0.0, /vac/waku/relay/2.0.0, /vac/waku/rendezvous/1.0.0, /ipfs/ping/1.0.0, /vac/waku/lightpush/3.0.0, /vac/waku/lightpush/2.0.0-beta1, /vac/waku/filter-subscribe/2.0.0-beta1, /vac/waku/filter-push/2.0.0-beta1, /vac/waku/peer-exchange/2.0.0-alpha1], protoVersion: ipfs/0.1.0, agentVersion: logos-delivery-v0.39.0-gca2814)"
[2026-10-06 11:51:34.294] [out] [delivery_module] DBG 2026-10-06 11:51:34.294+02:00 Dial successful                            topics="libp2p dialer" tid=16835091 peerId=16U*P1S397
[2026-10-06 11:51:34.294] [out] [delivery_module] DBG 2026-10-06 11:51:34.294+02:00 starting sendNonHighPriorityTask           topics="libp2p pubsubpeer" tid=16835091 p=16U*P1S397
[2026-10-06 11:51:34.294] [out] [delivery_module] DBG 2026-10-06 11:51:34.294+02:00 created new pubsub peer                    topics="libp2p pubsub" tid=16835091 peerId=16U*P1S397
[2026-10-06 11:51:34.294] [out] [delivery_module] DBG 2026-10-06 11:51:34.294+02:00 no listener registered                     tid=16835092 event=onConnectionChange
[2026-10-06 11:51:34.294] [out] [delivery_module] DBG 2026-10-06 11:51:34.294+02:00 Incoming WakuRelay connection              topics="waku relay" tid=16835091 connection=16U*P1S397:6ac4c4a6889508aec22ecada protocol=/vac/waku/relay/2.0.0
[2026-10-06 11:51:34.294] [out] [delivery_module] DBG 2026-10-06 11:51:34.294+02:00 starting pubsub read loop                  topics="libp2p pubsubpeer" tid=16835091 stream=16U*P1S397:6ac4c4a6889508aec22ecada peer=16U*P1S397 closed=false
[2026-10-06 11:51:34.295] [out] [delivery_module] DBG 2026-10-06 11:51:34.294+02:00 identify: info sent                        topics="libp2p identify" tid=16835091 stream=16U*P1S397:6ac4c4a6889508aec22ecadb info="(peerId: 16Uiu2HAmGxDx3UKDU6LdqsuuMQAonhHPz8hmRRR27t6E3v1GZ4mj, listenAddrs: [/ip4/0.0.0.0/tcp/61928, /ip4/0.0.0.0/udp/54520/quic-v1], addrs: [/ip4/0.0.0.0/tcp/61928, /ip4/0.0.0.0/udp/54520/quic-v1], protocols: [/ipfs/id/1.0.0, /libp2p/autonat/1.0.0, /libp2p/circuit/relay/0.2.0/hop, /vac/waku/metadata/1.0.0, /mix/1.0.0, /logos/service-discovery/1.0.0, /vac/waku/relay/2.0.0, /vac/waku/rendezvous/1.0.0, /ipfs/ping/1.0.0, /vac/waku/lightpush/3.0.0, /vac/waku/lightpush/2.0.0-beta1, /vac/waku/filter-subscribe/2.0.0-beta1, /vac/waku/filter-push/2.0.0-beta1, /vac/waku/peer-exchange/2.0.0-alpha1], protoVersion: ipfs/0.1.0, agentVersion: logos-delivery-v0.39.0-gca2814)"
[2026-10-06 11:51:34.402] [out] [delivery_module] DBG 2026-10-06 11:51:34.401+02:00 identify: info received                    topics="libp2p identify" tid=16835091 stream=16U*TwqBiH:6ac4c4a6889508aec22ecad9 pubkey=ok(sec...fed6)) addresses=/ip4/34.123.201.25/tcp/30303,/ip4/34.123.201.25/udp/30303/quic-v1,/dns4/delivery-02.gc-us-central1-a.logos.dev.status.im/tcp/30303 protocols=/ipfs/id/1.0.0,/libp2p/autonat/1.0.0,/libp2p/circuit/relay/0.2.0/hop,/vac/waku/metadata/1.0.0,/mix/1.0.0,/logos/service-discovery/1.0.0,/vac/waku/store-query/3.0.0,/vac/waku/relay/2.0.0,/vac/waku/rendezvous/1.0.0,/ipfs/ping/1.0.0,/vac/waku/lightpush/3.0.0,/vac/waku/lightpush/2.0.0-beta1,/vac/waku/filter-subscribe/2.0.0-beta1,/vac/waku/filter-push/2.0.0-beta1,/vac/waku/peer-exchange/2.0.0-alpha1 observable_address=ok(/ip4/83.135.41.108/tcp/16319) proto_version=ipfs/0.1.0 agent_version=logos-delivery-v0.39.0-g890397 signedPeerRecord=None
[2026-10-06 11:51:34.402] [out] [delivery_module] DBG 2026-10-06 11:51:34.402+02:00 starting pubsub read loop                  topics="libp2p pubsubpeer" tid=16835091 stream=16U*TwqBiH:6ac4c4a6889508aec22ecad8 peer=16U*TwqBiH closed=false
[2026-10-06 11:51:34.403] [out] [delivery_module] DBG 2026-10-06 11:51:34.403+02:00 Event identified                           topics="waku node peer_manager" tid=16835091 peerId=16U*TwqBiH
[2026-10-06 11:51:34.403] [out] [delivery_module] DBG 2026-10-06 11:51:34.403+02:00 no listener registered                     tid=16835092 event=onConnectionChange
[2026-10-06 11:51:34.432] [out] [delivery_module] DBG 2026-10-06 11:51:34.432+02:00 identify: info received                    topics="libp2p identify" tid=16835091 stream=16U*P1S397:6ac4c4a6889508aec22ecadd pubkey=ok(sec...97dc)) addresses=/ip4/136.119.156.87/tcp/30303,/ip4/136.119.156.87/udp/30303/quic-v1,/dns4/delivery-01.gc-us-central1-a.logos.dev.status.im/tcp/30303 protocols=/ipfs/id/1.0.0,/libp2p/autonat/1.0.0,/libp2p/circuit/relay/0.2.0/hop,/vac/waku/metadata/1.0.0,/mix/1.0.0,/logos/service-discovery/1.0.0,/vac/waku/store-query/3.0.0,/vac/waku/relay/2.0.0,/vac/waku/rendezvous/1.0.0,/ipfs/ping/1.0.0,/vac/waku/lightpush/3.0.0,/vac/waku/lightpush/2.0.0-beta1,/vac/waku/filter-subscribe/2.0.0-beta1,/vac/waku/filter-push/2.0.0-beta1,/vac/waku/peer-exchange/2.0.0-alpha1 observable_address=ok(/ip4/83.135.41.108/tcp/41304) proto_version=ipfs/0.1.0 agent_version=logos-delivery-v0.39.0-g890397 signedPeerRecord=None
[2026-10-06 11:51:34.433] [out] [delivery_module] DBG 2026-10-06 11:51:34.433+02:00 starting pubsub read loop                  topics="libp2p pubsubpeer" tid=16835091 stream=16U*P1S397:6ac4c4a6889508aec22ecadc peer=16U*P1S397 closed=false
[2026-10-06 11:51:34.433] [out] [delivery_module] DBG 2026-10-06 11:51:34.433+02:00 Event identified                           topics="waku node peer_manager" tid=16835091 peerId=16U*P1S397
[2026-10-06 11:51:34.433] [out] [delivery_module] DBG 2026-10-06 11:51:34.433+02:00 no listener registered                     tid=16835092 event=onConnectionChange
[2026-10-06 11:51:34.539] [out] [delivery_module] DBG 2026-10-06 11:51:34.539+02:00 Received WakuMetadata request              topics="waku metadata" tid=16835091 remoteClusterId=ok(3) remoteShards="[5, 0, 2, 1, 4, 7, 3, 6]" localClusterId=3 localShards="[7]" peer=16U*TwqBiH
[2026-10-06 11:51:34.568] [out] [delivery_module] DBG 2026-10-06 11:51:34.568+02:00 Dial successful                            topics="libp2p dialer" tid=16835091 peerId=16U*kGyuEP
[2026-10-06 11:51:34.568] [out] [delivery_module] DBG 2026-10-06 11:51:34.568+02:00 starting sendNonHighPriorityTask           topics="libp2p pubsubpeer" tid=16835091 p=16U*kGyuEP
[2026-10-06 11:51:34.568] [out] [delivery_module] DBG 2026-10-06 11:51:34.568+02:00 created new pubsub peer                    topics="libp2p pubsub" tid=16835091 peerId=16U*kGyuEP
[2026-10-06 11:51:34.568] [out] [delivery_module] DBG 2026-10-06 11:51:34.568+02:00 no listener registered                     tid=16835092 event=onConnectionChange
[2026-10-06 11:51:34.572] [out] [delivery_module] DBG 2026-10-06 11:51:34.572+02:00 Incoming WakuRelay connection              topics="waku relay" tid=16835091 connection=16U*kGyuEP:6ac4c4a6889508aec22ecae5 protocol=/vac/waku/relay/2.0.0
[2026-10-06 11:51:34.572] [out] [delivery_module] DBG 2026-10-06 11:51:34.572+02:00 starting pubsub read loop                  topics="libp2p pubsubpeer" tid=16835091 stream=16U*kGyuEP:6ac4c4a6889508aec22ecae5 peer=16U*kGyuEP closed=false
[2026-10-06 11:51:34.572] [out] [delivery_module] DBG 2026-10-06 11:51:34.572+02:00 identify: info sent                        topics="libp2p identify" tid=16835091 stream=16U*kGyuEP:6ac4c4a6889508aec22ecae6 info="(peerId: 16Uiu2HAmGxDx3UKDU6LdqsuuMQAonhHPz8hmRRR27t6E3v1GZ4mj, listenAddrs: [/ip4/0.0.0.0/tcp/61928, /ip4/0.0.0.0/udp/54520/quic-v1], addrs: [/ip4/0.0.0.0/tcp/61928, /ip4/0.0.0.0/udp/54520/quic-v1], protocols: [/ipfs/id/1.0.0, /libp2p/autonat/1.0.0, /libp2p/circuit/relay/0.2.0/hop, /vac/waku/metadata/1.0.0, /mix/1.0.0, /logos/service-discovery/1.0.0, /vac/waku/relay/2.0.0, /vac/waku/rendezvous/1.0.0, /ipfs/ping/1.0.0, /vac/waku/lightpush/3.0.0, /vac/waku/lightpush/2.0.0-beta1, /vac/waku/filter-subscribe/2.0.0-beta1, /vac/waku/filter-push/2.0.0-beta1, /vac/waku/peer-exchange/2.0.0-alpha1], protoVersion: ipfs/0.1.0, agentVersion: logos-delivery-v0.39.0-gca2814)"
[2026-10-06 11:51:34.572] [out] [delivery_module] DBG 2026-10-06 11:51:34.572+02:00 Received WakuMetadata request              topics="waku metadata" tid=16835091 remoteClusterId=ok(3) remoteShards="[5, 0, 2, 1, 4, 7, 3, 6]" localClusterId=3 localShards="[7]" peer=16U*P1S397
[2026-10-06 11:51:34.669] [out] [delivery_module] DBG 2026-10-06 11:51:34.669+02:00 no listener registered                     tid=16835092 event=onConnectionChange
[2026-10-06 11:51:34.701] [out] [delivery_module] DBG 2026-10-06 11:51:34.700+02:00 no listener registered                     tid=16835092 event=onConnectionChange
[2026-10-06 11:51:34.776] [out] [delivery_module] DBG 2026-10-06 11:51:34.776+02:00 identify: info received                    topics="libp2p identify" tid=16835091 stream=16U*kGyuEP:6ac4c4a6889508aec22ecae4 pubkey=ok(sec...c56e)) addresses=/ip4/47.242.130.189/tcp/30303,/ip4/47.242.130.189/udp/30303/quic-v1,/dns4/delivery-01.ac-cn-hongkong-c.logos.dev.status.im/tcp/30303 protocols=/ipfs/id/1.0.0,/libp2p/autonat/1.0.0,/libp2p/circuit/relay/0.2.0/hop,/vac/waku/metadata/1.0.0,/mix/1.0.0,/logos/service-discovery/1.0.0,/vac/waku/store-query/3.0.0,/vac/waku/relay/2.0.0,/vac/waku/rendezvous/1.0.0,/ipfs/ping/1.0.0,/vac/waku/lightpush/3.0.0,/vac/waku/lightpush/2.0.0-beta1,/vac/waku/filter-subscribe/2.0.0-beta1,/vac/waku/filter-push/2.0.0-beta1,/vac/waku/peer-exchange/2.0.0-alpha1 observable_address=ok(/ip4/83.135.41.108/tcp/48960) proto_version=ipfs/0.1.0 agent_version=logos-delivery-v0.39.0-g890397 signedPeerRecord=None
[2026-10-06 11:51:34.776] [out] [delivery_module] DBG 2026-10-06 11:51:34.776+02:00 starting pubsub read loop                  topics="libp2p pubsubpeer" tid=16835091 stream=16U*kGyuEP:6ac4c4a6889508aec22ecae3 peer=16U*kGyuEP closed=false
[2026-10-06 11:51:34.776] [out] [delivery_module] DBG 2026-10-06 11:51:34.776+02:00 Event identified                           topics="waku node peer_manager" tid=16835091 peerId=16U*kGyuEP
[2026-10-06 11:51:34.776] [out] [delivery_module] DBG 2026-10-06 11:51:34.776+02:00 no listener registered                     tid=16835092 event=onConnectionChange
[2026-10-06 11:51:34.995] [out] [delivery_module] DBG 2026-10-06 11:51:34.995+02:00 Received WakuMetadata request              topics="waku metadata" tid=16835091 remoteClusterId=ok(3) remoteShards="[5, 0, 2, 1, 4, 7, 3, 6]" localClusterId=3 localShards="[7]" peer=16U*kGyuEP
[2026-10-06 11:51:35.186] [out] [delivery_module] DBG 2026-10-06 11:51:35.186+02:00 no listener registered                     tid=16835092 event=onConnectionChange
[2026-10-06 11:51:35.738] [out] [delivery_module] WRN 2026-10-06 11:51:35.737+02:00 NAT port mapping failed                    topics="libp2p natservice" tid=16835091 port=61928 proto=mpTcp err="plum: mapping 0 failed"
[2026-10-06 11:51:36.730] [out] [delivery_module] INF 2026-10-06 11:51:36.730+02:00 Using mix bootstrap nodes                  topics="waku mix" tid=16835091 entries=1 poolSize=6
[2026-10-06 11:51:36.956] [out] [delivery_module] DBG 2026-10-06 11:51:36.955+02:00 Dialing failed                             topics="libp2p dialer" tid=16835091 description="quic dial timed out after 3s" peerId=16U*k3v1b3 address=/ip4/10.16.8.125/udp/55890/quic-v1 hostname=10.16.8.125
[2026-10-06 11:51:36.956] [out] [delivery_module] DBG 2026-10-06 11:51:36.956+02:00 Dialing failed                             topics="libp2p dialer" tid=16835091 description="quic dial timed out after 3s" peerId=16U*7ZEp3L address=/ip4/192.168.1.3/udp/56395/quic-v1 hostname=192.168.1.3
[2026-10-06 11:51:36.956] [out] [delivery_module] DBG 2026-10-06 11:51:36.956+02:00 Dialing failed                             topics="libp2p dialer" tid=16835091 description="quic dial timed out after 3s" peerId=16U*bAYDN8 address=/ip4/10.1.0.55/udp/56247/quic-v1 hostname=10.1.0.55
[2026-10-06 11:51:36.956] [out] [delivery_module] DBG 2026-10-06 11:51:36.956+02:00 Expanded address and hostname              topics="libp2p dialer" tid=16835091 expandedAddress=/ip4/10.16.8.125/tcp/49352 hostname=10.16.8.125 resolvedAddresses="[/ip4/10.16.8.125/tcp/49352]"
[2026-10-06 11:51:36.957] [out] [delivery_module] DBG 2026-10-06 11:51:36.957+02:00 Expanded address and hostname              topics="libp2p dialer" tid=16835091 expandedAddress=/ip4/192.168.1.3/tcp/49737 hostname=192.168.1.3 resolvedAddresses="[/ip4/192.168.1.3/tcp/49737]"
[2026-10-06 11:51:36.958] [out] [delivery_module] DBG 2026-10-06 11:51:36.958+02:00 Expanded address and hostname              topics="libp2p dialer" tid=16835091 expandedAddress=/ip4/10.1.0.55/tcp/50097 hostname=10.1.0.55 resolvedAddresses="[/ip4/10.1.0.55/tcp/50097]"
[2026-10-06 11:51:37.739] [out] [delivery_module] WRN 2026-10-06 11:51:37.739+02:00 NAT port mapping failed                    topics="libp2p natservice" tid=16835091 port=54520 proto=mpUdp err="plum: mapping 0 failed"
[2026-10-06 11:51:37.740] [out] [delivery_module] INF 2026-10-06 11:51:37.740+02:00 Mix self hop set                           topics="waku node" tid=16835091 hop=/ip4/172.16.51.81/tcp/61928 before=/ip4/0.0.0.0/tcp/0
[2026-10-06 11:51:37.740] [out] [delivery_module] DBG 2026-10-06 11:51:37.740+02:00 ENR addresses updated                      topics="waku enr" tid=16835091 retained=0 total=0
[2026-10-06 11:51:37.741] [out] [delivery_module] DBG 2026-10-06 11:51:37.741+02:00 ENR addresses updated                      topics="waku enr" tid=16835091 retained=0 total=0
[2026-10-06 11:51:37.741] [out] [delivery_module] INF 2026-10-06 11:51:37.741+02:00 Found previous WakuRelay peers. Reconnecting. topics="waku node" tid=16835091
[2026-10-06 11:51:37.741] [out] [delivery_module] DBG 2026-10-06 11:51:37.741+02:00 Reconnecting peers                         topics="waku node peer_manager" tid=16835091 proto=/vac/waku/relay/2.0.0
[2026-10-06 11:51:37.742] [out] [delivery_module] INF 2026-10-06 11:51:37.742+02:00 Random kademlia lookups disabled           topics="waku service discovery" tid=16835091
[2026-10-06 11:51:37.742] [out] [delivery_module] DBG 2026-10-06 11:51:37.742+02:00 Periodic service lookup started            topics="waku service discovery" tid=16835091 interval=1m services={}
[2026-10-06 11:51:37.742] [out] [delivery_module] INF 2026-10-06 11:51:37.742+02:00 Kademlia discovery started                 topics="waku service discovery" tid=16835091
[2026-10-06 11:51:37.743] [out] [delivery_module] INF 2026-10-06 11:51:37.743+02:00 Discovery ENR initialized                  topics="eth p2p discv5" tid=16835091 enrAutoUpdate=false seqNum=4 ip=none() tcpPort=none() udpPort=none() customEnrFields=@[] uri=enr:-Ka4QAYaS1cciRNFdZFoqpuvmpcS9Q7v7PcieJF35FjAdm-beVI7a8WzMu9T3ycqivQ2KNKl7a0mxrlCmZh43MkCVZMEgmlkgnY0im11bHRpYWRkcnOAgnJzkwADCAAAAAEAAgADAAQABQAGAAeJc2VjcDI1NmsxoQM_2P-E_aSMLWFekHPmc4AY-pwQKZ4FCzabul1HHX4VvoN0Y3CC8eiFd2FrdTIt
[2026-10-06 11:51:37.743] [out] [delivery_module] WRN 2026-10-06 11:51:37.743+02:00 No external IP provided for the ENR, this node will not be discoverable topics="eth p2p discv5" tid=16835091
[2026-10-06 11:51:37.743] [out] [delivery_module] DBG 2026-10-06 11:51:37.743+02:00 peer filtering updated                     topics="waku discv5" tid=16835091
[2026-10-06 11:51:37.743] [out] [delivery_module] INF 2026-10-06 11:51:37.743+02:00 Starting discovery v5 service              topics="waku discv5" tid=16835091
[2026-10-06 11:51:37.743] [out] [delivery_module] INF 2026-10-06 11:51:37.743+02:00 Start listening on udp port                topics="waku discv5" tid=16835091 address=0.0.0.0 port=57673
[2026-10-06 11:51:37.743] [out] [delivery_module] INF 2026-10-06 11:51:37.743+02:00 Starting discovery node                    topics="eth p2p discv5" tid=16835091 node=f6*b42fd0:unaddressable bindAddress=0.0.0.0:57673
[2026-10-06 11:51:37.744] [out] [delivery_module] DBG 2026-10-06 11:51:37.744+02:00 Total nodes in routing table after populate topics="eth p2p discv5" tid=16835091 total=0
[2026-10-06 11:51:37.744] [out] [delivery_module] DBG 2026-10-06 11:51:37.744+02:00 Starting discovery v5 search               topics="waku discv5" tid=16835091
[2026-10-06 11:51:37.744] [out] [delivery_module] DBG 2026-10-06 11:51:37.744+02:00 Successfully started discovery v5 service  topics="waku discv5" tid=16835091
[2026-10-06 11:51:37.744] [out] [delivery_module] INF 2026-10-06 11:51:37.744+02:00 Discv5: discoverable ENR                   topics="waku discv5" tid=16835091 enrUri=enr:-Ka4QAYaS1cciRNFdZFoqpuvmpcS9Q7v7PcieJF35FjAdm-beVI7a8WzMu9T3ycqivQ2KNKl7a0mxrlCmZh43MkCVZMEgmlkgnY0im11bHRpYWRkcnOAgnJzkwADCAAAAAEAAgADAAQABQAGAAeJc2VjcDI1NmsxoQM_2P-E_aSMLWFekHPmc4AY-pwQKZ4FCzabul1HHX4VvoN0Y3CC8eiFd2FrdTIt enr="(4, id: \"v4\", multiaddrs: 0x, rs: 0x00030800000001000200030004000500060007, secp256k1: 0x033FD8FF84FDA48C2D615E9073E6738018FA9C10299E050B369BBA5D471D7E15BE, tcp: 61928, waku2: 0x2D)"
[2026-10-06 11:51:37.744] [out] [delivery_module] INF 2026-10-06 11:51:37.744+02:00 Node started successfully                  topics="waku node" tid=16835091
[2026-10-06 11:51:37.744] [out] [delivery_module] DBG 2026-10-06 11:51:37.744+02:00 Publishing Signed XPR                      topics="service-discovery" tid=16835091 xpr="(envelope: (publicKey: secp256k1 key (043fd8ff84fda48c2d615e9073e6738018fa9c10299e050b369bba5d471d7e15be647ecd0dd0f7d4487524d5732bd24240e64b96d84d9c9cc099ad16a01cda1ac7), payloadType: @[3, 1], payload: @[10, 39, 0, 37, 8, 2, 18, 33, 3, 63, 216, 255, 132, 253, 164, 140, 45, 97, 94, 144, 115, 230, 115, 128, 24, 250, 156, 16, 41, 158, 5, 11, 54, 155, 186, 93, 71, 29, 126, 21, 190, 16, 230, 131, 17, 26, 10, 10, 8, 4, 172, 16, 51, 81, 6, 241, 232, 26, 13, 10, 11, 4, 172, 16, 51, 81, 145, 2, 212, 248, 205, 3], signature: 304402207A383417796899EAB51F9929EDF8DEF826818311EBCBF19A3B91B9183E355F6402204F83E0E19A8792A9B0082F8DFA60C2B2F8E153405707295C3B8826D0531366AE), data: (peerId: 16Uiu2HAmGxDx3UKDU6LdqsuuMQAonhHPz8hmRRR27t6E3v1GZ4mj, seqNo: 279014, addresses: @[(address: /ip4/172.16.51.81/tcp/61928), (address: /ip4/172.16.51.81/udp/54520/quic-v1)], services: @[]))"
[2026-10-06 11:51:37.745] [out] [delivery_module] DBG 2026-10-06 11:51:37.745+02:00 Lookup query                               topics="kad-dht find" tid=16835091 peer=16U*kGyuEP
[2026-10-06 11:51:37.745] [out] [delivery_module] DBG 2026-10-06 11:51:37.745+02:00 Lookup query                               topics="kad-dht find" tid=16835091 peer=16U*P1S397
[2026-10-06 11:51:37.745] [out] [delivery_module] DBG 2026-10-06 11:51:37.745+02:00 Lookup query                               topics="kad-dht find" tid=16835091 peer=16U*T3UNSE
[2026-10-06 11:51:37.745] [out] [delivery_module] DBG 2026-10-06 11:51:37.745+02:00 Lookup query                               topics="kad-dht find" tid=16835091 peer=16U*VpJprH
[2026-10-06 11:51:37.745] [out] [delivery_module] DBG 2026-10-06 11:51:37.745+02:00 Lookup query                               topics="kad-dht find" tid=16835091 peer=16U*TwqBiH
[2026-10-06 11:51:37.745] [out] [delivery_module] DBG 2026-10-06 11:51:37.745+02:00 Lookup query                               topics="kad-dht find" tid=16835091 peer=16U*NSkuby
[2026-10-06 11:51:37.745] [out] [delivery_module] DBG 2026-10-06 11:51:37.745+02:00 Dialing multiple peers                     tid=16835091 numOfPeers=6 nodes="@[\"/dns4/delivery-01.do-ams3.logos.dev.status.im/tcp/30303/p2p/16Uiu2HAmTUbnxLGT9JvV6mu9oPyDjqHK4Phs1VDJNUgESgNSkuby\", \"/dns4/delivery-02.do-ams3.logos.dev.status.im/tcp/30303/p2p/16Uiu2HAmMK7PYygBtKUQ8EHp7EfaD3bCEsJrkFooK8RQ2PVpJprH\", \"/dns4/delivery-01.gc-us-central1-a.logos.dev.status.im/tcp/30303/p2p/16Uiu2HAm4S1JYkuzDKLKQvwgAhZKs9otxXqt8SCGtB4hoJP1S397\", \"/dns4/delivery-02.gc-us-central1-a.logos.dev.status.im/tcp/30303/p2p/16Uiu2HAm8Y9kgBNtjxvCnf1X6gnZJW5EGE4UwwCL3CCm55TwqBiH\", \"/dns4/delivery-01.ac-cn-hongkong-c.logos.dev.status.im/tcp/30303/p2p/16Uiu2HAm8YokiNun9BkeA1ZRmhLbtNUvcwRr64F69tYj9fkGyuEP\", \"/dns4/delivery-02.ac-cn-hongkong-c.logos.dev.status.im/tcp/30303/p2p/16Uiu2HAkvwhGHKNry6LACrB8TmEFoCJKEX29XR5dDUzk3UT3UNSE\"]"
[2026-10-06 11:51:37.776] [out] [delivery_module] DBG 2026-10-06 11:51:37.776+02:00 Lookup query                               topics="kad-dht find" tid=16835091 peer=16U*k3v1b3
[2026-10-06 11:51:37.776] [out] [delivery_module] DBG 2026-10-06 11:51:37.776+02:00 Lookup query                               topics="kad-dht find" tid=16835091 peer=16U*7ZEp3L
[2026-10-06 11:51:37.776] [out] [delivery_module] DBG 2026-10-06 11:51:37.776+02:00 Lookup query                               topics="kad-dht find" tid=16835091 peer=16U*bAYDN8
[2026-10-06 11:51:38.733] [out] [delivery_module] DBG 2026-10-06 11:51:38.733+02:00 Lookup query                               topics="kad-dht find" tid=16835091 peer=16U*T3UNSE
[2026-10-06 11:51:38.734] [out] [delivery_module] DBG 2026-10-06 11:51:38.734+02:00 Kad lookup: RPC error                      topics="kad-dht find" tid=16835091 peer=16U*T3UNSE msg="dialStage: timed out dialing the peer"
[2026-10-06 11:51:38.735] [out] [delivery_module] WRN 2026-10-06 11:51:38.735+02:00 ffi request still in flight; caller notified via RET_STALE_WARN tid=16835091 reqId=LogosdeliveryStartNodeReq elapsedMs=5000
[2026-10-06 11:51:38.736] [out] [delivery_module] INF 2026-10-06 11:51:38.736+02:00 Failed to query DNS                        topics="libp2p dnsresolver" tid=16835091 address=delivery-02.ac-cn-hongkong-c.logos.dev.status.im error="DNS server timeout: Timeout exceeded!"
[2026-10-06 11:51:38.751] [out] [delivery_module] DBG 2026-10-06 11:51:38.751+02:00 Expanded address and hostname              topics="libp2p dialer" tid=16835091 expandedAddress=/dns4/delivery-02.ac-cn-hongkong-c.logos.dev.status.im/tcp/30303 hostname=delivery-02.ac-cn-hongkong-c.logos.dev.status.im resolvedAddresses="[/ip4/43.99.103.10/tcp/30303]"
[2026-10-06 11:51:38.956] [out] [delivery_module] DBG 2026-10-06 11:51:38.956+02:00 Lookup query                               topics="kad-dht find" tid=16835091 peer=16U*k3v1b3
[2026-10-06 11:51:38.956] [out] [delivery_module] DBG 2026-10-06 11:51:38.956+02:00 Lookup query                               topics="kad-dht find" tid=16835091 peer=16U*7ZEp3L
[2026-10-06 11:51:38.956] [out] [delivery_module] DBG 2026-10-06 11:51:38.956+02:00 Lookup query                               topics="kad-dht find" tid=16835091 peer=16U*bAYDN8
[2026-10-06 11:51:38.957] [out] [delivery_module] DBG 2026-10-06 11:51:38.957+02:00 Kad lookup: RPC error                      topics="kad-dht find" tid=16835091 peer=16U*k3v1b3 msg="waitStage: timed out waiting for the peer's stream"
[2026-10-06 11:51:38.957] [out] [delivery_module] DBG 2026-10-06 11:51:38.957+02:00 Kad lookup: RPC error                      topics="kad-dht find" tid=16835091 peer=16U*7ZEp3L msg="waitStage: timed out waiting for the peer's stream"
[2026-10-06 11:51:38.957] [out] [delivery_module] DBG 2026-10-06 11:51:38.957+02:00 Kad lookup: RPC error                      topics="kad-dht find" tid=16835091 peer=16U*bAYDN8 msg="waitStage: timed out waiting for the peer's stream"
[2026-10-06 11:51:39.544] [out] [delivery_module] DBG 2026-10-06 11:51:39.544+02:00 Dial successful                            topics="libp2p dialer" tid=16835091 peerId=16U*T3UNSE
[2026-10-06 11:51:39.544] [out] [delivery_module] DBG 2026-10-06 11:51:39.544+02:00 starting sendNonHighPriorityTask           topics="libp2p pubsubpeer" tid=16835091 p=16U*T3UNSE
[2026-10-06 11:51:39.544] [out] [delivery_module] DBG 2026-10-06 11:51:39.544+02:00 created new pubsub peer                    topics="libp2p pubsub" tid=16835091 peerId=16U*T3UNSE
[2026-10-06 11:51:39.544] [out] [delivery_module] DBG 2026-10-06 11:51:39.544+02:00 no listener registered                     tid=16835092 event=onConnectionChange
[2026-10-06 11:51:39.546] [out] [delivery_module] DBG 2026-10-06 11:51:39.546+02:00 Incoming WakuRelay connection              topics="waku relay" tid=16835091 connection=16U*T3UNSE:6ac4c4ab889508aec22ecaf4 protocol=/vac/waku/relay/2.0.0
[2026-10-06 11:51:39.546] [out] [delivery_module] DBG 2026-10-06 11:51:39.546+02:00 starting pubsub read loop                  topics="libp2p pubsubpeer" tid=16835091 stream=16U*T3UNSE:6ac4c4ab889508aec22ecaf4 peer=16U*T3UNSE closed=false
[2026-10-06 11:51:39.549] [out] [delivery_module] DBG 2026-10-06 11:51:39.549+02:00 identify: info sent                        topics="libp2p identify" tid=16835091 stream=16U*T3UNSE:6ac4c4ab889508aec22ecaf5 info="(peerId: 16Uiu2HAmGxDx3UKDU6LdqsuuMQAonhHPz8hmRRR27t6E3v1GZ4mj, listenAddrs: [/ip4/0.0.0.0/tcp/61928, /ip4/0.0.0.0/udp/54520/quic-v1], addrs: [/ip4/172.16.51.81/tcp/61928, /ip4/172.16.51.81/udp/54520/quic-v1], protocols: [/ipfs/id/1.0.0, /libp2p/autonat/1.0.0, /libp2p/circuit/relay/0.2.0/hop, /vac/waku/metadata/1.0.0, /mix/1.0.0, /logos/service-discovery/1.0.0, /vac/waku/relay/2.0.0, /vac/waku/rendezvous/1.0.0, /ipfs/ping/1.0.0, /vac/waku/lightpush/3.0.0, /vac/waku/lightpush/2.0.0-beta1, /vac/waku/filter-subscribe/2.0.0-beta1, /vac/waku/filter-push/2.0.0-beta1, /vac/waku/peer-exchange/2.0.0-alpha1], protoVersion: ipfs/0.1.0, agentVersion: logos-delivery-v0.39.0-gca2814)"
[2026-10-06 11:51:39.745] [out] [delivery_module] DBG 2026-10-06 11:51:39.745+02:00 starting pubsub read loop                  topics="libp2p pubsubpeer" tid=16835091 stream=16U*T3UNSE:6ac4c4ab889508aec22ecaf2 peer=16U*T3UNSE closed=false
[2026-10-06 11:51:39.748] [out] [delivery_module] DBG 2026-10-06 11:51:39.748+02:00 identify: info received                    topics="libp2p identify" tid=16835091 stream=16U*T3UNSE:6ac4c4ab889508aec22ecaf3 pubkey=ok(sec...6d2a)) addresses=/ip4/43.99.103.10/tcp/30303,/ip4/43.99.103.10/udp/30303/quic-v1,/dns4/delivery-02.ac-cn-hongkong-c.logos.dev.status.im/tcp/30303 protocols=/ipfs/id/1.0.0,/libp2p/autonat/1.0.0,/libp2p/circuit/relay/0.2.0/hop,/vac/waku/metadata/1.0.0,/mix/1.0.0,/logos/service-discovery/1.0.0,/vac/waku/store-query/3.0.0,/vac/waku/relay/2.0.0,/vac/waku/rendezvous/1.0.0,/ipfs/ping/1.0.0,/vac/waku/lightpush/3.0.0,/vac/waku/lightpush/2.0.0-beta1,/vac/waku/filter-subscribe/2.0.0-beta1,/vac/waku/filter-push/2.0.0-beta1,/vac/waku/peer-exchange/2.0.0-alpha1 observable_address=ok(/ip4/83.135.41.108/tcp/32586) proto_version=ipfs/0.1.0 agent_version=logos-delivery-v0.39.0-g890397 signedPeerRecord=None
[2026-10-06 11:51:39.749] [out] [delivery_module] DBG 2026-10-06 11:51:39.749+02:00 Event identified                           topics="waku node peer_manager" tid=16835091 peerId=16U*T3UNSE
[2026-10-06 11:51:39.749] [out] [delivery_module] DBG 2026-10-06 11:51:39.749+02:00 no listener registered                     tid=16835092 event=onConnectionChange
[2026-10-06 11:51:39.959] [out] [delivery_module] DBG 2026-10-06 11:51:39.959+02:00 Received WakuMetadata request              topics="waku metadata" tid=16835091 remoteClusterId=ok(3) remoteShards="[5, 0, 2, 1, 4, 7, 3, 6]" localClusterId=3 localShards="[7]" peer=16U*T3UNSE
[2026-10-06 11:51:40.170] [out] [delivery_module] DBG 2026-10-06 11:51:40.170+02:00 no listener registered                     tid=16835092 event=onConnectionChange
[2026-10-06 11:51:40.171] [out] [delivery_module] DBG 2026-10-06 11:51:40.171+02:00 Finished dialing multiple peers            tid=16835091 successfulConns=6 attempted=6
[2026-10-06 11:51:40.172] [out] [delivery_module] DBG 2026-10-06 11:51:40.172+02:00 Dialing multiple peers                     topics="waku node peer_manager" tid=16835091 numOfPeers=3 nodes="@[16Uiu2HAmAResE15q4BDR96fpXuErsrxP4kzNDeA9LpPsbh7ZEp3L, 16Uiu2HAmDBstCFgkfafvGW3Hwjq1XRPyxHz1GKzs4x3sD1bAYDN8, 16Uiu2HAkxBrmLdjythutRKhtiVcG39BUhZLXbxwzG4UmQBk3v1b3]"
[2026-10-06 11:51:40.173] [out] [delivery_module] INF 2026-10-06 11:51:40.172+02:00 Relay peer connections                     topics="waku node peer_manager" tid=16835091 inRelayConns=0/50 outRelayConns=6/25 totalConnections=6/150 notConnectedPeers=3 outsideBackoffPeers=3
[2026-10-06 11:51:40.174] [out] [delivery_module] DBG 2026-10-06 11:51:40.174+02:00 ENR addresses updated                      topics="waku enr" tid=16835091 retained=0 total=0
[2026-10-06 11:51:40.174] [out] [delivery_module] DBG 2026-10-06 11:51:40.174+02:00 Subscribing to pubsub topic                topics="waku relay" tid=16835091 pubsubTopic=/waku/2/rs/3/0
[2026-10-06 11:51:40.175] [out] [delivery_module] DBG 2026-10-06 11:51:40.175+02:00 peer filtering updated                     topics="waku discv5" tid=16835091
[2026-10-06 11:51:40.175] [out] [delivery_module] DBG 2026-10-06 11:51:40.175+02:00 ENR shards updated                         topics="waku discv5" tid=16835091 enrUri=enr:-K24QKsHAZx8THaUj4p14c1nywk9InAw3dtbKvv7ij8EYT9EKZBPCw4YIgu_RZgpAtOw9aH6VMZBx_8j2KoUbTjLYQAHgmlkgnY0im11bHRpYWRkcnOAgnJzkwADCAAAAAEAAgADAAQABQAGAAeJc2VjcDI1NmsxoQM_2P-E_aSMLWFekHPmc4AY-pwQKZ4FCzabul1HHX4VvoN0Y3CC8eiDdWRwguFJhXdha3UyLQ add=true
[2026-10-06 11:51:40.175] [out] [delivery_module] DBG 2026-10-06 11:51:40.175+02:00 Subscribing to pubsub topic                topics="waku relay" tid=16835091 pubsubTopic=/waku/2/rs/3/1
[2026-10-06 11:51:40.175] [out] [delivery_module] DBG 2026-10-06 11:51:40.175+02:00 peer filtering updated                     topics="waku discv5" tid=16835091
[2026-10-06 11:51:40.175] [out] [delivery_module] DBG 2026-10-06 11:51:40.175+02:00 ENR shards updated                         topics="waku discv5" tid=16835091 enrUri=enr:-K24QCqKDqr_X1OxAMx5GmAc3n-Pe-7qnnPbyLiFX7DAl_r_bwCZZ_vMy-MnyvXFa0VYl2rShDITYYqzBw3pimjt3kcIgmlkgnY0im11bHRpYWRkcnOAgnJzkwADCAAAAAEAAgADAAQABQAGAAeJc2VjcDI1NmsxoQM_2P-E_aSMLWFekHPmc4AY-pwQKZ4FCzabul1HHX4VvoN0Y3CC8eiDdWRwguFJhXdha3UyLQ add=true
[2026-10-06 11:51:40.175] [out] [delivery_module] DBG 2026-10-06 11:51:40.175+02:00 Subscribing to pubsub topic                topics="waku relay" tid=16835091 pubsubTopic=/waku/2/rs/3/2
[2026-10-06 11:51:40.175] [out] [delivery_module] DBG 2026-10-06 11:51:40.175+02:00 peer filtering updated                     topics="waku discv5" tid=16835091
[2026-10-06 11:51:40.175] [out] [delivery_module] DBG 2026-10-06 11:51:40.175+02:00 ENR shards updated                         topics="waku discv5" tid=16835091 enrUri=enr:-K24QFX1ejBJJ2NV-nYz7NPJ2rlamh7OZCq4_BxrzLY1t-5YcyPOm04cIwBZbFhOL2q36nQXwUVUH9A_GFlOxGOFhwoJgmlkgnY0im11bHRpYWRkcnOAgnJzkwADCAAAAAEAAgADAAQABQAGAAeJc2VjcDI1NmsxoQM_2P-E_aSMLWFekHPmc4AY-pwQKZ4FCzabul1HHX4VvoN0Y3CC8eiDdWRwguFJhXdha3UyLQ add=true
[2026-10-06 11:51:40.176] [out] [delivery_module] DBG 2026-10-06 11:51:40.176+02:00 Subscribing to pubsub topic                topics="waku relay" tid=16835091 pubsubTopic=/waku/2/rs/3/3
[2026-10-06 11:51:40.176] [out] [delivery_module] DBG 2026-10-06 11:51:40.176+02:00 peer filtering updated                     topics="waku discv5" tid=16835091
[2026-10-06 11:51:40.176] [out] [delivery_module] DBG 2026-10-06 11:51:40.176+02:00 ENR shards updated                         topics="waku discv5" tid=16835091 enrUri=enr:-K24QF9jbvih9SEsNr9hLreKJ1pecM0bOOn-TIJsOyFY9TUHHAW-mXtxFeT2D9XanH-GDd5eZAGnbTW6ZVqfiCAEM7gKgmlkgnY0im11bHRpYWRkcnOAgnJzkwADCAAAAAEAAgADAAQABQAGAAeJc2VjcDI1NmsxoQM_2P-E_aSMLWFekHPmc4AY-pwQKZ4FCzabul1HHX4VvoN0Y3CC8eiDdWRwguFJhXdha3UyLQ add=true
[2026-10-06 11:51:40.176] [out] [delivery_module] DBG 2026-10-06 11:51:40.176+02:00 Subscribing to pubsub topic                topics="waku relay" tid=16835091 pubsubTopic=/waku/2/rs/3/4
[2026-10-06 11:51:40.177] [out] [delivery_module] DBG 2026-10-06 11:51:40.177+02:00 peer filtering updated                     topics="waku discv5" tid=16835091
[2026-10-06 11:51:40.177] [out] [delivery_module] DBG 2026-10-06 11:51:40.177+02:00 ENR shards updated                         topics="waku discv5" tid=16835091 enrUri=enr:-K24QJQ_VpyVBPOBkbdSMMiLquHkPVlquqgObrr0eWBx6j5AXfcaWzq-OZEe21-Nd97oHaJj46KDV7kj2Royco73EksLgmlkgnY0im11bHRpYWRkcnOAgnJzkwADCAAAAAEAAgADAAQABQAGAAeJc2VjcDI1NmsxoQM_2P-E_aSMLWFekHPmc4AY-pwQKZ4FCzabul1HHX4VvoN0Y3CC8eiDdWRwguFJhXdha3UyLQ add=true
[2026-10-06 11:51:40.177] [out] [delivery_module] DBG 2026-10-06 11:51:40.177+02:00 Subscribing to pubsub topic                topics="waku relay" tid=16835091 pubsubTopic=/waku/2/rs/3/5
[2026-10-06 11:51:40.177] [out] [delivery_module] DBG 2026-10-06 11:51:40.177+02:00 peer filtering updated                     topics="waku discv5" tid=16835091
[2026-10-06 11:51:40.177] [out] [delivery_module] DBG 2026-10-06 11:51:40.177+02:00 ENR shards updated                         topics="waku discv5" tid=16835091 enrUri=enr:-K24QAbZCDrRSYF7AQLm5xHD-3fE_BzpoCK6KCjzevXkwrY0G4UPDpdC1VAwvbsfrR4U_Xk8advF0fYsFyCxRkk1OQ8MgmlkgnY0im11bHRpYWRkcnOAgnJzkwADCAAAAAEAAgADAAQABQAGAAeJc2VjcDI1NmsxoQM_2P-E_aSMLWFekHPmc4AY-pwQKZ4FCzabul1HHX4VvoN0Y3CC8eiDdWRwguFJhXdha3UyLQ add=true
[2026-10-06 11:51:40.177] [out] [delivery_module] DBG 2026-10-06 11:51:40.177+02:00 Subscribing to pubsub topic                topics="waku relay" tid=16835091 pubsubTopic=/waku/2/rs/3/6
[2026-10-06 11:51:40.178] [out] [delivery_module] DBG 2026-10-06 11:51:40.178+02:00 peer filtering updated                     topics="waku discv5" tid=16835091
[2026-10-06 11:51:40.178] [out] [delivery_module] DBG 2026-10-06 11:51:40.178+02:00 ENR shards updated                         topics="waku discv5" tid=16835091 enrUri=enr:-K24QEYxPjz901r9de6cJb7E34IY10dsnNzEhxmqIfa8LrkGCg2jJuwxLdIlDG0TQS0sIx1OThUzb9G5VDi3rC5VZlgNgmlkgnY0im11bHRpYWRkcnOAgnJzkwADCAAAAAEAAgADAAQABQAGAAeJc2VjcDI1NmsxoQM_2P-E_aSMLWFekHPmc4AY-pwQKZ4FCzabul1HHX4VvoN0Y3CC8eiDdWRwguFJhXdha3UyLQ add=true
[2026-10-06 11:51:40.178] [out] [delivery_module] NTC 2026-10-06 11:51:40.178+02:00 ENR carries no reachable host, so peers cannot dial this node. Set --nat, --ext-ip, --dns4-domain-name or --ext-multiaddr to advertise one topics="wakunode waku" tid=16835091
[2026-10-06 11:51:40.178] [out] [delivery_module] DBG 2026-10-06 11:51:40.178+02:00 register interest                          topics="service-disco discoverer" tid=16835091 service=/logos/delivery serviceId=key:E6738033B5D413D13CF58622CEB4EF8F392E8D4EB073B56A5486CB0431B2F5D8
[2026-10-06 11:51:40.178] [out] [delivery_module] DBG 2026-10-06 11:51:40.178+02:00 Lookup query                               topics="kad-dht find" tid=16835091 peer=16U*P1S397
[2026-10-06 11:51:40.179] [out] [delivery_module] DBG 2026-10-06 11:51:40.179+02:00 Lookup query                               topics="kad-dht find" tid=16835091 peer=16U*T3UNSE
[2026-10-06 11:51:40.179] [out] [delivery_module] DBG 2026-10-06 11:51:40.179+02:00 Lookup query                               topics="kad-dht find" tid=16835091 peer=16U*VpJprH
[2026-10-06 11:51:40.179] [out] [delivery_module] DBG 2026-10-06 11:51:40.179+02:00 Lookup query                               topics="kad-dht find" tid=16835091 peer=16U*kGyuEP
[2026-10-06 11:51:40.179] [out] [delivery_module] DBG 2026-10-06 11:51:40.179+02:00 Lookup query                               topics="kad-dht find" tid=16835091 peer=16U*NSkuby
[2026-10-06 11:51:40.179] [out] [delivery_module] DBG 2026-10-06 11:51:40.179+02:00 Lookup query                               topics="kad-dht find" tid=16835091 peer=16U*TwqBiH
[2026-10-06 11:51:40.179] [out] [delivery_module] DBG 2026-10-06 11:51:40.179+02:00 Added service to discover                  topics="waku service discovery" tid=16835091 service=/logos/delivery
[2026-10-06 11:51:40.180] [out] [delivery_module] DBG 2026-10-06 11:51:40.180+02:00 Added provided service                     topics="service-disco advertiser" tid=16835091 service=/logos/delivery serviceId=key:E6738033B5D413D13CF58622CEB4EF8F392E8D4EB073B56A5486CB0431B2F5D8
[2026-10-06 11:51:40.180] [out] [delivery_module] DBG 2026-10-06 11:51:40.180+02:00 Cannot insert self in routing table        topics="kad-dht rtable" tid=16835091 nodeId=key:002508021221033FD8FF84FDA48C2D615E9073E6738018FA9C10299E050B369BBA5D471D7E15BE
[2026-10-06 11:51:40.181] [out] [delivery_module] DBG 2026-10-06 11:51:40.181+02:00 Cannot insert self in routing table        topics="kad-dht rtable" tid=16835091 nodeId=key:002508021221033FD8FF84FDA48C2D615E9073E6738018FA9C10299E050B369BBA5D471D7E15BE
[2026-10-06 11:51:40.182] [out] [delivery_module] DBG 2026-10-06 11:51:40.182+02:00 Added service to advertise                 topics="waku service discovery" tid=16835091 service=/logos/delivery
[2026-10-06 11:51:40.182] [out] [delivery_module] INF 2026-10-06 11:51:40.182+02:00 advertising this node on the delivery network topics="waku discovery advertise" tid=16835091 backend=service protocols="[/vac/waku/relay/2.0.0, /vac/waku/filter-subscribe/2.0.0-beta1, /vac/waku/lightpush/3.0.0, /mix/1.0.0]"
[2026-10-06 11:51:40.182] [out] [delivery_module] DBG 2026-10-06 11:51:40.182+02:00 register interest                          topics="service-disco discoverer" tid=16835091 service=/mix/1.0.0 serviceId=key:913B5C5DBE691438693215140388EC0C7DE80DE328BDE5BD7FC06F90568CEA40
[2026-10-06 11:51:40.182] [out] [delivery_module] DBG 2026-10-06 11:51:40.182+02:00 Lookup query                               topics="kad-dht find" tid=16835091 peer=16U*kGyuEP
[2026-10-06 11:51:40.182] [out] [delivery_module] DBG 2026-10-06 11:51:40.182+02:00 Lookup query                               topics="kad-dht find" tid=16835091 peer=16U*T3UNSE
[2026-10-06 11:51:40.182] [out] [delivery_module] DBG 2026-10-06 11:51:40.182+02:00 Lookup query                               topics="kad-dht find" tid=16835091 peer=16U*P1S397
[2026-10-06 11:51:40.182] [out] [delivery_module] DBG 2026-10-06 11:51:40.182+02:00 Lookup query                               topics="kad-dht find" tid=16835091 peer=16U*VpJprH
[2026-10-06 11:51:40.182] [out] [delivery_module] DBG 2026-10-06 11:51:40.182+02:00 Lookup query                               topics="kad-dht find" tid=16835091 peer=16U*TwqBiH
[2026-10-06 11:51:40.182] [out] [delivery_module] DBG 2026-10-06 11:51:40.182+02:00 Lookup query                               topics="kad-dht find" tid=16835091 peer=16U*NSkuby
[2026-10-06 11:51:40.182] [out] [delivery_module] DBG 2026-10-06 11:51:40.182+02:00 Added service to discover                  topics="waku service discovery" tid=16835091 service=/mix/1.0.0
[2026-10-06 11:51:40.183] [out] [delivery_module] DBG 2026-10-06 11:51:40.183+02:00 Added provided service                     topics="service-disco advertiser" tid=16835091 service=/mix/1.0.0 serviceId=key:913B5C5DBE691438693215140388EC0C7DE80DE328BDE5BD7FC06F90568CEA40
[2026-10-06 11:51:40.183] [out] [delivery_module] DBG 2026-10-06 11:51:40.183+02:00 Added service to advertise                 topics="waku service discovery" tid=16835091 service=/mix/1.0.0
[2026-10-06 11:51:40.183] [out] [delivery_module] INF 2026-10-06 11:51:40.183+02:00 advertising this node as a mix node        topics="waku discovery advertise" tid=16835091 backend=service
[2026-10-06 11:51:40.183] [out] [delivery_module] INF 2026-10-06 11:51:40.183+02:00 Node is online                             topics="waku online monitor" tid=16835091
[2026-10-06 11:51:40.183] [out] [delivery_module] INF 2026-10-06 11:51:40.183+02:00 Health monitor loop start                  tid=16835091
[2026-10-06 11:51:40.185] [out] [delivery_module] DBG 2026-10-06 11:51:40.185+02:00 calculateConnectionState                   tid=16835091 relayCount=6 storeClientCount=6 lightpushCount=6 filterCount=6
[2026-10-06 11:51:40.185] [out] [delivery_module] DBG 2026-10-06 11:51:40.185+02:00 connectionStatus change                    tid=16835091 oldstatus=Disconnected newstatus=Connected
[2026-10-06 11:51:40.185] [out] [delivery_module] INF 2026-10-06 11:51:40.185+02:00 starting keepalive                         tid=16835091 randomPeersKeepalive=10s allPeersKeepalive=2m
[2026-10-06 11:51:40.185] [out] [delivery_module] DBG 2026-10-06 11:51:40.185+02:00 no listener registered                     tid=16835092 event=onTopicHealthChange
[2026-10-06 11:51:40.185] [out] [delivery_module] DBG 2026-10-06 11:51:40.185+02:00 no listener registered                     tid=16835092 event=onTopicHealthChange
[2026-10-06 11:51:40.185] [out] [delivery_module] DBG 2026-10-06 11:51:40.185+02:00 no listener registered                     tid=16835092 event=onTopicHealthChange
[2026-10-06 11:51:40.185] [out] [delivery_module] DBG 2026-10-06 11:51:40.185+02:00 no listener registered                     tid=16835092 event=onTopicHealthChange
[2026-10-06 11:51:40.185] [out] [delivery_module] DBG 2026-10-06 11:51:40.185+02:00 no listener registered                     tid=16835092 event=onTopicHealthChange
[2026-10-06 11:51:40.185] [out] [delivery_module] DBG 2026-10-06 11:51:40.185+02:00 no listener registered                     tid=16835092 event=onTopicHealthChange
[2026-10-06 11:51:40.186] [out] [delivery_module] DBG 2026-10-06 11:51:40.185+02:00 no listener registered                     tid=16835092 event=onTopicHealthChange
[2026-10-06 11:51:40.287] [out] [delivery_module] DBG 2026-10-06 11:51:40.287+02:00 calculateConnectionState                   tid=16835091 relayCount=6 storeClientCount=6 lightpushCount=6 filterCount=6
[2026-10-06 11:51:40.459] [out] [delivery_module] DBG 2026-10-06 11:51:40.458+02:00 Store query failed, trying next peer       topics="waku store client" tid=16835091 peerId=16U*TwqBiH error="BAD_REQUEST: time range exceeds 24h"
[2026-10-06 11:51:40.579] [out] [delivery_module] DBG 2026-10-06 11:51:40.579+02:00 Local table insertion                      tid=16835091 key=key:002508021221033FD8FF84FDA48C2D615E9073E6738018FA9C10299E050B369BBA5D471D7E15BE value=key:0A2508021221033FD8FF84FDA48C2D615E9073E6738018FA9C10299E050B369BBA5D471D7E15BE120203011A480A27002508021221033FD8FF84FDA48C2D615E9073E6738018FA9C10299E050B369BBA5D471D7E15BE10E683111A0A0A0804AC10335106F1E81A0D0A0B04AC1033519102D4F8CD032A46304402207A383417796899EAB51F9929EDF8DEF826818311EBCBF19A3B91B9183E355F6402204F83E0E19A8792A9B0082F8DFA60C2B2F8E153405707295C3B8826D0531366AE
[2026-10-06 11:51:40.607] [out] [delivery_module] DBG 2026-10-06 11:51:40.607+02:00 Got PutValue reply                         topics="kad-dht put" tid=16835091 msg="(msgType: ok(putValue), key: ok(@[0, 37, 8, 2, 18, 33, 3, 63, 216, 255, 132, 253, 164, 140, 45, 97, 94, 144, 115, 230, 115, 128, 24, 250, 156, 16, 41, 158, 5, 11, 54, 155, 186, 93, 71, 29, 126, 21, 190]), record: ok((key: ok(@[0, 37, 8, 2, 18, 33, 3, 63, 216, 255, 132, 253, 164, 140, 45, 97, 94, 144, 115, 230, 115, 128, 24, 250, 156, 16, 41, 158, 5, 11, 54, 155, 186, 93, 71, 29, 126, 21, 190]), value: ok(@[10, 37, 8, 2, 18, 33, 3, 63, 216, 255, 132, 253, 164, 140, 45, 97, 94, 144, 115, 230, 115, 128, 24, 250, 156, 16, 41, 158, 5, 11, 54, 155, 186, 93, 71, 29, 126, 21, 190, 18, 2, 3, 1, 26, 72, 10, 39, 0, 37, 8, 2, 18, 33, 3, 63, 216, 255, 132, 253, 164, 140, 45, 97, 94, 144, 115, 230, 115, 128, 24, 250, 156, 16, 41, 158, 5, 11, 54, 155, 186, 93, 71, 29, 126, 21, 190, 16, 230, 131, 17, 26, 10, 10, 8, 4, 172, 16, 51, 81, 6, 241, 232, 26, 13, 10, 11, 4, 172, 16, 51, 81, 145, 2, 212, 248, 205, 3, 42, 70, 48, 68, 2, 32, 122, 56, 52, 23, 121, 104, 153, 234, 181, 31, 153, 41, 237, 248, 222, 248, 38, 129, 131, 17, 235, 203, 241, 154, 59, 145, 185, 24, 62, 53, 95, 100, 2, 32, 79, 131, 224, 225, 154, 135, 146, 169, 176, 8, 47, 141, 250, 96, 194, 178, 248, 225, 83, 64, 87, 7, 41, 92, 59, 136, 38, 208, 83, 19, 102, 174]), timeReceived: none())), closerPeers: [], providerPeers: [], providerStatus: none(), register: none(), getAds: none())" reply="(msgType: ok(putValue), key: ok(@[0, 37, 8, 2, 18, 33, 3, 63, 216, 255, 132, 253, 164, 140, 45, 97, 94, 144, 115, 230, 115, 128, 24, 250, 156, 16, 41, 158, 5, 11, 54, 155, 186, 93, 71, 29, 126, 21, 190]), record: ok((key: ok(@[0, 37, 8, 2, 18, 33, 3, 63, 216, 255, 132, 253, 164, 140, 45, 97, 94, 144, 115, 230, 115, 128, 24, 250, 156, 16, 41, 158, 5, 11, 54, 155, 186, 93, 71, 29, 126, 21, 190]), value: ok(@[10, 37, 8, 2, 18, 33, 3, 63, 216, 255, 132, 253, 164, 140, 45, 97, 94, 144, 115, 230, 115, 128, 24, 250, 156, 16, 41, 158, 5, 11, 54, 155, 186, 93, 71, 29, 126, 21, 190, 18, 2, 3, 1, 26, 72, 10, 39, 0, 37, 8, 2, 18, 33, 3, 63, 216, 255, 132, 253, 164, 140, 45, 97, 94, 144, 115, 230, 115, 128, 24, 250, 156, 16, 41, 158, 5, 11, 54, 155, 186, 93, 71, 29, 126, 21, 190, 16, 230, 131, 17, 26, 10, 10, 8, 4, 172, 16, 51, 81, 6, 241, 232, 26, 13, 10, 11, 4, 172, 16, 51, 81, 145, 2, 212, 248, 205, 3, 42, 70, 48, 68, 2, 32, 122, 56, 52, 23, 121, 104, 153, 234, 181, 31, 153, 41, 237, 248, 222, 248, 38, 129, 131, 17, 235, 203, 241, 154, 59, 145, 185, 24, 62, 53, 95, 100, 2, 32, 79, 131, 224, 225, 154, 135, 146, 169, 176, 8, 47, 141, 250, 96, 194, 178, 248, 225, 83, 64, 87, 7, 41, 92, 59, 136, 38, 208, 83, 19, 102, 174]), timeReceived: none())), closerPeers: [], providerPeers: [], providerStatus: none(), register: none(), getAds: none())" peer=16U*NSkuby
[2026-10-06 11:51:40.607] [out] [delivery_module] DBG 2026-10-06 11:51:40.607+02:00 Got PutValue reply                         topics="kad-dht put" tid=16835091 msg="(msgType: ok(putValue), key: ok(@[0, 37, 8, 2, 18, 33, 3, 63, 216, 255, 132, 253, 164, 140, 45, 97, 94, 144, 115, 230, 115, 128, 24, 250, 156, 16, 41, 158, 5, 11, 54, 155, 186, 93, 71, 29, 126, 21, 190]), record: ok((key: ok(@[0, 37, 8, 2, 18, 33, 3, 63, 216, 255, 132, 253, 164, 140, 45, 97, 94, 144, 115, 230, 115, 128, 24, 250, 156, 16, 41, 158, 5, 11, 54, 155, 186, 93, 71, 29, 126, 21, 190]), value: ok(@[10, 37, 8, 2, 18, 33, 3, 63, 216, 255, 132, 253, 164, 140, 45, 97, 94, 144, 115, 230, 115, 128, 24, 250, 156, 16, 41, 158, 5, 11, 54, 155, 186, 93, 71, 29, 126, 21, 190, 18, 2, 3, 1, 26, 72, 10, 39, 0, 37, 8, 2, 18, 33, 3, 63, 216, 255, 132, 253, 164, 140, 45, 97, 94, 144, 115, 230, 115, 128, 24, 250, 156, 16, 41, 158, 5, 11, 54, 155, 186, 93, 71, 29, 126, 21, 190, 16, 230, 131, 17, 26, 10, 10, 8, 4, 172, 16, 51, 81, 6, 241, 232, 26, 13, 10, 11, 4, 172, 16, 51, 81, 145, 2, 212, 248, 205, 3, 42, 70, 48, 68, 2, 32, 122, 56, 52, 23, 121, 104, 153, 234, 181, 31, 153, 41, 237, 248, 222, 248, 38, 129, 131, 17, 235, 203, 241, 154, 59, 145, 185, 24, 62, 53, 95, 100, 2, 32, 79, 131, 224, 225, 154, 135, 146, 169, 176, 8, 47, 141, 250, 96, 194, 178, 248, 225, 83, 64, 87, 7, 41, 92, 59, 136, 38, 208, 83, 19, 102, 174]), timeReceived: none())), closerPeers: [], providerPeers: [], providerStatus: none(), register: none(), getAds: none())" reply="(msgType: ok(putValue), key: ok(@[0, 37, 8, 2, 18, 33, 3, 63, 216, 255, 132, 253, 164, 140, 45, 97, 94, 144, 115, 230, 115, 128, 24, 250, 156, 16, 41, 158, 5, 11, 54, 155, 186, 93, 71, 29, 126, 21, 190]), record: ok((key: ok(@[0, 37, 8, 2, 18, 33, 3, 63, 216, 255, 132, 253, 164, 140, 45, 97, 94, 144, 115, 230, 115, 128, 24, 250, 156, 16, 41, 158, 5, 11, 54, 155, 186, 93, 71, 29, 126, 21, 190]), value: ok(@[10, 37, 8, 2, 18, 33, 3, 63, 216, 255, 132, 253, 164, 140, 45, 97, 94, 144, 115, 230, 115, 128, 24, 250, 156, 16, 41, 158, 5, 11, 54, 155, 186, 93, 71, 29, 126, 21, 190, 18, 2, 3, 1, 26, 72, 10, 39, 0, 37, 8, 2, 18, 33, 3, 63, 216, 255, 132, 253, 164, 140, 45, 97, 94, 144, 115, 230, 115, 128, 24, 250, 156, 16, 41, 158, 5, 11, 54, 155, 186, 93, 71, 29, 126, 21, 190, 16, 230, 131, 17, 26, 10, 10, 8, 4, 172, 16, 51, 81, 6, 241, 232, 26, 13, 10, 11, 4, 172, 16, 51, 81, 145, 2, 212, 248, 205, 3, 42, 70, 48, 68, 2, 32, 122, 56, 52, 23, 121, 104, 153, 234, 181, 31, 153, 41, 237, 248, 222, 248, 38, 129, 131, 17, 235, 203, 241, 154, 59, 145, 185, 24, 62, 53, 95, 100, 2, 32, 79, 131, 224, 225, 154, 135, 146, 169, 176, 8, 47, 141, 250, 96, 194, 178, 248, 225, 83, 64, 87, 7, 41, 92, 59, 136, 38, 208, 83, 19, 102, 174]), timeReceived: none())), closerPeers: [], providerPeers: [], providerStatus: none(), register: none(), getAds: none())" peer=16U*VpJprH
[2026-10-06 11:51:40.709] [out] [delivery_module] DBG 2026-10-06 11:51:40.709+02:00 Got PutValue reply                         topics="kad-dht put" tid=16835091 msg="(msgType: ok(putValue), key: ok(@[0, 37, 8, 2, 18, 33, 3, 63, 216, 255, 132, 253, 164, 140, 45, 97, 94, 144, 115, 230, 115, 128, 24, 250, 156, 16, 41, 158, 5, 11, 54, 155, 186, 93, 71, 29, 126, 21, 190]), record: ok((key: ok(@[0, 37, 8, 2, 18, 33, 3, 63, 216, 255, 132, 253, 164, 140, 45, 97, 94, 144, 115, 230, 115, 128, 24, 250, 156, 16, 41, 158, 5, 11, 54, 155, 186, 93, 71, 29, 126, 21, 190]), value: ok(@[10, 37, 8, 2, 18, 33, 3, 63, 216, 255, 132, 253, 164, 140, 45, 97, 94, 144, 115, 230, 115, 128, 24, 250, 156, 16, 41, 158, 5, 11, 54, 155, 186, 93, 71, 29, 126, 21, 190, 18, 2, 3, 1, 26, 72, 10, 39, 0, 37, 8, 2, 18, 33, 3, 63, 216, 255, 132, 253, 164, 140, 45, 97, 94, 144, 115, 230, 115, 128, 24, 250, 156, 16, 41, 158, 5, 11, 54, 155, 186, 93, 71, 29, 126, 21, 190, 16, 230, 131, 17, 26, 10, 10, 8, 4, 172, 16, 51, 81, 6, 241, 232, 26, 13, 10, 11, 4, 172, 16, 51, 81, 145, 2, 212, 248, 205, 3, 42, 70, 48, 68, 2, 32, 122, 56, 52, 23, 121, 104, 153, 234, 181, 31, 153, 41, 237, 248, 222, 248, 38, 129, 131, 17, 235, 203, 241, 154, 59, 145, 185, 24, 62, 53, 95, 100, 2, 32, 79, 131, 224, 225, 154, 135, 146, 169, 176, 8, 47, 141, 250, 96, 194, 178, 248, 225, 83, 64, 87, 7, 41, 92, 59, 136, 38, 208, 83, 19, 102, 174]), timeReceived: none())), closerPeers: [], providerPeers: [], providerStatus: none(), register: none(), getAds: none())" reply="(msgType: ok(putValue), key: ok(@[0, 37, 8, 2, 18, 33, 3, 63, 216, 255, 132, 253, 164, 140, 45, 97, 94, 144, 115, 230, 115, 128, 24, 250, 156, 16, 41, 158, 5, 11, 54, 155, 186, 93, 71, 29, 126, 21, 190]), record: ok((key: ok(@[0, 37, 8, 2, 18, 33, 3, 63, 216, 255, 132, 253, 164, 140, 45, 97, 94, 144, 115, 230, 115, 128, 24, 250, 156, 16, 41, 158, 5, 11, 54, 155, 186, 93, 71, 29, 126, 21, 190]), value: ok(@[10, 37, 8, 2, 18, 33, 3, 63, 216, 255, 132, 253, 164, 140, 45, 97, 94, 144, 115, 230, 115, 128, 24, 250, 156, 16, 41, 158, 5, 11, 54, 155, 186, 93, 71, 29, 126, 21, 190, 18, 2, 3, 1, 26, 72, 10, 39, 0, 37, 8, 2, 18, 33, 3, 63, 216, 255, 132, 253, 164, 140, 45, 97, 94, 144, 115, 230, 115, 128, 24, 250, 156, 16, 41, 158, 5, 11, 54, 155, 186, 93, 71, 29, 126, 21, 190, 16, 230, 131, 17, 26, 10, 10, 8, 4, 172, 16, 51, 81, 6, 241, 232, 26, 13, 10, 11, 4, 172, 16, 51, 81, 145, 2, 212, 248, 205, 3, 42, 70, 48, 68, 2, 32, 122, 56, 52, 23, 121, 104, 153, 234, 181, 31, 153, 41, 237, 248, 222, 248, 38, 129, 131, 17, 235, 203, 241, 154, 59, 145, 185, 24, 62, 53, 95, 100, 2, 32, 79, 131, 224, 225, 154, 135, 146, 169, 176, 8, 47, 141, 250, 96, 194, 178, 248, 225, 83, 64, 87, 7, 41, 92, 59, 136, 38, 208, 83, 19, 102, 174]), timeReceived: none())), closerPeers: [], providerPeers: [], providerStatus: none(), register: none(), getAds: none())" peer=16U*TwqBiH
[2026-10-06 11:51:40.712] [out] [delivery_module] DBG 2026-10-06 11:51:40.712+02:00 Got PutValue reply                         topics="kad-dht put" tid=16835091 msg="(msgType: ok(putValue), key: ok(@[0, 37, 8, 2, 18, 33, 3, 63, 216, 255, 132, 253, 164, 140, 45, 97, 94, 144, 115, 230, 115, 128, 24, 250, 156, 16, 41, 158, 5, 11, 54, 155, 186, 93, 71, 29, 126, 21, 190]), record: ok((key: ok(@[0, 37, 8, 2, 18, 33, 3, 63, 216, 255, 132, 253, 164, 140, 45, 97, 94, 144, 115, 230, 115, 128, 24, 250, 156, 16, 41, 158, 5, 11, 54, 155, 186, 93, 71, 29, 126, 21, 190]), value: ok(@[10, 37, 8, 2, 18, 33, 3, 63, 216, 255, 132, 253, 164, 140, 45, 97, 94, 144, 115, 230, 115, 128, 24, 250, 156, 16, 41, 158, 5, 11, 54, 155, 186, 93, 71, 29, 126, 21, 190, 18, 2, 3, 1, 26, 72, 10, 39, 0, 37, 8, 2, 18, 33, 3, 63, 216, 255, 132, 253, 164, 140, 45, 97, 94, 144, 115, 230, 115, 128, 24, 250, 156, 16, 41, 158, 5, 11, 54, 155, 186, 93, 71, 29, 126, 21, 190, 16, 230, 131, 17, 26, 10, 10, 8, 4, 172, 16, 51, 81, 6, 241, 232, 26, 13, 10, 11, 4, 172, 16, 51, 81, 145, 2, 212, 248, 205, 3, 42, 70, 48, 68, 2, 32, 122, 56, 52, 23, 121, 104, 153, 234, 181, 31, 153, 41, 237, 248, 222, 248, 38, 129, 131, 17, 235, 203, 241, 154, 59, 145, 185, 24, 62, 53, 95, 100, 2, 32, 79, 131, 224, 225, 154, 135, 146, 169, 176, 8, 47, 141, 250, 96, 194, 178, 248, 225, 83, 64, 87, 7, 41, 92, 59, 136, 38, 208, 83, 19, 102, 174]), timeReceived: none())), closerPeers: [], providerPeers: [], providerStatus: none(), register: none(), getAds: none())" reply="(msgType: ok(putValue), key: ok(@[0, 37, 8, 2, 18, 33, 3, 63, 216, 255, 132, 253, 164, 140, 45, 97, 94, 144, 115, 230, 115, 128, 24, 250, 156, 16, 41, 158, 5, 11, 54, 155, 186, 93, 71, 29, 126, 21, 190]), record: ok((key: ok(@[0, 37, 8, 2, 18, 33, 3, 63, 216, 255, 132, 253, 164, 140, 45, 97, 94, 144, 115, 230, 115, 128, 24, 250, 156, 16, 41, 158, 5, 11, 54, 155, 186, 93, 71, 29, 126, 21, 190]), value: ok(@[10, 37, 8, 2, 18, 33, 3, 63, 216, 255, 132, 253, 164, 140, 45, 97, 94, 144, 115, 230, 115, 128, 24, 250, 156, 16, 41, 158, 5, 11, 54, 155, 186, 93, 71, 29, 126, 21, 190, 18, 2, 3, 1, 26, 72, 10, 39, 0, 37, 8, 2, 18, 33, 3, 63, 216, 255, 132, 253, 164, 140, 45, 97, 94, 144, 115, 230, 115, 128, 24, 250, 156, 16, 41, 158, 5, 11, 54, 155, 186, 93, 71, 29, 126, 21, 190, 16, 230, 131, 17, 26, 10, 10, 8, 4, 172, 16, 51, 81, 6, 241, 232, 26, 13, 10, 11, 4, 172, 16, 51, 81, 145, 2, 212, 248, 205, 3, 42, 70, 48, 68, 2, 32, 122, 56, 52, 23, 121, 104, 153, 234, 181, 31, 153, 41, 237, 248, 222, 248, 38, 129, 131, 17, 235, 203, 241, 154, 59, 145, 185, 24, 62, 53, 95, 100, 2, 32, 79, 131, 224, 225, 154, 135, 146, 169, 176, 8, 47, 141, 250, 96, 194, 178, 248, 225, 83, 64, 87, 7, 41, 92, 59, 136, 38, 208, 83, 19, 102, 174]), timeReceived: none())), closerPeers: [], providerPeers: [], providerStatus: none(), register: none(), getAds: none())" peer=16U*P1S397
[2026-10-06 11:51:40.783] [out] [delivery_module] DBG 2026-10-06 11:51:40.783+02:00 Lookup query                               topics="kad-dht find" tid=16835091 peer=16U*TwqBiH
[2026-10-06 11:51:40.783] [out] [delivery_module] DBG 2026-10-06 11:51:40.783+02:00 Lookup query                               topics="kad-dht find" tid=16835091 peer=16U*NSkuby
[2026-10-06 11:51:40.783] [out] [delivery_module] DBG 2026-10-06 11:51:40.783+02:00 Lookup query                               topics="kad-dht find" tid=16835091 peer=16U*kGyuEP
[2026-10-06 11:51:40.783] [out] [delivery_module] DBG 2026-10-06 11:51:40.783+02:00 Lookup query                               topics="kad-dht find" tid=16835091 peer=16U*P1S397
[2026-10-06 11:51:40.784] [out] [delivery_module] DBG 2026-10-06 11:51:40.784+02:00 Lookup query                               topics="kad-dht find" tid=16835091 peer=16U*T3UNSE
[2026-10-06 11:51:40.784] [out] [delivery_module] DBG 2026-10-06 11:51:40.784+02:00 Lookup query                               topics="kad-dht find" tid=16835091 peer=16U*VpJprH
[2026-10-06 11:51:40.784] [out] [delivery_module] DBG 2026-10-06 11:51:40.784+02:00 Lookup query                               topics="kad-dht find" tid=16835091 peer=16U*P1S397
[2026-10-06 11:51:40.784] [out] [delivery_module] DBG 2026-10-06 11:51:40.784+02:00 Lookup query                               topics="kad-dht find" tid=16835091 peer=16U*T3UNSE
[2026-10-06 11:51:40.784] [out] [delivery_module] DBG 2026-10-06 11:51:40.784+02:00 Lookup query                               topics="kad-dht find" tid=16835091 peer=16U*VpJprH
[2026-10-06 11:51:40.784] [out] [delivery_module] DBG 2026-10-06 11:51:40.784+02:00 Lookup query                               topics="kad-dht find" tid=16835091 peer=16U*kGyuEP
[2026-10-06 11:51:40.784] [out] [delivery_module] DBG 2026-10-06 11:51:40.784+02:00 Lookup query                               topics="kad-dht find" tid=16835091 peer=16U*NSkuby
[2026-10-06 11:51:40.784] [out] [delivery_module] DBG 2026-10-06 11:51:40.784+02:00 Lookup query                               topics="kad-dht find" tid=16835091 peer=16U*TwqBiH
[2026-10-06 11:51:40.784] [out] [delivery_module] DBG 2026-10-06 11:51:40.784+02:00 Lookup query                               topics="kad-dht find" tid=16835091 peer=16U*kGyuEP
[2026-10-06 11:51:40.785] [out] [delivery_module] DBG 2026-10-06 11:51:40.784+02:00 Lookup query                               topics="kad-dht find" tid=16835091 peer=16U*VpJprH
[2026-10-06 11:51:40.785] [out] [delivery_module] DBG 2026-10-06 11:51:40.785+02:00 Lookup query                               topics="kad-dht find" tid=16835091 peer=16U*T3UNSE
[2026-10-06 11:51:40.785] [out] [delivery_module] DBG 2026-10-06 11:51:40.785+02:00 Lookup query                               topics="kad-dht find" tid=16835091 peer=16U*P1S397
[2026-10-06 11:51:40.785] [out] [delivery_module] DBG 2026-10-06 11:51:40.785+02:00 Lookup query                               topics="kad-dht find" tid=16835091 peer=16U*TwqBiH
[2026-10-06 11:51:40.785] [out] [delivery_module] DBG 2026-10-06 11:51:40.785+02:00 Lookup query                               topics="kad-dht find" tid=16835091 peer=16U*NSkuby
[2026-10-06 11:51:40.817] [out] [delivery_module] DBG 2026-10-06 11:51:40.817+02:00 Got PutValue reply                         topics="kad-dht put" tid=16835091 msg="(msgType: ok(putValue), key: ok(@[0, 37, 8, 2, 18, 33, 3, 63, 216, 255, 132, 253, 164, 140, 45, 97, 94, 144, 115, 230, 115, 128, 24, 250, 156, 16, 41, 158, 5, 11, 54, 155, 186, 93, 71, 29, 126, 21, 190]), record: ok((key: ok(@[0, 37, 8, 2, 18, 33, 3, 63, 216, 255, 132, 253, 164, 140, 45, 97, 94, 144, 115, 230, 115, 128, 24, 250, 156, 16, 41, 158, 5, 11, 54, 155, 186, 93, 71, 29, 126, 21, 190]), value: ok(@[10, 37, 8, 2, 18, 33, 3, 63, 216, 255, 132, 253, 164, 140, 45, 97, 94, 144, 115, 230, 115, 128, 24, 250, 156, 16, 41, 158, 5, 11, 54, 155, 186, 93, 71, 29, 126, 21, 190, 18, 2, 3, 1, 26, 72, 10, 39, 0, 37, 8, 2, 18, 33, 3, 63, 216, 255, 132, 253, 164, 140, 45, 97, 94, 144, 115, 230, 115, 128, 24, 250, 156, 16, 41, 158, 5, 11, 54, 155, 186, 93, 71, 29, 126, 21, 190, 16, 230, 131, 17, 26, 10, 10, 8, 4, 172, 16, 51, 81, 6, 241, 232, 26, 13, 10, 11, 4, 172, 16, 51, 81, 145, 2, 212, 248, 205, 3, 42, 70, 48, 68, 2, 32, 122, 56, 52, 23, 121, 104, 153, 234, 181, 31, 153, 41, 237, 248, 222, 248, 38, 129, 131, 17, 235, 203, 241, 154, 59, 145, 185, 24, 62, 53, 95, 100, 2, 32, 79, 131, 224, 225, 154, 135, 146, 169, 176, 8, 47, 141, 250, 96, 194, 178, 248, 225, 83, 64, 87, 7, 41, 92, 59, 136, 38, 208, 83, 19, 102, 174]), timeReceived: none())), closerPeers: [], providerPeers: [], providerStatus: none(), register: none(), getAds: none())" reply="(msgType: ok(putValue), key: ok(@[0, 37, 8, 2, 18, 33, 3, 63, 216, 255, 132, 253, 164, 140, 45, 97, 94, 144, 115, 230, 115, 128, 24, 250, 156, 16, 41, 158, 5, 11, 54, 155, 186, 93, 71, 29, 126, 21, 190]), record: ok((key: ok(@[0, 37, 8, 2, 18, 33, 3, 63, 216, 255, 132, 253, 164, 140, 45, 97, 94, 144, 115, 230, 115, 128, 24, 250, 156, 16, 41, 158, 5, 11, 54, 155, 186, 93, 71, 29, 126, 21, 190]), value: ok(@[10, 37, 8, 2, 18, 33, 3, 63, 216, 255, 132, 253, 164, 140, 45, 97, 94, 144, 115, 230, 115, 128, 24, 250, 156, 16, 41, 158, 5, 11, 54, 155, 186, 93, 71, 29, 126, 21, 190, 18, 2, 3, 1, 26, 72, 10, 39, 0, 37, 8, 2, 18, 33, 3, 63, 216, 255, 132, 253, 164, 140, 45, 97, 94, 144, 115, 230, 115, 128, 24, 250, 156, 16, 41, 158, 5, 11, 54, 155, 186, 93, 71, 29, 126, 21, 190, 16, 230, 131, 17, 26, 10, 10, 8, 4, 172, 16, 51, 81, 6, 241, 232, 26, 13, 10, 11, 4, 172, 16, 51, 81, 145, 2, 212, 248, 205, 3, 42, 70, 48, 68, 2, 32, 122, 56, 52, 23, 121, 104, 153, 234, 181, 31, 153, 41, 237, 248, 222, 248, 38, 129, 131, 17, 235, 203, 241, 154, 59, 145, 185, 24, 62, 53, 95, 100, 2, 32, 79, 131, 224, 225, 154, 135, 146, 169, 176, 8, 47, 141, 250, 96, 194, 178, 248, 225, 83, 64, 87, 7, 41, 92, 59, 136, 38, 208, 83, 19, 102, 174]), timeReceived: none())), closerPeers: [], providerPeers: [], providerStatus: none(), register: none(), getAds: none())" peer=16U*kGyuEP
[2026-10-06 11:51:40.858] [out] [delivery_module] DBG 2026-10-06 11:51:40.858+02:00 Store query failed, trying next peer       topics="waku store client" tid=16835091 peerId=16U*T3UNSE error="BAD_REQUEST: time range exceeds 24h"
[2026-10-06 11:51:40.984] [out] [delivery_module] DBG 2026-10-06 11:51:40.984+02:00 Lookup query                               topics="kad-dht find" tid=16835091 peer=16U*TwqBiH
[2026-10-06 11:51:40.985] [out] [delivery_module] DBG 2026-10-06 11:51:40.984+02:00 Lookup query                               topics="kad-dht find" tid=16835091 peer=16U*NSkuby
[2026-10-06 11:51:40.985] [out] [delivery_module] DBG 2026-10-06 11:51:40.985+02:00 Lookup query                               topics="kad-dht find" tid=16835091 peer=16U*kGyuEP
[2026-10-06 11:51:40.985] [out] [delivery_module] DBG 2026-10-06 11:51:40.985+02:00 Lookup query                               topics="kad-dht find" tid=16835091 peer=16U*P1S397
[2026-10-06 11:51:40.985] [out] [delivery_module] DBG 2026-10-06 11:51:40.985+02:00 Lookup query                               topics="kad-dht find" tid=16835091 peer=16U*T3UNSE
[2026-10-06 11:51:40.985] [out] [delivery_module] DBG 2026-10-06 11:51:40.985+02:00 Lookup query                               topics="kad-dht find" tid=16835091 peer=16U*VpJprH
[2026-10-06 11:51:40.985] [out] [delivery_module] DBG 2026-10-06 11:51:40.985+02:00 Lookup query                               topics="kad-dht find" tid=16835091 peer=16U*kGyuEP
[2026-10-06 11:51:40.985] [out] [delivery_module] DBG 2026-10-06 11:51:40.985+02:00 Lookup query                               topics="kad-dht find" tid=16835091 peer=16U*VpJprH
[2026-10-06 11:51:40.985] [out] [delivery_module] DBG 2026-10-06 11:51:40.985+02:00 Lookup query                               topics="kad-dht find" tid=16835091 peer=16U*P1S397
[2026-10-06 11:51:40.985] [out] [delivery_module] DBG 2026-10-06 11:51:40.985+02:00 Lookup query                               topics="kad-dht find" tid=16835091 peer=16U*T3UNSE
[2026-10-06 11:51:40.985] [out] [delivery_module] DBG 2026-10-06 11:51:40.985+02:00 Lookup query                               topics="kad-dht find" tid=16835091 peer=16U*TwqBiH
[2026-10-06 11:51:40.985] [out] [delivery_module] DBG 2026-10-06 11:51:40.985+02:00 Lookup query                               topics="kad-dht find" tid=16835091 peer=16U*NSkuby
[2026-10-06 11:51:40.985] [out] [delivery_module] DBG 2026-10-06 11:51:40.985+02:00 Lookup query                               topics="kad-dht find" tid=16835091 peer=16U*VpJprH
[2026-10-06 11:51:40.985] [out] [delivery_module] DBG 2026-10-06 11:51:40.985+02:00 Lookup query                               topics="kad-dht find" tid=16835091 peer=16U*P1S397
[2026-10-06 11:51:40.985] [out] [delivery_module] DBG 2026-10-06 11:51:40.985+02:00 Lookup query                               topics="kad-dht find" tid=16835091 peer=16U*T3UNSE
[2026-10-06 11:51:40.985] [out] [delivery_module] DBG 2026-10-06 11:51:40.985+02:00 Lookup query                               topics="kad-dht find" tid=16835091 peer=16U*kGyuEP
[2026-10-06 11:51:40.985] [out] [delivery_module] DBG 2026-10-06 11:51:40.985+02:00 Lookup query                               topics="kad-dht find" tid=16835091 peer=16U*NSkuby
[2026-10-06 11:51:40.985] [out] [delivery_module] DBG 2026-10-06 11:51:40.985+02:00 Lookup query                               topics="kad-dht find" tid=16835091 peer=16U*TwqBiH
[2026-10-06 11:51:40.985] [out] [delivery_module] DBG 2026-10-06 11:51:40.985+02:00 Lookup query                               topics="kad-dht find" tid=16835091 peer=16U*P1S397
[2026-10-06 11:51:40.985] [out] [delivery_module] DBG 2026-10-06 11:51:40.985+02:00 Lookup query                               topics="kad-dht find" tid=16835091 peer=16U*T3UNSE
[2026-10-06 11:51:40.985] [out] [delivery_module] DBG 2026-10-06 11:51:40.985+02:00 Lookup query                               topics="kad-dht find" tid=16835091 peer=16U*VpJprH
[2026-10-06 11:51:40.985] [out] [delivery_module] DBG 2026-10-06 11:51:40.985+02:00 Lookup query                               topics="kad-dht find" tid=16835091 peer=16U*kGyuEP
[2026-10-06 11:51:40.985] [out] [delivery_module] DBG 2026-10-06 11:51:40.985+02:00 Lookup query                               topics="kad-dht find" tid=16835091 peer=16U*NSkuby
[2026-10-06 11:51:40.986] [out] [delivery_module] DBG 2026-10-06 11:51:40.985+02:00 Lookup query                               topics="kad-dht find" tid=16835091 peer=16U*TwqBiH
[2026-10-06 11:51:41.123] [out] [delivery_module] DBG 2026-10-06 11:51:41.123+02:00 Store query failed, trying next peer       topics="waku store client" tid=16835091 peerId=16U*P1S397 error="BAD_REQUEST: time range exceeds 24h"
[2026-10-06 11:51:41.184] [out] [delivery_module] DBG 2026-10-06 11:51:41.184+02:00 Lookup query                               topics="kad-dht find" tid=16835091 peer=16U*TwqBiH
[2026-10-06 11:51:41.184] [out] [delivery_module] DBG 2026-10-06 11:51:41.184+02:00 Lookup query                               topics="kad-dht find" tid=16835091 peer=16U*NSkuby
[2026-10-06 11:51:41.184] [out] [delivery_module] DBG 2026-10-06 11:51:41.184+02:00 Lookup query                               topics="kad-dht find" tid=16835091 peer=16U*kGyuEP
[2026-10-06 11:51:41.184] [out] [delivery_module] DBG 2026-10-06 11:51:41.184+02:00 Lookup query                               topics="kad-dht find" tid=16835091 peer=16U*VpJprH
[2026-10-06 11:51:41.185] [out] [delivery_module] DBG 2026-10-06 11:51:41.185+02:00 Lookup query                               topics="kad-dht find" tid=16835091 peer=16U*P1S397
[2026-10-06 11:51:41.185] [out] [delivery_module] DBG 2026-10-06 11:51:41.185+02:00 Lookup query                               topics="kad-dht find" tid=16835091 peer=16U*T3UNSE
[2026-10-06 11:51:41.185] [out] [delivery_module] DBG 2026-10-06 11:51:41.185+02:00 Lookup query                               topics="kad-dht find" tid=16835091 peer=16U*T3UNSE
[2026-10-06 11:51:41.185] [out] [delivery_module] DBG 2026-10-06 11:51:41.185+02:00 Lookup query                               topics="kad-dht find" tid=16835091 peer=16U*P1S397
[2026-10-06 11:51:41.185] [out] [delivery_module] DBG 2026-10-06 11:51:41.185+02:00 Lookup query                               topics="kad-dht find" tid=16835091 peer=16U*VpJprH
[2026-10-06 11:51:41.185] [out] [delivery_module] DBG 2026-10-06 11:51:41.185+02:00 Lookup query                               topics="kad-dht find" tid=16835091 peer=16U*kGyuEP
[2026-10-06 11:51:41.185] [out] [delivery_module] DBG 2026-10-06 11:51:41.185+02:00 Lookup query                               topics="kad-dht find" tid=16835091 peer=16U*NSkuby
[2026-10-06 11:51:41.185] [out] [delivery_module] DBG 2026-10-06 11:51:41.185+02:00 Lookup query                               topics="kad-dht find" tid=16835091 peer=16U*TwqBiH
[2026-10-06 11:51:41.186] [out] [delivery_module] DBG 2026-10-06 11:51:41.186+02:00 Lookup query                               topics="kad-dht find" tid=16835091 peer=16U*kGyuEP
[2026-10-06 11:51:41.186] [out] [delivery_module] DBG 2026-10-06 11:51:41.186+02:00 Lookup query                               topics="kad-dht find" tid=16835091 peer=16U*T3UNSE
[2026-10-06 11:51:41.186] [out] [delivery_module] DBG 2026-10-06 11:51:41.186+02:00 Lookup query                               topics="kad-dht find" tid=16835091 peer=16U*P1S397
[2026-10-06 11:51:41.186] [out] [delivery_module] DBG 2026-10-06 11:51:41.186+02:00 Lookup query                               topics="kad-dht find" tid=16835091 peer=16U*VpJprH
[2026-10-06 11:51:41.186] [out] [delivery_module] DBG 2026-10-06 11:51:41.186+02:00 Lookup query                               topics="kad-dht find" tid=16835091 peer=16U*TwqBiH
[2026-10-06 11:51:41.186] [out] [delivery_module] DBG 2026-10-06 11:51:41.186+02:00 Lookup query                               topics="kad-dht find" tid=16835091 peer=16U*NSkuby
[2026-10-06 11:51:41.381] [out] [delivery_module] DBG 2026-10-06 11:51:41.381+02:00 Got PutValue reply                         topics="kad-dht put" tid=16835091 msg="(msgType: ok(putValue), key: ok(@[0, 37, 8, 2, 18, 33, 3, 63, 216, 255, 132, 253, 164, 140, 45, 97, 94, 144, 115, 230, 115, 128, 24, 250, 156, 16, 41, 158, 5, 11, 54, 155, 186, 93, 71, 29, 126, 21, 190]), record: ok((key: ok(@[0, 37, 8, 2, 18, 33, 3, 63, 216, 255, 132, 253, 164, 140, 45, 97, 94, 144, 115, 230, 115, 128, 24, 250, 156, 16, 41, 158, 5, 11, 54, 155, 186, 93, 71, 29, 126, 21, 190]), value: ok(@[10, 37, 8, 2, 18, 33, 3, 63, 216, 255, 132, 253, 164, 140, 45, 97, 94, 144, 115, 230, 115, 128, 24, 250, 156, 16, 41, 158, 5, 11, 54, 155, 186, 93, 71, 29, 126, 21, 190, 18, 2, 3, 1, 26, 72, 10, 39, 0, 37, 8, 2, 18, 33, 3, 63, 216, 255, 132, 253, 164, 140, 45, 97, 94, 144, 115, 230, 115, 128, 24, 250, 156, 16, 41, 158, 5, 11, 54, 155, 186, 93, 71, 29, 126, 21, 190, 16, 230, 131, 17, 26, 10, 10, 8, 4, 172, 16, 51, 81, 6, 241, 232, 26, 13, 10, 11, 4, 172, 16, 51, 81, 145, 2, 212, 248, 205, 3, 42, 70, 48, 68, 2, 32, 122, 56, 52, 23, 121, 104, 153, 234, 181, 31, 153, 41, 237, 248, 222, 248, 38, 129, 131, 17, 235, 203, 241, 154, 59, 145, 185, 24, 62, 53, 95, 100, 2, 32, 79, 131, 224, 225, 154, 135, 146, 169, 176, 8, 47, 141, 250, 96, 194, 178, 248, 225, 83, 64, 87, 7, 41, 92, 59, 136, 38, 208, 83, 19, 102, 174]), timeReceived: none())), closerPeers: [], providerPeers: [], providerStatus: none(), register: none(), getAds: none())" reply="(msgType: ok(putValue), key: ok(@[0, 37, 8, 2, 18, 33, 3, 63, 216, 255, 132, 253, 164, 140, 45, 97, 94, 144, 115, 230, 115, 128, 24, 250, 156, 16, 41, 158, 5, 11, 54, 155, 186, 93, 71, 29, 126, 21, 190]), record: ok((key: ok(@[0, 37, 8, 2, 18, 33, 3, 63, 216, 255, 132, 253, 164, 140, 45, 97, 94, 144, 115, 230, 115, 128, 24, 250, 156, 16, 41, 158, 5, 11, 54, 155, 186, 93, 71, 29, 126, 21, 190]), value: ok(@[10, 37, 8, 2, 18, 33, 3, 63, 216, 255, 132, 253, 164, 140, 45, 97, 94, 144, 115, 230, 115, 128, 24, 250, 156, 16, 41, 158, 5, 11, 54, 155, 186, 93, 71, 29, 126, 21, 190, 18, 2, 3, 1, 26, 72, 10, 39, 0, 37, 8, 2, 18, 33, 3, 63, 216, 255, 132, 253, 164, 140, 45, 97, 94, 144, 115, 230, 115, 128, 24, 250, 156, 16, 41, 158, 5, 11, 54, 155, 186, 93, 71, 29, 126, 21, 190, 16, 230, 131, 17, 26, 10, 10, 8, 4, 172, 16, 51, 81, 6, 241, 232, 26, 13, 10, 11, 4, 172, 16, 51, 81, 145, 2, 212, 248, 205, 3, 42, 70, 48, 68, 2, 32, 122, 56, 52, 23, 121, 104, 153, 234, 181, 31, 153, 41, 237, 248, 222, 248, 38, 129, 131, 17, 235, 203, 241, 154, 59, 145, 185, 24, 62, 53, 95, 100, 2, 32, 79, 131, 224, 225, 154, 135, 146, 169, 176, 8, 47, 141, 250, 96, 194, 178, 248, 225, 83, 64, 87, 7, 41, 92, 59, 136, 38, 208, 83, 19, 102, 174]), timeReceived: none())), closerPeers: [], providerPeers: [], providerStatus: none(), register: none(), getAds: none())" peer=16U*T3UNSE
[2026-10-06 11:51:41.537] [out] [delivery_module] DBG 2026-10-06 11:51:41.537+02:00 Store query failed, trying next peer       topics="waku store client" tid=16835091 peerId=16U*kGyuEP error="BAD_REQUEST: time range exceeds 24h"
[2026-10-06 11:51:41.608] [out] [delivery_module] DBG 2026-10-06 11:51:41.608+02:00 Store query failed, trying next peer       topics="waku store client" tid=16835091 peerId=16U*VpJprH error="BAD_REQUEST: time range exceeds 24h"
[2026-10-06 11:51:41.608] [out] [delivery_module] DBG 2026-10-06 11:51:41.608+02:00 Store catch-up query failed, the topic retries next pass topics="recv backfill" tid=16835091 pubsubTopic=/waku/2/rs/3/7 contentTopic=/lp0026forum/1/general/text error="BAD_REQUEST: time range exceeds 24h"
[2026-10-06 11:51:41.982] [out] [delivery_module] DBG 2026-10-06 11:51:41.982+02:00 Bootstrap complete                         topics="kad-dht" tid=16835091
[2026-10-06 11:51:42.788] [out] [delivery_module] DBG 2026-10-06 11:51:42.788+02:00 Service table bootstrap complete           topics="service-discovery" tid=16835091 serviceId=key:E6738033B5D413D13CF58622CEB4EF8F392E8D4EB073B56A5486CB0431B2F5D8
[2026-10-06 11:51:43.385] [out] [delivery_module] DBG 2026-10-06 11:51:43.385+02:00 Service table bootstrap complete           topics="service-discovery" tid=16835091 serviceId=key:913B5C5DBE691438693215140388EC0C7DE80DE328BDE5BD7FC06F90568CEA40
[2026-10-06 11:51:43.582] [info] [logos] [delivery_module] DeliveryModuleImpl::storeQuery called with peerAddr: /dns4/delivery-01.do-ams3.logos.dev.status.im/tcp/30303/p2p/16Uiu2HAmTUbnxLGT9JvV6mu9oPyDjqHK4Phs1VDJNUgESgNSkuby
[2026-10-06 11:51:43.744] [out] [delivery_module] DBG 2026-10-06 11:51:43.744+02:00 getting adverts                            topics="service-disco discoverer" tid=16835091 serviceId=key:913B5C5DBE691438693215140388EC0C7DE80DE328BDE5BD7FC06F90568CEA40 registrar=16U*TwqBiH
[2026-10-06 11:51:43.744] [out] [delivery_module] DBG 2026-10-06 11:51:43.744+02:00 getting adverts                            topics="service-disco discoverer" tid=16835091 serviceId=key:913B5C5DBE691438693215140388EC0C7DE80DE328BDE5BD7FC06F90568CEA40 registrar=16U*NSkuby
[2026-10-06 11:51:43.744] [out] [delivery_module] DBG 2026-10-06 11:51:43.744+02:00 getting adverts                            topics="service-disco discoverer" tid=16835091 serviceId=key:913B5C5DBE691438693215140388EC0C7DE80DE328BDE5BD7FC06F90568CEA40 registrar=16U*1GZ4mj
[2026-10-06 11:51:43.744] [out] [delivery_module] DBG 2026-10-06 11:51:43.744+02:00 Cannot insert self in routing table        topics="kad-dht rtable" tid=16835091 nodeId=key:002508021221033FD8FF84FDA48C2D615E9073E6738018FA9C10299E050B369BBA5D471D7E15BE
[2026-10-06 11:51:43.744] [out] [delivery_module] DBG 2026-10-06 11:51:43.744+02:00 adverts found                              topics="service-disco discoverer" tid=16835091 serviceId=key:913B5C5DBE691438693215140388EC0C7DE80DE328BDE5BD7FC06F90568CEA40 remote=16U*1GZ4mj count=0
[2026-10-06 11:51:43.745] [out] [delivery_module] DBG 2026-10-06 11:51:43.745+02:00 getting adverts                            topics="service-disco discoverer" tid=16835091 serviceId=key:E6738033B5D413D13CF58622CEB4EF8F392E8D4EB073B56A5486CB0431B2F5D8 registrar=16U*TwqBiH
[2026-10-06 11:51:43.745] [out] [delivery_module] DBG 2026-10-06 11:51:43.745+02:00 getting adverts                            topics="service-disco discoverer" tid=16835091 serviceId=key:E6738033B5D413D13CF58622CEB4EF8F392E8D4EB073B56A5486CB0431B2F5D8 registrar=16U*NSkuby
[2026-10-06 11:51:43.745] [out] [delivery_module] DBG 2026-10-06 11:51:43.745+02:00 getting adverts                            topics="service-disco discoverer" tid=16835091 serviceId=key:E6738033B5D413D13CF58622CEB4EF8F392E8D4EB073B56A5486CB0431B2F5D8 registrar=16U*1GZ4mj
[2026-10-06 11:51:43.745] [out] [delivery_module] DBG 2026-10-06 11:51:43.745+02:00 Cannot insert self in routing table        topics="kad-dht rtable" tid=16835091 nodeId=key:002508021221033FD8FF84FDA48C2D615E9073E6738018FA9C10299E050B369BBA5D471D7E15BE
[2026-10-06 11:51:43.745] [out] [delivery_module] DBG 2026-10-06 11:51:43.745+02:00 adverts found                              topics="service-disco discoverer" tid=16835091 serviceId=key:E6738033B5D413D13CF58622CEB4EF8F392E8D4EB073B56A5486CB0431B2F5D8 remote=16U*1GZ4mj count=1
[2026-10-06 11:51:43.761] [info] [logos] [delivery_module] DeliveryModuleImpl::storeQuery called with peerAddr: /dns4/delivery-01.do-ams3.logos.dev.status.im/tcp/30303/p2p/16Uiu2HAmTUbnxLGT9JvV6mu9oPyDjqHK4Phs1VDJNUgESgNSkuby
[2026-10-06 11:51:43.789] [out] [delivery_module] DBG 2026-10-06 11:51:43.789+02:00 calculateConnectionState                   tid=16835091 relayCount=6 storeClientCount=6 lightpushCount=6 filterCount=6
[2026-10-06 11:51:43.803] [out] [delivery_module] DBG 2026-10-06 11:51:43.803+02:00 adverts found                              topics="service-disco discoverer" tid=16835091 serviceId=key:913B5C5DBE691438693215140388EC0C7DE80DE328BDE5BD7FC06F90568CEA40 remote=16U*NSkuby count=4
[2026-10-06 11:51:43.804] [out] [delivery_module] DBG 2026-10-06 11:51:43.804+02:00 adverts found                              topics="service-disco discoverer" tid=16835091 serviceId=key:E6738033B5D413D13CF58622CEB4EF8F392E8D4EB073B56A5486CB0431B2F5D8 remote=16U*NSkuby count=4
[2026-10-06 11:51:44.034] [out] [delivery_module] DBG 2026-10-06 11:51:44.034+02:00 adverts found                              topics="service-disco discoverer" tid=16835091 serviceId=key:913B5C5DBE691438693215140388EC0C7DE80DE328BDE5BD7FC06F90568CEA40 remote=16U*TwqBiH count=4
[2026-10-06 11:51:44.035] [out] [delivery_module] DBG 2026-10-06 11:51:44.035+02:00 adverts found                              topics="service-disco discoverer" tid=16835091 serviceId=key:E6738033B5D413D13CF58622CEB4EF8F392E8D4EB073B56A5486CB0431B2F5D8 remote=16U*TwqBiH count=5
[2026-10-06 11:51:44.042] [out] [delivery_module] DBG 2026-10-06 11:51:44.042+02:00 getting adverts                            topics="service-disco discoverer" tid=16835091 serviceId=key:913B5C5DBE691438693215140388EC0C7DE80DE328BDE5BD7FC06F90568CEA40 registrar=16U*T3UNSE
[2026-10-06 11:51:44.042] [out] [delivery_module] DBG 2026-10-06 11:51:44.042+02:00 getting adverts                            topics="service-disco discoverer" tid=16835091 serviceId=key:913B5C5DBE691438693215140388EC0C7DE80DE328BDE5BD7FC06F90568CEA40 registrar=16U*P1S397
[2026-10-06 11:51:44.042] [out] [delivery_module] DBG 2026-10-06 11:51:44.042+02:00 getting adverts                            topics="service-disco discoverer" tid=16835091 serviceId=key:913B5C5DBE691438693215140388EC0C7DE80DE328BDE5BD7FC06F90568CEA40 registrar=16U*VpJprH
[2026-10-06 11:51:44.042] [out] [delivery_module] DBG 2026-10-06 11:51:44.042+02:00 getting adverts                            topics="service-disco discoverer" tid=16835091 serviceId=key:E6738033B5D413D13CF58622CEB4EF8F392E8D4EB073B56A5486CB0431B2F5D8 registrar=16U*kGyuEP
[2026-10-06 11:51:44.097] [out] [delivery_module] DBG 2026-10-06 11:51:44.097+02:00 adverts found                              topics="service-disco discoverer" tid=16835091 serviceId=key:913B5C5DBE691438693215140388EC0C7DE80DE328BDE5BD7FC06F90568CEA40 remote=16U*VpJprH count=1
[2026-10-06 11:51:44.339] [out] [delivery_module] DBG 2026-10-06 11:51:44.339+02:00 adverts found                              topics="service-disco discoverer" tid=16835091 serviceId=key:913B5C5DBE691438693215140388EC0C7DE80DE328BDE5BD7FC06F90568CEA40 remote=16U*P1S397 count=4
[2026-10-06 11:51:44.449] [out] [delivery_module] DBG 2026-10-06 11:51:44.449+02:00 adverts found                              topics="service-disco discoverer" tid=16835091 serviceId=key:913B5C5DBE691438693215140388EC0C7DE80DE328BDE5BD7FC06F90568CEA40 remote=16U*T3UNSE count=3
[2026-10-06 11:51:44.454] [out] [delivery_module] DBG 2026-10-06 11:51:44.454+02:00 getting adverts                            topics="service-disco discoverer" tid=16835091 serviceId=key:913B5C5DBE691438693215140388EC0C7DE80DE328BDE5BD7FC06F90568CEA40 registrar=16U*kGyuEP
[2026-10-06 11:51:44.455] [out] [delivery_module] DBG 2026-10-06 11:51:44.454+02:00 adverts found                              topics="service-disco discoverer" tid=16835091 serviceId=key:E6738033B5D413D13CF58622CEB4EF8F392E8D4EB073B56A5486CB0431B2F5D8 remote=16U*kGyuEP count=6
[2026-10-06 11:51:44.459] [out] [delivery_module] DBG 2026-10-06 11:51:44.459+02:00 getting adverts                            topics="service-disco discoverer" tid=16835091 serviceId=key:E6738033B5D413D13CF58622CEB4EF8F392E8D4EB073B56A5486CB0431B2F5D8 registrar=16U*VpJprH
[2026-10-06 11:51:44.507] [out] [delivery_module] DBG 2026-10-06 11:51:44.507+02:00 adverts found                              topics="service-disco discoverer" tid=16835091 serviceId=key:E6738033B5D413D13CF58622CEB4EF8F392E8D4EB073B56A5486CB0431B2F5D8 remote=16U*VpJprH count=4
[2026-10-06 11:51:44.511] [out] [delivery_module] DBG 2026-10-06 11:51:44.511+02:00 getting adverts                            topics="service-disco discoverer" tid=16835091 serviceId=key:E6738033B5D413D13CF58622CEB4EF8F392E8D4EB073B56A5486CB0431B2F5D8 registrar=16U*P1S397
[2026-10-06 11:51:44.511] [out] [delivery_module] DBG 2026-10-06 11:51:44.511+02:00 getting adverts                            topics="service-disco discoverer" tid=16835091 serviceId=key:E6738033B5D413D13CF58622CEB4EF8F392E8D4EB073B56A5486CB0431B2F5D8 registrar=16U*T3UNSE
[2026-10-06 11:51:44.778] [out] [delivery_module] DBG 2026-10-06 11:51:44.778+02:00 adverts found                              topics="service-disco discoverer" tid=16835091 serviceId=key:E6738033B5D413D13CF58622CEB4EF8F392E8D4EB073B56A5486CB0431B2F5D8 remote=16U*P1S397 count=2
[2026-10-06 11:51:44.861] [out] [delivery_module] DBG 2026-10-06 11:51:44.861+02:00 adverts found                              topics="service-disco discoverer" tid=16835091 serviceId=key:913B5C5DBE691438693215140388EC0C7DE80DE328BDE5BD7FC06F90568CEA40 remote=16U*kGyuEP count=1
[2026-10-06 11:51:44.865] [out] [delivery_module] DBG 2026-10-06 11:51:44.865+02:00 Peer added via service discovery           topics="waku service discovery" tid=16835091 source="service lookup" peerId=16Uiu2HAm8YokiNun9BkeA1ZRmhLbtNUvcwRr64F69tYj9fkGyuEP addresses="[/ip4/47.242.130.189/tcp/30303, /ip4/47.242.130.189/udp/30303/quic-v1, /dns4/delivery-01.ac-cn-hongkong-c.logos.dev.status.im/tcp/30303]" protocols="[/mix/1.0.0]"
[2026-10-06 11:51:44.866] [out] [delivery_module] DBG 2026-10-06 11:51:44.865+02:00 Peer added via service discovery           topics="waku service discovery" tid=16835091 source="service lookup" peerId=16Uiu2HAm4S1JYkuzDKLKQvwgAhZKs9otxXqt8SCGtB4hoJP1S397 addresses="[/ip4/136.119.156.87/tcp/30303, /ip4/136.119.156.87/udp/30303/quic-v1, /dns4/delivery-01.gc-us-central1-a.logos.dev.status.im/tcp/30303]" protocols="[/mix/1.0.0]"
[2026-10-06 11:51:44.866] [out] [delivery_module] DBG 2026-10-06 11:51:44.866+02:00 Peer added via service discovery           topics="waku service discovery" tid=16835091 source="service lookup" peerId=16Uiu2HAm8Y9kgBNtjxvCnf1X6gnZJW5EGE4UwwCL3CCm55TwqBiH addresses="[/ip4/34.123.201.25/tcp/30303, /ip4/34.123.201.25/udp/30303/quic-v1, /dns4/delivery-02.gc-us-central1-a.logos.dev.status.im/tcp/30303]" protocols="[/mix/1.0.0]"
[2026-10-06 11:51:44.866] [out] [delivery_module] DBG 2026-10-06 11:51:44.866+02:00 Peer added via service discovery           topics="waku service discovery" tid=16835091 source="service lookup" peerId=16Uiu2HAmMK7PYygBtKUQ8EHp7EfaD3bCEsJrkFooK8RQ2PVpJprH addresses="[/ip4/174.138.106.244/tcp/30303, /ip4/174.138.106.244/udp/30303/quic-v1, /dns4/delivery-02.do-ams3.logos.dev.status.im/tcp/30303]" protocols="[/mix/1.0.0]"
[2026-10-06 11:51:44.866] [out] [delivery_module] DBG 2026-10-06 11:51:44.866+02:00 Peer added via service discovery           topics="waku service discovery" tid=16835091 source="service lookup" peerId=16Uiu2HAmTUbnxLGT9JvV6mu9oPyDjqHK4Phs1VDJNUgESgNSkuby addresses="[/ip4/138.68.122.137/tcp/30303, /ip4/138.68.122.137/udp/30303/quic-v1, /dns4/delivery-01.do-ams3.logos.dev.status.im/tcp/30303]" protocols="[/mix/1.0.0]"
[2026-10-06 11:51:44.866] [out] [delivery_module] DBG 2026-10-06 11:51:44.866+02:00 Peer added via service discovery           topics="waku service discovery" tid=16835091 source="service lookup" peerId=16Uiu2HAkvwhGHKNry6LACrB8TmEFoCJKEX29XR5dDUzk3UT3UNSE addresses="[/ip4/43.99.103.10/tcp/30303, /ip4/43.99.103.10/udp/30303/quic-v1, /dns4/delivery-02.ac-cn-hongkong-c.logos.dev.status.im/tcp/30303]" protocols="[/mix/1.0.0]"
[2026-10-06 11:51:44.866] [out] [delivery_module] DBG 2026-10-06 11:51:44.866+02:00 Service lookup complete                    topics="waku service discovery" tid=16835091 service=/mix/1.0.0 found=6
[2026-10-06 11:51:44.867] [out] [delivery_module] DBG 2026-10-06 11:51:44.867+02:00 calculateConnectionState                   tid=16835091 relayCount=6 storeClientCount=6 lightpushCount=6 filterCount=6
[2026-10-06 11:51:44.921] [out] [delivery_module] DBG 2026-10-06 11:51:44.921+02:00 adverts found                              topics="service-disco discoverer" tid=16835091 serviceId=key:E6738033B5D413D13CF58622CEB4EF8F392E8D4EB073B56A5486CB0431B2F5D8 remote=16U*T3UNSE count=3
[2026-10-06 11:51:44.925] [out] [delivery_module] DBG 2026-10-06 11:51:44.925+02:00 Peer added via service discovery           topics="waku service discovery" tid=16835091 source="service lookup" peerId=16Uiu2HAmTUbnxLGT9JvV6mu9oPyDjqHK4Phs1VDJNUgESgNSkuby addresses="[/ip4/138.68.122.137/tcp/30303, /ip4/138.68.122.137/udp/30303/quic-v1, /dns4/delivery-01.do-ams3.logos.dev.status.im/tcp/30303]" protocols="[/logos/delivery]"
[2026-10-06 11:51:44.925] [out] [delivery_module] DBG 2026-10-06 11:51:44.925+02:00 Peer added via service discovery           topics="waku service discovery" tid=16835091 source="service lookup" peerId=16Uiu2HAm8YokiNun9BkeA1ZRmhLbtNUvcwRr64F69tYj9fkGyuEP addresses="[/ip4/47.242.130.189/tcp/30303, /ip4/47.242.130.189/udp/30303/quic-v1, /dns4/delivery-01.ac-cn-hongkong-c.logos.dev.status.im/tcp/30303]" protocols="[/logos/delivery]"
[2026-10-06 11:51:44.925] [out] [delivery_module] DBG 2026-10-06 11:51:44.925+02:00 Peer added via service discovery           topics="waku service discovery" tid=16835091 source="service lookup" peerId=16Uiu2HAm4S1JYkuzDKLKQvwgAhZKs9otxXqt8SCGtB4hoJP1S397 addresses="[/ip4/136.119.156.87/tcp/30303, /ip4/136.119.156.87/udp/30303/quic-v1, /dns4/delivery-01.gc-us-central1-a.logos.dev.status.im/tcp/30303]" protocols="[/logos/delivery]"
[2026-10-06 11:51:44.925] [out] [delivery_module] DBG 2026-10-06 11:51:44.925+02:00 Peer added via service discovery           topics="waku service discovery" tid=16835091 source="service lookup" peerId=16Uiu2HAmMK7PYygBtKUQ8EHp7EfaD3bCEsJrkFooK8RQ2PVpJprH addresses="[/ip4/174.138.106.244/tcp/30303, /ip4/174.138.106.244/udp/30303/quic-v1, /dns4/delivery-02.do-ams3.logos.dev.status.im/tcp/30303]" protocols="[/logos/delivery]"
[2026-10-06 11:51:44.925] [out] [delivery_module] DBG 2026-10-06 11:51:44.925+02:00 Peer added via service discovery           topics="waku service discovery" tid=16835091 source="service lookup" peerId=16Uiu2HAm8Y9kgBNtjxvCnf1X6gnZJW5EGE4UwwCL3CCm55TwqBiH addresses="[/ip4/34.123.201.25/tcp/30303, /ip4/34.123.201.25/udp/30303/quic-v1, /dns4/delivery-02.gc-us-central1-a.logos.dev.status.im/tcp/30303]" protocols="[/logos/delivery]"
[2026-10-06 11:51:44.925] [out] [delivery_module] DBG 2026-10-06 11:51:44.925+02:00 Peer added via service discovery           topics="waku service discovery" tid=16835091 source="service lookup" peerId=16Uiu2HAmAResE15q4BDR96fpXuErsrxP4kzNDeA9LpPsbh7ZEp3L addresses="[/ip4/192.168.1.3/tcp/49737, /ip4/192.168.1.3/udp/56395/quic-v1]" protocols="[/logos/delivery]"
[2026-10-06 11:51:44.925] [out] [delivery_module] DBG 2026-10-06 11:51:44.925+02:00 Peer added via service discovery           topics="waku service discovery" tid=16835091 source="service lookup" peerId=16Uiu2HAmGxDx3UKDU6LdqsuuMQAonhHPz8hmRRR27t6E3v1GZ4mj addresses="[/ip4/172.16.51.81/tcp/61928, /ip4/172.16.51.81/udp/54520/quic-v1]" protocols="[/logos/delivery]"
[2026-10-06 11:51:44.925] [out] [delivery_module] DBG 2026-10-06 11:51:44.925+02:00 Peer added via service discovery           topics="waku service discovery" tid=16835091 source="service lookup" peerId=16Uiu2HAkxBrmLdjythutRKhtiVcG39BUhZLXbxwzG4UmQBk3v1b3 addresses="[/ip4/10.16.8.125/tcp/49352, /ip4/10.16.8.125/udp/55890/quic-v1]" protocols="[/logos/delivery]"
[2026-10-06 11:51:44.925] [out] [delivery_module] DBG 2026-10-06 11:51:44.925+02:00 Peer added via service discovery           topics="waku service discovery" tid=16835091 source="service lookup" peerId=16Uiu2HAkvwhGHKNry6LACrB8TmEFoCJKEX29XR5dDUzk3UT3UNSE addresses="[/ip4/43.99.103.10/tcp/30303, /ip4/43.99.103.10/udp/30303/quic-v1, /dns4/delivery-02.ac-cn-hongkong-c.logos.dev.status.im/tcp/30303]" protocols="[/logos/delivery]"
[2026-10-06 11:51:44.925] [out] [delivery_module] DBG 2026-10-06 11:51:44.925+02:00 Service lookup complete                    topics="waku service discovery" tid=16835091 service=/logos/delivery found=9
[2026-10-06 11:51:44.970] [out] [delivery_module] DBG 2026-10-06 11:51:44.970+02:00 calculateConnectionState                   tid=16835091 relayCount=6 storeClientCount=6 lightpushCount=6 filterCount=6
[QmlInspector] Client disconnected
[2026-10-06 11:51:45.179] [out] [delivery_module] DBG 2026-10-06 11:51:45.179+02:00 ENR addresses updated                      topics="waku enr" tid=16835091 retained=0 total=0
[2026-10-06 11:51:45.179] [out] [delivery_module] INF 2026-10-06 11:51:45.179+02:00 ENR reconciled with the discv5 record      topics="wakunode waku" tid=16835091 enr=enr:-K24QAtOlJP94ViBzPDfDPEfgMdAnOCwU-vJSO2DINUy7LlvTkH4SOUKwZaifYEQQfxBE6hd292EhYcQGdpUtvjoOyEOgmlkgnY0im11bHRpYWRkcnOAgnJzkwADCAAAAAEAAgADAAQABQAGAAeJc2VjcDI1NmsxoQM_2P-E_aSMLWFekHPmc4AY-pwQKZ4FCzabul1HHX4VvoN0Y3CC8eiDdWRwguFJhXdha3UyLQ
[2026-10-06 11:51:50.176] [out] [delivery_module] DBG 2026-10-06 11:51:50.175+02:00 Finished dialing multiple peers            topics="waku node peer_manager" tid=16835091 successfulConns=0 attempted=3
[2026-10-06 11:51:54.202] [out] [delivery_module] DBG 2026-10-06 11:51:54.202+02:00 calculateConnectionState                   tid=16835091 relayCount=6 storeClientCount=6 lightpushCount=6 filterCount=6
[2026-10-06 11:52:03.953] [out] [delivery_module] DBG 2026-10-06 11:52:03.953+02:00 Dialing failed                             topics="libp2p dialer" tid=16835091 description="Timeout exceeded!" peerId=16U*k3v1b3 address=/ip4/10.16.8.125/tcp/49352 hostname=10.16.8.125
[2026-10-06 11:52:03.953] [out] [delivery_module] DBG 2026-10-06 11:52:03.953+02:00 Error dialing                              topics="libp2p dialer" tid=16835091 conn=nil peerId=16U*k3v1b3 protos="[/logos/service-discovery/1.0.0]" addrs="[/ip4/10.16.8.125/udp/55890/quic-v1, /ip4/10.16.8.125/tcp/49352]" description="Unable to establish outgoing link in establishConnection: peer_id=16U*k3v1b3 addrs=@[/ip4/10.16.8.125/udp/55890/quic-v1, /ip4/10.16.8.125/tcp/49352]"
[2026-10-06 11:52:03.953] [out] [delivery_module] DBG 2026-10-06 11:52:03.953+02:00 Dialing peer                               topics="libp2p dialer" tid=16835091 peerId=16U*k3v1b3 addrs="[/ip4/10.16.8.125/udp/55890/quic-v1, /ip4/10.16.8.125/tcp/49352]"
[2026-10-06 11:52:03.954] [out] [delivery_module] DBG 2026-10-06 11:52:03.954+02:00 Expanded address and hostname              topics="libp2p dialer" tid=16835091 expandedAddress=/ip4/10.16.8.125/udp/55890/quic-v1 hostname=10.16.8.125 resolvedAddresses="[/ip4/10.16.8.125/udp/55890/quic-v1]"
[2026-10-06 11:52:03.954] [out] [delivery_module] DBG 2026-10-06 11:52:03.954+02:00 New connection established: client         tid=16835091
[2026-10-06 11:52:03.954] [out] [delivery_module] DBG 2026-10-06 11:52:03.954+02:00 Dialing failed                             topics="libp2p dialer" tid=16835091 description="Timeout exceeded!" peerId=16U*7ZEp3L address=/ip4/192.168.1.3/tcp/49737 hostname=192.168.1.3
[2026-10-06 11:52:03.955] [out] [delivery_module] DBG 2026-10-06 11:52:03.954+02:00 Error dialing                              topics="libp2p dialer" tid=16835091 conn=nil peerId=16U*7ZEp3L protos="[/logos/service-discovery/1.0.0]" addrs="[/ip4/192.168.1.3/udp/56395/quic-v1, /ip4/192.168.1.3/tcp/49737]" description="Unable to establish outgoing link in establishConnection: peer_id=16U*7ZEp3L addrs=@[/ip4/192.168.1.3/udp/56395/quic-v1, /ip4/192.168.1.3/tcp/49737]"
[2026-10-06 11:52:03.955] [out] [delivery_module] DBG 2026-10-06 11:52:03.955+02:00 Dialing peer                               topics="libp2p dialer" tid=16835091 peerId=16U*7ZEp3L addrs="[/ip4/192.168.1.3/udp/56395/quic-v1, /ip4/192.168.1.3/tcp/49737]"
[2026-10-06 11:52:03.955] [out] [delivery_module] DBG 2026-10-06 11:52:03.955+02:00 Expanded address and hostname              topics="libp2p dialer" tid=16835091 expandedAddress=/ip4/192.168.1.3/udp/56395/quic-v1 hostname=192.168.1.3 resolvedAddresses="[/ip4/192.168.1.3/udp/56395/quic-v1]"
[2026-10-06 11:52:03.955] [out] [delivery_module] DBG 2026-10-06 11:52:03.955+02:00 New connection established: client         tid=16835091
[2026-10-06 11:52:03.955] [out] [delivery_module] DBG 2026-10-06 11:52:03.955+02:00 Dialing failed                             topics="libp2p dialer" tid=16835091 description="Timeout exceeded!" peerId=16U*bAYDN8 address=/ip4/10.1.0.55/tcp/50097 hostname=10.1.0.55
[2026-10-06 11:52:03.956] [out] [delivery_module] DBG 2026-10-06 11:52:03.956+02:00 Error dialing                              topics="libp2p dialer" tid=16835091 conn=nil peerId=16U*bAYDN8 protos="[/logos/service-discovery/1.0.0]" addrs="[/ip4/10.1.0.55/udp/56247/quic-v1, /ip4/10.1.0.55/tcp/50097]" description="Unable to establish outgoing link in establishConnection: peer_id=16U*bAYDN8 addrs=@[/ip4/10.1.0.55/udp/56247/quic-v1, /ip4/10.1.0.55/tcp/50097]"
[2026-10-06 11:52:03.956] [out] [delivery_module] DBG 2026-10-06 11:52:03.956+02:00 Dialing peer                               topics="libp2p dialer" tid=16835091 peerId=16U*bAYDN8 addrs="[/ip4/10.1.0.55/udp/56247/quic-v1, /ip4/10.1.0.55/tcp/50097]"
[2026-10-06 11:52:03.956] [out] [delivery_module] DBG 2026-10-06 11:52:03.956+02:00 Expanded address and hostname              topics="libp2p dialer" tid=16835091 expandedAddress=/ip4/10.1.0.55/udp/56247/quic-v1 hostname=10.1.0.55 resolvedAddresses="[/ip4/10.1.0.55/udp/56247/quic-v1]"
[2026-10-06 11:52:03.956] [out] [delivery_module] DBG 2026-10-06 11:52:03.956+02:00 New connection established: client         tid=16835091
[2026-10-06 11:52:04.607] [out] [delivery_module] DBG 2026-10-06 11:52:04.607+02:00 calculateConnectionState                   tid=16835091 relayCount=6 storeClientCount=6 lightpushCount=6 filterCount=6
[2026-10-06 11:52:06.956] [out] [delivery_module] DBG 2026-10-06 11:52:06.956+02:00 Dialing failed                             topics="libp2p dialer" tid=16835091 description="quic dial timed out after 3s" peerId=16U*k3v1b3 address=/ip4/10.16.8.125/udp/55890/quic-v1 hostname=10.16.8.125
[2026-10-06 11:52:06.956] [out] [delivery_module] DBG 2026-10-06 11:52:06.956+02:00 Dialing failed                             topics="libp2p dialer" tid=16835091 description="quic dial timed out after 3s" peerId=16U*7ZEp3L address=/ip4/192.168.1.3/udp/56395/quic-v1 hostname=192.168.1.3
[2026-10-06 11:52:06.956] [out] [delivery_module] DBG 2026-10-06 11:52:06.956+02:00 Expanded address and hostname              topics="libp2p dialer" tid=16835091 expandedAddress=/ip4/10.16.8.125/tcp/49352 hostname=10.16.8.125 resolvedAddresses="[/ip4/10.16.8.125/tcp/49352]"
[2026-10-06 11:52:06.956] [out] [delivery_module] DBG 2026-10-06 11:52:06.956+02:00 Expanded address and hostname              topics="libp2p dialer" tid=16835091 expandedAddress=/ip4/192.168.1.3/tcp/49737 hostname=192.168.1.3 resolvedAddresses="[/ip4/192.168.1.3/tcp/49737]"
[2026-10-06 11:52:06.957] [out] [delivery_module] DBG 2026-10-06 11:52:06.957+02:00 Dialing failed                             topics="libp2p dialer" tid=16835091 description="quic dial timed out after 3s" peerId=16U*bAYDN8 address=/ip4/10.1.0.55/udp/56247/quic-v1 hostname=10.1.0.55
[2026-10-06 11:52:06.957] [out] [delivery_module] DBG 2026-10-06 11:52:06.957+02:00 Expanded address and hostname              topics="libp2p dialer" tid=16835091 expandedAddress=/ip4/10.1.0.55/tcp/50097 hostname=10.1.0.55 resolvedAddresses="[/ip4/10.1.0.55/tcp/50097]"
[2026-10-06 11:52:11.652] [out] [delivery_module] DBG 2026-10-06 11:52:11.652+02:00 Store query failed, trying next peer       topics="waku store client" tid=16835091 peerId=16U*NSkuby error="BAD_REQUEST: time range exceeds 24h"
[2026-10-06 11:52:11.930] [out] [delivery_module] DBG 2026-10-06 11:52:11.930+02:00 Store query failed, trying next peer       topics="waku store client" tid=16835091 peerId=16U*P1S397 error="BAD_REQUEST: time range exceeds 24h"
[2026-10-06 11:52:12.190] [out] [delivery_module] DBG 2026-10-06 11:52:12.190+02:00 Store query failed, trying next peer       topics="waku store client" tid=16835091 peerId=16U*TwqBiH error="BAD_REQUEST: time range exceeds 24h"
[2026-10-06 11:52:12.233] [out] [delivery_module] DBG 2026-10-06 11:52:12.233+02:00 Store query failed, trying next peer       topics="waku store client" tid=16835091 peerId=16U*VpJprH error="BAD_REQUEST: time range exceeds 24h"
[2026-10-06 11:52:12.635] [out] [delivery_module] DBG 2026-10-06 11:52:12.635+02:00 Store query failed, trying next peer       topics="waku store client" tid=16835091 peerId=16U*T3UNSE error="BAD_REQUEST: time range exceeds 24h"
[2026-10-06 11:52:12.635] [out] [delivery_module] DBG 2026-10-06 11:52:12.635+02:00 Store catch-up query failed, the topic retries next pass topics="recv backfill" tid=16835091 pubsubTopic=/waku/2/rs/3/7 contentTopic=/lp0026forum/1/general/text error="BAD_REQUEST: time range exceeds 24h"
[2026-10-06 11:52:14.877] [out] [delivery_module] DBG 2026-10-06 11:52:14.877+02:00 calculateConnectionState                   tid=16835091 relayCount=6 storeClientCount=6 lightpushCount=6 filterCount=6
[2026-10-06 11:52:19.146] [out] [delivery_module] DBG 2026-10-06 11:52:19.146+02:00 dialMe answer is not reachable             topics="libp2p autonatservice" tid=16835091 description="Peer could not dial us back: Dial timeout" peerId=16Uiu2HAm8YokiNun9BkeA1ZRmhLbtNUvcwRr64F69tYj9fkGyuEP
[2026-10-06 11:52:19.146] [out] [delivery_module] DBG 2026-10-06 11:52:19.146+02:00 Current status                             topics="libp2p autonatservice" tid=16835091 currentStats=Unknown confidence=none() answers=[NotReachable]
[2026-10-06 11:52:21.149] [out] [delivery_module] WRN 2026-10-06 11:52:21.149+02:00 NAT port mapping failed                    topics="libp2p natservice" tid=16835091 port=61928 proto=mpTcp err="plum: mapping 0 failed"
[2026-10-06 11:52:23.152] [out] [delivery_module] WRN 2026-10-06 11:52:23.152+02:00 NAT port mapping failed                    topics="libp2p natservice" tid=16835091 port=54520 proto=mpUdp err="plum: mapping 0 failed"
[2026-10-06 11:52:33.715] [out] [delivery_module] DBG 2026-10-06 11:52:33.714+02:00 Maintaining subscriptions                  topics="waku filter" tid=16835091
[2026-10-06 11:52:33.715] [out] [delivery_module] DBG 2026-10-06 11:52:33.715+02:00 Cleanup                                    topics="waku filter subscriptions" tid=16835091 currentPeerIds=[]
[2026-10-06 11:52:33.715] [out] [delivery_module] DBG 2026-10-06 11:52:33.715+02:00 After cleanup                              topics="waku filter subscriptions" tid=16835091 currentPeerIds=[]
[2026-10-06 11:52:33.734] [out] [delivery_module] DBG 2026-10-06 11:52:33.733+02:00 Routing table below minimum, re-seeding    topics="kad-dht" tid=16835091 peers=6 minimum=10
[2026-10-06 11:52:33.736] [out] [delivery_module] DBG 2026-10-06 11:52:33.735+02:00 Lookup query                               topics="kad-dht find" tid=16835091 peer=16U*kGyuEP
[2026-10-06 11:52:33.736] [out] [delivery_module] DBG 2026-10-06 11:52:33.736+02:00 Lookup query                               topics="kad-dht find" tid=16835091 peer=16U*P1S397
[2026-10-06 11:52:33.736] [out] [delivery_module] DBG 2026-10-06 11:52:33.736+02:00 Lookup query                               topics="kad-dht find" tid=16835091 peer=16U*T3UNSE
[2026-10-06 11:52:33.736] [out] [delivery_module] DBG 2026-10-06 11:52:33.736+02:00 Lookup query                               topics="kad-dht find" tid=16835091 peer=16U*VpJprH
[2026-10-06 11:52:33.736] [out] [delivery_module] DBG 2026-10-06 11:52:33.736+02:00 Lookup query                               topics="kad-dht find" tid=16835091 peer=16U*TwqBiH
[2026-10-06 11:52:33.737] [out] [delivery_module] DBG 2026-10-06 11:52:33.737+02:00 Lookup query                               topics="kad-dht find" tid=16835091 peer=16U*NSkuby
[2026-10-06 11:52:33.766] [out] [delivery_module] DBG 2026-10-06 11:52:33.766+02:00 Lookup query                               topics="kad-dht find" tid=16835091 peer=16U*k3v1b3
[2026-10-06 11:52:33.766] [out] [delivery_module] DBG 2026-10-06 11:52:33.766+02:00 Lookup query                               topics="kad-dht find" tid=16835091 peer=16U*7ZEp3L
[2026-10-06 11:52:33.766] [out] [delivery_module] DBG 2026-10-06 11:52:33.766+02:00 Lookup query                               topics="kad-dht find" tid=16835091 peer=16U*bAYDN8
[2026-10-06 11:52:33.954] [out] [delivery_module] DBG 2026-10-06 11:52:33.954+02:00 Dialing failed                             topics="libp2p dialer" tid=16835091 description="Timeout exceeded!" peerId=16U*k3v1b3 address=/ip4/10.16.8.125/tcp/49352 hostname=10.16.8.125
[2026-10-06 11:52:33.954] [out] [delivery_module] DBG 2026-10-06 11:52:33.954+02:00 Error dialing                              topics="libp2p dialer" tid=16835091 conn=nil peerId=16U*k3v1b3 protos="[/logos/service-discovery/1.0.0]" addrs="[/ip4/10.16.8.125/udp/55890/quic-v1, /ip4/10.16.8.125/tcp/49352]" description="Unable to establish outgoing link in establishConnection: peer_id=16U*k3v1b3 addrs=@[/ip4/10.16.8.125/udp/55890/quic-v1, /ip4/10.16.8.125/tcp/49352]"
[2026-10-06 11:52:33.954] [out] [delivery_module] DBG 2026-10-06 11:52:33.954+02:00 Dialing peer                               topics="libp2p dialer" tid=16835091 peerId=16U*k3v1b3 addrs="[/ip4/10.16.8.125/udp/55890/quic-v1, /ip4/10.16.8.125/tcp/49352]"
[2026-10-06 11:52:33.955] [out] [delivery_module] DBG 2026-10-06 11:52:33.954+02:00 Expanded address and hostname              topics="libp2p dialer" tid=16835091 expandedAddress=/ip4/10.16.8.125/udp/55890/quic-v1 hostname=10.16.8.125 resolvedAddresses="[/ip4/10.16.8.125/udp/55890/quic-v1]"
[2026-10-06 11:52:33.955] [out] [delivery_module] DBG 2026-10-06 11:52:33.955+02:00 New connection established: client         tid=16835091
[2026-10-06 11:52:33.956] [out] [delivery_module] DBG 2026-10-06 11:52:33.956+02:00 Dialing failed                             topics="libp2p dialer" tid=16835091 description="Timeout exceeded!" peerId=16U*7ZEp3L address=/ip4/192.168.1.3/tcp/49737 hostname=192.168.1.3
[2026-10-06 11:52:33.956] [out] [delivery_module] DBG 2026-10-06 11:52:33.956+02:00 Dialing failed                             topics="libp2p dialer" tid=16835091 description="Timeout exceeded!" peerId=16U*bAYDN8 address=/ip4/10.1.0.55/tcp/50097 hostname=10.1.0.55
[2026-10-06 11:52:33.956] [out] [delivery_module] DBG 2026-10-06 11:52:33.956+02:00 Error dialing                              topics="libp2p dialer" tid=16835091 conn=nil peerId=16U*7ZEp3L protos="[/logos/service-discovery/1.0.0]" addrs="[/ip4/192.168.1.3/udp/56395/quic-v1, /ip4/192.168.1.3/tcp/49737]" description="Unable to establish outgoing link in establishConnection: peer_id=16U*7ZEp3L addrs=@[/ip4/192.168.1.3/udp/56395/quic-v1, /ip4/192.168.1.3/tcp/49737]"
[2026-10-06 11:52:33.956] [out] [delivery_module] DBG 2026-10-06 11:52:33.956+02:00 Dialing peer                               topics="libp2p dialer" tid=16835091 peerId=16U*7ZEp3L addrs="[/ip4/192.168.1.3/udp/56395/quic-v1, /ip4/192.168.1.3/tcp/49737]"
[2026-10-06 11:52:33.956] [out] [delivery_module] DBG 2026-10-06 11:52:33.956+02:00 Expanded address and hostname              topics="libp2p dialer" tid=16835091 expandedAddress=/ip4/192.168.1.3/udp/56395/quic-v1 hostname=192.168.1.3 resolvedAddresses="[/ip4/192.168.1.3/udp/56395/quic-v1]"
[2026-10-06 11:52:33.957] [out] [delivery_module] DBG 2026-10-06 11:52:33.957+02:00 New connection established: client         tid=16835091
[2026-10-06 11:52:33.957] [out] [delivery_module] DBG 2026-10-06 11:52:33.957+02:00 Error dialing                              topics="libp2p dialer" tid=16835091 conn=nil peerId=16U*bAYDN8 protos="[/logos/service-discovery/1.0.0]" addrs="[/ip4/10.1.0.55/udp/56247/quic-v1, /ip4/10.1.0.55/tcp/50097]" description="Unable to establish outgoing link in establishConnection: peer_id=16U*bAYDN8 addrs=@[/ip4/10.1.0.55/udp/56247/quic-v1, /ip4/10.1.0.55/tcp/50097]"
[2026-10-06 11:52:33.957] [out] [delivery_module] DBG 2026-10-06 11:52:33.957+02:00 Dialing peer                               topics="libp2p dialer" tid=16835091 peerId=16U*bAYDN8 addrs="[/ip4/10.1.0.55/udp/56247/quic-v1, /ip4/10.1.0.55/tcp/50097]"
[2026-10-06 11:52:33.957] [out] [delivery_module] DBG 2026-10-06 11:52:33.957+02:00 Expanded address and hostname              topics="libp2p dialer" tid=16835091 expandedAddress=/ip4/10.1.0.55/udp/56247/quic-v1 hostname=10.1.0.55 resolvedAddresses="[/ip4/10.1.0.55/udp/56247/quic-v1]"
[2026-10-06 11:52:33.957] [out] [delivery_module] DBG 2026-10-06 11:52:33.957+02:00 New connection established: client         tid=16835091
[2026-10-06 11:52:36.958] [out] [delivery_module] DBG 2026-10-06 11:52:36.958+02:00 Dialing failed                             topics="libp2p dialer" tid=16835091 description="quic dial timed out after 3s" peerId=16U*k3v1b3 address=/ip4/10.16.8.125/udp/55890/quic-v1 hostname=10.16.8.125
[2026-10-06 11:52:36.958] [out] [delivery_module] DBG 2026-10-06 11:52:36.958+02:00 Dialing failed                             topics="libp2p dialer" tid=16835091 description="quic dial timed out after 3s" peerId=16U*7ZEp3L address=/ip4/192.168.1.3/udp/56395/quic-v1 hostname=192.168.1.3
[2026-10-06 11:52:36.958] [out] [delivery_module] DBG 2026-10-06 11:52:36.958+02:00 Dialing failed                             topics="libp2p dialer" tid=16835091 description="quic dial timed out after 3s" peerId=16U*bAYDN8 address=/ip4/10.1.0.55/udp/56247/quic-v1 hostname=10.1.0.55
[2026-10-06 11:52:36.958] [out] [delivery_module] DBG 2026-10-06 11:52:36.958+02:00 Expanded address and hostname              topics="libp2p dialer" tid=16835091 expandedAddress=/ip4/10.16.8.125/tcp/49352 hostname=10.16.8.125 resolvedAddresses="[/ip4/10.16.8.125/tcp/49352]"
[2026-10-06 11:52:36.959] [out] [delivery_module] DBG 2026-10-06 11:52:36.959+02:00 Expanded address and hostname              topics="libp2p dialer" tid=16835091 expandedAddress=/ip4/192.168.1.3/tcp/49737 hostname=192.168.1.3 resolvedAddresses="[/ip4/192.168.1.3/tcp/49737]"
[2026-10-06 11:52:36.960] [out] [delivery_module] DBG 2026-10-06 11:52:36.960+02:00 Expanded address and hostname              topics="libp2p dialer" tid=16835091 expandedAddress=/ip4/10.1.0.55/tcp/50097 hostname=10.1.0.55 resolvedAddresses="[/ip4/10.1.0.55/tcp/50097]"
[2026-10-06 11:52:38.214] [out] [delivery_module] DBG 2026-10-06 11:52:38.214+02:00 dialMe answer is not reachable             topics="libp2p autonatservice" tid=16835091 description="Peer could not dial us back: Dial timeout" peerId=16Uiu2HAmMK7PYygBtKUQ8EHp7EfaD3bCEsJrkFooK8RQ2PVpJprH
[2026-10-06 11:52:38.214] [out] [delivery_module] DBG 2026-10-06 11:52:38.214+02:00 Current status                             topics="libp2p autonatservice" tid=16835091 currentStats=Unknown confidence=none() answers=[NotReachable, NotReachable]
[2026-10-06 11:52:38.770] [out] [delivery_module] DBG 2026-10-06 11:52:38.770+02:00 Lookup query                               topics="kad-dht find" tid=16835091 peer=16U*k3v1b3
[2026-10-06 11:52:38.771] [out] [delivery_module] DBG 2026-10-06 11:52:38.771+02:00 Lookup query                               topics="kad-dht find" tid=16835091 peer=16U*7ZEp3L
[2026-10-06 11:52:38.771] [out] [delivery_module] DBG 2026-10-06 11:52:38.771+02:00 Lookup query                               topics="kad-dht find" tid=16835091 peer=16U*bAYDN8
[2026-10-06 11:52:38.772] [out] [delivery_module] DBG 2026-10-06 11:52:38.771+02:00 Kad lookup: RPC error                      topics="kad-dht find" tid=16835091 peer=16U*k3v1b3 msg="waitStage: timed out waiting for the peer's stream"
[2026-10-06 11:52:38.772] [out] [delivery_module] DBG 2026-10-06 11:52:38.771+02:00 Kad lookup: RPC error                      topics="kad-dht find" tid=16835091 peer=16U*7ZEp3L msg="waitStage: timed out waiting for the peer's stream"
[2026-10-06 11:52:38.772] [out] [delivery_module] DBG 2026-10-06 11:52:38.771+02:00 Kad lookup: RPC error                      topics="kad-dht find" tid=16835091 peer=16U*bAYDN8 msg="waitStage: timed out waiting for the peer's stream"
[2026-10-06 11:52:38.773] [out] [delivery_module] DBG 2026-10-06 11:52:38.773+02:00 Lookup query                               topics="kad-dht find" tid=16835091 peer=16U*TwqBiH
[2026-10-06 11:52:38.774] [out] [delivery_module] DBG 2026-10-06 11:52:38.774+02:00 Lookup query                               topics="kad-dht find" tid=16835091 peer=16U*NSkuby
[2026-10-06 11:52:38.774] [out] [delivery_module] DBG 2026-10-06 11:52:38.774+02:00 Lookup query                               topics="kad-dht find" tid=16835091 peer=16U*kGyuEP
[2026-10-06 11:52:38.774] [out] [delivery_module] DBG 2026-10-06 11:52:38.774+02:00 Lookup query                               topics="kad-dht find" tid=16835091 peer=16U*VpJprH
[2026-10-06 11:52:38.774] [out] [delivery_module] DBG 2026-10-06 11:52:38.774+02:00 Lookup query                               topics="kad-dht find" tid=16835091 peer=16U*T3UNSE
[2026-10-06 11:52:38.774] [out] [delivery_module] DBG 2026-10-06 11:52:38.774+02:00 Lookup query                               topics="kad-dht find" tid=16835091 peer=16U*P1S397
[2026-10-06 11:52:38.775] [out] [delivery_module] DBG 2026-10-06 11:52:38.775+02:00 Lookup query                               topics="kad-dht find" tid=16835091 peer=16U*VpJprH
[2026-10-06 11:52:38.775] [out] [delivery_module] DBG 2026-10-06 11:52:38.775+02:00 Lookup query                               topics="kad-dht find" tid=16835091 peer=16U*T3UNSE
[2026-10-06 11:52:38.775] [out] [delivery_module] DBG 2026-10-06 11:52:38.775+02:00 Lookup query                               topics="kad-dht find" tid=16835091 peer=16U*P1S397
[2026-10-06 11:52:38.775] [out] [delivery_module] DBG 2026-10-06 11:52:38.775+02:00 Lookup query                               topics="kad-dht find" tid=16835091 peer=16U*kGyuEP
[2026-10-06 11:52:38.775] [out] [delivery_module] DBG 2026-10-06 11:52:38.775+02:00 Lookup query                               topics="kad-dht find" tid=16835091 peer=16U*NSkuby
[2026-10-06 11:52:38.775] [out] [delivery_module] DBG 2026-10-06 11:52:38.775+02:00 Lookup query                               topics="kad-dht find" tid=16835091 peer=16U*TwqBiH
[2026-10-06 11:52:38.775] [out] [delivery_module] DBG 2026-10-06 11:52:38.775+02:00 Lookup query                               topics="kad-dht find" tid=16835091 peer=16U*kGyuEP
[2026-10-06 11:52:38.775] [out] [delivery_module] DBG 2026-10-06 11:52:38.775+02:00 Lookup query                               topics="kad-dht find" tid=16835091 peer=16U*P1S397
[2026-10-06 11:52:38.776] [out] [delivery_module] DBG 2026-10-06 11:52:38.776+02:00 Lookup query                               topics="kad-dht find" tid=16835091 peer=16U*T3UNSE
[2026-10-06 11:52:38.776] [out] [delivery_module] DBG 2026-10-06 11:52:38.776+02:00 Lookup query                               topics="kad-dht find" tid=16835091 peer=16U*VpJprH
[2026-10-06 11:52:38.776] [out] [delivery_module] DBG 2026-10-06 11:52:38.776+02:00 Lookup query                               topics="kad-dht find" tid=16835091 peer=16U*TwqBiH
[2026-10-06 11:52:38.776] [out] [delivery_module] DBG 2026-10-06 11:52:38.776+02:00 Lookup query                               topics="kad-dht find" tid=16835091 peer=16U*NSkuby
[2026-10-06 11:52:40.218] [out] [delivery_module] WRN 2026-10-06 11:52:40.218+02:00 NAT port mapping failed                    topics="libp2p natservice" tid=16835091 port=61928 proto=mpTcp err="plum: mapping 0 failed"
[2026-10-06 11:52:42.221] [out] [delivery_module] WRN 2026-10-06 11:52:42.221+02:00 NAT port mapping failed                    topics="libp2p natservice" tid=16835091 port=54520 proto=mpUdp err="plum: mapping 0 failed"
[2026-10-06 11:52:43.049] [out] [delivery_module] DBG 2026-10-06 11:52:43.049+02:00 Store query failed, trying next peer       topics="waku store client" tid=16835091 peerId=16U*T3UNSE error="BAD_REQUEST: time range exceeds 24h"
[2026-10-06 11:52:43.102] [out] [delivery_module] DBG 2026-10-06 11:52:43.102+02:00 Store query failed, trying next peer       topics="waku store client" tid=16835091 peerId=16U*NSkuby error="BAD_REQUEST: time range exceeds 24h"
[2026-10-06 11:52:43.393] [out] [delivery_module] DBG 2026-10-06 11:52:43.393+02:00 Store query failed, trying next peer       topics="waku store client" tid=16835091 peerId=16U*P1S397 error="BAD_REQUEST: time range exceeds 24h"
[2026-10-06 11:52:43.671] [out] [delivery_module] DBG 2026-10-06 11:52:43.670+02:00 Store query failed, trying next peer       topics="waku store client" tid=16835091 peerId=16U*TwqBiH error="BAD_REQUEST: time range exceeds 24h"
[2026-10-06 11:52:44.098] [out] [delivery_module] DBG 2026-10-06 11:52:44.097+02:00 Store query failed, trying next peer       topics="waku store client" tid=16835091 peerId=16U*kGyuEP error="BAD_REQUEST: time range exceeds 24h"
[2026-10-06 11:52:44.098] [out] [delivery_module] DBG 2026-10-06 11:52:44.098+02:00 Store catch-up query failed, the topic retries next pass topics="recv backfill" tid=16835091 pubsubTopic=/waku/2/rs/3/7 contentTopic=/lp0026forum/1/general/text error="BAD_REQUEST: time range exceeds 24h"
[2026-10-06 11:52:44.927] [out] [delivery_module] DBG 2026-10-06 11:52:44.927+02:00 getting adverts                            topics="service-disco discoverer" tid=16835091 serviceId=key:913B5C5DBE691438693215140388EC0C7DE80DE328BDE5BD7FC06F90568CEA40 registrar=16U*NSkuby
[2026-10-06 11:52:44.928] [out] [delivery_module] DBG 2026-10-06 11:52:44.928+02:00 getting adverts                            topics="service-disco discoverer" tid=16835091 serviceId=key:913B5C5DBE691438693215140388EC0C7DE80DE328BDE5BD7FC06F90568CEA40 registrar=16U*TwqBiH
[2026-10-06 11:52:44.928] [out] [delivery_module] DBG 2026-10-06 11:52:44.928+02:00 getting adverts                            topics="service-disco discoverer" tid=16835091 serviceId=key:913B5C5DBE691438693215140388EC0C7DE80DE328BDE5BD7FC06F90568CEA40 registrar=16U*1GZ4mj
[2026-10-06 11:52:44.928] [out] [delivery_module] DBG 2026-10-06 11:52:44.928+02:00 Cannot insert self in routing table        topics="kad-dht rtable" tid=16835091 nodeId=key:002508021221033FD8FF84FDA48C2D615E9073E6738018FA9C10299E050B369BBA5D471D7E15BE
[2026-10-06 11:52:44.928] [out] [delivery_module] DBG 2026-10-06 11:52:44.928+02:00 adverts found                              topics="service-disco discoverer" tid=16835091 serviceId=key:913B5C5DBE691438693215140388EC0C7DE80DE328BDE5BD7FC06F90568CEA40 remote=16U*1GZ4mj count=0
[2026-10-06 11:52:44.929] [out] [delivery_module] DBG 2026-10-06 11:52:44.929+02:00 getting adverts                            topics="service-disco discoverer" tid=16835091 serviceId=key:E6738033B5D413D13CF58622CEB4EF8F392E8D4EB073B56A5486CB0431B2F5D8 registrar=16U*TwqBiH
[2026-10-06 11:52:44.929] [out] [delivery_module] DBG 2026-10-06 11:52:44.929+02:00 getting adverts                            topics="service-disco discoverer" tid=16835091 serviceId=key:E6738033B5D413D13CF58622CEB4EF8F392E8D4EB073B56A5486CB0431B2F5D8 registrar=16U*NSkuby
[2026-10-06 11:52:44.929] [out] [delivery_module] DBG 2026-10-06 11:52:44.929+02:00 getting adverts                            topics="service-disco discoverer" tid=16835091 serviceId=key:E6738033B5D413D13CF58622CEB4EF8F392E8D4EB073B56A5486CB0431B2F5D8 registrar=16U*1GZ4mj
[2026-10-06 11:52:44.929] [out] [delivery_module] DBG 2026-10-06 11:52:44.929+02:00 Cannot insert self in routing table        topics="kad-dht rtable" tid=16835091 nodeId=key:002508021221033FD8FF84FDA48C2D615E9073E6738018FA9C10299E050B369BBA5D471D7E15BE
[2026-10-06 11:52:44.929] [out] [delivery_module] DBG 2026-10-06 11:52:44.929+02:00 adverts found                              topics="service-disco discoverer" tid=16835091 serviceId=key:E6738033B5D413D13CF58622CEB4EF8F392E8D4EB073B56A5486CB0431B2F5D8 remote=16U*1GZ4mj count=1
[2026-10-06 11:52:44.974] [out] [delivery_module] DBG 2026-10-06 11:52:44.974+02:00 adverts found                              topics="service-disco discoverer" tid=16835091 serviceId=key:913B5C5DBE691438693215140388EC0C7DE80DE328BDE5BD7FC06F90568CEA40 remote=16U*NSkuby count=4
[2026-10-06 11:52:44.980] [out] [delivery_module] DBG 2026-10-06 11:52:44.980+02:00 adverts found                              topics="service-disco discoverer" tid=16835091 serviceId=key:E6738033B5D413D13CF58622CEB4EF8F392E8D4EB073B56A5486CB0431B2F5D8 remote=16U*NSkuby count=4
